ISO-10303-21;
HEADER;
/* Generated by software containing ST-Developer
 * from STEP Tools, Inc. (www.steptools.com) 
 */

FILE_DESCRIPTION(
/* description */ (''),
/* implementation_level */ '2;1');

FILE_NAME(
/* name */ 'Thrust Cell Interface.step',
/* time_stamp */ '2025-05-01T08:31:33+01:00',
/* author */ (''),
/* organization */ (''),
/* preprocessor_version */ 'ST-DEVELOPER v20.1',
/* originating_system */ 'Autodesk Translation Framework v14.4.0.0',
/* authorisation */ '');

FILE_SCHEMA (('AUTOMOTIVE_DESIGN { 1 0 10303 214 3 1 1 }'));
ENDSEC;

DATA;
#10=MECHANICAL_DESIGN_GEOMETRIC_PRESENTATION_REPRESENTATION('',(#13),#2762);
#11=SHAPE_REPRESENTATION_RELATIONSHIP('SRR','None',#2769,#12);
#12=ADVANCED_BREP_SHAPE_REPRESENTATION('',(#14),#2761);
#13=STYLED_ITEM('',(#2778),#14);
#14=MANIFOLD_SOLID_BREP('Body1',#1257);
#15=CONICAL_SURFACE('',#1399,5.95000000000154,0.174672199008268);
#16=(
BOUNDED_SURFACE()
B_SPLINE_SURFACE(5,1,((#2608,#2609),(#2610,#2611),(#2612,#2613),(#2614,
#2615),(#2616,#2617),(#2618,#2619),(#2620,#2621),(#2622,#2623),(#2624,#2625),
(#2626,#2627),(#2628,#2629),(#2630,#2631),(#2632,#2633),(#2634,#2635),(#2636,
#2637)),.UNSPECIFIED.,.F.,.F.,.F.)
B_SPLINE_SURFACE_WITH_KNOTS((6,1,1,1,1,1,1,1,1,1,6),(2,2),(0.,0.1,0.2,0.3,
0.4,0.5,0.6,0.7,0.8,0.9,1.),(0.,0.81),.UNSPECIFIED.)
GEOMETRIC_REPRESENTATION_ITEM()
RATIONAL_B_SPLINE_SURFACE(((1.,1.),(1.,1.),(1.,1.),(1.,1.),(1.,1.),(1.,
1.),(1.,1.),(1.,1.),(1.,1.),(1.,1.),(1.,1.),(1.,1.),(1.,1.),(1.,1.),(1.,
1.)))
REPRESENTATION_ITEM('')
SURFACE()
);
#17=(
BOUNDED_SURFACE()
B_SPLINE_SURFACE(5,1,((#2639,#2640),(#2641,#2642),(#2643,#2644),(#2645,
#2646),(#2647,#2648),(#2649,#2650),(#2651,#2652),(#2653,#2654),(#2655,#2656),
(#2657,#2658),(#2659,#2660),(#2661,#2662),(#2663,#2664),(#2665,#2666),(#2667,
#2668)),.UNSPECIFIED.,.F.,.F.,.F.)
B_SPLINE_SURFACE_WITH_KNOTS((6,1,1,1,1,1,1,1,1,1,6),(2,2),(-1.,-0.9,-0.8,
-0.7,-0.6,-0.5,-0.4,-0.3,-0.2,-0.1,0.),(0.,0.81),.UNSPECIFIED.)
GEOMETRIC_REPRESENTATION_ITEM()
RATIONAL_B_SPLINE_SURFACE(((1.,1.),(1.,1.),(1.,1.),(1.,1.),(1.,1.),(1.,
1.),(1.,1.),(1.,1.),(1.,1.),(1.,1.),(1.,1.),(1.,1.),(1.,1.),(1.,1.),(1.,
1.)))
REPRESENTATION_ITEM('')
SURFACE()
);
#18=(
BOUNDED_SURFACE()
B_SPLINE_SURFACE(2,2,((#2693,#2694,#2695,#2696,#2697),(#2698,#2699,#2700,
#2701,#2702),(#2703,#2704,#2705,#2706,#2707),(#2708,#2709,#2710,#2711,#2712),
(#2713,#2714,#2715,#2716,#2717),(#2718,#2719,#2720,#2721,#2722),(#2723,
#2724,#2725,#2726,#2727)),.UNSPECIFIED.,.F.,.F.,.F.)
B_SPLINE_SURFACE_WITH_KNOTS((3,2,2,3),(3,2,3),(-1.57099215712525,-0.523664052375083,
0.523664052375083,1.57099215712525),(-1.57079632679487,2.79776202205539E-14,
1.57079632679492),.UNSPECIFIED.)
GEOMETRIC_REPRESENTATION_ITEM()
RATIONAL_B_SPLINE_SURFACE(((1.,0.707106781186548,1.,0.707106781186548,1.),
(0.865992763550979,0.612349355565375,0.865992763550979,0.612349355565375,
0.865992763550979),(1.,0.707106781186548,1.,0.707106781186548,1.),(0.865992763550979,
0.612349355565376,0.865992763550979,0.612349355565376,0.865992763550979),
(1.,0.707106781186548,1.,0.707106781186548,1.),(0.865992763550979,0.612349355565375,
0.865992763550979,0.612349355565375,0.865992763550979),(1.,0.707106781186548,
1.,0.707106781186548,1.)))
REPRESENTATION_ITEM('')
SURFACE()
);
#19=FACE_BOUND('',#238,.T.);
#20=FACE_BOUND('',#239,.T.);
#21=FACE_BOUND('',#260,.T.);
#22=FACE_BOUND('',#266,.T.);
#23=FACE_BOUND('',#274,.T.);
#24=FACE_BOUND('',#278,.T.);
#25=(
BOUNDED_CURVE()
B_SPLINE_CURVE(5,(#2382,#2383,#2384,#2385,#2386,#2387,#2388,#2389),
 .UNSPECIFIED.,.F.,.F.)
B_SPLINE_CURVE_WITH_KNOTS((6,1,1,6),(0.722549106256919,0.8,0.9,1.),
 .UNSPECIFIED.)
CURVE()
GEOMETRIC_REPRESENTATION_ITEM()
RATIONAL_B_SPLINE_CURVE((1.,1.,1.,1.,1.,1.,1.,1.))
REPRESENTATION_ITEM('')
);
#26=(
BOUNDED_CURVE()
B_SPLINE_CURVE(5,(#2391,#2392,#2393,#2394,#2395,#2396,#2397,#2398),
 .UNSPECIFIED.,.F.,.F.)
B_SPLINE_CURVE_WITH_KNOTS((6,1,1,6),(-1.,-0.9,-0.8,-0.722549106256915),
 .UNSPECIFIED.)
CURVE()
GEOMETRIC_REPRESENTATION_ITEM()
RATIONAL_B_SPLINE_CURVE((1.,1.,1.,1.,1.,1.,1.,1.))
REPRESENTATION_ITEM('')
);
#27=ELLIPSE('',#1310,37.0240162297069,13.);
#28=ELLIPSE('',#1311,40.0222160528075,20.);
#29=ELLIPSE('',#1313,76.8960337078536,27.0000000000003);
#30=ELLIPSE('',#1314,74.7261667690733,20.0000000000003);
#31=ELLIPSE('',#1320,62.3944108073762,27.0000000000003);
#32=ELLIPSE('',#1321,59.6997696812945,20.0000000000003);
#33=ELLIPSE('',#1322,59.6997696812945,20.0000000000003);
#34=ELLIPSE('',#1324,7.57199243557759,7.49999999999997);
#35=ELLIPSE('',#1328,74.7261667690733,20.0000000000003);
#36=ELLIPSE('',#1329,59.6997696812945,20.0000000000003);
#37=ELLIPSE('',#1330,59.6997696812945,20.0000000000003);
#38=ELLIPSE('',#1336,62.3944108073762,27.0000000000003);
#39=ELLIPSE('',#1343,76.8960337078536,27.0000000000003);
#40=ELLIPSE('',#1344,37.024016229707,13.);
#41=ELLIPSE('',#1345,40.0222160528075,20.);
#42=ELLIPSE('',#1347,7.57199243557759,7.49999999999997);
#43=B_SPLINE_SURFACE_WITH_KNOTS('',3,3,((#1894,#1895,#1896,#1897),(#1898,
#1899,#1900,#1901),(#1902,#1903,#1904,#1905),(#1906,#1907,#1908,#1909),
(#1910,#1911,#1912,#1913)),.UNSPECIFIED.,.F.,.F.,.F.,(4,1,4),(4,4),(0.,
0.5,1.),(0.425120878154367,0.787675762637043),.UNSPECIFIED.);
#44=B_SPLINE_SURFACE_WITH_KNOTS('',3,3,((#1927,#1928,#1929,#1930),(#1931,
#1932,#1933,#1934),(#1935,#1936,#1937,#1938),(#1939,#1940,#1941,#1942),
(#1943,#1944,#1945,#1946)),.UNSPECIFIED.,.F.,.F.,.F.,(4,1,4),(4,4),(0.,
0.5,1.),(0.623631928064703,0.787675762637045),.UNSPECIFIED.);
#45=B_SPLINE_SURFACE_WITH_KNOTS('',3,3,((#1952,#1953,#1954,#1955,#1956),
(#1957,#1958,#1959,#1960,#1961),(#1962,#1963,#1964,#1965,#1966),(#1967,
#1968,#1969,#1970,#1971)),.UNSPECIFIED.,.F.,.F.,.F.,(4,4),(4,1,4),(0.,1.),
(8.06573751334318E-15,0.363902436109914,0.636829263192343),
 .UNSPECIFIED.);
#46=B_SPLINE_SURFACE_WITH_KNOTS('',3,3,((#1991,#1992,#1993,#1994,#1995),
(#1996,#1997,#1998,#1999,#2000),(#2001,#2002,#2003,#2004,#2005),(#2006,
#2007,#2008,#2009,#2010)),.UNSPECIFIED.,.F.,.F.,.F.,(4,4),(4,1,4),(0.,1.),
(1.62447015907659E-16,0.345958084011697,0.807235529360627),
 .UNSPECIFIED.);
#47=B_SPLINE_SURFACE_WITH_KNOTS('',3,3,((#2024,#2025,#2026,#2027),(#2028,
#2029,#2030,#2031),(#2032,#2033,#2034,#2035),(#2036,#2037,#2038,#2039),
(#2040,#2041,#2042,#2043)),.UNSPECIFIED.,.F.,.F.,.F.,(4,1,4),(4,4),(0.,
0.571428571428571,1.),(-0.839702391586681,-0.660235450391456),
 .UNSPECIFIED.);
#48=B_SPLINE_SURFACE_WITH_KNOTS('',3,3,((#2049,#2050,#2051,#2052),(#2053,
#2054,#2055,#2056),(#2057,#2058,#2059,#2060),(#2061,#2062,#2063,#2064),
(#2065,#2066,#2067,#2068)),.UNSPECIFIED.,.F.,.F.,.F.,(4,1,4),(4,4),(0.,
0.571428571428571,1.),(0.83970239158668,0.885502496526174),
 .UNSPECIFIED.);
#49=B_SPLINE_SURFACE_WITH_KNOTS('',3,3,((#2077,#2078,#2079,#2080),(#2081,
#2082,#2083,#2084),(#2085,#2086,#2087,#2088),(#2089,#2090,#2091,#2092),
(#2093,#2094,#2095,#2096)),.UNSPECIFIED.,.F.,.F.,.F.,(4,1,4),(4,4),(0.126796292608554,
0.563398146304277,1.),(-0.885502496526176,-0.159530571288228),
 .UNSPECIFIED.);
#50=B_SPLINE_SURFACE_WITH_KNOTS('',3,3,((#2146,#2147,#2148,#2149),(#2150,
#2151,#2152,#2153),(#2154,#2155,#2156,#2157),(#2158,#2159,#2160,#2161),
(#2162,#2163,#2164,#2165)),.UNSPECIFIED.,.F.,.F.,.F.,(4,1,4),(4,4),(0.,
0.571428571428571,1.),(0.660235450391458,0.839702391586681),
 .UNSPECIFIED.);
#51=B_SPLINE_SURFACE_WITH_KNOTS('',3,3,((#2171,#2172,#2173,#2174,#2175),
(#2176,#2177,#2178,#2179,#2180),(#2181,#2182,#2183,#2184,#2185),(#2186,
#2187,#2188,#2189,#2190)),.UNSPECIFIED.,.F.,.F.,.F.,(4,4),(4,1,4),(0.,1.),
(0.,0.345948908673073,0.80721412023717),.UNSPECIFIED.);
#52=B_SPLINE_SURFACE_WITH_KNOTS('',3,3,((#2202,#2203,#2204,#2205,#2206),
(#2207,#2208,#2209,#2210,#2211),(#2212,#2213,#2214,#2215,#2216),(#2217,
#2218,#2219,#2220,#2221)),.UNSPECIFIED.,.F.,.F.,.F.,(4,4),(4,1,4),(0.,1.),
(6.97150670526006E-16,0.272927039902558,0.636829759772634),
 .UNSPECIFIED.);
#53=B_SPLINE_SURFACE_WITH_KNOTS('',3,3,((#2229,#2230,#2231,#2232),(#2233,
#2234,#2235,#2236),(#2237,#2238,#2239,#2240),(#2241,#2242,#2243,#2244),
(#2245,#2246,#2247,#2248)),.UNSPECIFIED.,.F.,.F.,.F.,(4,1,4),(4,4),(0.,
0.5,1.),(-0.787675762637044,-0.623631928064705),.UNSPECIFIED.);
#54=B_SPLINE_SURFACE_WITH_KNOTS('',3,3,((#2252,#2253,#2254,#2255),(#2256,
#2257,#2258,#2259),(#2260,#2261,#2262,#2263),(#2264,#2265,#2266,#2267),
(#2268,#2269,#2270,#2271)),.UNSPECIFIED.,.F.,.F.,.F.,(4,1,4),(4,4),(0.,
0.5,1.),(-0.787675762637043,-0.425120878154366),.UNSPECIFIED.);
#55=B_SPLINE_SURFACE_WITH_KNOTS('',3,3,((#2282,#2283,#2284,#2285),(#2286,
#2287,#2288,#2289),(#2290,#2291,#2292,#2293),(#2294,#2295,#2296,#2297),
(#2298,#2299,#2300,#2301)),.UNSPECIFIED.,.F.,.F.,.F.,(4,1,4),(4,4),(0.,
0.571428571428571,1.),(-0.885502496526172,-0.83970239158668),
 .UNSPECIFIED.);
#56=B_SPLINE_SURFACE_WITH_KNOTS('',3,3,((#2308,#2309,#2310,#2311),(#2312,
#2313,#2314,#2315),(#2316,#2317,#2318,#2319),(#2320,#2321,#2322,#2323),
(#2324,#2325,#2326,#2327)),.UNSPECIFIED.,.F.,.F.,.F.,(4,1,4),(4,4),(0.126796292608548,
0.563398146304274,1.),(-6.12365473589136,-5.39768281065341),
 .UNSPECIFIED.);
#57=B_SPLINE_SURFACE_WITH_KNOTS('',3,3,((#2489,#2490,#2491,#2492,#2493,
#2494,#2495,#2496),(#2497,#2498,#2499,#2500,#2501,#2502,#2503,#2504),(#2505,
#2506,#2507,#2508,#2509,#2510,#2511,#2512),(#2513,#2514,#2515,#2516,#2517,
#2518,#2519,#2520),(#2521,#2522,#2523,#2524,#2525,#2526,#2527,#2528)),
 .UNSPECIFIED.,.F.,.F.,.F.,(4,1,4),(4,1,1,1,1,4),(0.,0.571428571428571,
1.),(-2.16909150870702,-1.60031736201148,-1.03154321531594,0.106005078075148,
1.24355337146623,1.81232751816177),.UNSPECIFIED.);
#58=B_SPLINE_SURFACE_WITH_KNOTS('',3,3,((#2550,#2551,#2552,#2553,#2554,
#2555,#2556,#2557),(#2558,#2559,#2560,#2561,#2562,#2563,#2564,#2565),(#2566,
#2567,#2568,#2569,#2570,#2571,#2572,#2573),(#2574,#2575,#2576,#2577,#2578,
#2579,#2580,#2581),(#2582,#2583,#2584,#2585,#2586,#2587,#2588,#2589)),
 .UNSPECIFIED.,.F.,.F.,.F.,(4,1,4),(4,1,1,1,1,4),(0.,0.571428571428571,
1.),(0.,1.13754829339306,1.70632244008959,2.84387073348265,3.41264488017919,
3.98141902687572),.UNSPECIFIED.);
#59=B_SPLINE_CURVE_WITH_KNOTS('',3,(#1811,#1812,#1813,#1814,#1815,#1816,
#1817,#1818,#1819,#1820,#1821,#1822,#1823,#1824,#1825,#1826,#1827,#1828),
 .UNSPECIFIED.,.F.,.F.,(4,2,2,2,2,2,2,2,4),(1.20674246362826,1.36508138065426,
1.52342029768026,1.68044698189309,1.83747366610592,1.98892595168055,2.14037823725518,
2.284878991141,2.42937974502681),.UNSPECIFIED.);
#60=B_SPLINE_CURVE_WITH_KNOTS('',3,(#1836,#1837,#1838,#1839,#1840,#1841,
#1842,#1843),.UNSPECIFIED.,.F.,.F.,(4,2,2,4),(0.83677772346903,0.842850209877651,
0.960980517158901,0.984355632306126),.UNSPECIFIED.);
#61=B_SPLINE_CURVE_WITH_KNOTS('',3,(#1850,#1851,#1852,#1853,#1854,#1855,
#1856,#1857,#1858,#1859,#1860,#1861,#1862,#1863,#1864,#1865,#1866,#1867),
 .UNSPECIFIED.,.F.,.F.,(4,2,2,2,2,2,2,2,4),(2.42937974502682,2.57388049891264,
2.71838125279845,2.86983353837308,3.02128582394771,3.17831250816054,3.33533919237338,
3.49367810939937,3.65201702642537),.UNSPECIFIED.);
#62=B_SPLINE_CURVE_WITH_KNOTS('',3,(#1875,#1876,#1877,#1878,#1879,#1880),
 .UNSPECIFIED.,.F.,.F.,(4,2,4),(0.689196038815256,0.726505547485153,0.836777723469233),
 .UNSPECIFIED.);
#63=B_SPLINE_CURVE_WITH_KNOTS('',3,(#1920,#1921,#1922,#1923,#1924,#1925),
 .UNSPECIFIED.,.F.,.F.,(4,2,4),(0.,0.450922405244991,0.731927112431922),
 .UNSPECIFIED.);
#64=B_SPLINE_CURVE_WITH_KNOTS('',3,(#1975,#1976,#1977,#1978,#1979),
 .UNSPECIFIED.,.F.,.F.,(4,1,4),(-0.636829263192343,-0.363902436109914,-8.06573751334318E-15),
 .UNSPECIFIED.);
#65=B_SPLINE_CURVE_WITH_KNOTS('',3,(#1980,#1981,#1982,#1983,#1984),
 .UNSPECIFIED.,.F.,.F.,(4,1,4),(8.06573751334318E-15,0.363902436109914,
0.636829263192343),.UNSPECIFIED.);
#66=B_SPLINE_CURVE_WITH_KNOTS('',3,(#2014,#2015,#2016,#2017,#2018),
 .UNSPECIFIED.,.F.,.F.,(4,1,4),(-0.807235529360627,-0.345958084011697,-1.62447015907659E-16),
 .UNSPECIFIED.);
#67=B_SPLINE_CURVE_WITH_KNOTS('',3,(#2019,#2020,#2021,#2022,#2023),
 .UNSPECIFIED.,.F.,.F.,(4,1,4),(1.62447015907659E-16,0.345958084011697,
0.807235529360627),.UNSPECIFIED.);
#68=B_SPLINE_CURVE_WITH_KNOTS('',3,(#2070,#2071,#2072,#2073),
 .UNSPECIFIED.,.F.,.F.,(4,4),(2.42351451599715,2.61550041397116),
 .UNSPECIFIED.);
#69=B_SPLINE_CURVE_WITH_KNOTS('',3,(#2098,#2099,#2100,#2101,#2102,#2103,
#2104,#2105),.UNSPECIFIED.,.F.,.F.,(4,2,2,4),(0.,0.128321410769201,0.29273586772321,
0.360179452524641),.UNSPECIFIED.);
#70=B_SPLINE_CURVE_WITH_KNOTS('',3,(#2119,#2120,#2121,#2122,#2123),
 .UNSPECIFIED.,.F.,.F.,(4,1,4),(6.97150670526006E-16,0.272927039902558,
0.636829759772634),.UNSPECIFIED.);
#71=B_SPLINE_CURVE_WITH_KNOTS('',3,(#2127,#2128,#2129,#2130,#2131),
 .UNSPECIFIED.,.F.,.F.,(4,1,4),(0.,0.345948908673073,0.80721412023717),
 .UNSPECIFIED.);
#72=B_SPLINE_CURVE_WITH_KNOTS('',3,(#2193,#2194,#2195,#2196,#2197),
 .UNSPECIFIED.,.F.,.F.,(4,1,4),(-0.80721412023717,-0.345948908673073,0.),
 .UNSPECIFIED.);
#73=B_SPLINE_CURVE_WITH_KNOTS('',3,(#2224,#2225,#2226,#2227,#2228),
 .UNSPECIFIED.,.F.,.F.,(4,1,4),(-0.636829759772634,-0.272927039902558,-6.97150670526006E-16),
 .UNSPECIFIED.);
#74=B_SPLINE_CURVE_WITH_KNOTS('',3,(#2274,#2275,#2276,#2277,#2278,#2279),
 .UNSPECIFIED.,.F.,.F.,(4,2,4),(0.,0.272960498388433,0.739156660927363),
 .UNSPECIFIED.);
#75=B_SPLINE_CURVE_WITH_KNOTS('',3,(#2303,#2304,#2305,#2306),
 .UNSPECIFIED.,.F.,.F.,(4,4),(0.,0.243168864326729),.UNSPECIFIED.);
#76=B_SPLINE_CURVE_WITH_KNOTS('',3,(#2329,#2330,#2331,#2332,#2333,#2334,
#2335,#2336),.UNSPECIFIED.,.F.,.F.,(4,2,2,4),(2.08401863128759,2.10996769355687,
2.19787379621977,2.36152593771289),.UNSPECIFIED.);
#77=B_SPLINE_CURVE_WITH_KNOTS('',3,(#2366,#2367,#2368,#2369,#2370,#2371),
 .UNSPECIFIED.,.F.,.F.,(4,2,4),(-0.638079906104897,-0.447484841171411,0.),
 .UNSPECIFIED.);
#78=B_SPLINE_CURVE_WITH_KNOTS('',3,(#2375,#2376,#2377,#2378,#2379,#2380),
 .UNSPECIFIED.,.F.,.F.,(4,2,4),(0.,0.437968349637321,0.630507636125019),
 .UNSPECIFIED.);
#79=B_SPLINE_CURVE_WITH_KNOTS('',3,(#2400,#2401,#2402,#2403,#2404,#2405),
 .UNSPECIFIED.,.F.,.F.,(4,2,4),(2.50319345820794,2.85062564722796,3.50489641620241),
 .UNSPECIFIED.);
#80=B_SPLINE_CURVE_WITH_KNOTS('',3,(#2409,#2410,#2411,#2412,#2413,#2414),
 .UNSPECIFIED.,.F.,.F.,(4,2,4),(0.,0.447484841171411,0.638079906104897),
 .UNSPECIFIED.);
#81=B_SPLINE_CURVE_WITH_KNOTS('',3,(#2449,#2450,#2451,#2452,#2453,#2454,
#2455,#2456,#2457,#2458),.UNSPECIFIED.,.F.,.F.,(4,2,2,2,4),(-0.901212634794711,
-0.899649685510638,-0.632617656494716,-0.345267488610493,-0.00417814532315497),
 .UNSPECIFIED.);
#82=B_SPLINE_CURVE_WITH_KNOTS('',3,(#2461,#2462,#2463,#2464),
 .UNSPECIFIED.,.F.,.F.,(4,4),(0.828384750922161,0.83105847355765),
 .UNSPECIFIED.);
#83=B_SPLINE_CURVE_WITH_KNOTS('',3,(#2471,#2472,#2473,#2474,#2475,#2476,
#2477,#2478,#2479,#2480),.UNSPECIFIED.,.F.,.F.,(4,2,2,2,4),(-0.993467068297505,
-0.615050766946838,-0.296254563369706,0.,0.00173398968155132),
 .UNSPECIFIED.);
#84=B_SPLINE_CURVE_WITH_KNOTS('',3,(#2485,#2486,#2487,#2488),
 .UNSPECIFIED.,.F.,.F.,(4,4),(1.28341484565986,1.28926572205105),
 .UNSPECIFIED.);
#85=B_SPLINE_CURVE_WITH_KNOTS('',3,(#2530,#2531,#2532,#2533,#2534,#2535),
 .UNSPECIFIED.,.F.,.F.,(4,1,1,4),(-0.00030878399311008,0.106005078075148,
1.24355337146623,1.81232751816177),.UNSPECIFIED.);
#86=B_SPLINE_CURVE_WITH_KNOTS('',3,(#2539,#2540,#2541,#2542,#2543,#2544),
 .UNSPECIFIED.,.F.,.F.,(4,1,1,4),(-1.81232751816177,-1.24355337146623,-0.106005078075148,
0.450666975861727),.UNSPECIFIED.);
#87=B_SPLINE_CURVE_WITH_KNOTS('',3,(#2545,#2546,#2547,#2548,#2549),
 .UNSPECIFIED.,.F.,.F.,(4,1,4),(-1.37903278783787,-1.03154321531594,-0.450666975861744),
 .UNSPECIFIED.);
#88=B_SPLINE_CURVE_WITH_KNOTS('',3,(#2591,#2592,#2593,#2594,#2595,#2596),
 .UNSPECIFIED.,.F.,.F.,(4,1,1,4),(-2.2632753580615,-1.70632244008959,-1.13754829339306,
0.),.UNSPECIFIED.);
#89=B_SPLINE_CURVE_WITH_KNOTS('',3,(#2597,#2598,#2599,#2600,#2601,#2602),
 .UNSPECIFIED.,.F.,.F.,(4,1,1,4),(0.,1.13754829339306,1.70632244008959,
1.81161727845524),.UNSPECIFIED.);
#90=B_SPLINE_CURVE_WITH_KNOTS('',3,(#2603,#2604,#2605,#2606,#2607),
 .UNSPECIFIED.,.F.,.F.,(4,1,4),(2.26327535806151,2.84387073348265,3.19131982876),
 .UNSPECIFIED.);
#91=TOROIDAL_SURFACE('',#1288,28.,8.);
#92=TOROIDAL_SURFACE('',#1292,28.,8.);
#93=TOROIDAL_SURFACE('',#1295,28.,8.);
#94=TOROIDAL_SURFACE('',#1299,28.,8.);
#95=TOROIDAL_SURFACE('',#1302,12.0000000000003,8.);
#96=TOROIDAL_SURFACE('',#1365,21.2171200421775,7.5);
#97=TOROIDAL_SURFACE('',#1371,21.2171200421775,7.5);
#98=PLANE('',#1274);
#99=PLANE('',#1276);
#100=PLANE('',#1281);
#101=PLANE('',#1283);
#102=PLANE('',#1286);
#103=PLANE('',#1348);
#104=PLANE('',#1352);
#105=PLANE('',#1353);
#106=PLANE('',#1359);
#107=PLANE('',#1361);
#108=PLANE('',#1362);
#109=PLANE('',#1368);
#110=PLANE('',#1375);
#111=PLANE('',#1377);
#112=PLANE('',#1378);
#113=PLANE('',#1379);
#114=PLANE('',#1380);
#115=PLANE('',#1381);
#116=PLANE('',#1384);
#117=PLANE('',#1385);
#118=PLANE('',#1389);
#119=PLANE('',#1391);
#120=PLANE('',#1394);
#121=PLANE('',#1395);
#122=PLANE('',#1401);
#123=PLANE('',#1404);
#124=PLANE('',#1405);
#125=FACE_OUTER_BOUND('',#199,.T.);
#126=FACE_OUTER_BOUND('',#200,.T.);
#127=FACE_OUTER_BOUND('',#201,.T.);
#128=FACE_OUTER_BOUND('',#202,.T.);
#129=FACE_OUTER_BOUND('',#203,.T.);
#130=FACE_OUTER_BOUND('',#204,.T.);
#131=FACE_OUTER_BOUND('',#205,.T.);
#132=FACE_OUTER_BOUND('',#206,.T.);
#133=FACE_OUTER_BOUND('',#207,.T.);
#134=FACE_OUTER_BOUND('',#208,.T.);
#135=FACE_OUTER_BOUND('',#209,.T.);
#136=FACE_OUTER_BOUND('',#210,.T.);
#137=FACE_OUTER_BOUND('',#211,.T.);
#138=FACE_OUTER_BOUND('',#212,.T.);
#139=FACE_OUTER_BOUND('',#213,.T.);
#140=FACE_OUTER_BOUND('',#214,.T.);
#141=FACE_OUTER_BOUND('',#215,.T.);
#142=FACE_OUTER_BOUND('',#216,.T.);
#143=FACE_OUTER_BOUND('',#217,.T.);
#144=FACE_OUTER_BOUND('',#218,.T.);
#145=FACE_OUTER_BOUND('',#219,.T.);
#146=FACE_OUTER_BOUND('',#220,.T.);
#147=FACE_OUTER_BOUND('',#221,.T.);
#148=FACE_OUTER_BOUND('',#222,.T.);
#149=FACE_OUTER_BOUND('',#223,.T.);
#150=FACE_OUTER_BOUND('',#224,.T.);
#151=FACE_OUTER_BOUND('',#225,.T.);
#152=FACE_OUTER_BOUND('',#226,.T.);
#153=FACE_OUTER_BOUND('',#227,.T.);
#154=FACE_OUTER_BOUND('',#228,.T.);
#155=FACE_OUTER_BOUND('',#229,.T.);
#156=FACE_OUTER_BOUND('',#230,.T.);
#157=FACE_OUTER_BOUND('',#231,.T.);
#158=FACE_OUTER_BOUND('',#232,.T.);
#159=FACE_OUTER_BOUND('',#233,.T.);
#160=FACE_OUTER_BOUND('',#234,.T.);
#161=FACE_OUTER_BOUND('',#235,.T.);
#162=FACE_OUTER_BOUND('',#236,.T.);
#163=FACE_OUTER_BOUND('',#237,.T.);
#164=FACE_OUTER_BOUND('',#240,.T.);
#165=FACE_OUTER_BOUND('',#241,.T.);
#166=FACE_OUTER_BOUND('',#242,.T.);
#167=FACE_OUTER_BOUND('',#243,.T.);
#168=FACE_OUTER_BOUND('',#244,.T.);
#169=FACE_OUTER_BOUND('',#245,.T.);
#170=FACE_OUTER_BOUND('',#246,.T.);
#171=FACE_OUTER_BOUND('',#247,.T.);
#172=FACE_OUTER_BOUND('',#248,.T.);
#173=FACE_OUTER_BOUND('',#249,.T.);
#174=FACE_OUTER_BOUND('',#250,.T.);
#175=FACE_OUTER_BOUND('',#251,.T.);
#176=FACE_OUTER_BOUND('',#252,.T.);
#177=FACE_OUTER_BOUND('',#253,.T.);
#178=FACE_OUTER_BOUND('',#254,.T.);
#179=FACE_OUTER_BOUND('',#255,.T.);
#180=FACE_OUTER_BOUND('',#256,.T.);
#181=FACE_OUTER_BOUND('',#257,.T.);
#182=FACE_OUTER_BOUND('',#258,.T.);
#183=FACE_OUTER_BOUND('',#259,.T.);
#184=FACE_OUTER_BOUND('',#261,.T.);
#185=FACE_OUTER_BOUND('',#262,.T.);
#186=FACE_OUTER_BOUND('',#263,.T.);
#187=FACE_OUTER_BOUND('',#264,.T.);
#188=FACE_OUTER_BOUND('',#265,.T.);
#189=FACE_OUTER_BOUND('',#267,.T.);
#190=FACE_OUTER_BOUND('',#268,.T.);
#191=FACE_OUTER_BOUND('',#269,.T.);
#192=FACE_OUTER_BOUND('',#270,.T.);
#193=FACE_OUTER_BOUND('',#271,.T.);
#194=FACE_OUTER_BOUND('',#272,.T.);
#195=FACE_OUTER_BOUND('',#273,.T.);
#196=FACE_OUTER_BOUND('',#275,.T.);
#197=FACE_OUTER_BOUND('',#276,.T.);
#198=FACE_OUTER_BOUND('',#277,.T.);
#199=EDGE_LOOP('',(#791,#792,#793,#794));
#200=EDGE_LOOP('',(#795,#796,#797,#798,#799));
#201=EDGE_LOOP('',(#800,#801,#802,#803,#804));
#202=EDGE_LOOP('',(#805,#806,#807,#808));
#203=EDGE_LOOP('',(#809,#810,#811,#812,#813));
#204=EDGE_LOOP('',(#814,#815,#816,#817,#818));
#205=EDGE_LOOP('',(#819,#820,#821,#822));
#206=EDGE_LOOP('',(#823,#824,#825,#826,#827,#828,#829,#830));
#207=EDGE_LOOP('',(#831,#832,#833,#834));
#208=EDGE_LOOP('',(#835,#836,#837,#838));
#209=EDGE_LOOP('',(#839,#840,#841,#842));
#210=EDGE_LOOP('',(#843,#844,#845,#846));
#211=EDGE_LOOP('',(#847,#848,#849,#850));
#212=EDGE_LOOP('',(#851,#852,#853,#854,#855));
#213=EDGE_LOOP('',(#856,#857,#858,#859,#860,#861,#862,#863));
#214=EDGE_LOOP('',(#864,#865,#866,#867));
#215=EDGE_LOOP('',(#868,#869,#870,#871));
#216=EDGE_LOOP('',(#872,#873,#874,#875));
#217=EDGE_LOOP('',(#876,#877,#878,#879));
#218=EDGE_LOOP('',(#880,#881,#882,#883));
#219=EDGE_LOOP('',(#884,#885,#886,#887));
#220=EDGE_LOOP('',(#888,#889,#890,#891));
#221=EDGE_LOOP('',(#892,#893,#894));
#222=EDGE_LOOP('',(#895,#896,#897,#898));
#223=EDGE_LOOP('',(#899,#900,#901,#902,#903,#904,#905,#906,#907,#908,#909,
#910,#911,#912,#913,#914,#915,#916,#917,#918));
#224=EDGE_LOOP('',(#919,#920,#921,#922,#923));
#225=EDGE_LOOP('',(#924,#925,#926,#927));
#226=EDGE_LOOP('',(#928,#929,#930,#931));
#227=EDGE_LOOP('',(#932,#933,#934,#935));
#228=EDGE_LOOP('',(#936,#937,#938,#939));
#229=EDGE_LOOP('',(#940,#941,#942,#943));
#230=EDGE_LOOP('',(#944,#945,#946,#947));
#231=EDGE_LOOP('',(#948,#949,#950,#951));
#232=EDGE_LOOP('',(#952,#953,#954));
#233=EDGE_LOOP('',(#955,#956,#957,#958));
#234=EDGE_LOOP('',(#959,#960,#961,#962,#963));
#235=EDGE_LOOP('',(#964,#965,#966,#967));
#236=EDGE_LOOP('',(#968,#969,#970));
#237=EDGE_LOOP('',(#971,#972,#973,#974,#975,#976,#977,#978,#979,#980,#981,
#982,#983,#984,#985,#986,#987,#988,#989,#990,#991,#992,#993,#994,#995,#996,
#997,#998,#999,#1000,#1001,#1002,#1003));
#238=EDGE_LOOP('',(#1004,#1005,#1006,#1007));
#239=EDGE_LOOP('',(#1008,#1009,#1010,#1011,#1012,#1013,#1014,#1015));
#240=EDGE_LOOP('',(#1016,#1017,#1018,#1019));
#241=EDGE_LOOP('',(#1020,#1021,#1022,#1023));
#242=EDGE_LOOP('',(#1024,#1025,#1026));
#243=EDGE_LOOP('',(#1027,#1028,#1029,#1030));
#244=EDGE_LOOP('',(#1031,#1032,#1033,#1034));
#245=EDGE_LOOP('',(#1035,#1036,#1037,#1038,#1039));
#246=EDGE_LOOP('',(#1040,#1041,#1042,#1043,#1044));
#247=EDGE_LOOP('',(#1045,#1046,#1047));
#248=EDGE_LOOP('',(#1048,#1049,#1050,#1051));
#249=EDGE_LOOP('',(#1052,#1053,#1054,#1055,#1056));
#250=EDGE_LOOP('',(#1057,#1058,#1059));
#251=EDGE_LOOP('',(#1060,#1061,#1062,#1063,#1064,#1065,#1066));
#252=EDGE_LOOP('',(#1067,#1068,#1069,#1070,#1071,#1072,#1073));
#253=EDGE_LOOP('',(#1074,#1075,#1076));
#254=EDGE_LOOP('',(#1077,#1078,#1079));
#255=EDGE_LOOP('',(#1080,#1081,#1082,#1083));
#256=EDGE_LOOP('',(#1084,#1085,#1086,#1087));
#257=EDGE_LOOP('',(#1088,#1089,#1090,#1091));
#258=EDGE_LOOP('',(#1092,#1093,#1094,#1095));
#259=EDGE_LOOP('',(#1096,#1097));
#260=EDGE_LOOP('',(#1098));
#261=EDGE_LOOP('',(#1099,#1100,#1101,#1102));
#262=EDGE_LOOP('',(#1103,#1104,#1105,#1106,#1107));
#263=EDGE_LOOP('',(#1108,#1109,#1110,#1111,#1112,#1113,#1114,#1115,#1116));
#264=EDGE_LOOP('',(#1117,#1118,#1119,#1120));
#265=EDGE_LOOP('',(#1121,#1122,#1123,#1124));
#266=EDGE_LOOP('',(#1125,#1126));
#267=EDGE_LOOP('',(#1127,#1128,#1129,#1130));
#268=EDGE_LOOP('',(#1131,#1132,#1133,#1134));
#269=EDGE_LOOP('',(#1135,#1136,#1137,#1138));
#270=EDGE_LOOP('',(#1139,#1140,#1141,#1142));
#271=EDGE_LOOP('',(#1143,#1144,#1145,#1146));
#272=EDGE_LOOP('',(#1147,#1148,#1149,#1150));
#273=EDGE_LOOP('',(#1151));
#274=EDGE_LOOP('',(#1152));
#275=EDGE_LOOP('',(#1153,#1154,#1155,#1156));
#276=EDGE_LOOP('',(#1157,#1158,#1159,#1160));
#277=EDGE_LOOP('',(#1161));
#278=EDGE_LOOP('',(#1162));
#279=LINE('',#1756,#351);
#280=LINE('',#1759,#352);
#281=LINE('',#1762,#353);
#282=LINE('',#1766,#354);
#283=LINE('',#1767,#355);
#284=LINE('',#1770,#356);
#285=LINE('',#1772,#357);
#286=LINE('',#1775,#358);
#287=LINE('',#1781,#359);
#288=LINE('',#1784,#360);
#289=LINE('',#1787,#361);
#290=LINE('',#1791,#362);
#291=LINE('',#1792,#363);
#292=LINE('',#1795,#364);
#293=LINE('',#1797,#365);
#294=LINE('',#1800,#366);
#295=LINE('',#1802,#367);
#296=LINE('',#1803,#368);
#297=LINE('',#1805,#369);
#298=LINE('',#1807,#370);
#299=LINE('',#1891,#371);
#300=LINE('',#1989,#372);
#301=LINE('',#1990,#373);
#302=LINE('',#2109,#374);
#303=LINE('',#2112,#375);
#304=LINE('',#2115,#376);
#305=LINE('',#2125,#377);
#306=LINE('',#2137,#378);
#307=LINE('',#2143,#379);
#308=LINE('',#2145,#380);
#309=LINE('',#2201,#381);
#310=LINE('',#2340,#382);
#311=LINE('',#2341,#383);
#312=LINE('',#2343,#384);
#313=LINE('',#2346,#385);
#314=LINE('',#2349,#386);
#315=LINE('',#2351,#387);
#316=LINE('',#2353,#388);
#317=LINE('',#2355,#389);
#318=LINE('',#2359,#390);
#319=LINE('',#2362,#391);
#320=LINE('',#2364,#392);
#321=LINE('',#2373,#393);
#322=LINE('',#2407,#394);
#323=LINE('',#2416,#395);
#324=LINE('',#2417,#396);
#325=LINE('',#2419,#397);
#326=LINE('',#2423,#398);
#327=LINE('',#2425,#399);
#328=LINE('',#2427,#400);
#329=LINE('',#2428,#401);
#330=LINE('',#2429,#402);
#331=LINE('',#2430,#403);
#332=LINE('',#2432,#404);
#333=LINE('',#2434,#405);
#334=LINE('',#2435,#406);
#335=LINE('',#2438,#407);
#336=LINE('',#2439,#408);
#337=LINE('',#2638,#409);
#338=LINE('',#2674,#410);
#339=LINE('',#2676,#411);
#340=LINE('',#2678,#412);
#341=LINE('',#2679,#413);
#342=LINE('',#2687,#414);
#343=LINE('',#2689,#415);
#344=LINE('',#2690,#416);
#345=LINE('',#2732,#417);
#346=LINE('',#2736,#418);
#347=LINE('',#2737,#419);
#348=LINE('',#2746,#420);
#349=LINE('',#2750,#421);
#350=LINE('',#2756,#422);
#351=VECTOR('',#1412,10.);
#352=VECTOR('',#1415,10.);
#353=VECTOR('',#1418,10.);
#354=VECTOR('',#1421,10.);
#355=VECTOR('',#1422,10.);
#356=VECTOR('',#1425,10.);
#357=VECTOR('',#1426,10.);
#358=VECTOR('',#1429,10.);
#359=VECTOR('',#1434,10.);
#360=VECTOR('',#1437,10.);
#361=VECTOR('',#1440,10.);
#362=VECTOR('',#1443,10.);
#363=VECTOR('',#1444,10.);
#364=VECTOR('',#1447,10.);
#365=VECTOR('',#1448,10.);
#366=VECTOR('',#1451,10.);
#367=VECTOR('',#1454,10.);
#368=VECTOR('',#1455,10.);
#369=VECTOR('',#1458,10.);
#370=VECTOR('',#1461,10.);
#371=VECTOR('',#1500,12.1499999999998);
#372=VECTOR('',#1523,10.);
#373=VECTOR('',#1524,10.);
#374=VECTOR('',#1541,7.5);
#375=VECTOR('',#1544,10.);
#376=VECTOR('',#1547,20.);
#377=VECTOR('',#1550,10.);
#378=VECTOR('',#1555,7.5);
#379=VECTOR('',#1562,20.);
#380=VECTOR('',#1565,10.);
#381=VECTOR('',#1578,10.);
#382=VECTOR('',#1595,10.);
#383=VECTOR('',#1596,10.);
#384=VECTOR('',#1599,10.);
#385=VECTOR('',#1602,10.);
#386=VECTOR('',#1605,10.);
#387=VECTOR('',#1608,10.);
#388=VECTOR('',#1611,10.);
#389=VECTOR('',#1612,10.);
#390=VECTOR('',#1615,10.);
#391=VECTOR('',#1618,10.);
#392=VECTOR('',#1619,10.);
#393=VECTOR('',#1620,10.);
#394=VECTOR('',#1621,10.);
#395=VECTOR('',#1622,10.);
#396=VECTOR('',#1623,10.);
#397=VECTOR('',#1624,10.);
#398=VECTOR('',#1627,10.);
#399=VECTOR('',#1628,10.);
#400=VECTOR('',#1629,10.);
#401=VECTOR('',#1630,10.);
#402=VECTOR('',#1631,10.);
#403=VECTOR('',#1632,10.);
#404=VECTOR('',#1635,10.);
#405=VECTOR('',#1638,10.);
#406=VECTOR('',#1639,10.);
#407=VECTOR('',#1644,10.);
#408=VECTOR('',#1645,10.);
#409=VECTOR('',#1678,10.);
#410=VECTOR('',#1685,10.);
#411=VECTOR('',#1686,10.);
#412=VECTOR('',#1687,10.);
#413=VECTOR('',#1688,10.);
#414=VECTOR('',#1699,10.);
#415=VECTOR('',#1700,10.);
#416=VECTOR('',#1701,10.);
#417=VECTOR('',#1712,10.);
#418=VECTOR('',#1717,10.);
#419=VECTOR('',#1718,10.);
#420=VECTOR('',#1731,6.1000000000017);
#421=VECTOR('',#1736,5.95000000000154);
#422=VECTOR('',#1745,4.50000000000237);
#423=CIRCLE('',#1272,2.5);
#424=CIRCLE('',#1273,2.5);
#425=CIRCLE('',#1275,20.);
#426=CIRCLE('',#1277,20.);
#427=CIRCLE('',#1279,2.5);
#428=CIRCLE('',#1280,2.5);
#429=CIRCLE('',#1282,20.);
#430=CIRCLE('',#1284,20.);
#431=CIRCLE('',#1289,20.);
#432=CIRCLE('',#1290,8.);
#433=CIRCLE('',#1291,28.);
#434=CIRCLE('',#1293,20.);
#435=CIRCLE('',#1294,8.);
#436=CIRCLE('',#1296,28.);
#437=CIRCLE('',#1297,8.00000000000001);
#438=CIRCLE('',#1298,20.);
#439=CIRCLE('',#1300,7.99999999999999);
#440=CIRCLE('',#1301,20.);
#441=CIRCLE('',#1303,12.1499999999998);
#442=CIRCLE('',#1304,12.1499999999998);
#443=CIRCLE('',#1305,20.0000000000003);
#444=CIRCLE('',#1307,12.15);
#445=CIRCLE('',#1308,12.1499999999995);
#446=CIRCLE('',#1309,7.);
#447=CIRCLE('',#1312,6.99999999999998);
#448=CIRCLE('',#1315,7.);
#449=CIRCLE('',#1317,7.);
#450=CIRCLE('',#1318,7.);
#451=CIRCLE('',#1319,7.00000000000003);
#452=CIRCLE('',#1323,7.00000000000014);
#453=CIRCLE('',#1326,7.5);
#454=CIRCLE('',#1331,19.9999999999992);
#455=CIRCLE('',#1332,19.9999999999992);
#456=CIRCLE('',#1333,19.9999999999992);
#457=CIRCLE('',#1335,7.00000000000003);
#458=CIRCLE('',#1337,7.);
#459=CIRCLE('',#1338,7.);
#460=CIRCLE('',#1340,7.);
#461=CIRCLE('',#1341,7.);
#462=CIRCLE('',#1342,6.99999999999988);
#463=CIRCLE('',#1346,7.);
#464=CIRCLE('',#1351,10.);
#465=CIRCLE('',#1354,10.);
#466=CIRCLE('',#1355,10.);
#467=CIRCLE('',#1356,10.);
#468=CIRCLE('',#1363,19.9999999999992);
#469=CIRCLE('',#1364,7.5);
#470=CIRCLE('',#1366,15.4317009233785);
#471=CIRCLE('',#1367,21.2171200421775);
#472=CIRCLE('',#1370,7.5);
#473=CIRCLE('',#1372,21.2171200421775);
#474=CIRCLE('',#1373,15.4317009233785);
#475=CIRCLE('',#1374,7.5);
#476=CIRCLE('',#1376,20.);
#477=CIRCLE('',#1382,12.1);
#478=CIRCLE('',#1383,4.50000000000317);
#479=CIRCLE('',#1386,19.9999999999992);
#480=CIRCLE('',#1388,12.1);
#481=CIRCLE('',#1390,14.0000000000007);
#482=CIRCLE('',#1393,14.0000000000004);
#483=CIRCLE('',#1397,6.10000000000184);
#484=CIRCLE('',#1398,6.10000000000156);
#485=CIRCLE('',#1400,5.80000000000151);
#486=CIRCLE('',#1402,4.50000000000158);
#487=VERTEX_POINT('',#1752);
#488=VERTEX_POINT('',#1753);
#489=VERTEX_POINT('',#1755);
#490=VERTEX_POINT('',#1757);
#491=VERTEX_POINT('',#1761);
#492=VERTEX_POINT('',#1763);
#493=VERTEX_POINT('',#1765);
#494=VERTEX_POINT('',#1769);
#495=VERTEX_POINT('',#1771);
#496=VERTEX_POINT('',#1773);
#497=VERTEX_POINT('',#1777);
#498=VERTEX_POINT('',#1778);
#499=VERTEX_POINT('',#1780);
#500=VERTEX_POINT('',#1782);
#501=VERTEX_POINT('',#1786);
#502=VERTEX_POINT('',#1788);
#503=VERTEX_POINT('',#1790);
#504=VERTEX_POINT('',#1794);
#505=VERTEX_POINT('',#1796);
#506=VERTEX_POINT('',#1798);
#507=VERTEX_POINT('',#1809);
#508=VERTEX_POINT('',#1810);
#509=VERTEX_POINT('',#1829);
#510=VERTEX_POINT('',#1831);
#511=VERTEX_POINT('',#1835);
#512=VERTEX_POINT('',#1844);
#513=VERTEX_POINT('',#1848);
#514=VERTEX_POINT('',#1849);
#515=VERTEX_POINT('',#1868);
#516=VERTEX_POINT('',#1870);
#517=VERTEX_POINT('',#1874);
#518=VERTEX_POINT('',#1881);
#519=VERTEX_POINT('',#1885);
#520=VERTEX_POINT('',#1890);
#521=VERTEX_POINT('',#1914);
#522=VERTEX_POINT('',#1915);
#523=VERTEX_POINT('',#1917);
#524=VERTEX_POINT('',#1919);
#525=VERTEX_POINT('',#1947);
#526=VERTEX_POINT('',#1948);
#527=VERTEX_POINT('',#1972);
#528=VERTEX_POINT('',#1973);
#529=VERTEX_POINT('',#1986);
#530=VERTEX_POINT('',#1987);
#531=VERTEX_POINT('',#2011);
#532=VERTEX_POINT('',#2012);
#533=VERTEX_POINT('',#2044);
#534=VERTEX_POINT('',#2045);
#535=VERTEX_POINT('',#2069);
#536=VERTEX_POINT('',#2074);
#537=VERTEX_POINT('',#2097);
#538=VERTEX_POINT('',#2108);
#539=VERTEX_POINT('',#2110);
#540=VERTEX_POINT('',#2114);
#541=VERTEX_POINT('',#2116);
#542=VERTEX_POINT('',#2118);
#543=VERTEX_POINT('',#2124);
#544=VERTEX_POINT('',#2126);
#545=VERTEX_POINT('',#2132);
#546=VERTEX_POINT('',#2134);
#547=VERTEX_POINT('',#2136);
#548=VERTEX_POINT('',#2138);
#549=VERTEX_POINT('',#2140);
#550=VERTEX_POINT('',#2166);
#551=VERTEX_POINT('',#2168);
#552=VERTEX_POINT('',#2191);
#553=VERTEX_POINT('',#2199);
#554=VERTEX_POINT('',#2222);
#555=VERTEX_POINT('',#2249);
#556=VERTEX_POINT('',#2272);
#557=VERTEX_POINT('',#2273);
#558=VERTEX_POINT('',#2302);
#559=VERTEX_POINT('',#2328);
#560=VERTEX_POINT('',#2339);
#561=VERTEX_POINT('',#2345);
#562=VERTEX_POINT('',#2347);
#563=VERTEX_POINT('',#2354);
#564=VERTEX_POINT('',#2356);
#565=VERTEX_POINT('',#2358);
#566=VERTEX_POINT('',#2360);
#567=VERTEX_POINT('',#2363);
#568=VERTEX_POINT('',#2365);
#569=VERTEX_POINT('',#2372);
#570=VERTEX_POINT('',#2374);
#571=VERTEX_POINT('',#2381);
#572=VERTEX_POINT('',#2390);
#573=VERTEX_POINT('',#2399);
#574=VERTEX_POINT('',#2406);
#575=VERTEX_POINT('',#2408);
#576=VERTEX_POINT('',#2415);
#577=VERTEX_POINT('',#2418);
#578=VERTEX_POINT('',#2421);
#579=VERTEX_POINT('',#2422);
#580=VERTEX_POINT('',#2424);
#581=VERTEX_POINT('',#2426);
#582=VERTEX_POINT('',#2442);
#583=VERTEX_POINT('',#2446);
#584=VERTEX_POINT('',#2448);
#585=VERTEX_POINT('',#2468);
#586=VERTEX_POINT('',#2470);
#587=VERTEX_POINT('',#2481);
#588=VERTEX_POINT('',#2529);
#589=VERTEX_POINT('',#2536);
#590=VERTEX_POINT('',#2538);
#591=VERTEX_POINT('',#2590);
#592=VERTEX_POINT('',#2672);
#593=VERTEX_POINT('',#2673);
#594=VERTEX_POINT('',#2675);
#595=VERTEX_POINT('',#2677);
#596=VERTEX_POINT('',#2683);
#597=VERTEX_POINT('',#2686);
#598=VERTEX_POINT('',#2688);
#599=VERTEX_POINT('',#2731);
#600=VERTEX_POINT('',#2735);
#601=VERTEX_POINT('',#2743);
#602=VERTEX_POINT('',#2745);
#603=VERTEX_POINT('',#2749);
#604=VERTEX_POINT('',#2753);
#605=EDGE_CURVE('',#487,#488,#423,.T.);
#606=EDGE_CURVE('',#489,#487,#279,.T.);
#607=EDGE_CURVE('',#490,#489,#424,.T.);
#608=EDGE_CURVE('',#488,#490,#280,.T.);
#609=EDGE_CURVE('',#490,#491,#281,.T.);
#610=EDGE_CURVE('',#491,#492,#425,.T.);
#611=EDGE_CURVE('',#493,#492,#282,.T.);
#612=EDGE_CURVE('',#488,#493,#283,.T.);
#613=EDGE_CURVE('',#494,#487,#284,.T.);
#614=EDGE_CURVE('',#495,#494,#285,.T.);
#615=EDGE_CURVE('',#495,#496,#426,.T.);
#616=EDGE_CURVE('',#496,#489,#286,.T.);
#617=EDGE_CURVE('',#497,#498,#427,.T.);
#618=EDGE_CURVE('',#499,#497,#287,.T.);
#619=EDGE_CURVE('',#500,#499,#428,.T.);
#620=EDGE_CURVE('',#498,#500,#288,.T.);
#621=EDGE_CURVE('',#500,#501,#289,.T.);
#622=EDGE_CURVE('',#501,#502,#429,.T.);
#623=EDGE_CURVE('',#502,#503,#290,.T.);
#624=EDGE_CURVE('',#498,#503,#291,.T.);
#625=EDGE_CURVE('',#504,#497,#292,.T.);
#626=EDGE_CURVE('',#505,#504,#293,.T.);
#627=EDGE_CURVE('',#505,#506,#430,.T.);
#628=EDGE_CURVE('',#506,#499,#294,.T.);
#629=EDGE_CURVE('',#496,#501,#295,.T.);
#630=EDGE_CURVE('',#502,#495,#296,.T.);
#631=EDGE_CURVE('',#506,#491,#297,.T.);
#632=EDGE_CURVE('',#492,#505,#298,.T.);
#633=EDGE_CURVE('',#507,#508,#59,.T.);
#634=EDGE_CURVE('',#508,#509,#431,.T.);
#635=EDGE_CURVE('',#509,#510,#432,.T.);
#636=EDGE_CURVE('',#510,#507,#433,.T.);
#637=EDGE_CURVE('',#511,#510,#60,.T.);
#638=EDGE_CURVE('',#509,#512,#434,.T.);
#639=EDGE_CURVE('',#512,#511,#435,.T.);
#640=EDGE_CURVE('',#513,#514,#61,.T.);
#641=EDGE_CURVE('',#514,#515,#436,.T.);
#642=EDGE_CURVE('',#515,#516,#437,.T.);
#643=EDGE_CURVE('',#516,#513,#438,.T.);
#644=EDGE_CURVE('',#515,#517,#62,.T.);
#645=EDGE_CURVE('',#517,#518,#439,.T.);
#646=EDGE_CURVE('',#518,#516,#440,.T.);
#647=EDGE_CURVE('',#517,#519,#441,.T.);
#648=EDGE_CURVE('',#519,#511,#442,.T.);
#649=EDGE_CURVE('',#512,#518,#443,.T.);
#650=EDGE_CURVE('',#519,#520,#299,.T.);
#651=EDGE_CURVE('',#520,#520,#444,.T.);
#652=EDGE_CURVE('',#515,#510,#445,.T.);
#653=EDGE_CURVE('',#521,#522,#446,.T.);
#654=EDGE_CURVE('',#522,#523,#27,.T.);
#655=EDGE_CURVE('',#523,#524,#63,.T.);
#656=EDGE_CURVE('',#524,#521,#28,.T.);
#657=EDGE_CURVE('',#525,#526,#447,.T.);
#658=EDGE_CURVE('',#526,#522,#29,.T.);
#659=EDGE_CURVE('',#521,#525,#30,.T.);
#660=EDGE_CURVE('',#527,#528,#448,.T.);
#661=EDGE_CURVE('',#528,#526,#64,.T.);
#662=EDGE_CURVE('',#525,#527,#65,.T.);
#663=EDGE_CURVE('',#529,#530,#449,.T.);
#664=EDGE_CURVE('',#530,#528,#300,.T.);
#665=EDGE_CURVE('',#527,#529,#301,.T.);
#666=EDGE_CURVE('',#531,#532,#450,.T.);
#667=EDGE_CURVE('',#532,#530,#66,.T.);
#668=EDGE_CURVE('',#529,#531,#67,.T.);
#669=EDGE_CURVE('',#533,#534,#451,.T.);
#670=EDGE_CURVE('',#534,#532,#31,.T.);
#671=EDGE_CURVE('',#531,#533,#32,.T.);
#672=EDGE_CURVE('',#534,#535,#68,.F.);
#673=EDGE_CURVE('',#533,#536,#33,.T.);
#674=EDGE_CURVE('',#536,#535,#452,.T.);
#675=EDGE_CURVE('',#535,#537,#69,.F.);
#676=EDGE_CURVE('',#536,#537,#34,.T.);
#677=EDGE_CURVE('',#536,#538,#302,.T.);
#678=EDGE_CURVE('',#539,#538,#453,.T.);
#679=EDGE_CURVE('',#537,#539,#303,.T.);
#680=EDGE_CURVE('',#540,#512,#304,.T.);
#681=EDGE_CURVE('',#541,#540,#35,.T.);
#682=EDGE_CURVE('',#542,#541,#70,.T.);
#683=EDGE_CURVE('',#543,#542,#305,.T.);
#684=EDGE_CURVE('',#544,#543,#71,.T.);
#685=EDGE_CURVE('',#545,#544,#36,.T.);
#686=EDGE_CURVE('',#546,#545,#37,.T.);
#687=EDGE_CURVE('',#547,#546,#306,.T.);
#688=EDGE_CURVE('',#547,#548,#454,.T.);
#689=EDGE_CURVE('',#548,#549,#455,.T.);
#690=EDGE_CURVE('',#549,#538,#456,.T.);
#691=EDGE_CURVE('',#518,#521,#307,.T.);
#692=EDGE_CURVE('',#524,#513,#308,.T.);
#693=EDGE_CURVE('',#544,#550,#457,.T.);
#694=EDGE_CURVE('',#550,#551,#38,.T.);
#695=EDGE_CURVE('',#551,#545,#458,.T.);
#696=EDGE_CURVE('',#543,#552,#459,.T.);
#697=EDGE_CURVE('',#552,#550,#72,.T.);
#698=EDGE_CURVE('',#542,#553,#460,.T.);
#699=EDGE_CURVE('',#553,#552,#309,.T.);
#700=EDGE_CURVE('',#541,#554,#461,.T.);
#701=EDGE_CURVE('',#554,#553,#73,.T.);
#702=EDGE_CURVE('',#540,#555,#462,.T.);
#703=EDGE_CURVE('',#555,#554,#39,.T.);
#704=EDGE_CURVE('',#556,#557,#74,.T.);
#705=EDGE_CURVE('',#557,#555,#40,.T.);
#706=EDGE_CURVE('',#540,#556,#41,.T.);
#707=EDGE_CURVE('',#551,#558,#75,.T.);
#708=EDGE_CURVE('',#558,#546,#463,.T.);
#709=EDGE_CURVE('',#558,#559,#76,.T.);
#710=EDGE_CURVE('',#559,#546,#42,.T.);
#711=EDGE_CURVE('',#560,#557,#310,.T.);
#712=EDGE_CURVE('',#554,#560,#311,.T.);
#713=EDGE_CURVE('',#556,#508,#312,.T.);
#714=EDGE_CURVE('',#552,#561,#313,.T.);
#715=EDGE_CURVE('',#561,#562,#464,.T.);
#716=EDGE_CURVE('',#562,#550,#314,.T.);
#717=EDGE_CURVE('',#551,#562,#315,.T.);
#718=EDGE_CURVE('',#507,#514,#316,.T.);
#719=EDGE_CURVE('',#523,#563,#317,.T.);
#720=EDGE_CURVE('',#564,#563,#465,.T.);
#721=EDGE_CURVE('',#564,#565,#318,.T.);
#722=EDGE_CURVE('',#566,#565,#466,.T.);
#723=EDGE_CURVE('',#566,#534,#319,.T.);
#724=EDGE_CURVE('',#539,#567,#320,.T.);
#725=EDGE_CURVE('',#567,#568,#77,.F.);
#726=EDGE_CURVE('',#568,#569,#321,.T.);
#727=EDGE_CURVE('',#570,#569,#78,.T.);
#728=EDGE_CURVE('',#570,#571,#25,.T.);
#729=EDGE_CURVE('',#571,#572,#26,.T.);
#730=EDGE_CURVE('',#572,#573,#79,.F.);
#731=EDGE_CURVE('',#573,#574,#322,.F.);
#732=EDGE_CURVE('',#574,#575,#80,.F.);
#733=EDGE_CURVE('',#575,#576,#323,.F.);
#734=EDGE_CURVE('',#576,#559,#324,.F.);
#735=EDGE_CURVE('',#561,#577,#325,.T.);
#736=EDGE_CURVE('',#560,#577,#467,.T.);
#737=EDGE_CURVE('',#578,#579,#326,.T.);
#738=EDGE_CURVE('',#579,#580,#327,.T.);
#739=EDGE_CURVE('',#580,#581,#328,.T.);
#740=EDGE_CURVE('',#581,#578,#329,.T.);
#741=EDGE_CURVE('',#493,#504,#330,.T.);
#742=EDGE_CURVE('',#503,#494,#331,.T.);
#743=EDGE_CURVE('',#577,#553,#332,.T.);
#744=EDGE_CURVE('',#532,#566,#333,.T.);
#745=EDGE_CURVE('',#565,#530,#334,.T.);
#746=EDGE_CURVE('',#528,#564,#335,.T.);
#747=EDGE_CURVE('',#563,#526,#336,.T.);
#748=EDGE_CURVE('',#549,#582,#468,.T.);
#749=EDGE_CURVE('',#567,#582,#469,.T.);
#750=EDGE_CURVE('',#582,#583,#470,.T.);
#751=EDGE_CURVE('',#583,#584,#81,.T.);
#752=EDGE_CURVE('',#584,#568,#471,.T.);
#753=EDGE_CURVE('',#584,#569,#82,.F.);
#754=EDGE_CURVE('',#547,#576,#472,.T.);
#755=EDGE_CURVE('',#574,#585,#473,.T.);
#756=EDGE_CURVE('',#585,#586,#83,.T.);
#757=EDGE_CURVE('',#586,#587,#474,.T.);
#758=EDGE_CURVE('',#587,#575,#475,.T.);
#759=EDGE_CURVE('',#585,#573,#84,.T.);
#760=EDGE_CURVE('',#572,#588,#85,.T.);
#761=EDGE_CURVE('',#588,#589,#476,.T.);
#762=EDGE_CURVE('',#589,#590,#86,.T.);
#763=EDGE_CURVE('',#586,#590,#87,.T.);
#764=EDGE_CURVE('',#591,#589,#88,.T.);
#765=EDGE_CURVE('',#588,#570,#89,.T.);
#766=EDGE_CURVE('',#591,#583,#90,.T.);
#767=EDGE_CURVE('',#588,#571,#337,.T.);
#768=EDGE_CURVE('',#592,#593,#338,.T.);
#769=EDGE_CURVE('',#594,#592,#339,.T.);
#770=EDGE_CURVE('',#595,#594,#340,.T.);
#771=EDGE_CURVE('',#593,#595,#341,.T.);
#772=EDGE_CURVE('',#595,#593,#477,.T.);
#773=EDGE_CURVE('',#596,#596,#478,.T.);
#774=EDGE_CURVE('',#597,#579,#342,.T.);
#775=EDGE_CURVE('',#598,#597,#343,.T.);
#776=EDGE_CURVE('',#598,#580,#344,.T.);
#777=EDGE_CURVE('',#587,#548,#479,.T.);
#778=EDGE_CURVE('',#592,#594,#480,.T.);
#779=EDGE_CURVE('',#581,#599,#345,.T.);
#780=EDGE_CURVE('',#599,#598,#481,.T.);
#781=EDGE_CURVE('',#599,#600,#346,.T.);
#782=EDGE_CURVE('',#600,#578,#347,.T.);
#783=EDGE_CURVE('',#600,#597,#482,.T.);
#784=EDGE_CURVE('',#601,#601,#483,.T.);
#785=EDGE_CURVE('',#601,#602,#348,.T.);
#786=EDGE_CURVE('',#602,#602,#484,.T.);
#787=EDGE_CURVE('',#602,#603,#349,.T.);
#788=EDGE_CURVE('',#603,#603,#485,.T.);
#789=EDGE_CURVE('',#604,#604,#486,.T.);
#790=EDGE_CURVE('',#604,#596,#350,.T.);
#791=ORIENTED_EDGE('',*,*,#605,.F.);
#792=ORIENTED_EDGE('',*,*,#606,.F.);
#793=ORIENTED_EDGE('',*,*,#607,.F.);
#794=ORIENTED_EDGE('',*,*,#608,.F.);
#795=ORIENTED_EDGE('',*,*,#608,.T.);
#796=ORIENTED_EDGE('',*,*,#609,.T.);
#797=ORIENTED_EDGE('',*,*,#610,.T.);
#798=ORIENTED_EDGE('',*,*,#611,.F.);
#799=ORIENTED_EDGE('',*,*,#612,.F.);
#800=ORIENTED_EDGE('',*,*,#606,.T.);
#801=ORIENTED_EDGE('',*,*,#613,.F.);
#802=ORIENTED_EDGE('',*,*,#614,.F.);
#803=ORIENTED_EDGE('',*,*,#615,.T.);
#804=ORIENTED_EDGE('',*,*,#616,.T.);
#805=ORIENTED_EDGE('',*,*,#617,.F.);
#806=ORIENTED_EDGE('',*,*,#618,.F.);
#807=ORIENTED_EDGE('',*,*,#619,.F.);
#808=ORIENTED_EDGE('',*,*,#620,.F.);
#809=ORIENTED_EDGE('',*,*,#620,.T.);
#810=ORIENTED_EDGE('',*,*,#621,.T.);
#811=ORIENTED_EDGE('',*,*,#622,.T.);
#812=ORIENTED_EDGE('',*,*,#623,.T.);
#813=ORIENTED_EDGE('',*,*,#624,.F.);
#814=ORIENTED_EDGE('',*,*,#618,.T.);
#815=ORIENTED_EDGE('',*,*,#625,.F.);
#816=ORIENTED_EDGE('',*,*,#626,.F.);
#817=ORIENTED_EDGE('',*,*,#627,.T.);
#818=ORIENTED_EDGE('',*,*,#628,.T.);
#819=ORIENTED_EDGE('',*,*,#629,.F.);
#820=ORIENTED_EDGE('',*,*,#615,.F.);
#821=ORIENTED_EDGE('',*,*,#630,.F.);
#822=ORIENTED_EDGE('',*,*,#622,.F.);
#823=ORIENTED_EDGE('',*,*,#607,.T.);
#824=ORIENTED_EDGE('',*,*,#616,.F.);
#825=ORIENTED_EDGE('',*,*,#629,.T.);
#826=ORIENTED_EDGE('',*,*,#621,.F.);
#827=ORIENTED_EDGE('',*,*,#619,.T.);
#828=ORIENTED_EDGE('',*,*,#628,.F.);
#829=ORIENTED_EDGE('',*,*,#631,.T.);
#830=ORIENTED_EDGE('',*,*,#609,.F.);
#831=ORIENTED_EDGE('',*,*,#632,.F.);
#832=ORIENTED_EDGE('',*,*,#610,.F.);
#833=ORIENTED_EDGE('',*,*,#631,.F.);
#834=ORIENTED_EDGE('',*,*,#627,.F.);
#835=ORIENTED_EDGE('',*,*,#633,.T.);
#836=ORIENTED_EDGE('',*,*,#634,.T.);
#837=ORIENTED_EDGE('',*,*,#635,.T.);
#838=ORIENTED_EDGE('',*,*,#636,.T.);
#839=ORIENTED_EDGE('',*,*,#637,.T.);
#840=ORIENTED_EDGE('',*,*,#635,.F.);
#841=ORIENTED_EDGE('',*,*,#638,.T.);
#842=ORIENTED_EDGE('',*,*,#639,.T.);
#843=ORIENTED_EDGE('',*,*,#640,.T.);
#844=ORIENTED_EDGE('',*,*,#641,.T.);
#845=ORIENTED_EDGE('',*,*,#642,.T.);
#846=ORIENTED_EDGE('',*,*,#643,.T.);
#847=ORIENTED_EDGE('',*,*,#644,.T.);
#848=ORIENTED_EDGE('',*,*,#645,.T.);
#849=ORIENTED_EDGE('',*,*,#646,.T.);
#850=ORIENTED_EDGE('',*,*,#642,.F.);
#851=ORIENTED_EDGE('',*,*,#647,.T.);
#852=ORIENTED_EDGE('',*,*,#648,.T.);
#853=ORIENTED_EDGE('',*,*,#639,.F.);
#854=ORIENTED_EDGE('',*,*,#649,.T.);
#855=ORIENTED_EDGE('',*,*,#645,.F.);
#856=ORIENTED_EDGE('',*,*,#637,.F.);
#857=ORIENTED_EDGE('',*,*,#648,.F.);
#858=ORIENTED_EDGE('',*,*,#650,.T.);
#859=ORIENTED_EDGE('',*,*,#651,.F.);
#860=ORIENTED_EDGE('',*,*,#650,.F.);
#861=ORIENTED_EDGE('',*,*,#647,.F.);
#862=ORIENTED_EDGE('',*,*,#644,.F.);
#863=ORIENTED_EDGE('',*,*,#652,.T.);
#864=ORIENTED_EDGE('',*,*,#653,.T.);
#865=ORIENTED_EDGE('',*,*,#654,.T.);
#866=ORIENTED_EDGE('',*,*,#655,.T.);
#867=ORIENTED_EDGE('',*,*,#656,.T.);
#868=ORIENTED_EDGE('',*,*,#657,.T.);
#869=ORIENTED_EDGE('',*,*,#658,.T.);
#870=ORIENTED_EDGE('',*,*,#653,.F.);
#871=ORIENTED_EDGE('',*,*,#659,.T.);
#872=ORIENTED_EDGE('',*,*,#660,.T.);
#873=ORIENTED_EDGE('',*,*,#661,.T.);
#874=ORIENTED_EDGE('',*,*,#657,.F.);
#875=ORIENTED_EDGE('',*,*,#662,.T.);
#876=ORIENTED_EDGE('',*,*,#663,.T.);
#877=ORIENTED_EDGE('',*,*,#664,.T.);
#878=ORIENTED_EDGE('',*,*,#660,.F.);
#879=ORIENTED_EDGE('',*,*,#665,.T.);
#880=ORIENTED_EDGE('',*,*,#666,.T.);
#881=ORIENTED_EDGE('',*,*,#667,.T.);
#882=ORIENTED_EDGE('',*,*,#663,.F.);
#883=ORIENTED_EDGE('',*,*,#668,.T.);
#884=ORIENTED_EDGE('',*,*,#669,.T.);
#885=ORIENTED_EDGE('',*,*,#670,.T.);
#886=ORIENTED_EDGE('',*,*,#666,.F.);
#887=ORIENTED_EDGE('',*,*,#671,.T.);
#888=ORIENTED_EDGE('',*,*,#672,.F.);
#889=ORIENTED_EDGE('',*,*,#669,.F.);
#890=ORIENTED_EDGE('',*,*,#673,.T.);
#891=ORIENTED_EDGE('',*,*,#674,.T.);
#892=ORIENTED_EDGE('',*,*,#675,.F.);
#893=ORIENTED_EDGE('',*,*,#674,.F.);
#894=ORIENTED_EDGE('',*,*,#676,.T.);
#895=ORIENTED_EDGE('',*,*,#676,.F.);
#896=ORIENTED_EDGE('',*,*,#677,.T.);
#897=ORIENTED_EDGE('',*,*,#678,.F.);
#898=ORIENTED_EDGE('',*,*,#679,.F.);
#899=ORIENTED_EDGE('',*,*,#649,.F.);
#900=ORIENTED_EDGE('',*,*,#680,.F.);
#901=ORIENTED_EDGE('',*,*,#681,.F.);
#902=ORIENTED_EDGE('',*,*,#682,.F.);
#903=ORIENTED_EDGE('',*,*,#683,.F.);
#904=ORIENTED_EDGE('',*,*,#684,.F.);
#905=ORIENTED_EDGE('',*,*,#685,.F.);
#906=ORIENTED_EDGE('',*,*,#686,.F.);
#907=ORIENTED_EDGE('',*,*,#687,.F.);
#908=ORIENTED_EDGE('',*,*,#688,.T.);
#909=ORIENTED_EDGE('',*,*,#689,.T.);
#910=ORIENTED_EDGE('',*,*,#690,.T.);
#911=ORIENTED_EDGE('',*,*,#677,.F.);
#912=ORIENTED_EDGE('',*,*,#673,.F.);
#913=ORIENTED_EDGE('',*,*,#671,.F.);
#914=ORIENTED_EDGE('',*,*,#668,.F.);
#915=ORIENTED_EDGE('',*,*,#665,.F.);
#916=ORIENTED_EDGE('',*,*,#662,.F.);
#917=ORIENTED_EDGE('',*,*,#659,.F.);
#918=ORIENTED_EDGE('',*,*,#691,.F.);
#919=ORIENTED_EDGE('',*,*,#646,.F.);
#920=ORIENTED_EDGE('',*,*,#691,.T.);
#921=ORIENTED_EDGE('',*,*,#656,.F.);
#922=ORIENTED_EDGE('',*,*,#692,.T.);
#923=ORIENTED_EDGE('',*,*,#643,.F.);
#924=ORIENTED_EDGE('',*,*,#693,.T.);
#925=ORIENTED_EDGE('',*,*,#694,.T.);
#926=ORIENTED_EDGE('',*,*,#695,.T.);
#927=ORIENTED_EDGE('',*,*,#685,.T.);
#928=ORIENTED_EDGE('',*,*,#696,.T.);
#929=ORIENTED_EDGE('',*,*,#697,.T.);
#930=ORIENTED_EDGE('',*,*,#693,.F.);
#931=ORIENTED_EDGE('',*,*,#684,.T.);
#932=ORIENTED_EDGE('',*,*,#698,.T.);
#933=ORIENTED_EDGE('',*,*,#699,.T.);
#934=ORIENTED_EDGE('',*,*,#696,.F.);
#935=ORIENTED_EDGE('',*,*,#683,.T.);
#936=ORIENTED_EDGE('',*,*,#700,.T.);
#937=ORIENTED_EDGE('',*,*,#701,.T.);
#938=ORIENTED_EDGE('',*,*,#698,.F.);
#939=ORIENTED_EDGE('',*,*,#682,.T.);
#940=ORIENTED_EDGE('',*,*,#702,.T.);
#941=ORIENTED_EDGE('',*,*,#703,.T.);
#942=ORIENTED_EDGE('',*,*,#700,.F.);
#943=ORIENTED_EDGE('',*,*,#681,.T.);
#944=ORIENTED_EDGE('',*,*,#704,.T.);
#945=ORIENTED_EDGE('',*,*,#705,.T.);
#946=ORIENTED_EDGE('',*,*,#702,.F.);
#947=ORIENTED_EDGE('',*,*,#706,.T.);
#948=ORIENTED_EDGE('',*,*,#707,.T.);
#949=ORIENTED_EDGE('',*,*,#708,.T.);
#950=ORIENTED_EDGE('',*,*,#686,.T.);
#951=ORIENTED_EDGE('',*,*,#695,.F.);
#952=ORIENTED_EDGE('',*,*,#709,.T.);
#953=ORIENTED_EDGE('',*,*,#710,.T.);
#954=ORIENTED_EDGE('',*,*,#708,.F.);
#955=ORIENTED_EDGE('',*,*,#703,.F.);
#956=ORIENTED_EDGE('',*,*,#705,.F.);
#957=ORIENTED_EDGE('',*,*,#711,.F.);
#958=ORIENTED_EDGE('',*,*,#712,.F.);
#959=ORIENTED_EDGE('',*,*,#634,.F.);
#960=ORIENTED_EDGE('',*,*,#713,.F.);
#961=ORIENTED_EDGE('',*,*,#706,.F.);
#962=ORIENTED_EDGE('',*,*,#680,.T.);
#963=ORIENTED_EDGE('',*,*,#638,.F.);
#964=ORIENTED_EDGE('',*,*,#697,.F.);
#965=ORIENTED_EDGE('',*,*,#714,.T.);
#966=ORIENTED_EDGE('',*,*,#715,.T.);
#967=ORIENTED_EDGE('',*,*,#716,.T.);
#968=ORIENTED_EDGE('',*,*,#694,.F.);
#969=ORIENTED_EDGE('',*,*,#716,.F.);
#970=ORIENTED_EDGE('',*,*,#717,.F.);
#971=ORIENTED_EDGE('',*,*,#633,.F.);
#972=ORIENTED_EDGE('',*,*,#718,.T.);
#973=ORIENTED_EDGE('',*,*,#640,.F.);
#974=ORIENTED_EDGE('',*,*,#692,.F.);
#975=ORIENTED_EDGE('',*,*,#655,.F.);
#976=ORIENTED_EDGE('',*,*,#719,.T.);
#977=ORIENTED_EDGE('',*,*,#720,.F.);
#978=ORIENTED_EDGE('',*,*,#721,.T.);
#979=ORIENTED_EDGE('',*,*,#722,.F.);
#980=ORIENTED_EDGE('',*,*,#723,.T.);
#981=ORIENTED_EDGE('',*,*,#672,.T.);
#982=ORIENTED_EDGE('',*,*,#675,.T.);
#983=ORIENTED_EDGE('',*,*,#679,.T.);
#984=ORIENTED_EDGE('',*,*,#724,.T.);
#985=ORIENTED_EDGE('',*,*,#725,.T.);
#986=ORIENTED_EDGE('',*,*,#726,.T.);
#987=ORIENTED_EDGE('',*,*,#727,.F.);
#988=ORIENTED_EDGE('',*,*,#728,.T.);
#989=ORIENTED_EDGE('',*,*,#729,.T.);
#990=ORIENTED_EDGE('',*,*,#730,.T.);
#991=ORIENTED_EDGE('',*,*,#731,.T.);
#992=ORIENTED_EDGE('',*,*,#732,.T.);
#993=ORIENTED_EDGE('',*,*,#733,.T.);
#994=ORIENTED_EDGE('',*,*,#734,.T.);
#995=ORIENTED_EDGE('',*,*,#709,.F.);
#996=ORIENTED_EDGE('',*,*,#707,.F.);
#997=ORIENTED_EDGE('',*,*,#717,.T.);
#998=ORIENTED_EDGE('',*,*,#715,.F.);
#999=ORIENTED_EDGE('',*,*,#735,.T.);
#1000=ORIENTED_EDGE('',*,*,#736,.F.);
#1001=ORIENTED_EDGE('',*,*,#711,.T.);
#1002=ORIENTED_EDGE('',*,*,#704,.F.);
#1003=ORIENTED_EDGE('',*,*,#713,.T.);
#1004=ORIENTED_EDGE('',*,*,#737,.T.);
#1005=ORIENTED_EDGE('',*,*,#738,.T.);
#1006=ORIENTED_EDGE('',*,*,#739,.T.);
#1007=ORIENTED_EDGE('',*,*,#740,.T.);
#1008=ORIENTED_EDGE('',*,*,#741,.T.);
#1009=ORIENTED_EDGE('',*,*,#625,.T.);
#1010=ORIENTED_EDGE('',*,*,#617,.T.);
#1011=ORIENTED_EDGE('',*,*,#624,.T.);
#1012=ORIENTED_EDGE('',*,*,#742,.T.);
#1013=ORIENTED_EDGE('',*,*,#613,.T.);
#1014=ORIENTED_EDGE('',*,*,#605,.T.);
#1015=ORIENTED_EDGE('',*,*,#612,.T.);
#1016=ORIENTED_EDGE('',*,*,#701,.F.);
#1017=ORIENTED_EDGE('',*,*,#712,.T.);
#1018=ORIENTED_EDGE('',*,*,#736,.T.);
#1019=ORIENTED_EDGE('',*,*,#743,.T.);
#1020=ORIENTED_EDGE('',*,*,#667,.F.);
#1021=ORIENTED_EDGE('',*,*,#744,.T.);
#1022=ORIENTED_EDGE('',*,*,#722,.T.);
#1023=ORIENTED_EDGE('',*,*,#745,.T.);
#1024=ORIENTED_EDGE('',*,*,#670,.F.);
#1025=ORIENTED_EDGE('',*,*,#723,.F.);
#1026=ORIENTED_EDGE('',*,*,#744,.F.);
#1027=ORIENTED_EDGE('',*,*,#661,.F.);
#1028=ORIENTED_EDGE('',*,*,#746,.T.);
#1029=ORIENTED_EDGE('',*,*,#720,.T.);
#1030=ORIENTED_EDGE('',*,*,#747,.T.);
#1031=ORIENTED_EDGE('',*,*,#664,.F.);
#1032=ORIENTED_EDGE('',*,*,#745,.F.);
#1033=ORIENTED_EDGE('',*,*,#721,.F.);
#1034=ORIENTED_EDGE('',*,*,#746,.F.);
#1035=ORIENTED_EDGE('',*,*,#678,.T.);
#1036=ORIENTED_EDGE('',*,*,#690,.F.);
#1037=ORIENTED_EDGE('',*,*,#748,.T.);
#1038=ORIENTED_EDGE('',*,*,#749,.F.);
#1039=ORIENTED_EDGE('',*,*,#724,.F.);
#1040=ORIENTED_EDGE('',*,*,#749,.T.);
#1041=ORIENTED_EDGE('',*,*,#750,.T.);
#1042=ORIENTED_EDGE('',*,*,#751,.T.);
#1043=ORIENTED_EDGE('',*,*,#752,.T.);
#1044=ORIENTED_EDGE('',*,*,#725,.F.);
#1045=ORIENTED_EDGE('',*,*,#752,.F.);
#1046=ORIENTED_EDGE('',*,*,#753,.T.);
#1047=ORIENTED_EDGE('',*,*,#726,.F.);
#1048=ORIENTED_EDGE('',*,*,#710,.F.);
#1049=ORIENTED_EDGE('',*,*,#734,.F.);
#1050=ORIENTED_EDGE('',*,*,#754,.F.);
#1051=ORIENTED_EDGE('',*,*,#687,.T.);
#1052=ORIENTED_EDGE('',*,*,#732,.F.);
#1053=ORIENTED_EDGE('',*,*,#755,.T.);
#1054=ORIENTED_EDGE('',*,*,#756,.T.);
#1055=ORIENTED_EDGE('',*,*,#757,.T.);
#1056=ORIENTED_EDGE('',*,*,#758,.T.);
#1057=ORIENTED_EDGE('',*,*,#755,.F.);
#1058=ORIENTED_EDGE('',*,*,#731,.F.);
#1059=ORIENTED_EDGE('',*,*,#759,.F.);
#1060=ORIENTED_EDGE('',*,*,#730,.F.);
#1061=ORIENTED_EDGE('',*,*,#760,.T.);
#1062=ORIENTED_EDGE('',*,*,#761,.T.);
#1063=ORIENTED_EDGE('',*,*,#762,.T.);
#1064=ORIENTED_EDGE('',*,*,#763,.F.);
#1065=ORIENTED_EDGE('',*,*,#756,.F.);
#1066=ORIENTED_EDGE('',*,*,#759,.T.);
#1067=ORIENTED_EDGE('',*,*,#764,.T.);
#1068=ORIENTED_EDGE('',*,*,#761,.F.);
#1069=ORIENTED_EDGE('',*,*,#765,.T.);
#1070=ORIENTED_EDGE('',*,*,#727,.T.);
#1071=ORIENTED_EDGE('',*,*,#753,.F.);
#1072=ORIENTED_EDGE('',*,*,#751,.F.);
#1073=ORIENTED_EDGE('',*,*,#766,.F.);
#1074=ORIENTED_EDGE('',*,*,#765,.F.);
#1075=ORIENTED_EDGE('',*,*,#767,.T.);
#1076=ORIENTED_EDGE('',*,*,#728,.F.);
#1077=ORIENTED_EDGE('',*,*,#760,.F.);
#1078=ORIENTED_EDGE('',*,*,#729,.F.);
#1079=ORIENTED_EDGE('',*,*,#767,.F.);
#1080=ORIENTED_EDGE('',*,*,#658,.F.);
#1081=ORIENTED_EDGE('',*,*,#747,.F.);
#1082=ORIENTED_EDGE('',*,*,#719,.F.);
#1083=ORIENTED_EDGE('',*,*,#654,.F.);
#1084=ORIENTED_EDGE('',*,*,#699,.F.);
#1085=ORIENTED_EDGE('',*,*,#743,.F.);
#1086=ORIENTED_EDGE('',*,*,#735,.F.);
#1087=ORIENTED_EDGE('',*,*,#714,.F.);
#1088=ORIENTED_EDGE('',*,*,#768,.F.);
#1089=ORIENTED_EDGE('',*,*,#769,.F.);
#1090=ORIENTED_EDGE('',*,*,#770,.F.);
#1091=ORIENTED_EDGE('',*,*,#771,.F.);
#1092=ORIENTED_EDGE('',*,*,#630,.T.);
#1093=ORIENTED_EDGE('',*,*,#614,.T.);
#1094=ORIENTED_EDGE('',*,*,#742,.F.);
#1095=ORIENTED_EDGE('',*,*,#623,.F.);
#1096=ORIENTED_EDGE('',*,*,#771,.T.);
#1097=ORIENTED_EDGE('',*,*,#772,.T.);
#1098=ORIENTED_EDGE('',*,*,#773,.T.);
#1099=ORIENTED_EDGE('',*,*,#774,.F.);
#1100=ORIENTED_EDGE('',*,*,#775,.F.);
#1101=ORIENTED_EDGE('',*,*,#776,.T.);
#1102=ORIENTED_EDGE('',*,*,#738,.F.);
#1103=ORIENTED_EDGE('',*,*,#754,.T.);
#1104=ORIENTED_EDGE('',*,*,#733,.F.);
#1105=ORIENTED_EDGE('',*,*,#758,.F.);
#1106=ORIENTED_EDGE('',*,*,#777,.T.);
#1107=ORIENTED_EDGE('',*,*,#688,.F.);
#1108=ORIENTED_EDGE('',*,*,#750,.F.);
#1109=ORIENTED_EDGE('',*,*,#748,.F.);
#1110=ORIENTED_EDGE('',*,*,#689,.F.);
#1111=ORIENTED_EDGE('',*,*,#777,.F.);
#1112=ORIENTED_EDGE('',*,*,#757,.F.);
#1113=ORIENTED_EDGE('',*,*,#763,.T.);
#1114=ORIENTED_EDGE('',*,*,#762,.F.);
#1115=ORIENTED_EDGE('',*,*,#764,.F.);
#1116=ORIENTED_EDGE('',*,*,#766,.T.);
#1117=ORIENTED_EDGE('',*,*,#768,.T.);
#1118=ORIENTED_EDGE('',*,*,#772,.F.);
#1119=ORIENTED_EDGE('',*,*,#770,.T.);
#1120=ORIENTED_EDGE('',*,*,#778,.F.);
#1121=ORIENTED_EDGE('',*,*,#779,.F.);
#1122=ORIENTED_EDGE('',*,*,#739,.F.);
#1123=ORIENTED_EDGE('',*,*,#776,.F.);
#1124=ORIENTED_EDGE('',*,*,#780,.F.);
#1125=ORIENTED_EDGE('',*,*,#778,.T.);
#1126=ORIENTED_EDGE('',*,*,#769,.T.);
#1127=ORIENTED_EDGE('',*,*,#779,.T.);
#1128=ORIENTED_EDGE('',*,*,#781,.T.);
#1129=ORIENTED_EDGE('',*,*,#782,.T.);
#1130=ORIENTED_EDGE('',*,*,#740,.F.);
#1131=ORIENTED_EDGE('',*,*,#780,.T.);
#1132=ORIENTED_EDGE('',*,*,#775,.T.);
#1133=ORIENTED_EDGE('',*,*,#783,.F.);
#1134=ORIENTED_EDGE('',*,*,#781,.F.);
#1135=ORIENTED_EDGE('',*,*,#782,.F.);
#1136=ORIENTED_EDGE('',*,*,#783,.T.);
#1137=ORIENTED_EDGE('',*,*,#774,.T.);
#1138=ORIENTED_EDGE('',*,*,#737,.F.);
#1139=ORIENTED_EDGE('',*,*,#632,.T.);
#1140=ORIENTED_EDGE('',*,*,#626,.T.);
#1141=ORIENTED_EDGE('',*,*,#741,.F.);
#1142=ORIENTED_EDGE('',*,*,#611,.T.);
#1143=ORIENTED_EDGE('',*,*,#784,.T.);
#1144=ORIENTED_EDGE('',*,*,#785,.T.);
#1145=ORIENTED_EDGE('',*,*,#786,.F.);
#1146=ORIENTED_EDGE('',*,*,#785,.F.);
#1147=ORIENTED_EDGE('',*,*,#786,.T.);
#1148=ORIENTED_EDGE('',*,*,#787,.T.);
#1149=ORIENTED_EDGE('',*,*,#788,.F.);
#1150=ORIENTED_EDGE('',*,*,#787,.F.);
#1151=ORIENTED_EDGE('',*,*,#788,.T.);
#1152=ORIENTED_EDGE('',*,*,#789,.F.);
#1153=ORIENTED_EDGE('',*,*,#789,.T.);
#1154=ORIENTED_EDGE('',*,*,#790,.T.);
#1155=ORIENTED_EDGE('',*,*,#773,.F.);
#1156=ORIENTED_EDGE('',*,*,#790,.F.);
#1157=ORIENTED_EDGE('',*,*,#636,.F.);
#1158=ORIENTED_EDGE('',*,*,#652,.F.);
#1159=ORIENTED_EDGE('',*,*,#641,.F.);
#1160=ORIENTED_EDGE('',*,*,#718,.F.);
#1161=ORIENTED_EDGE('',*,*,#651,.T.);
#1162=ORIENTED_EDGE('',*,*,#784,.F.);
#1163=CYLINDRICAL_SURFACE('',#1271,2.5);
#1164=CYLINDRICAL_SURFACE('',#1278,2.5);
#1165=CYLINDRICAL_SURFACE('',#1285,20.);
#1166=CYLINDRICAL_SURFACE('',#1287,20.);
#1167=CYLINDRICAL_SURFACE('',#1306,12.1499999999998);
#1168=CYLINDRICAL_SURFACE('',#1316,7.);
#1169=CYLINDRICAL_SURFACE('',#1325,7.5);
#1170=CYLINDRICAL_SURFACE('',#1327,20.0000000000003);
#1171=CYLINDRICAL_SURFACE('',#1334,20.);
#1172=CYLINDRICAL_SURFACE('',#1339,7.);
#1173=CYLINDRICAL_SURFACE('',#1349,20.);
#1174=CYLINDRICAL_SURFACE('',#1350,10.);
#1175=CYLINDRICAL_SURFACE('',#1357,10.);
#1176=CYLINDRICAL_SURFACE('',#1358,10.);
#1177=CYLINDRICAL_SURFACE('',#1360,10.);
#1178=CYLINDRICAL_SURFACE('',#1369,7.5);
#1179=CYLINDRICAL_SURFACE('',#1387,12.1);
#1180=CYLINDRICAL_SURFACE('',#1392,14.0000000000007);
#1181=CYLINDRICAL_SURFACE('',#1396,6.1000000000017);
#1182=CYLINDRICAL_SURFACE('',#1403,4.50000000000237);
#1183=ADVANCED_FACE('',(#125),#1163,.T.);
#1184=ADVANCED_FACE('',(#126),#98,.F.);
#1185=ADVANCED_FACE('',(#127),#99,.F.);
#1186=ADVANCED_FACE('',(#128),#1164,.T.);
#1187=ADVANCED_FACE('',(#129),#100,.F.);
#1188=ADVANCED_FACE('',(#130),#101,.F.);
#1189=ADVANCED_FACE('',(#131),#1165,.T.);
#1190=ADVANCED_FACE('',(#132),#102,.F.);
#1191=ADVANCED_FACE('',(#133),#1166,.T.);
#1192=ADVANCED_FACE('',(#134),#91,.T.);
#1193=ADVANCED_FACE('',(#135),#92,.T.);
#1194=ADVANCED_FACE('',(#136),#93,.T.);
#1195=ADVANCED_FACE('',(#137),#94,.T.);
#1196=ADVANCED_FACE('',(#138),#95,.T.);
#1197=ADVANCED_FACE('',(#139),#1167,.F.);
#1198=ADVANCED_FACE('',(#140),#43,.T.);
#1199=ADVANCED_FACE('',(#141),#44,.T.);
#1200=ADVANCED_FACE('',(#142),#45,.T.);
#1201=ADVANCED_FACE('',(#143),#1168,.F.);
#1202=ADVANCED_FACE('',(#144),#46,.T.);
#1203=ADVANCED_FACE('',(#145),#47,.T.);
#1204=ADVANCED_FACE('',(#146),#48,.T.);
#1205=ADVANCED_FACE('',(#147),#49,.T.);
#1206=ADVANCED_FACE('',(#148),#1169,.F.);
#1207=ADVANCED_FACE('',(#149),#1170,.T.);
#1208=ADVANCED_FACE('',(#150),#1171,.F.);
#1209=ADVANCED_FACE('',(#151),#50,.T.);
#1210=ADVANCED_FACE('',(#152),#51,.T.);
#1211=ADVANCED_FACE('',(#153),#1172,.F.);
#1212=ADVANCED_FACE('',(#154),#52,.T.);
#1213=ADVANCED_FACE('',(#155),#53,.T.);
#1214=ADVANCED_FACE('',(#156),#54,.T.);
#1215=ADVANCED_FACE('',(#157),#55,.T.);
#1216=ADVANCED_FACE('',(#158),#56,.T.);
#1217=ADVANCED_FACE('',(#159),#103,.T.);
#1218=ADVANCED_FACE('',(#160),#1173,.F.);
#1219=ADVANCED_FACE('',(#161),#1174,.T.);
#1220=ADVANCED_FACE('',(#162),#104,.T.);
#1221=ADVANCED_FACE('',(#163,#19,#20),#105,.T.);
#1222=ADVANCED_FACE('',(#164),#1175,.T.);
#1223=ADVANCED_FACE('',(#165),#1176,.T.);
#1224=ADVANCED_FACE('',(#166),#106,.T.);
#1225=ADVANCED_FACE('',(#167),#1177,.T.);
#1226=ADVANCED_FACE('',(#168),#107,.T.);
#1227=ADVANCED_FACE('',(#169),#108,.F.);
#1228=ADVANCED_FACE('',(#170),#96,.F.);
#1229=ADVANCED_FACE('',(#171),#109,.T.);
#1230=ADVANCED_FACE('',(#172),#1178,.F.);
#1231=ADVANCED_FACE('',(#173),#97,.F.);
#1232=ADVANCED_FACE('',(#174),#110,.T.);
#1233=ADVANCED_FACE('',(#175),#57,.T.);
#1234=ADVANCED_FACE('',(#176),#58,.T.);
#1235=ADVANCED_FACE('',(#177),#16,.T.);
#1236=ADVANCED_FACE('',(#178),#17,.T.);
#1237=ADVANCED_FACE('',(#179),#111,.T.);
#1238=ADVANCED_FACE('',(#180),#112,.T.);
#1239=ADVANCED_FACE('',(#181),#113,.F.);
#1240=ADVANCED_FACE('',(#182),#114,.F.);
#1241=ADVANCED_FACE('',(#183,#21),#115,.T.);
#1242=ADVANCED_FACE('',(#184),#116,.F.);
#1243=ADVANCED_FACE('',(#185),#117,.F.);
#1244=ADVANCED_FACE('',(#186),#18,.F.);
#1245=ADVANCED_FACE('',(#187),#1179,.F.);
#1246=ADVANCED_FACE('',(#188,#22),#118,.T.);
#1247=ADVANCED_FACE('',(#189),#119,.F.);
#1248=ADVANCED_FACE('',(#190),#1180,.F.);
#1249=ADVANCED_FACE('',(#191),#120,.T.);
#1250=ADVANCED_FACE('',(#192),#121,.F.);
#1251=ADVANCED_FACE('',(#193),#1181,.F.);
#1252=ADVANCED_FACE('',(#194),#15,.F.);
#1253=ADVANCED_FACE('',(#195,#23),#122,.T.);
#1254=ADVANCED_FACE('',(#196),#1182,.F.);
#1255=ADVANCED_FACE('',(#197),#123,.T.);
#1256=ADVANCED_FACE('',(#198,#24),#124,.T.);
#1257=CLOSED_SHELL('',(#1183,#1184,#1185,#1186,#1187,#1188,#1189,#1190,
#1191,#1192,#1193,#1194,#1195,#1196,#1197,#1198,#1199,#1200,#1201,#1202,
#1203,#1204,#1205,#1206,#1207,#1208,#1209,#1210,#1211,#1212,#1213,#1214,
#1215,#1216,#1217,#1218,#1219,#1220,#1221,#1222,#1223,#1224,#1225,#1226,
#1227,#1228,#1229,#1230,#1231,#1232,#1233,#1234,#1235,#1236,#1237,#1238,
#1239,#1240,#1241,#1242,#1243,#1244,#1245,#1246,#1247,#1248,#1249,#1250,
#1251,#1252,#1253,#1254,#1255,#1256));
#1258=DERIVED_UNIT_ELEMENT(#1260,1.);
#1259=DERIVED_UNIT_ELEMENT(#2764,-3.);
#1260=(
MASS_UNIT()
NAMED_UNIT(*)
SI_UNIT(.KILO.,.GRAM.)
);
#1261=DERIVED_UNIT((#1258,#1259));
#1262=MEASURE_REPRESENTATION_ITEM('density measure',
POSITIVE_RATIO_MEASURE(7850.),#1261);
#1263=PROPERTY_DEFINITION_REPRESENTATION(#1268,#1265);
#1264=PROPERTY_DEFINITION_REPRESENTATION(#1269,#1266);
#1265=REPRESENTATION('material name',(#1267),#2761);
#1266=REPRESENTATION('density',(#1262),#2761);
#1267=DESCRIPTIVE_REPRESENTATION_ITEM('Steel','Steel');
#1268=PROPERTY_DEFINITION('material property','material name',#2771);
#1269=PROPERTY_DEFINITION('material property','density of part',#2771);
#1270=AXIS2_PLACEMENT_3D('',#1750,#1406,#1407);
#1271=AXIS2_PLACEMENT_3D('',#1751,#1408,#1409);
#1272=AXIS2_PLACEMENT_3D('',#1754,#1410,#1411);
#1273=AXIS2_PLACEMENT_3D('',#1758,#1413,#1414);
#1274=AXIS2_PLACEMENT_3D('',#1760,#1416,#1417);
#1275=AXIS2_PLACEMENT_3D('',#1764,#1419,#1420);
#1276=AXIS2_PLACEMENT_3D('',#1768,#1423,#1424);
#1277=AXIS2_PLACEMENT_3D('',#1774,#1427,#1428);
#1278=AXIS2_PLACEMENT_3D('',#1776,#1430,#1431);
#1279=AXIS2_PLACEMENT_3D('',#1779,#1432,#1433);
#1280=AXIS2_PLACEMENT_3D('',#1783,#1435,#1436);
#1281=AXIS2_PLACEMENT_3D('',#1785,#1438,#1439);
#1282=AXIS2_PLACEMENT_3D('',#1789,#1441,#1442);
#1283=AXIS2_PLACEMENT_3D('',#1793,#1445,#1446);
#1284=AXIS2_PLACEMENT_3D('',#1799,#1449,#1450);
#1285=AXIS2_PLACEMENT_3D('',#1801,#1452,#1453);
#1286=AXIS2_PLACEMENT_3D('',#1804,#1456,#1457);
#1287=AXIS2_PLACEMENT_3D('',#1806,#1459,#1460);
#1288=AXIS2_PLACEMENT_3D('',#1808,#1462,#1463);
#1289=AXIS2_PLACEMENT_3D('',#1830,#1464,#1465);
#1290=AXIS2_PLACEMENT_3D('',#1832,#1466,#1467);
#1291=AXIS2_PLACEMENT_3D('',#1833,#1468,#1469);
#1292=AXIS2_PLACEMENT_3D('',#1834,#1470,#1471);
#1293=AXIS2_PLACEMENT_3D('',#1845,#1472,#1473);
#1294=AXIS2_PLACEMENT_3D('',#1846,#1474,#1475);
#1295=AXIS2_PLACEMENT_3D('',#1847,#1476,#1477);
#1296=AXIS2_PLACEMENT_3D('',#1869,#1478,#1479);
#1297=AXIS2_PLACEMENT_3D('',#1871,#1480,#1481);
#1298=AXIS2_PLACEMENT_3D('',#1872,#1482,#1483);
#1299=AXIS2_PLACEMENT_3D('',#1873,#1484,#1485);
#1300=AXIS2_PLACEMENT_3D('',#1882,#1486,#1487);
#1301=AXIS2_PLACEMENT_3D('',#1883,#1488,#1489);
#1302=AXIS2_PLACEMENT_3D('',#1884,#1490,#1491);
#1303=AXIS2_PLACEMENT_3D('',#1886,#1492,#1493);
#1304=AXIS2_PLACEMENT_3D('',#1887,#1494,#1495);
#1305=AXIS2_PLACEMENT_3D('',#1888,#1496,#1497);
#1306=AXIS2_PLACEMENT_3D('',#1889,#1498,#1499);
#1307=AXIS2_PLACEMENT_3D('',#1892,#1501,#1502);
#1308=AXIS2_PLACEMENT_3D('',#1893,#1503,#1504);
#1309=AXIS2_PLACEMENT_3D('',#1916,#1505,#1506);
#1310=AXIS2_PLACEMENT_3D('',#1918,#1507,#1508);
#1311=AXIS2_PLACEMENT_3D('',#1926,#1509,#1510);
#1312=AXIS2_PLACEMENT_3D('',#1949,#1511,#1512);
#1313=AXIS2_PLACEMENT_3D('',#1950,#1513,#1514);
#1314=AXIS2_PLACEMENT_3D('',#1951,#1515,#1516);
#1315=AXIS2_PLACEMENT_3D('',#1974,#1517,#1518);
#1316=AXIS2_PLACEMENT_3D('',#1985,#1519,#1520);
#1317=AXIS2_PLACEMENT_3D('',#1988,#1521,#1522);
#1318=AXIS2_PLACEMENT_3D('',#2013,#1525,#1526);
#1319=AXIS2_PLACEMENT_3D('',#2046,#1527,#1528);
#1320=AXIS2_PLACEMENT_3D('',#2047,#1529,#1530);
#1321=AXIS2_PLACEMENT_3D('',#2048,#1531,#1532);
#1322=AXIS2_PLACEMENT_3D('',#2075,#1533,#1534);
#1323=AXIS2_PLACEMENT_3D('',#2076,#1535,#1536);
#1324=AXIS2_PLACEMENT_3D('',#2106,#1537,#1538);
#1325=AXIS2_PLACEMENT_3D('',#2107,#1539,#1540);
#1326=AXIS2_PLACEMENT_3D('',#2111,#1542,#1543);
#1327=AXIS2_PLACEMENT_3D('',#2113,#1545,#1546);
#1328=AXIS2_PLACEMENT_3D('',#2117,#1548,#1549);
#1329=AXIS2_PLACEMENT_3D('',#2133,#1551,#1552);
#1330=AXIS2_PLACEMENT_3D('',#2135,#1553,#1554);
#1331=AXIS2_PLACEMENT_3D('',#2139,#1556,#1557);
#1332=AXIS2_PLACEMENT_3D('',#2141,#1558,#1559);
#1333=AXIS2_PLACEMENT_3D('',#2142,#1560,#1561);
#1334=AXIS2_PLACEMENT_3D('',#2144,#1563,#1564);
#1335=AXIS2_PLACEMENT_3D('',#2167,#1566,#1567);
#1336=AXIS2_PLACEMENT_3D('',#2169,#1568,#1569);
#1337=AXIS2_PLACEMENT_3D('',#2170,#1570,#1571);
#1338=AXIS2_PLACEMENT_3D('',#2192,#1572,#1573);
#1339=AXIS2_PLACEMENT_3D('',#2198,#1574,#1575);
#1340=AXIS2_PLACEMENT_3D('',#2200,#1576,#1577);
#1341=AXIS2_PLACEMENT_3D('',#2223,#1579,#1580);
#1342=AXIS2_PLACEMENT_3D('',#2250,#1581,#1582);
#1343=AXIS2_PLACEMENT_3D('',#2251,#1583,#1584);
#1344=AXIS2_PLACEMENT_3D('',#2280,#1585,#1586);
#1345=AXIS2_PLACEMENT_3D('',#2281,#1587,#1588);
#1346=AXIS2_PLACEMENT_3D('',#2307,#1589,#1590);
#1347=AXIS2_PLACEMENT_3D('',#2337,#1591,#1592);
#1348=AXIS2_PLACEMENT_3D('',#2338,#1593,#1594);
#1349=AXIS2_PLACEMENT_3D('',#2342,#1597,#1598);
#1350=AXIS2_PLACEMENT_3D('',#2344,#1600,#1601);
#1351=AXIS2_PLACEMENT_3D('',#2348,#1603,#1604);
#1352=AXIS2_PLACEMENT_3D('',#2350,#1606,#1607);
#1353=AXIS2_PLACEMENT_3D('',#2352,#1609,#1610);
#1354=AXIS2_PLACEMENT_3D('',#2357,#1613,#1614);
#1355=AXIS2_PLACEMENT_3D('',#2361,#1616,#1617);
#1356=AXIS2_PLACEMENT_3D('',#2420,#1625,#1626);
#1357=AXIS2_PLACEMENT_3D('',#2431,#1633,#1634);
#1358=AXIS2_PLACEMENT_3D('',#2433,#1636,#1637);
#1359=AXIS2_PLACEMENT_3D('',#2436,#1640,#1641);
#1360=AXIS2_PLACEMENT_3D('',#2437,#1642,#1643);
#1361=AXIS2_PLACEMENT_3D('',#2440,#1646,#1647);
#1362=AXIS2_PLACEMENT_3D('',#2441,#1648,#1649);
#1363=AXIS2_PLACEMENT_3D('',#2443,#1650,#1651);
#1364=AXIS2_PLACEMENT_3D('',#2444,#1652,#1653);
#1365=AXIS2_PLACEMENT_3D('',#2445,#1654,#1655);
#1366=AXIS2_PLACEMENT_3D('',#2447,#1656,#1657);
#1367=AXIS2_PLACEMENT_3D('',#2459,#1658,#1659);
#1368=AXIS2_PLACEMENT_3D('',#2460,#1660,#1661);
#1369=AXIS2_PLACEMENT_3D('',#2465,#1662,#1663);
#1370=AXIS2_PLACEMENT_3D('',#2466,#1664,#1665);
#1371=AXIS2_PLACEMENT_3D('',#2467,#1666,#1667);
#1372=AXIS2_PLACEMENT_3D('',#2469,#1668,#1669);
#1373=AXIS2_PLACEMENT_3D('',#2482,#1670,#1671);
#1374=AXIS2_PLACEMENT_3D('',#2483,#1672,#1673);
#1375=AXIS2_PLACEMENT_3D('',#2484,#1674,#1675);
#1376=AXIS2_PLACEMENT_3D('',#2537,#1676,#1677);
#1377=AXIS2_PLACEMENT_3D('',#2669,#1679,#1680);
#1378=AXIS2_PLACEMENT_3D('',#2670,#1681,#1682);
#1379=AXIS2_PLACEMENT_3D('',#2671,#1683,#1684);
#1380=AXIS2_PLACEMENT_3D('',#2680,#1689,#1690);
#1381=AXIS2_PLACEMENT_3D('',#2681,#1691,#1692);
#1382=AXIS2_PLACEMENT_3D('',#2682,#1693,#1694);
#1383=AXIS2_PLACEMENT_3D('',#2684,#1695,#1696);
#1384=AXIS2_PLACEMENT_3D('',#2685,#1697,#1698);
#1385=AXIS2_PLACEMENT_3D('',#2691,#1702,#1703);
#1386=AXIS2_PLACEMENT_3D('',#2692,#1704,#1705);
#1387=AXIS2_PLACEMENT_3D('',#2728,#1706,#1707);
#1388=AXIS2_PLACEMENT_3D('',#2729,#1708,#1709);
#1389=AXIS2_PLACEMENT_3D('',#2730,#1710,#1711);
#1390=AXIS2_PLACEMENT_3D('',#2733,#1713,#1714);
#1391=AXIS2_PLACEMENT_3D('',#2734,#1715,#1716);
#1392=AXIS2_PLACEMENT_3D('',#2738,#1719,#1720);
#1393=AXIS2_PLACEMENT_3D('',#2739,#1721,#1722);
#1394=AXIS2_PLACEMENT_3D('',#2740,#1723,#1724);
#1395=AXIS2_PLACEMENT_3D('',#2741,#1725,#1726);
#1396=AXIS2_PLACEMENT_3D('',#2742,#1727,#1728);
#1397=AXIS2_PLACEMENT_3D('',#2744,#1729,#1730);
#1398=AXIS2_PLACEMENT_3D('',#2747,#1732,#1733);
#1399=AXIS2_PLACEMENT_3D('',#2748,#1734,#1735);
#1400=AXIS2_PLACEMENT_3D('',#2751,#1737,#1738);
#1401=AXIS2_PLACEMENT_3D('',#2752,#1739,#1740);
#1402=AXIS2_PLACEMENT_3D('',#2754,#1741,#1742);
#1403=AXIS2_PLACEMENT_3D('',#2755,#1743,#1744);
#1404=AXIS2_PLACEMENT_3D('',#2757,#1746,#1747);
#1405=AXIS2_PLACEMENT_3D('',#2758,#1748,#1749);
#1406=DIRECTION('axis',(0.,0.,1.));
#1407=DIRECTION('refdir',(1.,0.,0.));
#1408=DIRECTION('center_axis',(0.,-1.,0.));
#1409=DIRECTION('ref_axis',(-1.,0.,0.));
#1410=DIRECTION('center_axis',(0.,1.,0.));
#1411=DIRECTION('ref_axis',(-1.,0.,0.));
#1412=DIRECTION('',(0.,1.,0.));
#1413=DIRECTION('center_axis',(0.,-1.,0.));
#1414=DIRECTION('ref_axis',(-1.,0.,0.));
#1415=DIRECTION('',(0.,-1.,0.));
#1416=DIRECTION('center_axis',(0.,0.,1.));
#1417=DIRECTION('ref_axis',(-1.,0.,0.));
#1418=DIRECTION('',(-1.,0.,0.));
#1419=DIRECTION('center_axis',(0.,0.,1.));
#1420=DIRECTION('ref_axis',(1.,0.,0.));
#1421=DIRECTION('',(0.,-1.,0.));
#1422=DIRECTION('',(-1.,0.,0.));
#1423=DIRECTION('center_axis',(0.,0.,1.));
#1424=DIRECTION('ref_axis',(-1.,0.,0.));
#1425=DIRECTION('',(-1.,0.,0.));
#1426=DIRECTION('',(0.,1.,0.));
#1427=DIRECTION('center_axis',(0.,0.,1.));
#1428=DIRECTION('ref_axis',(1.,0.,0.));
#1429=DIRECTION('',(-1.,0.,0.));
#1430=DIRECTION('center_axis',(0.,-1.,0.));
#1431=DIRECTION('ref_axis',(-1.,0.,0.));
#1432=DIRECTION('center_axis',(0.,1.,0.));
#1433=DIRECTION('ref_axis',(-1.,0.,0.));
#1434=DIRECTION('',(0.,1.,0.));
#1435=DIRECTION('center_axis',(0.,-1.,0.));
#1436=DIRECTION('ref_axis',(-1.,0.,0.));
#1437=DIRECTION('',(0.,-1.,0.));
#1438=DIRECTION('center_axis',(0.,0.,-1.));
#1439=DIRECTION('ref_axis',(1.,0.,0.));
#1440=DIRECTION('',(1.,0.,0.));
#1441=DIRECTION('center_axis',(0.,0.,-1.));
#1442=DIRECTION('ref_axis',(1.,0.,0.));
#1443=DIRECTION('',(0.,1.,0.));
#1444=DIRECTION('',(1.,0.,0.));
#1445=DIRECTION('center_axis',(0.,0.,-1.));
#1446=DIRECTION('ref_axis',(1.,0.,0.));
#1447=DIRECTION('',(1.,0.,0.));
#1448=DIRECTION('',(0.,1.,0.));
#1449=DIRECTION('center_axis',(0.,0.,-1.));
#1450=DIRECTION('ref_axis',(1.,0.,0.));
#1451=DIRECTION('',(1.,0.,0.));
#1452=DIRECTION('center_axis',(0.,0.,1.));
#1453=DIRECTION('ref_axis',(-0.999357621928877,0.0358377383864957,0.));
#1454=DIRECTION('',(0.,0.,-1.));
#1455=DIRECTION('',(0.,0.,1.));
#1456=DIRECTION('center_axis',(0.,-1.,0.));
#1457=DIRECTION('ref_axis',(0.,0.,-1.));
#1458=DIRECTION('',(0.,0.,1.));
#1459=DIRECTION('center_axis',(0.,0.,1.));
#1460=DIRECTION('ref_axis',(1.,0.,0.));
#1461=DIRECTION('',(0.,0.,-1.));
#1462=DIRECTION('center_axis',(-1.,2.7977620220553E-14,0.));
#1463=DIRECTION('ref_axis',(0.,0.,1.));
#1464=DIRECTION('center_axis',(-1.,2.7977620220553E-14,0.));
#1465=DIRECTION('ref_axis',(-1.5931700403371E-14,-0.569911641292593,-0.821705982161006));
#1466=DIRECTION('center_axis',(2.0739202004568E-14,0.744642984549542,-0.667462976921679));
#1467=DIRECTION('ref_axis',(1.88737914186277E-14,0.667462976921679,0.744642984549542));
#1468=DIRECTION('center_axis',(1.,-2.7977620220553E-14,0.));
#1469=DIRECTION('ref_axis',(-1.59447714593562E-14,-0.569911641292593,-0.821705982161006));
#1470=DIRECTION('center_axis',(-1.,2.7977620220553E-14,0.));
#1471=DIRECTION('ref_axis',(0.,0.,1.));
#1472=DIRECTION('center_axis',(-1.,2.7977620220553E-14,0.));
#1473=DIRECTION('ref_axis',(-1.981748098956E-14,-0.708715451618616,-0.705494442669126));
#1474=DIRECTION('center_axis',(1.9581404349909E-14,0.705494442669127,-0.708715451618616));
#1475=DIRECTION('ref_axis',(1.88737914186277E-14,0.708715451618616,0.705494442669127));
#1476=DIRECTION('center_axis',(1.,-2.7977620220553E-14,0.));
#1477=DIRECTION('ref_axis',(0.,0.,-1.));
#1478=DIRECTION('center_axis',(1.,-2.7977620220553E-14,0.));
#1479=DIRECTION('ref_axis',(-1.59447714593562E-14,-0.569911641292593,0.821705982161006));
#1480=DIRECTION('center_axis',(2.03901073774137E-14,0.744642984549543,0.667462976921679));
#1481=DIRECTION('ref_axis',(1.,-2.77555756156289E-14,4.16333634234433E-16));
#1482=DIRECTION('center_axis',(-1.,2.7977620220553E-14,0.));
#1483=DIRECTION('ref_axis',(-1.5931700403371E-14,-0.569911641292593,0.821705982161005));
#1484=DIRECTION('center_axis',(-1.,2.7977620220553E-14,0.));
#1485=DIRECTION('ref_axis',(0.,0.,1.));
#1486=DIRECTION('center_axis',(1.95814043499089E-14,0.705494442669126,0.708715451618616));
#1487=DIRECTION('ref_axis',(1.,-2.7755575615629E-14,0.));
#1488=DIRECTION('center_axis',(-1.,2.7977620220553E-14,0.));
#1489=DIRECTION('ref_axis',(-1.98174809895601E-14,-0.708715451618616,0.705494442669126));
#1490=DIRECTION('center_axis',(1.,-2.7977620220553E-14,0.));
#1491=DIRECTION('ref_axis',(-2.77111666946435E-14,-1.,-6.12323399573677E-17));
#1492=DIRECTION('center_axis',(-1.,2.7977620220553E-14,0.));
#1493=DIRECTION('ref_axis',(2.798526098802E-14,1.,0.));
#1494=DIRECTION('center_axis',(-1.,2.7977620220553E-14,0.));
#1495=DIRECTION('ref_axis',(2.798526098802E-14,1.,0.));
#1496=DIRECTION('center_axis',(1.,-2.7977620220553E-14,0.));
#1497=DIRECTION('ref_axis',(-2.79776202205522E-14,-1.,1.83697019872103E-16));
#1498=DIRECTION('center_axis',(1.,-2.7977620220553E-14,0.));
#1499=DIRECTION('ref_axis',(2.798526098802E-14,1.,0.));
#1500=DIRECTION('',(-1.,2.7977620220553E-14,0.));
#1501=DIRECTION('center_axis',(1.,-2.7977620220553E-14,0.));
#1502=DIRECTION('ref_axis',(0.,0.,-1.));
#1503=DIRECTION('center_axis',(1.,-2.7977620220553E-14,0.));
#1504=DIRECTION('ref_axis',(0.,0.,-1.));
#1505=DIRECTION('center_axis',(-0.88389222421248,-0.329953148338403,-0.331459584079704));
#1506=DIRECTION('ref_axis',(-1.77635683940025E-14,-0.708715451618616,0.705494442669126));
#1507=DIRECTION('center_axis',(-0.351123441588414,0.,0.936329177569036));
#1508=DIRECTION('ref_axis',(0.936329177569036,-2.98966041037748E-14,0.351123441588414));
#1509=DIRECTION('center_axis',(0.499722453489604,-4.74911687961168E-15,
-0.866185586048585));
#1510=DIRECTION('ref_axis',(0.866185586048585,-2.94045788106756E-14,0.499722453489604));
#1511=DIRECTION('center_axis',(-0.841453895487521,-0.438618925384107,-0.315545210807844));
#1512=DIRECTION('ref_axis',(-1.39570894524306E-14,-0.583987269862155,0.811762815506442));
#1513=DIRECTION('center_axis',(0.351123441588414,0.,-0.936329177569036));
#1514=DIRECTION('ref_axis',(-0.936329177569036,2.61962621314492E-14,-0.351123441588414));
#1515=DIRECTION('center_axis',(-0.267643863786113,-2.91966740915652E-15,
0.963517909629935));
#1516=DIRECTION('ref_axis',(-0.963517909629935,2.69569381513275E-14,-0.267643863786113));
#1517=DIRECTION('center_axis',(-1.,2.88897012397822E-14,6.3441315692866E-16));
#1518=DIRECTION('ref_axis',(-1.45915026093592E-14,-0.523782800878911,0.85185185185186));
#1519=DIRECTION('center_axis',(1.,-2.7977620220553E-14,0.));
#1520=DIRECTION('ref_axis',(-7.252316417218E-15,-0.272165526975902,0.962250448649378));
#1521=DIRECTION('center_axis',(-1.,2.78579261955042E-14,0.));
#1522=DIRECTION('ref_axis',(-1.45915026093592E-14,-0.523782800878912,0.851851851851859));
#1523=DIRECTION('',(1.,-2.7977620220553E-14,0.));
#1524=DIRECTION('',(-1.,2.7977620220553E-14,0.));
#1525=DIRECTION('center_axis',(-0.787490128213286,0.486804766018279,0.377995261542405));
#1526=DIRECTION('ref_axis',(-1.74463618155382E-14,-0.613302838957218,0.789847850998543));
#1527=DIRECTION('center_axis',(-0.840444084487413,0.361817029369759,0.403413160553987));
#1528=DIRECTION('ref_axis',(-1.48616238363327E-14,-0.744444444444434,0.667684408336617));
#1529=DIRECTION('center_axis',(-0.432731067584797,0.,-0.901523057468261));
#1530=DIRECTION('ref_axis',(0.901523057468261,-2.52224697219188E-14,-0.432731067584797));
#1531=DIRECTION('center_axis',(0.335009667654828,3.2914594201332E-15,0.942214690279133));
#1532=DIRECTION('ref_axis',(0.942214690279133,-2.63609247708556E-14,-0.335009667654828));
#1533=DIRECTION('center_axis',(0.335009667654828,3.2914594201332E-15,0.942214690279133));
#1534=DIRECTION('ref_axis',(0.942214690279133,-2.63609247708556E-14,-0.335009667654828));
#1535=DIRECTION('center_axis',(-0.849914751739467,0.333488085454222,0.407959080834974));
#1536=DIRECTION('ref_axis',(-1.75256634601539E-14,-0.774233115183422,0.632900531958517));
#1537=DIRECTION('center_axis',(-0.990492273177753,2.58971655601584E-14,
-0.137568371274678));
#1538=DIRECTION('ref_axis',(-0.137568371274677,1.70081879970466E-14,0.990492273177753));
#1539=DIRECTION('center_axis',(1.,-2.7977620220553E-14,0.));
#1540=DIRECTION('ref_axis',(-2.16586008387291E-14,-0.77423311518341,0.632900531958532));
#1541=DIRECTION('',(-1.,2.7977620220553E-14,0.));
#1542=DIRECTION('center_axis',(1.,-2.7977620220553E-14,0.));
#1543=DIRECTION('ref_axis',(-2.16586008387291E-14,-0.77423311518341,0.632900531958532));
#1544=DIRECTION('',(-1.,0.,0.));
#1545=DIRECTION('center_axis',(1.,-2.7977620220553E-14,0.));
#1546=DIRECTION('ref_axis',(-2.79699794530861E-14,-1.,-7.6571373978539E-16));
#1547=DIRECTION('',(1.,-2.7977620220553E-14,0.));
#1548=DIRECTION('center_axis',(-0.267643863786113,-2.91966740915652E-15,
-0.963517909629935));
#1549=DIRECTION('ref_axis',(-0.963517909629935,2.69569381513275E-14,0.267643863786113));
#1550=DIRECTION('',(1.,-2.7977620220553E-14,0.));
#1551=DIRECTION('center_axis',(0.335009667654828,3.44023359873416E-15,-0.942214690279133));
#1552=DIRECTION('ref_axis',(0.942214690279133,-2.63609247708556E-14,0.335009667654828));
#1553=DIRECTION('center_axis',(0.335009667654828,3.14268524153224E-15,-0.942214690279133));
#1554=DIRECTION('ref_axis',(0.942214690279133,-2.63609247708556E-14,0.335009667654828));
#1555=DIRECTION('',(1.,-2.7977620220553E-14,0.));
#1556=DIRECTION('center_axis',(1.,-2.7977620220553E-14,0.));
#1557=DIRECTION('ref_axis',(0.,0.,-1.));
#1558=DIRECTION('center_axis',(1.,-2.7977620220553E-14,0.));
#1559=DIRECTION('ref_axis',(0.,0.,-1.));
#1560=DIRECTION('center_axis',(1.,-2.7977620220553E-14,0.));
#1561=DIRECTION('ref_axis',(0.,0.,-1.));
#1562=DIRECTION('',(-1.,2.7977620220553E-14,0.));
#1563=DIRECTION('center_axis',(1.,-2.7977620220553E-14,0.));
#1564=DIRECTION('ref_axis',(-1.95399252334028E-14,-0.708715451618616,0.705494442669126));
#1565=DIRECTION('',(1.,0.,3.99980329226596E-15));
#1566=DIRECTION('center_axis',(0.787490128213294,-0.486804766018266,0.377995261542406));
#1567=DIRECTION('ref_axis',(-1.17366434031802E-14,-0.613302838957223,-0.789847850998539));
#1568=DIRECTION('center_axis',(-0.432731067584797,0.,0.901523057468261));
#1569=DIRECTION('ref_axis',(0.901523057468261,-2.52224697219188E-14,0.432731067584797));
#1570=DIRECTION('center_axis',(-0.840444084487414,0.361817029369758,-0.403413160553987));
#1571=DIRECTION('ref_axis',(0.432731067584796,6.34413156928661E-16,-0.901523057468262));
#1572=DIRECTION('center_axis',(1.,-2.79476457645719E-14,-3.1720657846433E-16));
#1573=DIRECTION('ref_axis',(-1.49087091878235E-14,-0.523782800878912,-0.85185185185186));
#1574=DIRECTION('center_axis',(-1.,2.7977620220553E-14,0.));
#1575=DIRECTION('ref_axis',(-7.252316417218E-15,-0.272165526975902,-0.962250448649378));
#1576=DIRECTION('center_axis',(1.,-2.78579261955042E-14,0.));
#1577=DIRECTION('ref_axis',(-1.45915026093592E-14,-0.523782800878912,-0.851851851851859));
#1578=DIRECTION('',(-1.,2.7977620220553E-14,0.));
#1579=DIRECTION('center_axis',(0.841453895487525,0.4386189253841,-0.315545210807845));
#1580=DIRECTION('ref_axis',(-1.64947420801452E-14,-0.583987269862161,-0.811762815506438));
#1581=DIRECTION('center_axis',(0.883892224212477,0.329953148338412,-0.331459584079702));
#1582=DIRECTION('ref_axis',(-1.90323947078602E-14,-0.708715451618603,-0.70549444266914));
#1583=DIRECTION('center_axis',(0.351123441588414,0.,0.936329177569036));
#1584=DIRECTION('ref_axis',(-0.936329177569036,2.61962621314492E-14,0.351123441588414));
#1585=DIRECTION('center_axis',(-0.351123441588414,0.,-0.936329177569036));
#1586=DIRECTION('ref_axis',(0.936329177569036,-2.98666175399796E-14,-0.351123441588414));
#1587=DIRECTION('center_axis',(0.499722453489604,-4.74911687961168E-15,
0.866185586048585));
#1588=DIRECTION('ref_axis',(0.866185586048585,-2.94045788106756E-14,-0.499722453489604));
#1589=DIRECTION('center_axis',(-0.849914751739467,0.333488085454225,-0.407959080834973));
#1590=DIRECTION('ref_axis',(0.432731067584796,0.,-0.901523057468261));
#1591=DIRECTION('center_axis',(-0.990492273177753,2.58971655601584E-14,
0.137568371274677));
#1592=DIRECTION('ref_axis',(-0.137568371274677,1.70081879970466E-14,-0.990492273177753));
#1593=DIRECTION('center_axis',(0.351123441588414,0.,0.936329177569036));
#1594=DIRECTION('ref_axis',(0.936329177569036,0.,-0.351123441588414));
#1595=DIRECTION('',(0.936329177569036,0.,-0.351123441588414));
#1596=DIRECTION('',(0.,1.,0.));
#1597=DIRECTION('center_axis',(-1.,2.7977620220553E-14,0.));
#1598=DIRECTION('ref_axis',(-1.95399252334028E-14,-0.708715451618616,-0.705494442669126));
#1599=DIRECTION('',(1.,0.,0.));
#1600=DIRECTION('center_axis',(0.,1.,0.));
#1601=DIRECTION('ref_axis',(-0.221897434112856,0.,0.975070012221754));
#1602=DIRECTION('',(0.,1.,0.));
#1603=DIRECTION('center_axis',(0.,-1.,0.));
#1604=DIRECTION('ref_axis',(-0.221897434112856,0.,0.975070012221754));
#1605=DIRECTION('',(0.,-1.,0.));
#1606=DIRECTION('center_axis',(-0.432731067584797,0.,0.901523057468261));
#1607=DIRECTION('ref_axis',(0.901523057468261,0.,0.432731067584797));
#1608=DIRECTION('',(0.901523057468261,0.,0.432731067584797));
#1609=DIRECTION('center_axis',(0.,1.,0.));
#1610=DIRECTION('ref_axis',(1.,0.,0.));
#1611=DIRECTION('',(0.,0.,-1.));
#1612=DIRECTION('',(-0.936329177569036,0.,-0.351123441588414));
#1613=DIRECTION('center_axis',(0.,-1.,0.));
#1614=DIRECTION('ref_axis',(0.178424805493748,0.,-0.983953550115308));
#1615=DIRECTION('',(-1.,0.,0.));
#1616=DIRECTION('center_axis',(0.,-1.,0.));
#1617=DIRECTION('ref_axis',(-0.221897434112856,0.,-0.975070012221754));
#1618=DIRECTION('',(-0.901523057468261,0.,0.432731067584797));
#1619=DIRECTION('',(0.,0.,-1.));
#1620=DIRECTION('',(-1.,0.,0.));
#1621=DIRECTION('',(-1.,0.,0.));
#1622=DIRECTION('',(0.,0.,1.));
#1623=DIRECTION('',(-1.,0.,0.));
#1624=DIRECTION('',(1.,0.,0.));
#1625=DIRECTION('center_axis',(0.,-1.,0.));
#1626=DIRECTION('ref_axis',(0.178424805493748,0.,0.983953550115308));
#1627=DIRECTION('',(0.,0.,-1.));
#1628=DIRECTION('',(1.,0.,-2.97800999546513E-14));
#1629=DIRECTION('',(-1.42742960308943E-14,0.,1.));
#1630=DIRECTION('',(-1.,0.,0.));
#1631=DIRECTION('',(0.,0.,-1.));
#1632=DIRECTION('',(0.,0.,1.));
#1633=DIRECTION('center_axis',(0.,1.,0.));
#1634=DIRECTION('ref_axis',(0.178424805493748,0.,0.983953550115308));
#1635=DIRECTION('',(0.,-1.,0.));
#1636=DIRECTION('center_axis',(0.,1.,0.));
#1637=DIRECTION('ref_axis',(-0.221897434112856,0.,-0.975070012221754));
#1638=DIRECTION('',(0.,1.,0.));
#1639=DIRECTION('',(0.,-1.,0.));
#1640=DIRECTION('center_axis',(-0.432731067584797,0.,-0.901523057468261));
#1641=DIRECTION('ref_axis',(-0.901523057468261,0.,0.432731067584797));
#1642=DIRECTION('center_axis',(0.,1.,0.));
#1643=DIRECTION('ref_axis',(0.178424805493748,0.,-0.983953550115308));
#1644=DIRECTION('',(0.,1.,0.));
#1645=DIRECTION('',(0.,-1.,0.));
#1646=DIRECTION('center_axis',(0.,0.,-1.));
#1647=DIRECTION('ref_axis',(-1.,0.,0.));
#1648=DIRECTION('center_axis',(-1.,2.7977620220553E-14,0.));
#1649=DIRECTION('ref_axis',(0.,0.,1.));
#1650=DIRECTION('center_axis',(1.,-2.78551555406383E-14,1.17155425937158E-50));
#1651=DIRECTION('ref_axis',(-1.17155425937158E-50,3.26728645449555E-64,
1.));
#1652=DIRECTION('center_axis',(1.,-2.7977620220553E-14,0.));
#1653=DIRECTION('ref_axis',(2.7977620220553E-14,1.,-8.78966910368059E-35));
#1654=DIRECTION('center_axis',(-2.45914024047104E-48,-8.78966910368059E-35,
-1.));
#1655=DIRECTION('ref_axis',(-1.,0.,0.));
#1656=DIRECTION('center_axis',(2.45914024047104E-48,8.78966910368059E-35,
1.));
#1657=DIRECTION('ref_axis',(-0.44162656944206,0.897198959630938,0.));
#1658=DIRECTION('center_axis',(0.,0.,-1.));
#1659=DIRECTION('ref_axis',(-0.44162656944206,0.897198959630938,0.));
#1660=DIRECTION('center_axis',(0.,0.,-1.));
#1661=DIRECTION('ref_axis',(-1.,0.,0.));
#1662=DIRECTION('center_axis',(-1.,2.7977620220553E-14,0.));
#1663=DIRECTION('ref_axis',(-2.16863564143447E-14,-0.774233115183409,-0.632900531958533));
#1664=DIRECTION('center_axis',(1.,-2.7977620220553E-14,0.));
#1665=DIRECTION('ref_axis',(-2.16863564143447E-14,-0.774233115183409,-0.632900531958533));
#1666=DIRECTION('center_axis',(2.45914024047104E-48,8.78966910368059E-35,
1.));
#1667=DIRECTION('ref_axis',(1.,0.,0.));
#1668=DIRECTION('center_axis',(0.,0.,1.));
#1669=DIRECTION('ref_axis',(-0.441626569442059,0.897198959630939,0.));
#1670=DIRECTION('center_axis',(-2.45914024047104E-48,-8.78966910368059E-35,
-1.));
#1671=DIRECTION('ref_axis',(-0.441626569442059,0.897198959630939,0.));
#1672=DIRECTION('center_axis',(1.,-2.7977620220553E-14,0.));
#1673=DIRECTION('ref_axis',(2.7977620220553E-14,1.,-8.78966910368059E-35));
#1674=DIRECTION('center_axis',(0.,0.,1.));
#1675=DIRECTION('ref_axis',(1.,0.,0.));
#1676=DIRECTION('center_axis',(4.039303613812E-15,3.91221100120939E-15,
-1.));
#1677=DIRECTION('ref_axis',(1.,-8.88178419700125E-16,4.039303613812E-15));
#1678=DIRECTION('',(0.,1.,0.));
#1679=DIRECTION('center_axis',(0.351123441588414,0.,-0.936329177569036));
#1680=DIRECTION('ref_axis',(-0.936329177569036,0.,-0.351123441588414));
#1681=DIRECTION('center_axis',(0.,0.,1.));
#1682=DIRECTION('ref_axis',(1.,0.,0.));
#1683=DIRECTION('center_axis',(0.,1.,0.));
#1684=DIRECTION('ref_axis',(1.,0.,0.));
#1685=DIRECTION('',(1.,-2.7977620220553E-14,0.));
#1686=DIRECTION('',(-1.42742960308943E-14,0.,1.));
#1687=DIRECTION('',(-1.,2.7977620220553E-14,0.));
#1688=DIRECTION('',(0.,0.,-1.));
#1689=DIRECTION('center_axis',(1.,0.,0.));
#1690=DIRECTION('ref_axis',(0.,0.,1.));
#1691=DIRECTION('center_axis',(-1.,2.7977620220553E-14,0.));
#1692=DIRECTION('ref_axis',(0.,0.,1.));
#1693=DIRECTION('center_axis',(-1.,2.7977620220553E-14,0.));
#1694=DIRECTION('ref_axis',(0.,0.,1.));
#1695=DIRECTION('center_axis',(1.,-2.7977620220553E-14,0.));
#1696=DIRECTION('ref_axis',(0.,0.,-1.));
#1697=DIRECTION('center_axis',(0.,0.,-1.));
#1698=DIRECTION('ref_axis',(-1.,0.,0.));
#1699=DIRECTION('',(0.,1.,0.));
#1700=DIRECTION('',(-1.,2.7977620220553E-14,0.));
#1701=DIRECTION('',(2.7977620220553E-14,1.,0.));
#1702=DIRECTION('center_axis',(-1.,2.7977620220553E-14,0.));
#1703=DIRECTION('ref_axis',(0.,0.,1.));
#1704=DIRECTION('center_axis',(1.,-2.78551555406383E-14,1.17155425937158E-50));
#1705=DIRECTION('ref_axis',(-1.17155425937158E-50,3.26728645449555E-64,
1.));
#1706=DIRECTION('center_axis',(-1.,2.7977620220553E-14,0.));
#1707=DIRECTION('ref_axis',(-2.7977620220553E-14,-1.,6.12323399573677E-17));
#1708=DIRECTION('center_axis',(1.,-2.7977620220553E-14,0.));
#1709=DIRECTION('ref_axis',(0.,0.,1.));
#1710=DIRECTION('center_axis',(-1.,2.7977620220553E-14,1.48332898285951E-43));
#1711=DIRECTION('ref_axis',(1.48332898285951E-43,-4.15000149445825E-57,
1.));
#1712=DIRECTION('',(-2.7977620220553E-14,-1.,3.45126646034181E-30));
#1713=DIRECTION('center_axis',(1.,-2.7977620220553E-14,-1.48332898285951E-43));
#1714=DIRECTION('ref_axis',(2.798526098802E-14,1.,0.));
#1715=DIRECTION('center_axis',(1.2335811384724E-16,0.,1.));
#1716=DIRECTION('ref_axis',(1.,0.,-1.2335811384724E-16));
#1717=DIRECTION('',(-1.,2.7977620220553E-14,0.));
#1718=DIRECTION('',(0.,1.,0.));
#1719=DIRECTION('center_axis',(1.,-2.7977620220553E-14,0.));
#1720=DIRECTION('ref_axis',(-2.7969979453086E-14,-1.,-1.76411037140878E-14));
#1721=DIRECTION('center_axis',(1.,-2.7977620220553E-14,0.));
#1722=DIRECTION('ref_axis',(0.,0.,-1.));
#1723=DIRECTION('center_axis',(1.,-2.7977620220553E-14,0.));
#1724=DIRECTION('ref_axis',(0.,0.,-1.));
#1725=DIRECTION('center_axis',(-1.,0.,0.));
#1726=DIRECTION('ref_axis',(0.,0.,-1.));
#1727=DIRECTION('center_axis',(1.,-2.7977620220553E-14,0.));
#1728=DIRECTION('ref_axis',(2.798526098802E-14,1.,0.));
#1729=DIRECTION('center_axis',(1.,-2.7977620220553E-14,0.));
#1730=DIRECTION('ref_axis',(0.,0.,-1.));
#1731=DIRECTION('',(-1.,2.7977620220553E-14,0.));
#1732=DIRECTION('center_axis',(1.,-2.7977620220553E-14,0.));
#1733=DIRECTION('ref_axis',(0.,0.,-1.));
#1734=DIRECTION('center_axis',(1.,-2.7977620220553E-14,0.));
#1735=DIRECTION('ref_axis',(2.798526098802E-14,1.,0.));
#1736=DIRECTION('',(-0.984783558817927,0.173785333909103,2.12825652910503E-17));
#1737=DIRECTION('center_axis',(1.,-2.7977620220553E-14,0.));
#1738=DIRECTION('ref_axis',(0.,0.,-1.));
#1739=DIRECTION('center_axis',(1.,-2.7977620220553E-14,0.));
#1740=DIRECTION('ref_axis',(0.,0.,-1.));
#1741=DIRECTION('center_axis',(1.,-2.7977620220553E-14,0.));
#1742=DIRECTION('ref_axis',(0.,0.,-1.));
#1743=DIRECTION('center_axis',(1.,-2.7977620220553E-14,0.));
#1744=DIRECTION('ref_axis',(2.798526098802E-14,1.,0.));
#1745=DIRECTION('',(-1.,2.7977620220553E-14,0.));
#1746=DIRECTION('center_axis',(1.,-2.7977620220553E-14,0.));
#1747=DIRECTION('ref_axis',(0.,0.,-1.));
#1748=DIRECTION('center_axis',(1.,-2.7977620220553E-14,0.));
#1749=DIRECTION('ref_axis',(0.,0.,-1.));
#1750=CARTESIAN_POINT('',(0.,0.,0.));
#1751=CARTESIAN_POINT('Origin',(4.05000000000233,20.1,8.5));
#1752=CARTESIAN_POINT('',(6.05000000000233,20.1,7.));
#1753=CARTESIAN_POINT('',(2.05000000000233,20.1,7.));
#1754=CARTESIAN_POINT('Origin',(4.05000000000233,20.1,8.5));
#1755=CARTESIAN_POINT('',(6.05000000000233,-6.,7.));
#1756=CARTESIAN_POINT('',(6.05000000000233,20.1,7.));
#1757=CARTESIAN_POINT('',(2.05000000000233,-6.,7.));
#1758=CARTESIAN_POINT('Origin',(4.05000000000233,-6.,8.5));
#1759=CARTESIAN_POINT('',(2.05000000000233,20.1,7.));
#1760=CARTESIAN_POINT('Origin',(11.0500000000023,0.,7.));
#1761=CARTESIAN_POINT('',(-2.47121597165776,-6.,7.));
#1762=CARTESIAN_POINT('',(11.0500000000023,-6.,7.));
#1763=CARTESIAN_POINT('',(-2.94999999999767,7.35119037979244,7.));
#1764=CARTESIAN_POINT('Origin',(-21.5499999999977,-3.20077297999433E-12,
7.));
#1765=CARTESIAN_POINT('',(-2.94999999999767,20.1,7.));
#1766=CARTESIAN_POINT('',(-2.94999999999767,0.,7.));
#1767=CARTESIAN_POINT('',(-2.94999999999767,20.1,7.));
#1768=CARTESIAN_POINT('Origin',(11.0500000000023,0.,7.));
#1769=CARTESIAN_POINT('',(11.0500000000023,20.1,7.));
#1770=CARTESIAN_POINT('',(-2.94999999999767,20.1,7.));
#1771=CARTESIAN_POINT('',(11.0500000000023,7.35119037979245,7.));
#1772=CARTESIAN_POINT('',(11.0500000000023,12.,7.));
#1773=CARTESIAN_POINT('',(10.5712159716624,-6.,7.));
#1774=CARTESIAN_POINT('Origin',(29.6500000000023,-3.19216875155348E-12,
7.));
#1775=CARTESIAN_POINT('',(11.0500000000023,-6.,7.));
#1776=CARTESIAN_POINT('Origin',(4.05000000000233,20.1,-8.5));
#1777=CARTESIAN_POINT('',(2.05000000000233,20.1,-7.));
#1778=CARTESIAN_POINT('',(6.05000000000232,20.1,-7.));
#1779=CARTESIAN_POINT('Origin',(4.05000000000233,20.1,-8.5));
#1780=CARTESIAN_POINT('',(2.05000000000233,-6.,-7.));
#1781=CARTESIAN_POINT('',(2.05000000000233,20.1,-7.));
#1782=CARTESIAN_POINT('',(6.05000000000232,-6.,-7.));
#1783=CARTESIAN_POINT('Origin',(4.05000000000233,-6.,-8.5));
#1784=CARTESIAN_POINT('',(6.05000000000233,20.1,-7.));
#1785=CARTESIAN_POINT('Origin',(-2.94999999999767,0.,-7.));
#1786=CARTESIAN_POINT('',(10.5712159716624,-6.,-7.));
#1787=CARTESIAN_POINT('',(-2.94999999999767,-6.,-7.));
#1788=CARTESIAN_POINT('',(11.0500000000023,7.35119037979245,-7.));
#1789=CARTESIAN_POINT('Origin',(29.6500000000023,-3.19216875155348E-12,
-7.));
#1790=CARTESIAN_POINT('',(11.0500000000023,20.1,-7.));
#1791=CARTESIAN_POINT('',(11.0500000000023,0.,-7.));
#1792=CARTESIAN_POINT('',(11.0500000000023,20.1,-7.));
#1793=CARTESIAN_POINT('Origin',(-2.94999999999767,0.,-7.));
#1794=CARTESIAN_POINT('',(-2.94999999999767,20.1,-7.));
#1795=CARTESIAN_POINT('',(11.0500000000023,20.1,-7.));
#1796=CARTESIAN_POINT('',(-2.94999999999767,7.35119037979244,-7.));
#1797=CARTESIAN_POINT('',(-2.94999999999767,0.,-7.));
#1798=CARTESIAN_POINT('',(-2.47121597165776,-6.,-7.));
#1799=CARTESIAN_POINT('Origin',(-21.5499999999977,-3.20077297999433E-12,
-7.));
#1800=CARTESIAN_POINT('',(-2.94999999999767,-6.,-7.));
#1801=CARTESIAN_POINT('Origin',(29.6500000000023,-3.19216875155348E-12,
0.));
#1802=CARTESIAN_POINT('',(10.5712159716624,-6.,0.));
#1803=CARTESIAN_POINT('',(11.0500000000023,7.35119037979245,0.));
#1804=CARTESIAN_POINT('Origin',(4.05000000000233,-6.,0.));
#1805=CARTESIAN_POINT('',(-2.47121597165776,-6.,0.));
#1806=CARTESIAN_POINT('Origin',(-21.5499999999977,-3.20077297999433E-12,
0.));
#1807=CARTESIAN_POINT('',(-2.94999999999767,7.35119037979244,0.));
#1808=CARTESIAN_POINT('Origin',(58.0500000000001,28.3486180647432,28.2197777067652));
#1809=CARTESIAN_POINT('',(66.0499999999994,20.1,1.4623432254478));
#1810=CARTESIAN_POINT('',(58.0499999999999,20.1,10.));
#1811=CARTESIAN_POINT('Ctrl Pts',(66.0499999999999,20.1,1.4623432254478));
#1812=CARTESIAN_POINT('Ctrl Pts',(66.0499999999999,20.1,1.99013961553446));
#1813=CARTESIAN_POINT('Ctrl Pts',(65.9991799202748,20.1,2.56674970537562));
#1814=CARTESIAN_POINT('Ctrl Pts',(65.7811581603422,20.1,3.69760043253756));
#1815=CARTESIAN_POINT('Ctrl Pts',(65.6140078063629,20.1,4.25185096466698));
#1816=CARTESIAN_POINT('Ctrl Pts',(65.224518852223,20.1,5.22825203412219));
#1817=CARTESIAN_POINT('Ctrl Pts',(64.9668239444543,20.1,5.74132327804368));
#1818=CARTESIAN_POINT('Ctrl Pts',(64.3522397951465,20.1,6.70387200385564));
#1819=CARTESIAN_POINT('Ctrl Pts',(63.9952600148199,20.1,7.15329167403536));
#1820=CARTESIAN_POINT('Ctrl Pts',(63.285905977438,20.1,7.89769890480231));
#1821=CARTESIAN_POINT('Ctrl Pts',(62.8705929973008,20.1,8.26399673109026));
#1822=CARTESIAN_POINT('Ctrl Pts',(61.9720860343366,20.1,8.89982172184441));
#1823=CARTESIAN_POINT('Ctrl Pts',(61.4887268501995,20.1,9.16911540228414));
#1824=CARTESIAN_POINT('Ctrl Pts',(60.5849266443416,20.1,9.56452332773854));
#1825=CARTESIAN_POINT('Ctrl Pts',(60.0837217260296,20.1,9.73115024281312));
#1826=CARTESIAN_POINT('Ctrl Pts',(59.0571118882837,20.1,9.94897764272828));
#1827=CARTESIAN_POINT('Ctrl Pts',(58.5316691796193,20.1,9.99999999072292));
#1828=CARTESIAN_POINT('Ctrl Pts',(58.0499999999999,20.1,9.99999999072293));
#1829=CARTESIAN_POINT('',(58.0499999999998,14.9993585263096,13.3269180157744));
#1830=CARTESIAN_POINT('Origin',(58.0500000000001,28.3486180647432,28.2197777067652));
#1831=CARTESIAN_POINT('',(66.0499999999996,9.65965471093596,7.36977413937806));
#1832=CARTESIAN_POINT('Origin',(58.0499999999996,9.65965471093618,7.36977413937806));
#1833=CARTESIAN_POINT('Origin',(66.0500000000002,28.348618064743,28.2197777067652));
#1834=CARTESIAN_POINT('Origin',(58.0500000000001,28.3486180647432,28.2197777067652));
#1835=CARTESIAN_POINT('',(66.0485936263817,8.61089273716417,8.57175747842972));
#1836=CARTESIAN_POINT('Ctrl Pts',(66.0485936263817,8.61089273716417,8.57175747842972));
#1837=CARTESIAN_POINT('Ctrl Pts',(66.0485936263817,8.62634567128242,8.55623399231832));
#1838=CARTESIAN_POINT('Ctrl Pts',(66.0485952231185,8.64175734622653,8.54066799697914));
#1839=CARTESIAN_POINT('Ctrl Pts',(66.0486603820875,8.95613068728896,8.22142446765024));
#1840=CARTESIAN_POINT('Ctrl Pts',(66.0495143313936,9.23885087995478,7.90237939741941));
#1841=CARTESIAN_POINT('Ctrl Pts',(66.049953650532,9.55674325956625,7.50321687825852));
#1842=CARTESIAN_POINT('Ctrl Pts',(66.0499999999996,9.60855378790749,7.4367527553482));
#1843=CARTESIAN_POINT('Ctrl Pts',(66.0499999999996,9.65965471093615,7.3697741393782));
#1844=CARTESIAN_POINT('',(58.0499999999997,14.1743090323709,14.1098888533827));
#1845=CARTESIAN_POINT('Origin',(58.0500000000001,28.3486180647432,28.2197777067652));
#1846=CARTESIAN_POINT('Origin',(58.0499999999996,8.50458541942196,8.4659333120297));
#1847=CARTESIAN_POINT('Origin',(58.0500000000001,28.3486180647432,-28.2197777067652));
#1848=CARTESIAN_POINT('',(58.0499999999999,20.1,-10.));
#1849=CARTESIAN_POINT('',(66.0499999999994,20.1,-1.46234322544778));
#1850=CARTESIAN_POINT('Ctrl Pts',(58.0499999999999,20.1,-9.99999999072292));
#1851=CARTESIAN_POINT('Ctrl Pts',(58.5316691796193,20.1,-9.99999999072291));
#1852=CARTESIAN_POINT('Ctrl Pts',(59.0571118882837,20.1,-9.94897764272827));
#1853=CARTESIAN_POINT('Ctrl Pts',(60.0837217260296,20.1,-9.73115024281311));
#1854=CARTESIAN_POINT('Ctrl Pts',(60.5849266443416,20.1,-9.56452332773853));
#1855=CARTESIAN_POINT('Ctrl Pts',(61.4887268501995,20.1,-9.16911540228412));
#1856=CARTESIAN_POINT('Ctrl Pts',(61.9720860343366,20.1,-8.89982172184438));
#1857=CARTESIAN_POINT('Ctrl Pts',(62.8705929973008,20.1,-8.26399673109024));
#1858=CARTESIAN_POINT('Ctrl Pts',(63.285905977438,20.1,-7.8976989048023));
#1859=CARTESIAN_POINT('Ctrl Pts',(63.9952600148199,20.1,-7.15329167403535));
#1860=CARTESIAN_POINT('Ctrl Pts',(64.3522397951465,20.1,-6.70387200385563));
#1861=CARTESIAN_POINT('Ctrl Pts',(64.9668239444543,20.1,-5.74132327804367));
#1862=CARTESIAN_POINT('Ctrl Pts',(65.224518852223,20.1,-5.22825203412217));
#1863=CARTESIAN_POINT('Ctrl Pts',(65.6140078063629,20.1,-4.25185096466696));
#1864=CARTESIAN_POINT('Ctrl Pts',(65.7811581603422,20.1,-3.69760043253755));
#1865=CARTESIAN_POINT('Ctrl Pts',(65.9991799202748,20.1,-2.56674970537561));
#1866=CARTESIAN_POINT('Ctrl Pts',(66.0499999999999,20.1,-1.99013961553444));
#1867=CARTESIAN_POINT('Ctrl Pts',(66.0499999999999,20.1,-1.46234322544778));
#1868=CARTESIAN_POINT('',(66.0499999999996,9.65965471093598,-7.36977413937803));
#1869=CARTESIAN_POINT('Origin',(66.0500000000002,28.348618064743,-28.2197777067652));
#1870=CARTESIAN_POINT('',(58.0499999999998,14.9993585263096,-13.3269180157744));
#1871=CARTESIAN_POINT('Origin',(58.0499999999996,9.6596547109362,-7.36977413937804));
#1872=CARTESIAN_POINT('Origin',(58.0500000000001,28.3486180647432,-28.2197777067652));
#1873=CARTESIAN_POINT('Origin',(58.0500000000001,28.3486180647432,-28.2197777067652));
#1874=CARTESIAN_POINT('',(66.0485936263817,8.61089273716418,-8.57175747842971));
#1875=CARTESIAN_POINT('Ctrl Pts',(66.0499999999996,9.65965471093617,-7.36977413937818));
#1876=CARTESIAN_POINT('Ctrl Pts',(66.0499999999996,9.57810435987239,-7.47666319973931));
#1877=CARTESIAN_POINT('Ctrl Pts',(66.0498830170282,9.49475247975497,-7.58223447542063));
#1878=CARTESIAN_POINT('Ctrl Pts',(66.049265826292,9.15804511128256,-7.99442691040214));
#1879=CARTESIAN_POINT('Ctrl Pts',(66.0485936263817,8.8915073908483,-8.28986164908182));
#1880=CARTESIAN_POINT('Ctrl Pts',(66.0485936263817,8.61089273716418,-8.57175747842971));
#1881=CARTESIAN_POINT('',(58.0499999999997,14.1743090323709,-14.1098888533827));
#1882=CARTESIAN_POINT('Origin',(58.0499999999996,8.50458541942196,-8.4659333120297));
#1883=CARTESIAN_POINT('Origin',(58.0500000000001,28.3486180647432,-28.2197777067652));
#1884=CARTESIAN_POINT('Origin',(58.0499999999994,-1.62218450626692E-12,
0.));
#1885=CARTESIAN_POINT('',(66.0485936263811,-12.1500000000016,-1.48794586096401E-15));
#1886=CARTESIAN_POINT('Origin',(66.0485936263814,-1.84596612104438E-12,
0.));
#1887=CARTESIAN_POINT('Origin',(66.0485936263814,-1.84596612104438E-12,
0.));
#1888=CARTESIAN_POINT('Origin',(58.0499999999994,-1.62218450626692E-12,
0.));
#1889=CARTESIAN_POINT('Origin',(65.5499999999994,-1.83201665792107E-12,
0.));
#1890=CARTESIAN_POINT('',(65.049999999999,-12.1500000000016,-1.48794586096401E-15));
#1891=CARTESIAN_POINT('',(65.549999999999,-12.1500000000016,-1.48794586096401E-15));
#1892=CARTESIAN_POINT('Origin',(65.0499999999994,-1.81802784781079E-12,
0.));
#1893=CARTESIAN_POINT('Origin',(66.0499999999994,-1.84600546803135E-12,
0.));
#1894=CARTESIAN_POINT('Ctrl Pts',(52.5230188016519,22.9870163203945,-9.82261794938022));
#1895=CARTESIAN_POINT('Ctrl Pts',(50.7951300007058,21.5557879494049,-10.470576249735));
#1896=CARTESIAN_POINT('Ctrl Pts',(48.3683912051147,20.2436991704167,-11.3806032980817));
#1897=CARTESIAN_POINT('Ctrl Pts',(45.399211442444,19.1353171937015,-12.4940457090833));
#1898=CARTESIAN_POINT('Ctrl Pts',(52.8906373230762,22.4807872007126,-9.68476100384609));
#1899=CARTESIAN_POINT('Ctrl Pts',(51.1487329023798,20.905957913512,-10.3378271968946));
#1900=CARTESIAN_POINT('Ctrl Pts',(48.7021036363147,19.4507778064599,-11.2561233863072));
#1901=CARTESIAN_POINT('Ctrl Pts',(45.705297600498,18.2000544962929,-12.3792633998131));
#1902=CARTESIAN_POINT('Ctrl Pts',(53.6879965556507,21.468387209178,-9.57483494481036));
#1903=CARTESIAN_POINT('Ctrl Pts',(51.9385581896749,19.6064706804986,-10.2929428165816));
#1904=CARTESIAN_POINT('Ctrl Pts',(49.4804362855549,17.864699481723,-11.302999021554));
#1905=CARTESIAN_POINT('Ctrl Pts',(46.4673004236227,16.3301638543692,-12.5498786680172));
#1906=CARTESIAN_POINT('Ctrl Pts',(54.5499042506158,20.5318060821917,-9.80450894207479));
#1907=CARTESIAN_POINT('Ctrl Pts',(52.8148089832783,18.4286993365301,-10.6936120143478));
#1908=CARTESIAN_POINT('Ctrl Pts',(50.3776617837369,16.4788546418779,-11.9457315622393));
#1909=CARTESIAN_POINT('Ctrl Pts',(47.3937123370171,14.7921202179705,-13.4892569859501));
#1910=CARTESIAN_POINT('Ctrl Pts',(54.9808828927707,20.0999999965144,-9.99999999230098));
#1911=CARTESIAN_POINT('Ctrl Pts',(53.2529940918246,17.8981101949919,-10.9968589159238));
#1912=CARTESIAN_POINT('Ctrl Pts',(50.8262552962335,15.8795120734716,-12.3969005287649));
#1913=CARTESIAN_POINT('Ctrl Pts',(47.8570755335628,14.1743090323712,-14.1098888533827));
#1914=CARTESIAN_POINT('',(47.8570755335628,14.1743090323712,-14.1098888533827));
#1915=CARTESIAN_POINT('',(45.399211442444,19.1353171937015,-12.4940457090833));
#1916=CARTESIAN_POINT('Origin',(47.8570755335629,19.1353171937015,-19.0483499520666));
#1917=CARTESIAN_POINT('',(47.7364715079455,20.1,-11.6175731845202));
#1918=CARTESIAN_POINT('Origin',(20.9420707632495,28.3486180647442,-21.665473463782));
#1919=CARTESIAN_POINT('',(54.9808828794256,20.1,-10.));
#1920=CARTESIAN_POINT('Ctrl Pts',(47.7364715079455,20.1,-11.6175731845202));
#1921=CARTESIAN_POINT('Ctrl Pts',(49.1438441907805,20.1,-11.0898084284571));
#1922=CARTESIAN_POINT('Ctrl Pts',(50.6650104533135,20.1,-10.5993307656604));
#1923=CARTESIAN_POINT('Ctrl Pts',(53.0807056366381,20.1,-10.1180529981368));
#1924=CARTESIAN_POINT('Ctrl Pts',(54.0345059972466,20.1,-9.99999999205897));
#1925=CARTESIAN_POINT('Ctrl Pts',(54.9808828794256,20.1,-9.99999999072296));
#1926=CARTESIAN_POINT('Origin',(23.3999348543684,28.3486180647442,-28.2197777067652));
#1927=CARTESIAN_POINT('Ctrl Pts',(40.2057526892768,11.6797453972421,-16.2352563101291));
#1928=CARTESIAN_POINT('Ctrl Pts',(42.5049409554276,12.5675099640349,-15.5965929028649));
#1929=CARTESIAN_POINT('Ctrl Pts',(45.0668259262626,13.4027622747384,-14.884958188744));
#1930=CARTESIAN_POINT('Ctrl Pts',(47.8570755335629,14.1743090323711,-14.1098888533828));
#1931=CARTESIAN_POINT('Ctrl Pts',(39.7598416696604,12.2434472615482,-15.8297256471522));
#1932=CARTESIAN_POINT('Ctrl Pts',(42.0540146987374,13.1581090640996,-15.1247434957972));
#1933=CARTESIAN_POINT('Ctrl Pts',(44.6101455126844,14.0122170351087,-14.3410025578548));
#1934=CARTESIAN_POINT('Ctrl Pts',(47.3937123370171,14.7921202179705,-13.4892569859502));
#1935=CARTESIAN_POINT('Ctrl Pts',(38.8681616571498,13.5429795984711,-15.2583078700583));
#1936=CARTESIAN_POINT('Ctrl Pts',(41.1523860720534,14.5474874609481,-14.4432555913105));
#1937=CARTESIAN_POINT('Ctrl Pts',(43.6969365815372,15.481390036828,-13.535832943158));
#1938=CARTESIAN_POINT('Ctrl Pts',(46.4672975391893,16.3301580323638,-12.5498651806496));
#1939=CARTESIAN_POINT('Ctrl Pts',(38.0868154015997,15.0260186508939,-15.2361942244003));
#1940=CARTESIAN_POINT('Ctrl Pts',(40.376428194689,16.1597847539549,-14.3774256359504));
#1941=CARTESIAN_POINT('Ctrl Pts',(42.9275479483102,17.2228710171907,-13.4212191650977));
#1942=CARTESIAN_POINT('Ctrl Pts',(45.7052976004981,18.2000544962928,-12.3792633998132));
#1943=CARTESIAN_POINT('Ctrl Pts',(37.7478885981581,15.7676562862772,-15.3632917756909));
#1944=CARTESIAN_POINT('Ctrl Pts',(40.0470768643089,16.9661384514474,-14.5010961758843));
#1945=CARTESIAN_POINT('Ctrl Pts',(42.6089618351438,18.0937290708971,-13.5403893118211));
#1946=CARTESIAN_POINT('Ctrl Pts',(45.3992114424441,19.1353171937013,-12.4940457090834));
#1947=CARTESIAN_POINT('',(40.2057526892768,11.6797453972421,-16.235256310129));
#1948=CARTESIAN_POINT('',(37.747888598158,15.7676562862772,-15.3632917756908));
#1949=CARTESIAN_POINT('Origin',(40.2057526892769,15.7676562862772,-21.9175960186741));
#1950=CARTESIAN_POINT('Origin',(96.1948113146179,-2.75815073870703E-12,
6.55430424298325));
#1951=CARTESIAN_POINT('Origin',(98.6526754057368,-2.75815073870703E-12,
0.));
#1952=CARTESIAN_POINT('Ctrl Pts',(37.747888598158,15.7676562862773,-15.3632917756908));
#1953=CARTESIAN_POINT('Ctrl Pts',(37.1474824757225,15.2356079680401,-15.5884440716041));
#1954=CARTESIAN_POINT('Ctrl Pts',(36.0184168126223,14.4324158428989,-15.8969299953823));
#1955=CARTESIAN_POINT('Ctrl Pts',(34.771804823612,14.1421356237298,-16.0000000000004));
#1956=CARTESIAN_POINT('Ctrl Pts',(34.2366541822739,14.1421356237298,-16.0000000000004));
#1957=CARTESIAN_POINT('Ctrl Pts',(38.4257422050411,14.2843810155108,-15.1090966731096));
#1958=CARTESIAN_POINT('Ctrl Pts',(37.730045071945,13.8203941730959,-15.4210414181945));
#1959=CARTESIAN_POINT('Ctrl Pts',(36.3911095935794,13.1130373352387,-15.8540064067895));
#1960=CARTESIAN_POINT('Ctrl Pts',(34.8836969759906,12.8558025607206,-16.0000000000004));
#1961=CARTESIAN_POINT('Ctrl Pts',(34.2366541822739,12.8558025607206,-16.0000000000004));
#1962=CARTESIAN_POINT('Ctrl Pts',(39.3139306500439,12.8071491258544,-15.4241949841752));
#1963=CARTESIAN_POINT('Ctrl Pts',(38.4566807735218,12.4090318315223,-15.7538268628228));
#1964=CARTESIAN_POINT('Ctrl Pts',(36.8280819155004,11.7959174739995,-16.2098452763836));
#1965=CARTESIAN_POINT('Ctrl Pts',(35.0149398691119,11.5714212194,-16.3632779024313));
#1966=CARTESIAN_POINT('Ctrl Pts',(34.2366541822738,11.5714212194001,-16.3632779024313));
#1967=CARTESIAN_POINT('Ctrl Pts',(40.2057526892767,11.6797453972422,-16.235256310129));
#1968=CARTESIAN_POINT('Ctrl Pts',(39.1850622811365,11.2856355318813,-16.5187814235013));
#1969=CARTESIAN_POINT('Ctrl Pts',(37.265650653866,10.6906784021471,-16.9072451793701));
#1970=CARTESIAN_POINT('Ctrl Pts',(35.1464102725487,10.4756560175774,-17.0370370370374));
#1971=CARTESIAN_POINT('Ctrl Pts',(34.2366541822738,10.4756560175774,-17.0370370370374));
#1972=CARTESIAN_POINT('',(34.2366541822738,10.4756560175774,-17.0370370370374));
#1973=CARTESIAN_POINT('',(34.2366541822739,14.1421356237298,-16.0000000000004));
#1974=CARTESIAN_POINT('Origin',(34.2366541822739,14.1421356237298,-23.0000000000004));
#1975=CARTESIAN_POINT('Ctrl Pts',(34.2366541822739,14.1421356237298,-16.0000000000004));
#1976=CARTESIAN_POINT('Ctrl Pts',(34.771804823612,14.1421356237298,-16.0000000000004));
#1977=CARTESIAN_POINT('Ctrl Pts',(36.0184168126223,14.4324158428989,-15.8969299953823));
#1978=CARTESIAN_POINT('Ctrl Pts',(37.1474824757225,15.2356079680401,-15.5884440716041));
#1979=CARTESIAN_POINT('Ctrl Pts',(37.747888598158,15.7676562862773,-15.3632917756908));
#1980=CARTESIAN_POINT('Ctrl Pts',(40.2057526892767,11.6797453972422,-16.235256310129));
#1981=CARTESIAN_POINT('Ctrl Pts',(39.1850622811365,11.2856355318813,-16.5187814235013));
#1982=CARTESIAN_POINT('Ctrl Pts',(37.265650653866,10.6906784021471,-16.9072451793701));
#1983=CARTESIAN_POINT('Ctrl Pts',(35.1464102725487,10.4756560175774,-17.0370370370374));
#1984=CARTESIAN_POINT('Ctrl Pts',(34.2366541822738,10.4756560175774,-17.0370370370374));
#1985=CARTESIAN_POINT('Origin',(23.0499999999995,14.1421356237301,-23.0000000000004));
#1986=CARTESIAN_POINT('',(14.3257077064368,10.475656017578,-17.0370370370374));
#1987=CARTESIAN_POINT('',(14.3257077064369,14.1421356237304,-16.0000000000004));
#1988=CARTESIAN_POINT('Origin',(14.3257077064369,14.1421356237304,-23.0000000000004));
#1989=CARTESIAN_POINT('',(23.0499999999995,14.1421356237301,-16.0000000000004));
#1990=CARTESIAN_POINT('',(23.0499999999994,10.4756560175777,-17.0370370370374));
#1991=CARTESIAN_POINT('Ctrl Pts',(14.3257077064369,14.1421356237303,-16.0000000000004));
#1992=CARTESIAN_POINT('Ctrl Pts',(13.6473585221002,14.1421356237304,-16.0000000000004));
#1993=CARTESIAN_POINT('Ctrl Pts',(12.0724950095161,14.6180487090742,-15.8324286190078));
#1994=CARTESIAN_POINT('Ctrl Pts',(10.7106547454511,15.8106697890029,-15.3571142778169));
#1995=CARTESIAN_POINT('Ctrl Pts',(9.9983970305889,16.5591766518448,-15.015230574683));
#1996=CARTESIAN_POINT('Ctrl Pts',(14.3257077064368,12.8558025607211,-16.0000000000004));
#1997=CARTESIAN_POINT('Ctrl Pts',(13.5055256540503,12.8558025607212,-16.0000000000004));
#1998=CARTESIAN_POINT('Ctrl Pts',(11.6016574454917,13.2777498389532,-15.7621676355076));
#1999=CARTESIAN_POINT('Ctrl Pts',(10.0060304155214,14.3251617980689,-15.09913612914));
#2000=CARTESIAN_POINT('Ctrl Pts',(9.20134094216224,14.972729889219,-14.6326436522382));
#2001=CARTESIAN_POINT('Ctrl Pts',(14.3257077064368,11.5714212194006,-16.3632779024313));
#2002=CARTESIAN_POINT('Ctrl Pts',(13.339164067944,11.5714212194007,-16.3632779024313));
#2003=CARTESIAN_POINT('Ctrl Pts',(11.0488130312901,11.9399016727555,-16.1134055164083));
#2004=CARTESIAN_POINT('Ctrl Pts',(9.09442953655938,12.8447834631883,-15.4142578154954));
#2005=CARTESIAN_POINT('Ctrl Pts',(8.08863651730448,13.3957116582556,-14.9198000542024));
#2006=CARTESIAN_POINT('Ctrl Pts',(14.3257077064368,10.475656017578,-17.0370370370374));
#2007=CARTESIAN_POINT('Ctrl Pts',(13.1725140930645,10.475656017578,-17.0370370370374));
#2008=CARTESIAN_POINT('Ctrl Pts',(10.4952461216714,10.8281842289439,-16.8260212239356));
#2009=CARTESIAN_POINT('Ctrl Pts',(8.18011767276115,11.7116072511131,-16.2274772387324));
#2010=CARTESIAN_POINT('Ctrl Pts',(6.96927955749521,12.2660567791443,-15.7969570199711));
#2011=CARTESIAN_POINT('',(6.9692795574952,12.2660567791443,-15.7969570199711));
#2012=CARTESIAN_POINT('',(9.9983970305889,16.5591766518448,-15.015230574683));
#2013=CARTESIAN_POINT('Origin',(6.96927955749533,16.5591766518448,-21.3258919769609));
#2014=CARTESIAN_POINT('Ctrl Pts',(9.9983970305889,16.5591766518448,-15.015230574683));
#2015=CARTESIAN_POINT('Ctrl Pts',(10.7106547454511,15.8106697890029,-15.3571142778169));
#2016=CARTESIAN_POINT('Ctrl Pts',(12.0724950095161,14.6180487090742,-15.8324286190078));
#2017=CARTESIAN_POINT('Ctrl Pts',(13.6473585221002,14.1421356237304,-16.0000000000004));
#2018=CARTESIAN_POINT('Ctrl Pts',(14.3257077064369,14.1421356237303,-16.0000000000004));
#2019=CARTESIAN_POINT('Ctrl Pts',(14.3257077064368,10.475656017578,-17.0370370370374));
#2020=CARTESIAN_POINT('Ctrl Pts',(13.1725140930645,10.475656017578,-17.0370370370374));
#2021=CARTESIAN_POINT('Ctrl Pts',(10.4952461216714,10.8281842289439,-16.8260212239356));
#2022=CARTESIAN_POINT('Ctrl Pts',(8.18011767276115,11.7116072511131,-16.2274772387324));
#2023=CARTESIAN_POINT('Ctrl Pts',(6.96927955749521,12.2660567791443,-15.7969570199711));
#2024=CARTESIAN_POINT('Ctrl Pts',(0.0975859077624941,14.8888888888889,-13.3536881667325));
#2025=CARTESIAN_POINT('Ctrl Pts',(2.60264529527897,14.0900403659027,-14.2443759489607));
#2026=CARTESIAN_POINT('Ctrl Pts',(4.90551234748293,13.211067298,-15.0631731230777));
#2027=CARTESIAN_POINT('Ctrl Pts',(6.96927955749528,12.2660567791444,-15.796957019971));
#2028=CARTESIAN_POINT('Ctrl Pts',(0.765838178454853,15.5808835340843,-12.5821386700408));
#2029=CARTESIAN_POINT('Ctrl Pts',(3.25981498864678,14.7801528965558,-13.5687368841428));
#2030=CARTESIAN_POINT('Ctrl Pts',(5.55334059314278,13.8843321773358,-14.4780483800953));
#2031=CARTESIAN_POINT('Ctrl Pts',(7.60891210595774,12.9115738529223,-15.2957244681032));
#2032=CARTESIAN_POINT('Ctrl Pts',(1.93377224876351,17.2253368555498,-11.6238356136372));
#2033=CARTESIAN_POINT('Ctrl Pts',(4.40896622534838,16.3484344429609,-12.7589967925134));
#2034=CARTESIAN_POINT('Ctrl Pts',(6.68599595536644,15.3648236106715,-13.8052338988159));
#2035=CARTESIAN_POINT('Ctrl Pts',(8.72754526234186,14.2925688774189,-14.7437662051326));
#2036=CARTESIAN_POINT('Ctrl Pts',(2.82502111583324,19.2377843058839,-11.5720101355999));
#2037=CARTESIAN_POINT('Ctrl Pts',(5.31486206421163,18.2197210772337,-12.7672577598277));
#2038=CARTESIAN_POINT('Ctrl Pts',(7.60458240190124,17.0940219481268,-13.8661382511103));
#2039=CARTESIAN_POINT('Ctrl Pts',(9.65680156412047,15.8792708964339,-14.851264750778));
#2040=CARTESIAN_POINT('Ctrl Pts',(3.12670338085628,20.1,-11.716817622811));
#2041=CARTESIAN_POINT('Ctrl Pts',(5.63176276837274,19.0215544939687,-12.919246128819));
#2042=CARTESIAN_POINT('Ctrl Pts',(7.93462982057671,17.8349408523001,-14.024622313877));
#2043=CARTESIAN_POINT('Ctrl Pts',(9.99839703058905,16.559176651845,-15.015230574683));
#2044=CARTESIAN_POINT('',(0.0975859077625411,14.8888888888889,-13.3536881667326));
#2045=CARTESIAN_POINT('',(3.12670338085622,20.1,-11.7168176228111));
#2046=CARTESIAN_POINT('Origin',(0.0975859077626451,20.1,-18.027479025089));
#2047=CARTESIAN_POINT('Origin',(-34.4305445880764,1.04994854627383E-12,
6.31066140227784));
#2048=CARTESIAN_POINT('Origin',(-37.45966206117,1.04994854627383E-12,0.));
#2049=CARTESIAN_POINT('Ctrl Pts',(3.12670338085624,20.1,-11.7168176228111));
#2050=CARTESIAN_POINT('Ctrl Pts',(2.4874102494092,20.3752201437145,-11.4099569197165));
#2051=CARTESIAN_POINT('Ctrl Pts',(1.83498454564558,20.6434119129328,-11.09679258191));
#2052=CARTESIAN_POINT('Ctrl Pts',(1.17011033458879,20.9042941099525,-10.7776529606027));
#2053=CARTESIAN_POINT('Ctrl Pts',(2.72446036082553,18.9503790745119,-11.5237409731964));
#2054=CARTESIAN_POINT('Ctrl Pts',(2.09038197898709,19.2049841971737,-11.2192123355219));
#2055=CARTESIAN_POINT('Ctrl Pts',(1.44315516128504,19.4527318373053,-10.9089094950652));
#2056=CARTESIAN_POINT('Ctrl Pts',(0.783842346165916,19.69305444296,-10.5922443261597));
#2057=CARTESIAN_POINT('Ctrl Pts',(1.7685831234062,16.9411114251077,-11.7130608195399));
#2058=CARTESIAN_POINT('Ctrl Pts',(1.13631147760606,17.1599704637377,-11.4280334811778));
#2059=CARTESIAN_POINT('Ctrl Pts',(0.491214366837097,17.3718356225385,-11.1372056952467));
#2060=CARTESIAN_POINT('Ctrl Pts',(-0.166124382847175,17.5765742704368,-10.8412149234201));
#2061=CARTESIAN_POINT('Ctrl Pts',(0.598775110781776,15.4078848727855,-12.7750260442138));
#2062=CARTESIAN_POINT('Ctrl Pts',(-0.0384211461618644,15.6121698914371,
-12.5294450355762));
#2063=CARTESIAN_POINT('Ctrl Pts',(-0.688646986229243,15.8106880638516,-12.2789814233091));
#2064=CARTESIAN_POINT('Ctrl Pts',(-1.35127146052901,16.0029890839274,-12.0239366615097));
#2065=CARTESIAN_POINT('Ctrl Pts',(0.0975859077625171,14.888888888889,-13.3536881667326));
#2066=CARTESIAN_POINT('Ctrl Pts',(-0.541707223684528,15.0927556620108,-13.1263839422181));
#2067=CARTESIAN_POINT('Ctrl Pts',(-1.19413292744814,15.2914162318022,-12.8944103586577));
#2068=CARTESIAN_POINT('Ctrl Pts',(-1.85900713850493,15.4846623036686,-12.6580106391708));
#2069=CARTESIAN_POINT('',(0.891037442030599,20.1,-10.7015807853962));
#2070=CARTESIAN_POINT('Ctrl Pts',(0.891037442030548,20.1,-10.7015807853963));
#2071=CARTESIAN_POINT('Ctrl Pts',(1.65789191259913,20.1,-11.031778366877));
#2072=CARTESIAN_POINT('Ctrl Pts',(2.40409265022748,20.1,-11.3699644721093));
#2073=CARTESIAN_POINT('Ctrl Pts',(3.12670338085624,20.1,-11.7168176228111));
#2074=CARTESIAN_POINT('',(-1.85900713850491,15.4846623036685,-12.6580106391708));
#2075=CARTESIAN_POINT('Origin',(-37.45966206117,1.04994854627383E-12,0.));
#2076=CARTESIAN_POINT('Origin',(-1.85900713850478,20.9042941099525,-17.0883143628805));
#2077=CARTESIAN_POINT('Ctrl Pts',(0.891037442030614,20.0999999999999,-10.7015807853963));
#2078=CARTESIAN_POINT('Ctrl Pts',(0.64739467020494,20.3915675742025,-10.5599536835522));
#2079=CARTESIAN_POINT('Ctrl Pts',(0.488589722047908,20.7244048346048,-10.4689896503106));
#2080=CARTESIAN_POINT('Ctrl Pts',(0.440737123403382,21.0656710917351,-10.4415310302704));
#2081=CARTESIAN_POINT('Ctrl Pts',(0.546336625326856,19.1814473395664,-10.6688322581755));
#2082=CARTESIAN_POINT('Ctrl Pts',(0.257379453879652,19.7168737568921,-10.4500331361751));
#2083=CARTESIAN_POINT('Ctrl Pts',(0.0765030432579469,20.3024518463916,-10.3135152225726));
#2084=CARTESIAN_POINT('Ctrl Pts',(0.021535932613644,20.8979388627608,-10.2723902899701));
#2085=CARTESIAN_POINT('Ctrl Pts',(-0.307565502918504,17.3930572843392,-10.9858670929183));
#2086=CARTESIAN_POINT('Ctrl Pts',(-0.61174410068736,18.3804902796601,-10.446581381549));
#2087=CARTESIAN_POINT('Ctrl Pts',(-0.798227369615348,19.4645229982862,-10.1248255803966));
#2088=CARTESIAN_POINT('Ctrl Pts',(-0.854976699122145,20.564569912091,-10.0265290008505));
#2089=CARTESIAN_POINT('Ctrl Pts',(-1.34175768272416,16.0127013141911,-12.0120555997743));
#2090=CARTESIAN_POINT('Ctrl Pts',(-1.57347816756415,17.176884606662,-10.9085456031092));
#2091=CARTESIAN_POINT('Ctrl Pts',(-1.7248178720429,18.6786008743111,-10.1915255082229));
#2092=CARTESIAN_POINT('Ctrl Pts',(-1.77043741501648,20.2495635717263,-9.97593544854553));
#2093=CARTESIAN_POINT('Ctrl Pts',(-1.85900713850489,15.4846623036685,-12.6580106391708));
#2094=CARTESIAN_POINT('Ctrl Pts',(-2.05417085559258,16.6333323478436,-11.2528318761391));
#2095=CARTESIAN_POINT('Ctrl Pts',(-2.18813220805921,18.3081162282751,-10.2883101383788));
#2096=CARTESIAN_POINT('Ctrl Pts',(-2.22817529598442,20.0999999957032,-9.99999990531702));
#2097=CARTESIAN_POINT('',(-2.22817528283403,20.1,-10.));
#2098=CARTESIAN_POINT('Ctrl Pts',(-2.22817528283402,20.1,-9.99999990462566));
#2099=CARTESIAN_POINT('Ctrl Pts',(-1.80043724693668,20.1,-9.99999990543956));
#2100=CARTESIAN_POINT('Ctrl Pts',(-1.3747561699858,20.1,-10.0393570243017));
#2101=CARTESIAN_POINT('Ctrl Pts',(-0.413980748296738,20.1,-10.2166643893063));
#2102=CARTESIAN_POINT('Ctrl Pts',(0.0448450852710799,20.1000000000001,-10.3656872801702));
#2103=CARTESIAN_POINT('Ctrl Pts',(0.582519967957532,20.1000000000001,-10.5716008271169));
#2104=CARTESIAN_POINT('Ctrl Pts',(0.737968803726392,20.1,-10.6356714165286));
#2105=CARTESIAN_POINT('Ctrl Pts',(0.891037442030552,20.1,-10.7015807853963));
#2106=CARTESIAN_POINT('Origin',(-1.19973575104799,21.291410667544,-17.4047646288598));
#2107=CARTESIAN_POINT('Origin',(-0.450000000000021,21.291410667544,-17.4047646288598));
#2108=CARTESIAN_POINT('',(-19.9500000000004,15.4846623036682,-12.6580106391702));
#2109=CARTESIAN_POINT('',(-0.450000000000183,15.4846623036684,-12.6580106391708));
#2110=CARTESIAN_POINT('',(-19.9500000000003,20.1,-10.));
#2111=CARTESIAN_POINT('Origin',(-19.9500000000003,21.2914106675445,-17.4047646288598));
#2112=CARTESIAN_POINT('',(-0.450000000000021,20.1,-10.));
#2113=CARTESIAN_POINT('Origin',(23.0499999999991,-6.42967798547561E-13,
0.));
#2114=CARTESIAN_POINT('',(47.8570755335628,14.1743090323712,14.1098888533827));
#2115=CARTESIAN_POINT('',(64.9397223753249,14.1743090323707,14.1098888533827));
#2116=CARTESIAN_POINT('',(40.2057526892768,11.6797453972422,16.235256310129));
#2117=CARTESIAN_POINT('Origin',(98.6526754057369,-2.75815073870703E-12,
0.));
#2118=CARTESIAN_POINT('',(34.2366541822738,10.4756560175774,17.0370370370374));
#2119=CARTESIAN_POINT('Ctrl Pts',(34.2366541822738,10.4756560175774,17.0370370370374));
#2120=CARTESIAN_POINT('Ctrl Pts',(35.1464109819493,10.4756560175774,17.0370370370374));
#2121=CARTESIAN_POINT('Ctrl Pts',(37.2656479452167,10.6906778406429,16.9072455329808));
#2122=CARTESIAN_POINT('Ctrl Pts',(39.1850614852331,11.2856352245664,16.5187816445856));
#2123=CARTESIAN_POINT('Ctrl Pts',(40.2057526892768,11.6797453972422,16.235256310129));
#2124=CARTESIAN_POINT('',(14.3257077064368,10.475656017578,17.0370370370374));
#2125=CARTESIAN_POINT('',(23.0499999999994,10.4756560175777,17.0370370370374));
#2126=CARTESIAN_POINT('',(6.96927955749526,12.2660567791445,15.7969570199711));
#2127=CARTESIAN_POINT('Ctrl Pts',(6.96927955749523,12.2660567791443,15.7969570199711));
#2128=CARTESIAN_POINT('Ctrl Pts',(7.87738405898247,11.8502306617595,16.1198386204999));
#2129=CARTESIAN_POINT('Ctrl Pts',(10.1324183351102,10.9464768112227,16.7560862431467));
#2130=CARTESIAN_POINT('Ctrl Pts',(12.7881570012231,10.475656017578,17.0370370370374));
#2131=CARTESIAN_POINT('Ctrl Pts',(14.3257077064368,10.475656017578,17.0370370370374));
#2132=CARTESIAN_POINT('',(0.0975859077625625,14.8888888888889,13.3536881667326));
#2133=CARTESIAN_POINT('Origin',(-37.4596620611699,1.04994854627383E-12,
0.));
#2134=CARTESIAN_POINT('',(-1.85900713850481,15.4846623036684,12.6580106391708));
#2135=CARTESIAN_POINT('Origin',(-37.4596620611699,1.04994854627383E-12,
0.));
#2136=CARTESIAN_POINT('',(-19.9500000000004,15.4846623036682,12.6580106391702));
#2137=CARTESIAN_POINT('',(-2.72756940616886,15.4846623036685,12.6580106391708));
#2138=CARTESIAN_POINT('',(-19.9500000000009,0.00391660658256412,19.9999996165041));
#2139=CARTESIAN_POINT('Origin',(-19.9500000000009,5.60069870936219E-13,
0.));
#2140=CARTESIAN_POINT('',(-19.9500000000009,0.00391660658256412,-19.9999996165041));
#2141=CARTESIAN_POINT('Origin',(-19.9500000000009,5.60069870936219E-13,
0.));
#2142=CARTESIAN_POINT('Origin',(-19.9500000000009,5.60069870936219E-13,
0.));
#2143=CARTESIAN_POINT('',(64.939722375325,14.1743090323707,-14.1098888533827));
#2144=CARTESIAN_POINT('Origin',(64.9397223753253,28.348618064743,-28.2197777067652));
#2145=CARTESIAN_POINT('',(64.9397223753253,20.1,-10.));
#2146=CARTESIAN_POINT('Ctrl Pts',(6.96927955749526,12.2660567791444,15.796957019971));
#2147=CARTESIAN_POINT('Ctrl Pts',(4.90551234748292,13.211067298,15.0631731230777));
#2148=CARTESIAN_POINT('Ctrl Pts',(2.60264529527896,14.0900403659027,14.2443759489607));
#2149=CARTESIAN_POINT('Ctrl Pts',(0.0975859077625119,14.8888888888889,13.3536881667325));
#2150=CARTESIAN_POINT('Ctrl Pts',(7.60891210595771,12.9115738529223,15.2957244681032));
#2151=CARTESIAN_POINT('Ctrl Pts',(5.55334059314277,13.8843321773358,14.4780483800953));
#2152=CARTESIAN_POINT('Ctrl Pts',(3.25981498864678,14.7801528965558,13.5687368841428));
#2153=CARTESIAN_POINT('Ctrl Pts',(0.765838178454871,15.5808835340843,12.5821386700408));
#2154=CARTESIAN_POINT('Ctrl Pts',(8.72754526234183,14.2925688774189,14.7437662051326));
#2155=CARTESIAN_POINT('Ctrl Pts',(6.68599595536643,15.3648236106715,13.8052338988159));
#2156=CARTESIAN_POINT('Ctrl Pts',(4.40896622534838,16.3484344429609,12.7589967925134));
#2157=CARTESIAN_POINT('Ctrl Pts',(1.93377224876353,17.2253368555498,11.6238356136372));
#2158=CARTESIAN_POINT('Ctrl Pts',(9.65680156412045,15.879270896434,14.851264750778));
#2159=CARTESIAN_POINT('Ctrl Pts',(7.60458240190122,17.0940219481268,13.8661382511103));
#2160=CARTESIAN_POINT('Ctrl Pts',(5.31486206421163,18.2197210772337,12.7672577598277));
#2161=CARTESIAN_POINT('Ctrl Pts',(2.82502111583326,19.2377843058839,11.5720101355999));
#2162=CARTESIAN_POINT('Ctrl Pts',(9.99839703058902,16.559176651845,15.0152305746829));
#2163=CARTESIAN_POINT('Ctrl Pts',(7.9346298205767,17.8349408523001,14.0246223138769));
#2164=CARTESIAN_POINT('Ctrl Pts',(5.63176276837274,19.0215544939687,12.919246128819));
#2165=CARTESIAN_POINT('Ctrl Pts',(3.1267033808563,20.1,11.716817622811));
#2166=CARTESIAN_POINT('',(9.99839703058891,16.5591766518451,15.015230574683));
#2167=CARTESIAN_POINT('Origin',(6.96927955749534,16.5591766518451,21.3258919769609));
#2168=CARTESIAN_POINT('',(3.12670338085623,20.1,11.7168176228111));
#2169=CARTESIAN_POINT('Origin',(-34.4305445880764,1.04994854627383E-12,
-6.31066140227783));
#2170=CARTESIAN_POINT('Origin',(0.0975859077626628,20.1,18.027479025089));
#2171=CARTESIAN_POINT('Ctrl Pts',(9.99839703058892,16.5591766518448,15.0152305746831));
#2172=CARTESIAN_POINT('Ctrl Pts',(10.5325761491109,15.9978113933753,15.2716365515736));
#2173=CARTESIAN_POINT('Ctrl Pts',(11.8590668997742,14.7777436951507,15.7768920166167));
#2174=CARTESIAN_POINT('Ctrl Pts',(13.4212661151347,14.1421356237304,16.0000000000004));
#2175=CARTESIAN_POINT('Ctrl Pts',(14.3257077064369,14.1421356237303,16.0000000000004));
#2176=CARTESIAN_POINT('Ctrl Pts',(9.20134094216225,14.972729889219,14.6326436522382));
#2177=CARTESIAN_POINT('Ctrl Pts',(9.80484204098294,14.4870667017302,14.9825037308429));
#2178=CARTESIAN_POINT('Ctrl Pts',(11.344693578012,13.4198566091764,15.68354934061));
#2179=CARTESIAN_POINT('Ctrl Pts',(13.2321606399016,12.8558025607212,16.0000000000004));
#2180=CARTESIAN_POINT('Ctrl Pts',(14.3257077064368,12.8558025607211,16.0000000000004));
#2181=CARTESIAN_POINT('Ctrl Pts',(8.0886365173045,13.3957116582556,14.9198000542024));
#2182=CARTESIAN_POINT('Ctrl Pts',(8.84296127536619,12.9825264705503,15.2906335398388));
#2183=CARTESIAN_POINT('Ctrl Pts',(10.7388011550728,12.0642940637285,16.0308749581167));
#2184=CARTESIAN_POINT('Ctrl Pts',(13.0103510746455,11.5714212194007,16.3632779024313));
#2185=CARTESIAN_POINT('Ctrl Pts',(14.3257077064368,11.5714212194006,16.3632779024313));
#2186=CARTESIAN_POINT('Ctrl Pts',(6.96927955749523,12.2660567791443,15.7969570199711));
#2187=CARTESIAN_POINT('Ctrl Pts',(7.87738405898247,11.8502306617595,16.1198386204999));
#2188=CARTESIAN_POINT('Ctrl Pts',(10.1324183351102,10.9464768112227,16.7560862431467));
#2189=CARTESIAN_POINT('Ctrl Pts',(12.7881570012231,10.475656017578,17.0370370370374));
#2190=CARTESIAN_POINT('Ctrl Pts',(14.3257077064368,10.475656017578,17.0370370370374));
#2191=CARTESIAN_POINT('',(14.3257077064369,14.1421356237303,16.0000000000004));
#2192=CARTESIAN_POINT('Origin',(14.3257077064369,14.1421356237303,23.0000000000004));
#2193=CARTESIAN_POINT('Ctrl Pts',(14.3257077064369,14.1421356237303,16.0000000000004));
#2194=CARTESIAN_POINT('Ctrl Pts',(13.4212661151347,14.1421356237304,16.0000000000004));
#2195=CARTESIAN_POINT('Ctrl Pts',(11.8590668997742,14.7777436951507,15.7768920166167));
#2196=CARTESIAN_POINT('Ctrl Pts',(10.5325761491109,15.9978113933753,15.2716365515736));
#2197=CARTESIAN_POINT('Ctrl Pts',(9.99839703058892,16.5591766518448,15.0152305746831));
#2198=CARTESIAN_POINT('Origin',(23.0499999999995,14.1421356237301,23.0000000000004));
#2199=CARTESIAN_POINT('',(34.2366541822739,14.1421356237298,16.0000000000004));
#2200=CARTESIAN_POINT('Origin',(34.2366541822739,14.1421356237298,23.0000000000004));
#2201=CARTESIAN_POINT('',(23.0499999999995,14.1421356237301,16.0000000000004));
#2202=CARTESIAN_POINT('Ctrl Pts',(34.2366541822739,14.1421356237298,16.0000000000004));
#2203=CARTESIAN_POINT('Ctrl Pts',(34.7718052409064,14.1421356237298,16.0000000000004));
#2204=CARTESIAN_POINT('Ctrl Pts',(36.0184152192992,14.4324150848683,15.8969302761908));
#2205=CARTESIAN_POINT('Ctrl Pts',(37.147482007544,15.2356075531648,15.5884442471711));
#2206=CARTESIAN_POINT('Ctrl Pts',(37.747888598158,15.7676562862774,15.3632917756908));
#2207=CARTESIAN_POINT('Ctrl Pts',(34.2366541822739,12.8558025607206,16.0000000000004));
#2208=CARTESIAN_POINT('Ctrl Pts',(34.8836974805352,12.8558025607206,16.0000000000004));
#2209=CARTESIAN_POINT('Ctrl Pts',(36.3911076830047,13.1130366662612,15.8540068046382));
#2210=CARTESIAN_POINT('Ctrl Pts',(37.7300445294614,13.820393811293,15.4210416614396));
#2211=CARTESIAN_POINT('Ctrl Pts',(38.4257422050412,14.2843810155109,15.1090966731096));
#2212=CARTESIAN_POINT('Ctrl Pts',(34.2366541822738,11.5714212194001,16.3632779024313));
#2213=CARTESIAN_POINT('Ctrl Pts',(35.0149404759958,11.5714212194001,16.3632779024313));
#2214=CARTESIAN_POINT('Ctrl Pts',(36.8280796064832,11.7959168925542,16.2098456948341));
#2215=CARTESIAN_POINT('Ctrl Pts',(38.4566801050643,12.4090315210825,15.7538271198597));
#2216=CARTESIAN_POINT('Ctrl Pts',(39.313930650044,12.8071491258545,15.4241949841752));
#2217=CARTESIAN_POINT('Ctrl Pts',(34.2366541822738,10.4756560175774,17.0370370370374));
#2218=CARTESIAN_POINT('Ctrl Pts',(35.1464109819493,10.4756560175774,17.0370370370374));
#2219=CARTESIAN_POINT('Ctrl Pts',(37.2656479452167,10.6906778406429,16.9072455329808));
#2220=CARTESIAN_POINT('Ctrl Pts',(39.1850614852331,11.2856352245664,16.5187816445856));
#2221=CARTESIAN_POINT('Ctrl Pts',(40.2057526892768,11.6797453972422,16.235256310129));
#2222=CARTESIAN_POINT('',(37.747888598158,15.7676562862774,15.3632917756908));
#2223=CARTESIAN_POINT('Origin',(40.2057526892769,15.7676562862774,21.917596018674));
#2224=CARTESIAN_POINT('Ctrl Pts',(37.747888598158,15.7676562862774,15.3632917756908));
#2225=CARTESIAN_POINT('Ctrl Pts',(37.147482007544,15.2356075531648,15.5884442471711));
#2226=CARTESIAN_POINT('Ctrl Pts',(36.0184152192992,14.4324150848683,15.8969302761908));
#2227=CARTESIAN_POINT('Ctrl Pts',(34.7718052409064,14.1421356237298,16.0000000000004));
#2228=CARTESIAN_POINT('Ctrl Pts',(34.2366541822739,14.1421356237298,16.0000000000004));
#2229=CARTESIAN_POINT('Ctrl Pts',(47.8570755335628,14.1743090323711,14.1098888533828));
#2230=CARTESIAN_POINT('Ctrl Pts',(45.0668259262626,13.4027622747384,14.884958188744));
#2231=CARTESIAN_POINT('Ctrl Pts',(42.5049409554276,12.5675099640349,15.5965929028649));
#2232=CARTESIAN_POINT('Ctrl Pts',(40.2057526892769,11.6797453972422,16.235256310129));
#2233=CARTESIAN_POINT('Ctrl Pts',(47.3937123370171,14.7921202179704,13.4892569859502));
#2234=CARTESIAN_POINT('Ctrl Pts',(44.6101455126844,14.0122170351087,14.3410025578548));
#2235=CARTESIAN_POINT('Ctrl Pts',(42.0540146987374,13.1581090640996,15.1247434957972));
#2236=CARTESIAN_POINT('Ctrl Pts',(39.7598416696605,12.2434472615483,15.8297256471521));
#2237=CARTESIAN_POINT('Ctrl Pts',(46.4672975391893,16.3301580323638,12.5498651806496));
#2238=CARTESIAN_POINT('Ctrl Pts',(43.6969365815372,15.481390036828,13.535832943158));
#2239=CARTESIAN_POINT('Ctrl Pts',(41.1523860720534,14.5474874609481,14.4432555913105));
#2240=CARTESIAN_POINT('Ctrl Pts',(38.8681616571499,13.5429795984711,15.2583078700583));
#2241=CARTESIAN_POINT('Ctrl Pts',(45.7052976004981,18.2000544962928,12.3792633998132));
#2242=CARTESIAN_POINT('Ctrl Pts',(42.9275479483102,17.2228710171907,13.4212191650977));
#2243=CARTESIAN_POINT('Ctrl Pts',(40.3764281946891,16.1597847539549,14.3774256359504));
#2244=CARTESIAN_POINT('Ctrl Pts',(38.0868154015997,15.026018650894,15.2361942244003));
#2245=CARTESIAN_POINT('Ctrl Pts',(45.3992114424441,19.1353171937013,12.4940457090834));
#2246=CARTESIAN_POINT('Ctrl Pts',(42.6089618351439,18.0937290708971,13.5403893118211));
#2247=CARTESIAN_POINT('Ctrl Pts',(40.0470768643089,16.9661384514474,14.5010961758843));
#2248=CARTESIAN_POINT('Ctrl Pts',(37.7478885981582,15.7676562862772,15.3632917756909));
#2249=CARTESIAN_POINT('',(45.399211442444,19.1353171937013,12.4940457090833));
#2250=CARTESIAN_POINT('Origin',(47.8570755335629,19.1353171937013,19.0483499520666));
#2251=CARTESIAN_POINT('Origin',(96.194811314618,-2.75815073870703E-12,-6.55430424298326));
#2252=CARTESIAN_POINT('Ctrl Pts',(45.399211442444,19.1353171937015,12.4940457090834));
#2253=CARTESIAN_POINT('Ctrl Pts',(48.3683912051147,20.2436991704167,11.3806032980818));
#2254=CARTESIAN_POINT('Ctrl Pts',(50.7951300007058,21.5557879494049,10.4705762497351));
#2255=CARTESIAN_POINT('Ctrl Pts',(52.5230188016518,22.9870163203945,9.82261794938023));
#2256=CARTESIAN_POINT('Ctrl Pts',(45.705297600498,18.2000544962929,12.3792633998131));
#2257=CARTESIAN_POINT('Ctrl Pts',(48.7021036363147,19.4507778064599,11.2561233863072));
#2258=CARTESIAN_POINT('Ctrl Pts',(51.1487329023798,20.905957913512,10.3378271968946));
#2259=CARTESIAN_POINT('Ctrl Pts',(52.8906373230761,22.4807872007126,9.6847610038461));
#2260=CARTESIAN_POINT('Ctrl Pts',(46.4673004236226,16.3301638543692,12.5498786680173));
#2261=CARTESIAN_POINT('Ctrl Pts',(49.4804362855549,17.864699481723,11.302999021554));
#2262=CARTESIAN_POINT('Ctrl Pts',(51.9385581896749,19.6064706804986,10.2929428165816));
#2263=CARTESIAN_POINT('Ctrl Pts',(53.6879965556507,21.468387209178,9.57483494481037));
#2264=CARTESIAN_POINT('Ctrl Pts',(47.393712337017,14.7921202179705,13.4892569859501));
#2265=CARTESIAN_POINT('Ctrl Pts',(50.3776617837369,16.4788546418779,11.9457315622393));
#2266=CARTESIAN_POINT('Ctrl Pts',(52.8148089832783,18.4286993365301,10.6936120143478));
#2267=CARTESIAN_POINT('Ctrl Pts',(54.5499042506158,20.5318060821917,9.8045089420748));
#2268=CARTESIAN_POINT('Ctrl Pts',(47.8570755335628,14.1743090323712,14.1098888533827));
#2269=CARTESIAN_POINT('Ctrl Pts',(50.8262552962335,15.8795120734716,12.3969005287649));
#2270=CARTESIAN_POINT('Ctrl Pts',(53.2529940918246,17.8981101949919,10.9968589159238));
#2271=CARTESIAN_POINT('Ctrl Pts',(54.9808828927707,20.0999999965144,9.99999999230099));
#2272=CARTESIAN_POINT('',(54.9808828794257,20.1,10.));
#2273=CARTESIAN_POINT('',(47.7364715079455,20.1,11.6175731845202));
#2274=CARTESIAN_POINT('Ctrl Pts',(54.9808828794257,20.1,9.99999999072297));
#2275=CARTESIAN_POINT('Ctrl Pts',(54.0710145514642,20.1,9.99999999200744));
#2276=CARTESIAN_POINT('Ctrl Pts',(53.1546721594801,20.1,10.1091032727366));
#2277=CARTESIAN_POINT('Ctrl Pts',(50.7370119288507,20.1,10.5759988386041));
#2278=CARTESIAN_POINT('Ctrl Pts',(49.1757679216621,20.1,11.0778370293765));
#2279=CARTESIAN_POINT('Ctrl Pts',(47.7364715079455,20.1,11.6175731845202));
#2280=CARTESIAN_POINT('Origin',(20.9420707632494,28.3486180647442,21.665473463782));
#2281=CARTESIAN_POINT('Origin',(23.3999348543683,28.3486180647442,28.2197777067652));
#2282=CARTESIAN_POINT('Ctrl Pts',(1.17011033458888,20.9042941099525,10.7776529606027));
#2283=CARTESIAN_POINT('Ctrl Pts',(1.83498454564565,20.6434119129328,11.09679258191));
#2284=CARTESIAN_POINT('Ctrl Pts',(2.48741024940924,20.3752201437145,11.4099569197165));
#2285=CARTESIAN_POINT('Ctrl Pts',(3.12670338085626,20.1,11.7168176228111));
#2286=CARTESIAN_POINT('Ctrl Pts',(0.783842346166006,19.69305444296,10.5922443261597));
#2287=CARTESIAN_POINT('Ctrl Pts',(1.44315516128511,19.4527318373053,10.9089094950653));
#2288=CARTESIAN_POINT('Ctrl Pts',(2.09038197898713,19.2049841971737,11.2192123355219));
#2289=CARTESIAN_POINT('Ctrl Pts',(2.72446036082555,18.9503790745119,11.5237409731964));
#2290=CARTESIAN_POINT('Ctrl Pts',(-0.166124382847084,17.5765742704368,10.8412149234202));
#2291=CARTESIAN_POINT('Ctrl Pts',(0.491214366837163,17.3718356225384,11.1372056952467));
#2292=CARTESIAN_POINT('Ctrl Pts',(1.1363114776061,17.1599704637377,11.4280334811778));
#2293=CARTESIAN_POINT('Ctrl Pts',(1.76858312340622,16.9411114251077,11.7130608195399));
#2294=CARTESIAN_POINT('Ctrl Pts',(-1.35127146052891,16.0029890839274,12.0239366615097));
#2295=CARTESIAN_POINT('Ctrl Pts',(-0.688646986229172,15.8106880638516,12.2789814233092));
#2296=CARTESIAN_POINT('Ctrl Pts',(-0.0384211461618218,15.6121698914371,
12.5294450355762));
#2297=CARTESIAN_POINT('Ctrl Pts',(0.598775110781798,15.4078848727855,12.7750260442138));
#2298=CARTESIAN_POINT('Ctrl Pts',(-1.85900713850484,15.4846623036686,12.6580106391709));
#2299=CARTESIAN_POINT('Ctrl Pts',(-1.19413292744807,15.2914162318022,12.8944103586577));
#2300=CARTESIAN_POINT('Ctrl Pts',(-0.541707223684485,15.0927556620108,13.1263839422181));
#2301=CARTESIAN_POINT('Ctrl Pts',(0.0975859077625388,14.888888888889,13.3536881667326));
#2302=CARTESIAN_POINT('',(0.891037442030647,20.1,10.7015807853964));
#2303=CARTESIAN_POINT('Ctrl Pts',(3.12670338085626,20.1,11.7168176228111));
#2304=CARTESIAN_POINT('Ctrl Pts',(2.39596225402653,20.1,11.3660618819328));
#2305=CARTESIAN_POINT('Ctrl Pts',(1.64830685309634,20.1,11.0276511646663));
#2306=CARTESIAN_POINT('Ctrl Pts',(0.891037442030646,20.1,10.7015807853964));
#2307=CARTESIAN_POINT('Origin',(-1.85900713850468,20.9042941099525,17.0883143628806));
#2308=CARTESIAN_POINT('Ctrl Pts',(0.440737123403464,21.0656710917351,10.4415310302704));
#2309=CARTESIAN_POINT('Ctrl Pts',(0.488589722047985,20.7244048346048,10.4689896503106));
#2310=CARTESIAN_POINT('Ctrl Pts',(0.647394670205024,20.3915675742025,10.5599536835522));
#2311=CARTESIAN_POINT('Ctrl Pts',(0.8910374420307,20.0999999999999,10.7015807853964));
#2312=CARTESIAN_POINT('Ctrl Pts',(0.0215359326137193,20.8979388627608,10.2723902899701));
#2313=CARTESIAN_POINT('Ctrl Pts',(0.0765030432580112,20.3024518463916,10.3135152225726));
#2314=CARTESIAN_POINT('Ctrl Pts',(0.257379453879733,19.7168737568921,10.4500331361751));
#2315=CARTESIAN_POINT('Ctrl Pts',(0.546336625326942,19.1814473395664,10.6688322581755));
#2316=CARTESIAN_POINT('Ctrl Pts',(-0.854976699122084,20.564569912091,10.0265290008506));
#2317=CARTESIAN_POINT('Ctrl Pts',(-0.79822736961531,19.4645229982862,10.1248255803966));
#2318=CARTESIAN_POINT('Ctrl Pts',(-0.611744100687292,18.3804902796601,10.446581381549));
#2319=CARTESIAN_POINT('Ctrl Pts',(-0.307565502918426,17.3930572843391,10.9858670929183));
#2320=CARTESIAN_POINT('Ctrl Pts',(-1.77043741501643,20.2495635717263,9.97593544854556));
#2321=CARTESIAN_POINT('Ctrl Pts',(-1.72481787204289,18.6786008743111,10.1915255082229));
#2322=CARTESIAN_POINT('Ctrl Pts',(-1.5734781675641,17.176884606662,10.9085456031092));
#2323=CARTESIAN_POINT('Ctrl Pts',(-1.34175768272409,16.0127013141911,12.0120555997744));
#2324=CARTESIAN_POINT('Ctrl Pts',(-2.22817529598439,20.0999999957032,9.99999990531705));
#2325=CARTESIAN_POINT('Ctrl Pts',(-2.18813220805921,18.308116228275,10.2883101383788));
#2326=CARTESIAN_POINT('Ctrl Pts',(-2.05417085559253,16.6333323478435,11.2528318761392));
#2327=CARTESIAN_POINT('Ctrl Pts',(-1.85900713850483,15.4846623036684,12.6580106391709));
#2328=CARTESIAN_POINT('',(-2.22817528283396,20.1,10.));
#2329=CARTESIAN_POINT('Ctrl Pts',(0.891037442030656,20.1,10.7015807853964));
#2330=CARTESIAN_POINT('Ctrl Pts',(0.815039348232365,20.1,10.6688569926398));
#2331=CARTESIAN_POINT('Ctrl Pts',(0.738673150997077,20.1000000000123,10.6366809771882));
#2332=CARTESIAN_POINT('Ctrl Pts',(0.404836844217802,20.1000000000123,10.49992644608));
#2333=CARTESIAN_POINT('Ctrl Pts',(0.150817999653245,20.1,10.4060665484244));
#2334=CARTESIAN_POINT('Ctrl Pts',(-0.608927839654841,20.1,10.1714140434466));
#2335=CARTESIAN_POINT('Ctrl Pts',(-1.3354383877328,20.1,9.99999990632438));
#2336=CARTESIAN_POINT('Ctrl Pts',(-2.22817528283397,20.1,9.99999990462569));
#2337=CARTESIAN_POINT('Origin',(-1.19973575104792,21.2914106675439,17.4047646288598));
#2338=CARTESIAN_POINT('Origin',(36.0499999999991,12.,16.0000000000004));
#2339=CARTESIAN_POINT('',(37.747888598158,20.1,15.3632917756908));
#2340=CARTESIAN_POINT('',(52.0499999999991,20.1,10.));
#2341=CARTESIAN_POINT('',(37.747888598158,12.,15.3632917756908));
#2342=CARTESIAN_POINT('Origin',(64.9397223753253,28.348618064743,28.2197777067652));
#2343=CARTESIAN_POINT('',(64.9397223753253,20.1,10.));
#2344=CARTESIAN_POINT('Origin',(14.3257077064369,12.,6.00000000000043));
#2345=CARTESIAN_POINT('',(14.3257077064369,20.1,16.0000000000004));
#2346=CARTESIAN_POINT('',(14.3257077064369,12.,16.0000000000004));
#2347=CARTESIAN_POINT('',(9.9983970305889,20.1,15.015230574683));
#2348=CARTESIAN_POINT('Origin',(14.3257077064369,20.1,6.00000000000043));
#2349=CARTESIAN_POINT('',(9.9983970305889,12.,15.015230574683));
#2350=CARTESIAN_POINT('Origin',(-0.450000000000021,12.,10.));
#2351=CARTESIAN_POINT('',(12.05,20.1,16.0000000000004));
#2352=CARTESIAN_POINT('Origin',(14.4948611876626,20.1,0.));
#2353=CARTESIAN_POINT('',(66.0499999999994,20.1,12.1499999999995));
#2354=CARTESIAN_POINT('',(37.747888598158,20.1,-15.3632917756908));
#2355=CARTESIAN_POINT('',(52.0499999999991,20.1,-10.));
#2356=CARTESIAN_POINT('',(34.2366541822739,20.1,-16.0000000000004));
#2357=CARTESIAN_POINT('Origin',(34.2366541822739,20.1,-6.00000000000043));
#2358=CARTESIAN_POINT('',(14.3257077064369,20.1,-16.0000000000004));
#2359=CARTESIAN_POINT('',(36.0499999999991,20.1,-16.0000000000004));
#2360=CARTESIAN_POINT('',(9.9983970305889,20.1,-15.015230574683));
#2361=CARTESIAN_POINT('Origin',(14.3257077064369,20.1,-6.00000000000043));
#2362=CARTESIAN_POINT('',(12.05,20.1,-16.0000000000004));
#2363=CARTESIAN_POINT('',(-19.9500000000006,20.1,-10.0842548026421));
#2364=CARTESIAN_POINT('',(-19.9500000000003,20.1,0.));
#2365=CARTESIAN_POINT('',(-26.7554107244891,20.1,-10.));
#2366=CARTESIAN_POINT('Ctrl Pts',(-26.7554107244891,20.1,-10.));
#2367=CARTESIAN_POINT('Ctrl Pts',(-26.1200938413775,20.1,-10.));
#2368=CARTESIAN_POINT('Ctrl Pts',(-25.3577799856192,20.1,-10.0100620947554));
#2369=CARTESIAN_POINT('Ctrl Pts',(-23.2311676118597,20.1,-10.0469929061033));
#2370=CARTESIAN_POINT('Ctrl Pts',(-21.4416161372389,20.1,-10.0842548026421));
#2371=CARTESIAN_POINT('Ctrl Pts',(-19.9500000000009,20.1,-10.0842548026421));
#2372=CARTESIAN_POINT('',(-26.8256272285143,20.1,-9.99999999999992));
#2373=CARTESIAN_POINT('',(-0.450000000000021,20.1,-10.));
#2374=CARTESIAN_POINT('',(-34.1777217143469,20.1,-4.77115012690212));
#2375=CARTESIAN_POINT('Ctrl Pts',(-34.1777217143467,20.1,-4.7711501269023));
#2376=CARTESIAN_POINT('Ctrl Pts',(-33.3108608657284,20.1,-5.94581783171635));
#2377=CARTESIAN_POINT('Ctrl Pts',(-31.9868723519939,20.1,-7.34195419673963));
#2378=CARTESIAN_POINT('Ctrl Pts',(-29.1992324317729,20.1,-9.03041734592431));
#2379=CARTESIAN_POINT('Ctrl Pts',(-28.1415591337371,20.1,-9.5580730409076));
#2380=CARTESIAN_POINT('Ctrl Pts',(-26.8256272285142,20.1,-9.99999999999992));
#2381=CARTESIAN_POINT('',(-35.95,20.1,0.));
#2382=CARTESIAN_POINT('Ctrl Pts',(-34.1777217143495,20.1,-4.77115012689851));
#2383=CARTESIAN_POINT('Ctrl Pts',(-34.3707962207301,20.1,-4.50951830025657));
#2384=CARTESIAN_POINT('Ctrl Pts',(-34.7852460682264,20.1,-3.90050803632377));
#2385=CARTESIAN_POINT('Ctrl Pts',(-35.3304198944876,20.1,-2.92273318656166));
#2386=CARTESIAN_POINT('Ctrl Pts',(-35.7060457215111,20.1,-1.93679301701978));
#2387=CARTESIAN_POINT('Ctrl Pts',(-35.9027376528159,20.1,-0.98513529694673));
#2388=CARTESIAN_POINT('Ctrl Pts',(-35.95,20.1,-0.324199336583536));
#2389=CARTESIAN_POINT('Ctrl Pts',(-35.95,20.1,0.));
#2390=CARTESIAN_POINT('',(-34.1777217143468,20.1,4.77115012690218));
#2391=CARTESIAN_POINT('Ctrl Pts',(-35.95,20.1,0.));
#2392=CARTESIAN_POINT('Ctrl Pts',(-35.95,20.1,0.324199336583536));
#2393=CARTESIAN_POINT('Ctrl Pts',(-35.9027376528159,20.1,0.98513529694673));
#2394=CARTESIAN_POINT('Ctrl Pts',(-35.7060457215111,20.1,1.93679301701979));
#2395=CARTESIAN_POINT('Ctrl Pts',(-35.3304198944876,20.1,2.92273318656168));
#2396=CARTESIAN_POINT('Ctrl Pts',(-34.7852460682264,20.1,3.90050803632381));
#2397=CARTESIAN_POINT('Ctrl Pts',(-34.3707962207301,20.1,4.50951830025662));
#2398=CARTESIAN_POINT('Ctrl Pts',(-34.1777217143495,20.1,4.77115012689857));
#2399=CARTESIAN_POINT('',(-26.8256272285836,20.1,9.99999999998832));
#2400=CARTESIAN_POINT('Ctrl Pts',(-26.8256272285801,20.1,9.99999999997784));
#2401=CARTESIAN_POINT('Ctrl Pts',(-27.9569524779552,20.1,9.62006915004329));
#2402=CARTESIAN_POINT('Ctrl Pts',(-29.0438160127642,20.1000000000007,9.12630362167849));
#2403=CARTESIAN_POINT('Ctrl Pts',(-31.9932123476007,20.1000000000007,7.3347759269806));
#2404=CARTESIAN_POINT('Ctrl Pts',(-33.3124525338086,20.1,5.94366099063444));
#2405=CARTESIAN_POINT('Ctrl Pts',(-34.1777217143468,20.1,4.77115012690217));
#2406=CARTESIAN_POINT('',(-26.7554107244891,20.1,10.));
#2407=CARTESIAN_POINT('',(-2.7275694061687,20.1,10.));
#2408=CARTESIAN_POINT('',(-19.9500000000003,20.1,10.0842548026421));
#2409=CARTESIAN_POINT('Ctrl Pts',(-19.9500000000009,20.1,10.0842548026421));
#2410=CARTESIAN_POINT('Ctrl Pts',(-21.4416161372389,20.1,10.0842548026421));
#2411=CARTESIAN_POINT('Ctrl Pts',(-23.2311676118597,20.1,10.0469929061033));
#2412=CARTESIAN_POINT('Ctrl Pts',(-25.3577799856192,20.1,10.0100620947554));
#2413=CARTESIAN_POINT('Ctrl Pts',(-26.1200938413775,20.1,10.));
#2414=CARTESIAN_POINT('Ctrl Pts',(-26.7554107244891,20.1,10.));
#2415=CARTESIAN_POINT('',(-19.9500000000003,20.1,10.));
#2416=CARTESIAN_POINT('',(-19.9500000000003,20.1,0.));
#2417=CARTESIAN_POINT('',(-2.7275694061687,20.1,10.));
#2418=CARTESIAN_POINT('',(34.2366541822739,20.1,16.0000000000004));
#2419=CARTESIAN_POINT('',(36.0499999999991,20.1,16.0000000000004));
#2420=CARTESIAN_POINT('Origin',(34.2366541822739,20.1,6.00000000000043));
#2421=CARTESIAN_POINT('',(15.55,20.1,14.0000000000004));
#2422=CARTESIAN_POINT('',(15.55,20.1,-14.0000000000004));
#2423=CARTESIAN_POINT('',(15.55,20.1,-14.0000000000004));
#2424=CARTESIAN_POINT('',(32.5500000000004,20.1,-14.0000000000004));
#2425=CARTESIAN_POINT('',(32.55,20.1,-14.0000000000009));
#2426=CARTESIAN_POINT('',(32.55,20.1,14.0000000000007));
#2427=CARTESIAN_POINT('',(32.5500000000004,20.1,-14.0000000000004));
#2428=CARTESIAN_POINT('',(15.55,20.1,14.0000000000009));
#2429=CARTESIAN_POINT('',(-2.94999999999767,20.1,-7.));
#2430=CARTESIAN_POINT('',(11.0500000000023,20.1,7.));
#2431=CARTESIAN_POINT('Origin',(34.2366541822739,12.,6.00000000000043));
#2432=CARTESIAN_POINT('',(34.2366541822739,12.,16.0000000000004));
#2433=CARTESIAN_POINT('Origin',(14.3257077064369,12.,-6.00000000000043));
#2434=CARTESIAN_POINT('',(9.9983970305889,12.,-15.015230574683));
#2435=CARTESIAN_POINT('',(14.3257077064369,12.,-16.0000000000004));
#2436=CARTESIAN_POINT('Origin',(12.05,12.,-16.0000000000004));
#2437=CARTESIAN_POINT('Origin',(34.2366541822739,12.,-6.00000000000043));
#2438=CARTESIAN_POINT('',(34.2366541822739,12.,-16.0000000000004));
#2439=CARTESIAN_POINT('',(37.747888598158,12.,-15.3632917756908));
#2440=CARTESIAN_POINT('Origin',(36.0499999999991,12.,-16.0000000000004));
#2441=CARTESIAN_POINT('Origin',(-19.9500000000011,-9.99804169670806,0.));
#2442=CARTESIAN_POINT('',(-19.9500000000004,15.4356175299611,-12.7272727272726));
#2443=CARTESIAN_POINT('Origin',(-19.9500000000009,0.00783321316456724,2.3372507474464E-49));
#2444=CARTESIAN_POINT('Origin',(-19.9500000000003,21.22103664876,-17.5));
#2445=CARTESIAN_POINT('Origin',(-19.9500000000009,0.00391660658256412,-17.5));
#2446=CARTESIAN_POINT('',(-30.0715656873671,11.6525775349869,-12.7272727272726));
#2447=CARTESIAN_POINT('Origin',(-19.9500000000009,0.00391660658256412,-12.7272727272726));
#2448=CARTESIAN_POINT('',(-26.8516004535758,20.0671689367354,-10.));
#2449=CARTESIAN_POINT('Ctrl Pts',(-30.0715656873672,11.6525775349868,-12.7272727272726));
#2450=CARTESIAN_POINT('Ctrl Pts',(-30.0703848675495,11.6571879970969,-12.7239928912761));
#2451=CARTESIAN_POINT('Ctrl Pts',(-30.0692039854951,11.6618001364493,-12.7207154455333));
#2452=CARTESIAN_POINT('Ctrl Pts',(-29.8662558284145,12.4546921094796,-12.1578923027265));
#2453=CARTESIAN_POINT('Ctrl Pts',(-29.665448723957,13.2848336174821,-11.6732752467364));
#2454=CARTESIAN_POINT('Ctrl Pts',(-29.182642759315,15.0894395953111,-10.8464836385542));
#2455=CARTESIAN_POINT('Ctrl Pts',(-28.9036079646373,16.0459413239124,-10.5301396323287));
#2456=CARTESIAN_POINT('Ctrl Pts',(-28.0922245949804,18.1410597644734,-10.0745652505792));
#2457=CARTESIAN_POINT('Ctrl Pts',(-27.5566569861806,19.1750417588929,-9.99999999999999));
#2458=CARTESIAN_POINT('Ctrl Pts',(-26.8516004535758,20.0671689367354,-9.99999999999999));
#2459=CARTESIAN_POINT('Origin',(-19.9500000000009,0.00391660658256412,-10.));
#2460=CARTESIAN_POINT('Origin',(-0.450000000000021,12.,-10.));
#2461=CARTESIAN_POINT('Ctrl Pts',(-26.8256272285076,20.1000000000081,-9.99999999999999));
#2462=CARTESIAN_POINT('Ctrl Pts',(-26.8342765940483,20.0890780921586,-9.99999999999999));
#2463=CARTESIAN_POINT('Ctrl Pts',(-26.8429343208538,20.0781344298136,-10.));
#2464=CARTESIAN_POINT('Ctrl Pts',(-26.8516004535758,20.0671689367353,-10.));
#2465=CARTESIAN_POINT('Origin',(-2.7275694061687,21.291410667544,17.4047646288598));
#2466=CARTESIAN_POINT('Origin',(-19.9500000000003,21.2914106675445,17.4047646288598));
#2467=CARTESIAN_POINT('Origin',(-19.9500000000009,0.00391660658256412,17.5));
#2468=CARTESIAN_POINT('',(-26.8516004535758,20.0671689367354,10.));
#2469=CARTESIAN_POINT('Origin',(-19.9500000000009,0.00391660658256412,10.));
#2470=CARTESIAN_POINT('',(-30.0715656873672,11.6525775349867,12.7272727272726));
#2471=CARTESIAN_POINT('Ctrl Pts',(-26.8516004535757,20.0671689367354,10.));
#2472=CARTESIAN_POINT('Ctrl Pts',(-27.5566569861953,19.1750417588741,10.0000000000001));
#2473=CARTESIAN_POINT('Ctrl Pts',(-28.0922245949999,18.1410597644343,10.0745652505829));
#2474=CARTESIAN_POINT('Ctrl Pts',(-28.9036079646511,16.0459413238673,10.5301396323426));
#2475=CARTESIAN_POINT('Ctrl Pts',(-29.1826427593247,15.0894395952769,10.8464836385678));
#2476=CARTESIAN_POINT('Ctrl Pts',(-29.6654487278864,13.2848336027941,11.6732752534676));
#2477=CARTESIAN_POINT('Ctrl Pts',(-29.8662558505633,12.4546920234631,12.157892363679));
#2478=CARTESIAN_POINT('Ctrl Pts',(-30.0692039851726,11.6618001376971,12.7207154446501));
#2479=CARTESIAN_POINT('Ctrl Pts',(-30.070384867869,11.6571879958495,12.7239928921635));
#2480=CARTESIAN_POINT('Ctrl Pts',(-30.0715656873672,11.6525775349868,12.7272727272726));
#2481=CARTESIAN_POINT('',(-19.9500000000004,15.4356175299611,12.7272727272726));
#2482=CARTESIAN_POINT('Origin',(-19.9500000000009,0.00391660658256412,12.7272727272726));
#2483=CARTESIAN_POINT('Origin',(-19.9500000000003,21.22103664876,17.5));
#2484=CARTESIAN_POINT('Origin',(-19.95,12.,10.));
#2485=CARTESIAN_POINT('Ctrl Pts',(-26.8516004535757,20.0671689367354,10.));
#2486=CARTESIAN_POINT('Ctrl Pts',(-26.8429343208627,20.0781344298023,10.));
#2487=CARTESIAN_POINT('Ctrl Pts',(-26.8342765940662,20.0890780921361,10.));
#2488=CARTESIAN_POINT('Ctrl Pts',(-26.8256272285344,20.0999999999743,10.));
#2489=CARTESIAN_POINT('Ctrl Pts',(-26.4756798745241,12.4983441656534,14.1920817086185));
#2490=CARTESIAN_POINT('Ctrl Pts',(-27.3793848575983,12.3160693633188,13.9370899190556));
#2491=CARTESIAN_POINT('Ctrl Pts',(-29.1437914204452,11.9105250356526,13.2873120383024));
#2492=CARTESIAN_POINT('Ctrl Pts',(-32.3632805325766,11.0334260860947,11.43627087607));
#2493=CARTESIAN_POINT('Ctrl Pts',(-35.6911198366666,9.90577165976286,8.09386546701137));
#2494=CARTESIAN_POINT('Ctrl Pts',(-37.6236561120834,8.9307307576266,3.79576372892251));
#2495=CARTESIAN_POINT('Ctrl Pts',(-37.9517623004061,8.72706017313968,0.94795691115918));
#2496=CARTESIAN_POINT('Ctrl Pts',(-37.9517623004061,8.72706017313968,-3.99680288865056E-14));
#2497=CARTESIAN_POINT('Ctrl Pts',(-26.3934120117025,14.4879437289608,12.4787815455957));
#2498=CARTESIAN_POINT('Ctrl Pts',(-27.2470463015392,14.2880764509905,12.2624789804986));
#2499=CARTESIAN_POINT('Ctrl Pts',(-28.8949133687782,13.8431215930694,11.7117933413744));
#2500=CARTESIAN_POINT('Ctrl Pts',(-31.8840474120258,12.875910433477,10.1357143759417));
#2501=CARTESIAN_POINT('Ctrl Pts',(-35.0355867361524,11.6136931790208,7.18188271949988));
#2502=CARTESIAN_POINT('Ctrl Pts',(-36.8946705015196,10.505702567058,3.31290249598983));
#2503=CARTESIAN_POINT('Ctrl Pts',(-37.2021691611232,10.2739792869231,0.823673209012981));
#2504=CARTESIAN_POINT('Ctrl Pts',(-37.2021691611232,10.2739792869231,-4.72080015526746E-14));
#2505=CARTESIAN_POINT('Ctrl Pts',(-26.5490187186306,18.5418419183065,10.133266626706));
#2506=CARTESIAN_POINT('Ctrl Pts',(-27.3482307298215,18.2862864947827,9.9538124800968));
#2507=CARTESIAN_POINT('Ctrl Pts',(-28.8459525706628,17.7177905242292,9.50593995219275));
#2508=CARTESIAN_POINT('Ctrl Pts',(-31.4873960068612,16.4808049710377,8.25203441157065));
#2509=CARTESIAN_POINT('Ctrl Pts',(-34.3236836741231,14.8660312527266,5.79081710363619));
#2510=CARTESIAN_POINT('Ctrl Pts',(-35.9892625879646,13.4475757781297,2.54183653608579));
#2511=CARTESIAN_POINT('Ctrl Pts',(-36.241559455902,13.1510166423369,0.624763447138324));
#2512=CARTESIAN_POINT('Ctrl Pts',(-36.241559455902,13.1510166423369,-6.06729162062862E-14));
#2513=CARTESIAN_POINT('Ctrl Pts',(-27.2064924224121,23.0552040696153,9.23784721346311));
#2514=CARTESIAN_POINT('Ctrl Pts',(-28.0165098624959,22.723416573868,9.02914894008141));
#2515=CARTESIAN_POINT('Ctrl Pts',(-29.4781756131487,21.9852692473897,8.52672321759251));
#2516=CARTESIAN_POINT('Ctrl Pts',(-31.9046938821068,20.3865400872077,7.24398477595654));
#2517=CARTESIAN_POINT('Ctrl Pts',(-34.4311203689763,18.3237332704395,4.86268488974157));
#2518=CARTESIAN_POINT('Ctrl Pts',(-35.7874664580017,16.5333346860093,1.94576893372076));
#2519=CARTESIAN_POINT('Ctrl Pts',(-35.95,16.159270334232,0.469608038114003));
#2520=CARTESIAN_POINT('Ctrl Pts',(-35.95,16.159270334232,-7.47513687837173E-14));
#2521=CARTESIAN_POINT('Ctrl Pts',(-27.5677506490695,24.989300101337,9.13590133638941));
#2522=CARTESIAN_POINT('Ctrl Pts',(-28.3945285795613,24.6248643891475,8.90258733811998));
#2523=CARTESIAN_POINT('Ctrl Pts',(-29.8631402463668,23.8140290071472,8.34803441620874));
#2524=CARTESIAN_POINT('Ctrl Pts',(-32.2268768323364,22.0603397550895,6.98639016534813));
#2525=CARTESIAN_POINT('Ctrl Pts',(-34.6265171928034,19.8055529571577,4.55968696254652));
#2526=CARTESIAN_POINT('Ctrl Pts',(-35.8317196890942,17.8557789069133,1.72714244266994));
#2527=CARTESIAN_POINT('Ctrl Pts',(-35.95,17.4484958180845,0.412393989653074));
#2528=CARTESIAN_POINT('Ctrl Pts',(-35.95,17.4484958180845,-8.07847689424675E-14));
#2529=CARTESIAN_POINT('',(-35.95,17.4484958180845,1.73472347597681E-17));
#2530=CARTESIAN_POINT('Ctrl Pts',(-34.1793015831365,20.1038623996966,4.77121399833519));
#2531=CARTESIAN_POINT('Ctrl Pts',(-34.250781377667,20.0242695667659,4.67441885673885));
#2532=CARTESIAN_POINT('Ctrl Pts',(-35.0635434951106,19.0985327293244,3.53255960307633));
#2533=CARTESIAN_POINT('Ctrl Pts',(-35.8317196890942,17.8557789069133,1.72714244266994));
#2534=CARTESIAN_POINT('Ctrl Pts',(-35.95,17.4484958180845,0.412393989653074));
#2535=CARTESIAN_POINT('Ctrl Pts',(-35.95,17.4484958180845,-8.07847689424675E-14));
#2536=CARTESIAN_POINT('',(-37.9517623004061,8.72706017313968,-4.21884749357559E-14));
#2537=CARTESIAN_POINT('Origin',(-55.95,17.4484958180845,-8.07687250414801E-14));
#2538=CARTESIAN_POINT('',(-33.6788061254936,10.5706366720355,9.99999999996571));
#2539=CARTESIAN_POINT('Ctrl Pts',(-37.9517623004061,8.72706017313968,-3.99680288865056E-14));
#2540=CARTESIAN_POINT('Ctrl Pts',(-37.9517623004061,8.72706017313968,0.94795691115918));
#2541=CARTESIAN_POINT('Ctrl Pts',(-37.6236561120834,8.9307307576266,3.79576372892251));
#2542=CARTESIAN_POINT('Ctrl Pts',(-36.0858510004493,9.70661419248433,7.21595454615896));
#2543=CARTESIAN_POINT('Ctrl Pts',(-34.3155417647591,10.3551948171077,9.3525404830171));
#2544=CARTESIAN_POINT('Ctrl Pts',(-33.6779774983549,10.5710546738868,9.99904326533618));
#2545=CARTESIAN_POINT('Ctrl Pts',(-30.071659131491,11.6525906582754,12.7274359319717));
#2546=CARTESIAN_POINT('Ctrl Pts',(-30.5679147293502,11.5203146659814,12.4540935226755));
#2547=CARTESIAN_POINT('Ctrl Pts',(-31.8521579159416,11.1610852934941,11.6552199599875));
#2548=CARTESIAN_POINT('Ctrl Pts',(-33.0126918407399,10.7963001500486,10.6736560868966));
#2549=CARTESIAN_POINT('Ctrl Pts',(-33.6779774983548,10.5710546738868,9.99904326533624));
#2550=CARTESIAN_POINT('Ctrl Pts',(-37.9517623004061,8.72706017313971,-5.72458747072346E-14));
#2551=CARTESIAN_POINT('Ctrl Pts',(-37.9517623004061,8.72706017313971,-1.89591382232179));
#2552=CARTESIAN_POINT('Ctrl Pts',(-37.3009248543376,9.12500697435538,-4.71294527238605));
#2553=CARTESIAN_POINT('Ctrl Pts',(-35.0286081471608,10.1272602472054,-8.75637212342058));
#2554=CARTESIAN_POINT('Ctrl Pts',(-32.3614833693212,11.0354554974016,-11.4389506089006));
#2555=CARTESIAN_POINT('Ctrl Pts',(-29.1444332518006,11.9097437346275,-13.2862245352718));
#2556=CARTESIAN_POINT('Ctrl Pts',(-27.3793848575676,12.3160693633256,-13.9370899190661));
#2557=CARTESIAN_POINT('Ctrl Pts',(-26.4756798744914,12.49834416566,-14.1920817086278));
#2558=CARTESIAN_POINT('Ctrl Pts',(-37.2021691611232,10.2739792869232,-4.94845100068256E-14));
#2559=CARTESIAN_POINT('Ctrl Pts',(-37.2021691611232,10.2739792869232,-1.64734641802476));
#2560=CARTESIAN_POINT('Ctrl Pts',(-36.5848001731888,10.7273106945839,-4.13727927946773));
#2561=CARTESIAN_POINT('Ctrl Pts',(-34.4063937922391,11.8615900021508,-7.76965028295589));
#2562=CARTESIAN_POINT('Ctrl Pts',(-31.8831972031275,12.8781864066952,-10.1370292528069));
#2563=CARTESIAN_POINT('Ctrl Pts',(-28.8951861558224,13.8422439250434,-11.7112534046124));
#2564=CARTESIAN_POINT('Ctrl Pts',(-27.2470463015104,14.288076450998,-12.2624789805075));
#2565=CARTESIAN_POINT('Ctrl Pts',(-26.3934120116716,14.4879437289681,-12.4787815456035));
#2566=CARTESIAN_POINT('Ctrl Pts',(-36.241559455902,13.1510166423369,-3.70360167875048E-14));
#2567=CARTESIAN_POINT('Ctrl Pts',(-36.241559455902,13.1510166423369,-1.2495268942674));
#2568=CARTESIAN_POINT('Ctrl Pts',(-35.7188685836127,13.7312639417786,-3.22624504194719));
#2569=CARTESIAN_POINT('Ctrl Pts',(-33.7535281442952,15.183235816881,-6.28602888757601));
#2570=CARTESIAN_POINT('Ctrl Pts',(-31.4885156765909,16.4836951788527,-8.25071225702586));
#2571=CARTESIAN_POINT('Ctrl Pts',(-28.8454598616769,17.7166783664365,-9.50647899451683));
#2572=CARTESIAN_POINT('Ctrl Pts',(-27.3482307297951,18.2862864947923,-9.95381248010405));
#2573=CARTESIAN_POINT('Ctrl Pts',(-26.5490187186016,18.5418419183158,-10.1332666267125));
#2574=CARTESIAN_POINT('Ctrl Pts',(-35.95,16.1592703342321,-2.7286246762845E-14));
#2575=CARTESIAN_POINT('Ctrl Pts',(-35.95,16.1592703342321,-0.939216076211302));
#2576=CARTESIAN_POINT('Ctrl Pts',(-35.587668706655,16.8903914777141,-2.54092588097664));
#2577=CARTESIAN_POINT('Ctrl Pts',(-33.9177179506676,18.728914226945,-5.34844215978527));
#2578=CARTESIAN_POINT('Ctrl Pts',(-31.9083357198706,20.3902468744722,-7.23990218125275));
#2579=CARTESIAN_POINT('Ctrl Pts',(-29.4766947968682,21.9838424356597,-8.52841761172584));
#2580=CARTESIAN_POINT('Ctrl Pts',(-28.0165098624697,22.7234165738804,-9.02914894008962));
#2581=CARTESIAN_POINT('Ctrl Pts',(-27.2064924223827,23.0552040696274,-9.23784721347066));
#2582=CARTESIAN_POINT('Ctrl Pts',(-35.95,17.4484958180846,-2.36804113823452E-14));
#2583=CARTESIAN_POINT('Ctrl Pts',(-35.95,17.4484958180846,-0.824787979286411));
#2584=CARTESIAN_POINT('Ctrl Pts',(-35.6674147467803,18.2442779391734,-2.29440484575621));
#2585=CARTESIAN_POINT('Ctrl Pts',(-34.1360581572698,20.2484271508531,-5.05747044450754));
#2586=CARTESIAN_POINT('Ctrl Pts',(-32.2316818486373,22.0643978303706,-6.98109274899356));
#2587=CARTESIAN_POINT('Ctrl Pts',(-29.8612030263709,23.8124666868145,-8.35024405031499));
#2588=CARTESIAN_POINT('Ctrl Pts',(-28.3945285795348,24.6248643891611,-8.90258733812908));
#2589=CARTESIAN_POINT('Ctrl Pts',(-27.5677506490395,24.9893001013503,-9.13590133639786));
#2590=CARTESIAN_POINT('',(-33.6788061254937,10.5706366720355,-9.99999999996568));
#2591=CARTESIAN_POINT('Ctrl Pts',(-33.6774670740348,10.5705898257141,-9.99869557734527));
#2592=CARTESIAN_POINT('Ctrl Pts',(-34.3157982856028,10.3541096540827,-9.35119367380383));
#2593=CARTESIAN_POINT('Ctrl Pts',(-35.4925169163416,9.92264348724989,-7.9308792826509));
#2594=CARTESIAN_POINT('Ctrl Pts',(-37.3009248543376,9.12500697435538,-4.71294527238605));
#2595=CARTESIAN_POINT('Ctrl Pts',(-37.9517623004061,8.72706017313971,-1.89591382232179));
#2596=CARTESIAN_POINT('Ctrl Pts',(-37.9517623004061,8.72706017313971,-5.72458747072346E-14));
#2597=CARTESIAN_POINT('Ctrl Pts',(-35.95,17.4484958180846,-2.36804113823452E-14));
#2598=CARTESIAN_POINT('Ctrl Pts',(-35.95,17.4484958180846,-0.824787979286411));
#2599=CARTESIAN_POINT('Ctrl Pts',(-35.6674147467803,18.2442779391734,-2.29440484575621));
#2600=CARTESIAN_POINT('Ctrl Pts',(-34.691902032939,19.5209714603431,-4.05454721835738));
#2601=CARTESIAN_POINT('Ctrl Pts',(-34.249425272261,20.0208947761798,-4.67589170923986));
#2602=CARTESIAN_POINT('Ctrl Pts',(-34.1784232724129,20.0995198603965,-4.77206063970538));
#2603=CARTESIAN_POINT('Ctrl Pts',(-33.6774670740347,10.5705898257141,-9.9986955773453));
#2604=CARTESIAN_POINT('Ctrl Pts',(-33.0120389247884,10.7962595052575,-10.6736837112462));
#2605=CARTESIAN_POINT('Ctrl Pts',(-31.8508604853737,11.1622107860978,-11.6567288809515));
#2606=CARTESIAN_POINT('Ctrl Pts',(-30.5676762772275,11.5206394981741,-12.4544543945046));
#2607=CARTESIAN_POINT('Ctrl Pts',(-30.0716923030613,11.6526644272045,-12.7274606874861));
#2608=CARTESIAN_POINT('Ctrl Pts',(-19.95,12.,-10.));
#2609=CARTESIAN_POINT('Ctrl Pts',(-19.95,20.1,-10.));
#2610=CARTESIAN_POINT('Ctrl Pts',(-20.3022058793943,12.,-10.));
#2611=CARTESIAN_POINT('Ctrl Pts',(-20.3022058793943,20.1,-10.));
#2612=CARTESIAN_POINT('Ctrl Pts',(-21.0323378537867,12.,-9.99212732095227));
#2613=CARTESIAN_POINT('Ctrl Pts',(-21.0323378537867,20.1,-9.99212732095227));
#2614=CARTESIAN_POINT('Ctrl Pts',(-22.2046918952088,12.,-9.95670327818375));
#2615=CARTESIAN_POINT('Ctrl Pts',(-22.2046918952088,20.1,-9.95670327818375));
#2616=CARTESIAN_POINT('Ctrl Pts',(-23.9053273561887,12.,-9.84858406351074));
#2617=CARTESIAN_POINT('Ctrl Pts',(-23.9053273561887,20.1,-9.84858406351074));
#2618=CARTESIAN_POINT('Ctrl Pts',(-26.1639579969322,12.,-9.53752911527211));
#2619=CARTESIAN_POINT('Ctrl Pts',(-26.1639579969322,20.1,-9.53752911527211));
#2620=CARTESIAN_POINT('Ctrl Pts',(-28.4286987176054,12.,-8.96191489671328));
#2621=CARTESIAN_POINT('Ctrl Pts',(-28.4286987176054,20.1,-8.96191489671328));
#2622=CARTESIAN_POINT('Ctrl Pts',(-30.5642797404669,12.,-8.04896748156411));
#2623=CARTESIAN_POINT('Ctrl Pts',(-30.5642797404669,20.1,-8.04896748156411));
#2624=CARTESIAN_POINT('Ctrl Pts',(-32.4457638103011,12.,-6.77034787740561));
#2625=CARTESIAN_POINT('Ctrl Pts',(-32.4457638103011,20.1,-6.77034787740561));
#2626=CARTESIAN_POINT('Ctrl Pts',(-33.9859030052586,12.,-5.19120681419028));
#2627=CARTESIAN_POINT('Ctrl Pts',(-33.9859030052586,20.1,-5.19120681419028));
#2628=CARTESIAN_POINT('Ctrl Pts',(-35.1275559124811,12.,-3.43957997989004));
#2629=CARTESIAN_POINT('Ctrl Pts',(-35.1275559124811,20.1,-3.43957997989004));
#2630=CARTESIAN_POINT('Ctrl Pts',(-35.6900600917695,12.,-2.01413654531281));
#2631=CARTESIAN_POINT('Ctrl Pts',(-35.6900600917695,20.1,-2.01413654531281));
#2632=CARTESIAN_POINT('Ctrl Pts',(-35.9027376528159,12.,-0.98513529694673));
#2633=CARTESIAN_POINT('Ctrl Pts',(-35.9027376528159,20.1,-0.98513529694673));
#2634=CARTESIAN_POINT('Ctrl Pts',(-35.95,12.,-0.324199336583536));
#2635=CARTESIAN_POINT('Ctrl Pts',(-35.95,20.1,-0.324199336583536));
#2636=CARTESIAN_POINT('Ctrl Pts',(-35.95,12.,0.));
#2637=CARTESIAN_POINT('Ctrl Pts',(-35.95,20.1,0.));
#2638=CARTESIAN_POINT('',(-35.95,12.,0.));
#2639=CARTESIAN_POINT('Ctrl Pts',(-35.95,12.,0.));
#2640=CARTESIAN_POINT('Ctrl Pts',(-35.95,20.1,0.));
#2641=CARTESIAN_POINT('Ctrl Pts',(-35.95,12.,0.324199336583536));
#2642=CARTESIAN_POINT('Ctrl Pts',(-35.95,20.1,0.324199336583536));
#2643=CARTESIAN_POINT('Ctrl Pts',(-35.9027376528159,12.,0.98513529694673));
#2644=CARTESIAN_POINT('Ctrl Pts',(-35.9027376528159,20.1,0.98513529694673));
#2645=CARTESIAN_POINT('Ctrl Pts',(-35.6900600917695,12.,2.01413654531281));
#2646=CARTESIAN_POINT('Ctrl Pts',(-35.6900600917695,20.1,2.01413654531281));
#2647=CARTESIAN_POINT('Ctrl Pts',(-35.1275559124811,12.,3.43957997989004));
#2648=CARTESIAN_POINT('Ctrl Pts',(-35.1275559124811,20.1,3.43957997989004));
#2649=CARTESIAN_POINT('Ctrl Pts',(-33.9859030052586,12.,5.19120681419028));
#2650=CARTESIAN_POINT('Ctrl Pts',(-33.9859030052586,20.1,5.19120681419028));
#2651=CARTESIAN_POINT('Ctrl Pts',(-32.4457638103011,12.,6.77034787740561));
#2652=CARTESIAN_POINT('Ctrl Pts',(-32.4457638103011,20.1,6.77034787740561));
#2653=CARTESIAN_POINT('Ctrl Pts',(-30.5642797404669,12.,8.04896748156411));
#2654=CARTESIAN_POINT('Ctrl Pts',(-30.5642797404669,20.1,8.04896748156411));
#2655=CARTESIAN_POINT('Ctrl Pts',(-28.4286987176054,12.,8.96191489671328));
#2656=CARTESIAN_POINT('Ctrl Pts',(-28.4286987176054,20.1,8.96191489671328));
#2657=CARTESIAN_POINT('Ctrl Pts',(-26.1639579969322,12.,9.53752911527211));
#2658=CARTESIAN_POINT('Ctrl Pts',(-26.1639579969322,20.1,9.53752911527211));
#2659=CARTESIAN_POINT('Ctrl Pts',(-23.9053273561887,12.,9.84858406351074));
#2660=CARTESIAN_POINT('Ctrl Pts',(-23.9053273561887,20.1,9.84858406351074));
#2661=CARTESIAN_POINT('Ctrl Pts',(-22.2046918952088,12.,9.95670327818375));
#2662=CARTESIAN_POINT('Ctrl Pts',(-22.2046918952088,20.1,9.95670327818375));
#2663=CARTESIAN_POINT('Ctrl Pts',(-21.0323378537867,12.,9.99212732095227));
#2664=CARTESIAN_POINT('Ctrl Pts',(-21.0323378537867,20.1,9.99212732095227));
#2665=CARTESIAN_POINT('Ctrl Pts',(-20.3022058793943,12.,10.));
#2666=CARTESIAN_POINT('Ctrl Pts',(-20.3022058793943,20.1,10.));
#2667=CARTESIAN_POINT('Ctrl Pts',(-19.95,12.,10.));
#2668=CARTESIAN_POINT('Ctrl Pts',(-19.95,20.1,10.));
#2669=CARTESIAN_POINT('Origin',(52.0499999999991,12.,-10.));
#2670=CARTESIAN_POINT('Origin',(12.05,12.,16.0000000000004));
#2671=CARTESIAN_POINT('Origin',(14.4948611876626,12.,0.));
#2672=CARTESIAN_POINT('',(32.5500000000002,12.,1.55241746961893));
#2673=CARTESIAN_POINT('',(33.5500000000003,12.,1.55241746961873));
#2674=CARTESIAN_POINT('',(33.5500000000003,12.,1.55241746961873));
#2675=CARTESIAN_POINT('',(32.5500000000002,12.,-1.55241746961893));
#2676=CARTESIAN_POINT('',(32.5500000000004,12.,-14.0000000000004));
#2677=CARTESIAN_POINT('',(33.5500000000003,12.,-1.55241746961873));
#2678=CARTESIAN_POINT('',(33.5500000000003,12.,-1.55241746961873));
#2679=CARTESIAN_POINT('',(33.5500000000003,12.,0.));
#2680=CARTESIAN_POINT('Origin',(11.0500000000023,0.,-7.));
#2681=CARTESIAN_POINT('Origin',(33.5500000000004,14.,0.));
#2682=CARTESIAN_POINT('Origin',(33.55,-9.38649158399553E-13,1.11022302462516E-15));
#2683=CARTESIAN_POINT('',(33.5500000000001,-4.50000000000331,-5.510910596166E-16));
#2684=CARTESIAN_POINT('Origin',(33.5500000000002,-9.36732810863399E-13,
0.));
#2685=CARTESIAN_POINT('Origin',(33.55,0.,-14.0000000000004));
#2686=CARTESIAN_POINT('',(15.55,0.,-14.0000000000004));
#2687=CARTESIAN_POINT('',(15.55,12.,-14.0000000000004));
#2688=CARTESIAN_POINT('',(32.55,2.19158025061313E-14,-14.0000000000009));
#2689=CARTESIAN_POINT('',(24.55,-6.84934228878414E-13,-14.0000000000004));
#2690=CARTESIAN_POINT('',(32.55,1.49999999999939,-14.0000000000004));
#2691=CARTESIAN_POINT('Origin',(-19.9500000000011,-9.99804169670806,0.));
#2692=CARTESIAN_POINT('Origin',(-19.9500000000009,0.00783321316456724,2.3372507474464E-49));
#2693=CARTESIAN_POINT('Ctrl Pts',(-19.9500000000009,0.00391660658256412,
19.9999996165041));
#2694=CARTESIAN_POINT('Ctrl Pts',(-19.9500000000009,0.00391660658256412,
19.9999996165041));
#2695=CARTESIAN_POINT('Ctrl Pts',(-19.9500000000009,0.00391660658256412,
19.9999996165041));
#2696=CARTESIAN_POINT('Ctrl Pts',(-19.9500000000009,0.00391660658256412,
19.9999996165041));
#2697=CARTESIAN_POINT('Ctrl Pts',(-19.9500000000009,0.00391660658256412,
19.9999996165041));
#2698=CARTESIAN_POINT('Ctrl Pts',(-19.9500000000009,-11.5448293354209,20.0022612112659));
#2699=CARTESIAN_POINT('Ctrl Pts',(-31.4987459420043,-11.5448293354209,20.0022612112659));
#2700=CARTESIAN_POINT('Ctrl Pts',(-31.4987459420043,0.00391660658256412,
20.0022612112659));
#2701=CARTESIAN_POINT('Ctrl Pts',(-31.4987459420043,11.552662548586,20.0022612112659));
#2702=CARTESIAN_POINT('Ctrl Pts',(-19.9500000000009,11.552662548586,20.0022612112659));
#2703=CARTESIAN_POINT('Ctrl Pts',(-19.9500000000009,-17.3198552710183,10.001130605633));
#2704=CARTESIAN_POINT('Ctrl Pts',(-37.2737718776018,-17.3198552710183,10.001130605633));
#2705=CARTESIAN_POINT('Ctrl Pts',(-37.2737718776018,0.00391660658256412,
10.001130605633));
#2706=CARTESIAN_POINT('Ctrl Pts',(-37.2737718776018,17.3276884841835,10.001130605633));
#2707=CARTESIAN_POINT('Ctrl Pts',(-19.9500000000009,17.3276884841835,10.001130605633));
#2708=CARTESIAN_POINT('Ctrl Pts',(-19.9500000000009,-23.0948812066158,4.06061578941657E-33));
#2709=CARTESIAN_POINT('Ctrl Pts',(-43.0487978131992,-23.0948812066158,4.06061578941669E-33));
#2710=CARTESIAN_POINT('Ctrl Pts',(-43.0487978131992,0.00391660658256412,
0.));
#2711=CARTESIAN_POINT('Ctrl Pts',(-43.0487978131992,23.1027144197809,-4.06061578941669E-33));
#2712=CARTESIAN_POINT('Ctrl Pts',(-19.9500000000009,23.1027144197809,-4.0606157894168E-33));
#2713=CARTESIAN_POINT('Ctrl Pts',(-19.9500000000009,-17.3198552710183,-10.001130605633));
#2714=CARTESIAN_POINT('Ctrl Pts',(-37.2737718776018,-17.3198552710183,-10.001130605633));
#2715=CARTESIAN_POINT('Ctrl Pts',(-37.2737718776018,0.00391660658256412,
-10.001130605633));
#2716=CARTESIAN_POINT('Ctrl Pts',(-37.2737718776018,17.3276884841835,-10.001130605633));
#2717=CARTESIAN_POINT('Ctrl Pts',(-19.9500000000009,17.3276884841835,-10.001130605633));
#2718=CARTESIAN_POINT('Ctrl Pts',(-19.9500000000009,-11.5448293354209,-20.0022612112659));
#2719=CARTESIAN_POINT('Ctrl Pts',(-31.4987459420043,-11.5448293354209,-20.0022612112659));
#2720=CARTESIAN_POINT('Ctrl Pts',(-31.4987459420043,0.00391660658256412,
-20.0022612112659));
#2721=CARTESIAN_POINT('Ctrl Pts',(-31.4987459420043,11.552662548586,-20.0022612112659));
#2722=CARTESIAN_POINT('Ctrl Pts',(-19.9500000000009,11.552662548586,-20.0022612112659));
#2723=CARTESIAN_POINT('Ctrl Pts',(-19.9500000000009,0.00391660658256412,
-19.9999996165041));
#2724=CARTESIAN_POINT('Ctrl Pts',(-19.9500000000009,0.00391660658256412,
-19.9999996165041));
#2725=CARTESIAN_POINT('Ctrl Pts',(-19.9500000000009,0.00391660658256412,
-19.9999996165041));
#2726=CARTESIAN_POINT('Ctrl Pts',(-19.9500000000009,0.00391660658256412,
-19.9999996165041));
#2727=CARTESIAN_POINT('Ctrl Pts',(-19.9500000000009,0.00391660658256412,
-19.9999996165041));
#2728=CARTESIAN_POINT('Origin',(33.55,-9.38649158399553E-13,1.11022302462516E-15));
#2729=CARTESIAN_POINT('Origin',(32.55,-9.10671538179E-13,1.11022302462516E-15));
#2730=CARTESIAN_POINT('Origin',(32.5500000000001,2.99999999999875,-6.08472926962722E-72));
#2731=CARTESIAN_POINT('',(32.55,-1.84431797364095E-12,14.0000000000009));
#2732=CARTESIAN_POINT('',(32.55,1.49999999999914,14.0000000000009));
#2733=CARTESIAN_POINT('Origin',(32.55,-9.08755190642838E-13,0.));
#2734=CARTESIAN_POINT('Origin',(15.55,0.,14.0000000000009));
#2735=CARTESIAN_POINT('',(15.55,0.,14.0000000000009));
#2736=CARTESIAN_POINT('',(24.55,-6.84934228878414E-13,14.0000000000009));
#2737=CARTESIAN_POINT('',(15.55,0.,14.0000000000009));
#2738=CARTESIAN_POINT('Origin',(24.55,-6.84934228878414E-13,0.));
#2739=CARTESIAN_POINT('Origin',(15.55,-4.33135646893437E-13,0.));
#2740=CARTESIAN_POINT('Origin',(15.5500000000002,-4.35207425653061E-13,
0.));
#2741=CARTESIAN_POINT('Origin',(-2.94999999999767,0.,7.));
#2742=CARTESIAN_POINT('Origin',(50.7999999999999,-1.41934675966793E-12,
0.));
#2743=CARTESIAN_POINT('',(65.0499999999994,-6.10000000000352,-7.47034547480094E-16));
#2744=CARTESIAN_POINT('Origin',(65.0499999999995,-1.8180278478108E-12,0.));
#2745=CARTESIAN_POINT('',(36.5500000000002,-6.10000000000272,-7.47034547480094E-16));
#2746=CARTESIAN_POINT('',(50.7999999999998,-6.10000000000312,-7.47034547480094E-16));
#2747=CARTESIAN_POINT('Origin',(36.5500000000004,-1.02066567152506E-12,
0.));
#2748=CARTESIAN_POINT('Origin',(35.7000000000004,-9.96884694337591E-13,
0.));
#2749=CARTESIAN_POINT('',(34.8500000000002,-5.80000000000249,-7.1029514350565E-16));
#2750=CARTESIAN_POINT('',(35.7000000000002,-5.95000000000253,-7.28664845492864E-16));
#2751=CARTESIAN_POINT('Origin',(34.8500000000004,-9.73103717150121E-13,
0.));
#2752=CARTESIAN_POINT('Origin',(34.8500000000041,4.5000000000006,0.));
#2753=CARTESIAN_POINT('',(34.8500000000039,-4.50000000000335,-5.510910596166E-16));
#2754=CARTESIAN_POINT('Origin',(34.850000000004,-9.73103717150222E-13,0.));
#2755=CARTESIAN_POINT('Origin',(34.2000000000021,-9.5491826400681E-13,0.));
#2756=CARTESIAN_POINT('',(34.200000000002,-4.50000000000333,-5.510910596166E-16));
#2757=CARTESIAN_POINT('Origin',(66.0499999999997,12.1499999999977,0.));
#2758=CARTESIAN_POINT('Origin',(65.0499999999997,6.10000000000002,0.));
#2759=UNCERTAINTY_MEASURE_WITH_UNIT(LENGTH_MEASURE(0.01),#2763,
'DISTANCE_ACCURACY_VALUE',
'Maximum model space distance between geometric entities at asserted c
onnectivities');
#2760=UNCERTAINTY_MEASURE_WITH_UNIT(LENGTH_MEASURE(0.01),#2763,
'DISTANCE_ACCURACY_VALUE',
'Maximum model space distance between geometric entities at asserted c
onnectivities');
#2761=(
GEOMETRIC_REPRESENTATION_CONTEXT(3)
GLOBAL_UNCERTAINTY_ASSIGNED_CONTEXT((#2759))
GLOBAL_UNIT_ASSIGNED_CONTEXT((#2763,#2765,#2766))
REPRESENTATION_CONTEXT('','3D')
);
#2762=(
GEOMETRIC_REPRESENTATION_CONTEXT(3)
GLOBAL_UNCERTAINTY_ASSIGNED_CONTEXT((#2760))
GLOBAL_UNIT_ASSIGNED_CONTEXT((#2763,#2765,#2766))
REPRESENTATION_CONTEXT('','3D')
);
#2763=(
LENGTH_UNIT()
NAMED_UNIT(*)
SI_UNIT(.MILLI.,.METRE.)
);
#2764=(
LENGTH_UNIT()
NAMED_UNIT(*)
SI_UNIT($,.METRE.)
);
#2765=(
NAMED_UNIT(*)
PLANE_ANGLE_UNIT()
SI_UNIT($,.RADIAN.)
);
#2766=(
NAMED_UNIT(*)
SI_UNIT($,.STERADIAN.)
SOLID_ANGLE_UNIT()
);
#2767=SHAPE_DEFINITION_REPRESENTATION(#2768,#2769);
#2768=PRODUCT_DEFINITION_SHAPE('',$,#2771);
#2769=SHAPE_REPRESENTATION('',(#1270),#2761);
#2770=PRODUCT_DEFINITION_CONTEXT('part definition',#2775,'design');
#2771=PRODUCT_DEFINITION('Thrust Cell Interface Mk2',
'Thrust Cell Interface Mk2',#2772,#2770);
#2772=PRODUCT_DEFINITION_FORMATION('',$,#2777);
#2773=PRODUCT_RELATED_PRODUCT_CATEGORY('Thrust Cell Interface Mk2',
'Thrust Cell Interface Mk2',(#2777));
#2774=APPLICATION_PROTOCOL_DEFINITION('international standard',
'automotive_design',2009,#2775);
#2775=APPLICATION_CONTEXT(
'Core Data for Automotive Mechanical Design Process');
#2776=PRODUCT_CONTEXT('part definition',#2775,'mechanical');
#2777=PRODUCT('Thrust Cell Interface Mk2','Thrust Cell Interface Mk2',$,
(#2776));
#2778=PRESENTATION_STYLE_ASSIGNMENT((#2779));
#2779=SURFACE_STYLE_USAGE(.BOTH.,#2780);
#2780=SURFACE_SIDE_STYLE('',(#2781));
#2781=SURFACE_STYLE_FILL_AREA(#2782);
#2782=FILL_AREA_STYLE('Steel - Satin',(#2783));
#2783=FILL_AREA_STYLE_COLOUR('Steel - Satin',#2784);
#2784=COLOUR_RGB('Steel - Satin',0.627450980392157,0.627450980392157,0.627450980392157);
ENDSEC;
END-ISO-10303-21;
