ISO-10303-21;
HEADER;
/* Generated by software containing ST-Developer
 * from STEP Tools, Inc. (www.steptools.com) 
 */

FILE_DESCRIPTION(
/* description */ (''),
/* implementation_level */ '2;1');

FILE_NAME(
/* name */ '16x16 Motor Mount.step',
/* time_stamp */ '2025-05-01T08:43:43+01:00',
/* author */ (''),
/* organization */ (''),
/* preprocessor_version */ 'ST-DEVELOPER v20.1',
/* originating_system */ 'Autodesk Translation Framework v14.4.0.0',
/* authorisation */ '');

FILE_SCHEMA (('AUTOMOTIVE_DESIGN { 1 0 10303 214 3 1 1 }'));
ENDSEC;

DATA;
#10=MECHANICAL_DESIGN_GEOMETRIC_PRESENTATION_REPRESENTATION('',(#13),#2140);
#11=SHAPE_REPRESENTATION_RELATIONSHIP('SRR','None',#2147,#12);
#12=ADVANCED_BREP_SHAPE_REPRESENTATION('',(#14),#2139);
#13=STYLED_ITEM('',(#2156),#14);
#14=MANIFOLD_SOLID_BREP('Body1',#716);
#15=CONICAL_SURFACE('',#808,11.,0.141897054604164);
#16=(
BOUNDED_SURFACE()
B_SPLINE_SURFACE(2,2,((#2095,#2096,#2097,#2098,#2099,#2100,#2101,#2102,
#2103),(#2104,#2105,#2106,#2107,#2108,#2109,#2110,#2111,#2112),(#2113,#2114,
#2115,#2116,#2117,#2118,#2119,#2120,#2121)),.UNSPECIFIED.,.F.,.T.,.F.)
B_SPLINE_SURFACE_WITH_KNOTS((3,3),(3,2,2,2,3),(-1.5707963267949,-0.339836909454127),
(-3.14159265358979,-1.5707963267949,0.,1.5707963267949,3.14159265358979),
 .UNSPECIFIED.)
GEOMETRIC_REPRESENTATION_ITEM()
RATIONAL_B_SPLINE_SURFACE(((1.,0.707106781186548,1.,0.707106781186548,1.,
0.707106781186548,1.,0.707106781186548,1.),(0.81649658092774,0.577350269189636,
0.81649658092774,0.577350269189636,0.81649658092774,0.577350269189636,0.81649658092774,
0.577350269189636,0.81649658092774),(1.,0.707106781186548,1.,0.707106781186548,
1.,0.707106781186548,1.,0.707106781186548,1.)))
REPRESENTATION_ITEM('')
SURFACE()
);
#17=(
BOUNDED_CURVE()
B_SPLINE_CURVE(2,(#2062,#2063,#2064),.UNSPECIFIED.,.F.,.F.)
B_SPLINE_CURVE_WITH_KNOTS((3,3),(0.,2.52538638447466),.UNSPECIFIED.)
CURVE()
GEOMETRIC_REPRESENTATION_ITEM()
RATIONAL_B_SPLINE_CURVE((1.,1.01399673838924,1.))
REPRESENTATION_ITEM('')
);
#18=(
BOUNDED_CURVE()
B_SPLINE_CURVE(2,(#2068,#2069,#2070),.UNSPECIFIED.,.F.,.F.)
B_SPLINE_CURVE_WITH_KNOTS((3,3),(0.,2.52538638447466),.UNSPECIFIED.)
CURVE()
GEOMETRIC_REPRESENTATION_ITEM()
RATIONAL_B_SPLINE_CURVE((1.,1.01399673838924,1.))
REPRESENTATION_ITEM('')
);
#19=(
BOUNDED_CURVE()
B_SPLINE_CURVE(2,(#2080,#2081,#2082),.UNSPECIFIED.,.F.,.F.)
B_SPLINE_CURVE_WITH_KNOTS((3,3),(0.,2.52538638447466),.UNSPECIFIED.)
CURVE()
GEOMETRIC_REPRESENTATION_ITEM()
RATIONAL_B_SPLINE_CURVE((1.,1.01399673838924,1.))
REPRESENTATION_ITEM('')
);
#20=(
BOUNDED_CURVE()
B_SPLINE_CURVE(2,(#2085,#2086,#2087),.UNSPECIFIED.,.F.,.F.)
B_SPLINE_CURVE_WITH_KNOTS((3,3),(0.,2.52538638447466),.UNSPECIFIED.)
CURVE()
GEOMETRIC_REPRESENTATION_ITEM()
RATIONAL_B_SPLINE_CURVE((1.,1.01399673838924,1.))
REPRESENTATION_ITEM('')
);
#21=LINE('',#1803,#55);
#22=LINE('',#1807,#56);
#23=LINE('',#1811,#57);
#24=LINE('',#1815,#58);
#25=LINE('',#1820,#59);
#26=LINE('',#1865,#60);
#27=LINE('',#1910,#61);
#28=LINE('',#1955,#62);
#29=LINE('',#1999,#63);
#30=LINE('',#2002,#64);
#31=LINE('',#2007,#65);
#32=LINE('',#2010,#66);
#33=LINE('',#2015,#67);
#34=LINE('',#2019,#68);
#35=LINE('',#2024,#69);
#36=LINE('',#2028,#70);
#37=LINE('',#2032,#71);
#38=LINE('',#2035,#72);
#39=LINE('',#2038,#73);
#40=LINE('',#2040,#74);
#41=LINE('',#2044,#75);
#42=LINE('',#2047,#76);
#43=LINE('',#2049,#77);
#44=LINE('',#2052,#78);
#45=LINE('',#2053,#79);
#46=LINE('',#2056,#80);
#47=LINE('',#2060,#81);
#48=LINE('',#2066,#82);
#49=LINE('',#2071,#83);
#50=LINE('',#2074,#84);
#51=LINE('',#2077,#85);
#52=LINE('',#2084,#86);
#53=LINE('',#2132,#87);
#54=LINE('',#2136,#88);
#55=VECTOR('',#839,1.6);
#56=VECTOR('',#844,1.6);
#57=VECTOR('',#849,1.6);
#58=VECTOR('',#854,1.6);
#59=VECTOR('',#859,2.74999999999999);
#60=VECTOR('',#868,2.74999999999999);
#61=VECTOR('',#877,1.99999999999999);
#62=VECTOR('',#886,1.99999999999999);
#63=VECTOR('',#895,1.6);
#64=VECTOR('',#898,1.6);
#65=VECTOR('',#905,1.6);
#66=VECTOR('',#908,1.6);
#67=VECTOR('',#913,10.);
#68=VECTOR('',#916,10.);
#69=VECTOR('',#921,10.);
#70=VECTOR('',#924,10.);
#71=VECTOR('',#929,10.);
#72=VECTOR('',#932,10.);
#73=VECTOR('',#935,10.);
#74=VECTOR('',#936,10.);
#75=VECTOR('',#941,10.);
#76=VECTOR('',#944,10.);
#77=VECTOR('',#947,10.);
#78=VECTOR('',#950,10.);
#79=VECTOR('',#951,10.);
#80=VECTOR('',#954,10.);
#81=VECTOR('',#959,10.);
#82=VECTOR('',#960,10.);
#83=VECTOR('',#961,10.);
#84=VECTOR('',#964,10.);
#85=VECTOR('',#967,10.);
#86=VECTOR('',#970,10.);
#87=VECTOR('',#995,13.);
#88=VECTOR('',#1002,11.);
#89=CYLINDRICAL_SURFACE('',#742,1.6);
#90=CYLINDRICAL_SURFACE('',#744,1.6);
#91=CYLINDRICAL_SURFACE('',#746,1.6);
#92=CYLINDRICAL_SURFACE('',#748,1.6);
#93=CYLINDRICAL_SURFACE('',#750,2.74999999999999);
#94=CYLINDRICAL_SURFACE('',#754,2.74999999999999);
#95=CYLINDRICAL_SURFACE('',#758,1.99999999999999);
#96=CYLINDRICAL_SURFACE('',#762,1.99999999999999);
#97=CYLINDRICAL_SURFACE('',#766,1.6);
#98=CYLINDRICAL_SURFACE('',#768,1.6);
#99=CYLINDRICAL_SURFACE('',#770,1.6);
#100=CYLINDRICAL_SURFACE('',#772,1.6);
#101=CYLINDRICAL_SURFACE('',#774,4.);
#102=CYLINDRICAL_SURFACE('',#777,4.);
#103=CYLINDRICAL_SURFACE('',#784,4.);
#104=CYLINDRICAL_SURFACE('',#788,4.);
#105=CYLINDRICAL_SURFACE('',#804,13.);
#106=FACE_BOUND('',#194,.T.);
#107=FACE_BOUND('',#197,.T.);
#108=FACE_BOUND('',#200,.T.);
#109=FACE_BOUND('',#203,.T.);
#110=FACE_BOUND('',#210,.T.);
#111=FACE_BOUND('',#213,.T.);
#112=FACE_BOUND('',#216,.T.);
#113=FACE_BOUND('',#219,.T.);
#114=FACE_BOUND('',#230,.T.);
#115=FACE_BOUND('',#231,.T.);
#116=FACE_BOUND('',#233,.T.);
#117=FACE_BOUND('',#234,.T.);
#118=FACE_BOUND('',#245,.T.);
#119=FACE_BOUND('',#246,.T.);
#120=FACE_BOUND('',#247,.T.);
#121=FACE_BOUND('',#248,.T.);
#122=FACE_BOUND('',#249,.T.);
#123=FACE_BOUND('',#251,.T.);
#124=FACE_BOUND('',#252,.T.);
#125=FACE_BOUND('',#253,.T.);
#126=FACE_BOUND('',#254,.T.);
#127=FACE_BOUND('',#255,.T.);
#128=FACE_BOUND('',#256,.T.);
#129=FACE_BOUND('',#257,.T.);
#130=FACE_BOUND('',#258,.T.);
#131=PLANE('',#731);
#132=PLANE('',#734);
#133=PLANE('',#737);
#134=PLANE('',#740);
#135=PLANE('',#752);
#136=PLANE('',#756);
#137=PLANE('',#760);
#138=PLANE('',#764);
#139=PLANE('',#780);
#140=PLANE('',#782);
#141=PLANE('',#786);
#142=PLANE('',#787);
#143=PLANE('',#790);
#144=PLANE('',#791);
#145=PLANE('',#793);
#146=PLANE('',#794);
#147=PLANE('',#798);
#148=PLANE('',#803);
#149=PLANE('',#807);
#150=FACE_OUTER_BOUND('',#192,.T.);
#151=FACE_OUTER_BOUND('',#193,.T.);
#152=FACE_OUTER_BOUND('',#195,.T.);
#153=FACE_OUTER_BOUND('',#196,.T.);
#154=FACE_OUTER_BOUND('',#198,.T.);
#155=FACE_OUTER_BOUND('',#199,.T.);
#156=FACE_OUTER_BOUND('',#201,.T.);
#157=FACE_OUTER_BOUND('',#202,.T.);
#158=FACE_OUTER_BOUND('',#204,.T.);
#159=FACE_OUTER_BOUND('',#205,.T.);
#160=FACE_OUTER_BOUND('',#206,.T.);
#161=FACE_OUTER_BOUND('',#207,.T.);
#162=FACE_OUTER_BOUND('',#208,.T.);
#163=FACE_OUTER_BOUND('',#209,.T.);
#164=FACE_OUTER_BOUND('',#211,.T.);
#165=FACE_OUTER_BOUND('',#212,.T.);
#166=FACE_OUTER_BOUND('',#214,.T.);
#167=FACE_OUTER_BOUND('',#215,.T.);
#168=FACE_OUTER_BOUND('',#217,.T.);
#169=FACE_OUTER_BOUND('',#218,.T.);
#170=FACE_OUTER_BOUND('',#220,.T.);
#171=FACE_OUTER_BOUND('',#221,.T.);
#172=FACE_OUTER_BOUND('',#222,.T.);
#173=FACE_OUTER_BOUND('',#223,.T.);
#174=FACE_OUTER_BOUND('',#224,.T.);
#175=FACE_OUTER_BOUND('',#225,.T.);
#176=FACE_OUTER_BOUND('',#226,.T.);
#177=FACE_OUTER_BOUND('',#227,.T.);
#178=FACE_OUTER_BOUND('',#228,.T.);
#179=FACE_OUTER_BOUND('',#229,.T.);
#180=FACE_OUTER_BOUND('',#232,.T.);
#181=FACE_OUTER_BOUND('',#235,.T.);
#182=FACE_OUTER_BOUND('',#236,.T.);
#183=FACE_OUTER_BOUND('',#237,.T.);
#184=FACE_OUTER_BOUND('',#238,.T.);
#185=FACE_OUTER_BOUND('',#239,.T.);
#186=FACE_OUTER_BOUND('',#240,.T.);
#187=FACE_OUTER_BOUND('',#241,.T.);
#188=FACE_OUTER_BOUND('',#242,.T.);
#189=FACE_OUTER_BOUND('',#243,.T.);
#190=FACE_OUTER_BOUND('',#244,.T.);
#191=FACE_OUTER_BOUND('',#250,.T.);
#192=EDGE_LOOP('',(#478,#479,#480,#481));
#193=EDGE_LOOP('',(#482));
#194=EDGE_LOOP('',(#483));
#195=EDGE_LOOP('',(#484,#485,#486,#487));
#196=EDGE_LOOP('',(#488));
#197=EDGE_LOOP('',(#489));
#198=EDGE_LOOP('',(#490,#491,#492,#493));
#199=EDGE_LOOP('',(#494));
#200=EDGE_LOOP('',(#495));
#201=EDGE_LOOP('',(#496,#497,#498,#499));
#202=EDGE_LOOP('',(#500));
#203=EDGE_LOOP('',(#501));
#204=EDGE_LOOP('',(#502,#503,#504,#505));
#205=EDGE_LOOP('',(#506,#507,#508,#509));
#206=EDGE_LOOP('',(#510,#511,#512,#513));
#207=EDGE_LOOP('',(#514,#515,#516,#517));
#208=EDGE_LOOP('',(#518,#519,#520,#521,#522));
#209=EDGE_LOOP('',(#523));
#210=EDGE_LOOP('',(#524));
#211=EDGE_LOOP('',(#525,#526,#527,#528,#529));
#212=EDGE_LOOP('',(#530));
#213=EDGE_LOOP('',(#531));
#214=EDGE_LOOP('',(#532,#533,#534,#535,#536));
#215=EDGE_LOOP('',(#537));
#216=EDGE_LOOP('',(#538));
#217=EDGE_LOOP('',(#539,#540,#541,#542,#543));
#218=EDGE_LOOP('',(#544));
#219=EDGE_LOOP('',(#545));
#220=EDGE_LOOP('',(#546,#547,#548,#549));
#221=EDGE_LOOP('',(#550,#551,#552,#553));
#222=EDGE_LOOP('',(#554,#555,#556,#557));
#223=EDGE_LOOP('',(#558,#559,#560,#561));
#224=EDGE_LOOP('',(#562,#563,#564,#565));
#225=EDGE_LOOP('',(#566,#567,#568,#569));
#226=EDGE_LOOP('',(#570,#571,#572,#573));
#227=EDGE_LOOP('',(#574,#575,#576,#577));
#228=EDGE_LOOP('',(#578,#579,#580,#581));
#229=EDGE_LOOP('',(#582,#583,#584,#585));
#230=EDGE_LOOP('',(#586));
#231=EDGE_LOOP('',(#587));
#232=EDGE_LOOP('',(#588,#589,#590,#591));
#233=EDGE_LOOP('',(#592));
#234=EDGE_LOOP('',(#593));
#235=EDGE_LOOP('',(#594,#595,#596,#597));
#236=EDGE_LOOP('',(#598,#599,#600,#601,#602,#603,#604,#605));
#237=EDGE_LOOP('',(#606,#607,#608,#609,#610,#611));
#238=EDGE_LOOP('',(#612,#613,#614,#615,#616,#617,#618,#619));
#239=EDGE_LOOP('',(#620,#621,#622,#623,#624));
#240=EDGE_LOOP('',(#625,#626,#627,#628,#629,#630));
#241=EDGE_LOOP('',(#631,#632,#633,#634));
#242=EDGE_LOOP('',(#635));
#243=EDGE_LOOP('',(#636,#637,#638,#639));
#244=EDGE_LOOP('',(#640));
#245=EDGE_LOOP('',(#641));
#246=EDGE_LOOP('',(#642));
#247=EDGE_LOOP('',(#643));
#248=EDGE_LOOP('',(#644));
#249=EDGE_LOOP('',(#645));
#250=EDGE_LOOP('',(#646,#647,#648,#649,#650,#651,#652,#653,#654,#655,#656,
#657));
#251=EDGE_LOOP('',(#658));
#252=EDGE_LOOP('',(#659));
#253=EDGE_LOOP('',(#660));
#254=EDGE_LOOP('',(#661));
#255=EDGE_LOOP('',(#662,#663));
#256=EDGE_LOOP('',(#664,#665));
#257=EDGE_LOOP('',(#666,#667));
#258=EDGE_LOOP('',(#668,#669));
#259=CIRCLE('',#730,3.);
#260=CIRCLE('',#732,1.6);
#261=CIRCLE('',#733,3.);
#262=CIRCLE('',#735,1.6);
#263=CIRCLE('',#736,3.);
#264=CIRCLE('',#738,1.6);
#265=CIRCLE('',#739,3.);
#266=CIRCLE('',#741,1.6);
#267=CIRCLE('',#743,1.6);
#268=CIRCLE('',#745,1.6);
#269=CIRCLE('',#747,1.6);
#270=CIRCLE('',#749,1.6);
#271=CIRCLE('',#751,2.74999999999999);
#272=CIRCLE('',#753,1.6);
#273=CIRCLE('',#755,2.74999999999999);
#274=CIRCLE('',#757,1.6);
#275=CIRCLE('',#759,1.99999999999999);
#276=CIRCLE('',#761,1.6);
#277=CIRCLE('',#763,1.99999999999999);
#278=CIRCLE('',#765,1.6);
#279=CIRCLE('',#767,1.6);
#280=CIRCLE('',#769,1.6);
#281=CIRCLE('',#771,1.6);
#282=CIRCLE('',#773,1.6);
#283=CIRCLE('',#775,4.);
#284=CIRCLE('',#776,4.);
#285=CIRCLE('',#778,4.);
#286=CIRCLE('',#779,4.);
#287=CIRCLE('',#781,4.);
#288=CIRCLE('',#783,4.);
#289=CIRCLE('',#785,4.);
#290=CIRCLE('',#789,4.);
#291=CIRCLE('',#792,9.);
#292=CIRCLE('',#795,12.5714285714286);
#293=CIRCLE('',#796,12.5714285714286);
#294=CIRCLE('',#797,12.5714285714286);
#295=CIRCLE('',#799,9.);
#296=CIRCLE('',#800,3.75);
#297=CIRCLE('',#801,3.);
#298=CIRCLE('',#802,0.921572875253812);
#299=CIRCLE('',#805,13.);
#300=CIRCLE('',#806,13.);
#301=B_SPLINE_CURVE_WITH_KNOTS('',3,(#1082,#1083,#1084,#1085,#1086,#1087,
#1088,#1089,#1090,#1091,#1092,#1093,#1094,#1095,#1096,#1097,#1098,#1099,
#1100,#1101,#1102,#1103,#1104,#1105,#1106,#1107,#1108,#1109,#1110,#1111,
#1112,#1113,#1114,#1115,#1116,#1117,#1118,#1119,#1120,#1121,#1122,#1123,
#1124),.UNSPECIFIED.,.T.,.F.,(4,2,2,2,2,2,2,3,2,2,2,2,2,2,2,2,2,2,2,2,4),
(1.44547070845661,1.57476060853837,1.79053018344026,2.01259600592564,2.15226037348151,
2.25192489351627,2.32356922608335,2.32772929355745,2.39631404229235,2.46867733915007,
2.57428935380211,2.7334486550036,2.95573184956659,3.17776224184933,3.32399985516023,
3.42000677296053,3.49233228189423,3.55871935896497,3.63414362003203,3.74162265591364,
3.77320000201407),.UNSPECIFIED.);
#302=B_SPLINE_CURVE_WITH_KNOTS('',3,(#1126,#1127,#1128,#1129,#1130,#1131,
#1132,#1133,#1134,#1135,#1136,#1137,#1138,#1139,#1140,#1141,#1142,#1143,
#1144,#1145,#1146,#1147,#1148,#1149,#1150,#1151,#1152,#1153,#1154,#1155,
#1156,#1157,#1158,#1159,#1160,#1161,#1162,#1163,#1164,#1165,#1166,#1167,
#1168,#1169,#1170,#1171,#1172,#1173,#1174,#1175,#1176,#1177,#1178,#1179,
#1180,#1181,#1182,#1183,#1184,#1185,#1186,#1187,#1188,#1189,#1190,#1191,
#1192,#1193,#1194,#1195,#1196,#1197,#1198),.UNSPECIFIED.,.F.,.F.,(4,3,3,
3,3,3,3,3,3,3,3,3,3,3,3,3,3,3,3,3,3,3,3,3,4),(0.,0.0317095169807184,0.0642039054186952,
0.097510878776757,0.131633007498151,0.166843512600073,0.203380152132079,
0.241600826139298,0.280962481935959,0.318583002023626,0.354098590298467,
0.38934948012058,0.42334318840856,0.456621773962523,0.489536230038305,0.522178827505665,
0.555953720160968,0.591416074951801,0.633234301803967,0.677494749250385,
0.723923435226794,0.772470783283163,0.820457067301248,0.869284947376758,
0.918112827452268),.UNSPECIFIED.);
#303=B_SPLINE_CURVE_WITH_KNOTS('',3,(#1281,#1282,#1283,#1284,#1285,#1286,
#1287,#1288,#1289,#1290,#1291,#1292,#1293,#1294,#1295,#1296,#1297,#1298,
#1299,#1300,#1301,#1302,#1303,#1304,#1305,#1306,#1307,#1308,#1309,#1310,
#1311,#1312,#1313,#1314,#1315,#1316,#1317,#1318,#1319,#1320,#1321,#1322,
#1323),.UNSPECIFIED.,.T.,.F.,(4,2,2,2,2,2,2,3,2,2,2,2,2,2,2,2,2,2,2,2,4),
(1.44547070866479,1.57476060878125,1.79053018374576,2.01259600630091,2.15226037390482,
2.25192489397729,2.3235692265732,2.32772929404784,2.39631404278367,2.46867733964442,
2.57428935430354,2.73344865552163,2.95573185011681,3.17776224243751,3.32399985577078,
3.42000677358438,3.49233228253003,3.55871935961358,3.63414362069713,3.74162265660417,
3.77320000271263),.UNSPECIFIED.);
#304=B_SPLINE_CURVE_WITH_KNOTS('',3,(#1325,#1326,#1327,#1328,#1329,#1330,
#1331,#1332,#1333,#1334,#1335,#1336,#1337,#1338,#1339,#1340,#1341,#1342,
#1343,#1344,#1345,#1346,#1347,#1348,#1349,#1350,#1351,#1352,#1353,#1354,
#1355,#1356,#1357,#1358,#1359,#1360,#1361,#1362,#1363,#1364,#1365,#1366,
#1367,#1368,#1369,#1370,#1371,#1372,#1373,#1374,#1375,#1376,#1377,#1378,
#1379,#1380,#1381,#1382,#1383,#1384,#1385,#1386,#1387,#1388,#1389,#1390,
#1391,#1392,#1393,#1394,#1395,#1396,#1397),.UNSPECIFIED.,.F.,.F.,(4,3,3,
3,3,3,3,3,3,3,3,3,3,3,3,3,3,3,3,3,3,3,3,3,4),(0.,0.0317095169843461,0.064203905427105,
0.0975108787605435,0.131633007499941,0.166843512599101,0.203380152175734,
0.241600826249913,0.280962482054382,0.318583002075763,0.354098590345761,
0.389349480164918,0.423343188452666,0.456621774006125,0.489536230076158,
0.522178827542395,0.555953720202731,0.591416075103184,0.633234301980994,
0.677494749360504,0.723923434963589,0.772470783085759,0.820457067329217,
0.869284947390743,0.918112827452269),.UNSPECIFIED.);
#305=B_SPLINE_CURVE_WITH_KNOTS('',3,(#1480,#1481,#1482,#1483,#1484,#1485,
#1486,#1487,#1488,#1489,#1490,#1491,#1492,#1493,#1494,#1495,#1496,#1497,
#1498,#1499,#1500,#1501,#1502,#1503,#1504,#1505,#1506,#1507,#1508,#1509,
#1510,#1511,#1512,#1513,#1514,#1515,#1516,#1517,#1518,#1519,#1520,#1521,
#1522),.UNSPECIFIED.,.T.,.F.,(4,2,2,2,2,2,2,3,2,2,2,2,2,2,2,2,2,2,2,2,4),
(1.44547070802288,1.57476060801356,1.79053018275174,2.01259600505735,2.1522603724926,
2.25192489243595,2.32356922493373,2.32772929240643,2.39631404113951,2.46867733799164,
2.57428935263049,2.73344865380688,2.95573184832806,3.17776224055869,3.32399985382094,
3.42000677157993,3.49233228047895,3.5587193575143,3.63414361853685,3.74162265434989,
3.77320000042931),.UNSPECIFIED.);
#306=B_SPLINE_CURVE_WITH_KNOTS('',3,(#1524,#1525,#1526,#1527,#1528,#1529,
#1530,#1531,#1532,#1533,#1534,#1535,#1536,#1537,#1538,#1539,#1540,#1541,
#1542,#1543,#1544,#1545,#1546,#1547,#1548,#1549,#1550,#1551,#1552,#1553,
#1554,#1555,#1556,#1557,#1558,#1559,#1560,#1561,#1562,#1563,#1564,#1565,
#1566,#1567,#1568,#1569,#1570,#1571,#1572,#1573,#1574,#1575,#1576,#1577,
#1578,#1579,#1580,#1581,#1582,#1583,#1584,#1585,#1586,#1587,#1588,#1589,
#1590,#1591,#1592,#1593,#1594,#1595,#1596),.UNSPECIFIED.,.F.,.F.,(4,3,3,
3,3,3,3,3,3,3,3,3,3,3,3,3,3,3,3,3,3,3,3,3,4),(0.,0.031709516979037,0.0642039054195866,
0.0975108787917802,0.131633007531538,0.166843512635618,0.203380152195755,
0.241600826121747,0.28096248193619,0.318583001964925,0.354098590252778,
0.389349480077746,0.423343188366745,0.456621773921383,0.489536229994171,
0.522178827423506,0.555953720072664,0.591416074879243,0.633234301726439,
0.677494749184606,0.723923435075281,0.772470783169527,0.820457067067709,
0.869284947259987,0.918112827452265),.UNSPECIFIED.);
#307=B_SPLINE_CURVE_WITH_KNOTS('',3,(#1679,#1680,#1681,#1682,#1683,#1684,
#1685,#1686,#1687,#1688,#1689,#1690,#1691,#1692,#1693,#1694,#1695,#1696,
#1697,#1698,#1699,#1700,#1701,#1702,#1703,#1704,#1705,#1706,#1707,#1708,
#1709,#1710,#1711,#1712,#1713,#1714,#1715,#1716,#1717,#1718,#1719,#1720,
#1721),.UNSPECIFIED.,.T.,.F.,(4,2,2,2,2,2,2,3,2,2,2,2,2,2,2,2,2,2,2,2,4),
(1.44547070864589,1.57476060875947,1.7905301837178,2.0125960062662,2.15226037386399,
2.25192489393021,2.3235692265216,2.32772929399625,2.39631404273185,2.46867733959192,
2.57428935424975,2.73344865546534,2.95573185005587,3.17776224237191,3.32399985570413,
3.42000677351784,3.49233228246314,3.55871935954606,3.63414362062871,3.74162265653416,
3.77320000264213),.UNSPECIFIED.);
#308=B_SPLINE_CURVE_WITH_KNOTS('',3,(#1723,#1724,#1725,#1726,#1727,#1728,
#1729,#1730,#1731,#1732,#1733,#1734,#1735,#1736,#1737,#1738,#1739,#1740,
#1741,#1742,#1743,#1744,#1745,#1746,#1747,#1748,#1749,#1750,#1751,#1752,
#1753,#1754,#1755,#1756,#1757,#1758,#1759,#1760,#1761,#1762,#1763,#1764,
#1765,#1766,#1767,#1768,#1769,#1770,#1771,#1772,#1773,#1774,#1775,#1776,
#1777,#1778,#1779,#1780,#1781,#1782,#1783,#1784,#1785,#1786,#1787,#1788,
#1789,#1790,#1791,#1792,#1793,#1794,#1795),.UNSPECIFIED.,.F.,.F.,(4,3,3,
3,3,3,3,3,3,3,3,3,3,3,3,3,3,3,3,3,3,3,3,3,4),(0.,0.0317095169770553,0.0642039054150428,
0.0975108787771556,0.131633007504954,0.166843512612771,0.203380152257694,
0.241600826217321,0.280962482087008,0.318583002154756,0.35409859043013,
0.389349480244014,0.42334318852674,0.456621774077996,0.489536230148743,
0.522178827567103,0.555953720231545,0.59141607510641,0.633234301969928,
0.677494749483011,0.723923435809971,0.772470783720545,0.8204570676078,0.869284947530034,
0.918112827452267),.UNSPECIFIED.);
#309=B_SPLINE_CURVE_WITH_KNOTS('',3,(#1822,#1823,#1824,#1825,#1826,#1827,
#1828,#1829,#1830,#1831,#1832,#1833,#1834,#1835,#1836,#1837,#1838,#1839,
#1840,#1841,#1842,#1843,#1844,#1845,#1846,#1847),.UNSPECIFIED.,.F.,.F.,
(4,2,2,2,2,2,2,2,2,2,2,2,4),(0.,0.108246746324712,0.216493492649425,0.323797472757007,
0.431101452864589,0.538405432972154,0.645709413079719,0.753956159404417,
0.862202905729115,0.963493958266681,1.06478501080425,1.16624417770002,1.26770334459578),
 .UNSPECIFIED.);
#310=B_SPLINE_CURVE_WITH_KNOTS('',3,(#1848,#1849,#1850,#1851,#1852,#1853,
#1854,#1855,#1856,#1857),.UNSPECIFIED.,.F.,.F.,(4,2,2,2,4),(1.26770334459578,
1.36916251149156,1.47062167838734,1.5719127309249,1.67320378346246),
 .UNSPECIFIED.);
#311=B_SPLINE_CURVE_WITH_KNOTS('',3,(#1867,#1868,#1869,#1870,#1871,#1872,
#1873,#1874,#1875,#1876,#1877,#1878,#1879,#1880,#1881,#1882,#1883,#1884,
#1885,#1886,#1887,#1888,#1889,#1890,#1891,#1892),.UNSPECIFIED.,.F.,.F.,
(4,2,2,2,2,2,2,2,2,2,2,2,4),(0.,0.108891127521672,0.217782255043343,0.325673969817329,
0.433565684591314,0.54145739936532,0.649349114139327,0.758240241661015,
0.867131369182703,0.968006168662149,1.06888096814159,1.17011935006497,1.27135773198835),
 .UNSPECIFIED.);
#312=B_SPLINE_CURVE_WITH_KNOTS('',3,(#1893,#1894,#1895,#1896,#1897,#1898,
#1899,#1900,#1901,#1902),.UNSPECIFIED.,.F.,.F.,(4,2,2,2,4),(1.27135773198835,
1.37259611391171,1.47383449583507,1.57470929531453,1.67558409479398),
 .UNSPECIFIED.);
#313=B_SPLINE_CURVE_WITH_KNOTS('',3,(#1912,#1913,#1914,#1915,#1916,#1917,
#1918,#1919,#1920,#1921,#1922,#1923,#1924,#1925,#1926,#1927,#1928,#1929,
#1930,#1931,#1932,#1933,#1934,#1935,#1936,#1937),.UNSPECIFIED.,.F.,.F.,
(4,2,2,2,2,2,2,2,2,2,2,2,4),(0.,0.078207179902563,0.156414359805126,0.233979506096128,
0.31154465238713,0.389109798678119,0.466674944969108,0.544882124871661,
0.623089304774214,0.697124486825487,0.771159668876759,0.845152236856064,
0.919144804835368),.UNSPECIFIED.);
#314=B_SPLINE_CURVE_WITH_KNOTS('',3,(#1938,#1939,#1940,#1941,#1942,#1943,
#1944,#1945,#1946,#1947),.UNSPECIFIED.,.F.,.F.,(4,2,2,2,4),(0.919144804835368,
0.993137372814677,1.06712994079399,1.14116512284526,1.21520030489652),
 .UNSPECIFIED.);
#315=B_SPLINE_CURVE_WITH_KNOTS('',3,(#1957,#1958,#1959,#1960,#1961,#1962,
#1963,#1964,#1965,#1966,#1967,#1968,#1969,#1970,#1971,#1972,#1973,#1974,
#1975,#1976,#1977,#1978,#1979,#1980,#1981,#1982),.UNSPECIFIED.,.F.,.F.,
(4,2,2,2,2,2,2,2,2,2,2,2,4),(0.,0.0778929395544614,0.155785879108923,0.233062779544129,
0.310339679979335,0.387616580414552,0.464893480849769,0.54278642040424,
0.620679359958711,0.694957004868769,0.769234649778827,0.843365908279223,
0.91749716677962),.UNSPECIFIED.);
#316=B_SPLINE_CURVE_WITH_KNOTS('',3,(#1983,#1984,#1985,#1986,#1987,#1988,
#1989,#1990,#1991,#1992),.UNSPECIFIED.,.F.,.F.,(4,2,2,2,4),(0.91749716677962,
0.991628425280013,1.06575968378041,1.14003732869047,1.21431497360053),
 .UNSPECIFIED.);
#317=VERTEX_POINT('',#1081);
#318=VERTEX_POINT('',#1125);
#319=VERTEX_POINT('',#1201);
#320=VERTEX_POINT('',#1280);
#321=VERTEX_POINT('',#1324);
#322=VERTEX_POINT('',#1400);
#323=VERTEX_POINT('',#1479);
#324=VERTEX_POINT('',#1523);
#325=VERTEX_POINT('',#1599);
#326=VERTEX_POINT('',#1678);
#327=VERTEX_POINT('',#1722);
#328=VERTEX_POINT('',#1798);
#329=VERTEX_POINT('',#1801);
#330=VERTEX_POINT('',#1805);
#331=VERTEX_POINT('',#1809);
#332=VERTEX_POINT('',#1813);
#333=VERTEX_POINT('',#1817);
#334=VERTEX_POINT('',#1819);
#335=VERTEX_POINT('',#1821);
#336=VERTEX_POINT('',#1859);
#337=VERTEX_POINT('',#1862);
#338=VERTEX_POINT('',#1864);
#339=VERTEX_POINT('',#1866);
#340=VERTEX_POINT('',#1904);
#341=VERTEX_POINT('',#1907);
#342=VERTEX_POINT('',#1909);
#343=VERTEX_POINT('',#1911);
#344=VERTEX_POINT('',#1949);
#345=VERTEX_POINT('',#1952);
#346=VERTEX_POINT('',#1954);
#347=VERTEX_POINT('',#1956);
#348=VERTEX_POINT('',#1994);
#349=VERTEX_POINT('',#1997);
#350=VERTEX_POINT('',#2001);
#351=VERTEX_POINT('',#2005);
#352=VERTEX_POINT('',#2009);
#353=VERTEX_POINT('',#2013);
#354=VERTEX_POINT('',#2014);
#355=VERTEX_POINT('',#2016);
#356=VERTEX_POINT('',#2018);
#357=VERTEX_POINT('',#2022);
#358=VERTEX_POINT('',#2023);
#359=VERTEX_POINT('',#2025);
#360=VERTEX_POINT('',#2027);
#361=VERTEX_POINT('',#2031);
#362=VERTEX_POINT('',#2033);
#363=VERTEX_POINT('',#2037);
#364=VERTEX_POINT('',#2039);
#365=VERTEX_POINT('',#2043);
#366=VERTEX_POINT('',#2045);
#367=VERTEX_POINT('',#2051);
#368=VERTEX_POINT('',#2055);
#369=VERTEX_POINT('',#2059);
#370=VERTEX_POINT('',#2061);
#371=VERTEX_POINT('',#2065);
#372=VERTEX_POINT('',#2067);
#373=VERTEX_POINT('',#2073);
#374=VERTEX_POINT('',#2075);
#375=VERTEX_POINT('',#2079);
#376=VERTEX_POINT('',#2083);
#377=VERTEX_POINT('',#2090);
#378=VERTEX_POINT('',#2122);
#379=VERTEX_POINT('',#2124);
#380=VERTEX_POINT('',#2129);
#381=VERTEX_POINT('',#2131);
#382=EDGE_CURVE('',#317,#317,#301,.T.);
#383=EDGE_CURVE('',#318,#317,#302,.T.);
#384=EDGE_CURVE('',#318,#318,#259,.T.);
#385=EDGE_CURVE('',#319,#319,#260,.T.);
#386=EDGE_CURVE('',#320,#320,#303,.T.);
#387=EDGE_CURVE('',#321,#320,#304,.T.);
#388=EDGE_CURVE('',#321,#321,#261,.T.);
#389=EDGE_CURVE('',#322,#322,#262,.T.);
#390=EDGE_CURVE('',#323,#323,#305,.T.);
#391=EDGE_CURVE('',#324,#323,#306,.T.);
#392=EDGE_CURVE('',#324,#324,#263,.T.);
#393=EDGE_CURVE('',#325,#325,#264,.T.);
#394=EDGE_CURVE('',#326,#326,#307,.T.);
#395=EDGE_CURVE('',#327,#326,#308,.T.);
#396=EDGE_CURVE('',#327,#327,#265,.T.);
#397=EDGE_CURVE('',#328,#328,#266,.T.);
#398=EDGE_CURVE('',#329,#329,#267,.T.);
#399=EDGE_CURVE('',#329,#322,#21,.T.);
#400=EDGE_CURVE('',#330,#330,#268,.T.);
#401=EDGE_CURVE('',#330,#319,#22,.T.);
#402=EDGE_CURVE('',#331,#331,#269,.T.);
#403=EDGE_CURVE('',#331,#325,#23,.T.);
#404=EDGE_CURVE('',#332,#332,#270,.T.);
#405=EDGE_CURVE('',#332,#328,#24,.T.);
#406=EDGE_CURVE('',#333,#333,#271,.T.);
#407=EDGE_CURVE('',#333,#334,#25,.T.);
#408=EDGE_CURVE('',#335,#334,#309,.T.);
#409=EDGE_CURVE('',#334,#335,#310,.T.);
#410=EDGE_CURVE('',#336,#336,#272,.T.);
#411=EDGE_CURVE('',#337,#337,#273,.T.);
#412=EDGE_CURVE('',#337,#338,#26,.T.);
#413=EDGE_CURVE('',#339,#338,#311,.T.);
#414=EDGE_CURVE('',#338,#339,#312,.T.);
#415=EDGE_CURVE('',#340,#340,#274,.T.);
#416=EDGE_CURVE('',#341,#341,#275,.T.);
#417=EDGE_CURVE('',#341,#342,#27,.T.);
#418=EDGE_CURVE('',#343,#342,#313,.T.);
#419=EDGE_CURVE('',#342,#343,#314,.T.);
#420=EDGE_CURVE('',#344,#344,#276,.T.);
#421=EDGE_CURVE('',#345,#345,#277,.T.);
#422=EDGE_CURVE('',#345,#346,#28,.T.);
#423=EDGE_CURVE('',#347,#346,#315,.T.);
#424=EDGE_CURVE('',#346,#347,#316,.T.);
#425=EDGE_CURVE('',#348,#348,#278,.T.);
#426=EDGE_CURVE('',#349,#349,#279,.T.);
#427=EDGE_CURVE('',#349,#336,#29,.T.);
#428=EDGE_CURVE('',#348,#350,#30,.T.);
#429=EDGE_CURVE('',#350,#350,#280,.T.);
#430=EDGE_CURVE('',#351,#351,#281,.T.);
#431=EDGE_CURVE('',#351,#344,#31,.T.);
#432=EDGE_CURVE('',#340,#352,#32,.T.);
#433=EDGE_CURVE('',#352,#352,#282,.T.);
#434=EDGE_CURVE('',#353,#354,#33,.T.);
#435=EDGE_CURVE('',#353,#355,#283,.T.);
#436=EDGE_CURVE('',#356,#355,#34,.T.);
#437=EDGE_CURVE('',#354,#356,#284,.T.);
#438=EDGE_CURVE('',#357,#358,#35,.T.);
#439=EDGE_CURVE('',#359,#357,#285,.T.);
#440=EDGE_CURVE('',#359,#360,#36,.T.);
#441=EDGE_CURVE('',#360,#358,#286,.T.);
#442=EDGE_CURVE('',#361,#353,#37,.T.);
#443=EDGE_CURVE('',#362,#361,#287,.T.);
#444=EDGE_CURVE('',#355,#362,#38,.T.);
#445=EDGE_CURVE('',#358,#363,#39,.T.);
#446=EDGE_CURVE('',#364,#360,#40,.T.);
#447=EDGE_CURVE('',#363,#364,#288,.T.);
#448=EDGE_CURVE('',#365,#361,#41,.T.);
#449=EDGE_CURVE('',#366,#365,#289,.T.);
#450=EDGE_CURVE('',#366,#362,#42,.T.);
#451=EDGE_CURVE('',#356,#366,#43,.T.);
#452=EDGE_CURVE('',#367,#359,#44,.T.);
#453=EDGE_CURVE('',#367,#364,#45,.T.);
#454=EDGE_CURVE('',#363,#368,#46,.T.);
#455=EDGE_CURVE('',#368,#367,#290,.T.);
#456=EDGE_CURVE('',#369,#368,#47,.T.);
#457=EDGE_CURVE('',#370,#369,#17,.T.);
#458=EDGE_CURVE('',#370,#371,#48,.T.);
#459=EDGE_CURVE('',#372,#371,#18,.T.);
#460=EDGE_CURVE('',#357,#372,#49,.T.);
#461=EDGE_CURVE('',#365,#373,#50,.T.);
#462=EDGE_CURVE('',#374,#373,#291,.T.);
#463=EDGE_CURVE('',#374,#354,#51,.T.);
#464=EDGE_CURVE('',#375,#374,#19,.T.);
#465=EDGE_CURVE('',#375,#376,#52,.T.);
#466=EDGE_CURVE('',#373,#376,#20,.T.);
#467=EDGE_CURVE('',#376,#370,#292,.T.);
#468=EDGE_CURVE('',#377,#375,#293,.T.);
#469=EDGE_CURVE('',#371,#377,#294,.T.);
#470=EDGE_CURVE('',#369,#372,#295,.T.);
#471=EDGE_CURVE('',#378,#378,#296,.T.);
#472=EDGE_CURVE('',#378,#379,#297,.T.);
#473=EDGE_CURVE('',#379,#379,#298,.T.);
#474=EDGE_CURVE('',#380,#380,#299,.T.);
#475=EDGE_CURVE('',#380,#381,#53,.T.);
#476=EDGE_CURVE('',#381,#381,#300,.T.);
#477=EDGE_CURVE('',#381,#377,#54,.T.);
#478=ORIENTED_EDGE('',*,*,#382,.F.);
#479=ORIENTED_EDGE('',*,*,#383,.F.);
#480=ORIENTED_EDGE('',*,*,#384,.T.);
#481=ORIENTED_EDGE('',*,*,#383,.T.);
#482=ORIENTED_EDGE('',*,*,#384,.F.);
#483=ORIENTED_EDGE('',*,*,#385,.F.);
#484=ORIENTED_EDGE('',*,*,#386,.F.);
#485=ORIENTED_EDGE('',*,*,#387,.F.);
#486=ORIENTED_EDGE('',*,*,#388,.T.);
#487=ORIENTED_EDGE('',*,*,#387,.T.);
#488=ORIENTED_EDGE('',*,*,#388,.F.);
#489=ORIENTED_EDGE('',*,*,#389,.F.);
#490=ORIENTED_EDGE('',*,*,#390,.F.);
#491=ORIENTED_EDGE('',*,*,#391,.F.);
#492=ORIENTED_EDGE('',*,*,#392,.T.);
#493=ORIENTED_EDGE('',*,*,#391,.T.);
#494=ORIENTED_EDGE('',*,*,#392,.F.);
#495=ORIENTED_EDGE('',*,*,#393,.F.);
#496=ORIENTED_EDGE('',*,*,#394,.F.);
#497=ORIENTED_EDGE('',*,*,#395,.F.);
#498=ORIENTED_EDGE('',*,*,#396,.T.);
#499=ORIENTED_EDGE('',*,*,#395,.T.);
#500=ORIENTED_EDGE('',*,*,#396,.F.);
#501=ORIENTED_EDGE('',*,*,#397,.F.);
#502=ORIENTED_EDGE('',*,*,#398,.F.);
#503=ORIENTED_EDGE('',*,*,#399,.T.);
#504=ORIENTED_EDGE('',*,*,#389,.T.);
#505=ORIENTED_EDGE('',*,*,#399,.F.);
#506=ORIENTED_EDGE('',*,*,#400,.F.);
#507=ORIENTED_EDGE('',*,*,#401,.T.);
#508=ORIENTED_EDGE('',*,*,#385,.T.);
#509=ORIENTED_EDGE('',*,*,#401,.F.);
#510=ORIENTED_EDGE('',*,*,#402,.F.);
#511=ORIENTED_EDGE('',*,*,#403,.T.);
#512=ORIENTED_EDGE('',*,*,#393,.T.);
#513=ORIENTED_EDGE('',*,*,#403,.F.);
#514=ORIENTED_EDGE('',*,*,#404,.F.);
#515=ORIENTED_EDGE('',*,*,#405,.T.);
#516=ORIENTED_EDGE('',*,*,#397,.T.);
#517=ORIENTED_EDGE('',*,*,#405,.F.);
#518=ORIENTED_EDGE('',*,*,#406,.F.);
#519=ORIENTED_EDGE('',*,*,#407,.T.);
#520=ORIENTED_EDGE('',*,*,#408,.F.);
#521=ORIENTED_EDGE('',*,*,#409,.F.);
#522=ORIENTED_EDGE('',*,*,#407,.F.);
#523=ORIENTED_EDGE('',*,*,#406,.T.);
#524=ORIENTED_EDGE('',*,*,#410,.F.);
#525=ORIENTED_EDGE('',*,*,#411,.T.);
#526=ORIENTED_EDGE('',*,*,#412,.T.);
#527=ORIENTED_EDGE('',*,*,#413,.F.);
#528=ORIENTED_EDGE('',*,*,#414,.F.);
#529=ORIENTED_EDGE('',*,*,#412,.F.);
#530=ORIENTED_EDGE('',*,*,#411,.F.);
#531=ORIENTED_EDGE('',*,*,#415,.F.);
#532=ORIENTED_EDGE('',*,*,#416,.F.);
#533=ORIENTED_EDGE('',*,*,#417,.T.);
#534=ORIENTED_EDGE('',*,*,#418,.F.);
#535=ORIENTED_EDGE('',*,*,#419,.F.);
#536=ORIENTED_EDGE('',*,*,#417,.F.);
#537=ORIENTED_EDGE('',*,*,#416,.T.);
#538=ORIENTED_EDGE('',*,*,#420,.F.);
#539=ORIENTED_EDGE('',*,*,#421,.T.);
#540=ORIENTED_EDGE('',*,*,#422,.T.);
#541=ORIENTED_EDGE('',*,*,#423,.F.);
#542=ORIENTED_EDGE('',*,*,#424,.F.);
#543=ORIENTED_EDGE('',*,*,#422,.F.);
#544=ORIENTED_EDGE('',*,*,#421,.F.);
#545=ORIENTED_EDGE('',*,*,#425,.F.);
#546=ORIENTED_EDGE('',*,*,#426,.F.);
#547=ORIENTED_EDGE('',*,*,#427,.T.);
#548=ORIENTED_EDGE('',*,*,#410,.T.);
#549=ORIENTED_EDGE('',*,*,#427,.F.);
#550=ORIENTED_EDGE('',*,*,#425,.T.);
#551=ORIENTED_EDGE('',*,*,#428,.T.);
#552=ORIENTED_EDGE('',*,*,#429,.F.);
#553=ORIENTED_EDGE('',*,*,#428,.F.);
#554=ORIENTED_EDGE('',*,*,#430,.F.);
#555=ORIENTED_EDGE('',*,*,#431,.T.);
#556=ORIENTED_EDGE('',*,*,#420,.T.);
#557=ORIENTED_EDGE('',*,*,#431,.F.);
#558=ORIENTED_EDGE('',*,*,#415,.T.);
#559=ORIENTED_EDGE('',*,*,#432,.T.);
#560=ORIENTED_EDGE('',*,*,#433,.F.);
#561=ORIENTED_EDGE('',*,*,#432,.F.);
#562=ORIENTED_EDGE('',*,*,#434,.F.);
#563=ORIENTED_EDGE('',*,*,#435,.T.);
#564=ORIENTED_EDGE('',*,*,#436,.F.);
#565=ORIENTED_EDGE('',*,*,#437,.F.);
#566=ORIENTED_EDGE('',*,*,#438,.F.);
#567=ORIENTED_EDGE('',*,*,#439,.F.);
#568=ORIENTED_EDGE('',*,*,#440,.T.);
#569=ORIENTED_EDGE('',*,*,#441,.T.);
#570=ORIENTED_EDGE('',*,*,#442,.F.);
#571=ORIENTED_EDGE('',*,*,#443,.F.);
#572=ORIENTED_EDGE('',*,*,#444,.F.);
#573=ORIENTED_EDGE('',*,*,#435,.F.);
#574=ORIENTED_EDGE('',*,*,#445,.F.);
#575=ORIENTED_EDGE('',*,*,#441,.F.);
#576=ORIENTED_EDGE('',*,*,#446,.F.);
#577=ORIENTED_EDGE('',*,*,#447,.F.);
#578=ORIENTED_EDGE('',*,*,#448,.F.);
#579=ORIENTED_EDGE('',*,*,#449,.F.);
#580=ORIENTED_EDGE('',*,*,#450,.T.);
#581=ORIENTED_EDGE('',*,*,#443,.T.);
#582=ORIENTED_EDGE('',*,*,#451,.F.);
#583=ORIENTED_EDGE('',*,*,#436,.T.);
#584=ORIENTED_EDGE('',*,*,#444,.T.);
#585=ORIENTED_EDGE('',*,*,#450,.F.);
#586=ORIENTED_EDGE('',*,*,#429,.T.);
#587=ORIENTED_EDGE('',*,*,#433,.T.);
#588=ORIENTED_EDGE('',*,*,#452,.F.);
#589=ORIENTED_EDGE('',*,*,#453,.T.);
#590=ORIENTED_EDGE('',*,*,#446,.T.);
#591=ORIENTED_EDGE('',*,*,#440,.F.);
#592=ORIENTED_EDGE('',*,*,#426,.T.);
#593=ORIENTED_EDGE('',*,*,#430,.T.);
#594=ORIENTED_EDGE('',*,*,#454,.F.);
#595=ORIENTED_EDGE('',*,*,#447,.T.);
#596=ORIENTED_EDGE('',*,*,#453,.F.);
#597=ORIENTED_EDGE('',*,*,#455,.F.);
#598=ORIENTED_EDGE('',*,*,#438,.T.);
#599=ORIENTED_EDGE('',*,*,#445,.T.);
#600=ORIENTED_EDGE('',*,*,#454,.T.);
#601=ORIENTED_EDGE('',*,*,#456,.F.);
#602=ORIENTED_EDGE('',*,*,#457,.F.);
#603=ORIENTED_EDGE('',*,*,#458,.T.);
#604=ORIENTED_EDGE('',*,*,#459,.F.);
#605=ORIENTED_EDGE('',*,*,#460,.F.);
#606=ORIENTED_EDGE('',*,*,#437,.T.);
#607=ORIENTED_EDGE('',*,*,#451,.T.);
#608=ORIENTED_EDGE('',*,*,#449,.T.);
#609=ORIENTED_EDGE('',*,*,#461,.T.);
#610=ORIENTED_EDGE('',*,*,#462,.F.);
#611=ORIENTED_EDGE('',*,*,#463,.T.);
#612=ORIENTED_EDGE('',*,*,#434,.T.);
#613=ORIENTED_EDGE('',*,*,#463,.F.);
#614=ORIENTED_EDGE('',*,*,#464,.F.);
#615=ORIENTED_EDGE('',*,*,#465,.T.);
#616=ORIENTED_EDGE('',*,*,#466,.F.);
#617=ORIENTED_EDGE('',*,*,#461,.F.);
#618=ORIENTED_EDGE('',*,*,#448,.T.);
#619=ORIENTED_EDGE('',*,*,#442,.T.);
#620=ORIENTED_EDGE('',*,*,#467,.F.);
#621=ORIENTED_EDGE('',*,*,#465,.F.);
#622=ORIENTED_EDGE('',*,*,#468,.F.);
#623=ORIENTED_EDGE('',*,*,#469,.F.);
#624=ORIENTED_EDGE('',*,*,#458,.F.);
#625=ORIENTED_EDGE('',*,*,#439,.T.);
#626=ORIENTED_EDGE('',*,*,#460,.T.);
#627=ORIENTED_EDGE('',*,*,#470,.F.);
#628=ORIENTED_EDGE('',*,*,#456,.T.);
#629=ORIENTED_EDGE('',*,*,#455,.T.);
#630=ORIENTED_EDGE('',*,*,#452,.T.);
#631=ORIENTED_EDGE('',*,*,#471,.F.);
#632=ORIENTED_EDGE('',*,*,#472,.T.);
#633=ORIENTED_EDGE('',*,*,#473,.T.);
#634=ORIENTED_EDGE('',*,*,#472,.F.);
#635=ORIENTED_EDGE('',*,*,#473,.F.);
#636=ORIENTED_EDGE('',*,*,#474,.F.);
#637=ORIENTED_EDGE('',*,*,#475,.T.);
#638=ORIENTED_EDGE('',*,*,#476,.T.);
#639=ORIENTED_EDGE('',*,*,#475,.F.);
#640=ORIENTED_EDGE('',*,*,#474,.T.);
#641=ORIENTED_EDGE('',*,*,#398,.T.);
#642=ORIENTED_EDGE('',*,*,#400,.T.);
#643=ORIENTED_EDGE('',*,*,#402,.T.);
#644=ORIENTED_EDGE('',*,*,#404,.T.);
#645=ORIENTED_EDGE('',*,*,#471,.T.);
#646=ORIENTED_EDGE('',*,*,#476,.F.);
#647=ORIENTED_EDGE('',*,*,#477,.T.);
#648=ORIENTED_EDGE('',*,*,#468,.T.);
#649=ORIENTED_EDGE('',*,*,#464,.T.);
#650=ORIENTED_EDGE('',*,*,#462,.T.);
#651=ORIENTED_EDGE('',*,*,#466,.T.);
#652=ORIENTED_EDGE('',*,*,#467,.T.);
#653=ORIENTED_EDGE('',*,*,#457,.T.);
#654=ORIENTED_EDGE('',*,*,#470,.T.);
#655=ORIENTED_EDGE('',*,*,#459,.T.);
#656=ORIENTED_EDGE('',*,*,#469,.T.);
#657=ORIENTED_EDGE('',*,*,#477,.F.);
#658=ORIENTED_EDGE('',*,*,#382,.T.);
#659=ORIENTED_EDGE('',*,*,#386,.T.);
#660=ORIENTED_EDGE('',*,*,#390,.T.);
#661=ORIENTED_EDGE('',*,*,#394,.T.);
#662=ORIENTED_EDGE('',*,*,#408,.T.);
#663=ORIENTED_EDGE('',*,*,#409,.T.);
#664=ORIENTED_EDGE('',*,*,#413,.T.);
#665=ORIENTED_EDGE('',*,*,#414,.T.);
#666=ORIENTED_EDGE('',*,*,#418,.T.);
#667=ORIENTED_EDGE('',*,*,#419,.T.);
#668=ORIENTED_EDGE('',*,*,#423,.T.);
#669=ORIENTED_EDGE('',*,*,#424,.T.);
#670=B_SPLINE_SURFACE_WITH_KNOTS('',3,3,((#1004,#1005,#1006,#1007,#1008,
#1009,#1010),(#1011,#1012,#1013,#1014,#1015,#1016,#1017),(#1018,#1019,#1020,
#1021,#1022,#1023,#1024),(#1025,#1026,#1027,#1028,#1029,#1030,#1031),(#1032,
#1033,#1034,#1035,#1036,#1037,#1038),(#1039,#1040,#1041,#1042,#1043,#1044,
#1045),(#1046,#1047,#1048,#1049,#1050,#1051,#1052),(#1053,#1054,#1055,#1056,
#1057,#1058,#1059),(#1060,#1061,#1062,#1063,#1064,#1065,#1066),(#1067,#1068,
#1069,#1070,#1071,#1072,#1073),(#1074,#1075,#1076,#1077,#1078,#1079,#1080)),
 .UNSPECIFIED.,.T.,.F.,.F.,(4,1,1,1,1,1,1,1,4),(4,1,1,1,4),(-3.14159265358979,
-2.69279370307697,-2.24399475256414,-1.34639685153848,-0.448798950512828,
0.448798950512828,1.34639685153848,2.24399475256414,3.14159265358979),(0.,
0.139720569058882,0.419161707176645,0.698602845294409,0.978043983412172),
 .UNSPECIFIED.);
#671=B_SPLINE_SURFACE_WITH_KNOTS('',3,3,((#1203,#1204,#1205,#1206,#1207,
#1208,#1209),(#1210,#1211,#1212,#1213,#1214,#1215,#1216),(#1217,#1218,#1219,
#1220,#1221,#1222,#1223),(#1224,#1225,#1226,#1227,#1228,#1229,#1230),(#1231,
#1232,#1233,#1234,#1235,#1236,#1237),(#1238,#1239,#1240,#1241,#1242,#1243,
#1244),(#1245,#1246,#1247,#1248,#1249,#1250,#1251),(#1252,#1253,#1254,#1255,
#1256,#1257,#1258),(#1259,#1260,#1261,#1262,#1263,#1264,#1265),(#1266,#1267,
#1268,#1269,#1270,#1271,#1272),(#1273,#1274,#1275,#1276,#1277,#1278,#1279)),
 .UNSPECIFIED.,.T.,.F.,.F.,(4,1,1,1,1,1,1,1,4),(4,1,1,1,4),(-3.14159265358979,
-2.69279370307697,-2.24399475256414,-1.34639685153848,-0.448798950512828,
0.448798950512828,1.34639685153848,2.24399475256414,3.14159265358979),(0.,
0.139720569058882,0.419161707176645,0.698602845294409,0.978043983412172),
 .UNSPECIFIED.);
#672=B_SPLINE_SURFACE_WITH_KNOTS('',3,3,((#1402,#1403,#1404,#1405,#1406,
#1407,#1408),(#1409,#1410,#1411,#1412,#1413,#1414,#1415),(#1416,#1417,#1418,
#1419,#1420,#1421,#1422),(#1423,#1424,#1425,#1426,#1427,#1428,#1429),(#1430,
#1431,#1432,#1433,#1434,#1435,#1436),(#1437,#1438,#1439,#1440,#1441,#1442,
#1443),(#1444,#1445,#1446,#1447,#1448,#1449,#1450),(#1451,#1452,#1453,#1454,
#1455,#1456,#1457),(#1458,#1459,#1460,#1461,#1462,#1463,#1464),(#1465,#1466,
#1467,#1468,#1469,#1470,#1471),(#1472,#1473,#1474,#1475,#1476,#1477,#1478)),
 .UNSPECIFIED.,.T.,.F.,.F.,(4,1,1,1,1,1,1,1,4),(4,1,1,1,4),(-3.14159265358979,
-2.69279370307697,-2.24399475256414,-1.34639685153848,-0.448798950512828,
0.448798950512828,1.34639685153848,2.24399475256414,3.14159265358979),(0.,
0.139720569058881,0.419161707176643,0.698602845294406,0.978043983412168),
 .UNSPECIFIED.);
#673=B_SPLINE_SURFACE_WITH_KNOTS('',3,3,((#1601,#1602,#1603,#1604,#1605,
#1606,#1607),(#1608,#1609,#1610,#1611,#1612,#1613,#1614),(#1615,#1616,#1617,
#1618,#1619,#1620,#1621),(#1622,#1623,#1624,#1625,#1626,#1627,#1628),(#1629,
#1630,#1631,#1632,#1633,#1634,#1635),(#1636,#1637,#1638,#1639,#1640,#1641,
#1642),(#1643,#1644,#1645,#1646,#1647,#1648,#1649),(#1650,#1651,#1652,#1653,
#1654,#1655,#1656),(#1657,#1658,#1659,#1660,#1661,#1662,#1663),(#1664,#1665,
#1666,#1667,#1668,#1669,#1670),(#1671,#1672,#1673,#1674,#1675,#1676,#1677)),
 .UNSPECIFIED.,.T.,.F.,.F.,(4,1,1,1,1,1,1,1,4),(4,1,1,1,4),(-3.14159265358979,
-2.69279370307697,-2.24399475256414,-1.34639685153848,-0.448798950512828,
0.448798950512828,1.34639685153848,2.24399475256414,3.14159265358979),(0.,
0.139720569058882,0.419161707176645,0.698602845294408,0.978043983412171),
 .UNSPECIFIED.);
#674=ADVANCED_FACE('',(#150),#670,.F.);
#675=ADVANCED_FACE('',(#151,#106),#131,.F.);
#676=ADVANCED_FACE('',(#152),#671,.F.);
#677=ADVANCED_FACE('',(#153,#107),#132,.F.);
#678=ADVANCED_FACE('',(#154),#672,.F.);
#679=ADVANCED_FACE('',(#155,#108),#133,.F.);
#680=ADVANCED_FACE('',(#156),#673,.F.);
#681=ADVANCED_FACE('',(#157,#109),#134,.F.);
#682=ADVANCED_FACE('',(#158),#89,.F.);
#683=ADVANCED_FACE('',(#159),#90,.F.);
#684=ADVANCED_FACE('',(#160),#91,.F.);
#685=ADVANCED_FACE('',(#161),#92,.F.);
#686=ADVANCED_FACE('',(#162),#93,.F.);
#687=ADVANCED_FACE('',(#163,#110),#135,.T.);
#688=ADVANCED_FACE('',(#164),#94,.F.);
#689=ADVANCED_FACE('',(#165,#111),#136,.F.);
#690=ADVANCED_FACE('',(#166),#95,.F.);
#691=ADVANCED_FACE('',(#167,#112),#137,.T.);
#692=ADVANCED_FACE('',(#168),#96,.F.);
#693=ADVANCED_FACE('',(#169,#113),#138,.F.);
#694=ADVANCED_FACE('',(#170),#97,.F.);
#695=ADVANCED_FACE('',(#171),#98,.F.);
#696=ADVANCED_FACE('',(#172),#99,.F.);
#697=ADVANCED_FACE('',(#173),#100,.F.);
#698=ADVANCED_FACE('',(#174),#101,.F.);
#699=ADVANCED_FACE('',(#175),#102,.F.);
#700=ADVANCED_FACE('',(#176),#139,.T.);
#701=ADVANCED_FACE('',(#177),#140,.T.);
#702=ADVANCED_FACE('',(#178),#103,.F.);
#703=ADVANCED_FACE('',(#179,#114,#115),#141,.F.);
#704=ADVANCED_FACE('',(#180,#116,#117),#142,.F.);
#705=ADVANCED_FACE('',(#181),#104,.F.);
#706=ADVANCED_FACE('',(#182),#143,.F.);
#707=ADVANCED_FACE('',(#183),#144,.T.);
#708=ADVANCED_FACE('',(#184),#145,.F.);
#709=ADVANCED_FACE('',(#185),#146,.F.);
#710=ADVANCED_FACE('',(#186),#147,.T.);
#711=ADVANCED_FACE('',(#187),#16,.T.);
#712=ADVANCED_FACE('',(#188),#148,.T.);
#713=ADVANCED_FACE('',(#189),#105,.T.);
#714=ADVANCED_FACE('',(#190,#118,#119,#120,#121,#122),#149,.T.);
#715=ADVANCED_FACE('',(#191,#123,#124,#125,#126,#127,#128,#129,#130),#15,
 .T.);
#716=CLOSED_SHELL('',(#674,#675,#676,#677,#678,#679,#680,#681,#682,#683,
#684,#685,#686,#687,#688,#689,#690,#691,#692,#693,#694,#695,#696,#697,#698,
#699,#700,#701,#702,#703,#704,#705,#706,#707,#708,#709,#710,#711,#712,#713,
#714,#715));
#717=DERIVED_UNIT_ELEMENT(#719,1.);
#718=DERIVED_UNIT_ELEMENT(#2142,-3.);
#719=(
MASS_UNIT()
NAMED_UNIT(*)
SI_UNIT(.KILO.,.GRAM.)
);
#720=DERIVED_UNIT((#717,#718));
#721=MEASURE_REPRESENTATION_ITEM('density measure',
POSITIVE_RATIO_MEASURE(7850.),#720);
#722=PROPERTY_DEFINITION_REPRESENTATION(#727,#724);
#723=PROPERTY_DEFINITION_REPRESENTATION(#728,#725);
#724=REPRESENTATION('material name',(#726),#2139);
#725=REPRESENTATION('density',(#721),#2139);
#726=DESCRIPTIVE_REPRESENTATION_ITEM('Steel','Steel');
#727=PROPERTY_DEFINITION('material property','material name',#2149);
#728=PROPERTY_DEFINITION('material property','density of part',#2149);
#729=AXIS2_PLACEMENT_3D('',#1003,#809,#810);
#730=AXIS2_PLACEMENT_3D('',#1199,#811,#812);
#731=AXIS2_PLACEMENT_3D('',#1200,#813,#814);
#732=AXIS2_PLACEMENT_3D('',#1202,#815,#816);
#733=AXIS2_PLACEMENT_3D('',#1398,#817,#818);
#734=AXIS2_PLACEMENT_3D('',#1399,#819,#820);
#735=AXIS2_PLACEMENT_3D('',#1401,#821,#822);
#736=AXIS2_PLACEMENT_3D('',#1597,#823,#824);
#737=AXIS2_PLACEMENT_3D('',#1598,#825,#826);
#738=AXIS2_PLACEMENT_3D('',#1600,#827,#828);
#739=AXIS2_PLACEMENT_3D('',#1796,#829,#830);
#740=AXIS2_PLACEMENT_3D('',#1797,#831,#832);
#741=AXIS2_PLACEMENT_3D('',#1799,#833,#834);
#742=AXIS2_PLACEMENT_3D('',#1800,#835,#836);
#743=AXIS2_PLACEMENT_3D('',#1802,#837,#838);
#744=AXIS2_PLACEMENT_3D('',#1804,#840,#841);
#745=AXIS2_PLACEMENT_3D('',#1806,#842,#843);
#746=AXIS2_PLACEMENT_3D('',#1808,#845,#846);
#747=AXIS2_PLACEMENT_3D('',#1810,#847,#848);
#748=AXIS2_PLACEMENT_3D('',#1812,#850,#851);
#749=AXIS2_PLACEMENT_3D('',#1814,#852,#853);
#750=AXIS2_PLACEMENT_3D('',#1816,#855,#856);
#751=AXIS2_PLACEMENT_3D('',#1818,#857,#858);
#752=AXIS2_PLACEMENT_3D('',#1858,#860,#861);
#753=AXIS2_PLACEMENT_3D('',#1860,#862,#863);
#754=AXIS2_PLACEMENT_3D('',#1861,#864,#865);
#755=AXIS2_PLACEMENT_3D('',#1863,#866,#867);
#756=AXIS2_PLACEMENT_3D('',#1903,#869,#870);
#757=AXIS2_PLACEMENT_3D('',#1905,#871,#872);
#758=AXIS2_PLACEMENT_3D('',#1906,#873,#874);
#759=AXIS2_PLACEMENT_3D('',#1908,#875,#876);
#760=AXIS2_PLACEMENT_3D('',#1948,#878,#879);
#761=AXIS2_PLACEMENT_3D('',#1950,#880,#881);
#762=AXIS2_PLACEMENT_3D('',#1951,#882,#883);
#763=AXIS2_PLACEMENT_3D('',#1953,#884,#885);
#764=AXIS2_PLACEMENT_3D('',#1993,#887,#888);
#765=AXIS2_PLACEMENT_3D('',#1995,#889,#890);
#766=AXIS2_PLACEMENT_3D('',#1996,#891,#892);
#767=AXIS2_PLACEMENT_3D('',#1998,#893,#894);
#768=AXIS2_PLACEMENT_3D('',#2000,#896,#897);
#769=AXIS2_PLACEMENT_3D('',#2003,#899,#900);
#770=AXIS2_PLACEMENT_3D('',#2004,#901,#902);
#771=AXIS2_PLACEMENT_3D('',#2006,#903,#904);
#772=AXIS2_PLACEMENT_3D('',#2008,#906,#907);
#773=AXIS2_PLACEMENT_3D('',#2011,#909,#910);
#774=AXIS2_PLACEMENT_3D('',#2012,#911,#912);
#775=AXIS2_PLACEMENT_3D('',#2017,#914,#915);
#776=AXIS2_PLACEMENT_3D('',#2020,#917,#918);
#777=AXIS2_PLACEMENT_3D('',#2021,#919,#920);
#778=AXIS2_PLACEMENT_3D('',#2026,#922,#923);
#779=AXIS2_PLACEMENT_3D('',#2029,#925,#926);
#780=AXIS2_PLACEMENT_3D('',#2030,#927,#928);
#781=AXIS2_PLACEMENT_3D('',#2034,#930,#931);
#782=AXIS2_PLACEMENT_3D('',#2036,#933,#934);
#783=AXIS2_PLACEMENT_3D('',#2041,#937,#938);
#784=AXIS2_PLACEMENT_3D('',#2042,#939,#940);
#785=AXIS2_PLACEMENT_3D('',#2046,#942,#943);
#786=AXIS2_PLACEMENT_3D('',#2048,#945,#946);
#787=AXIS2_PLACEMENT_3D('',#2050,#948,#949);
#788=AXIS2_PLACEMENT_3D('',#2054,#952,#953);
#789=AXIS2_PLACEMENT_3D('',#2057,#955,#956);
#790=AXIS2_PLACEMENT_3D('',#2058,#957,#958);
#791=AXIS2_PLACEMENT_3D('',#2072,#962,#963);
#792=AXIS2_PLACEMENT_3D('',#2076,#965,#966);
#793=AXIS2_PLACEMENT_3D('',#2078,#968,#969);
#794=AXIS2_PLACEMENT_3D('',#2088,#971,#972);
#795=AXIS2_PLACEMENT_3D('',#2089,#973,#974);
#796=AXIS2_PLACEMENT_3D('',#2091,#975,#976);
#797=AXIS2_PLACEMENT_3D('',#2092,#977,#978);
#798=AXIS2_PLACEMENT_3D('',#2093,#979,#980);
#799=AXIS2_PLACEMENT_3D('',#2094,#981,#982);
#800=AXIS2_PLACEMENT_3D('',#2123,#983,#984);
#801=AXIS2_PLACEMENT_3D('',#2125,#985,#986);
#802=AXIS2_PLACEMENT_3D('',#2126,#987,#988);
#803=AXIS2_PLACEMENT_3D('',#2127,#989,#990);
#804=AXIS2_PLACEMENT_3D('',#2128,#991,#992);
#805=AXIS2_PLACEMENT_3D('',#2130,#993,#994);
#806=AXIS2_PLACEMENT_3D('',#2133,#996,#997);
#807=AXIS2_PLACEMENT_3D('',#2134,#998,#999);
#808=AXIS2_PLACEMENT_3D('',#2135,#1000,#1001);
#809=DIRECTION('axis',(0.,0.,1.));
#810=DIRECTION('refdir',(1.,0.,0.));
#811=DIRECTION('center_axis',(1.,0.,0.));
#812=DIRECTION('ref_axis',(0.,-1.,1.83697019872103E-16));
#813=DIRECTION('center_axis',(1.,0.,0.));
#814=DIRECTION('ref_axis',(0.,-1.,1.83697019872103E-16));
#815=DIRECTION('center_axis',(-1.,0.,0.));
#816=DIRECTION('ref_axis',(0.,0.,-1.));
#817=DIRECTION('center_axis',(1.,0.,0.));
#818=DIRECTION('ref_axis',(0.,1.22464679914735E-16,1.));
#819=DIRECTION('center_axis',(1.,0.,0.));
#820=DIRECTION('ref_axis',(0.,1.22464679914735E-16,1.));
#821=DIRECTION('center_axis',(-1.,0.,0.));
#822=DIRECTION('ref_axis',(0.,0.,-1.));
#823=DIRECTION('center_axis',(1.,0.,0.));
#824=DIRECTION('ref_axis',(0.,1.,-6.12323399573677E-17));
#825=DIRECTION('center_axis',(1.,0.,0.));
#826=DIRECTION('ref_axis',(0.,1.,-6.12323399573677E-17));
#827=DIRECTION('center_axis',(-1.,0.,0.));
#828=DIRECTION('ref_axis',(0.,0.,-1.));
#829=DIRECTION('center_axis',(1.,0.,0.));
#830=DIRECTION('ref_axis',(0.,0.,-1.));
#831=DIRECTION('center_axis',(1.,0.,0.));
#832=DIRECTION('ref_axis',(0.,0.,-1.));
#833=DIRECTION('center_axis',(-1.,0.,0.));
#834=DIRECTION('ref_axis',(0.,0.,-1.));
#835=DIRECTION('center_axis',(-1.,0.,0.));
#836=DIRECTION('ref_axis',(0.,0.,-1.));
#837=DIRECTION('center_axis',(-1.,0.,0.));
#838=DIRECTION('ref_axis',(0.,0.,-1.));
#839=DIRECTION('',(-1.,0.,0.));
#840=DIRECTION('center_axis',(-1.,0.,0.));
#841=DIRECTION('ref_axis',(0.,0.,-1.));
#842=DIRECTION('center_axis',(-1.,0.,0.));
#843=DIRECTION('ref_axis',(0.,0.,-1.));
#844=DIRECTION('',(-1.,0.,0.));
#845=DIRECTION('center_axis',(-1.,0.,0.));
#846=DIRECTION('ref_axis',(0.,0.,-1.));
#847=DIRECTION('center_axis',(-1.,0.,0.));
#848=DIRECTION('ref_axis',(0.,0.,-1.));
#849=DIRECTION('',(-1.,0.,0.));
#850=DIRECTION('center_axis',(-1.,0.,0.));
#851=DIRECTION('ref_axis',(0.,0.,-1.));
#852=DIRECTION('center_axis',(-1.,0.,0.));
#853=DIRECTION('ref_axis',(0.,0.,-1.));
#854=DIRECTION('',(-1.,0.,0.));
#855=DIRECTION('center_axis',(0.,0.,1.));
#856=DIRECTION('ref_axis',(1.,0.,0.));
#857=DIRECTION('center_axis',(0.,0.,1.));
#858=DIRECTION('ref_axis',(1.,0.,0.));
#859=DIRECTION('',(0.,0.,1.));
#860=DIRECTION('center_axis',(0.,0.,1.));
#861=DIRECTION('ref_axis',(1.,0.,0.));
#862=DIRECTION('center_axis',(0.,0.,1.));
#863=DIRECTION('ref_axis',(1.,0.,0.));
#864=DIRECTION('center_axis',(0.,0.,-1.));
#865=DIRECTION('ref_axis',(1.,0.,0.));
#866=DIRECTION('center_axis',(0.,0.,1.));
#867=DIRECTION('ref_axis',(1.,0.,0.));
#868=DIRECTION('',(0.,0.,-1.));
#869=DIRECTION('center_axis',(0.,0.,1.));
#870=DIRECTION('ref_axis',(1.,0.,0.));
#871=DIRECTION('center_axis',(0.,0.,-1.));
#872=DIRECTION('ref_axis',(1.,0.,0.));
#873=DIRECTION('center_axis',(0.,0.,1.));
#874=DIRECTION('ref_axis',(1.,0.,0.));
#875=DIRECTION('center_axis',(0.,0.,1.));
#876=DIRECTION('ref_axis',(1.,0.,0.));
#877=DIRECTION('',(0.,0.,1.));
#878=DIRECTION('center_axis',(0.,0.,1.));
#879=DIRECTION('ref_axis',(1.,0.,0.));
#880=DIRECTION('center_axis',(0.,0.,1.));
#881=DIRECTION('ref_axis',(1.,0.,0.));
#882=DIRECTION('center_axis',(0.,0.,-1.));
#883=DIRECTION('ref_axis',(1.,0.,0.));
#884=DIRECTION('center_axis',(0.,0.,1.));
#885=DIRECTION('ref_axis',(1.,0.,0.));
#886=DIRECTION('',(0.,0.,-1.));
#887=DIRECTION('center_axis',(0.,0.,1.));
#888=DIRECTION('ref_axis',(1.,0.,0.));
#889=DIRECTION('center_axis',(0.,0.,-1.));
#890=DIRECTION('ref_axis',(1.,0.,0.));
#891=DIRECTION('center_axis',(0.,0.,1.));
#892=DIRECTION('ref_axis',(1.,0.,0.));
#893=DIRECTION('center_axis',(0.,0.,1.));
#894=DIRECTION('ref_axis',(1.,0.,0.));
#895=DIRECTION('',(0.,0.,1.));
#896=DIRECTION('center_axis',(0.,0.,1.));
#897=DIRECTION('ref_axis',(1.,0.,0.));
#898=DIRECTION('',(0.,0.,1.));
#899=DIRECTION('center_axis',(0.,0.,-1.));
#900=DIRECTION('ref_axis',(1.,0.,0.));
#901=DIRECTION('center_axis',(0.,0.,1.));
#902=DIRECTION('ref_axis',(1.,0.,0.));
#903=DIRECTION('center_axis',(0.,0.,1.));
#904=DIRECTION('ref_axis',(1.,0.,0.));
#905=DIRECTION('',(0.,0.,1.));
#906=DIRECTION('center_axis',(0.,0.,1.));
#907=DIRECTION('ref_axis',(1.,0.,0.));
#908=DIRECTION('',(0.,0.,1.));
#909=DIRECTION('center_axis',(0.,0.,-1.));
#910=DIRECTION('ref_axis',(1.,0.,0.));
#911=DIRECTION('center_axis',(1.,0.,0.));
#912=DIRECTION('ref_axis',(0.,0.,1.));
#913=DIRECTION('',(-1.,0.,0.));
#914=DIRECTION('center_axis',(1.,0.,0.));
#915=DIRECTION('ref_axis',(0.,0.,1.));
#916=DIRECTION('',(1.,0.,0.));
#917=DIRECTION('center_axis',(1.,0.,0.));
#918=DIRECTION('ref_axis',(0.,0.,1.));
#919=DIRECTION('center_axis',(1.,0.,0.));
#920=DIRECTION('ref_axis',(0.,0.,1.));
#921=DIRECTION('',(1.,0.,0.));
#922=DIRECTION('center_axis',(1.,0.,0.));
#923=DIRECTION('ref_axis',(0.,0.,1.));
#924=DIRECTION('',(1.,0.,0.));
#925=DIRECTION('center_axis',(1.,0.,0.));
#926=DIRECTION('ref_axis',(0.,0.,1.));
#927=DIRECTION('center_axis',(-1.,0.,0.));
#928=DIRECTION('ref_axis',(0.,0.,1.));
#929=DIRECTION('',(0.,-1.,0.));
#930=DIRECTION('center_axis',(1.,0.,0.));
#931=DIRECTION('ref_axis',(0.,0.,1.));
#932=DIRECTION('',(0.,1.,0.));
#933=DIRECTION('center_axis',(-1.,0.,0.));
#934=DIRECTION('ref_axis',(0.,0.,1.));
#935=DIRECTION('',(0.,1.,0.));
#936=DIRECTION('',(0.,-1.,0.));
#937=DIRECTION('center_axis',(1.,0.,0.));
#938=DIRECTION('ref_axis',(0.,0.,1.));
#939=DIRECTION('center_axis',(1.,0.,0.));
#940=DIRECTION('ref_axis',(0.,0.,1.));
#941=DIRECTION('',(1.,0.,0.));
#942=DIRECTION('center_axis',(1.,0.,0.));
#943=DIRECTION('ref_axis',(0.,0.,1.));
#944=DIRECTION('',(1.,0.,0.));
#945=DIRECTION('center_axis',(0.,0.,-1.));
#946=DIRECTION('ref_axis',(0.,1.,0.));
#947=DIRECTION('',(0.,1.,0.));
#948=DIRECTION('center_axis',(0.,0.,1.));
#949=DIRECTION('ref_axis',(0.,-1.,0.));
#950=DIRECTION('',(0.,-1.,0.));
#951=DIRECTION('',(1.,0.,0.));
#952=DIRECTION('center_axis',(1.,0.,0.));
#953=DIRECTION('ref_axis',(0.,0.,1.));
#954=DIRECTION('',(-1.,0.,0.));
#955=DIRECTION('center_axis',(1.,0.,0.));
#956=DIRECTION('ref_axis',(0.,0.,1.));
#957=DIRECTION('center_axis',(0.,0.,1.));
#958=DIRECTION('ref_axis',(0.,-1.,0.));
#959=DIRECTION('',(0.,-1.,0.));
#960=DIRECTION('',(0.,-1.,0.));
#961=DIRECTION('',(0.,-1.,0.));
#962=DIRECTION('center_axis',(-1.,0.,0.));
#963=DIRECTION('ref_axis',(0.,0.,1.));
#964=DIRECTION('',(0.,1.,0.));
#965=DIRECTION('center_axis',(1.,0.,0.));
#966=DIRECTION('ref_axis',(0.,0.,-1.));
#967=DIRECTION('',(0.,1.,0.));
#968=DIRECTION('center_axis',(0.,0.,-1.));
#969=DIRECTION('ref_axis',(0.,1.,0.));
#970=DIRECTION('',(0.,1.,0.));
#971=DIRECTION('center_axis',(1.,0.,0.));
#972=DIRECTION('ref_axis',(0.,0.,-1.));
#973=DIRECTION('center_axis',(1.,0.,0.));
#974=DIRECTION('ref_axis',(0.,1.,0.));
#975=DIRECTION('center_axis',(1.,0.,0.));
#976=DIRECTION('ref_axis',(0.,1.,0.));
#977=DIRECTION('center_axis',(1.,0.,0.));
#978=DIRECTION('ref_axis',(0.,1.,0.));
#979=DIRECTION('center_axis',(-1.,0.,0.));
#980=DIRECTION('ref_axis',(0.,0.,1.));
#981=DIRECTION('center_axis',(1.,0.,0.));
#982=DIRECTION('ref_axis',(0.,0.,-1.));
#983=DIRECTION('center_axis',(-1.,0.,0.));
#984=DIRECTION('ref_axis',(0.,0.,-1.));
#985=DIRECTION('center_axis',(0.,1.,1.22464679914735E-16));
#986=DIRECTION('ref_axis',(0.,1.22464679914735E-16,-1.));
#987=DIRECTION('center_axis',(-1.,0.,0.));
#988=DIRECTION('ref_axis',(0.,0.,1.));
#989=DIRECTION('center_axis',(1.,0.,0.));
#990=DIRECTION('ref_axis',(0.,0.,-1.));
#991=DIRECTION('center_axis',(1.,0.,0.));
#992=DIRECTION('ref_axis',(0.,1.,0.));
#993=DIRECTION('center_axis',(1.,0.,0.));
#994=DIRECTION('ref_axis',(0.,0.,-1.));
#995=DIRECTION('',(-1.,0.,0.));
#996=DIRECTION('center_axis',(1.,0.,0.));
#997=DIRECTION('ref_axis',(0.,0.,-1.));
#998=DIRECTION('center_axis',(1.,0.,0.));
#999=DIRECTION('ref_axis',(0.,0.,-1.));
#1000=DIRECTION('center_axis',(1.,0.,0.));
#1001=DIRECTION('ref_axis',(0.,1.,0.));
#1002=DIRECTION('',(-0.989949493661166,0.141421356237309,1.73191211247099E-17));
#1003=CARTESIAN_POINT('',(0.,0.,0.));
#1004=CARTESIAN_POINT('Ctrl Pts',(227.450000000004,-2.65685424949238,5.65685424949239));
#1005=CARTESIAN_POINT('Ctrl Pts',(226.714486299511,-2.65685424949238,5.65685424949239));
#1006=CARTESIAN_POINT('Ctrl Pts',(224.47491305779,-2.68410637164167,5.68410637164169));
#1007=CARTESIAN_POINT('Ctrl Pts',(220.32224979598,-2.92855156972291,5.92855156972293));
#1008=CARTESIAN_POINT('Ctrl Pts',(215.031166437305,-4.16829377511447,7.1682937751145));
#1009=CARTESIAN_POINT('Ctrl Pts',(211.60806686133,-5.57264237962405,8.57264237962406));
#1010=CARTESIAN_POINT('Ctrl Pts',(209.893099307179,-6.38666170604198,9.38666170604198));
#1011=CARTESIAN_POINT('Ctrl Pts',(227.450000000004,-2.65685424949238,5.20805529897956));
#1012=CARTESIAN_POINT('Ctrl Pts',(226.710594020745,-2.65685424949238,5.20805529897956));
#1013=CARTESIAN_POINT('Ctrl Pts',(224.461573229265,-2.68410157703523,5.23530262652241));
#1014=CARTESIAN_POINT('Ctrl Pts',(220.260433071629,-2.93045256342224,5.48165361290943));
#1015=CARTESIAN_POINT('Ctrl Pts',(214.892423069074,-4.18844797642128,6.73964902590848));
#1016=CARTESIAN_POINT('Ctrl Pts',(211.443438106709,-5.60491554581029,8.15611659529747));
#1017=CARTESIAN_POINT('Ctrl Pts',(209.716228010582,-6.42474586599812,8.9759469154853));
#1018=CARTESIAN_POINT('Ctrl Pts',(227.450000000004,-2.86370342952404,4.31376990114711));
#1019=CARTESIAN_POINT('Ctrl Pts',(226.704821863222,-2.86370342952404,4.31376990114711));
#1020=CARTESIAN_POINT('Ctrl Pts',(224.440287968597,-2.89122171841248,4.34128819003556));
#1021=CARTESIAN_POINT('Ctrl Pts',(220.165039051095,-3.1408484266712,4.59091489829428));
#1022=CARTESIAN_POINT('Ctrl Pts',(214.680997533875,-4.42631985559459,5.87638632721769));
#1023=CARTESIAN_POINT('Ctrl Pts',(211.190675460437,-5.86148158907764,7.31154806070071));
#1024=CARTESIAN_POINT('Ctrl Pts',(209.445309963579,-6.68992947584173,8.1399959474648));
#1025=CARTESIAN_POINT('Ctrl Pts',(227.450000000004,-4.00440909548707,2.86237381778422));
#1026=CARTESIAN_POINT('Ctrl Pts',(226.702081951024,-4.00440909548707,2.86237381778422));
#1027=CARTESIAN_POINT('Ctrl Pts',(224.431257139051,-4.03185747204519,2.88982219434234));
#1028=CARTESIAN_POINT('Ctrl Pts',(220.122414511003,-4.28271817919573,3.14068290149289));
#1029=CARTESIAN_POINT('Ctrl Pts',(214.584688483341,-5.58094131127594,4.43890603357311));
#1030=CARTESIAN_POINT('Ctrl Pts',(211.076850579699,-7.02446124436549,5.88242596666264));
#1031=CARTESIAN_POINT('Ctrl Pts',(209.322867126084,-7.85699969443924,6.71496441673639));
#1032=CARTESIAN_POINT('Ctrl Pts',(227.450000000004,-6.41896091680553,2.30929594962269));
#1033=CARTESIAN_POINT('Ctrl Pts',(226.718036563145,-6.41896091680553,2.30929594962269));
#1034=CARTESIAN_POINT('Ctrl Pts',(224.487436857554,-6.44615150456661,2.33648653738378));
#1035=CARTESIAN_POINT('Ctrl Pts',(220.379516681167,-6.68875184120751,2.57908687402469));
#1036=CARTESIAN_POINT('Ctrl Pts',(215.159062858368,-7.9117482994784,3.80208333229559));
#1037=CARTESIAN_POINT('Ctrl Pts',(211.76027324343,-9.3048717021816,5.19520673499877));
#1038=CARTESIAN_POINT('Ctrl Pts',(210.05647247721,-10.113590647745,6.00392568056212));
#1039=CARTESIAN_POINT('Ctrl Pts',(227.450000000004,-8.75225873539156,4.16635849243014));
#1040=CARTESIAN_POINT('Ctrl Pts',(226.753808557568,-8.75225873539156,4.16635849243014));
#1041=CARTESIAN_POINT('Ctrl Pts',(224.614547079003,-8.77865867792387,4.19275843496246));
#1042=CARTESIAN_POINT('Ctrl Pts',(220.958813847842,-9.00239461517984,4.41649437221844));
#1043=CARTESIAN_POINT('Ctrl Pts',(216.451211300471,-10.0564133943013,5.4705131513399));
#1044=CARTESIAN_POINT('Ctrl Pts',(213.299175706868,-11.3359900687305,6.75008982576913));
#1045=CARTESIAN_POINT('Ctrl Pts',(211.707890042871,-12.0913030664658,7.50540282350439));
#1046=CARTESIAN_POINT('Ctrl Pts',(227.450000000004,-8.74939925731996,7.14697952765035));
#1047=CARTESIAN_POINT('Ctrl Pts',(226.779264863541,-8.74939925731996,7.14697952765035));
#1048=CARTESIAN_POINT('Ctrl Pts',(224.704712907239,-8.77529007430305,7.17287034463345));
#1049=CARTESIAN_POINT('Ctrl Pts',(221.370340961963,-8.98568811060052,7.38326838093092));
#1050=CARTESIAN_POINT('Ctrl Pts',(217.369646888531,-9.91953618446485,8.31711645479526));
#1051=CARTESIAN_POINT('Ctrl Pts',(214.392640333205,-11.118448940199,9.51602921052937));
#1052=CARTESIAN_POINT('Ctrl Pts',(212.881423418935,-11.8357568400761,10.2333371104065));
#1053=CARTESIAN_POINT('Ctrl Pts',(227.450000000004,-6.42267155189336,9.00629950587005));
#1054=CARTESIAN_POINT('Ctrl Pts',(226.775238705733,-6.42267155189336,9.00629950587005));
#1055=CARTESIAN_POINT('Ctrl Pts',(224.69069639321,-6.44859772410985,9.03222567808655));
#1056=CARTESIAN_POINT('Ctrl Pts',(221.305858476148,-6.66103226621988,9.24466022019659));
#1057=CARTESIAN_POINT('Ctrl Pts',(217.225308913045,-7.61382038411103,10.1974483380878));
#1058=CARTESIAN_POINT('Ctrl Pts',(214.221098970192,-8.82537362837249,11.4090015823492));
#1059=CARTESIAN_POINT('Ctrl Pts',(212.697218418776,-9.54869239729154,12.1323203512682));
#1060=CARTESIAN_POINT('Ctrl Pts',(227.450000000004,-3.51588679570938,8.33986426009623));
#1061=CARTESIAN_POINT('Ctrl Pts',(226.744759532636,-3.51588679570938,8.33986426009623));
#1062=CARTESIAN_POINT('Ctrl Pts',(224.582196616503,-3.54252304400082,8.36650050838767));
#1063=CARTESIAN_POINT('Ctrl Pts',(220.81178675325,-3.77108967218951,8.59506713657637));
#1064=CARTESIAN_POINT('Ctrl Pts',(216.12360382321,-4.86790683633928,9.69188430072615));
#1065=CARTESIAN_POINT('Ctrl Pts',(212.908763288707,-6.17630099662294,11.0002784610098));
#1066=CARTESIAN_POINT('Ctrl Pts',(211.289015360258,-6.94512377376014,11.769101238147));
#1067=CARTESIAN_POINT('Ctrl Pts',(227.450000000004,-2.65685424949238,6.55445215051804));
#1068=CARTESIAN_POINT('Ctrl Pts',(226.722082201388,-2.65685424949238,6.55445215051804));
#1069=CARTESIAN_POINT('Ctrl Pts',(224.502440165848,-2.6838392461179,6.58143714714356));
#1070=CARTESIAN_POINT('Ctrl Pts',(220.446587046338,-2.92411832579502,6.8217162268207));
#1071=CARTESIAN_POINT('Ctrl Pts',(215.307568368632,-4.12783422028829,8.02543212131397));
#1072=CARTESIAN_POINT('Ctrl Pts',(211.937917756845,-5.50781439300511,9.40541229403077));
#1073=CARTESIAN_POINT('Ctrl Pts',(210.246841900372,-6.3104933861297,10.2080912871554));
#1074=CARTESIAN_POINT('Ctrl Pts',(227.450000000004,-2.65685424949238,5.65685424949239));
#1075=CARTESIAN_POINT('Ctrl Pts',(226.714486299511,-2.65685424949238,5.65685424949239));
#1076=CARTESIAN_POINT('Ctrl Pts',(224.47491305779,-2.68410637164167,5.68410637164169));
#1077=CARTESIAN_POINT('Ctrl Pts',(220.32224979598,-2.92855156972291,5.92855156972293));
#1078=CARTESIAN_POINT('Ctrl Pts',(215.031166437305,-4.16829377511447,7.1682937751145));
#1079=CARTESIAN_POINT('Ctrl Pts',(211.60806686133,-5.57264237962405,8.57264237962406));
#1080=CARTESIAN_POINT('Ctrl Pts',(209.893099307179,-6.38666170604198,9.38666170604198));
#1081=CARTESIAN_POINT('',(210.996955306899,-5.87947273445134,8.87947273388254));
#1082=CARTESIAN_POINT('Ctrl Pts',(210.996955307992,-5.87947273466277,8.87947273145862));
#1083=CARTESIAN_POINT('Ctrl Pts',(211.395538457446,-5.73094040194733,9.04611357492371));
#1084=CARTESIAN_POINT('Ctrl Pts',(211.855280949556,-5.61260615968834,9.19543749740563));
#1085=CARTESIAN_POINT('Ctrl Pts',(213.210249195093,-5.40788897910266,9.54207137591151));
#1086=CARTESIAN_POINT('Ctrl Pts',(214.1673513225,-5.4010878825624,9.70061368385511));
#1087=CARTESIAN_POINT('Ctrl Pts',(216.144218617384,-5.70437283631973,9.85316933104946));
#1088=CARTESIAN_POINT('Ctrl Pts',(217.065556287641,-6.00855739905105,9.83256947184809));
#1089=CARTESIAN_POINT('Ctrl Pts',(218.299838638022,-6.6363177972277,9.63025801551916));
#1090=CARTESIAN_POINT('Ctrl Pts',(218.708693785332,-6.90882948509898,9.51115560301228));
#1091=CARTESIAN_POINT('Ctrl Pts',(219.253241505664,-7.39079460973337,9.23873991051118));
#1092=CARTESIAN_POINT('Ctrl Pts',(219.454874802235,-7.61474420247393,9.09465371051706));
#1093=CARTESIAN_POINT('Ctrl Pts',(219.686354813223,-8.0207398523461,8.78107391020133));
#1094=CARTESIAN_POINT('Ctrl Pts',(219.746442691291,-8.19342369458634,8.63264967927674));
#1095=CARTESIAN_POINT('Ctrl Pts',(219.757197302567,-8.37408763590804,8.45631835299882));
#1096=CARTESIAN_POINT('Ctrl Pts',(219.757617344655,-8.38397221592077,8.4466030015503));
#1097=CARTESIAN_POINT('Ctrl Pts',(219.757866882847,-8.39382614023462,8.43684961298997));
#1098=CARTESIAN_POINT('Ctrl Pts',(219.761980882027,-8.55628238098677,8.27605085001598));
#1099=CARTESIAN_POINT('Ctrl Pts',(219.719615174182,-8.70596428509683,8.10924102773223));
#1100=CARTESIAN_POINT('Ctrl Pts',(219.549565828401,-8.98523789635146,7.76189711107398));
#1101=CARTESIAN_POINT('Ctrl Pts',(219.420223967823,-9.10845938175819,7.587134010192));
#1102=CARTESIAN_POINT('Ctrl Pts',(219.040962382155,-9.36567524972746,7.1814945356312));
#1103=CARTESIAN_POINT('Ctrl Pts',(218.759112458784,-9.48159027641116,6.95737136139146));
#1104=CARTESIAN_POINT('Ctrl Pts',(218.004691405727,-9.69890680653297,6.46301021159728));
#1105=CARTESIAN_POINT('Ctrl Pts',(217.444057392852,-9.78141508082593,6.18426427882384));
#1106=CARTESIAN_POINT('Ctrl Pts',(215.892671121741,-9.84969659173284,5.64498667415115));
#1107=CARTESIAN_POINT('Ctrl Pts',(214.909361498412,-9.78383838970982,5.46889368902822));
#1108=CARTESIAN_POINT('Ctrl Pts',(212.978471725718,-9.49688478881361,5.41608980687482));
#1109=CARTESIAN_POINT('Ctrl Pts',(212.068026884159,-9.28032661193662,5.53974441575458));
#1110=CARTESIAN_POINT('Ctrl Pts',(210.823689247664,-8.82377116741096,5.92272932923889));
#1111=CARTESIAN_POINT('Ctrl Pts',(210.398976589742,-8.61628128511736,6.12087506666335));
#1112=CARTESIAN_POINT('Ctrl Pts',(209.863124968882,-8.23213964540424,6.50126070377505));
#1113=CARTESIAN_POINT('Ctrl Pts',(209.677972682673,-8.05783373710256,6.67718706097169));
#1114=CARTESIAN_POINT('Ctrl Pts',(209.463736836232,-7.71222513595629,7.02580479691488));
#1115=CARTESIAN_POINT('Ctrl Pts',(209.410060843838,-7.5546380414734,7.18457014191996));
#1116=CARTESIAN_POINT('Ctrl Pts',(209.402324287979,-7.23819873377787,7.50116440227795));
#1117=CARTESIAN_POINT('Ctrl Pts',(209.440765831403,-7.08880422367137,7.64969701688407));
#1118=CARTESIAN_POINT('Ctrl Pts',(209.603517769488,-6.77968822281493,7.95627396576675));
#1119=CARTESIAN_POINT('Ctrl Pts',(209.735607991475,-6.62745464876131,8.10688708104311));
#1120=CARTESIAN_POINT('Ctrl Pts',(210.123595540573,-6.29518579150962,8.43902794786746));
#1121=CARTESIAN_POINT('Ctrl Pts',(210.410330434663,-6.12889856122479,8.60868805168247));
#1122=CARTESIAN_POINT('Ctrl Pts',(210.80591400337,-5.95383832749691,8.7970305687073));
#1123=CARTESIAN_POINT('Ctrl Pts',(210.899606651584,-5.91574979013495,8.83877291202001));
#1124=CARTESIAN_POINT('Ctrl Pts',(210.996955307992,-5.87947273466277,8.87947273145862));
#1125=CARTESIAN_POINT('',(227.450000000004,-2.65685424949238,5.65685424949238));
#1126=CARTESIAN_POINT('Ctrl Pts',(227.450000000004,-2.65685424949238,5.65685424949238));
#1127=CARTESIAN_POINT('Ctrl Pts',(227.283075513993,-2.65685424949238,5.65685424949238));
#1128=CARTESIAN_POINT('Ctrl Pts',(227.115443183536,-2.6573370168826,5.6573370168826));
#1129=CARTESIAN_POINT('Ctrl Pts',(226.946941660635,-2.65831748798072,5.65831748798072));
#1130=CARTESIAN_POINT('Ctrl Pts',(226.774269401362,-2.65932222762194,5.65932222762194));
#1131=CARTESIAN_POINT('Ctrl Pts',(226.600684399749,-2.66084974026756,5.66084974026756));
#1132=CARTESIAN_POINT('Ctrl Pts',(226.426047274506,-2.66294761239635,5.66294761239636));
#1133=CARTESIAN_POINT('Ctrl Pts',(226.247043010773,-2.66509794586811,5.66509794586812));
#1134=CARTESIAN_POINT('Ctrl Pts',(226.066933371838,-2.66784765711547,5.66784765711548));
#1135=CARTESIAN_POINT('Ctrl Pts',(225.885603495234,-2.67127869308795,5.67127869308796));
#1136=CARTESIAN_POINT('Ctrl Pts',(225.699835748521,-2.67479370028605,5.67479370028606));
#1137=CARTESIAN_POINT('Ctrl Pts',(225.512787172529,-2.67902397249672,5.67902397249673));
#1138=CARTESIAN_POINT('Ctrl Pts',(225.324371175901,-2.68408705446839,5.6840870544684));
#1139=CARTESIAN_POINT('Ctrl Pts',(225.12994536898,-2.6893116310196,5.6893116310196));
#1140=CARTESIAN_POINT('Ctrl Pts',(224.934063464741,-2.69542322165997,5.69542322165997));
#1141=CARTESIAN_POINT('Ctrl Pts',(224.736670656407,-2.70257879102299,5.702578791023));
#1142=CARTESIAN_POINT('Ctrl Pts',(224.531843436139,-2.71000386083402,5.71000386083402));
#1143=CARTESIAN_POINT('Ctrl Pts',(224.325389237749,-2.71855335479127,5.71855335479127));
#1144=CARTESIAN_POINT('Ctrl Pts',(224.117290985581,-2.72842788142164,5.72842788142165));
#1145=CARTESIAN_POINT('Ctrl Pts',(223.89960113891,-2.73875754140541,5.73875754140541));
#1146=CARTESIAN_POINT('Ctrl Pts',(223.680112221416,-2.75053764464589,5.7505376446459));
#1147=CARTESIAN_POINT('Ctrl Pts',(223.458852989553,-2.76401886031764,5.76401886031765));
#1148=CARTESIAN_POINT('Ctrl Pts',(223.230988621573,-2.77790252366936,5.77790252366937));
#1149=CARTESIAN_POINT('Ctrl Pts',(223.001246518426,-2.79359110659589,5.7935911065959));
#1150=CARTESIAN_POINT('Ctrl Pts',(222.769709596083,-2.81137105774502,5.81137105774503));
#1151=CARTESIAN_POINT('Ctrl Pts',(222.548414549884,-2.82836452501222,5.82836452501223));
#1152=CARTESIAN_POINT('Ctrl Pts',(222.3254799368,-2.84726926957022,5.84726926957022));
#1153=CARTESIAN_POINT('Ctrl Pts',(222.101022959628,-2.86833528458154,5.86833528458155));
#1154=CARTESIAN_POINT('Ctrl Pts',(221.889124730468,-2.88822262037569,5.8882226203757));
#1155=CARTESIAN_POINT('Ctrl Pts',(221.675869977358,-2.9100369798208,5.91003697982081));
#1156=CARTESIAN_POINT('Ctrl Pts',(221.461403361603,-2.9339761357987,5.93397613579871));
#1157=CARTESIAN_POINT('Ctrl Pts',(221.248535170205,-2.95773687272585,5.95773687272586));
#1158=CARTESIAN_POINT('Ctrl Pts',(221.034473486298,-2.98359168880073,5.98359168880073));
#1159=CARTESIAN_POINT('Ctrl Pts',(220.819400787809,-3.01170894310167,6.01170894310167));
#1160=CARTESIAN_POINT('Ctrl Pts',(220.611998404209,-3.03882342859093,6.03882342859093));
#1161=CARTESIAN_POINT('Ctrl Pts',(220.403657413709,-3.06804219456511,6.06804219456511));
#1162=CARTESIAN_POINT('Ctrl Pts',(220.194568416653,-3.09948386788623,6.09948386788623));
#1163=CARTESIAN_POINT('Ctrl Pts',(219.989878006946,-3.13026410541467,6.13026410541468));
#1164=CARTESIAN_POINT('Ctrl Pts',(219.784471169056,-3.16317484272779,6.1631748427278));
#1165=CARTESIAN_POINT('Ctrl Pts',(219.578533037633,-3.19829350778497,6.19829350778498));
#1166=CARTESIAN_POINT('Ctrl Pts',(219.374848251509,-3.23302790947973,6.23302790947974));
#1167=CARTESIAN_POINT('Ctrl Pts',(219.170644010469,-3.26992232708651,6.26992232708652));
#1168=CARTESIAN_POINT('Ctrl Pts',(218.96610103162,-3.30901600419571,6.30901600419572));
#1169=CARTESIAN_POINT('Ctrl Pts',(218.763247485812,-3.34778678510901,6.34778678510902));
#1170=CARTESIAN_POINT('Ctrl Pts',(218.560062867199,-3.38872026087856,6.38872026087857));
#1171=CARTESIAN_POINT('Ctrl Pts',(218.356713639865,-3.43181955074225,6.43181955074226));
#1172=CARTESIAN_POINT('Ctrl Pts',(218.14631070451,-3.47641385394136,6.47641385394137));
#1173=CARTESIAN_POINT('Ctrl Pts',(217.935731964101,-3.52332629584293,6.52332629584294));
#1174=CARTESIAN_POINT('Ctrl Pts',(217.725118726948,-3.57253250730146,6.57253250730147));
#1175=CARTESIAN_POINT('Ctrl Pts',(217.503982825324,-3.624197160879,6.62419716087901));
#1176=CARTESIAN_POINT('Ctrl Pts',(217.282809001723,-3.67838992690336,6.67838992690336));
#1177=CARTESIAN_POINT('Ctrl Pts',(217.061711138436,-3.73506094130376,6.73506094130377));
#1178=CARTESIAN_POINT('Ctrl Pts',(216.800986190586,-3.8018890284434,6.8018890284434));
#1179=CARTESIAN_POINT('Ctrl Pts',(216.540366065951,-3.87216324242447,6.87216324242448));
#1180=CARTESIAN_POINT('Ctrl Pts',(216.279966027164,-3.94578043095468,6.94578043095469));
#1181=CARTESIAN_POINT('Ctrl Pts',(216.004358401033,-4.02369692692695,7.02369692692696));
#1182=CARTESIAN_POINT('Ctrl Pts',(215.728997203047,-4.10535751106655,7.10535751106656));
#1183=CARTESIAN_POINT('Ctrl Pts',(215.453961996842,-4.19062244900914,7.19062244900915));
#1184=CARTESIAN_POINT('Ctrl Pts',(215.165453317917,-4.28006436062395,7.28006436062396));
#1185=CARTESIAN_POINT('Ctrl Pts',(214.877303050095,-4.37347140717855,7.37347140717856));
#1186=CARTESIAN_POINT('Ctrl Pts',(214.58954475809,-4.47067788366468,7.47067788366468));
#1187=CARTESIAN_POINT('Ctrl Pts',(214.288655304419,-4.57232014529799,7.572320145298));
#1188=CARTESIAN_POINT('Ctrl Pts',(213.988193960377,-4.67811530797608,7.67811530797608));
#1189=CARTESIAN_POINT('Ctrl Pts',(213.68814379497,-4.78788640960515,7.78788640960515));
#1190=CARTESIAN_POINT('Ctrl Pts',(213.391561323767,-4.89638888132893,7.89638888132894));
#1191=CARTESIAN_POINT('Ctrl Pts',(213.095379477442,-5.00877508024113,8.00877508024114));
#1192=CARTESIAN_POINT('Ctrl Pts',(212.799540295996,-5.12490187682878,8.12490187682879));
#1193=CARTESIAN_POINT('Ctrl Pts',(212.498512609254,-5.24306533568711,8.24306533568711));
#1194=CARTESIAN_POINT('Ctrl Pts',(212.197838730642,-5.36510139669226,8.36510139669226));
#1195=CARTESIAN_POINT('Ctrl Pts',(211.897437316347,-5.49089484705644,8.49089484705645));
#1196=CARTESIAN_POINT('Ctrl Pts',(211.597035902053,-5.61668829742063,8.61668829742064));
#1197=CARTESIAN_POINT('Ctrl Pts',(211.296906578272,-5.74623872074522,8.74623872074523));
#1198=CARTESIAN_POINT('Ctrl Pts',(210.996955307709,-5.87947273507844,8.87947273507845));
#1199=CARTESIAN_POINT('Origin',(227.450000000004,-5.65685424949238,5.65685424949239));
#1200=CARTESIAN_POINT('Origin',(227.450000000004,-5.65685424949238,5.65685424949239));
#1201=CARTESIAN_POINT('',(227.450000000004,-5.65685424949238,7.25685424949238));
#1202=CARTESIAN_POINT('Origin',(227.450000000004,-5.65685424949238,5.65685424949238));
#1203=CARTESIAN_POINT('Ctrl Pts',(227.450000000004,5.65685424949239,2.65685424949238));
#1204=CARTESIAN_POINT('Ctrl Pts',(226.714486299511,5.65685424949239,2.65685424949238));
#1205=CARTESIAN_POINT('Ctrl Pts',(224.47491305779,5.68410637164163,2.68410637164163));
#1206=CARTESIAN_POINT('Ctrl Pts',(220.32224979598,5.92855156972285,2.92855156972285));
#1207=CARTESIAN_POINT('Ctrl Pts',(215.031166437305,7.16829377511426,4.16829377511425));
#1208=CARTESIAN_POINT('Ctrl Pts',(211.608066861331,8.57264237962369,5.57264237962368));
#1209=CARTESIAN_POINT('Ctrl Pts',(209.893099307179,9.38666170604202,6.38666170604202));
#1210=CARTESIAN_POINT('Ctrl Pts',(227.450000000004,5.20805529897956,2.65685424949238));
#1211=CARTESIAN_POINT('Ctrl Pts',(226.710594020745,5.20805529897956,2.65685424949238));
#1212=CARTESIAN_POINT('Ctrl Pts',(224.461573229265,5.23530262652235,2.68410157703518));
#1213=CARTESIAN_POINT('Ctrl Pts',(220.260433071629,5.48165361290933,2.93045256342216));
#1214=CARTESIAN_POINT('Ctrl Pts',(214.892423069074,6.7396490259082,4.18844797642102));
#1215=CARTESIAN_POINT('Ctrl Pts',(211.44343810671,8.15611659529703,5.60491554580986));
#1216=CARTESIAN_POINT('Ctrl Pts',(209.716228010582,8.97594691548534,6.42474586599817));
#1217=CARTESIAN_POINT('Ctrl Pts',(227.450000000004,4.31376990114711,2.86370342952404));
#1218=CARTESIAN_POINT('Ctrl Pts',(226.704821863222,4.31376990114711,2.86370342952404));
#1219=CARTESIAN_POINT('Ctrl Pts',(224.440287968597,4.34128819003549,2.89122171841242));
#1220=CARTESIAN_POINT('Ctrl Pts',(220.165039051096,4.59091489829416,3.14084842667108));
#1221=CARTESIAN_POINT('Ctrl Pts',(214.680997533875,5.87638632721737,4.42631985559429));
#1222=CARTESIAN_POINT('Ctrl Pts',(211.190675460438,7.31154806070018,5.86148158907711));
#1223=CARTESIAN_POINT('Ctrl Pts',(209.445309963579,8.13999594746486,6.68992947584179));
#1224=CARTESIAN_POINT('Ctrl Pts',(227.450000000004,2.86237381778422,4.00440909548707));
#1225=CARTESIAN_POINT('Ctrl Pts',(226.702081951024,2.86237381778422,4.00440909548707));
#1226=CARTESIAN_POINT('Ctrl Pts',(224.431257139051,2.88982219434227,4.03185747204513));
#1227=CARTESIAN_POINT('Ctrl Pts',(220.122414511003,3.14068290149274,4.28271817919559));
#1228=CARTESIAN_POINT('Ctrl Pts',(214.584688483341,4.43890603357277,5.58094131127562));
#1229=CARTESIAN_POINT('Ctrl Pts',(211.0768505797,5.88242596666205,7.0244612443649));
#1230=CARTESIAN_POINT('Ctrl Pts',(209.322867126083,6.71496441673645,7.85699969443931));
#1231=CARTESIAN_POINT('Ctrl Pts',(227.450000000004,2.30929594962269,6.41896091680553));
#1232=CARTESIAN_POINT('Ctrl Pts',(226.718036563145,2.30929594962269,6.41896091680553));
#1233=CARTESIAN_POINT('Ctrl Pts',(224.487436857553,2.33648653738374,6.44615150456659));
#1234=CARTESIAN_POINT('Ctrl Pts',(220.379516681167,2.57908687402456,6.68875184120741));
#1235=CARTESIAN_POINT('Ctrl Pts',(215.159062858368,3.8020833322954,7.91174829947824));
#1236=CARTESIAN_POINT('Ctrl Pts',(211.76027324343,5.1952067349984,9.30487170218124));
#1237=CARTESIAN_POINT('Ctrl Pts',(210.05647247721,6.00392568056215,10.113590647745));
#1238=CARTESIAN_POINT('Ctrl Pts',(227.450000000004,4.16635849243014,8.75225873539156));
#1239=CARTESIAN_POINT('Ctrl Pts',(226.753808557568,4.16635849243014,8.75225873539156));
#1240=CARTESIAN_POINT('Ctrl Pts',(224.614547079003,4.19275843496249,8.77865867792392));
#1241=CARTESIAN_POINT('Ctrl Pts',(220.958813847842,4.41649437221843,9.00239461517985));
#1242=CARTESIAN_POINT('Ctrl Pts',(216.451211300471,5.47051315134002,10.0564133943014));
#1243=CARTESIAN_POINT('Ctrl Pts',(213.299175706867,6.75008982576932,11.3359900687307));
#1244=CARTESIAN_POINT('Ctrl Pts',(211.707890042871,7.50540282350437,12.0913030664658));
#1245=CARTESIAN_POINT('Ctrl Pts',(227.450000000004,7.14697952765035,8.74939925731996));
#1246=CARTESIAN_POINT('Ctrl Pts',(226.779264863541,7.14697952765035,8.74939925731996));
#1247=CARTESIAN_POINT('Ctrl Pts',(224.704712907239,7.17287034463354,8.77529007430315));
#1248=CARTESIAN_POINT('Ctrl Pts',(221.370340961964,7.38326838093102,8.98568811060063));
#1249=CARTESIAN_POINT('Ctrl Pts',(217.36964688853,8.3171164547956,9.91953618446521));
#1250=CARTESIAN_POINT('Ctrl Pts',(214.392640333203,9.51602921052996,11.1184489401996));
#1251=CARTESIAN_POINT('Ctrl Pts',(212.881423418935,10.2333371104064,11.835756840076));
#1252=CARTESIAN_POINT('Ctrl Pts',(227.450000000004,9.00629950587005,6.42267155189336));
#1253=CARTESIAN_POINT('Ctrl Pts',(226.775238705733,9.00629950587005,6.42267155189336));
#1254=CARTESIAN_POINT('Ctrl Pts',(224.69069639321,9.03222567808663,6.44859772410994));
#1255=CARTESIAN_POINT('Ctrl Pts',(221.305858476148,9.24466022019671,6.66103226622001));
#1256=CARTESIAN_POINT('Ctrl Pts',(217.225308913044,10.197448338088,7.61382038411134));
#1257=CARTESIAN_POINT('Ctrl Pts',(214.22109897019,11.4090015823498,8.82537362837306));
#1258=CARTESIAN_POINT('Ctrl Pts',(212.697218418776,12.1323203512682,9.54869239729148));
#1259=CARTESIAN_POINT('Ctrl Pts',(227.450000000004,8.33986426009623,3.51588679570938));
#1260=CARTESIAN_POINT('Ctrl Pts',(226.744759532636,8.33986426009623,3.51588679570938));
#1261=CARTESIAN_POINT('Ctrl Pts',(224.582196616504,8.36650050838768,3.54252304400084));
#1262=CARTESIAN_POINT('Ctrl Pts',(220.81178675325,8.59506713657641,3.77108967218956));
#1263=CARTESIAN_POINT('Ctrl Pts',(216.12360382321,9.69188430072617,4.86790683633931));
#1264=CARTESIAN_POINT('Ctrl Pts',(212.908763288706,11.0002784610099,6.17630099662306));
#1265=CARTESIAN_POINT('Ctrl Pts',(211.289015360258,11.769101238147,6.94512377376013));
#1266=CARTESIAN_POINT('Ctrl Pts',(227.450000000004,6.55445215051804,2.65685424949238));
#1267=CARTESIAN_POINT('Ctrl Pts',(226.722082201388,6.55445215051804,2.65685424949238));
#1268=CARTESIAN_POINT('Ctrl Pts',(224.502440165848,6.58143714714353,2.68383924611787));
#1269=CARTESIAN_POINT('Ctrl Pts',(220.446587046338,6.82171622682065,2.92411832579499));
#1270=CARTESIAN_POINT('Ctrl Pts',(215.307568368632,8.02543212131379,4.12783422028813));
#1271=CARTESIAN_POINT('Ctrl Pts',(211.937917756845,9.40541229403052,5.50781439300486));
#1272=CARTESIAN_POINT('Ctrl Pts',(210.246841900372,10.2080912871554,6.31049338612973));
#1273=CARTESIAN_POINT('Ctrl Pts',(227.450000000004,5.65685424949239,2.65685424949238));
#1274=CARTESIAN_POINT('Ctrl Pts',(226.714486299511,5.65685424949239,2.65685424949238));
#1275=CARTESIAN_POINT('Ctrl Pts',(224.47491305779,5.68410637164163,2.68410637164163));
#1276=CARTESIAN_POINT('Ctrl Pts',(220.32224979598,5.92855156972285,2.92855156972285));
#1277=CARTESIAN_POINT('Ctrl Pts',(215.031166437305,7.16829377511426,4.16829377511425));
#1278=CARTESIAN_POINT('Ctrl Pts',(211.608066861331,8.57264237962369,5.57264237962368));
#1279=CARTESIAN_POINT('Ctrl Pts',(209.893099307179,9.38666170604202,6.38666170604202));
#1280=CARTESIAN_POINT('',(210.996955306899,8.87947273388253,5.87947273445135));
#1281=CARTESIAN_POINT('Ctrl Pts',(210.996955307992,8.87947273145861,5.87947273466276));
#1282=CARTESIAN_POINT('Ctrl Pts',(211.39553845745,9.04611357492543,5.73094040194578));
#1283=CARTESIAN_POINT('Ctrl Pts',(211.855280949562,9.19543749740721,5.61260615968742));
#1284=CARTESIAN_POINT('Ctrl Pts',(213.210249195106,9.54207137591475,5.40788897910091));
#1285=CARTESIAN_POINT('Ctrl Pts',(214.167351322515,9.70061368385645,5.40108788256443));
#1286=CARTESIAN_POINT('Ctrl Pts',(216.144218617398,9.85316933105042,5.70437283632224));
#1287=CARTESIAN_POINT('Ctrl Pts',(217.065556287651,9.83256947184654,6.00855739905635));
#1288=CARTESIAN_POINT('Ctrl Pts',(218.299838638033,9.63025801551732,6.63631779723325));
#1289=CARTESIAN_POINT('Ctrl Pts',(218.708693785339,9.51115560300891,6.90882948510497));
#1290=CARTESIAN_POINT('Ctrl Pts',(219.253241505668,9.23873991050952,7.39079460973627));
#1291=CARTESIAN_POINT('Ctrl Pts',(219.454874802237,9.09465371051455,7.6147442024772));
#1292=CARTESIAN_POINT('Ctrl Pts',(219.686354813224,8.7810739101998,8.02073985234807));
#1293=CARTESIAN_POINT('Ctrl Pts',(219.746442691292,8.63264967927454,8.19342369458856));
#1294=CARTESIAN_POINT('Ctrl Pts',(219.757197302567,8.4563183530013,8.37408763590544));
#1295=CARTESIAN_POINT('Ctrl Pts',(219.757617344655,8.44660300155154,8.38397221591947));
#1296=CARTESIAN_POINT('Ctrl Pts',(219.757866882847,8.43684961298995,8.39382614023459));
#1297=CARTESIAN_POINT('Ctrl Pts',(219.761980882027,8.27605085001376,8.55628238098896));
#1298=CARTESIAN_POINT('Ctrl Pts',(219.719615174181,8.10924102772978,8.70596428509881));
#1299=CARTESIAN_POINT('Ctrl Pts',(219.5495658284,7.76189711107148,8.98523789635347));
#1300=CARTESIAN_POINT('Ctrl Pts',(219.420223967821,7.58713401018944,9.10845938175985));
#1301=CARTESIAN_POINT('Ctrl Pts',(219.040962382152,7.18149453562878,9.36567524972902));
#1302=CARTESIAN_POINT('Ctrl Pts',(218.759112458782,6.9573713613902,9.48159027641162));
#1303=CARTESIAN_POINT('Ctrl Pts',(218.004691405716,6.46301021158983,9.69890680653626));
#1304=CARTESIAN_POINT('Ctrl Pts',(217.444057392836,6.18426427881866,9.78141508082649));
#1305=CARTESIAN_POINT('Ctrl Pts',(215.89267112173,5.64498667414707,9.84969659173349));
#1306=CARTESIAN_POINT('Ctrl Pts',(214.909361498399,5.4688936890278,9.78383838970794));
#1307=CARTESIAN_POINT('Ctrl Pts',(212.978471725705,5.41608980687451,9.49688478881154));
#1308=CARTESIAN_POINT('Ctrl Pts',(212.068026884149,5.53974441575778,9.28032661193263));
#1309=CARTESIAN_POINT('Ctrl Pts',(210.823689247679,5.92272932923433,8.82377116741629));
#1310=CARTESIAN_POINT('Ctrl Pts',(210.398976589752,6.12087506665659,8.61628128512441));
#1311=CARTESIAN_POINT('Ctrl Pts',(209.863124968878,6.50126070377763,8.23213964540186));
#1312=CARTESIAN_POINT('Ctrl Pts',(209.677972682671,6.6771870609746,8.05783373709972));
#1313=CARTESIAN_POINT('Ctrl Pts',(209.463736836231,7.02580479691687,7.71222513595437));
#1314=CARTESIAN_POINT('Ctrl Pts',(209.410060843838,7.1845701419222,7.55463804147125));
#1315=CARTESIAN_POINT('Ctrl Pts',(209.402324287979,7.50116440228033,7.23819873377558));
#1316=CARTESIAN_POINT('Ctrl Pts',(209.440765831404,7.64969701688653,7.08880422366879));
#1317=CARTESIAN_POINT('Ctrl Pts',(209.60351776949,7.95627396576839,6.77968822281318));
#1318=CARTESIAN_POINT('Ctrl Pts',(209.735607991476,8.10688708104397,6.6274546487607));
#1319=CARTESIAN_POINT('Ctrl Pts',(210.123595540577,8.43902794787057,6.29518579150676));
#1320=CARTESIAN_POINT('Ctrl Pts',(210.410330434668,8.60868805168503,6.12889856122241));
#1321=CARTESIAN_POINT('Ctrl Pts',(210.805914003371,8.79703056870751,5.95383832749673));
#1322=CARTESIAN_POINT('Ctrl Pts',(210.899606651584,8.83877291202015,5.91574979013481));
#1323=CARTESIAN_POINT('Ctrl Pts',(210.996955307992,8.87947273145861,5.87947273466276));
#1324=CARTESIAN_POINT('',(227.450000000004,5.65685424949238,2.65685424949238));
#1325=CARTESIAN_POINT('Ctrl Pts',(227.450000000004,5.65685424949238,2.65685424949238));
#1326=CARTESIAN_POINT('Ctrl Pts',(227.283075513974,5.65685424949238,2.65685424949238));
#1327=CARTESIAN_POINT('Ctrl Pts',(227.115443183497,5.65733701688271,2.65733701688271));
#1328=CARTESIAN_POINT('Ctrl Pts',(226.946941660577,5.65831748798106,2.65831748798105));
#1329=CARTESIAN_POINT('Ctrl Pts',(226.774269401279,5.65932222762254,2.65932222762254));
#1330=CARTESIAN_POINT('Ctrl Pts',(226.60068439964,5.66084974026859,2.66084974026858));
#1331=CARTESIAN_POINT('Ctrl Pts',(226.426047274371,5.66294761239799,2.66294761239798));
#1332=CARTESIAN_POINT('Ctrl Pts',(226.247043010769,5.66509794586846,2.66509794586845));
#1333=CARTESIAN_POINT('Ctrl Pts',(226.066933371968,5.66784765711367,2.66784765711367));
#1334=CARTESIAN_POINT('Ctrl Pts',(225.885603495498,5.67127869308295,2.67127869308294));
#1335=CARTESIAN_POINT('Ctrl Pts',(225.699835748689,5.67479370028222,2.67479370028221));
#1336=CARTESIAN_POINT('Ctrl Pts',(225.512787172599,5.67902397249477,2.67902397249476));
#1337=CARTESIAN_POINT('Ctrl Pts',(225.324371175872,5.6840870544692,2.68408705446919));
#1338=CARTESIAN_POINT('Ctrl Pts',(225.129945368965,5.68931163102008,2.68931163102007));
#1339=CARTESIAN_POINT('Ctrl Pts',(224.934063464741,5.69542322166,2.69542322165999));
#1340=CARTESIAN_POINT('Ctrl Pts',(224.736670656424,5.70257879102241,2.7025787910224));
#1341=CARTESIAN_POINT('Ctrl Pts',(224.531843435905,5.71000386084244,2.71000386084243));
#1342=CARTESIAN_POINT('Ctrl Pts',(224.325389237261,5.71855335481144,2.71855335481143));
#1343=CARTESIAN_POINT('Ctrl Pts',(224.117290984835,5.72842788145704,2.72842788145703));
#1344=CARTESIAN_POINT('Ctrl Pts',(223.899601137778,5.73875754146222,2.73875754146221));
#1345=CARTESIAN_POINT('Ctrl Pts',(223.680112219893,5.75053764472948,2.75053764472947));
#1346=CARTESIAN_POINT('Ctrl Pts',(223.458852987632,5.7640188604347,2.76401886043469));
#1347=CARTESIAN_POINT('Ctrl Pts',(223.230988619597,5.77790252379932,2.77790252379932));
#1348=CARTESIAN_POINT('Ctrl Pts',(223.001246516393,5.79359110674026,2.79359110674026));
#1349=CARTESIAN_POINT('Ctrl Pts',(222.769709593994,5.8113710579055,2.8113710579055));
#1350=CARTESIAN_POINT('Ctrl Pts',(222.548414548174,5.82836452515479,2.82836452515479));
#1351=CARTESIAN_POINT('Ctrl Pts',(222.325479935476,5.84726926968893,2.84726926968893));
#1352=CARTESIAN_POINT('Ctrl Pts',(222.101022958695,5.86833528466913,2.86833528466912));
#1353=CARTESIAN_POINT('Ctrl Pts',(221.889124729559,5.88822262046622,2.88822262046621));
#1354=CARTESIAN_POINT('Ctrl Pts',(221.675869976475,5.91003697991405,2.91003697991404));
#1355=CARTESIAN_POINT('Ctrl Pts',(221.461403360746,5.93397613589434,2.93397613589433));
#1356=CARTESIAN_POINT('Ctrl Pts',(221.248535169363,5.95773687282511,2.9577368728251));
#1357=CARTESIAN_POINT('Ctrl Pts',(221.034473485471,5.9835916889035,2.9835916889035));
#1358=CARTESIAN_POINT('Ctrl Pts',(220.819400786998,6.01170894320777,3.01170894320776));
#1359=CARTESIAN_POINT('Ctrl Pts',(220.611998403397,6.03882342870233,3.03882342870232));
#1360=CARTESIAN_POINT('Ctrl Pts',(220.403657412896,6.06804219468195,3.06804219468194));
#1361=CARTESIAN_POINT('Ctrl Pts',(220.194568415839,6.09948386800862,3.09948386800861));
#1362=CARTESIAN_POINT('Ctrl Pts',(219.989878006133,6.13026410554224,3.13026410554223));
#1363=CARTESIAN_POINT('Ctrl Pts',(219.784471168245,6.16317484286059,3.16317484286058));
#1364=CARTESIAN_POINT('Ctrl Pts',(219.578533036824,6.198293507923,3.19829350792299));
#1365=CARTESIAN_POINT('Ctrl Pts',(219.374848250734,6.23302790961739,3.23302790961738));
#1366=CARTESIAN_POINT('Ctrl Pts',(219.170644009728,6.26992232722317,3.26992232722316));
#1367=CARTESIAN_POINT('Ctrl Pts',(218.966101030915,6.30901600433059,3.30901600433058));
#1368=CARTESIAN_POINT('Ctrl Pts',(218.763247485113,6.34778678524756,3.34778678524756));
#1369=CARTESIAN_POINT('Ctrl Pts',(218.560062866506,6.38872026102066,3.38872026102065));
#1370=CARTESIAN_POINT('Ctrl Pts',(218.356713639178,6.43181955088774,3.43181955088773));
#1371=CARTESIAN_POINT('Ctrl Pts',(218.146310703792,6.47641385409854,3.47641385409853));
#1372=CARTESIAN_POINT('Ctrl Pts',(217.935731963351,6.52332629601248,3.52332629601247));
#1373=CARTESIAN_POINT('Ctrl Pts',(217.725118726166,6.57253250748399,3.57253250748398));
#1374=CARTESIAN_POINT('Ctrl Pts',(217.503982823859,6.62419716122718,3.62419716122717));
#1375=CARTESIAN_POINT('Ctrl Pts',(217.282808999575,6.67838992743279,3.67838992743278));
#1376=CARTESIAN_POINT('Ctrl Pts',(217.061711135605,6.73506094202951,3.7350609420295));
#1377=CARTESIAN_POINT('Ctrl Pts',(216.800986187596,6.80188902923505,3.80188902923504));
#1378=CARTESIAN_POINT('Ctrl Pts',(216.540366062802,6.87216324328596,3.87216324328596));
#1379=CARTESIAN_POINT('Ctrl Pts',(216.279966023857,6.9457804318896,3.9457804318896));
#1380=CARTESIAN_POINT('Ctrl Pts',(216.004358398144,7.02369692777403,4.02369692777402));
#1381=CARTESIAN_POINT('Ctrl Pts',(215.728997200577,7.10535751181392,4.10535751181391));
#1382=CARTESIAN_POINT('Ctrl Pts',(215.453961994789,7.19062244964556,4.19062244964556));
#1383=CARTESIAN_POINT('Ctrl Pts',(215.165453318186,7.28006436056002,4.28006436056001));
#1384=CARTESIAN_POINT('Ctrl Pts',(214.877303052679,7.37347140635015,4.37347140635014));
#1385=CARTESIAN_POINT('Ctrl Pts',(214.589544762983,7.47067788201154,4.47067788201153));
#1386=CARTESIAN_POINT('Ctrl Pts',(214.288655308901,7.57232014373752,4.57232014373752));
#1387=CARTESIAN_POINT('Ctrl Pts',(213.988193964447,7.67811530652062,4.67811530652062));
#1388=CARTESIAN_POINT('Ctrl Pts',(213.68814379863,7.78788640826612,4.78788640826612));
#1389=CARTESIAN_POINT('Ctrl Pts',(213.391561326031,7.89638888046751,4.89638888046751));
#1390=CARTESIAN_POINT('Ctrl Pts',(213.095379478314,8.00877507989454,5.00877507989453));
#1391=CARTESIAN_POINT('Ctrl Pts',(212.799540295478,8.1249018770319,5.1249018770319));
#1392=CARTESIAN_POINT('Ctrl Pts',(212.498512608823,8.24306533586078,5.24306533586077));
#1393=CARTESIAN_POINT('Ctrl Pts',(212.197838730297,8.3651013968342,5.36510139683419));
#1394=CARTESIAN_POINT('Ctrl Pts',(211.897437316089,8.49089484716451,5.4908948471645));
#1395=CARTESIAN_POINT('Ctrl Pts',(211.597035901881,8.61668829749482,5.61668829749481));
#1396=CARTESIAN_POINT('Ctrl Pts',(211.296906578187,8.7462387207833,5.74623872078329));
#1397=CARTESIAN_POINT('Ctrl Pts',(210.996955307709,8.87947273507841,5.87947273507841));
#1398=CARTESIAN_POINT('Origin',(227.450000000004,5.65685424949239,5.65685424949238));
#1399=CARTESIAN_POINT('Origin',(227.450000000004,5.65685424949239,5.65685424949238));
#1400=CARTESIAN_POINT('',(227.450000000004,5.65685424949238,7.25685424949238));
#1401=CARTESIAN_POINT('Origin',(227.450000000004,5.65685424949238,5.65685424949238));
#1402=CARTESIAN_POINT('Ctrl Pts',(227.450000000004,2.65685424949238,-5.65685424949238));
#1403=CARTESIAN_POINT('Ctrl Pts',(226.714486299511,2.65685424949238,-5.65685424949238));
#1404=CARTESIAN_POINT('Ctrl Pts',(224.474913057791,2.68410637164161,-5.68410637164162));
#1405=CARTESIAN_POINT('Ctrl Pts',(220.322249795979,2.92855156972312,-5.92855156972313));
#1406=CARTESIAN_POINT('Ctrl Pts',(215.031166437305,4.16829377511422,-7.16829377511423));
#1407=CARTESIAN_POINT('Ctrl Pts',(211.60806686133,5.57264237962407,-8.57264237962408));
#1408=CARTESIAN_POINT('Ctrl Pts',(209.893099307179,6.38666170604192,-9.38666170604192));
#1409=CARTESIAN_POINT('Ctrl Pts',(227.450000000004,2.65685424949238,-5.20805529897956));
#1410=CARTESIAN_POINT('Ctrl Pts',(226.710594020745,2.65685424949238,-5.20805529897956));
#1411=CARTESIAN_POINT('Ctrl Pts',(224.461573229265,2.68410157703516,-5.23530262652234));
#1412=CARTESIAN_POINT('Ctrl Pts',(220.260433071628,2.93045256342247,-5.48165361290965));
#1413=CARTESIAN_POINT('Ctrl Pts',(214.892423069075,4.188447976421,-6.73964902590818));
#1414=CARTESIAN_POINT('Ctrl Pts',(211.443438106709,5.60491554581031,-8.15611659529749));
#1415=CARTESIAN_POINT('Ctrl Pts',(209.716228010582,6.42474586599805,-8.97594691548523));
#1416=CARTESIAN_POINT('Ctrl Pts',(227.450000000004,2.86370342952404,-4.31376990114711));
#1417=CARTESIAN_POINT('Ctrl Pts',(226.704821863222,2.86370342952404,-4.31376990114711));
#1418=CARTESIAN_POINT('Ctrl Pts',(224.440287968598,2.8912217184124,-4.34128819003547));
#1419=CARTESIAN_POINT('Ctrl Pts',(220.165039051094,3.14084842667148,-4.59091489829455));
#1420=CARTESIAN_POINT('Ctrl Pts',(214.680997533875,4.42631985559428,-5.87638632721735));
#1421=CARTESIAN_POINT('Ctrl Pts',(211.190675460437,5.86148158907767,-7.31154806070075));
#1422=CARTESIAN_POINT('Ctrl Pts',(209.445309963579,6.68992947584166,-8.13999594746473));
#1423=CARTESIAN_POINT('Ctrl Pts',(227.450000000004,4.00440909548707,-2.86237381778422));
#1424=CARTESIAN_POINT('Ctrl Pts',(226.702081951024,4.00440909548707,-2.86237381778422));
#1425=CARTESIAN_POINT('Ctrl Pts',(224.431257139051,4.0318574720451,-2.88982219434225));
#1426=CARTESIAN_POINT('Ctrl Pts',(220.122414511002,4.28271817919603,-3.14068290149318));
#1427=CARTESIAN_POINT('Ctrl Pts',(214.584688483341,5.58094131127563,-4.43890603357278));
#1428=CARTESIAN_POINT('Ctrl Pts',(211.076850579699,7.02446124436552,-5.88242596666267));
#1429=CARTESIAN_POINT('Ctrl Pts',(209.322867126084,7.85699969443917,-6.71496441673631));
#1430=CARTESIAN_POINT('Ctrl Pts',(227.450000000004,6.41896091680553,-2.30929594962269));
#1431=CARTESIAN_POINT('Ctrl Pts',(226.718036563145,6.41896091680553,-2.30929594962269));
#1432=CARTESIAN_POINT('Ctrl Pts',(224.487436857554,6.44615150456657,-2.33648653738372));
#1433=CARTESIAN_POINT('Ctrl Pts',(220.379516681167,6.68875184120769,-2.57908687402485));
#1434=CARTESIAN_POINT('Ctrl Pts',(215.159062858368,7.91174829947826,-3.80208333229542));
#1435=CARTESIAN_POINT('Ctrl Pts',(211.76027324343,9.3048717021816,-5.19520673499876));
#1436=CARTESIAN_POINT('Ctrl Pts',(210.05647247721,10.1135906477449,-6.00392568056206));
#1437=CARTESIAN_POINT('Ctrl Pts',(227.450000000004,8.75225873539156,-4.16635849243014));
#1438=CARTESIAN_POINT('Ctrl Pts',(226.753808557569,8.75225873539156,-4.16635849243014));
#1439=CARTESIAN_POINT('Ctrl Pts',(224.614547079003,8.77865867792391,-4.19275843496249));
#1440=CARTESIAN_POINT('Ctrl Pts',(220.958813847843,9.00239461517974,-4.41649437221832));
#1441=CARTESIAN_POINT('Ctrl Pts',(216.451211300471,10.0564133943014,-5.47051315134003));
#1442=CARTESIAN_POINT('Ctrl Pts',(213.299175706868,11.3359900687305,-6.75008982576907));
#1443=CARTESIAN_POINT('Ctrl Pts',(211.707890042871,12.0913030664658,-7.50540282350437));
#1444=CARTESIAN_POINT('Ctrl Pts',(227.450000000004,8.74939925731996,-7.14697952765036));
#1445=CARTESIAN_POINT('Ctrl Pts',(226.779264863541,8.74939925731996,-7.14697952765036));
#1446=CARTESIAN_POINT('Ctrl Pts',(224.704712907239,8.77529007430315,-7.17287034463354));
#1447=CARTESIAN_POINT('Ctrl Pts',(221.370340961965,8.98568811060023,-7.38326838093062));
#1448=CARTESIAN_POINT('Ctrl Pts',(217.36964688853,9.9195361844652,-8.31711645479558));
#1449=CARTESIAN_POINT('Ctrl Pts',(214.392640333205,11.1184489401989,-9.51602921052929));
#1450=CARTESIAN_POINT('Ctrl Pts',(212.881423418935,11.8357568400761,-10.2333371104065));
#1451=CARTESIAN_POINT('Ctrl Pts',(227.450000000004,6.42267155189336,-9.00629950587005));
#1452=CARTESIAN_POINT('Ctrl Pts',(226.775238705733,6.42267155189336,-9.00629950587005));
#1453=CARTESIAN_POINT('Ctrl Pts',(224.69069639321,6.44859772410993,-9.03222567808662));
#1454=CARTESIAN_POINT('Ctrl Pts',(221.30585847615,6.66103226621961,-9.24466022019631));
#1455=CARTESIAN_POINT('Ctrl Pts',(217.225308913044,7.61382038411129,-10.197448338088));
#1456=CARTESIAN_POINT('Ctrl Pts',(214.221098970192,8.82537362837242,-11.4090015823491));
#1457=CARTESIAN_POINT('Ctrl Pts',(212.697218418776,9.54869239729154,-12.1323203512682));
#1458=CARTESIAN_POINT('Ctrl Pts',(227.450000000004,3.51588679570938,-8.33986426009623));
#1459=CARTESIAN_POINT('Ctrl Pts',(226.744759532636,3.51588679570938,-8.33986426009623));
#1460=CARTESIAN_POINT('Ctrl Pts',(224.582196616504,3.54252304400083,-8.36650050838767));
#1461=CARTESIAN_POINT('Ctrl Pts',(220.81178675325,3.77108967218948,-8.59506713657633));
#1462=CARTESIAN_POINT('Ctrl Pts',(216.12360382321,4.86790683633927,-9.69188430072611));
#1463=CARTESIAN_POINT('Ctrl Pts',(212.908763288707,6.17630099662293,-11.0002784610098));
#1464=CARTESIAN_POINT('Ctrl Pts',(211.289015360258,6.94512377376011,-11.769101238147));
#1465=CARTESIAN_POINT('Ctrl Pts',(227.450000000004,2.65685424949238,-6.55445215051804));
#1466=CARTESIAN_POINT('Ctrl Pts',(226.722082201388,2.65685424949238,-6.55445215051804));
#1467=CARTESIAN_POINT('Ctrl Pts',(224.502440165848,2.68383924611785,-6.58143714714351));
#1468=CARTESIAN_POINT('Ctrl Pts',(220.446587046338,2.92411832579517,-6.82171622682083));
#1469=CARTESIAN_POINT('Ctrl Pts',(215.307568368632,4.12783422028809,-8.02543212131376));
#1470=CARTESIAN_POINT('Ctrl Pts',(211.937917756845,5.50781439300512,-9.40541229403079));
#1471=CARTESIAN_POINT('Ctrl Pts',(210.246841900373,6.31049338612965,-10.2080912871553));
#1472=CARTESIAN_POINT('Ctrl Pts',(227.450000000004,2.65685424949238,-5.65685424949238));
#1473=CARTESIAN_POINT('Ctrl Pts',(226.714486299511,2.65685424949238,-5.65685424949238));
#1474=CARTESIAN_POINT('Ctrl Pts',(224.474913057791,2.68410637164161,-5.68410637164162));
#1475=CARTESIAN_POINT('Ctrl Pts',(220.322249795979,2.92855156972312,-5.92855156972313));
#1476=CARTESIAN_POINT('Ctrl Pts',(215.031166437305,4.16829377511422,-7.16829377511423));
#1477=CARTESIAN_POINT('Ctrl Pts',(211.60806686133,5.57264237962407,-8.57264237962408));
#1478=CARTESIAN_POINT('Ctrl Pts',(209.893099307179,6.38666170604192,-9.38666170604192));
#1479=CARTESIAN_POINT('',(210.996955306899,5.87947273445134,-8.87947273388253));
#1480=CARTESIAN_POINT('Ctrl Pts',(210.996955307992,5.87947273466275,-8.87947273145862));
#1481=CARTESIAN_POINT('Ctrl Pts',(211.395538457434,5.73094040195184,-9.04611357491862));
#1482=CARTESIAN_POINT('Ctrl Pts',(211.855280949539,5.61260615969103,-9.19543749740136));
#1483=CARTESIAN_POINT('Ctrl Pts',(213.210249195068,5.40788897910622,-9.54207137590533));
#1484=CARTESIAN_POINT('Ctrl Pts',(214.167351322471,5.40108788255837,-9.70061368385269));
#1485=CARTESIAN_POINT('Ctrl Pts',(216.144218617356,5.70437283631501,-9.8531693310475));
#1486=CARTESIAN_POINT('Ctrl Pts',(217.065556287619,6.0085573990403,-9.83256947185144));
#1487=CARTESIAN_POINT('Ctrl Pts',(218.299838638007,6.63631779721992,-9.63025801552176));
#1488=CARTESIAN_POINT('Ctrl Pts',(218.708693785322,6.90882948508991,-9.51115560301728));
#1489=CARTESIAN_POINT('Ctrl Pts',(219.253241505658,7.39079460972713,-9.23873991051473));
#1490=CARTESIAN_POINT('Ctrl Pts',(219.454874802231,7.61474420246697,-9.09465371052233));
#1491=CARTESIAN_POINT('Ctrl Pts',(219.68635481322,8.02073985234121,-8.78107391020509));
#1492=CARTESIAN_POINT('Ctrl Pts',(219.746442691291,8.19342369458181,-8.6326496792811));
#1493=CARTESIAN_POINT('Ctrl Pts',(219.757197302568,8.37408763591469,-8.45631835299225));
#1494=CARTESIAN_POINT('Ctrl Pts',(219.757617344655,8.38397221592408,-8.44660300154701));
#1495=CARTESIAN_POINT('Ctrl Pts',(219.757866882847,8.39382614023461,-8.43684961298996));
#1496=CARTESIAN_POINT('Ctrl Pts',(219.761980882027,8.55628238098246,-8.27605085002023));
#1497=CARTESIAN_POINT('Ctrl Pts',(219.719615174184,8.70596428509299,-8.10924102773694));
#1498=CARTESIAN_POINT('Ctrl Pts',(219.549565828403,8.98523789634799,-7.76189711107826));
#1499=CARTESIAN_POINT('Ctrl Pts',(219.420223967826,9.108459381756,-7.58713401019553));
#1500=CARTESIAN_POINT('Ctrl Pts',(219.040962382161,9.36567524972313,-7.18149453563815));
#1501=CARTESIAN_POINT('Ctrl Pts',(218.759112458794,9.48159027640826,-6.95737136139784));
#1502=CARTESIAN_POINT('Ctrl Pts',(218.00469140573,9.69890680653218,-6.46301021159911));
#1503=CARTESIAN_POINT('Ctrl Pts',(217.444057392857,9.78141508082563,-6.1842642788258));
#1504=CARTESIAN_POINT('Ctrl Pts',(215.892671121765,9.84969659173194,-5.64498667415933));
#1505=CARTESIAN_POINT('Ctrl Pts',(214.909361498437,9.78383838971354,-5.46889368902898));
#1506=CARTESIAN_POINT('Ctrl Pts',(212.97847172574,9.49688478881679,-5.41608980687533));
#1507=CARTESIAN_POINT('Ctrl Pts',(212.068026884175,9.28032661194233,-5.53974441574963));
#1508=CARTESIAN_POINT('Ctrl Pts',(210.823689247703,8.82377116742486,-5.92272932922704));
#1509=CARTESIAN_POINT('Ctrl Pts',(210.398976589767,8.61628128513522,-6.12087506664593));
#1510=CARTESIAN_POINT('Ctrl Pts',(209.863124968886,8.23213964540749,-6.5012607037721));
#1511=CARTESIAN_POINT('Ctrl Pts',(209.677972682675,8.05783373710706,-6.67718706096704));
#1512=CARTESIAN_POINT('Ctrl Pts',(209.463736836235,7.71222513596003,-7.025804796911));
#1513=CARTESIAN_POINT('Ctrl Pts',(209.410060843838,7.55463804147756,-7.18457014191579));
#1514=CARTESIAN_POINT('Ctrl Pts',(209.402324287979,7.23819873378208,-7.50116440227374));
#1515=CARTESIAN_POINT('Ctrl Pts',(209.4407658314,7.08880422367602,-7.64969701687971));
#1516=CARTESIAN_POINT('Ctrl Pts',(209.603517769486,6.77968822281907,-7.9562739657629));
#1517=CARTESIAN_POINT('Ctrl Pts',(209.735607991471,6.62745464876461,-8.10688708103996));
#1518=CARTESIAN_POINT('Ctrl Pts',(210.123595540568,6.29518579151444,-8.43902794786277));
#1519=CARTESIAN_POINT('Ctrl Pts',(210.410330434656,6.12889856122785,-8.60868805167913));
#1520=CARTESIAN_POINT('Ctrl Pts',(210.805914003369,5.9538383274973,-8.79703056870683));
#1521=CARTESIAN_POINT('Ctrl Pts',(210.899606651583,5.91574979013524,-8.83877291201966));
#1522=CARTESIAN_POINT('Ctrl Pts',(210.996955307992,5.87947273466275,-8.87947273145862));
#1523=CARTESIAN_POINT('',(227.450000000004,2.65685424949238,-5.65685424949238));
#1524=CARTESIAN_POINT('Ctrl Pts',(227.450000000004,2.65685424949238,-5.65685424949238));
#1525=CARTESIAN_POINT('Ctrl Pts',(227.283075514002,2.65685424949238,-5.65685424949238));
#1526=CARTESIAN_POINT('Ctrl Pts',(227.115443183554,2.65733701688255,-5.65733701688255));
#1527=CARTESIAN_POINT('Ctrl Pts',(226.946941660662,2.65831748798056,-5.65831748798057));
#1528=CARTESIAN_POINT('Ctrl Pts',(226.774269401375,2.65932222762181,-5.65932222762181));
#1529=CARTESIAN_POINT('Ctrl Pts',(226.600684399749,2.66084974026753,-5.66084974026754));
#1530=CARTESIAN_POINT('Ctrl Pts',(226.426047274492,2.66294761239653,-5.66294761239653));
#1531=CARTESIAN_POINT('Ctrl Pts',(226.247043010683,2.66509794586923,-5.66509794586923));
#1532=CARTESIAN_POINT('Ctrl Pts',(226.066933371671,2.66784765711804,-5.66784765711805));
#1533=CARTESIAN_POINT('Ctrl Pts',(225.885603494988,2.67127869309259,-5.6712786930926));
#1534=CARTESIAN_POINT('Ctrl Pts',(225.699835748175,2.67479370029322,-5.67479370029323));
#1535=CARTESIAN_POINT('Ctrl Pts',(225.51278717208,2.67902397250722,-5.67902397250723));
#1536=CARTESIAN_POINT('Ctrl Pts',(225.324371175348,2.68408705448325,-5.68408705448326));
#1537=CARTESIAN_POINT('Ctrl Pts',(225.129945368412,2.68931163103646,-5.68931163103647));
#1538=CARTESIAN_POINT('Ctrl Pts',(224.934063464158,2.69542322167909,-5.69542322167909));
#1539=CARTESIAN_POINT('Ctrl Pts',(224.73667065581,2.70257879104467,-5.70257879104467));
#1540=CARTESIAN_POINT('Ctrl Pts',(224.53184343538,2.7100038608636,-5.7100038608636));
#1541=CARTESIAN_POINT('Ctrl Pts',(224.325389236827,2.71855335483067,-5.71855335483067));
#1542=CARTESIAN_POINT('Ctrl Pts',(224.117290984493,2.72842788147327,-5.72842788147327));
#1543=CARTESIAN_POINT('Ctrl Pts',(223.899601138279,2.73875754143992,-5.73875754143992));
#1544=CARTESIAN_POINT('Ctrl Pts',(223.680112221249,2.75053764465754,-5.75053764465754));
#1545=CARTESIAN_POINT('Ctrl Pts',(223.458852989858,2.76401886029908,-5.76401886029908));
#1546=CARTESIAN_POINT('Ctrl Pts',(223.230988621777,2.77790252365546,-5.77790252365546));
#1547=CARTESIAN_POINT('Ctrl Pts',(223.001246518526,2.79359110658815,-5.79359110658815));
#1548=CARTESIAN_POINT('Ctrl Pts',(222.769709596079,2.81137105774533,-5.81137105774534));
#1549=CARTESIAN_POINT('Ctrl Pts',(222.548414550226,2.82836452498594,-5.82836452498594));
#1550=CARTESIAN_POINT('Ctrl Pts',(222.325479937495,2.84726926951135,-5.84726926951135));
#1551=CARTESIAN_POINT('Ctrl Pts',(222.101022960679,2.86833528448293,-5.86833528448294));
#1552=CARTESIAN_POINT('Ctrl Pts',(221.889124731445,2.888222620278,-5.88822262027801));
#1553=CARTESIAN_POINT('Ctrl Pts',(221.675869978261,2.9100369797251,-5.91003697972511));
#1554=CARTESIAN_POINT('Ctrl Pts',(221.461403362431,2.93397613570631,-5.93397613570631));
#1555=CARTESIAN_POINT('Ctrl Pts',(221.248535171019,2.95773687262996,-5.95773687262996));
#1556=CARTESIAN_POINT('Ctrl Pts',(221.034473487097,2.98359168870145,-5.98359168870145));
#1557=CARTESIAN_POINT('Ctrl Pts',(220.819400788593,3.01170894299917,-6.01170894299918));
#1558=CARTESIAN_POINT('Ctrl Pts',(220.611998404989,3.03882342848395,-6.03882342848395));
#1559=CARTESIAN_POINT('Ctrl Pts',(220.403657414485,3.06804219445359,-6.0680421944536));
#1560=CARTESIAN_POINT('Ctrl Pts',(220.194568417425,3.0994838677702,-6.0994838677702));
#1561=CARTESIAN_POINT('Ctrl Pts',(219.989878007715,3.13026410529392,-6.13026410529393));
#1562=CARTESIAN_POINT('Ctrl Pts',(219.784471169823,3.16317484260229,-6.16317484260229));
#1563=CARTESIAN_POINT('Ctrl Pts',(219.578533038397,3.19829350765472,-6.19829350765472));
#1564=CARTESIAN_POINT('Ctrl Pts',(219.374848252293,3.23302790934092,-6.23302790934092));
#1565=CARTESIAN_POINT('Ctrl Pts',(219.170644011272,3.2699223269387,-6.2699223269387));
#1566=CARTESIAN_POINT('Ctrl Pts',(218.966101032443,3.30901600403845,-6.30901600403846));
#1567=CARTESIAN_POINT('Ctrl Pts',(218.763247486872,3.34778678490075,-6.34778678490075));
#1568=CARTESIAN_POINT('Ctrl Pts',(218.560062868496,3.38872026061423,-6.38872026061423));
#1569=CARTESIAN_POINT('Ctrl Pts',(218.3567136414,3.43181955041682,-6.43181955041683));
#1570=CARTESIAN_POINT('Ctrl Pts',(218.146310706084,3.47641385359654,-6.47641385359655));
#1571=CARTESIAN_POINT('Ctrl Pts',(217.935731965714,3.52332629547793,-6.52332629547793));
#1572=CARTESIAN_POINT('Ctrl Pts',(217.7251187286,3.57253250691552,-6.57253250691552));
#1573=CARTESIAN_POINT('Ctrl Pts',(217.503982826878,3.62419716050342,-6.62419716050342));
#1574=CARTESIAN_POINT('Ctrl Pts',(217.282809003179,3.67838992654047,-6.67838992654048));
#1575=CARTESIAN_POINT('Ctrl Pts',(217.061711139793,3.7350609409559,-6.73506094095591));
#1576=CARTESIAN_POINT('Ctrl Pts',(216.800986191974,3.80188902807564,-6.80188902807564));
#1577=CARTESIAN_POINT('Ctrl Pts',(216.540366067369,3.8721632420361,-6.87216324203611));
#1578=CARTESIAN_POINT('Ctrl Pts',(216.279966028613,3.94578043054521,-6.94578043054521));
#1579=CARTESIAN_POINT('Ctrl Pts',(216.004358402407,4.02369692652509,-7.0236969265251));
#1580=CARTESIAN_POINT('Ctrl Pts',(215.728997204348,4.10535751067446,-7.10535751067446));
#1581=CARTESIAN_POINT('Ctrl Pts',(215.453961998068,4.19062244862896,-7.19062244862896));
#1582=CARTESIAN_POINT('Ctrl Pts',(215.165453319675,4.28006436006736,-7.28006436006736));
#1583=CARTESIAN_POINT('Ctrl Pts',(214.877303052383,4.37347140643117,-7.37347140643118));
#1584=CARTESIAN_POINT('Ctrl Pts',(214.589544760907,4.47067788271302,-7.47067788271302));
#1585=CARTESIAN_POINT('Ctrl Pts',(214.288655306999,4.57232014439972,-7.57232014439973));
#1586=CARTESIAN_POINT('Ctrl Pts',(213.98819396272,4.67811530713822,-7.67811530713822));
#1587=CARTESIAN_POINT('Ctrl Pts',(213.688143797077,4.78788640883432,-7.78788640883432));
#1588=CARTESIAN_POINT('Ctrl Pts',(213.391561326614,4.89638888026858,-7.89638888026859));
#1589=CARTESIAN_POINT('Ctrl Pts',(213.095379481026,5.00877507887226,-8.00877507887226));
#1590=CARTESIAN_POINT('Ctrl Pts',(212.799540300315,5.1249018751333,-8.1249018751333));
#1591=CARTESIAN_POINT('Ctrl Pts',(212.49851261285,5.24306533423711,-8.24306533423711));
#1592=CARTESIAN_POINT('Ctrl Pts',(212.197838733517,5.3651013955069,-8.3651013955069));
#1593=CARTESIAN_POINT('Ctrl Pts',(211.897437318503,5.4908948461539,-8.49089484615391));
#1594=CARTESIAN_POINT('Ctrl Pts',(211.597035903489,5.61668829680091,-8.61668829680091));
#1595=CARTESIAN_POINT('Ctrl Pts',(211.29690657899,5.74623872042645,-8.74623872042645));
#1596=CARTESIAN_POINT('Ctrl Pts',(210.996955307709,5.87947273507836,-8.87947273507836));
#1597=CARTESIAN_POINT('Origin',(227.450000000004,5.65685424949238,-5.65685424949238));
#1598=CARTESIAN_POINT('Origin',(227.450000000004,5.65685424949238,-5.65685424949238));
#1599=CARTESIAN_POINT('',(227.450000000004,5.65685424949238,-4.05685424949238));
#1600=CARTESIAN_POINT('Origin',(227.450000000004,5.65685424949238,-5.65685424949238));
#1601=CARTESIAN_POINT('Ctrl Pts',(227.450000000004,-5.65685424949238,-2.65685424949238));
#1602=CARTESIAN_POINT('Ctrl Pts',(226.714486299511,-5.65685424949238,-2.65685424949238));
#1603=CARTESIAN_POINT('Ctrl Pts',(224.47491305779,-5.68410637164175,-2.68410637164175));
#1604=CARTESIAN_POINT('Ctrl Pts',(220.32224979598,-5.92855156972305,-2.92855156972305));
#1605=CARTESIAN_POINT('Ctrl Pts',(215.031166437304,-7.16829377511474,-4.16829377511473));
#1606=CARTESIAN_POINT('Ctrl Pts',(211.60806686133,-8.5726423796242,-5.5726423796242));
#1607=CARTESIAN_POINT('Ctrl Pts',(209.893099307179,-9.38666170604197,-6.38666170604196));
#1608=CARTESIAN_POINT('Ctrl Pts',(227.450000000004,-5.20805529897956,-2.65685424949238));
#1609=CARTESIAN_POINT('Ctrl Pts',(226.710594020745,-5.20805529897956,-2.65685424949238));
#1610=CARTESIAN_POINT('Ctrl Pts',(224.461573229265,-5.23530262652249,-2.68410157703531));
#1611=CARTESIAN_POINT('Ctrl Pts',(220.260433071629,-5.48165361290957,-2.93045256342239));
#1612=CARTESIAN_POINT('Ctrl Pts',(214.892423069074,-6.73964902590876,-4.18844797642158));
#1613=CARTESIAN_POINT('Ctrl Pts',(211.443438106709,-8.15611659529763,-5.60491554581045));
#1614=CARTESIAN_POINT('Ctrl Pts',(209.716228010582,-8.97594691548528,-6.4247458659981));
#1615=CARTESIAN_POINT('Ctrl Pts',(227.450000000004,-4.31376990114711,-2.86370342952404));
#1616=CARTESIAN_POINT('Ctrl Pts',(226.704821863222,-4.31376990114711,-2.86370342952404));
#1617=CARTESIAN_POINT('Ctrl Pts',(224.440287968597,-4.34128819003565,-2.89122171841258));
#1618=CARTESIAN_POINT('Ctrl Pts',(220.165039051095,-4.59091489829445,-3.14084842667138));
#1619=CARTESIAN_POINT('Ctrl Pts',(214.680997533874,-5.87638632721804,-4.42631985559497));
#1620=CARTESIAN_POINT('Ctrl Pts',(211.190675460437,-7.3115480607009,-5.86148158907783));
#1621=CARTESIAN_POINT('Ctrl Pts',(209.445309963579,-8.13999594746479,-6.68992947584171));
#1622=CARTESIAN_POINT('Ctrl Pts',(227.450000000004,-2.86237381778422,-4.00440909548707));
#1623=CARTESIAN_POINT('Ctrl Pts',(226.702081951024,-2.86237381778422,-4.00440909548707));
#1624=CARTESIAN_POINT('Ctrl Pts',(224.431257139051,-2.88982219434244,-4.0318574720453));
#1625=CARTESIAN_POINT('Ctrl Pts',(220.122414511003,-3.14068290149307,-4.28271817919592));
#1626=CARTESIAN_POINT('Ctrl Pts',(214.58468848334,-4.43890603357352,-5.58094131127637));
#1627=CARTESIAN_POINT('Ctrl Pts',(211.076850579698,-5.88242596666283,-7.02446124436568));
#1628=CARTESIAN_POINT('Ctrl Pts',(209.322867126084,-6.71496441673637,-7.85699969443922));
#1629=CARTESIAN_POINT('Ctrl Pts',(227.450000000004,-2.30929594962269,-6.41896091680553));
#1630=CARTESIAN_POINT('Ctrl Pts',(226.718036563145,-2.30929594962269,-6.41896091680553));
#1631=CARTESIAN_POINT('Ctrl Pts',(224.487436857553,-2.33648653738384,-6.44615150456668));
#1632=CARTESIAN_POINT('Ctrl Pts',(220.379516681167,-2.57908687402479,-6.68875184120763));
#1633=CARTESIAN_POINT('Ctrl Pts',(215.159062858368,-3.80208333229586,-7.9117482994787));
#1634=CARTESIAN_POINT('Ctrl Pts',(211.760273243429,-5.19520673499886,-9.3048717021817));
#1635=CARTESIAN_POINT('Ctrl Pts',(210.05647247721,-6.0039256805621,-10.1135906477449));
#1636=CARTESIAN_POINT('Ctrl Pts',(227.450000000004,-4.16635849243014,-8.75225873539156));
#1637=CARTESIAN_POINT('Ctrl Pts',(226.753808557568,-4.16635849243014,-8.75225873539156));
#1638=CARTESIAN_POINT('Ctrl Pts',(224.614547079004,-4.19275843496243,-8.77865867792385));
#1639=CARTESIAN_POINT('Ctrl Pts',(220.958813847842,-4.41649437221836,-9.00239461517978));
#1640=CARTESIAN_POINT('Ctrl Pts',(216.451211300472,-5.47051315133979,-10.0564133943012));
#1641=CARTESIAN_POINT('Ctrl Pts',(213.299175706868,-6.75008982576903,-11.3359900687304));
#1642=CARTESIAN_POINT('Ctrl Pts',(211.707890042871,-7.50540282350439,-12.0913030664658));
#1643=CARTESIAN_POINT('Ctrl Pts',(227.450000000004,-7.14697952765035,-8.74939925731997));
#1644=CARTESIAN_POINT('Ctrl Pts',(226.779264863541,-7.14697952765035,-8.74939925731997));
#1645=CARTESIAN_POINT('Ctrl Pts',(224.70471290724,-7.17287034463335,-8.77529007430297));
#1646=CARTESIAN_POINT('Ctrl Pts',(221.370340961964,-7.38326838093073,-8.98568811060034));
#1647=CARTESIAN_POINT('Ctrl Pts',(217.369646888532,-8.31711645479486,-9.91953618446447));
#1648=CARTESIAN_POINT('Ctrl Pts',(214.392640333205,-9.51602921052916,-11.1184489401988));
#1649=CARTESIAN_POINT('Ctrl Pts',(212.881423418935,-10.2333371104065,-11.8357568400761));
#1650=CARTESIAN_POINT('Ctrl Pts',(227.450000000004,-9.00629950587005,-6.42267155189336));
#1651=CARTESIAN_POINT('Ctrl Pts',(226.775238705733,-9.00629950587005,-6.42267155189336));
#1652=CARTESIAN_POINT('Ctrl Pts',(224.690696393211,-9.03222567808646,-6.44859772410976));
#1653=CARTESIAN_POINT('Ctrl Pts',(221.305858476149,-9.24466022019641,-6.66103226621972));
#1654=CARTESIAN_POINT('Ctrl Pts',(217.225308913046,-10.1974483380873,-7.61382038411065));
#1655=CARTESIAN_POINT('Ctrl Pts',(214.221098970192,-11.409001582349,-8.82537362837233));
#1656=CARTESIAN_POINT('Ctrl Pts',(212.697218418776,-12.1323203512682,-9.54869239729155));
#1657=CARTESIAN_POINT('Ctrl Pts',(227.450000000004,-8.33986426009622,-3.51588679570938));
#1658=CARTESIAN_POINT('Ctrl Pts',(226.744759532636,-8.33986426009622,-3.51588679570938));
#1659=CARTESIAN_POINT('Ctrl Pts',(224.582196616504,-8.36650050838766,-3.54252304400081));
#1660=CARTESIAN_POINT('Ctrl Pts',(220.81178675325,-8.59506713657635,-3.7710896721895));
#1661=CARTESIAN_POINT('Ctrl Pts',(216.12360382321,-9.69188430072605,-4.8679068363392));
#1662=CARTESIAN_POINT('Ctrl Pts',(212.908763288707,-11.0002784610098,-6.17630099662295));
#1663=CARTESIAN_POINT('Ctrl Pts',(211.289015360258,-11.769101238147,-6.94512377376014));
#1664=CARTESIAN_POINT('Ctrl Pts',(227.450000000004,-6.55445215051804,-2.65685424949238));
#1665=CARTESIAN_POINT('Ctrl Pts',(226.722082201388,-6.55445215051804,-2.65685424949238));
#1666=CARTESIAN_POINT('Ctrl Pts',(224.502440165848,-6.58143714714361,-2.68383924611795));
#1667=CARTESIAN_POINT('Ctrl Pts',(220.446587046338,-6.82171622682078,-2.92411832579512));
#1668=CARTESIAN_POINT('Ctrl Pts',(215.307568368632,-8.02543212131412,-4.12783422028846));
#1669=CARTESIAN_POINT('Ctrl Pts',(211.937917756845,-9.40541229403088,-5.50781439300522));
#1670=CARTESIAN_POINT('Ctrl Pts',(210.246841900372,-10.2080912871553,-6.31049338612969));
#1671=CARTESIAN_POINT('Ctrl Pts',(227.450000000004,-5.65685424949238,-2.65685424949238));
#1672=CARTESIAN_POINT('Ctrl Pts',(226.714486299511,-5.65685424949238,-2.65685424949238));
#1673=CARTESIAN_POINT('Ctrl Pts',(224.47491305779,-5.68410637164175,-2.68410637164175));
#1674=CARTESIAN_POINT('Ctrl Pts',(220.32224979598,-5.92855156972305,-2.92855156972305));
#1675=CARTESIAN_POINT('Ctrl Pts',(215.031166437304,-7.16829377511474,-4.16829377511473));
#1676=CARTESIAN_POINT('Ctrl Pts',(211.60806686133,-8.5726423796242,-5.5726423796242));
#1677=CARTESIAN_POINT('Ctrl Pts',(209.893099307179,-9.38666170604197,-6.38666170604196));
#1678=CARTESIAN_POINT('',(210.996955306899,-8.87947273388254,-5.87947273445134));
#1679=CARTESIAN_POINT('Ctrl Pts',(210.996955307992,-8.87947273145862,-5.87947273466275));
#1680=CARTESIAN_POINT('Ctrl Pts',(211.395538457449,-9.04611357492475,-5.73094040194639));
#1681=CARTESIAN_POINT('Ctrl Pts',(211.855280949559,-9.19543749740652,-5.61260615968797));
#1682=CARTESIAN_POINT('Ctrl Pts',(213.210249195099,-9.54207137591322,-5.40788897910173));
#1683=CARTESIAN_POINT('Ctrl Pts',(214.167351322506,-9.70061368385542,-5.40108788256373));
#1684=CARTESIAN_POINT('Ctrl Pts',(216.144218617393,-9.85316933105038,-5.70437283632082));
#1685=CARTESIAN_POINT('Ctrl Pts',(217.065556287647,-9.8325694718468,-6.00855739905484));
#1686=CARTESIAN_POINT('Ctrl Pts',(218.299838638023,-9.63025801551914,-6.63631779722806));
#1687=CARTESIAN_POINT('Ctrl Pts',(218.708693785333,-9.51115560301194,-6.90882948509948));
#1688=CARTESIAN_POINT('Ctrl Pts',(219.253241505666,-9.23873991051032,-7.39079460973495));
#1689=CARTESIAN_POINT('Ctrl Pts',(219.454874802236,-9.09465371051549,-7.6147442024759));
#1690=CARTESIAN_POINT('Ctrl Pts',(219.686354813224,-8.78107391020013,-8.02073985234769));
#1691=CARTESIAN_POINT('Ctrl Pts',(219.746442691291,-8.63264967927527,-8.19342369458785));
#1692=CARTESIAN_POINT('Ctrl Pts',(219.757197302567,-8.45631835300138,-8.37408763590546));
#1693=CARTESIAN_POINT('Ctrl Pts',(219.757617344655,-8.4466030015516,-8.38397221591949));
#1694=CARTESIAN_POINT('Ctrl Pts',(219.757866882847,-8.43684961298999,-8.39382614023463));
#1695=CARTESIAN_POINT('Ctrl Pts',(219.761980882027,-8.27605085001434,-8.55628238098846));
#1696=CARTESIAN_POINT('Ctrl Pts',(219.719615174181,-8.1092410277306,-8.70596428509813));
#1697=CARTESIAN_POINT('Ctrl Pts',(219.5495658284,-7.76189711107205,-8.98523789635302));
#1698=CARTESIAN_POINT('Ctrl Pts',(219.420223967821,-7.58713401019003,-9.10845938175948));
#1699=CARTESIAN_POINT('Ctrl Pts',(219.040962382153,-7.1814945356292,-9.36567524972879));
#1700=CARTESIAN_POINT('Ctrl Pts',(218.759112458782,-6.95737136139029,-9.48159027641161));
#1701=CARTESIAN_POINT('Ctrl Pts',(218.004691405717,-6.46301021159021,-9.69890680653609));
#1702=CARTESIAN_POINT('Ctrl Pts',(217.444057392837,-6.18426427881885,-9.78141508082652));
#1703=CARTESIAN_POINT('Ctrl Pts',(215.892671121732,-5.64498667414791,-9.84969659173334));
#1704=CARTESIAN_POINT('Ctrl Pts',(214.909361498402,-5.46889368902804,-9.78383838970833));
#1705=CARTESIAN_POINT('Ctrl Pts',(212.978471725705,-5.41608980687436,-9.49688478881162));
#1706=CARTESIAN_POINT('Ctrl Pts',(212.068026884148,-5.539744415758,-9.28032661193235));
#1707=CARTESIAN_POINT('Ctrl Pts',(210.823689247674,-5.92272932923597,-8.82377116741424));
#1708=CARTESIAN_POINT('Ctrl Pts',(210.398976589748,-6.12087506665915,-8.6162812851217));
#1709=CARTESIAN_POINT('Ctrl Pts',(209.863124968879,-6.50126070377704,-8.23213964540232));
#1710=CARTESIAN_POINT('Ctrl Pts',(209.677972682671,-6.67718706097398,-8.05783373710022));
#1711=CARTESIAN_POINT('Ctrl Pts',(209.463736836232,-7.02580479691615,-7.71222513595497));
#1712=CARTESIAN_POINT('Ctrl Pts',(209.410060843838,-7.18457014192161,-7.55463804147181));
#1713=CARTESIAN_POINT('Ctrl Pts',(209.402324287979,-7.50116440227993,-7.23819873377595));
#1714=CARTESIAN_POINT('Ctrl Pts',(209.440765831404,-7.64969701688624,-7.0888042236691));
#1715=CARTESIAN_POINT('Ctrl Pts',(209.603517769489,-7.95627396576798,-6.7796882228136));
#1716=CARTESIAN_POINT('Ctrl Pts',(209.735607991476,-8.10688708104365,-6.62745464876092));
#1717=CARTESIAN_POINT('Ctrl Pts',(210.123595540576,-8.43902794786988,-6.29518579150735));
#1718=CARTESIAN_POINT('Ctrl Pts',(210.410330434667,-8.60868805168446,-6.12889856122293));
#1719=CARTESIAN_POINT('Ctrl Pts',(210.80591400337,-8.79703056870728,-5.95383832749692));
#1720=CARTESIAN_POINT('Ctrl Pts',(210.899606651584,-8.83877291202004,-5.91574979013491));
#1721=CARTESIAN_POINT('Ctrl Pts',(210.996955307992,-8.87947273145862,-5.87947273466275));
#1722=CARTESIAN_POINT('',(227.450000000004,-5.65685424949238,-2.65685424949238));
#1723=CARTESIAN_POINT('Ctrl Pts',(227.450000000004,-5.65685424949238,-2.65685424949238));
#1724=CARTESIAN_POINT('Ctrl Pts',(227.283075514013,-5.65685424949238,-2.65685424949238));
#1725=CARTESIAN_POINT('Ctrl Pts',(227.115443183575,-5.65733701688249,-2.65733701688249));
#1726=CARTESIAN_POINT('Ctrl Pts',(226.946941660694,-5.65831748798038,-2.65831748798038));
#1727=CARTESIAN_POINT('Ctrl Pts',(226.774269401421,-5.65932222762149,-2.65932222762148));
#1728=CARTESIAN_POINT('Ctrl Pts',(226.600684399808,-5.66084974026698,-2.66084974026698));
#1729=CARTESIAN_POINT('Ctrl Pts',(226.426047274565,-5.66294761239565,-2.66294761239565));
#1730=CARTESIAN_POINT('Ctrl Pts',(226.247043010811,-5.66509794586754,-2.66509794586753));
#1731=CARTESIAN_POINT('Ctrl Pts',(226.066933371854,-5.66784765711517,-2.66784765711516));
#1732=CARTESIAN_POINT('Ctrl Pts',(225.885603495227,-5.67127869308808,-2.67127869308807));
#1733=CARTESIAN_POINT('Ctrl Pts',(225.69983574848,-5.67479370028686,-2.67479370028685));
#1734=CARTESIAN_POINT('Ctrl Pts',(225.512787172453,-5.67902397249847,-2.67902397249847));
#1735=CARTESIAN_POINT('Ctrl Pts',(225.324371175789,-5.68408705447143,-2.68408705447142));
#1736=CARTESIAN_POINT('Ctrl Pts',(225.129945368834,-5.68931163102385,-2.68931163102384));
#1737=CARTESIAN_POINT('Ctrl Pts',(224.934063464561,-5.69542322166576,-2.69542322166576));
#1738=CARTESIAN_POINT('Ctrl Pts',(224.736670656194,-5.70257879103074,-2.70257879103073));
#1739=CARTESIAN_POINT('Ctrl Pts',(224.531843435291,-5.71000386086549,-2.71000386086548));
#1740=CARTESIAN_POINT('Ctrl Pts',(224.325389236257,-5.71855335485348,-2.71855335485348));
#1741=CARTESIAN_POINT('Ctrl Pts',(224.117290983434,-5.72842788152349,-2.72842788152349));
#1742=CARTESIAN_POINT('Ctrl Pts',(223.899601137023,-5.73875754150394,-2.73875754150394));
#1743=CARTESIAN_POINT('Ctrl Pts',(223.680112219792,-5.7505376447383,-2.75053764473829));
#1744=CARTESIAN_POINT('Ctrl Pts',(223.458852988198,-5.76401886040021,-2.76401886040021));
#1745=CARTESIAN_POINT('Ctrl Pts',(223.230988619788,-5.77790252378485,-2.77790252378484));
#1746=CARTESIAN_POINT('Ctrl Pts',(223.001246516203,-5.79359110675154,-2.79359110675154));
#1747=CARTESIAN_POINT('Ctrl Pts',(222.769709593418,-5.81137105794971,-2.81137105794971));
#1748=CARTESIAN_POINT('Ctrl Pts',(222.548414547322,-5.82836452522327,-2.82836452522326));
#1749=CARTESIAN_POINT('Ctrl Pts',(222.325479934345,-5.84726926978659,-2.84726926978659));
#1750=CARTESIAN_POINT('Ctrl Pts',(222.101022957281,-5.86833528480183,-2.86833528480182));
#1751=CARTESIAN_POINT('Ctrl Pts',(221.889124728107,-5.8882226206105,-2.88822262061049));
#1752=CARTESIAN_POINT('Ctrl Pts',(221.675869974985,-5.91003698007094,-2.91003698007094));
#1753=CARTESIAN_POINT('Ctrl Pts',(221.461403359218,-5.93397613606495,-2.93397613606494));
#1754=CARTESIAN_POINT('Ctrl Pts',(221.248535167861,-5.95773687300217,-2.95773687300217));
#1755=CARTESIAN_POINT('Ctrl Pts',(221.034473483996,-5.98359168908684,-2.98359168908683));
#1756=CARTESIAN_POINT('Ctrl Pts',(220.81940078555,-6.01170894339704,-3.01170894339704));
#1757=CARTESIAN_POINT('Ctrl Pts',(220.611998401975,-6.03882342889738,-3.03882342889737));
#1758=CARTESIAN_POINT('Ctrl Pts',(220.403657411502,-6.06804219488245,-3.06804219488245));
#1759=CARTESIAN_POINT('Ctrl Pts',(220.194568414472,-6.09948386821415,-3.09948386821415));
#1760=CARTESIAN_POINT('Ctrl Pts',(219.989878004777,-6.13026410575521,-3.1302641057552));
#1761=CARTESIAN_POINT('Ctrl Pts',(219.784471166899,-6.16317484308093,-3.16317484308092));
#1762=CARTESIAN_POINT('Ctrl Pts',(219.578533035489,-6.19829350815054,-3.19829350815054));
#1763=CARTESIAN_POINT('Ctrl Pts',(219.374848249393,-6.23302790985511,-3.2330279098551));
#1764=CARTESIAN_POINT('Ctrl Pts',(219.170644008381,-6.26992232747126,-3.26992232747126));
#1765=CARTESIAN_POINT('Ctrl Pts',(218.966101029562,-6.30901600458921,-3.30901600458921));
#1766=CARTESIAN_POINT('Ctrl Pts',(218.763247484056,-6.34778678545892,-3.34778678545892));
#1767=CARTESIAN_POINT('Ctrl Pts',(218.560062865746,-6.38872026117846,-3.38872026117846));
#1768=CARTESIAN_POINT('Ctrl Pts',(218.356713638717,-6.43181955098561,-3.4318195509856));
#1769=CARTESIAN_POINT('Ctrl Pts',(218.146310703304,-6.47641385420521,-3.47641385420521));
#1770=CARTESIAN_POINT('Ctrl Pts',(217.935731962838,-6.52332629612852,-3.52332629612852));
#1771=CARTESIAN_POINT('Ctrl Pts',(217.725118725627,-6.57253250760996,-3.57253250760995));
#1772=CARTESIAN_POINT('Ctrl Pts',(217.50398282348,-6.62419716132,-3.62419716132));
#1773=CARTESIAN_POINT('Ctrl Pts',(217.282808999355,-6.6783899274887,-3.67838992748869));
#1774=CARTESIAN_POINT('Ctrl Pts',(217.061711135544,-6.73506094204499,-3.73506094204498));
#1775=CARTESIAN_POINT('Ctrl Pts',(216.800986187624,-6.80188902922824,-3.80188902922823));
#1776=CARTESIAN_POINT('Ctrl Pts',(216.540366062919,-6.87216324325445,-3.87216324325444));
#1777=CARTESIAN_POINT('Ctrl Pts',(216.279966024064,-6.94578043183117,-3.94578043183117));
#1778=CARTESIAN_POINT('Ctrl Pts',(216.004358397519,-7.02369692794888,-4.02369692794888));
#1779=CARTESIAN_POINT('Ctrl Pts',(215.728997199121,-7.10535751224466,-4.10535751224466));
#1780=CARTESIAN_POINT('Ctrl Pts',(215.453961992505,-7.19062245035355,-4.19062245035355));
#1781=CARTESIAN_POINT('Ctrl Pts',(215.165453311406,-7.2800643626834,-4.2800643626834));
#1782=CARTESIAN_POINT('Ctrl Pts',(214.877303041414,-7.37347141001219,-4.37347141001219));
#1783=CARTESIAN_POINT('Ctrl Pts',(214.589544747246,-7.47067788732767,-4.47067788732767));
#1784=CARTESIAN_POINT('Ctrl Pts',(214.28865529449,-7.57232014875551,-4.5723201487555));
#1785=CARTESIAN_POINT('Ctrl Pts',(213.988193951358,-7.67811531120098,-4.67811531120098));
#1786=CARTESIAN_POINT('Ctrl Pts',(213.68814378686,-7.78788641257208,-4.78788641257207));
#1787=CARTESIAN_POINT('Ctrl Pts',(213.391561316473,-7.89638888407089,-4.89638888407088));
#1788=CARTESIAN_POINT('Ctrl Pts',(213.095379470962,-8.00877508273551,-5.0087750827355));
#1789=CARTESIAN_POINT('Ctrl Pts',(212.799540290326,-8.12490187905437,-5.12490187905436));
#1790=CARTESIAN_POINT('Ctrl Pts',(212.498512604533,-8.24306533759042,-5.24306533759041));
#1791=CARTESIAN_POINT('Ctrl Pts',(212.197838726868,-8.36510139824817,-5.36510139824817));
#1792=CARTESIAN_POINT('Ctrl Pts',(211.897437313518,-8.49089484824107,-5.49089484824106));
#1793=CARTESIAN_POINT('Ctrl Pts',(211.597035900169,-8.61668829823397,-5.61668829823396));
#1794=CARTESIAN_POINT('Ctrl Pts',(211.296906577331,-8.7462387211634,-5.74623872116339));
#1795=CARTESIAN_POINT('Ctrl Pts',(210.996955307709,-8.8794727350784,-5.8794727350784));
#1796=CARTESIAN_POINT('Origin',(227.450000000004,-5.65685424949238,-5.65685424949238));
#1797=CARTESIAN_POINT('Origin',(227.450000000004,-5.65685424949238,-5.65685424949238));
#1798=CARTESIAN_POINT('',(227.450000000004,-5.65685424949238,-4.05685424949238));
#1799=CARTESIAN_POINT('Origin',(227.450000000004,-5.65685424949238,-5.65685424949238));
#1800=CARTESIAN_POINT('Origin',(233.450000000004,5.65685424949238,5.65685424949238));
#1801=CARTESIAN_POINT('',(233.450000000004,5.65685424949238,7.25685424949238));
#1802=CARTESIAN_POINT('Origin',(233.450000000004,5.65685424949238,5.65685424949238));
#1803=CARTESIAN_POINT('',(233.450000000004,5.65685424949238,7.25685424949238));
#1804=CARTESIAN_POINT('Origin',(233.450000000004,-5.65685424949238,5.65685424949238));
#1805=CARTESIAN_POINT('',(233.450000000004,-5.65685424949238,7.25685424949238));
#1806=CARTESIAN_POINT('Origin',(233.450000000004,-5.65685424949238,5.65685424949238));
#1807=CARTESIAN_POINT('',(233.450000000004,-5.65685424949238,7.25685424949238));
#1808=CARTESIAN_POINT('Origin',(233.450000000004,5.65685424949238,-5.65685424949238));
#1809=CARTESIAN_POINT('',(233.450000000004,5.65685424949238,-4.05685424949238));
#1810=CARTESIAN_POINT('Origin',(233.450000000004,5.65685424949238,-5.65685424949238));
#1811=CARTESIAN_POINT('',(233.450000000004,5.65685424949238,-4.05685424949238));
#1812=CARTESIAN_POINT('Origin',(233.450000000004,-5.65685424949238,-5.65685424949238));
#1813=CARTESIAN_POINT('',(233.450000000004,-5.65685424949238,-4.05685424949238));
#1814=CARTESIAN_POINT('Origin',(233.450000000004,-5.65685424949238,-5.65685424949238));
#1815=CARTESIAN_POINT('',(233.450000000004,-5.65685424949238,-4.05685424949238));
#1816=CARTESIAN_POINT('Origin',(215.45,8.8318037044798E-12,6.));
#1817=CARTESIAN_POINT('',(212.7,8.83146692661003E-12,6.));
#1818=CARTESIAN_POINT('Origin',(215.45,8.8318037044798E-12,6.));
#1819=CARTESIAN_POINT('',(212.7,8.680551128994E-12,10.892857142857));
#1820=CARTESIAN_POINT('',(212.7,8.83146692661003E-12,6.));
#1821=CARTESIAN_POINT('',(215.354272151899,2.74833334571087,10.931858227538));
#1822=CARTESIAN_POINT('Ctrl Pts',(215.354272151899,2.74833334571087,10.931858227538));
#1823=CARTESIAN_POINT('Ctrl Pts',(215.711468190947,2.76077492534021,10.9813462508329));
#1824=CARTESIAN_POINT('Ctrl Pts',(216.090798924546,2.70031192765986,11.0531743572659));
#1825=CARTESIAN_POINT('Ctrl Pts',(216.788514888465,2.43119046733215,11.2174695047556));
#1826=CARTESIAN_POINT('Ctrl Pts',(217.107184548164,2.22264723644421,11.3089156777702));
#1827=CARTESIAN_POINT('Ctrl Pts',(217.61140803327,1.73568070564026,11.4666116021344));
#1828=CARTESIAN_POINT('Ctrl Pts',(217.831602918511,1.42505315993614,11.5435182838158));
#1829=CARTESIAN_POINT('Ctrl Pts',(218.125982274315,0.736157615854102,11.6499472456515));
#1830=CARTESIAN_POINT('Ctrl Pts',(218.2,0.357679933701075,11.678571428571));
#1831=CARTESIAN_POINT('Ctrl Pts',(218.2,-0.357679933682749,11.6785714285716));
#1832=CARTESIAN_POINT('Ctrl Pts',(218.125982274315,-0.736157615835804,11.6499472456527));
#1833=CARTESIAN_POINT('Ctrl Pts',(217.831602918511,-1.42505315991792,11.5435182838181));
#1834=CARTESIAN_POINT('Ctrl Pts',(217.61140803327,-1.7356807056221,11.4666116021373));
#1835=CARTESIAN_POINT('Ctrl Pts',(217.107184548165,-2.22264723642621,11.3089156777738));
#1836=CARTESIAN_POINT('Ctrl Pts',(216.788514888466,-2.43119046731424,11.2174695047595));
#1837=CARTESIAN_POINT('Ctrl Pts',(216.090798924546,-2.70031192764209,11.0531743572703));
#1838=CARTESIAN_POINT('Ctrl Pts',(215.711468190948,-2.76077492532249,10.9813462508375));
#1839=CARTESIAN_POINT('Ctrl Pts',(215.020028731326,-2.736691234141,10.8855501939273));
#1840=CARTESIAN_POINT('Ctrl Pts',(214.663284046592,-2.65931932603562,10.8531258102989));
#1841=CARTESIAN_POINT('Ctrl Pts',(214.008092859474,-2.36892481133528,10.8244009459217));
#1842=CARTESIAN_POINT('Ctrl Pts',(213.709701228906,-2.15587162320664,10.8271656868594));
#1843=CARTESIAN_POINT('Ctrl Pts',(213.239613404271,-1.67062618105904,10.8446580028645));
#1844=CARTESIAN_POINT('Ctrl Pts',(213.036022593747,-1.36541829696616,10.8604231797577));
#1845=CARTESIAN_POINT('Ctrl Pts',(212.766207673755,-0.699223016760969,10.8849575527163));
#1846=CARTESIAN_POINT('Ctrl Pts',(212.7,-0.338197222977359,10.8928571428573));
#1847=CARTESIAN_POINT('Ctrl Pts',(212.7,8.53241088893952E-12,10.892857142857));
#1848=CARTESIAN_POINT('Ctrl Pts',(212.7,8.52921899774373E-12,10.892857142857));
#1849=CARTESIAN_POINT('Ctrl Pts',(212.7,0.33819722299445,10.8928571428568));
#1850=CARTESIAN_POINT('Ctrl Pts',(212.766207673754,0.699223016778089,10.8849575527152));
#1851=CARTESIAN_POINT('Ctrl Pts',(213.036022593747,1.36541829698336,10.8604231797555));
#1852=CARTESIAN_POINT('Ctrl Pts',(213.239613404271,1.67062618107629,10.8446580028618));
#1853=CARTESIAN_POINT('Ctrl Pts',(213.709701228905,2.15587162322397,10.8271656868558));
#1854=CARTESIAN_POINT('Ctrl Pts',(214.008092859474,2.36892481135266,10.8244009459178));
#1855=CARTESIAN_POINT('Ctrl Pts',(214.663284046591,2.65931932605311,10.8531258102945));
#1856=CARTESIAN_POINT('Ctrl Pts',(215.020028731325,2.73669123415856,10.8855501939228));
#1857=CARTESIAN_POINT('Ctrl Pts',(215.354272151899,2.74833334571087,10.931858227538));
#1858=CARTESIAN_POINT('Origin',(215.45,8.83182416089312E-12,6.));
#1859=CARTESIAN_POINT('',(213.85,8.83160776099193E-12,6.));
#1860=CARTESIAN_POINT('Origin',(215.45,8.8318037044798E-12,6.));
#1861=CARTESIAN_POINT('Origin',(205.45,8.38798323819134E-12,-5.));
#1862=CARTESIAN_POINT('',(202.7,8.38764646032158E-12,-5.));
#1863=CARTESIAN_POINT('Origin',(205.45,8.38798323819134E-12,-5.));
#1864=CARTESIAN_POINT('',(202.7,8.21993277872993E-12,-9.46428571428561));
#1865=CARTESIAN_POINT('',(202.7,8.38832001606111E-12,-5.));
#1866=CARTESIAN_POINT('',(205.340398550725,-2.74781504513507,-9.45009785489382));
#1867=CARTESIAN_POINT('Ctrl Pts',(205.340398550725,-2.74781504513507,-9.45009785489382));
#1868=CARTESIAN_POINT('Ctrl Pts',(205.699720939239,-2.76214725232191,-9.49938820310415));
#1869=CARTESIAN_POINT('Ctrl Pts',(206.080787841327,-2.70280861316981,-9.57422217034054));
#1870=CARTESIAN_POINT('Ctrl Pts',(206.781299241514,-2.4353052702685,-9.74890308967831));
#1871=CARTESIAN_POINT('Ctrl Pts',(207.101097926181,-2.22727573155629,-9.84753433921572));
#1872=CARTESIAN_POINT('Ctrl Pts',(207.607367463864,-1.74079708156988,-10.0183972395111));
#1873=CARTESIAN_POINT('Ctrl Pts',(207.828769219433,-1.43007106001365,-10.1022347922555));
#1874=CARTESIAN_POINT('Ctrl Pts',(208.125184072614,-0.739619268521508,-10.2185413973819));
#1875=CARTESIAN_POINT('Ctrl Pts',(208.2,-0.359639049237892,-10.2500000000002));
#1876=CARTESIAN_POINT('Ctrl Pts',(208.2,0.359639049255415,-10.2499999999996));
#1877=CARTESIAN_POINT('Ctrl Pts',(208.125184072614,0.739619268538988,-10.2185413973806));
#1878=CARTESIAN_POINT('Ctrl Pts',(207.828769219432,1.43007106003104,-10.102234792253));
#1879=CARTESIAN_POINT('Ctrl Pts',(207.607367463863,1.74079708158721,-10.018397239508));
#1880=CARTESIAN_POINT('Ctrl Pts',(207.101097926181,2.22727573157343,-9.84753433921177));
#1881=CARTESIAN_POINT('Ctrl Pts',(206.781299241514,2.43530527028557,-9.74890308967397));
#1882=CARTESIAN_POINT('Ctrl Pts',(206.080787841326,2.70280861318672,-9.57422217033569));
#1883=CARTESIAN_POINT('Ctrl Pts',(205.699720939239,2.76214725233875,-9.49938820309916));
#1884=CARTESIAN_POINT('Ctrl Pts',(205.007528695165,2.73453794389495,-9.40443615493999));
#1885=CARTESIAN_POINT('Ctrl Pts',(204.652422799996,2.65589894218978,-9.37525427581774));
#1886=CARTESIAN_POINT('Ctrl Pts',(204.000769244481,2.36424587755044,-9.35703711878202));
#1887=CARTESIAN_POINT('Ctrl Pts',(203.704260496279,2.15121508087032,-9.36689464983276));
#1888=CARTESIAN_POINT('Ctrl Pts',(203.236941247959,1.66688887739223,-9.39733849366072));
#1889=CARTESIAN_POINT('Ctrl Pts',(203.034402126717,1.36229911601971,-9.41985931263323));
#1890=CARTESIAN_POINT('Ctrl Pts',(202.765916586786,0.697616119181272,-9.45382143656797));
#1891=CARTESIAN_POINT('Ctrl Pts',(202.7,0.337461273085972,-9.46428571428532));
#1892=CARTESIAN_POINT('Ctrl Pts',(202.7,8.05147615245971E-12,-9.46428571428561));
#1893=CARTESIAN_POINT('Ctrl Pts',(202.7,8.05237820866722E-12,-9.46428571428561));
#1894=CARTESIAN_POINT('Ctrl Pts',(202.7,-0.337461273069824,-9.4642857142859));
#1895=CARTESIAN_POINT('Ctrl Pts',(202.765916586786,-0.697616119165078,-9.45382143656918));
#1896=CARTESIAN_POINT('Ctrl Pts',(203.034402126717,-1.36229911600342,-9.41985931263563));
#1897=CARTESIAN_POINT('Ctrl Pts',(203.236941247959,-1.6668888773759,-9.39733849366366));
#1898=CARTESIAN_POINT('Ctrl Pts',(203.704260496279,-2.15121508085392,-9.36689464983659));
#1899=CARTESIAN_POINT('Ctrl Pts',(204.000769244481,-2.36424587753396,-9.35703711878625));
#1900=CARTESIAN_POINT('Ctrl Pts',(204.652422799997,-2.65589894217319,-9.37525427582252));
#1901=CARTESIAN_POINT('Ctrl Pts',(205.007528695166,-2.73453794387828,-9.40443615494493));
#1902=CARTESIAN_POINT('Ctrl Pts',(205.340398550725,-2.74781504513507,-9.45009785489382));
#1903=CARTESIAN_POINT('Origin',(205.45,8.38773495104306E-12,-5.));
#1904=CARTESIAN_POINT('',(203.85,8.38778729470348E-12,-5.));
#1905=CARTESIAN_POINT('Origin',(205.45,8.38798323819134E-12,-5.));
#1906=CARTESIAN_POINT('Origin',(205.45,8.38798323819134E-12,3.));
#1907=CARTESIAN_POINT('',(203.45,8.38773830883151E-12,3.));
#1908=CARTESIAN_POINT('Origin',(205.45,8.38798323819134E-12,3.));
#1909=CARTESIAN_POINT('',(203.45,8.26271510902364E-12,9.57142857142847));
#1910=CARTESIAN_POINT('',(203.45,8.38773830883151E-12,3.));
#1911=CARTESIAN_POINT('',(205.392028985507,1.99915966383682,9.6438285562812));
#1912=CARTESIAN_POINT('Ctrl Pts',(205.392028985507,1.99915966383682,9.6438285562812));
#1913=CARTESIAN_POINT('Ctrl Pts',(205.650099512658,2.00664311327828,9.67992827594268));
#1914=CARTESIAN_POINT('Ctrl Pts',(205.924532123084,1.96170782382245,9.72972190613142));
#1915=CARTESIAN_POINT('Ctrl Pts',(206.429579611347,1.76462536899815,9.84069354497003));
#1916=CARTESIAN_POINT('Ctrl Pts',(206.660350279155,1.61254387856332,9.90127831116616));
#1917=CARTESIAN_POINT('Ctrl Pts',(207.025279623902,1.25804324613096,10.0050433423688));
#1918=CARTESIAN_POINT('Ctrl Pts',(207.184401880704,1.03225546956183,10.0552043766032));
#1919=CARTESIAN_POINT('Ctrl Pts',(207.396810878246,0.532568042338166,10.1243878050632));
#1920=CARTESIAN_POINT('Ctrl Pts',(207.45,0.25855048764531,10.1428571428568));
#1921=CARTESIAN_POINT('Ctrl Pts',(207.45,-0.258550487627995,10.1428571428573));
#1922=CARTESIAN_POINT('Ctrl Pts',(207.396810878246,-0.532568042320854,10.1243878050641));
#1923=CARTESIAN_POINT('Ctrl Pts',(207.184401880704,-1.0322554695446,10.055204376605));
#1924=CARTESIAN_POINT('Ctrl Pts',(207.025279623902,-1.25804324611378,10.0050433423711));
#1925=CARTESIAN_POINT('Ctrl Pts',(206.660350279156,-1.61254387854626,9.90127831116899));
#1926=CARTESIAN_POINT('Ctrl Pts',(206.429579611347,-1.76462536898115,9.84069354497314));
#1927=CARTESIAN_POINT('Ctrl Pts',(205.924532123085,-1.96170782380557,9.72972190613489));
#1928=CARTESIAN_POINT('Ctrl Pts',(205.650099512658,-2.00664311326146,9.67992827594623));
#1929=CARTESIAN_POINT('Ctrl Pts',(205.147725348892,-1.9920754224185,9.60965459271173));
#1930=CARTESIAN_POINT('Ctrl Pts',(204.886873271337,-1.93685210532741,9.58344805802376));
#1931=CARTESIAN_POINT('Ctrl Pts',(204.40742287169,-1.72671379739356,9.55393920916101));
#1932=CARTESIAN_POINT('Ctrl Pts',(204.188871676942,-1.57176865571331,9.55008846954872));
#1933=CARTESIAN_POINT('Ctrl Pts',(203.844729933893,-1.21817046453226,9.55204627084854));
#1934=CARTESIAN_POINT('Ctrl Pts',(203.695787392498,-0.995724246011956,9.55787531660928));
#1935=CARTESIAN_POINT('Ctrl Pts',(203.498420356307,-0.509966223814403,9.56783456704038));
#1936=CARTESIAN_POINT('Ctrl Pts',(203.45,-0.246641893256209,9.57142857142868));
#1937=CARTESIAN_POINT('Ctrl Pts',(203.45,8.13921846587462E-12,9.57142857142847));
#1938=CARTESIAN_POINT('Ctrl Pts',(203.45,8.13869804883183E-12,9.57142857142847));
#1939=CARTESIAN_POINT('Ctrl Pts',(203.45,0.246641893272502,9.57142857142825));
#1940=CARTESIAN_POINT('Ctrl Pts',(203.498420356307,0.509966223830712,9.5678345670395));
#1941=CARTESIAN_POINT('Ctrl Pts',(203.695787392497,0.995724246028329,9.55787531660755));
#1942=CARTESIAN_POINT('Ctrl Pts',(203.844729933893,1.21817046454868,9.5520462708464));
#1943=CARTESIAN_POINT('Ctrl Pts',(204.188871676942,1.5717686557298,9.55008846954595));
#1944=CARTESIAN_POINT('Ctrl Pts',(204.40742287169,1.72671379741011,9.55393920915797));
#1945=CARTESIAN_POINT('Ctrl Pts',(204.886873271337,1.93685210534405,9.58344805802033));
#1946=CARTESIAN_POINT('Ctrl Pts',(205.147725348891,1.9920754224352,9.60965459270819));
#1947=CARTESIAN_POINT('Ctrl Pts',(205.392028985507,1.99915966383682,9.6438285562812));
#1948=CARTESIAN_POINT('Origin',(205.45,8.38801250679921E-12,3.));
#1949=CARTESIAN_POINT('',(203.85,8.38778729470348E-12,3.));
#1950=CARTESIAN_POINT('Origin',(205.45,8.38798323819134E-12,3.));
#1951=CARTESIAN_POINT('Origin',(215.45,8.8318037044798E-12,-3.));
#1952=CARTESIAN_POINT('',(213.45,8.83155877511997E-12,-3.));
#1953=CARTESIAN_POINT('Origin',(215.45,8.8318037044798E-12,-3.));
#1954=CARTESIAN_POINT('',(213.45,8.72646521002698E-12,-10.9999999999999));
#1955=CARTESIAN_POINT('',(213.45,8.83204863383963E-12,-3.));
#1956=CARTESIAN_POINT('',(215.399367088608,-1.99935897433368,-11.0998512442574));
#1957=CARTESIAN_POINT('Ctrl Pts',(215.399367088608,-1.99935897433368,-11.0998512442574));
#1958=CARTESIAN_POINT('Ctrl Pts',(215.656400675514,-2.00586824005215,-11.1359887673895));
#1959=CARTESIAN_POINT('Ctrl Pts',(215.929931949494,-1.9603176805423,-11.1842761187651));
#1960=CARTESIAN_POINT('Ctrl Pts',(216.433461558522,-1.76238019070181,-11.2899759863386));
#1961=CARTESIAN_POINT('Ctrl Pts',(216.663587237524,-1.61004726551164,-11.3468823463504));
#1962=CARTESIAN_POINT('Ctrl Pts',(217.027363271506,-1.25536707182569,-11.4438293765675));
#1963=CARTESIAN_POINT('Ctrl Pts',(217.185839876472,-1.02967880996895,-11.4903788807636));
#1964=CARTESIAN_POINT('Ctrl Pts',(217.397200157709,-0.530839086936737,-11.5544221378878));
#1965=CARTESIAN_POINT('Ctrl Pts',(217.45,-0.257589668108309,-11.5714285714287));
#1966=CARTESIAN_POINT('Ctrl Pts',(217.45,0.257589668126434,-11.5714285714283));
#1967=CARTESIAN_POINT('Ctrl Pts',(217.397200157709,0.530839086954868,-11.554422137887));
#1968=CARTESIAN_POINT('Ctrl Pts',(217.185839876472,1.02967880998702,-11.4903788807619));
#1969=CARTESIAN_POINT('Ctrl Pts',(217.027363271505,1.2553670718437,-11.4438293765655));
#1970=CARTESIAN_POINT('Ctrl Pts',(216.663587237524,1.61004726552955,-11.3468823463478));
#1971=CARTESIAN_POINT('Ctrl Pts',(216.433461558522,1.76238019071962,-11.2899759863358));
#1972=CARTESIAN_POINT('Ctrl Pts',(215.929931949494,1.96031768056003,-11.184276118762));
#1973=CARTESIAN_POINT('Ctrl Pts',(215.656400675513,2.00586824006986,-11.1359887673862));
#1974=CARTESIAN_POINT('Ctrl Pts',(215.154263365377,1.99315182733092,-11.0653909950134));
#1975=CARTESIAN_POINT('Ctrl Pts',(214.892515165036,1.93857978378226,-11.0375760540534));
#1976=CARTESIAN_POINT('Ctrl Pts',(214.41121989459,1.72910862177511,-11.002731810212));
#1977=CARTESIAN_POINT('Ctrl Pts',(214.19172148178,1.57417640011392,-10.9952310399801));
#1978=CARTESIAN_POINT('Ctrl Pts',(213.846190696574,1.22018462512263,-10.9904589152132));
#1979=CARTESIAN_POINT('Ctrl Pts',(213.696699419566,0.997460416230468,-10.9927540491042));
#1980=CARTESIAN_POINT('Ctrl Pts',(213.49860354757,0.510922789306746,-10.9977609483814));
#1981=CARTESIAN_POINT('Ctrl Pts',(213.45,0.247104195009938,-10.9999999999997));
#1982=CARTESIAN_POINT('Ctrl Pts',(213.45,8.61657967199392E-12,-10.9999999999999));
#1983=CARTESIAN_POINT('Ctrl Pts',(213.45,8.61824500653086E-12,-10.9999999999999));
#1984=CARTESIAN_POINT('Ctrl Pts',(213.45,-0.247104194992693,-11.0000000000001));
#1985=CARTESIAN_POINT('Ctrl Pts',(213.498603547571,-0.510922789289478,-10.9977609483823));
#1986=CARTESIAN_POINT('Ctrl Pts',(213.696699419567,-0.997460416213138,-10.9927540491058));
#1987=CARTESIAN_POINT('Ctrl Pts',(213.846190696575,-1.22018462510527,-10.9904589152151));
#1988=CARTESIAN_POINT('Ctrl Pts',(214.19172148178,-1.57417640009649,-10.9952310399826));
#1989=CARTESIAN_POINT('Ctrl Pts',(214.41121989459,-1.72910862175765,-11.0027318102148));
#1990=CARTESIAN_POINT('Ctrl Pts',(214.892515165036,-1.93857978376471,-11.0375760540565));
#1991=CARTESIAN_POINT('Ctrl Pts',(215.154263365378,-1.99315182731332,-11.0653909950167));
#1992=CARTESIAN_POINT('Ctrl Pts',(215.399367088608,-1.99935897433368,-11.0998512442574));
#1993=CARTESIAN_POINT('Origin',(215.45,8.83182416089312E-12,-3.));
#1994=CARTESIAN_POINT('',(213.85,8.83160776099193E-12,-3.));
#1995=CARTESIAN_POINT('Origin',(215.45,8.8318037044798E-12,-3.));
#1996=CARTESIAN_POINT('Origin',(215.45,8.8318037044798E-12,0.));
#1997=CARTESIAN_POINT('',(213.85,8.83160776099193E-12,2.25));
#1998=CARTESIAN_POINT('Origin',(215.45,8.8318037044798E-12,2.25));
#1999=CARTESIAN_POINT('',(213.85,8.83160776099193E-12,0.));
#2000=CARTESIAN_POINT('Origin',(215.45,8.8318037044798E-12,0.));
#2001=CARTESIAN_POINT('',(213.85,8.83199964796766E-12,-2.25));
#2002=CARTESIAN_POINT('',(213.85,8.83160776099193E-12,0.));
#2003=CARTESIAN_POINT('Origin',(215.45,8.8318037044798E-12,-2.25));
#2004=CARTESIAN_POINT('Origin',(205.45,8.38798323819134E-12,0.));
#2005=CARTESIAN_POINT('',(203.85,8.38778729470348E-12,2.25));
#2006=CARTESIAN_POINT('Origin',(205.45,8.38798323819134E-12,2.25));
#2007=CARTESIAN_POINT('',(203.85,8.38778729470348E-12,0.));
#2008=CARTESIAN_POINT('Origin',(205.45,8.38798323819134E-12,0.));
#2009=CARTESIAN_POINT('',(203.85,8.3881791816792E-12,-2.25));
#2010=CARTESIAN_POINT('',(203.85,8.38778729470348E-12,0.));
#2011=CARTESIAN_POINT('Origin',(205.45,8.38798323819134E-12,-2.25));
#2012=CARTESIAN_POINT('Origin',(199.450000000001,0.,0.));
#2013=CARTESIAN_POINT('',(222.450000000001,-3.99718651053463,-0.15));
#2014=CARTESIAN_POINT('',(199.450000000001,-3.99718651053463,-0.15));
#2015=CARTESIAN_POINT('',(199.450000000001,-3.99718651053463,-0.15));
#2016=CARTESIAN_POINT('',(222.450000000001,-3.30718913883074,-2.25));
#2017=CARTESIAN_POINT('Origin',(222.450000000001,0.,0.));
#2018=CARTESIAN_POINT('',(199.450000000001,-3.30718913883074,-2.25));
#2019=CARTESIAN_POINT('',(199.450000000001,-3.30718913883074,-2.25));
#2020=CARTESIAN_POINT('Origin',(199.450000000001,0.,0.));
#2021=CARTESIAN_POINT('Origin',(199.450000000001,0.,0.));
#2022=CARTESIAN_POINT('',(199.450000000001,-3.99718651053463,0.15));
#2023=CARTESIAN_POINT('',(222.450000000001,-3.99718651053463,0.15));
#2024=CARTESIAN_POINT('',(199.450000000001,-3.99718651053463,0.15));
#2025=CARTESIAN_POINT('',(199.450000000001,-3.30718913883074,2.25));
#2026=CARTESIAN_POINT('Origin',(199.450000000001,0.,0.));
#2027=CARTESIAN_POINT('',(222.450000000001,-3.30718913883074,2.25));
#2028=CARTESIAN_POINT('',(199.450000000001,-3.30718913883074,2.25));
#2029=CARTESIAN_POINT('Origin',(222.450000000001,0.,0.));
#2030=CARTESIAN_POINT('Origin',(222.450000000001,0.,-5.55111512312578E-16));
#2031=CARTESIAN_POINT('',(222.450000000001,3.99718651053463,-0.15));
#2032=CARTESIAN_POINT('',(222.450000000001,-8.1326676521117,-0.15));
#2033=CARTESIAN_POINT('',(222.450000000001,3.30718913883074,-2.25));
#2034=CARTESIAN_POINT('Origin',(222.450000000001,0.,0.));
#2035=CARTESIAN_POINT('',(222.450000000001,3.30718913883074,-2.25));
#2036=CARTESIAN_POINT('Origin',(222.450000000001,0.,-5.55111512312578E-16));
#2037=CARTESIAN_POINT('',(222.450000000001,3.99718651053463,0.15));
#2038=CARTESIAN_POINT('',(222.450000000001,6.90839868310516,0.15));
#2039=CARTESIAN_POINT('',(222.450000000001,3.30718913883074,2.25));
#2040=CARTESIAN_POINT('',(222.450000000001,3.30718913883074,2.25));
#2041=CARTESIAN_POINT('Origin',(222.450000000001,0.,0.));
#2042=CARTESIAN_POINT('Origin',(199.450000000001,0.,0.));
#2043=CARTESIAN_POINT('',(199.450000000001,3.99718651053463,-0.15));
#2044=CARTESIAN_POINT('',(199.450000000001,3.99718651053463,-0.15));
#2045=CARTESIAN_POINT('',(199.450000000001,3.30718913883074,-2.25));
#2046=CARTESIAN_POINT('Origin',(199.450000000001,0.,0.));
#2047=CARTESIAN_POINT('',(199.450000000001,3.30718913883074,-2.25));
#2048=CARTESIAN_POINT('Origin',(199.450000000001,-3.30718913883074,-2.25));
#2049=CARTESIAN_POINT('',(199.450000000001,2.84640543058463,-2.25));
#2050=CARTESIAN_POINT('Origin',(199.450000000001,3.30718913883074,2.25));
#2051=CARTESIAN_POINT('',(199.450000000001,3.30718913883074,2.25));
#2052=CARTESIAN_POINT('',(199.450000000001,6.15359456941537,2.25));
#2053=CARTESIAN_POINT('',(199.450000000001,3.30718913883074,2.25));
#2054=CARTESIAN_POINT('Origin',(199.450000000001,0.,0.));
#2055=CARTESIAN_POINT('',(199.450000000001,3.99718651053463,0.15));
#2056=CARTESIAN_POINT('',(199.450000000001,3.99718651053463,0.15));
#2057=CARTESIAN_POINT('Origin',(199.450000000001,0.,0.));
#2058=CARTESIAN_POINT('Origin',(199.450000000001,13.8167973662103,0.15));
#2059=CARTESIAN_POINT('',(199.450000000001,8.99874991318238,0.15));
#2060=CARTESIAN_POINT('',(199.450000000001,11.4083986831052,0.15));
#2061=CARTESIAN_POINT('',(224.450000000001,12.5705336532118,0.15));
#2062=CARTESIAN_POINT('Ctrl Pts',(224.450000000001,12.5705336532118,0.15));
#2063=CARTESIAN_POINT('Ctrl Pts',(209.880051936509,10.4889643212822,0.15));
#2064=CARTESIAN_POINT('Ctrl Pts',(199.450000000001,8.99874991318238,0.15));
#2065=CARTESIAN_POINT('',(224.450000000001,-12.5705336532118,0.15));
#2066=CARTESIAN_POINT('',(224.450000000001,13.8167973662103,0.15));
#2067=CARTESIAN_POINT('',(199.450000000001,-8.99874991318238,0.15));
#2068=CARTESIAN_POINT('Ctrl Pts',(199.450000000001,-8.99874991318238,0.15));
#2069=CARTESIAN_POINT('Ctrl Pts',(209.880051936509,-10.4889643212822,0.15));
#2070=CARTESIAN_POINT('Ctrl Pts',(224.450000000001,-12.5705336532118,0.15));
#2071=CARTESIAN_POINT('',(199.450000000001,11.4083986831052,0.15));
#2072=CARTESIAN_POINT('Origin',(199.450000000001,9.,0.));
#2073=CARTESIAN_POINT('',(199.450000000001,8.99874991318238,-0.15));
#2074=CARTESIAN_POINT('',(199.450000000001,-3.6326676521117,-0.15));
#2075=CARTESIAN_POINT('',(199.450000000001,-8.99874991318238,-0.15));
#2076=CARTESIAN_POINT('Origin',(199.450000000001,0.,0.));
#2077=CARTESIAN_POINT('',(199.450000000001,-3.6326676521117,-0.15));
#2078=CARTESIAN_POINT('Origin',(199.450000000001,-16.2653353042234,-0.15));
#2079=CARTESIAN_POINT('',(224.450000000001,-12.5705336532118,-0.15));
#2080=CARTESIAN_POINT('Ctrl Pts',(224.450000000001,-12.5705336532118,-0.15));
#2081=CARTESIAN_POINT('Ctrl Pts',(209.880051936509,-10.4889643212822,-0.15));
#2082=CARTESIAN_POINT('Ctrl Pts',(199.450000000001,-8.99874991318238,-0.15));
#2083=CARTESIAN_POINT('',(224.450000000001,12.5705336532118,-0.15));
#2084=CARTESIAN_POINT('',(224.450000000001,-16.2653353042234,-0.15));
#2085=CARTESIAN_POINT('Ctrl Pts',(199.450000000001,8.99874991318238,-0.15));
#2086=CARTESIAN_POINT('Ctrl Pts',(209.880051936509,10.4889643212822,-0.15));
#2087=CARTESIAN_POINT('Ctrl Pts',(224.450000000001,12.5705336532118,-0.15));
#2088=CARTESIAN_POINT('Origin',(224.450000000001,-1.22426896900654,0.));
#2089=CARTESIAN_POINT('Origin',(224.450000000001,0.,0.));
#2090=CARTESIAN_POINT('',(224.450000000001,-12.5714285714286,-1.53955597607096E-15));
#2091=CARTESIAN_POINT('Origin',(224.450000000001,0.,0.));
#2092=CARTESIAN_POINT('Origin',(224.450000000001,0.,0.));
#2093=CARTESIAN_POINT('Origin',(199.450000000001,9.,0.));
#2094=CARTESIAN_POINT('Origin',(199.450000000001,0.,0.));
#2095=CARTESIAN_POINT('Ctrl Pts',(231.450000000004,0.,-0.921572875253812));
#2096=CARTESIAN_POINT('Ctrl Pts',(231.450000000004,0.921572875253812,-0.921572875253812));
#2097=CARTESIAN_POINT('Ctrl Pts',(231.450000000004,0.921572875253812,0.));
#2098=CARTESIAN_POINT('Ctrl Pts',(231.450000000004,0.921572875253812,0.921572875253812));
#2099=CARTESIAN_POINT('Ctrl Pts',(231.450000000004,0.,0.921572875253812));
#2100=CARTESIAN_POINT('Ctrl Pts',(231.450000000004,-0.921572875253812,0.921572875253812));
#2101=CARTESIAN_POINT('Ctrl Pts',(231.450000000004,-0.921572875253812,0.));
#2102=CARTESIAN_POINT('Ctrl Pts',(231.450000000004,-0.921572875253812,-0.921572875253812));
#2103=CARTESIAN_POINT('Ctrl Pts',(231.450000000004,0.,-0.921572875253812));
#2104=CARTESIAN_POINT('Ctrl Pts',(231.450000000004,0.,-3.04289321881344));
#2105=CARTESIAN_POINT('Ctrl Pts',(231.450000000004,3.04289321881344,-3.04289321881344));
#2106=CARTESIAN_POINT('Ctrl Pts',(231.450000000004,3.04289321881344,0.));
#2107=CARTESIAN_POINT('Ctrl Pts',(231.450000000004,3.04289321881344,3.04289321881344));
#2108=CARTESIAN_POINT('Ctrl Pts',(231.450000000004,0.,3.04289321881344));
#2109=CARTESIAN_POINT('Ctrl Pts',(231.450000000004,-3.04289321881344,3.04289321881344));
#2110=CARTESIAN_POINT('Ctrl Pts',(231.450000000004,-3.04289321881344,0.));
#2111=CARTESIAN_POINT('Ctrl Pts',(231.450000000004,-3.04289321881344,-3.04289321881344));
#2112=CARTESIAN_POINT('Ctrl Pts',(231.450000000004,0.,-3.04289321881344));
#2113=CARTESIAN_POINT('Ctrl Pts',(233.450000000004,0.,-3.75));
#2114=CARTESIAN_POINT('Ctrl Pts',(233.450000000004,3.75,-3.75));
#2115=CARTESIAN_POINT('Ctrl Pts',(233.450000000004,3.75,0.));
#2116=CARTESIAN_POINT('Ctrl Pts',(233.450000000004,3.75,3.75));
#2117=CARTESIAN_POINT('Ctrl Pts',(233.450000000004,0.,3.75));
#2118=CARTESIAN_POINT('Ctrl Pts',(233.450000000004,-3.75,3.75));
#2119=CARTESIAN_POINT('Ctrl Pts',(233.450000000004,-3.75,0.));
#2120=CARTESIAN_POINT('Ctrl Pts',(233.450000000004,-3.75,-3.75));
#2121=CARTESIAN_POINT('Ctrl Pts',(233.450000000004,0.,-3.75));
#2122=CARTESIAN_POINT('',(233.450000000004,4.59242549680257E-16,-3.75));
#2123=CARTESIAN_POINT('Origin',(233.450000000004,0.,0.));
#2124=CARTESIAN_POINT('',(231.450000000004,-1.1286012718606E-16,-0.921572875253812));
#2125=CARTESIAN_POINT('Origin',(234.450000000004,1.1286012718606E-16,-0.921572875253812));
#2126=CARTESIAN_POINT('Origin',(231.450000000004,0.,0.));
#2127=CARTESIAN_POINT('Origin',(231.450000000004,0.,0.));
#2128=CARTESIAN_POINT('Origin',(230.450000000003,0.,0.));
#2129=CARTESIAN_POINT('',(233.450000000004,-13.,-1.59204083889156E-15));
#2130=CARTESIAN_POINT('Origin',(233.450000000004,0.,0.));
#2131=CARTESIAN_POINT('',(227.450000000001,-13.,-1.59204083889156E-15));
#2132=CARTESIAN_POINT('',(230.450000000003,-13.,-1.59204083889156E-15));
#2133=CARTESIAN_POINT('Origin',(227.450000000001,0.,0.));
#2134=CARTESIAN_POINT('Origin',(233.450000000004,0.,0.));
#2135=CARTESIAN_POINT('Origin',(213.450000000001,0.,0.));
#2136=CARTESIAN_POINT('',(213.450000000001,-11.,-1.34711147906209E-15));
#2137=UNCERTAINTY_MEASURE_WITH_UNIT(LENGTH_MEASURE(0.01),#2141,
'DISTANCE_ACCURACY_VALUE',
'Maximum model space distance between geometric entities at asserted c
onnectivities');
#2138=UNCERTAINTY_MEASURE_WITH_UNIT(LENGTH_MEASURE(0.01),#2141,
'DISTANCE_ACCURACY_VALUE',
'Maximum model space distance between geometric entities at asserted c
onnectivities');
#2139=(
GEOMETRIC_REPRESENTATION_CONTEXT(3)
GLOBAL_UNCERTAINTY_ASSIGNED_CONTEXT((#2137))
GLOBAL_UNIT_ASSIGNED_CONTEXT((#2141,#2143,#2144))
REPRESENTATION_CONTEXT('','3D')
);
#2140=(
GEOMETRIC_REPRESENTATION_CONTEXT(3)
GLOBAL_UNCERTAINTY_ASSIGNED_CONTEXT((#2138))
GLOBAL_UNIT_ASSIGNED_CONTEXT((#2141,#2143,#2144))
REPRESENTATION_CONTEXT('','3D')
);
#2141=(
LENGTH_UNIT()
NAMED_UNIT(*)
SI_UNIT(.MILLI.,.METRE.)
);
#2142=(
LENGTH_UNIT()
NAMED_UNIT(*)
SI_UNIT($,.METRE.)
);
#2143=(
NAMED_UNIT(*)
PLANE_ANGLE_UNIT()
SI_UNIT($,.RADIAN.)
);
#2144=(
NAMED_UNIT(*)
SI_UNIT($,.STERADIAN.)
SOLID_ANGLE_UNIT()
);
#2145=SHAPE_DEFINITION_REPRESENTATION(#2146,#2147);
#2146=PRODUCT_DEFINITION_SHAPE('',$,#2149);
#2147=SHAPE_REPRESENTATION('',(#729),#2139);
#2148=PRODUCT_DEFINITION_CONTEXT('part definition',#2153,'design');
#2149=PRODUCT_DEFINITION('16x16 Motor Mount','16x16 Motor Mount',#2150,
#2148);
#2150=PRODUCT_DEFINITION_FORMATION('',$,#2155);
#2151=PRODUCT_RELATED_PRODUCT_CATEGORY('16x16 Motor Mount',
'16x16 Motor Mount',(#2155));
#2152=APPLICATION_PROTOCOL_DEFINITION('international standard',
'automotive_design',2009,#2153);
#2153=APPLICATION_CONTEXT(
'Core Data for Automotive Mechanical Design Process');
#2154=PRODUCT_CONTEXT('part definition',#2153,'mechanical');
#2155=PRODUCT('16x16 Motor Mount','16x16 Motor Mount',$,(#2154));
#2156=PRESENTATION_STYLE_ASSIGNMENT((#2157));
#2157=SURFACE_STYLE_USAGE(.BOTH.,#2158);
#2158=SURFACE_SIDE_STYLE('',(#2159));
#2159=SURFACE_STYLE_FILL_AREA(#2160);
#2160=FILL_AREA_STYLE('Steel - Satin',(#2161));
#2161=FILL_AREA_STYLE_COLOUR('Steel - Satin',#2162);
#2162=COLOUR_RGB('Steel - Satin',0.627450980392157,0.627450980392157,0.627450980392157);
ENDSEC;
END-ISO-10303-21;
