ISO-10303-21;
HEADER;
/* Generated by software containing ST-Developer
 * from STEP Tools, Inc. (www.steptools.com) 
 */

FILE_DESCRIPTION(
/* description */ (''),
/* implementation_level */ '2;1');

FILE_NAME(
/* name */ '19x19 Motor Mount.step',
/* time_stamp */ '2025-05-01T08:39:48+01:00',
/* author */ (''),
/* organization */ (''),
/* preprocessor_version */ 'ST-DEVELOPER v20.1',
/* originating_system */ 'Autodesk Translation Framework v14.4.0.0',
/* authorisation */ '');

FILE_SCHEMA (('AUTOMOTIVE_DESIGN { 1 0 10303 214 3 1 1 }'));
ENDSEC;

DATA;
#10=MECHANICAL_DESIGN_GEOMETRIC_PRESENTATION_REPRESENTATION('',(#13),#5741);
#11=SHAPE_REPRESENTATION_RELATIONSHIP('SRR','None',#5748,#12);
#12=ADVANCED_BREP_SHAPE_REPRESENTATION('',(#14),#5740);
#13=STYLED_ITEM('',(#5757),#14);
#14=MANIFOLD_SOLID_BREP('Body1',#1019);
#15=TOROIDAL_SURFACE('',#1080,8.76809524750221,3.);
#16=TOROIDAL_SURFACE('',#1112,8.76809524750221,3.);
#17=CONICAL_SURFACE('',#1046,13.,0.0934767811585895);
#18=CONICAL_SURFACE('',#1115,4.3,0.0872664625997165);
#19=FACE_BOUND('',#274,.T.);
#20=FACE_BOUND('',#276,.T.);
#21=FACE_BOUND('',#277,.T.);
#22=FACE_BOUND('',#279,.T.);
#23=FACE_BOUND('',#281,.T.);
#24=FACE_BOUND('',#286,.T.);
#25=FACE_BOUND('',#297,.T.);
#26=FACE_BOUND('',#298,.T.);
#27=FACE_BOUND('',#301,.T.);
#28=FACE_BOUND('',#302,.T.);
#29=FACE_BOUND('',#309,.T.);
#30=FACE_BOUND('',#312,.T.);
#31=FACE_BOUND('',#315,.T.);
#32=FACE_BOUND('',#318,.T.);
#33=FACE_BOUND('',#327,.T.);
#34=FACE_BOUND('',#328,.T.);
#35=FACE_BOUND('',#329,.T.);
#36=FACE_BOUND('',#330,.T.);
#37=FACE_BOUND('',#331,.T.);
#38=PLANE('',#1044);
#39=PLANE('',#1052);
#40=PLANE('',#1054);
#41=PLANE('',#1062);
#42=PLANE('',#1064);
#43=PLANE('',#1066);
#44=PLANE('',#1067);
#45=PLANE('',#1068);
#46=PLANE('',#1070);
#47=PLANE('',#1071);
#48=PLANE('',#1072);
#49=PLANE('',#1076);
#50=PLANE('',#1081);
#51=PLANE('',#1086);
#52=PLANE('',#1091);
#53=PLANE('',#1098);
#54=PLANE('',#1102);
#55=PLANE('',#1105);
#56=PLANE('',#1109);
#57=PLANE('',#1118);
#58=PLANE('',#1121);
#59=LINE('',#2316,#101);
#60=LINE('',#5375,#102);
#61=LINE('',#5379,#103);
#62=LINE('',#5383,#104);
#63=LINE('',#5407,#105);
#64=LINE('',#5430,#106);
#65=LINE('',#5470,#107);
#66=LINE('',#5474,#108);
#67=LINE('',#5560,#109);
#68=LINE('',#5564,#110);
#69=LINE('',#5568,#111);
#70=LINE('',#5575,#112);
#71=LINE('',#5578,#113);
#72=LINE('',#5581,#114);
#73=LINE('',#5583,#115);
#74=LINE('',#5607,#116);
#75=LINE('',#5608,#117);
#76=LINE('',#5611,#118);
#77=LINE('',#5614,#119);
#78=LINE('',#5617,#120);
#79=LINE('',#5619,#121);
#80=LINE('',#5643,#122);
#81=LINE('',#5644,#123);
#82=LINE('',#5649,#124);
#83=LINE('',#5657,#125);
#84=LINE('',#5662,#126);
#85=LINE('',#5664,#127);
#86=LINE('',#5665,#128);
#87=LINE('',#5672,#129);
#88=LINE('',#5676,#130);
#89=LINE('',#5677,#131);
#90=LINE('',#5687,#132);
#91=LINE('',#5691,#133);
#92=LINE('',#5696,#134);
#93=LINE('',#5703,#135);
#94=LINE('',#5708,#136);
#95=LINE('',#5715,#137);
#96=LINE('',#5718,#138);
#97=LINE('',#5720,#139);
#98=LINE('',#5724,#140);
#99=LINE('',#5730,#141);
#100=LINE('',#5736,#142);
#101=VECTOR('',#1130,14.5);
#102=VECTOR('',#1153,10.);
#103=VECTOR('',#1156,10.);
#104=VECTOR('',#1159,13.);
#105=VECTOR('',#1160,13.);
#106=VECTOR('',#1161,13.);
#107=VECTOR('',#1164,10.);
#108=VECTOR('',#1167,10.);
#109=VECTOR('',#1180,1.65);
#110=VECTOR('',#1185,1.65);
#111=VECTOR('',#1190,1.65);
#112=VECTOR('',#1199,10.);
#113=VECTOR('',#1202,10.);
#114=VECTOR('',#1205,10.);
#115=VECTOR('',#1206,10.);
#116=VECTOR('',#1209,10.);
#117=VECTOR('',#1210,10.);
#118=VECTOR('',#1213,10.);
#119=VECTOR('',#1216,10.);
#120=VECTOR('',#1219,10.);
#121=VECTOR('',#1220,10.);
#122=VECTOR('',#1223,10.);
#123=VECTOR('',#1224,10.);
#124=VECTOR('',#1229,10.);
#125=VECTOR('',#1240,10.);
#126=VECTOR('',#1247,10.);
#127=VECTOR('',#1248,10.);
#128=VECTOR('',#1249,10.);
#129=VECTOR('',#1256,10.);
#130=VECTOR('',#1261,10.);
#131=VECTOR('',#1262,10.);
#132=VECTOR('',#1275,1.6);
#133=VECTOR('',#1280,1.6);
#134=VECTOR('',#1287,3.00000000000001);
#135=VECTOR('',#1296,1.99999999999999);
#136=VECTOR('',#1303,1.99999999999999);
#137=VECTOR('',#1312,3.00000000000001);
#138=VECTOR('',#1317,1.6);
#139=VECTOR('',#1320,1.6);
#140=VECTOR('',#1325,1.65);
#141=VECTOR('',#1332,4.3);
#142=VECTOR('',#1341,4.3);
#143=CYLINDRICAL_SURFACE('',#1034,14.5);
#144=CYLINDRICAL_SURFACE('',#1056,1.65);
#145=CYLINDRICAL_SURFACE('',#1058,1.65);
#146=CYLINDRICAL_SURFACE('',#1060,1.65);
#147=CYLINDRICAL_SURFACE('',#1084,4.09999999999533);
#148=CYLINDRICAL_SURFACE('',#1089,4.09999999999533);
#149=CYLINDRICAL_SURFACE('',#1092,1.6);
#150=CYLINDRICAL_SURFACE('',#1094,1.6);
#151=CYLINDRICAL_SURFACE('',#1096,3.00000000000001);
#152=CYLINDRICAL_SURFACE('',#1100,1.99999999999999);
#153=CYLINDRICAL_SURFACE('',#1103,1.99999999999999);
#154=CYLINDRICAL_SURFACE('',#1107,3.00000000000001);
#155=CYLINDRICAL_SURFACE('',#1110,1.6);
#156=CYLINDRICAL_SURFACE('',#1111,1.6);
#157=CYLINDRICAL_SURFACE('',#1113,1.65);
#158=CYLINDRICAL_SURFACE('',#1119,4.3);
#159=CIRCLE('',#1033,3.25);
#160=CIRCLE('',#1035,14.5);
#161=CIRCLE('',#1036,14.5);
#162=CIRCLE('',#1037,14.5);
#163=CIRCLE('',#1038,14.5);
#164=CIRCLE('',#1039,14.5);
#165=CIRCLE('',#1040,14.5);
#166=CIRCLE('',#1041,3.25);
#167=CIRCLE('',#1042,3.25);
#168=CIRCLE('',#1043,3.25);
#169=CIRCLE('',#1045,1.65);
#170=CIRCLE('',#1047,13.5625);
#171=CIRCLE('',#1048,11.7549979256801);
#172=CIRCLE('',#1049,11.7549979256801);
#173=CIRCLE('',#1050,13.5625);
#174=CIRCLE('',#1051,11.7549979256801);
#175=CIRCLE('',#1053,1.65);
#176=CIRCLE('',#1055,1.65);
#177=CIRCLE('',#1057,1.65);
#178=CIRCLE('',#1059,1.65);
#179=CIRCLE('',#1061,1.65);
#180=CIRCLE('',#1063,1.65);
#181=CIRCLE('',#1065,4.09999999999533);
#182=CIRCLE('',#1069,4.09999999999533);
#183=CIRCLE('',#1073,4.09999999999533);
#184=CIRCLE('',#1074,4.09999999999533);
#185=CIRCLE('',#1075,8.76809524750221);
#186=CIRCLE('',#1077,8.76809524750221);
#187=CIRCLE('',#1078,4.09999999999533);
#188=CIRCLE('',#1079,4.09999999999533);
#189=CIRCLE('',#1082,1.6);
#190=CIRCLE('',#1083,1.6);
#191=CIRCLE('',#1085,4.09999999999533);
#192=CIRCLE('',#1087,1.6);
#193=CIRCLE('',#1088,1.6);
#194=CIRCLE('',#1090,4.09999999999533);
#195=CIRCLE('',#1093,1.6);
#196=CIRCLE('',#1095,1.6);
#197=CIRCLE('',#1097,3.00000000000001);
#198=CIRCLE('',#1099,1.6);
#199=CIRCLE('',#1101,1.99999999999999);
#200=CIRCLE('',#1104,1.99999999999999);
#201=CIRCLE('',#1106,1.6);
#202=CIRCLE('',#1108,3.00000000000001);
#203=CIRCLE('',#1114,1.65);
#204=CIRCLE('',#1116,4.3);
#205=CIRCLE('',#1117,2.85643705182225);
#206=CIRCLE('',#1120,4.3);
#207=FACE_OUTER_BOUND('',#260,.T.);
#208=FACE_OUTER_BOUND('',#261,.T.);
#209=FACE_OUTER_BOUND('',#262,.T.);
#210=FACE_OUTER_BOUND('',#263,.T.);
#211=FACE_OUTER_BOUND('',#264,.T.);
#212=FACE_OUTER_BOUND('',#265,.T.);
#213=FACE_OUTER_BOUND('',#266,.T.);
#214=FACE_OUTER_BOUND('',#267,.T.);
#215=FACE_OUTER_BOUND('',#268,.T.);
#216=FACE_OUTER_BOUND('',#269,.T.);
#217=FACE_OUTER_BOUND('',#270,.T.);
#218=FACE_OUTER_BOUND('',#271,.T.);
#219=FACE_OUTER_BOUND('',#272,.T.);
#220=FACE_OUTER_BOUND('',#273,.T.);
#221=FACE_OUTER_BOUND('',#275,.T.);
#222=FACE_OUTER_BOUND('',#278,.T.);
#223=FACE_OUTER_BOUND('',#280,.T.);
#224=FACE_OUTER_BOUND('',#282,.T.);
#225=FACE_OUTER_BOUND('',#283,.T.);
#226=FACE_OUTER_BOUND('',#284,.T.);
#227=FACE_OUTER_BOUND('',#285,.T.);
#228=FACE_OUTER_BOUND('',#287,.T.);
#229=FACE_OUTER_BOUND('',#288,.T.);
#230=FACE_OUTER_BOUND('',#289,.T.);
#231=FACE_OUTER_BOUND('',#290,.T.);
#232=FACE_OUTER_BOUND('',#291,.T.);
#233=FACE_OUTER_BOUND('',#292,.T.);
#234=FACE_OUTER_BOUND('',#293,.T.);
#235=FACE_OUTER_BOUND('',#294,.T.);
#236=FACE_OUTER_BOUND('',#295,.T.);
#237=FACE_OUTER_BOUND('',#296,.T.);
#238=FACE_OUTER_BOUND('',#299,.T.);
#239=FACE_OUTER_BOUND('',#300,.T.);
#240=FACE_OUTER_BOUND('',#303,.T.);
#241=FACE_OUTER_BOUND('',#304,.T.);
#242=FACE_OUTER_BOUND('',#305,.T.);
#243=FACE_OUTER_BOUND('',#306,.T.);
#244=FACE_OUTER_BOUND('',#307,.T.);
#245=FACE_OUTER_BOUND('',#308,.T.);
#246=FACE_OUTER_BOUND('',#310,.T.);
#247=FACE_OUTER_BOUND('',#311,.T.);
#248=FACE_OUTER_BOUND('',#313,.T.);
#249=FACE_OUTER_BOUND('',#314,.T.);
#250=FACE_OUTER_BOUND('',#316,.T.);
#251=FACE_OUTER_BOUND('',#317,.T.);
#252=FACE_OUTER_BOUND('',#319,.T.);
#253=FACE_OUTER_BOUND('',#320,.T.);
#254=FACE_OUTER_BOUND('',#321,.T.);
#255=FACE_OUTER_BOUND('',#322,.T.);
#256=FACE_OUTER_BOUND('',#323,.T.);
#257=FACE_OUTER_BOUND('',#324,.T.);
#258=FACE_OUTER_BOUND('',#325,.T.);
#259=FACE_OUTER_BOUND('',#326,.T.);
#260=EDGE_LOOP('',(#650,#651,#652,#653,#654,#655,#656));
#261=EDGE_LOOP('',(#657,#658,#659,#660,#661,#662));
#262=EDGE_LOOP('',(#663,#664,#665,#666,#667,#668,#669));
#263=EDGE_LOOP('',(#670,#671,#672,#673,#674,#675,#676,#677,#678,#679,#680,
#681));
#264=EDGE_LOOP('',(#682,#683,#684,#685,#686,#687));
#265=EDGE_LOOP('',(#688,#689,#690,#691,#692,#693,#694));
#266=EDGE_LOOP('',(#695,#696,#697,#698,#699,#700,#701));
#267=EDGE_LOOP('',(#702,#703,#704,#705,#706,#707,#708));
#268=EDGE_LOOP('',(#709,#710,#711,#712,#713,#714));
#269=EDGE_LOOP('',(#715,#716,#717,#718,#719,#720,#721));
#270=EDGE_LOOP('',(#722,#723,#724,#725,#726,#727));
#271=EDGE_LOOP('',(#728,#729,#730,#731,#732,#733,#734));
#272=EDGE_LOOP('',(#735,#736,#737,#738,#739,#740,#741));
#273=EDGE_LOOP('',(#742));
#274=EDGE_LOOP('',(#743));
#275=EDGE_LOOP('',(#744,#745,#746,#747,#748,#749,#750,#751,#752,#753,#754,
#755,#756,#757,#758,#759,#760,#761,#762,#763,#764,#765,#766,#767,#768,#769,
#770,#771,#772,#773,#774,#775,#776,#777,#778,#779,#780,#781,#782,#783,#784,
#785));
#276=EDGE_LOOP('',(#786,#787));
#277=EDGE_LOOP('',(#788,#789));
#278=EDGE_LOOP('',(#790));
#279=EDGE_LOOP('',(#791));
#280=EDGE_LOOP('',(#792));
#281=EDGE_LOOP('',(#793));
#282=EDGE_LOOP('',(#794,#795,#796,#797));
#283=EDGE_LOOP('',(#798,#799,#800,#801));
#284=EDGE_LOOP('',(#802,#803,#804,#805));
#285=EDGE_LOOP('',(#806));
#286=EDGE_LOOP('',(#807));
#287=EDGE_LOOP('',(#808,#809,#810,#811));
#288=EDGE_LOOP('',(#812,#813,#814,#815,#816));
#289=EDGE_LOOP('',(#817,#818,#819,#820,#821));
#290=EDGE_LOOP('',(#822,#823,#824,#825));
#291=EDGE_LOOP('',(#826,#827,#828,#829,#830));
#292=EDGE_LOOP('',(#831,#832,#833,#834,#835));
#293=EDGE_LOOP('',(#836,#837,#838,#839,#840,#841));
#294=EDGE_LOOP('',(#842,#843,#844,#845,#846,#847));
#295=EDGE_LOOP('',(#848,#849,#850,#851,#852));
#296=EDGE_LOOP('',(#853,#854,#855,#856));
#297=EDGE_LOOP('',(#857));
#298=EDGE_LOOP('',(#858));
#299=EDGE_LOOP('',(#859,#860,#861,#862,#863,#864,#865,#866));
#300=EDGE_LOOP('',(#867,#868,#869,#870));
#301=EDGE_LOOP('',(#871));
#302=EDGE_LOOP('',(#872));
#303=EDGE_LOOP('',(#873,#874,#875,#876,#877,#878,#879,#880));
#304=EDGE_LOOP('',(#881,#882,#883,#884));
#305=EDGE_LOOP('',(#885,#886,#887,#888));
#306=EDGE_LOOP('',(#889,#890,#891,#892));
#307=EDGE_LOOP('',(#893,#894,#895,#896,#897));
#308=EDGE_LOOP('',(#898));
#309=EDGE_LOOP('',(#899));
#310=EDGE_LOOP('',(#900,#901,#902,#903,#904,#905));
#311=EDGE_LOOP('',(#906));
#312=EDGE_LOOP('',(#907));
#313=EDGE_LOOP('',(#908,#909,#910,#911,#912));
#314=EDGE_LOOP('',(#913));
#315=EDGE_LOOP('',(#914));
#316=EDGE_LOOP('',(#915,#916,#917,#918,#919,#920));
#317=EDGE_LOOP('',(#921));
#318=EDGE_LOOP('',(#922));
#319=EDGE_LOOP('',(#923,#924,#925,#926));
#320=EDGE_LOOP('',(#927,#928,#929,#930));
#321=EDGE_LOOP('',(#931,#932,#933,#934));
#322=EDGE_LOOP('',(#935,#936,#937,#938));
#323=EDGE_LOOP('',(#939,#940,#941,#942));
#324=EDGE_LOOP('',(#943));
#325=EDGE_LOOP('',(#944,#945,#946,#947));
#326=EDGE_LOOP('',(#948));
#327=EDGE_LOOP('',(#949));
#328=EDGE_LOOP('',(#950));
#329=EDGE_LOOP('',(#951));
#330=EDGE_LOOP('',(#952));
#331=EDGE_LOOP('',(#953));
#332=B_SPLINE_CURVE_WITH_KNOTS('',3,(#1508,#1509,#1510,#1511,#1512,#1513,
#1514,#1515,#1516,#1517,#1518,#1519,#1520,#1521,#1522,#1523,#1524,#1525,
#1526,#1527,#1528,#1529,#1530,#1531,#1532,#1533,#1534,#1535,#1536,#1537,
#1538,#1539,#1540,#1541,#1542,#1543,#1544,#1545,#1546,#1547,#1548,#1549,
#1550,#1551,#1552,#1553),.UNSPECIFIED.,.F.,.F.,(4,3,3,3,3,3,3,3,3,3,3,3,
3,3,3,4),(-3.19369044095258,-3.13917530865347,-3.07859163942468,-3.07180883533484,
-2.96749964653939,-2.83518417928955,-2.7401818399969,-2.64579668088174,
-2.52980160578496,-2.51268549101059,-2.39334003648504,-2.28514944773436,
-2.17271090312672,-2.0696812095579,-2.04534562075305,-1.98178027335358),
 .UNSPECIFIED.);
#333=B_SPLINE_CURVE_WITH_KNOTS('',3,(#1555,#1556,#1557,#1558,#1559,#1560,
#1561,#1562,#1563,#1564,#1565,#1566,#1567,#1568,#1569,#1570,#1571,#1572,
#1573,#1574,#1575,#1576,#1577,#1578,#1579,#1580,#1581,#1582,#1583,#1584,
#1585,#1586,#1587,#1588,#1589,#1590,#1591,#1592,#1593,#1594,#1595,#1596,
#1597,#1598,#1599,#1600,#1601,#1602,#1603,#1604,#1605,#1606,#1607,#1608,
#1609,#1610,#1611,#1612,#1613,#1614,#1615,#1616,#1617,#1618,#1619,#1620,
#1621,#1622,#1623,#1624,#1625,#1626,#1627,#1628,#1629,#1630,#1631,#1632,
#1633,#1634,#1635,#1636,#1637,#1638,#1639,#1640,#1641,#1642,#1643,#1644,
#1645,#1646,#1647,#1648,#1649,#1650,#1651,#1652,#1653,#1654,#1655,#1656,
#1657,#1658,#1659,#1660,#1661,#1662,#1663,#1664,#1665,#1666,#1667,#1668,
#1669,#1670,#1671,#1672,#1673,#1674,#1675,#1676,#1677,#1678,#1679,#1680,
#1681,#1682,#1683,#1684),.UNSPECIFIED.,.F.,.F.,(4,3,3,3,3,3,3,3,3,3,3,3,
3,3,3,3,3,3,3,3,3,3,3,3,3,3,3,3,3,3,3,3,3,3,3,3,3,3,3,3,3,3,3,4),(-5.87583027661251,
-5.83826654550298,-5.7967883264233,-5.75866505619857,-5.72466052566137,
-5.69392692563482,-5.69127765882325,-5.6612933848158,-5.63206414608332,
-5.60496529473368,-5.58421217819404,-5.57298116410506,-5.5540852362129,
-5.53653083489083,-5.5204481350172,-5.51897643356876,-5.50300609319516,
-5.49717545411379,-5.48087843484865,-5.46249599003682,-5.44165289445483,
-5.42128445596075,-5.4023132401291,-5.40191462029901,-5.38337642259323,
-5.34547390291144,-5.31246092960006,-5.30756295859747,-5.26966062430738,
-5.19385558577177,-5.14572436081545,-5.11802141026488,-5.01651737016601,
-4.90079433707227,-4.81485859805688,-4.78861375098564,-4.63010183064805,
-4.47215030745805,-4.36003964072196,-4.32149621830281,-4.15871803613638,
-4.13264528820491,-3.99690298267153,-3.90634015696017),.UNSPECIFIED.);
#334=B_SPLINE_CURVE_WITH_KNOTS('',3,(#1686,#1687,#1688,#1689,#1690,#1691,
#1692,#1693,#1694,#1695,#1696,#1697,#1698,#1699,#1700,#1701,#1702,#1703,
#1704,#1705,#1706,#1707,#1708,#1709,#1710,#1711,#1712,#1713,#1714,#1715,
#1716,#1717,#1718,#1719,#1720,#1721,#1722,#1723,#1724,#1725,#1726,#1727,
#1728,#1729,#1730,#1731,#1732,#1733,#1734,#1735,#1736,#1737,#1738,#1739,
#1740,#1741,#1742,#1743,#1744,#1745,#1746,#1747,#1748,#1749,#1750,#1751,
#1752),.UNSPECIFIED.,.F.,.F.,(4,3,3,3,3,3,3,3,3,3,3,3,3,3,3,3,3,3,3,3,3,
3,4),(0.,0.00705168928712135,0.0136900550495271,0.0141033785742427,0.0156548743241784,
0.022312362000796,0.0290575386952153,0.0312657254402336,0.0379972001190284,
0.0422773117895694,0.0468496804775412,0.0535182814633633,0.0602388714731705,
0.0624398866703949,0.0691706905916667,0.0704078884514328,0.077134604202719,
0.0780657601973961,0.0847880259568878,0.0881307380853062,0.0948134052605986,
0.0981901118337637,0.0984674059637634),.UNSPECIFIED.);
#335=B_SPLINE_CURVE_WITH_KNOTS('',3,(#1754,#1755,#1756,#1757),
 .UNSPECIFIED.,.F.,.F.,(4,4),(3.90808485762069,3.91340323553614),
 .UNSPECIFIED.);
#336=B_SPLINE_CURVE_WITH_KNOTS('',3,(#1759,#1760,#1761,#1762,#1763,#1764,
#1765,#1766,#1767,#1768,#1769,#1770,#1771,#1772,#1773,#1774,#1775,#1776,
#1777,#1778,#1779,#1780,#1781,#1782,#1783,#1784,#1785,#1786,#1787,#1788,
#1789,#1790,#1791,#1792,#1793,#1794,#1795,#1796,#1797,#1798,#1799,#1800,
#1801,#1802,#1803,#1804,#1805,#1806,#1807,#1808,#1809,#1810,#1811,#1812,
#1813,#1814,#1815,#1816,#1817,#1818,#1819,#1820,#1821,#1822,#1823,#1824,
#1825,#1826,#1827,#1828,#1829,#1830,#1831,#1832,#1833,#1834,#1835,#1836,
#1837,#1838,#1839,#1840,#1841,#1842,#1843,#1844,#1845,#1846,#1847,#1848,
#1849,#1850,#1851,#1852,#1853,#1854,#1855,#1856,#1857,#1858,#1859,#1860,
#1861,#1862,#1863,#1864,#1865,#1866,#1867,#1868,#1869,#1870,#1871,#1872,
#1873,#1874,#1875,#1876,#1877,#1878,#1879,#1880,#1881,#1882,#1883,#1884,
#1885),.UNSPECIFIED.,.F.,.F.,(4,3,3,3,3,3,3,3,3,3,3,3,3,3,3,3,3,3,3,3,3,
3,3,3,3,3,3,3,3,3,3,3,3,3,3,3,3,3,3,3,3,3,4),(3.91340323553614,4.03483059149713,
4.13262845941187,4.32149621830281,4.36003798582574,4.521900895102,4.69168296124706,
4.78861375098564,4.81485421109735,4.93827573315752,5.03665390858555,5.11801769953388,
5.14572436081545,5.19385477414693,5.26966072966642,5.30756338173319,5.31246092960006,
5.34547452680144,5.38337718107088,5.40191462029901,5.40231436008467,5.42128544992712,
5.44377090225414,5.46249599003682,5.47983524105484,5.49717449207285,5.5140545987835,
5.51897643356876,5.53547118105403,5.55280860627172,5.57121422706748,5.57296805026398,
5.58421217819404,5.61396857987442,5.64734743348984,5.683882245954,5.69127765882325,
5.72170144909333,5.72465786570905,5.76155469210416,5.80191468467775,5.83826443876385,
5.87583027661251),.UNSPECIFIED.);
#337=B_SPLINE_CURVE_WITH_KNOTS('',3,(#1887,#1888,#1889,#1890,#1891,#1892,
#1893,#1894),.UNSPECIFIED.,.F.,.F.,(4,1,1,1,1,4),(1.98178474124387,2.2852045019524,
2.51260918425421,2.74001386655601,2.96741854885782,3.19194511111207),
 .UNSPECIFIED.);
#338=B_SPLINE_CURVE_WITH_KNOTS('',3,(#1895,#1896,#1897,#1898,#1899,#1900,
#1901,#1902,#1903,#1904,#1905,#1906,#1907,#1908,#1909,#1910,#1911,#1912,
#1913,#1914,#1915,#1916,#1917,#1918,#1919,#1920,#1921,#1922,#1923,#1924,
#1925,#1926,#1927,#1928,#1929,#1930,#1931,#1932,#1933,#1934,#1935,#1936,
#1937,#1938,#1939,#1940,#1941,#1942,#1943,#1944,#1945,#1946,#1947,#1948,
#1949,#1950,#1951,#1952,#1953,#1954,#1955,#1956,#1957,#1958,#1959,#1960,
#1961),.UNSPECIFIED.,.F.,.F.,(4,3,3,3,3,3,3,3,3,3,3,3,3,3,3,3,3,3,3,3,3,
3,4),(-0.000277304246348181,0.,0.00668283725959599,0.0100596313527923,0.0167820692756753,
0.0201248669908155,0.0268517575855099,0.0277829360103837,0.0345139155255467,
0.0357511430512587,0.0424601054639333,0.0491452780308579,0.0513417508597904,
0.0559142373408469,0.0626458893673845,0.0669261073539966,0.0736621227901289,
0.0803381044675145,0.0825373606217012,0.0840888963421843,0.0907274327142807,
0.0974588379263343,0.0981926382322393),.UNSPECIFIED.);
#339=B_SPLINE_CURVE_WITH_KNOTS('',3,(#2053,#2054,#2055,#2056,#2057,#2058,
#2059,#2060,#2061,#2062,#2063,#2064,#2065),.UNSPECIFIED.,.F.,.F.,(4,1,1,
1,1,1,1,1,1,1,4),(5.99069457443924,6.10726947341705,6.22670459050206,6.28642214904456,
6.34613970758706,6.40585726612956,6.46557482467206,6.52529238321457,6.58500994175707,
6.67458627957082,6.82101985016501),.UNSPECIFIED.);
#340=B_SPLINE_CURVE_WITH_KNOTS('',3,(#2067,#2068,#2069,#2070,#2071,#2072,
#2073),.UNSPECIFIED.,.F.,.F.,(4,3,4),(0.809569056539659,0.810655851701369,
0.818504757262044),.UNSPECIFIED.);
#341=B_SPLINE_CURVE_WITH_KNOTS('',3,(#2075,#2076,#2077,#2078,#2079,#2080,
#2081,#2082,#2083,#2084,#2085,#2086,#2087,#2088,#2089,#2090,#2091,#2092,
#2093,#2094,#2095,#2096,#2097,#2098,#2099,#2100,#2101,#2102,#2103,#2104,
#2105,#2106,#2107,#2108,#2109,#2110,#2111,#2112,#2113,#2114,#2115,#2116,
#2117,#2118,#2119,#2120,#2121,#2122,#2123,#2124,#2125,#2126,#2127,#2128,
#2129,#2130,#2131,#2132,#2133,#2134,#2135,#2136,#2137,#2138,#2139,#2140,
#2141,#2142,#2143,#2144,#2145,#2146,#2147,#2148,#2149,#2150,#2151,#2152,
#2153,#2154,#2155,#2156,#2157,#2158,#2159,#2160,#2161,#2162,#2163,#2164,
#2165,#2166,#2167,#2168),.UNSPECIFIED.,.F.,.F.,(4,3,3,3,3,3,3,3,3,3,3,3,
3,3,3,3,3,3,3,3,3,3,3,3,3,3,3,3,3,3,3,4),(-6.82302283917951,-6.72859450363885,
-6.67461671866396,-6.65530276624605,-6.59793682506197,-6.58504608272916,
-6.53954742268451,-6.53552481242238,-6.52534872808959,-6.50010342989111,
-6.47826173933373,-6.46568856270005,-6.45365709455022,-6.43140333213843,
-6.41078729037273,-6.40589836706608,-6.40551340867997,-6.38598548275556,
-6.36469058404376,-6.35715599975185,-6.34609366008157,-6.32427574961894,
-6.29986494849383,-6.28640219287043,-6.27425169317159,-6.2358267735391,
-6.22670907615767,-6.17665792659968,-6.15242302216605,-6.10728197038381,
-6.00330961575779,-5.98869166181895),.UNSPECIFIED.);
#342=B_SPLINE_CURVE_WITH_KNOTS('',3,(#2169,#2170,#2171,#2172,#2173,#2174,
#2175),.UNSPECIFIED.,.F.,.F.,(4,3,4),(0.,0.00152276051313849,0.00161194116581373),
 .UNSPECIFIED.);
#343=B_SPLINE_CURVE_WITH_KNOTS('',3,(#2265,#2266,#2267,#2268,#2269,#2270,
#2271,#2272,#2273,#2274,#2275,#2276,#2277,#2278,#2279,#2280,#2281,#2282,
#2283,#2284,#2285,#2286,#2287,#2288,#2289,#2290,#2291,#2292,#2293,#2294,
#2295,#2296,#2297,#2298,#2299,#2300,#2301,#2302,#2303,#2304,#2305,#2306,
#2307,#2308,#2309,#2310),.UNSPECIFIED.,.F.,.F.,(4,3,3,3,3,3,3,3,3,3,3,3,
3,3,3,4),(0.,0.0258829479757613,0.052354430461869,0.0800009471757757,0.108455361398663,
0.138036298515447,0.169460915546821,0.20392415564443,0.244388811127364,
0.292972143952505,0.330508430738335,0.36347252764051,0.393537832302781,
0.423053356046855,0.452478595290737,0.477465698218919),.UNSPECIFIED.);
#344=B_SPLINE_CURVE_WITH_KNOTS('',3,(#2321,#2322,#2323,#2324,#2325,#2326,
#2327,#2328,#2329,#2330,#2331,#2332,#2333,#2334,#2335,#2336,#2337,#2338,
#2339,#2340,#2341,#2342,#2343,#2344,#2345,#2346,#2347,#2348,#2349,#2350,
#2351,#2352,#2353,#2354,#2355,#2356,#2357,#2358,#2359,#2360,#2361,#2362,
#2363,#2364,#2365,#2366,#2367,#2368,#2369,#2370,#2371,#2372,#2373,#2374,
#2375,#2376,#2377,#2378,#2379,#2380,#2381,#2382,#2383,#2384,#2385,#2386,
#2387,#2388,#2389,#2390,#2391,#2392,#2393,#2394,#2395,#2396,#2397,#2398,
#2399,#2400,#2401,#2402,#2403,#2404,#2405,#2406,#2407,#2408,#2409,#2410,
#2411,#2412,#2413,#2414),.UNSPECIFIED.,.F.,.F.,(4,3,3,3,3,3,3,3,3,3,3,3,
3,3,3,3,3,3,3,3,3,3,3,3,3,3,3,3,3,3,3,4),(-6.82302250571154,-6.72859423118631,
-6.67461641488941,-6.65530251601725,-6.59793655485481,-6.58504577507407,
-6.53954709815705,-6.53552452015409,-6.52534841786866,-6.50010311751578,
-6.4782614253284,-6.46568824989624,-6.4536567804333,-6.43140301660844,-6.41078697189219,
-6.40589805165643,-6.40551309379605,-6.38598516542613,-6.36469026466236,
-6.35715569568437,-6.34609334210418,-6.32427543447461,-6.29986463506094,
-6.28640187234203,-6.27425142348069,-6.2358265040831,-6.22670875299818,
-6.17665760723579,-6.15242282169864,-6.10728164211404,-6.0033086079975,
-5.98869132830789),.UNSPECIFIED.);
#345=B_SPLINE_CURVE_WITH_KNOTS('',3,(#2418,#2419,#2420,#2421,#2422,#2423,
#2424,#2425,#2426,#2427,#2428,#2429,#2430,#2431,#2432,#2433,#2434,#2435,
#2436,#2437,#2438,#2439,#2440,#2441,#2442,#2443,#2444,#2445,#2446,#2447,
#2448,#2449,#2450,#2451,#2452,#2453,#2454,#2455,#2456,#2457,#2458,#2459,
#2460,#2461,#2462,#2463,#2464,#2465,#2466,#2467,#2468,#2469,#2470,#2471,
#2472,#2473,#2474,#2475,#2476,#2477,#2478,#2479,#2480,#2481,#2482,#2483,
#2484,#2485,#2486,#2487,#2488,#2489,#2490,#2491,#2492,#2493,#2494,#2495,
#2496,#2497,#2498,#2499,#2500,#2501,#2502,#2503,#2504,#2505,#2506,#2507,
#2508,#2509,#2510,#2511),.UNSPECIFIED.,.F.,.F.,(4,3,3,3,3,3,3,3,3,3,3,3,
3,3,3,3,3,3,3,3,3,3,3,3,3,3,3,3,3,3,3,4),(-6.82302250515194,-6.71562162260247,
-6.70444676305955,-6.65530251542436,-6.60569521603826,-6.58504350360802,
-6.54695682305578,-6.53552451957936,-6.52535926555615,-6.49914555200961,
-6.47615620191201,-6.46565329107097,-6.45365677986676,-6.4293099525608,
-6.40585616560124,-6.40551309323742,-6.38762902088989,-6.36819770131052,
-6.35715569513431,-6.34600919032677,-6.33105323427821,-6.31612259913674,
-6.28893684605292,-6.28629509569507,-6.27425142294212,-6.22935425137014,
-6.22660916186628,-6.16966998920803,-6.15242282118494,-6.10722478041517,
-6.01577199210094,-5.9886913277482),.UNSPECIFIED.);
#346=B_SPLINE_CURVE_WITH_KNOTS('',3,(#2515,#2516,#2517,#2518,#2519,#2520,
#2521,#2522,#2523,#2524,#2525,#2526,#2527,#2528,#2529,#2530,#2531,#2532,
#2533,#2534,#2535,#2536,#2537,#2538,#2539,#2540,#2541,#2542,#2543,#2544,
#2545,#2546,#2547,#2548,#2549,#2550,#2551,#2552,#2553,#2554,#2555,#2556,
#2557,#2558,#2559,#2560,#2561,#2562,#2563,#2564,#2565,#2566,#2567,#2568,
#2569,#2570,#2571,#2572,#2573,#2574,#2575,#2576,#2577,#2578,#2579,#2580,
#2581,#2582,#2583,#2584,#2585,#2586,#2587,#2588,#2589,#2590,#2591,#2592,
#2593,#2594,#2595,#2596,#2597,#2598,#2599,#2600,#2601,#2602,#2603,#2604,
#2605,#2606,#2607,#2608,#2609,#2610,#2611),.UNSPECIFIED.,.F.,.F.,(4,3,3,
3,3,3,3,3,3,3,3,3,3,3,3,3,3,3,3,3,3,3,3,3,3,3,3,3,3,3,3,3,4),(-6.823022505151,
-6.72243159827245,-6.70444662100642,-6.65530251542366,-6.59498182350818,
-6.58503757572518,-6.53930689601142,-6.5355245195785,-6.52534572922684,
-6.48528627317918,-6.46563765060481,-6.44752280946503,-6.43575656390689,
-6.41446502649425,-6.40588378915824,-6.40551309323653,-6.37521181722696,
-6.35715569513345,-6.34610326393097,-6.33863064792072,-6.33489590996966,
-6.33116209218176,-6.31623413348589,-6.30131336053066,-6.28639377494622,
-6.27425142294132,-6.25654382109813,-6.2266948390383,-6.16475809874772,
-6.1524228211843,-6.10725929165933,-6.01671863834723,-5.98869132774725),
 .UNSPECIFIED.);
#347=B_SPLINE_CURVE_WITH_KNOTS('',3,(#2706,#2707,#2708,#2709,#2710,#2711,
#2712,#2713,#2714,#2715,#2716,#2717,#2718),.UNSPECIFIED.,.F.,.F.,(4,1,1,
1,1,1,1,1,1,1,4),(5.99069424097794,6.10726914507319,6.22670426732655,6.28642182845324,
6.34613938957992,6.40585695070661,6.4655745118333,6.52529207295998,6.58500963408667,
6.67458597577669,6.82101951669847),.UNSPECIFIED.);
#348=B_SPLINE_CURVE_WITH_KNOTS('',3,(#2720,#2721,#2722,#2723,#2724,#2725,
#2726,#2727,#2728,#2729,#2730,#2731,#2732,#2733,#2734,#2735,#2736,#2737,
#2738,#2739,#2740,#2741,#2742,#2743,#2744,#2745,#2746,#2747,#2748,#2749,
#2750,#2751,#2752,#2753,#2754,#2755,#2756,#2757,#2758,#2759,#2760,#2761,
#2762,#2763,#2764,#2765,#2766,#2767,#2768,#2769,#2770,#2771,#2772,#2773,
#2774,#2775,#2776,#2777,#2778,#2779,#2780,#2781,#2782,#2783),
 .UNSPECIFIED.,.F.,.F.,(4,3,3,3,3,3,3,3,3,3,3,3,3,3,3,3,3,3,3,3,3,4),(-0.000276072653651487,
0.,0.00672512073624363,0.0100430114372284,0.0168103411216796,0.0200760791966023,
0.0268317351423681,0.0283743025769045,0.0351382780250478,0.0357256165158975,
0.0424510073405071,0.0491610567741861,0.0513357920267629,0.0569515749665233,
0.0636829369367346,0.0669318367061812,0.073661448848511,0.0783551181559009,
0.0825452739605011,0.0892447609443398,0.0959297363559352,0.0981941642931568),
 .UNSPECIFIED.);
#349=B_SPLINE_CURVE_WITH_KNOTS('',3,(#2784,#2785,#2786,#2787,#2788,#2789,
#2790),.UNSPECIFIED.,.F.,.F.,(4,3,4),(0.809569056301391,0.810655851456015,
0.818504756965865),.UNSPECIFIED.);
#350=B_SPLINE_CURVE_WITH_KNOTS('',3,(#2792,#2793,#2794,#2795,#2796,#2797,
#2798),.UNSPECIFIED.,.F.,.F.,(4,3,4),(-1.0842021724855E-19,0.00152276051291913,
0.00161194116558328),.UNSPECIFIED.);
#351=B_SPLINE_CURVE_WITH_KNOTS('',3,(#2799,#2800,#2801,#2802,#2803,#2804,
#2805,#2806,#2807,#2808,#2809,#2810,#2811,#2812,#2813,#2814,#2815,#2816,
#2817,#2818,#2819,#2820,#2821,#2822,#2823,#2824,#2825,#2826,#2827,#2828,
#2829,#2830,#2831,#2832,#2833,#2834,#2835,#2836,#2837,#2838,#2839,#2840,
#2841,#2842,#2843,#2844,#2845,#2846,#2847,#2848,#2849,#2850,#2851,#2852,
#2853,#2854,#2855,#2856,#2857,#2858,#2859,#2860,#2861,#2862),
 .UNSPECIFIED.,.F.,.F.,(4,3,3,3,3,3,3,3,3,3,3,3,3,3,3,3,3,3,3,3,3,4),(-0.000277304234608752,
0.,0.00672520220597395,0.0100596313457971,0.0168269311827136,0.020124866975086,
0.026880374242671,0.0283729648779397,0.0351368311323775,0.0357511430190148,
0.042476752846093,0.0491865615040703,0.0513417508110713,0.0569500813123278,
0.0636813958885891,0.0669261072887513,0.0736557315651352,0.0783535612351606,
0.0825373605398835,0.0892368114908305,0.0959218401211394,0.0981926381338182),
 .UNSPECIFIED.);
#352=B_SPLINE_CURVE_WITH_KNOTS('',3,(#2997,#2998,#2999,#3000,#3001,#3002,
#3003,#3004,#3005,#3006,#3007,#3008,#3009,#3010,#3011,#3012,#3013,#3014,
#3015,#3016,#3017,#3018,#3019,#3020,#3021,#3022,#3023,#3024,#3025,#3026,
#3027,#3028,#3029,#3030,#3031,#3032,#3033,#3034,#3035,#3036,#3037,#3038,
#3039,#3040,#3041,#3042,#3043,#3044,#3045,#3046,#3047,#3048,#3049,#3050,
#3051),.UNSPECIFIED.,.F.,.F.,(4,3,3,3,3,3,3,3,3,3,3,3,3,3,3,3,3,3,4),(-3.19376736434025,
-3.14999248089905,-3.10207368453334,-3.071782606118,-3.0074332528508,-2.93346635497973,
-2.85220154060453,-2.7633066210188,-2.74020211055375,-2.64567866237368,
-2.55058809186359,-2.45439398805377,-2.35840562918743,-2.28536278509326,
-2.19562805551227,-2.11323889063054,-2.04539419856138,-1.9905467361576,
-1.98179188403077),.UNSPECIFIED.);
#353=B_SPLINE_CURVE_WITH_KNOTS('',3,(#3052,#3053,#3054,#3055,#3056,#3057,
#3058,#3059,#3060,#3061,#3062,#3063,#3064,#3065,#3066,#3067,#3068,#3069,
#3070,#3071,#3072,#3073,#3074,#3075,#3076,#3077,#3078,#3079,#3080,#3081,
#3082,#3083,#3084,#3085,#3086,#3087,#3088,#3089,#3090,#3091,#3092,#3093,
#3094,#3095,#3096,#3097,#3098,#3099,#3100,#3101,#3102,#3103,#3104,#3105,
#3106,#3107,#3108,#3109,#3110,#3111,#3112,#3113,#3114,#3115,#3116,#3117,
#3118,#3119,#3120,#3121,#3122,#3123,#3124,#3125,#3126,#3127,#3128,#3129,
#3130,#3131,#3132,#3133,#3134,#3135,#3136,#3137,#3138,#3139,#3140,#3141,
#3142,#3143,#3144,#3145,#3146,#3147,#3148,#3149,#3150,#3151,#3152,#3153,
#3154,#3155,#3156,#3157,#3158,#3159,#3160,#3161,#3162,#3163,#3164,#3165,
#3166,#3167,#3168,#3169,#3170,#3171,#3172,#3173,#3174,#3175,#3176,#3177,
#3178,#3179,#3180,#3181,#3182,#3183,#3184,#3185,#3186,#3187),
 .UNSPECIFIED.,.F.,.F.,(4,3,3,3,3,3,3,3,3,3,3,3,3,3,3,3,3,3,3,3,3,3,3,3,
3,3,3,3,3,3,3,3,3,3,3,3,3,3,3,3,3,3,3,3,3,4),(-5.87584184120464,-5.83840577742686,
-5.79666980109542,-5.75826555112191,-5.72474256743975,-5.6935063161794,
-5.69134238825393,-5.66113888388518,-5.63179015917129,-5.60471651678451,
-5.58428309545564,-5.57303760564919,-5.55446537065883,-5.53675712915784,
-5.5207309030765,-5.51904888765686,-5.50313472770369,-5.49721098603858,
-5.48107098049016,-5.46256903903101,-5.44424447253021,-5.42390022436446,
-5.42131325654309,-5.40198657277133,-5.38342620949675,-5.3487776332361,
-5.34553141101629,-5.31252953174959,-5.26973067953343,-5.19391727937714,
-5.1457843249112,-5.11808022837514,-5.00735941348849,-4.88134423721815,
-4.81486100649367,-4.78865397448263,-4.67094451295107,-4.58749749524964,
-4.47227426401689,-4.36002938352536,-4.32151420361415,-4.21554860084988,
-4.11180478082924,-4.02223315955237,-3.94685482676444,-3.90641704874276),
 .UNSPECIFIED.);
#354=B_SPLINE_CURVE_WITH_KNOTS('',3,(#3189,#3190,#3191,#3192),
 .UNSPECIFIED.,.F.,.F.,(4,4),(3.90816174793263,3.91348012147359),
 .UNSPECIFIED.);
#355=B_SPLINE_CURVE_WITH_KNOTS('',3,(#3194,#3195,#3196,#3197,#3198,#3199,
#3200,#3201,#3202,#3203,#3204,#3205,#3206,#3207,#3208,#3209,#3210,#3211,
#3212,#3213,#3214,#3215,#3216,#3217,#3218,#3219,#3220,#3221,#3222,#3223,
#3224,#3225,#3226,#3227,#3228,#3229,#3230,#3231,#3232,#3233,#3234,#3235,
#3236,#3237,#3238,#3239,#3240,#3241,#3242,#3243,#3244,#3245,#3246,#3247,
#3248,#3249,#3250,#3251,#3252,#3253,#3254,#3255,#3256,#3257,#3258,#3259,
#3260,#3261,#3262,#3263,#3264,#3265,#3266,#3267,#3268,#3269,#3270,#3271,
#3272,#3273,#3274,#3275,#3276,#3277,#3278,#3279,#3280,#3281,#3282,#3283,
#3284,#3285,#3286,#3287,#3288,#3289,#3290,#3291,#3292,#3293,#3294,#3295,
#3296,#3297,#3298,#3299,#3300,#3301,#3302,#3303,#3304,#3305,#3306,#3307,
#3308,#3309,#3310,#3311,#3312,#3313,#3314,#3315,#3316,#3317,#3318,#3319,
#3320,#3321,#3322,#3323,#3324,#3325,#3326,#3327,#3328,#3329),
 .UNSPECIFIED.,.F.,.F.,(4,3,3,3,3,3,3,3,3,3,3,3,3,3,3,3,3,3,3,3,3,3,3,3,
3,3,3,3,3,3,3,3,3,3,3,3,3,3,3,3,3,3,3,3,3,4),(3.91348012147359,3.99860463899091,
4.09177030233874,4.19083033288917,4.29886226985358,4.32151420361415,4.36002783364503,
4.47522655515886,4.58749818376105,4.70422808099523,4.78865397448263,4.81485942273724,
4.92675970687645,5.02622886999954,5.11807641554735,5.1457843249112,5.1939165819058,
5.269730988383,5.31252953174959,5.34553271545117,5.37971275102746,5.38342746095114,
5.40198657277133,5.42131464820284,5.44194184361692,5.46065693928049,5.46256903903101,
5.47988963987523,5.49721024071946,5.51390578335744,5.51904888765686,5.53541319226391,
5.55265834608533,5.57112573617201,5.57302658709051,5.58428309545564,5.61346741032617,
5.64601733770847,5.68252494904987,5.69134238825393,5.72239308891675,5.72474333059372,
5.7624855559566,5.80380619497221,5.8384084949668,5.87584184120464),
 .UNSPECIFIED.);
#356=B_SPLINE_CURVE_WITH_KNOTS('',3,(#3330,#3331,#3332,#3333,#3334,#3335),
 .UNSPECIFIED.,.F.,.F.,(4,1,1,4),(1.98172357169574,2.28528141904161,2.74009078654772,
3.19202188095389),.UNSPECIFIED.);
#357=B_SPLINE_CURVE_WITH_KNOTS('',3,(#3425,#3426,#3427,#3428,#3429,#3430,
#3431,#3432,#3433,#3434,#3435,#3436,#3437,#3438,#3439,#3440,#3441,#3442,
#3443,#3444,#3445,#3446,#3447,#3448,#3449,#3450,#3451,#3452,#3453,#3454,
#3455,#3456,#3457,#3458,#3459,#3460,#3461,#3462,#3463,#3464,#3465,#3466,
#3467,#3468,#3469,#3470),.UNSPECIFIED.,.F.,.F.,(4,3,3,3,3,3,3,3,3,3,3,3,
3,3,3,4),(0.,0.025882947968299,0.052354430451553,0.0800009471762493,0.10845536138232,
0.138036298491504,0.16946091551383,0.20392415566189,0.244388811130701,0.292972144003104,
0.33050843076945,0.363472527670876,0.393537832348712,0.42305335610046,0.45247859534632,
0.477465698218907),.UNSPECIFIED.);
#358=B_SPLINE_CURVE_WITH_KNOTS('',3,(#3684,#3685,#3686,#3687,#3688,#3689,
#3690,#3691,#3692,#3693,#3694,#3695,#3696,#3697,#3698,#3699,#3700,#3701,
#3702,#3703,#3704,#3705,#3706,#3707,#3708,#3709,#3710,#3711,#3712,#3713,
#3714,#3715,#3716,#3717,#3718,#3719,#3720,#3721,#3722,#3723,#3724,#3725,
#3726,#3727,#3728,#3729),.UNSPECIFIED.,.F.,.F.,(4,3,3,3,3,3,3,3,3,3,3,3,
3,3,3,4),(-3.19376743557045,-3.14100654621163,-3.08230294291593,-3.07178258181162,
-2.96755328634088,-2.83976004891427,-2.74012862493546,-2.64567855306067,
-2.51051001039705,-2.36155437853518,-2.28548679205775,-2.13945235775805,
-2.05805422244488,-2.04539424361376,-2.00119489858512,-1.98179189477695),
 .UNSPECIFIED.);
#359=B_SPLINE_CURVE_WITH_KNOTS('',3,(#3731,#3732,#3733,#3734,#3735,#3736,
#3737,#3738,#3739,#3740,#3741,#3742,#3743,#3744,#3745,#3746,#3747,#3748,
#3749,#3750,#3751,#3752,#3753,#3754,#3755,#3756,#3757,#3758,#3759,#3760,
#3761,#3762,#3763,#3764,#3765,#3766,#3767,#3768,#3769,#3770,#3771,#3772,
#3773,#3774,#3775,#3776,#3777,#3778,#3779,#3780,#3781,#3782,#3783,#3784,
#3785,#3786,#3787,#3788,#3789,#3790,#3791,#3792,#3793,#3794,#3795,#3796,
#3797,#3798,#3799,#3800,#3801,#3802,#3803,#3804,#3805,#3806,#3807,#3808,
#3809,#3810,#3811,#3812,#3813,#3814,#3815,#3816,#3817,#3818,#3819,#3820,
#3821,#3822,#3823,#3824,#3825,#3826,#3827,#3828,#3829,#3830,#3831,#3832,
#3833,#3834,#3835,#3836,#3837,#3838,#3839,#3840,#3841,#3842,#3843,#3844,
#3845,#3846,#3847,#3848,#3849,#3850,#3851,#3852,#3853,#3854,#3855,#3856,
#3857,#3858,#3859,#3860,#3861,#3862,#3863,#3864,#3865,#3866,#3867,#3868,
#3869,#3870,#3871,#3872,#3873,#3874,#3875),.UNSPECIFIED.,.F.,.F.,(4,3,3,
3,3,3,3,3,3,3,3,3,3,3,3,3,3,3,3,3,3,3,3,3,3,3,3,3,3,3,3,3,3,3,3,3,3,3,3,
3,3,3,3,3,3,3,3,3,4),(-5.87584185190813,-5.83843046767011,-5.81005311867804,
-5.79586122221635,-5.78166264511817,-5.75323175475002,-5.72473276496889,
-5.69320290382735,-5.6913424482225,-5.66457762645132,-5.63901760853361,
-5.61410314170807,-5.59016080553695,-5.58428316113779,-5.57294937839046,
-5.55368771116567,-5.5363683329622,-5.52003097609097,-5.51904895475873,
-5.5026217793697,-5.49716974895418,-5.47967745709329,-5.46256910668233,
-5.44132897378905,-5.4213172028108,-5.4118242845362,-5.40234245114738,-5.40198663940987,
-5.38339510240853,-5.34550851876965,-5.31252959529381,-5.30761931384764,
-5.26972363108491,-5.19392589397111,-5.14578438047787,-5.11812490624516,
-4.96651801793051,-4.81490086527498,-4.78865401181911,-4.6526997567859,
-4.58757712188415,-4.46628825183492,-4.36008449276813,-4.32151422031063,
-4.21757675715985,-4.11443961040638,-4.02419362758006,-3.94868168746636,
-3.90641711994359),.UNSPECIFIED.);
#360=B_SPLINE_CURVE_WITH_KNOTS('',3,(#3877,#3878,#3879,#3880,#3881,#3882,
#3883,#3884,#3885,#3886,#3887,#3888,#3889,#3890,#3891,#3892,#3893,#3894,
#3895,#3896,#3897,#3898,#3899,#3900,#3901,#3902,#3903,#3904,#3905,#3906,
#3907,#3908,#3909,#3910,#3911,#3912,#3913,#3914,#3915,#3916,#3917,#3918,
#3919,#3920,#3921,#3922,#3923,#3924,#3925,#3926,#3927,#3928,#3929,#3930,
#3931,#3932,#3933,#3934,#3935,#3936,#3937,#3938,#3939,#3940,#3941,#3942,
#3943),.UNSPECIFIED.,.F.,.F.,(4,3,3,3,3,3,3,3,3,3,3,3,3,3,3,3,3,3,3,3,3,
3,4),(0.,0.00705168928713912,0.0136900483401252,0.0141033785742782,0.0156548743242118,
0.0223123575761652,0.0290574987628422,0.0312657254403153,0.0379971636648703,
0.0422773117896637,0.0468496804775719,0.0535182432220019,0.0602387830563379,
0.0624398866702081,0.0691706631981751,0.0704078884511669,0.0771345908082441,
0.078065760197074,0.0847880497680262,0.088130738088998,0.0948134515501711,
0.0981901118409465,0.0984674059631565),.UNSPECIFIED.);
#361=B_SPLINE_CURVE_WITH_KNOTS('',3,(#3945,#3946,#3947,#3948),
 .UNSPECIFIED.,.F.,.F.,(4,4),(3.90816181913217,3.91348019266902),
 .UNSPECIFIED.);
#362=B_SPLINE_CURVE_WITH_KNOTS('',3,(#3950,#3951,#3952,#3953,#3954,#3955,
#3956,#3957,#3958,#3959,#3960,#3961,#3962,#3963,#3964,#3965,#3966,#3967,
#3968,#3969,#3970,#3971,#3972,#3973,#3974,#3975,#3976,#3977,#3978,#3979,
#3980,#3981,#3982,#3983,#3984,#3985,#3986,#3987,#3988,#3989,#3990,#3991,
#3992,#3993,#3994,#3995,#3996,#3997,#3998,#3999,#4000,#4001,#4002,#4003,
#4004,#4005,#4006,#4007,#4008,#4009,#4010,#4011,#4012,#4013,#4014,#4015,
#4016,#4017,#4018,#4019,#4020,#4021,#4022,#4023,#4024,#4025,#4026,#4027,
#4028,#4029,#4030,#4031,#4032,#4033,#4034,#4035,#4036,#4037,#4038,#4039,
#4040,#4041,#4042,#4043,#4044,#4045,#4046,#4047,#4048,#4049,#4050,#4051,
#4052,#4053,#4054,#4055,#4056,#4057,#4058,#4059,#4060,#4061,#4062,#4063,
#4064,#4065,#4066,#4067,#4068,#4069,#4070,#4071,#4072,#4073,#4074,#4075,
#4076,#4077,#4078,#4079,#4080,#4081,#4082,#4083,#4084,#4085,#4086,#4087,
#4088,#4089,#4090,#4091,#4092,#4093,#4094),.UNSPECIFIED.,.F.,.F.,(4,3,3,
3,3,3,3,3,3,3,3,3,3,3,3,3,3,3,3,3,3,3,3,3,3,3,3,3,3,3,3,3,3,3,3,3,3,3,3,
3,3,3,3,3,3,3,3,3,4),(3.91348019266901,4.00147752200564,4.0981540187226,
4.20113394180211,4.31266474963352,4.32151422031063,4.36008334779194,4.48184947573218,
4.58757951506485,4.71070446512539,4.78865401181911,4.81490083464987,4.966518115589,
5.11812712192411,5.14578438047787,5.19392948702014,5.26972835075645,5.30762468029307,
5.33254686441821,5.34551451466677,5.38340109435183,5.39454414836335,5.40180022052335,
5.40234800948034,5.41182936996998,5.42132159749529,5.44727137136511,5.45541128737712,
5.46154239568389,5.46540523028441,5.48298552517339,5.49716882561465,5.5143014053814,
5.52319466172832,5.54034785677526,5.55883204687532,5.57293453845177,5.58428316113779,
5.62196367123784,5.65868029742964,5.6913424482225,5.72175613961047,5.7247417240986,
5.75324463269096,5.78167490745579,5.79587209217829,5.81006219343544,5.83843569123771,
5.87584185190813),.UNSPECIFIED.);
#363=B_SPLINE_CURVE_WITH_KNOTS('',3,(#4096,#4097,#4098,#4099,#4100,#4101,
#4102,#4103,#4104),.UNSPECIFIED.,.F.,.F.,(4,1,1,1,1,1,4),(1.98162124036571,
2.00102564918084,2.05787681947144,2.28528150063387,2.74009086295872,2.96749554412114,
3.19202209338823),.UNSPECIFIED.);
#364=B_SPLINE_CURVE_WITH_KNOTS('',3,(#4105,#4106,#4107,#4108,#4109,#4110,
#4111,#4112,#4113,#4114,#4115,#4116,#4117,#4118,#4119,#4120,#4121,#4122,
#4123,#4124,#4125,#4126,#4127,#4128,#4129,#4130,#4131,#4132,#4133,#4134,
#4135,#4136,#4137,#4138,#4139,#4140,#4141,#4142,#4143,#4144,#4145,#4146,
#4147,#4148,#4149,#4150,#4151,#4152,#4153,#4154,#4155,#4156,#4157,#4158,
#4159,#4160,#4161,#4162,#4163,#4164,#4165,#4166,#4167,#4168,#4169,#4170,
#4171),.UNSPECIFIED.,.F.,.F.,(4,3,3,3,3,3,3,3,3,3,3,3,3,3,3,3,3,3,3,3,3,
3,4),(-0.00027730424907764,0.,0.00668283965388167,0.0100596313534096,0.0167820737364774,
0.0201248669917898,0.026851760159492,0.0277829360100975,0.0345139162043737,
0.0357511430496677,0.0424601013990146,0.04914526929486,0.051341750855679,
0.0559142373359834,0.0626458839968355,0.0669261073472919,0.0736621180714956,
0.0803380983420873,0.0825373606123837,0.0840888963326094,0.090727434096242,
0.0974588451349829,0.0981926382203158),.UNSPECIFIED.);
#365=B_SPLINE_CURVE_WITH_KNOTS('',3,(#4277,#4278,#4279,#4280,#4281,#4282,
#4283,#4284,#4285,#4286,#4287,#4288,#4289,#4290,#4291),.UNSPECIFIED.,.F.,
 .F.,(4,1,1,1,1,1,1,1,1,1,1,1,4),(5.99069424032335,6.1072691393514,6.22670425644266,
6.28642181498829,6.3162805942611,6.33120998389751,6.34613937353392,6.40585693207955,
6.46557449062518,6.52529204917081,6.58500960771644,6.7044447248077,6.82101951613888),
 .UNSPECIFIED.);
#366=B_SPLINE_CURVE_WITH_KNOTS('',3,(#4292,#4293,#4294,#4295,#4296,#4297,
#4298),.UNSPECIFIED.,.F.,.F.,(4,3,4),(0.809569056534738,0.81065585169659,
0.818504757258903),.UNSPECIFIED.);
#367=B_SPLINE_CURVE_WITH_KNOTS('',3,(#4299,#4300,#4301,#4302,#4303,#4304,
#4305),.UNSPECIFIED.,.F.,.F.,(4,3,4),(0.,0.00152276051342985,0.00161194116613458),
 .UNSPECIFIED.);
#368=B_SPLINE_CURVE_WITH_KNOTS('',3,(#4384,#4385,#4386,#4387,#4388,#4389,
#4390,#4391,#4392,#4393,#4394,#4395,#4396,#4397,#4398,#4399,#4400,#4401,
#4402,#4403,#4404,#4405,#4406,#4407,#4408,#4409,#4410,#4411,#4412,#4413,
#4414,#4415,#4416,#4417,#4418,#4419,#4420,#4421,#4422,#4423,#4424,#4425,
#4426,#4427,#4428,#4429),.UNSPECIFIED.,.F.,.F.,(4,3,3,3,3,3,3,3,3,3,3,3,
3,3,3,4),(0.,0.0258829479582953,0.0523544304499222,0.0800009471598485,0.108455361378579,
0.138036298498165,0.1694609155261,0.203924155731643,0.244388811212704,0.29297214404917,
0.330508430759267,0.36347252765214,0.393537832342926,0.423053356117088,
0.452478595360765,0.477465698218899),.UNSPECIFIED.);
#369=B_SPLINE_CURVE_WITH_KNOTS('',3,(#4573,#4574,#4575,#4576,#4577,#4578,
#4579,#4580,#4581,#4582,#4583,#4584,#4585,#4586,#4587,#4588,#4589,#4590,
#4591,#4592),.UNSPECIFIED.,.F.,.F.,(4,1,1,1,1,1,1,1,1,1,1,1,1,1,1,1,1,4),
(5.99069424032214,6.10726914451255,6.22670426676592,6.25656304732926,6.28642182789261,
6.30135121817428,6.31628060845595,6.33120999873762,6.33494234630804,6.33867469387846,
6.34613938901929,6.40585695014598,6.43571573070932,6.46557451127267,6.52529207239935,
6.58500963352604,6.70444475577941,6.82101951613785),.UNSPECIFIED.);
#370=B_SPLINE_CURVE_WITH_KNOTS('',3,(#4594,#4595,#4596,#4597,#4598,#4599,
#4600,#4601,#4602,#4603,#4604,#4605,#4606,#4607,#4608,#4609,#4610,#4611,
#4612,#4613,#4614,#4615,#4616,#4617,#4618,#4619,#4620,#4621,#4622,#4623,
#4624,#4625,#4626,#4627,#4628,#4629,#4630,#4631,#4632,#4633,#4634,#4635,
#4636,#4637,#4638,#4639,#4640,#4641,#4642,#4643,#4644,#4645,#4646,#4647,
#4648,#4649,#4650,#4651,#4652,#4653,#4654,#4655,#4656,#4657),
 .UNSPECIFIED.,.F.,.F.,(4,3,3,3,3,3,3,3,3,3,3,3,3,3,3,3,3,3,3,3,3,4),(-0.000276072653630848,
0.,0.00672515743359664,0.0100430114358863,0.0168103322564912,0.0200760791936616,
0.0268317174482057,0.0283743025724957,0.0351382691876605,0.035725616510228,
0.0424510129453637,0.0491610752951703,0.0513357920182754,0.0569515749570177,
0.0636829532557642,0.0669318366949542,0.0736614587149012,0.0783551181427017,
0.0825452739465498,0.0892447556167144,0.0959297240868499,0.0981941642763684),
 .UNSPECIFIED.);
#371=B_SPLINE_CURVE_WITH_KNOTS('',3,(#4658,#4659,#4660,#4661,#4662,#4663,
#4664),.UNSPECIFIED.,.F.,.F.,(4,3,4),(0.809569056280603,0.810655851434176,
0.818504756937343),.UNSPECIFIED.);
#372=B_SPLINE_CURVE_WITH_KNOTS('',3,(#4666,#4667,#4668,#4669,#4670,#4671,
#4672),.UNSPECIFIED.,.F.,.F.,(4,3,4),(0.,0.00152276051340269,0.00161194116610666),
 .UNSPECIFIED.);
#373=B_SPLINE_CURVE_WITH_KNOTS('',3,(#4673,#4674,#4675,#4676,#4677,#4678,
#4679,#4680,#4681,#4682,#4683,#4684,#4685,#4686,#4687,#4688,#4689,#4690,
#4691,#4692,#4693,#4694,#4695,#4696,#4697,#4698,#4699,#4700,#4701,#4702,
#4703,#4704,#4705,#4706,#4707,#4708,#4709,#4710,#4711,#4712,#4713,#4714,
#4715,#4716,#4717,#4718,#4719,#4720,#4721,#4722,#4723,#4724,#4725,#4726,
#4727,#4728,#4729,#4730,#4731,#4732,#4733,#4734,#4735,#4736),
 .UNSPECIFIED.,.F.,.F.,(4,3,3,3,3,3,3,3,3,3,3,3,3,3,3,3,3,3,3,3,3,4),(-0.000277304248286101,
0.,0.00672525581925556,0.0100596313476939,0.0168269354964623,0.020124866979245,
0.0268803629408648,0.0283729648839412,0.0351368241527069,0.0357511430266779,
0.0424767526752488,0.0491865665261076,0.0513417508222646,0.056950081324793,
0.0636814033593657,0.0669261073034685,0.0736557333879528,0.0783535612524517,
0.0825373605581207,0.0892368115484145,0.0959218186026618,0.0981926381555695),
 .UNSPECIFIED.);
#374=B_SPLINE_CURVE_WITH_KNOTS('',3,(#4906,#4907,#4908,#4909,#4910,#4911,
#4912,#4913,#4914,#4915,#4916,#4917,#4918,#4919,#4920,#4921,#4922,#4923,
#4924,#4925,#4926,#4927,#4928,#4929,#4930,#4931,#4932,#4933,#4934,#4935,
#4936,#4937,#4938,#4939,#4940,#4941,#4942,#4943,#4944,#4945,#4946,#4947,
#4948,#4949,#4950,#4951,#4952,#4953,#4954,#4955,#4956,#4957,#4958,#4959,
#4960),.UNSPECIFIED.,.F.,.F.,(4,3,3,3,3,3,3,3,3,3,3,3,3,3,3,3,3,3,4),(-3.19376743568588,
-3.14987925441043,-3.10172413662852,-3.07178258177245,-3.00683019141955,
-2.93155329787897,-2.84820705619087,-2.75693623359912,-2.74021566917211,
-2.64567855288418,-2.53655008715889,-2.51281694084417,-2.39908254165519,
-2.28532530477068,-2.18055960101078,-2.08467289830783,-2.04539424368699,
-1.99550797349358,-1.98179189479437),.UNSPECIFIED.);
#375=B_SPLINE_CURVE_WITH_KNOTS('',3,(#4961,#4962,#4963,#4964,#4965,#4966,
#4967,#4968,#4969,#4970,#4971,#4972,#4973,#4974,#4975,#4976,#4977,#4978,
#4979,#4980,#4981,#4982,#4983,#4984,#4985,#4986,#4987,#4988,#4989,#4990,
#4991,#4992,#4993,#4994,#4995,#4996,#4997,#4998,#4999,#5000,#5001,#5002,
#5003,#5004,#5005,#5006,#5007,#5008,#5009,#5010,#5011,#5012,#5013,#5014,
#5015,#5016,#5017,#5018,#5019,#5020,#5021,#5022,#5023,#5024,#5025,#5026,
#5027,#5028,#5029,#5030,#5031,#5032,#5033,#5034,#5035,#5036,#5037,#5038,
#5039,#5040,#5041,#5042,#5043,#5044,#5045,#5046,#5047,#5048,#5049,#5050,
#5051,#5052,#5053,#5054,#5055,#5056,#5057,#5058,#5059,#5060,#5061,#5062,
#5063,#5064,#5065,#5066,#5067,#5068,#5069,#5070,#5071,#5072,#5073,#5074,
#5075,#5076,#5077,#5078,#5079,#5080,#5081,#5082,#5083,#5084,#5085,#5086,
#5087,#5088,#5089,#5090,#5091,#5092,#5093,#5094,#5095,#5096,#5097,#5098,
#5099,#5100,#5101,#5102),.UNSPECIFIED.,.F.,.F.,(4,3,3,3,3,3,3,3,3,3,3,3,
3,3,3,3,3,3,3,3,3,3,3,3,3,3,3,3,3,3,3,3,3,3,3,3,3,3,3,3,3,3,3,3,3,3,3,4),
(-5.87584185192544,-5.83828230260824,-5.78143956723027,-5.73025071029778,
-5.72459399521098,-5.6913424483198,-5.65715796408776,-5.64881803681773,
-5.61655059903101,-5.58428316124429,-5.57305902760684,-5.55464576634875,
-5.53684736060813,-5.52035391349863,-5.51904895486751,-5.50319838138283,
-5.49712338612207,-5.48100472216325,-5.462569106792,-5.44470402583521,-5.42581107964646,
-5.42126399459862,-5.40198663951792,-5.37667635366905,-5.35043400843105,
-5.32319863536708,-5.31252959539689,-5.28030043898026,-5.26984549881993,
-5.23129321412616,-5.19402145952498,-5.15164298362991,-5.1457843805681,
-5.11817128210501,-5.01765683521737,-4.96651820858782,-4.89073633317561,
-4.85284579202008,-4.81495141784766,-4.78865401188027,-4.64145305110678,
-4.49443662899419,-4.36008008655585,-4.32151422033796,-4.15676138154928,
-4.13271068375324,-3.99414110204043,-3.90641712005901),.UNSPECIFIED.);
#376=B_SPLINE_CURVE_WITH_KNOTS('',3,(#5104,#5105,#5106,#5107),
 .UNSPECIFIED.,.F.,.F.,(4,4),(3.90816181924745,3.9134801927844),
 .UNSPECIFIED.);
#377=B_SPLINE_CURVE_WITH_KNOTS('',3,(#5109,#5110,#5111,#5112,#5113,#5114,
#5115,#5116,#5117,#5118,#5119,#5120,#5121,#5122,#5123,#5124,#5125,#5126,
#5127,#5128,#5129,#5130,#5131,#5132,#5133,#5134,#5135,#5136,#5137,#5138,
#5139,#5140,#5141,#5142,#5143,#5144,#5145,#5146,#5147,#5148,#5149,#5150,
#5151,#5152,#5153,#5154,#5155,#5156,#5157,#5158,#5159,#5160,#5161,#5162,
#5163,#5164,#5165,#5166,#5167,#5168,#5169,#5170,#5171,#5172,#5173,#5174,
#5175,#5176,#5177,#5178,#5179,#5180,#5181,#5182,#5183,#5184,#5185,#5186,
#5187,#5188,#5189,#5190,#5191,#5192,#5193,#5194,#5195,#5196,#5197,#5198,
#5199,#5200,#5201,#5202,#5203,#5204,#5205,#5206,#5207,#5208,#5209,#5210,
#5211,#5212,#5213,#5214,#5215,#5216,#5217,#5218,#5219,#5220,#5221,#5222,
#5223,#5224,#5225,#5226,#5227,#5228,#5229,#5230,#5231,#5232,#5233,#5234,
#5235),.UNSPECIFIED.,.F.,.F.,(4,3,3,3,3,3,3,3,3,3,3,3,3,3,3,3,3,3,3,3,3,
3,3,3,3,3,3,3,3,3,3,3,3,3,3,3,3,3,3,3,3,3,4),(3.9134801927844,4.03764793081406,
4.13269537964012,4.32151422033796,4.36007930853934,4.54422096491958,4.71780938634172,
4.78865401188027,4.81494818067943,4.85284148224486,4.89073118383788,4.96651225875897,
5.06292629246397,5.11816851878313,5.1457843805681,5.18721810136882,5.1940186861934,
5.23193092534927,5.26984316450514,5.30152979953859,5.31252959539689,5.34822809546558,
5.37805353423137,5.40198663951792,5.42126902118402,5.44039164632744,5.45761924429136,
5.462569106792,5.47986470382084,5.49712236695702,5.51385064004608,5.51904895486751,
5.53573057276044,5.55332681541445,5.57306079129926,5.58428316124429,5.6329117912011,
5.64881473137557,5.6913424483198,5.72458932406116,5.78143562217452,5.83827874850806,
5.87584185192544),.UNSPECIFIED.);
#378=B_SPLINE_CURVE_WITH_KNOTS('',3,(#5236,#5237,#5238,#5239,#5240,#5241,
#5242,#5243),.UNSPECIFIED.,.F.,.F.,(4,1,1,1,1,4),(1.98175073283384,2.285281490391,
2.398983832267,2.51268617414299,2.74009085789499,3.19202192872802),
 .UNSPECIFIED.);
#379=B_SPLINE_CURVE_WITH_KNOTS('',3,(#5322,#5323,#5324,#5325,#5326,#5327,
#5328,#5329,#5330,#5331,#5332,#5333,#5334,#5335,#5336,#5337,#5338,#5339,
#5340,#5341,#5342,#5343,#5344,#5345,#5346,#5347,#5348,#5349,#5350,#5351,
#5352,#5353,#5354,#5355,#5356,#5357,#5358,#5359,#5360,#5361,#5362,#5363,
#5364,#5365,#5366,#5367),.UNSPECIFIED.,.F.,.F.,(4,3,3,3,3,3,3,3,3,3,3,3,
3,3,3,4),(0.,0.0258829479832272,0.0523544304557932,0.0800009471851026,0.108455361386526,
0.138036298497747,0.169460915508353,0.203924155553802,0.244388810986466,
0.292972143935346,0.330508430676591,0.363472527604683,0.3935378323112,0.423053356074297,
0.452478595320103,0.477465698218887),.UNSPECIFIED.);
#380=B_SPLINE_CURVE_WITH_KNOTS('',3,(#5385,#5386,#5387,#5388,#5389,#5390,
#5391,#5392,#5393,#5394),.UNSPECIFIED.,.F.,.F.,(4,2,2,2,4),(1.37408980904287,
1.48574810006386,1.59740639108485,1.70869008657803,1.81997378207122),
 .UNSPECIFIED.);
#381=B_SPLINE_CURVE_WITH_KNOTS('',3,(#5396,#5397,#5398,#5399,#5400,#5401,
#5402,#5403,#5404,#5405),.UNSPECIFIED.,.F.,.F.,(4,2,2,2,4),(0.,0.11629087293817,
0.23258174587634,0.348342331941816,0.464102918007291),.UNSPECIFIED.);
#382=B_SPLINE_CURVE_WITH_KNOTS('',3,(#5409,#5410,#5411,#5412,#5413,#5414,
#5415,#5416,#5417,#5418),.UNSPECIFIED.,.F.,.F.,(4,2,2,2,4),(0.911278588653848,
0.985974220930339,1.06066985320683,1.13534990892577,1.21002996464471),
 .UNSPECIFIED.);
#383=B_SPLINE_CURVE_WITH_KNOTS('',3,(#5420,#5421,#5422,#5423,#5424,#5425,
#5426,#5427,#5428,#5429),.UNSPECIFIED.,.F.,.F.,(4,2,2,2,4),(0.,0.0767094677021744,
0.153418935404349,0.229841270867927,0.306263606331506),.UNSPECIFIED.);
#384=B_SPLINE_CURVE_WITH_KNOTS('',3,(#5431,#5432,#5433,#5434,#5435,#5436,
#5437,#5438,#5439,#5440,#5441,#5442,#5443,#5444,#5445,#5446,#5447,#5448),
 .UNSPECIFIED.,.F.,.F.,(4,2,2,2,2,2,2,2,4),(0.306263606331506,0.382685941795078,
0.45910827725865,0.535817744960819,0.612527212662988,0.68720726838193,0.761887324100873,
0.836582956377361,0.911278588653848),.UNSPECIFIED.);
#385=B_SPLINE_CURVE_WITH_KNOTS('',3,(#5449,#5450,#5451,#5452,#5453,#5454,
#5455,#5456,#5457,#5458,#5459,#5460,#5461,#5462,#5463,#5464,#5465,#5466),
 .UNSPECIFIED.,.F.,.F.,(4,2,2,2,2,2,2,2,4),(0.464102918007291,0.579863504072753,
0.695624090138214,0.811914963076373,0.928205836014531,1.03948953150772,
1.1507732270009,1.26243151802189,1.37408980904287),.UNSPECIFIED.);
#386=B_SPLINE_CURVE_WITH_KNOTS('',3,(#5478,#5479,#5480,#5481,#5482,#5483,
#5484,#5485,#5486,#5487,#5488,#5489,#5490,#5491,#5492,#5493,#5494,#5495,
#5496,#5497,#5498,#5499,#5500,#5501,#5502,#5503),.UNSPECIFIED.,.F.,.F.,
(4,2,2,2,2,2,2,2,2,2,2,2,4),(0.,0.0768045920544348,0.15360918410887,0.230119074702487,
0.306628965296105,0.38313885588973,0.459648746483355,0.536453338537796,
0.613257930592236,0.687871749725995,0.762485568859754,0.837144139990781,
0.911802711121809),.UNSPECIFIED.);
#387=B_SPLINE_CURVE_WITH_KNOTS('',3,(#5504,#5505,#5506,#5507,#5508,#5509,
#5510,#5511,#5512,#5513),.UNSPECIFIED.,.F.,.F.,(4,2,2,2,4),(0.911802711121809,
0.986461282252833,1.06111985338386,1.13573367251762,1.21034749165138),
 .UNSPECIFIED.);
#388=B_SPLINE_CURVE_WITH_KNOTS('',3,(#5516,#5517,#5518,#5519,#5520,#5521,
#5522,#5523,#5524,#5525,#5526,#5527,#5528,#5529,#5530,#5531,#5532,#5533,
#5534,#5535,#5536,#5537,#5538,#5539,#5540,#5541),.UNSPECIFIED.,.F.,.F.,
(4,2,2,2,2,2,2,2,2,2,2,2,4),(0.,0.116050083336742,0.232100166673484,0.347640161090077,
0.463180155506671,0.578720149923278,0.694260144339884,0.810310227676637,
0.926360311013389,1.0377687556309,1.1491772002484,1.26089578755292,1.37261437485745),
 .UNSPECIFIED.);
#389=B_SPLINE_CURVE_WITH_KNOTS('',3,(#5542,#5543,#5544,#5545,#5546,#5547,
#5548,#5549,#5550,#5551),.UNSPECIFIED.,.F.,.F.,(4,2,2,2,4),(1.37261437485745,
1.48433296216196,1.59605154946647,1.70745999408398,1.81886843870149),
 .UNSPECIFIED.);
#390=B_SPLINE_CURVE_WITH_KNOTS('',3,(#5584,#5585,#5586,#5587,#5588,#5589,
#5590,#5591,#5592,#5593),.UNSPECIFIED.,.F.,.F.,(4,2,2,2,4),(0.0270475253217089,
0.111068694424445,0.222142009086372,0.333222786110055,0.444314026360778),
 .UNSPECIFIED.);
#391=B_SPLINE_CURVE_WITH_KNOTS('',3,(#5596,#5597,#5598,#5599,#5600,#5601,
#5602,#5603,#5604,#5605),.UNSPECIFIED.,.F.,.F.,(4,2,2,2,4),(1.33298381147639,
1.44407505172711,1.5551558287508,1.66622914341272,1.75025031251547),
 .UNSPECIFIED.);
#392=B_SPLINE_CURVE_WITH_KNOTS('',3,(#5620,#5621,#5622,#5623,#5624,#5625,
#5626,#5627,#5628,#5629),.UNSPECIFIED.,.F.,.F.,(4,2,2,2,4),(0.0270475253217089,
0.111068694424445,0.222142009086372,0.333222786110055,0.444314026360778),
 .UNSPECIFIED.);
#393=B_SPLINE_CURVE_WITH_KNOTS('',3,(#5632,#5633,#5634,#5635,#5636,#5637,
#5638,#5639,#5640,#5641),.UNSPECIFIED.,.F.,.F.,(4,2,2,2,4),(1.33298381147639,
1.44407505172711,1.5551558287508,1.66622914341272,1.75025031251547),
 .UNSPECIFIED.);
#394=VERTEX_POINT('',#1506);
#395=VERTEX_POINT('',#1507);
#396=VERTEX_POINT('',#1554);
#397=VERTEX_POINT('',#1685);
#398=VERTEX_POINT('',#1753);
#399=VERTEX_POINT('',#1758);
#400=VERTEX_POINT('',#1886);
#401=VERTEX_POINT('',#2066);
#402=VERTEX_POINT('',#2074);
#403=VERTEX_POINT('',#2264);
#404=VERTEX_POINT('',#2313);
#405=VERTEX_POINT('',#2315);
#406=VERTEX_POINT('',#2318);
#407=VERTEX_POINT('',#2320);
#408=VERTEX_POINT('',#2415);
#409=VERTEX_POINT('',#2417);
#410=VERTEX_POINT('',#2512);
#411=VERTEX_POINT('',#2514);
#412=VERTEX_POINT('',#2704);
#413=VERTEX_POINT('',#2705);
#414=VERTEX_POINT('',#2719);
#415=VERTEX_POINT('',#2791);
#416=VERTEX_POINT('',#2996);
#417=VERTEX_POINT('',#3188);
#418=VERTEX_POINT('',#3193);
#419=VERTEX_POINT('',#3424);
#420=VERTEX_POINT('',#3682);
#421=VERTEX_POINT('',#3683);
#422=VERTEX_POINT('',#3730);
#423=VERTEX_POINT('',#3876);
#424=VERTEX_POINT('',#3944);
#425=VERTEX_POINT('',#3949);
#426=VERTEX_POINT('',#4095);
#427=VERTEX_POINT('',#4383);
#428=VERTEX_POINT('',#4571);
#429=VERTEX_POINT('',#4572);
#430=VERTEX_POINT('',#4593);
#431=VERTEX_POINT('',#4665);
#432=VERTEX_POINT('',#4905);
#433=VERTEX_POINT('',#5103);
#434=VERTEX_POINT('',#5108);
#435=VERTEX_POINT('',#5321);
#436=VERTEX_POINT('',#5370);
#437=VERTEX_POINT('',#5373);
#438=VERTEX_POINT('',#5374);
#439=VERTEX_POINT('',#5376);
#440=VERTEX_POINT('',#5378);
#441=VERTEX_POINT('',#5380);
#442=VERTEX_POINT('',#5382);
#443=VERTEX_POINT('',#5384);
#444=VERTEX_POINT('',#5395);
#445=VERTEX_POINT('',#5406);
#446=VERTEX_POINT('',#5408);
#447=VERTEX_POINT('',#5419);
#448=VERTEX_POINT('',#5467);
#449=VERTEX_POINT('',#5469);
#450=VERTEX_POINT('',#5471);
#451=VERTEX_POINT('',#5473);
#452=VERTEX_POINT('',#5476);
#453=VERTEX_POINT('',#5477);
#454=VERTEX_POINT('',#5514);
#455=VERTEX_POINT('',#5515);
#456=VERTEX_POINT('',#5553);
#457=VERTEX_POINT('',#5556);
#458=VERTEX_POINT('',#5559);
#459=VERTEX_POINT('',#5563);
#460=VERTEX_POINT('',#5567);
#461=VERTEX_POINT('',#5571);
#462=VERTEX_POINT('',#5574);
#463=VERTEX_POINT('',#5576);
#464=VERTEX_POINT('',#5580);
#465=VERTEX_POINT('',#5582);
#466=VERTEX_POINT('',#5595);
#467=VERTEX_POINT('',#5606);
#468=VERTEX_POINT('',#5610);
#469=VERTEX_POINT('',#5612);
#470=VERTEX_POINT('',#5616);
#471=VERTEX_POINT('',#5618);
#472=VERTEX_POINT('',#5631);
#473=VERTEX_POINT('',#5642);
#474=VERTEX_POINT('',#5646);
#475=VERTEX_POINT('',#5648);
#476=VERTEX_POINT('',#5654);
#477=VERTEX_POINT('',#5656);
#478=VERTEX_POINT('',#5661);
#479=VERTEX_POINT('',#5663);
#480=VERTEX_POINT('',#5666);
#481=VERTEX_POINT('',#5668);
#482=VERTEX_POINT('',#5671);
#483=VERTEX_POINT('',#5675);
#484=VERTEX_POINT('',#5678);
#485=VERTEX_POINT('',#5680);
#486=VERTEX_POINT('',#5686);
#487=VERTEX_POINT('',#5690);
#488=VERTEX_POINT('',#5694);
#489=VERTEX_POINT('',#5698);
#490=VERTEX_POINT('',#5701);
#491=VERTEX_POINT('',#5706);
#492=VERTEX_POINT('',#5710);
#493=VERTEX_POINT('',#5713);
#494=VERTEX_POINT('',#5723);
#495=VERTEX_POINT('',#5727);
#496=VERTEX_POINT('',#5729);
#497=VERTEX_POINT('',#5734);
#498=EDGE_CURVE('',#394,#395,#332,.T.);
#499=EDGE_CURVE('',#395,#396,#333,.T.);
#500=EDGE_CURVE('',#396,#397,#334,.T.);
#501=EDGE_CURVE('',#397,#398,#335,.T.);
#502=EDGE_CURVE('',#398,#399,#336,.T.);
#503=EDGE_CURVE('',#399,#400,#337,.T.);
#504=EDGE_CURVE('',#400,#394,#338,.T.);
#505=EDGE_CURVE('',#400,#397,#339,.T.);
#506=EDGE_CURVE('',#396,#401,#340,.T.);
#507=EDGE_CURVE('',#401,#402,#341,.T.);
#508=EDGE_CURVE('',#402,#394,#342,.T.);
#509=EDGE_CURVE('',#403,#398,#343,.T.);
#510=EDGE_CURVE('',#403,#403,#159,.T.);
#511=EDGE_CURVE('',#404,#401,#160,.T.);
#512=EDGE_CURVE('',#404,#405,#59,.T.);
#513=EDGE_CURVE('',#405,#405,#161,.T.);
#514=EDGE_CURVE('',#406,#404,#162,.T.);
#515=EDGE_CURVE('',#407,#406,#344,.T.);
#516=EDGE_CURVE('',#408,#407,#163,.T.);
#517=EDGE_CURVE('',#409,#408,#345,.T.);
#518=EDGE_CURVE('',#410,#409,#164,.T.);
#519=EDGE_CURVE('',#411,#410,#346,.T.);
#520=EDGE_CURVE('',#402,#411,#165,.T.);
#521=EDGE_CURVE('',#412,#413,#347,.T.);
#522=EDGE_CURVE('',#413,#414,#348,.T.);
#523=EDGE_CURVE('',#414,#407,#349,.T.);
#524=EDGE_CURVE('',#406,#415,#350,.T.);
#525=EDGE_CURVE('',#412,#415,#351,.T.);
#526=EDGE_CURVE('',#415,#416,#352,.T.);
#527=EDGE_CURVE('',#416,#414,#353,.T.);
#528=EDGE_CURVE('',#413,#417,#354,.T.);
#529=EDGE_CURVE('',#417,#418,#355,.T.);
#530=EDGE_CURVE('',#418,#412,#356,.T.);
#531=EDGE_CURVE('',#419,#417,#357,.T.);
#532=EDGE_CURVE('',#419,#419,#166,.T.);
#533=EDGE_CURVE('',#420,#421,#358,.T.);
#534=EDGE_CURVE('',#421,#422,#359,.T.);
#535=EDGE_CURVE('',#422,#423,#360,.T.);
#536=EDGE_CURVE('',#423,#424,#361,.T.);
#537=EDGE_CURVE('',#424,#425,#362,.T.);
#538=EDGE_CURVE('',#425,#426,#363,.T.);
#539=EDGE_CURVE('',#426,#420,#364,.T.);
#540=EDGE_CURVE('',#426,#423,#365,.T.);
#541=EDGE_CURVE('',#422,#409,#366,.T.);
#542=EDGE_CURVE('',#408,#420,#367,.T.);
#543=EDGE_CURVE('',#427,#424,#368,.T.);
#544=EDGE_CURVE('',#427,#427,#167,.T.);
#545=EDGE_CURVE('',#428,#429,#369,.T.);
#546=EDGE_CURVE('',#429,#430,#370,.T.);
#547=EDGE_CURVE('',#430,#411,#371,.T.);
#548=EDGE_CURVE('',#410,#431,#372,.T.);
#549=EDGE_CURVE('',#428,#431,#373,.T.);
#550=EDGE_CURVE('',#431,#432,#374,.T.);
#551=EDGE_CURVE('',#432,#430,#375,.T.);
#552=EDGE_CURVE('',#429,#433,#376,.T.);
#553=EDGE_CURVE('',#433,#434,#377,.T.);
#554=EDGE_CURVE('',#434,#428,#378,.T.);
#555=EDGE_CURVE('',#435,#433,#379,.T.);
#556=EDGE_CURVE('',#435,#435,#168,.T.);
#557=EDGE_CURVE('',#436,#436,#169,.T.);
#558=EDGE_CURVE('',#437,#438,#60,.T.);
#559=EDGE_CURVE('',#438,#439,#170,.T.);
#560=EDGE_CURVE('',#439,#440,#61,.T.);
#561=EDGE_CURVE('',#441,#440,#171,.T.);
#562=EDGE_CURVE('',#441,#442,#62,.T.);
#563=EDGE_CURVE('',#442,#443,#380,.T.);
#564=EDGE_CURVE('',#443,#444,#381,.T.);
#565=EDGE_CURVE('',#444,#445,#63,.T.);
#566=EDGE_CURVE('',#445,#446,#382,.T.);
#567=EDGE_CURVE('',#446,#447,#383,.T.);
#568=EDGE_CURVE('',#447,#404,#64,.T.);
#569=EDGE_CURVE('',#447,#445,#384,.T.);
#570=EDGE_CURVE('',#444,#442,#385,.T.);
#571=EDGE_CURVE('',#448,#441,#172,.T.);
#572=EDGE_CURVE('',#448,#449,#65,.T.);
#573=EDGE_CURVE('',#449,#450,#173,.T.);
#574=EDGE_CURVE('',#450,#451,#66,.T.);
#575=EDGE_CURVE('',#437,#451,#174,.T.);
#576=EDGE_CURVE('',#452,#453,#386,.T.);
#577=EDGE_CURVE('',#453,#452,#387,.T.);
#578=EDGE_CURVE('',#454,#455,#388,.T.);
#579=EDGE_CURVE('',#455,#454,#389,.T.);
#580=EDGE_CURVE('',#456,#456,#175,.T.);
#581=EDGE_CURVE('',#457,#457,#176,.T.);
#582=EDGE_CURVE('',#436,#458,#67,.T.);
#583=EDGE_CURVE('',#458,#458,#177,.T.);
#584=EDGE_CURVE('',#456,#459,#68,.T.);
#585=EDGE_CURVE('',#459,#459,#178,.T.);
#586=EDGE_CURVE('',#457,#460,#69,.T.);
#587=EDGE_CURVE('',#460,#460,#179,.T.);
#588=EDGE_CURVE('',#461,#461,#180,.T.);
#589=EDGE_CURVE('',#462,#438,#70,.T.);
#590=EDGE_CURVE('',#463,#462,#181,.T.);
#591=EDGE_CURVE('',#439,#463,#71,.T.);
#592=EDGE_CURVE('',#464,#463,#72,.T.);
#593=EDGE_CURVE('',#465,#464,#73,.T.);
#594=EDGE_CURVE('',#440,#465,#390,.T.);
#595=EDGE_CURVE('',#466,#437,#391,.T.);
#596=EDGE_CURVE('',#467,#466,#74,.T.);
#597=EDGE_CURVE('',#462,#467,#75,.T.);
#598=EDGE_CURVE('',#468,#449,#76,.T.);
#599=EDGE_CURVE('',#469,#468,#182,.T.);
#600=EDGE_CURVE('',#450,#469,#77,.T.);
#601=EDGE_CURVE('',#470,#469,#78,.T.);
#602=EDGE_CURVE('',#471,#470,#79,.T.);
#603=EDGE_CURVE('',#451,#471,#392,.T.);
#604=EDGE_CURVE('',#472,#448,#393,.T.);
#605=EDGE_CURVE('',#473,#472,#80,.T.);
#606=EDGE_CURVE('',#468,#473,#81,.T.);
#607=EDGE_CURVE('',#464,#474,#183,.T.);
#608=EDGE_CURVE('',#474,#475,#82,.T.);
#609=EDGE_CURVE('',#475,#473,#184,.T.);
#610=EDGE_CURVE('',#465,#472,#185,.T.);
#611=EDGE_CURVE('',#471,#466,#186,.T.);
#612=EDGE_CURVE('',#470,#476,#187,.T.);
#613=EDGE_CURVE('',#476,#477,#83,.T.);
#614=EDGE_CURVE('',#477,#467,#188,.T.);
#615=EDGE_CURVE('',#476,#478,#84,.T.);
#616=EDGE_CURVE('',#478,#479,#85,.T.);
#617=EDGE_CURVE('',#477,#479,#86,.T.);
#618=EDGE_CURVE('',#480,#480,#189,.T.);
#619=EDGE_CURVE('',#481,#481,#190,.T.);
#620=EDGE_CURVE('',#475,#482,#87,.T.);
#621=EDGE_CURVE('',#482,#478,#191,.T.);
#622=EDGE_CURVE('',#474,#483,#88,.T.);
#623=EDGE_CURVE('',#483,#482,#89,.T.);
#624=EDGE_CURVE('',#484,#484,#192,.T.);
#625=EDGE_CURVE('',#485,#485,#193,.T.);
#626=EDGE_CURVE('',#479,#483,#194,.T.);
#627=EDGE_CURVE('',#484,#486,#90,.T.);
#628=EDGE_CURVE('',#486,#486,#195,.T.);
#629=EDGE_CURVE('',#485,#487,#91,.T.);
#630=EDGE_CURVE('',#487,#487,#196,.T.);
#631=EDGE_CURVE('',#488,#488,#197,.T.);
#632=EDGE_CURVE('',#488,#455,#92,.T.);
#633=EDGE_CURVE('',#489,#489,#198,.T.);
#634=EDGE_CURVE('',#490,#490,#199,.T.);
#635=EDGE_CURVE('',#490,#445,#93,.T.);
#636=EDGE_CURVE('',#491,#491,#200,.T.);
#637=EDGE_CURVE('',#491,#453,#94,.T.);
#638=EDGE_CURVE('',#492,#492,#201,.T.);
#639=EDGE_CURVE('',#493,#493,#202,.T.);
#640=EDGE_CURVE('',#493,#442,#95,.T.);
#641=EDGE_CURVE('',#492,#480,#96,.T.);
#642=EDGE_CURVE('',#489,#481,#97,.T.);
#643=EDGE_CURVE('',#461,#494,#98,.T.);
#644=EDGE_CURVE('',#494,#494,#203,.T.);
#645=EDGE_CURVE('',#495,#495,#204,.T.);
#646=EDGE_CURVE('',#495,#496,#99,.T.);
#647=EDGE_CURVE('',#496,#496,#205,.T.);
#648=EDGE_CURVE('',#497,#497,#206,.T.);
#649=EDGE_CURVE('',#497,#495,#100,.T.);
#650=ORIENTED_EDGE('',*,*,#498,.T.);
#651=ORIENTED_EDGE('',*,*,#499,.T.);
#652=ORIENTED_EDGE('',*,*,#500,.T.);
#653=ORIENTED_EDGE('',*,*,#501,.T.);
#654=ORIENTED_EDGE('',*,*,#502,.T.);
#655=ORIENTED_EDGE('',*,*,#503,.T.);
#656=ORIENTED_EDGE('',*,*,#504,.T.);
#657=ORIENTED_EDGE('',*,*,#505,.T.);
#658=ORIENTED_EDGE('',*,*,#500,.F.);
#659=ORIENTED_EDGE('',*,*,#506,.T.);
#660=ORIENTED_EDGE('',*,*,#507,.T.);
#661=ORIENTED_EDGE('',*,*,#508,.T.);
#662=ORIENTED_EDGE('',*,*,#504,.F.);
#663=ORIENTED_EDGE('',*,*,#501,.F.);
#664=ORIENTED_EDGE('',*,*,#505,.F.);
#665=ORIENTED_EDGE('',*,*,#503,.F.);
#666=ORIENTED_EDGE('',*,*,#502,.F.);
#667=ORIENTED_EDGE('',*,*,#509,.F.);
#668=ORIENTED_EDGE('',*,*,#510,.T.);
#669=ORIENTED_EDGE('',*,*,#509,.T.);
#670=ORIENTED_EDGE('',*,*,#507,.F.);
#671=ORIENTED_EDGE('',*,*,#511,.F.);
#672=ORIENTED_EDGE('',*,*,#512,.T.);
#673=ORIENTED_EDGE('',*,*,#513,.F.);
#674=ORIENTED_EDGE('',*,*,#512,.F.);
#675=ORIENTED_EDGE('',*,*,#514,.F.);
#676=ORIENTED_EDGE('',*,*,#515,.F.);
#677=ORIENTED_EDGE('',*,*,#516,.F.);
#678=ORIENTED_EDGE('',*,*,#517,.F.);
#679=ORIENTED_EDGE('',*,*,#518,.F.);
#680=ORIENTED_EDGE('',*,*,#519,.F.);
#681=ORIENTED_EDGE('',*,*,#520,.F.);
#682=ORIENTED_EDGE('',*,*,#521,.T.);
#683=ORIENTED_EDGE('',*,*,#522,.T.);
#684=ORIENTED_EDGE('',*,*,#523,.T.);
#685=ORIENTED_EDGE('',*,*,#515,.T.);
#686=ORIENTED_EDGE('',*,*,#524,.T.);
#687=ORIENTED_EDGE('',*,*,#525,.F.);
#688=ORIENTED_EDGE('',*,*,#526,.T.);
#689=ORIENTED_EDGE('',*,*,#527,.T.);
#690=ORIENTED_EDGE('',*,*,#522,.F.);
#691=ORIENTED_EDGE('',*,*,#528,.T.);
#692=ORIENTED_EDGE('',*,*,#529,.T.);
#693=ORIENTED_EDGE('',*,*,#530,.T.);
#694=ORIENTED_EDGE('',*,*,#525,.T.);
#695=ORIENTED_EDGE('',*,*,#528,.F.);
#696=ORIENTED_EDGE('',*,*,#521,.F.);
#697=ORIENTED_EDGE('',*,*,#530,.F.);
#698=ORIENTED_EDGE('',*,*,#529,.F.);
#699=ORIENTED_EDGE('',*,*,#531,.F.);
#700=ORIENTED_EDGE('',*,*,#532,.T.);
#701=ORIENTED_EDGE('',*,*,#531,.T.);
#702=ORIENTED_EDGE('',*,*,#533,.T.);
#703=ORIENTED_EDGE('',*,*,#534,.T.);
#704=ORIENTED_EDGE('',*,*,#535,.T.);
#705=ORIENTED_EDGE('',*,*,#536,.T.);
#706=ORIENTED_EDGE('',*,*,#537,.T.);
#707=ORIENTED_EDGE('',*,*,#538,.T.);
#708=ORIENTED_EDGE('',*,*,#539,.T.);
#709=ORIENTED_EDGE('',*,*,#540,.T.);
#710=ORIENTED_EDGE('',*,*,#535,.F.);
#711=ORIENTED_EDGE('',*,*,#541,.T.);
#712=ORIENTED_EDGE('',*,*,#517,.T.);
#713=ORIENTED_EDGE('',*,*,#542,.T.);
#714=ORIENTED_EDGE('',*,*,#539,.F.);
#715=ORIENTED_EDGE('',*,*,#536,.F.);
#716=ORIENTED_EDGE('',*,*,#540,.F.);
#717=ORIENTED_EDGE('',*,*,#538,.F.);
#718=ORIENTED_EDGE('',*,*,#537,.F.);
#719=ORIENTED_EDGE('',*,*,#543,.F.);
#720=ORIENTED_EDGE('',*,*,#544,.T.);
#721=ORIENTED_EDGE('',*,*,#543,.T.);
#722=ORIENTED_EDGE('',*,*,#545,.T.);
#723=ORIENTED_EDGE('',*,*,#546,.T.);
#724=ORIENTED_EDGE('',*,*,#547,.T.);
#725=ORIENTED_EDGE('',*,*,#519,.T.);
#726=ORIENTED_EDGE('',*,*,#548,.T.);
#727=ORIENTED_EDGE('',*,*,#549,.F.);
#728=ORIENTED_EDGE('',*,*,#550,.T.);
#729=ORIENTED_EDGE('',*,*,#551,.T.);
#730=ORIENTED_EDGE('',*,*,#546,.F.);
#731=ORIENTED_EDGE('',*,*,#552,.T.);
#732=ORIENTED_EDGE('',*,*,#553,.T.);
#733=ORIENTED_EDGE('',*,*,#554,.T.);
#734=ORIENTED_EDGE('',*,*,#549,.T.);
#735=ORIENTED_EDGE('',*,*,#552,.F.);
#736=ORIENTED_EDGE('',*,*,#545,.F.);
#737=ORIENTED_EDGE('',*,*,#554,.F.);
#738=ORIENTED_EDGE('',*,*,#553,.F.);
#739=ORIENTED_EDGE('',*,*,#555,.F.);
#740=ORIENTED_EDGE('',*,*,#556,.T.);
#741=ORIENTED_EDGE('',*,*,#555,.T.);
#742=ORIENTED_EDGE('',*,*,#556,.F.);
#743=ORIENTED_EDGE('',*,*,#557,.T.);
#744=ORIENTED_EDGE('',*,*,#558,.T.);
#745=ORIENTED_EDGE('',*,*,#559,.T.);
#746=ORIENTED_EDGE('',*,*,#560,.T.);
#747=ORIENTED_EDGE('',*,*,#561,.F.);
#748=ORIENTED_EDGE('',*,*,#562,.T.);
#749=ORIENTED_EDGE('',*,*,#563,.T.);
#750=ORIENTED_EDGE('',*,*,#564,.T.);
#751=ORIENTED_EDGE('',*,*,#565,.T.);
#752=ORIENTED_EDGE('',*,*,#566,.T.);
#753=ORIENTED_EDGE('',*,*,#567,.T.);
#754=ORIENTED_EDGE('',*,*,#568,.T.);
#755=ORIENTED_EDGE('',*,*,#511,.T.);
#756=ORIENTED_EDGE('',*,*,#506,.F.);
#757=ORIENTED_EDGE('',*,*,#499,.F.);
#758=ORIENTED_EDGE('',*,*,#498,.F.);
#759=ORIENTED_EDGE('',*,*,#508,.F.);
#760=ORIENTED_EDGE('',*,*,#520,.T.);
#761=ORIENTED_EDGE('',*,*,#547,.F.);
#762=ORIENTED_EDGE('',*,*,#551,.F.);
#763=ORIENTED_EDGE('',*,*,#550,.F.);
#764=ORIENTED_EDGE('',*,*,#548,.F.);
#765=ORIENTED_EDGE('',*,*,#518,.T.);
#766=ORIENTED_EDGE('',*,*,#541,.F.);
#767=ORIENTED_EDGE('',*,*,#534,.F.);
#768=ORIENTED_EDGE('',*,*,#533,.F.);
#769=ORIENTED_EDGE('',*,*,#542,.F.);
#770=ORIENTED_EDGE('',*,*,#516,.T.);
#771=ORIENTED_EDGE('',*,*,#523,.F.);
#772=ORIENTED_EDGE('',*,*,#527,.F.);
#773=ORIENTED_EDGE('',*,*,#526,.F.);
#774=ORIENTED_EDGE('',*,*,#524,.F.);
#775=ORIENTED_EDGE('',*,*,#514,.T.);
#776=ORIENTED_EDGE('',*,*,#568,.F.);
#777=ORIENTED_EDGE('',*,*,#569,.T.);
#778=ORIENTED_EDGE('',*,*,#565,.F.);
#779=ORIENTED_EDGE('',*,*,#570,.T.);
#780=ORIENTED_EDGE('',*,*,#562,.F.);
#781=ORIENTED_EDGE('',*,*,#571,.F.);
#782=ORIENTED_EDGE('',*,*,#572,.T.);
#783=ORIENTED_EDGE('',*,*,#573,.T.);
#784=ORIENTED_EDGE('',*,*,#574,.T.);
#785=ORIENTED_EDGE('',*,*,#575,.F.);
#786=ORIENTED_EDGE('',*,*,#576,.T.);
#787=ORIENTED_EDGE('',*,*,#577,.T.);
#788=ORIENTED_EDGE('',*,*,#578,.T.);
#789=ORIENTED_EDGE('',*,*,#579,.T.);
#790=ORIENTED_EDGE('',*,*,#544,.F.);
#791=ORIENTED_EDGE('',*,*,#580,.T.);
#792=ORIENTED_EDGE('',*,*,#532,.F.);
#793=ORIENTED_EDGE('',*,*,#581,.T.);
#794=ORIENTED_EDGE('',*,*,#557,.F.);
#795=ORIENTED_EDGE('',*,*,#582,.T.);
#796=ORIENTED_EDGE('',*,*,#583,.F.);
#797=ORIENTED_EDGE('',*,*,#582,.F.);
#798=ORIENTED_EDGE('',*,*,#580,.F.);
#799=ORIENTED_EDGE('',*,*,#584,.T.);
#800=ORIENTED_EDGE('',*,*,#585,.F.);
#801=ORIENTED_EDGE('',*,*,#584,.F.);
#802=ORIENTED_EDGE('',*,*,#581,.F.);
#803=ORIENTED_EDGE('',*,*,#586,.T.);
#804=ORIENTED_EDGE('',*,*,#587,.F.);
#805=ORIENTED_EDGE('',*,*,#586,.F.);
#806=ORIENTED_EDGE('',*,*,#510,.F.);
#807=ORIENTED_EDGE('',*,*,#588,.T.);
#808=ORIENTED_EDGE('',*,*,#559,.F.);
#809=ORIENTED_EDGE('',*,*,#589,.F.);
#810=ORIENTED_EDGE('',*,*,#590,.F.);
#811=ORIENTED_EDGE('',*,*,#591,.F.);
#812=ORIENTED_EDGE('',*,*,#560,.F.);
#813=ORIENTED_EDGE('',*,*,#591,.T.);
#814=ORIENTED_EDGE('',*,*,#592,.F.);
#815=ORIENTED_EDGE('',*,*,#593,.F.);
#816=ORIENTED_EDGE('',*,*,#594,.F.);
#817=ORIENTED_EDGE('',*,*,#558,.F.);
#818=ORIENTED_EDGE('',*,*,#595,.F.);
#819=ORIENTED_EDGE('',*,*,#596,.F.);
#820=ORIENTED_EDGE('',*,*,#597,.F.);
#821=ORIENTED_EDGE('',*,*,#589,.T.);
#822=ORIENTED_EDGE('',*,*,#573,.F.);
#823=ORIENTED_EDGE('',*,*,#598,.F.);
#824=ORIENTED_EDGE('',*,*,#599,.F.);
#825=ORIENTED_EDGE('',*,*,#600,.F.);
#826=ORIENTED_EDGE('',*,*,#574,.F.);
#827=ORIENTED_EDGE('',*,*,#600,.T.);
#828=ORIENTED_EDGE('',*,*,#601,.F.);
#829=ORIENTED_EDGE('',*,*,#602,.F.);
#830=ORIENTED_EDGE('',*,*,#603,.F.);
#831=ORIENTED_EDGE('',*,*,#572,.F.);
#832=ORIENTED_EDGE('',*,*,#604,.F.);
#833=ORIENTED_EDGE('',*,*,#605,.F.);
#834=ORIENTED_EDGE('',*,*,#606,.F.);
#835=ORIENTED_EDGE('',*,*,#598,.T.);
#836=ORIENTED_EDGE('',*,*,#593,.T.);
#837=ORIENTED_EDGE('',*,*,#607,.T.);
#838=ORIENTED_EDGE('',*,*,#608,.T.);
#839=ORIENTED_EDGE('',*,*,#609,.T.);
#840=ORIENTED_EDGE('',*,*,#605,.T.);
#841=ORIENTED_EDGE('',*,*,#610,.F.);
#842=ORIENTED_EDGE('',*,*,#596,.T.);
#843=ORIENTED_EDGE('',*,*,#611,.F.);
#844=ORIENTED_EDGE('',*,*,#602,.T.);
#845=ORIENTED_EDGE('',*,*,#612,.T.);
#846=ORIENTED_EDGE('',*,*,#613,.T.);
#847=ORIENTED_EDGE('',*,*,#614,.T.);
#848=ORIENTED_EDGE('',*,*,#594,.T.);
#849=ORIENTED_EDGE('',*,*,#610,.T.);
#850=ORIENTED_EDGE('',*,*,#604,.T.);
#851=ORIENTED_EDGE('',*,*,#571,.T.);
#852=ORIENTED_EDGE('',*,*,#561,.T.);
#853=ORIENTED_EDGE('',*,*,#613,.F.);
#854=ORIENTED_EDGE('',*,*,#615,.T.);
#855=ORIENTED_EDGE('',*,*,#616,.T.);
#856=ORIENTED_EDGE('',*,*,#617,.F.);
#857=ORIENTED_EDGE('',*,*,#618,.F.);
#858=ORIENTED_EDGE('',*,*,#619,.F.);
#859=ORIENTED_EDGE('',*,*,#606,.T.);
#860=ORIENTED_EDGE('',*,*,#609,.F.);
#861=ORIENTED_EDGE('',*,*,#620,.T.);
#862=ORIENTED_EDGE('',*,*,#621,.T.);
#863=ORIENTED_EDGE('',*,*,#615,.F.);
#864=ORIENTED_EDGE('',*,*,#612,.F.);
#865=ORIENTED_EDGE('',*,*,#601,.T.);
#866=ORIENTED_EDGE('',*,*,#599,.T.);
#867=ORIENTED_EDGE('',*,*,#608,.F.);
#868=ORIENTED_EDGE('',*,*,#622,.T.);
#869=ORIENTED_EDGE('',*,*,#623,.T.);
#870=ORIENTED_EDGE('',*,*,#620,.F.);
#871=ORIENTED_EDGE('',*,*,#624,.F.);
#872=ORIENTED_EDGE('',*,*,#625,.F.);
#873=ORIENTED_EDGE('',*,*,#597,.T.);
#874=ORIENTED_EDGE('',*,*,#614,.F.);
#875=ORIENTED_EDGE('',*,*,#617,.T.);
#876=ORIENTED_EDGE('',*,*,#626,.T.);
#877=ORIENTED_EDGE('',*,*,#622,.F.);
#878=ORIENTED_EDGE('',*,*,#607,.F.);
#879=ORIENTED_EDGE('',*,*,#592,.T.);
#880=ORIENTED_EDGE('',*,*,#590,.T.);
#881=ORIENTED_EDGE('',*,*,#626,.F.);
#882=ORIENTED_EDGE('',*,*,#616,.F.);
#883=ORIENTED_EDGE('',*,*,#621,.F.);
#884=ORIENTED_EDGE('',*,*,#623,.F.);
#885=ORIENTED_EDGE('',*,*,#624,.T.);
#886=ORIENTED_EDGE('',*,*,#627,.T.);
#887=ORIENTED_EDGE('',*,*,#628,.T.);
#888=ORIENTED_EDGE('',*,*,#627,.F.);
#889=ORIENTED_EDGE('',*,*,#625,.T.);
#890=ORIENTED_EDGE('',*,*,#629,.T.);
#891=ORIENTED_EDGE('',*,*,#630,.T.);
#892=ORIENTED_EDGE('',*,*,#629,.F.);
#893=ORIENTED_EDGE('',*,*,#631,.T.);
#894=ORIENTED_EDGE('',*,*,#632,.T.);
#895=ORIENTED_EDGE('',*,*,#578,.F.);
#896=ORIENTED_EDGE('',*,*,#579,.F.);
#897=ORIENTED_EDGE('',*,*,#632,.F.);
#898=ORIENTED_EDGE('',*,*,#631,.F.);
#899=ORIENTED_EDGE('',*,*,#633,.F.);
#900=ORIENTED_EDGE('',*,*,#634,.F.);
#901=ORIENTED_EDGE('',*,*,#635,.T.);
#902=ORIENTED_EDGE('',*,*,#569,.F.);
#903=ORIENTED_EDGE('',*,*,#567,.F.);
#904=ORIENTED_EDGE('',*,*,#566,.F.);
#905=ORIENTED_EDGE('',*,*,#635,.F.);
#906=ORIENTED_EDGE('',*,*,#634,.T.);
#907=ORIENTED_EDGE('',*,*,#630,.F.);
#908=ORIENTED_EDGE('',*,*,#636,.T.);
#909=ORIENTED_EDGE('',*,*,#637,.T.);
#910=ORIENTED_EDGE('',*,*,#576,.F.);
#911=ORIENTED_EDGE('',*,*,#577,.F.);
#912=ORIENTED_EDGE('',*,*,#637,.F.);
#913=ORIENTED_EDGE('',*,*,#636,.F.);
#914=ORIENTED_EDGE('',*,*,#638,.F.);
#915=ORIENTED_EDGE('',*,*,#639,.F.);
#916=ORIENTED_EDGE('',*,*,#640,.T.);
#917=ORIENTED_EDGE('',*,*,#570,.F.);
#918=ORIENTED_EDGE('',*,*,#564,.F.);
#919=ORIENTED_EDGE('',*,*,#563,.F.);
#920=ORIENTED_EDGE('',*,*,#640,.F.);
#921=ORIENTED_EDGE('',*,*,#639,.T.);
#922=ORIENTED_EDGE('',*,*,#628,.F.);
#923=ORIENTED_EDGE('',*,*,#638,.T.);
#924=ORIENTED_EDGE('',*,*,#641,.T.);
#925=ORIENTED_EDGE('',*,*,#618,.T.);
#926=ORIENTED_EDGE('',*,*,#641,.F.);
#927=ORIENTED_EDGE('',*,*,#633,.T.);
#928=ORIENTED_EDGE('',*,*,#642,.T.);
#929=ORIENTED_EDGE('',*,*,#619,.T.);
#930=ORIENTED_EDGE('',*,*,#642,.F.);
#931=ORIENTED_EDGE('',*,*,#595,.T.);
#932=ORIENTED_EDGE('',*,*,#575,.T.);
#933=ORIENTED_EDGE('',*,*,#603,.T.);
#934=ORIENTED_EDGE('',*,*,#611,.T.);
#935=ORIENTED_EDGE('',*,*,#588,.F.);
#936=ORIENTED_EDGE('',*,*,#643,.T.);
#937=ORIENTED_EDGE('',*,*,#644,.F.);
#938=ORIENTED_EDGE('',*,*,#643,.F.);
#939=ORIENTED_EDGE('',*,*,#645,.T.);
#940=ORIENTED_EDGE('',*,*,#646,.T.);
#941=ORIENTED_EDGE('',*,*,#647,.F.);
#942=ORIENTED_EDGE('',*,*,#646,.F.);
#943=ORIENTED_EDGE('',*,*,#647,.T.);
#944=ORIENTED_EDGE('',*,*,#648,.F.);
#945=ORIENTED_EDGE('',*,*,#649,.T.);
#946=ORIENTED_EDGE('',*,*,#645,.F.);
#947=ORIENTED_EDGE('',*,*,#649,.F.);
#948=ORIENTED_EDGE('',*,*,#513,.T.);
#949=ORIENTED_EDGE('',*,*,#583,.T.);
#950=ORIENTED_EDGE('',*,*,#585,.T.);
#951=ORIENTED_EDGE('',*,*,#587,.T.);
#952=ORIENTED_EDGE('',*,*,#644,.T.);
#953=ORIENTED_EDGE('',*,*,#648,.T.);
#954=B_SPLINE_SURFACE_WITH_KNOTS('',3,3,((#1345,#1346,#1347,#1348,#1349,
#1350,#1351,#1352,#1353,#1354,#1355,#1356,#1357,#1358,#1359,#1360,#1361,
#1362,#1363,#1364,#1365,#1366,#1367),(#1368,#1369,#1370,#1371,#1372,#1373,
#1374,#1375,#1376,#1377,#1378,#1379,#1380,#1381,#1382,#1383,#1384,#1385,
#1386,#1387,#1388,#1389,#1390),(#1391,#1392,#1393,#1394,#1395,#1396,#1397,
#1398,#1399,#1400,#1401,#1402,#1403,#1404,#1405,#1406,#1407,#1408,#1409,
#1410,#1411,#1412,#1413),(#1414,#1415,#1416,#1417,#1418,#1419,#1420,#1421,
#1422,#1423,#1424,#1425,#1426,#1427,#1428,#1429,#1430,#1431,#1432,#1433,
#1434,#1435,#1436),(#1437,#1438,#1439,#1440,#1441,#1442,#1443,#1444,#1445,
#1446,#1447,#1448,#1449,#1450,#1451,#1452,#1453,#1454,#1455,#1456,#1457,
#1458,#1459),(#1460,#1461,#1462,#1463,#1464,#1465,#1466,#1467,#1468,#1469,
#1470,#1471,#1472,#1473,#1474,#1475,#1476,#1477,#1478,#1479,#1480,#1481,
#1482),(#1483,#1484,#1485,#1486,#1487,#1488,#1489,#1490,#1491,#1492,#1493,
#1494,#1495,#1496,#1497,#1498,#1499,#1500,#1501,#1502,#1503,#1504,#1505)),
 .UNSPECIFIED.,.F.,.F.,.F.,(4,1,1,1,4),(4,1,1,1,1,1,1,1,1,1,1,1,1,1,1,1,
1,1,1,1,4),(0.,0.285714285714286,0.571428571428571,0.857142857142857,1.),
(0.0111576789343486,0.238562361236154,0.46596704353796,0.92077640814157,
1.22398265121064,1.29978421197791,1.37558577274518,1.41348655312882,1.45138733351245,
1.48928811389608,1.5082385040879,1.52718889427972,1.60299045504699,1.67879201581426,
1.83039513734879,1.9440974784997,2.2852045019524,2.51260918425421,2.74001386655601,
2.96741854885782,3.19482323115963),.UNSPECIFIED.);
#955=B_SPLINE_SURFACE_WITH_KNOTS('',3,3,((#1962,#1963,#1964,#1965,#1966,
#1967,#1968,#1969,#1970,#1971,#1972,#1973,#1974),(#1975,#1976,#1977,#1978,
#1979,#1980,#1981,#1982,#1983,#1984,#1985,#1986,#1987),(#1988,#1989,#1990,
#1991,#1992,#1993,#1994,#1995,#1996,#1997,#1998,#1999,#2000),(#2001,#2002,
#2003,#2004,#2005,#2006,#2007,#2008,#2009,#2010,#2011,#2012,#2013),(#2014,
#2015,#2016,#2017,#2018,#2019,#2020,#2021,#2022,#2023,#2024,#2025,#2026),
(#2027,#2028,#2029,#2030,#2031,#2032,#2033,#2034,#2035,#2036,#2037,#2038,
#2039),(#2040,#2041,#2042,#2043,#2044,#2045,#2046,#2047,#2048,#2049,#2050,
#2051,#2052)),.UNSPECIFIED.,.F.,.F.,.F.,(4,1,1,1,4),(4,1,1,1,1,1,1,1,1,
1,4),(0.,0.285714285714286,0.571428571428571,0.785714285714286,1.),(5.98783435633205,
6.10726947341705,6.22670459050206,6.28642214904456,6.34613970758706,6.40585726612956,
6.46557482467206,6.52529238321457,6.58500994175707,6.67458627957082,6.82388017592708),
 .UNSPECIFIED.);
#956=B_SPLINE_SURFACE_WITH_KNOTS('',3,3,((#2176,#2177,#2178,#2179,#2180,
#2181,#2182,#2183),(#2184,#2185,#2186,#2187,#2188,#2189,#2190,#2191),(#2192,
#2193,#2194,#2195,#2196,#2197,#2198,#2199),(#2200,#2201,#2202,#2203,#2204,
#2205,#2206,#2207),(#2208,#2209,#2210,#2211,#2212,#2213,#2214,#2215),(#2216,
#2217,#2218,#2219,#2220,#2221,#2222,#2223),(#2224,#2225,#2226,#2227,#2228,
#2229,#2230,#2231),(#2232,#2233,#2234,#2235,#2236,#2237,#2238,#2239),(#2240,
#2241,#2242,#2243,#2244,#2245,#2246,#2247),(#2248,#2249,#2250,#2251,#2252,
#2253,#2254,#2255),(#2256,#2257,#2258,#2259,#2260,#2261,#2262,#2263)),
 .UNSPECIFIED.,.T.,.F.,.F.,(4,1,1,1,1,1,1,1,4),(4,1,1,1,1,4),(-3.14159265358979,
-2.69279370307697,-2.24399475256414,-1.34639685153848,-0.448798950512828,
0.448798950512828,1.34639685153848,2.24399475256414,3.14159265358979),(0.,
0.130235445339007,0.260470890678014,0.520941781356027,0.781412672034041,
0.911648117373048),.UNSPECIFIED.);
#957=B_SPLINE_SURFACE_WITH_KNOTS('',3,3,((#2613,#2614,#2615,#2616,#2617,
#2618,#2619,#2620,#2621,#2622,#2623,#2624,#2625),(#2626,#2627,#2628,#2629,
#2630,#2631,#2632,#2633,#2634,#2635,#2636,#2637,#2638),(#2639,#2640,#2641,
#2642,#2643,#2644,#2645,#2646,#2647,#2648,#2649,#2650,#2651),(#2652,#2653,
#2654,#2655,#2656,#2657,#2658,#2659,#2660,#2661,#2662,#2663,#2664),(#2665,
#2666,#2667,#2668,#2669,#2670,#2671,#2672,#2673,#2674,#2675,#2676,#2677),
(#2678,#2679,#2680,#2681,#2682,#2683,#2684,#2685,#2686,#2687,#2688,#2689,
#2690),(#2691,#2692,#2693,#2694,#2695,#2696,#2697,#2698,#2699,#2700,#2701,
#2702,#2703)),.UNSPECIFIED.,.F.,.F.,.F.,(4,1,1,1,4),(4,1,1,1,1,1,1,1,1,
1,4),(0.,0.285714285714286,0.571428571428571,0.785714285714286,1.),(5.98783402281981,
6.10726914507319,6.22670426732655,6.28642182845324,6.34613938957992,6.40585695070661,
6.4655745118333,6.52529207295998,6.58500963408667,6.67458597577669,6.8238798785934),
 .UNSPECIFIED.);
#958=B_SPLINE_SURFACE_WITH_KNOTS('',3,3,((#2863,#2864,#2865,#2866,#2867,
#2868,#2869,#2870,#2871,#2872,#2873,#2874,#2875,#2876,#2877,#2878,#2879,
#2880,#2881),(#2882,#2883,#2884,#2885,#2886,#2887,#2888,#2889,#2890,#2891,
#2892,#2893,#2894,#2895,#2896,#2897,#2898,#2899,#2900),(#2901,#2902,#2903,
#2904,#2905,#2906,#2907,#2908,#2909,#2910,#2911,#2912,#2913,#2914,#2915,
#2916,#2917,#2918,#2919),(#2920,#2921,#2922,#2923,#2924,#2925,#2926,#2927,
#2928,#2929,#2930,#2931,#2932,#2933,#2934,#2935,#2936,#2937,#2938),(#2939,
#2940,#2941,#2942,#2943,#2944,#2945,#2946,#2947,#2948,#2949,#2950,#2951,
#2952,#2953,#2954,#2955,#2956,#2957),(#2958,#2959,#2960,#2961,#2962,#2963,
#2964,#2965,#2966,#2967,#2968,#2969,#2970,#2971,#2972,#2973,#2974,#2975,
#2976),(#2977,#2978,#2979,#2980,#2981,#2982,#2983,#2984,#2985,#2986,#2987,
#2988,#2989,#2990,#2991,#2992,#2993,#2994,#2995)),.UNSPECIFIED.,.F.,.F.,
 .F.,(4,1,1,1,4),(4,1,1,1,1,1,1,1,1,1,1,1,1,1,1,1,4),(0.,0.285714285714286,
0.571428571428571,0.857142857142857,1.),(0.0112345815110801,0.466043949017187,
0.69344863277024,0.920853316523294,1.22405956152736,1.29986112277838,1.3756626840294,
1.45146424528042,1.48936502590593,1.52726580653144,1.60306736778245,1.67886892903347,
1.83047205153551,1.94417439341203,2.28528141904161,2.74009078654772,3.19490015405383),
 .UNSPECIFIED.);
#959=B_SPLINE_SURFACE_WITH_KNOTS('',3,3,((#3336,#3337,#3338,#3339,#3340,
#3341,#3342,#3343),(#3344,#3345,#3346,#3347,#3348,#3349,#3350,#3351),(#3352,
#3353,#3354,#3355,#3356,#3357,#3358,#3359),(#3360,#3361,#3362,#3363,#3364,
#3365,#3366,#3367),(#3368,#3369,#3370,#3371,#3372,#3373,#3374,#3375),(#3376,
#3377,#3378,#3379,#3380,#3381,#3382,#3383),(#3384,#3385,#3386,#3387,#3388,
#3389,#3390,#3391),(#3392,#3393,#3394,#3395,#3396,#3397,#3398,#3399),(#3400,
#3401,#3402,#3403,#3404,#3405,#3406,#3407),(#3408,#3409,#3410,#3411,#3412,
#3413,#3414,#3415),(#3416,#3417,#3418,#3419,#3420,#3421,#3422,#3423)),
 .UNSPECIFIED.,.T.,.F.,.F.,(4,1,1,1,1,1,1,1,4),(4,1,1,1,1,4),(-3.14159265358979,
-2.69279370307697,-2.24399475256414,-1.34639685153848,-0.448798950512828,
0.448798950512828,1.34639685153848,2.24399475256414,3.14159265358979),(0.,
0.130235448761142,0.260470897522284,0.520941795044568,0.781412692566853,
0.911648141327995),.UNSPECIFIED.);
#960=B_SPLINE_SURFACE_WITH_KNOTS('',3,3,((#3472,#3473,#3474,#3475,#3476,
#3477,#3478,#3479,#3480,#3481,#3482,#3483,#3484,#3485,#3486,#3487,#3488,
#3489,#3490,#3491,#3492,#3493,#3494,#3495,#3496,#3497,#3498,#3499,#3500,
#3501),(#3502,#3503,#3504,#3505,#3506,#3507,#3508,#3509,#3510,#3511,#3512,
#3513,#3514,#3515,#3516,#3517,#3518,#3519,#3520,#3521,#3522,#3523,#3524,
#3525,#3526,#3527,#3528,#3529,#3530,#3531),(#3532,#3533,#3534,#3535,#3536,
#3537,#3538,#3539,#3540,#3541,#3542,#3543,#3544,#3545,#3546,#3547,#3548,
#3549,#3550,#3551,#3552,#3553,#3554,#3555,#3556,#3557,#3558,#3559,#3560,
#3561),(#3562,#3563,#3564,#3565,#3566,#3567,#3568,#3569,#3570,#3571,#3572,
#3573,#3574,#3575,#3576,#3577,#3578,#3579,#3580,#3581,#3582,#3583,#3584,
#3585,#3586,#3587,#3588,#3589,#3590,#3591),(#3592,#3593,#3594,#3595,#3596,
#3597,#3598,#3599,#3600,#3601,#3602,#3603,#3604,#3605,#3606,#3607,#3608,
#3609,#3610,#3611,#3612,#3613,#3614,#3615,#3616,#3617,#3618,#3619,#3620,
#3621),(#3622,#3623,#3624,#3625,#3626,#3627,#3628,#3629,#3630,#3631,#3632,
#3633,#3634,#3635,#3636,#3637,#3638,#3639,#3640,#3641,#3642,#3643,#3644,
#3645,#3646,#3647,#3648,#3649,#3650,#3651),(#3652,#3653,#3654,#3655,#3656,
#3657,#3658,#3659,#3660,#3661,#3662,#3663,#3664,#3665,#3666,#3667,#3668,
#3669,#3670,#3671,#3672,#3673,#3674,#3675,#3676,#3677,#3678,#3679,#3680,
#3681)),.UNSPECIFIED.,.F.,.F.,.F.,(4,1,1,1,4),(4,1,1,1,1,1,1,1,1,1,1,1,
1,1,1,1,1,1,1,1,1,1,1,1,1,1,1,4),(0.,0.285714285714286,0.571428571428571,
0.857142857142857,1.),(0.0112346890096267,0.466044051334475,0.693448732496899,
0.920853413659323,1.07245653443427,1.22405965520922,1.2998612155967,1.37566277598417,
1.41356355617791,1.45146433637165,1.48936511656538,1.50831550666225,1.51779070171069,
1.52726589675912,1.6030674571466,1.67886901753407,1.83047213830902,1.85889772345432,
1.88732330859963,1.90153610117228,1.91574889374493,1.94417447889023,2.00102564918084,
2.05787681947144,2.28528150063387,2.74009086295872,2.96749554412114,3.19490022528356),
 .UNSPECIFIED.);
#961=B_SPLINE_SURFACE_WITH_KNOTS('',3,3,((#4172,#4173,#4174,#4175,#4176,
#4177,#4178,#4179,#4180,#4181,#4182,#4183,#4184,#4185,#4186),(#4187,#4188,
#4189,#4190,#4191,#4192,#4193,#4194,#4195,#4196,#4197,#4198,#4199,#4200,
#4201),(#4202,#4203,#4204,#4205,#4206,#4207,#4208,#4209,#4210,#4211,#4212,
#4213,#4214,#4215,#4216),(#4217,#4218,#4219,#4220,#4221,#4222,#4223,#4224,
#4225,#4226,#4227,#4228,#4229,#4230,#4231),(#4232,#4233,#4234,#4235,#4236,
#4237,#4238,#4239,#4240,#4241,#4242,#4243,#4244,#4245,#4246),(#4247,#4248,
#4249,#4250,#4251,#4252,#4253,#4254,#4255,#4256,#4257,#4258,#4259,#4260,
#4261),(#4262,#4263,#4264,#4265,#4266,#4267,#4268,#4269,#4270,#4271,#4272,
#4273,#4274,#4275,#4276)),.UNSPECIFIED.,.F.,.F.,.F.,(4,1,1,1,4),(4,1,1,
1,1,1,1,1,1,1,1,1,4),(0.,0.285714285714286,0.571428571428571,0.785714285714286,
1.),(5.98783402226014,6.1072691393514,6.22670425644266,6.28642181498829,
6.3162805942611,6.33120998389751,6.34613937353392,6.40585693207955,6.46557449062518,
6.52529204917081,6.58500960771644,6.7044447248077,6.82387984189896),
 .UNSPECIFIED.);
#962=B_SPLINE_SURFACE_WITH_KNOTS('',3,3,((#4306,#4307,#4308,#4309,#4310,
#4311,#4312),(#4313,#4314,#4315,#4316,#4317,#4318,#4319),(#4320,#4321,#4322,
#4323,#4324,#4325,#4326),(#4327,#4328,#4329,#4330,#4331,#4332,#4333),(#4334,
#4335,#4336,#4337,#4338,#4339,#4340),(#4341,#4342,#4343,#4344,#4345,#4346,
#4347),(#4348,#4349,#4350,#4351,#4352,#4353,#4354),(#4355,#4356,#4357,#4358,
#4359,#4360,#4361),(#4362,#4363,#4364,#4365,#4366,#4367,#4368),(#4369,#4370,
#4371,#4372,#4373,#4374,#4375),(#4376,#4377,#4378,#4379,#4380,#4381,#4382)),
 .UNSPECIFIED.,.T.,.F.,.F.,(4,1,1,1,1,1,1,1,4),(4,1,1,1,4),(-3.14159265358979,
-2.69279370307697,-2.24399475256414,-1.34639685153848,-0.448798950512828,
0.448798950512828,1.34639685153848,2.24399475256414,3.14159265358979),(0.,
0.2604708975286,0.3907063462929,0.6511772438215,0.9116481413501),
 .UNSPECIFIED.);
#963=B_SPLINE_SURFACE_WITH_KNOTS('',3,3,((#4431,#4432,#4433,#4434,#4435,
#4436,#4437,#4438,#4439,#4440,#4441,#4442,#4443,#4444,#4445,#4446,#4447,
#4448,#4449,#4450),(#4451,#4452,#4453,#4454,#4455,#4456,#4457,#4458,#4459,
#4460,#4461,#4462,#4463,#4464,#4465,#4466,#4467,#4468,#4469,#4470),(#4471,
#4472,#4473,#4474,#4475,#4476,#4477,#4478,#4479,#4480,#4481,#4482,#4483,
#4484,#4485,#4486,#4487,#4488,#4489,#4490),(#4491,#4492,#4493,#4494,#4495,
#4496,#4497,#4498,#4499,#4500,#4501,#4502,#4503,#4504,#4505,#4506,#4507,
#4508,#4509,#4510),(#4511,#4512,#4513,#4514,#4515,#4516,#4517,#4518,#4519,
#4520,#4521,#4522,#4523,#4524,#4525,#4526,#4527,#4528,#4529,#4530),(#4531,
#4532,#4533,#4534,#4535,#4536,#4537,#4538,#4539,#4540,#4541,#4542,#4543,
#4544,#4545,#4546,#4547,#4548,#4549,#4550),(#4551,#4552,#4553,#4554,#4555,
#4556,#4557,#4558,#4559,#4560,#4561,#4562,#4563,#4564,#4565,#4566,#4567,
#4568,#4569,#4570)),.UNSPECIFIED.,.F.,.F.,.F.,(4,1,1,1,4),(4,1,1,1,1,1,
1,1,1,1,1,1,1,1,1,1,1,4),(0.,0.285714285714286,0.571428571428571,0.785714285714286,
1.),(5.98783402225917,6.10726914451255,6.22670426676592,6.25656304732926,
6.28642182789261,6.30135121817428,6.31628060845595,6.33120999873762,6.33494234630804,
6.33867469387846,6.34613938901929,6.40585695014598,6.43571573070932,6.46557451127267,
6.52529207239935,6.58500963352604,6.70444475577941,6.82387987803279),
 .UNSPECIFIED.);
#964=B_SPLINE_SURFACE_WITH_KNOTS('',3,3,((#4737,#4738,#4739,#4740,#4741,
#4742,#4743,#4744,#4745,#4746,#4747,#4748,#4749,#4750,#4751,#4752,#4753,
#4754,#4755,#4756,#4757,#4758,#4759,#4760),(#4761,#4762,#4763,#4764,#4765,
#4766,#4767,#4768,#4769,#4770,#4771,#4772,#4773,#4774,#4775,#4776,#4777,
#4778,#4779,#4780,#4781,#4782,#4783,#4784),(#4785,#4786,#4787,#4788,#4789,
#4790,#4791,#4792,#4793,#4794,#4795,#4796,#4797,#4798,#4799,#4800,#4801,
#4802,#4803,#4804,#4805,#4806,#4807,#4808),(#4809,#4810,#4811,#4812,#4813,
#4814,#4815,#4816,#4817,#4818,#4819,#4820,#4821,#4822,#4823,#4824,#4825,
#4826,#4827,#4828,#4829,#4830,#4831,#4832),(#4833,#4834,#4835,#4836,#4837,
#4838,#4839,#4840,#4841,#4842,#4843,#4844,#4845,#4846,#4847,#4848,#4849,
#4850,#4851,#4852,#4853,#4854,#4855,#4856),(#4857,#4858,#4859,#4860,#4861,
#4862,#4863,#4864,#4865,#4866,#4867,#4868,#4869,#4870,#4871,#4872,#4873,
#4874,#4875,#4876,#4877,#4878,#4879,#4880),(#4881,#4882,#4883,#4884,#4885,
#4886,#4887,#4888,#4889,#4890,#4891,#4892,#4893,#4894,#4895,#4896,#4897,
#4898,#4899,#4900,#4901,#4902,#4903,#4904)),.UNSPECIFIED.,.F.,.F.,.F.,(4,
1,1,1,4),(4,1,1,1,1,1,1,1,1,1,1,1,1,1,1,1,1,1,1,1,1,4),(0.,0.285714285714286,
0.571428571428571,0.857142857142857,1.),(0.0112346528710221,0.23863933662302,
0.466044020375017,0.920853387879012,0.958754168504345,0.996654949129678,
1.07245651038034,1.22405963288168,1.29986119413234,1.37566275538301,1.52726587788434,
1.603067439135,1.67886900038567,1.75467056163634,1.830472122887,1.887323293825,
1.944174464763,2.285281490391,2.398983832267,2.51268617414299,2.74009085789499,
3.19490022539899),.UNSPECIFIED.);
#965=B_SPLINE_SURFACE_WITH_KNOTS('',3,3,((#5244,#5245,#5246,#5247,#5248,
#5249,#5250),(#5251,#5252,#5253,#5254,#5255,#5256,#5257),(#5258,#5259,#5260,
#5261,#5262,#5263,#5264),(#5265,#5266,#5267,#5268,#5269,#5270,#5271),(#5272,
#5273,#5274,#5275,#5276,#5277,#5278),(#5279,#5280,#5281,#5282,#5283,#5284,
#5285),(#5286,#5287,#5288,#5289,#5290,#5291,#5292),(#5293,#5294,#5295,#5296,
#5297,#5298,#5299),(#5300,#5301,#5302,#5303,#5304,#5305,#5306),(#5307,#5308,
#5309,#5310,#5311,#5312,#5313),(#5314,#5315,#5316,#5317,#5318,#5319,#5320)),
 .UNSPECIFIED.,.T.,.F.,.F.,(4,1,1,1,1,1,1,1,4),(4,1,1,1,4),(-3.14159265358979,
-2.69279370307697,-2.24399475256414,-1.34639685153848,-0.448798950512828,
0.448798950512828,1.34639685153848,2.24399475256414,3.14159265358979),(0.,
0.130235448764306,0.390706346292917,0.651177243821529,0.911648141350141),
 .UNSPECIFIED.);
#966=ADVANCED_FACE('',(#207),#954,.F.);
#967=ADVANCED_FACE('',(#208),#955,.F.);
#968=ADVANCED_FACE('',(#209),#956,.F.);
#969=ADVANCED_FACE('',(#210),#143,.T.);
#970=ADVANCED_FACE('',(#211),#957,.F.);
#971=ADVANCED_FACE('',(#212),#958,.F.);
#972=ADVANCED_FACE('',(#213),#959,.F.);
#973=ADVANCED_FACE('',(#214),#960,.F.);
#974=ADVANCED_FACE('',(#215),#961,.F.);
#975=ADVANCED_FACE('',(#216),#962,.F.);
#976=ADVANCED_FACE('',(#217),#963,.F.);
#977=ADVANCED_FACE('',(#218),#964,.F.);
#978=ADVANCED_FACE('',(#219),#965,.F.);
#979=ADVANCED_FACE('',(#220,#19),#38,.F.);
#980=ADVANCED_FACE('',(#221,#20,#21),#17,.T.);
#981=ADVANCED_FACE('',(#222,#22),#39,.F.);
#982=ADVANCED_FACE('',(#223,#23),#40,.F.);
#983=ADVANCED_FACE('',(#224),#144,.F.);
#984=ADVANCED_FACE('',(#225),#145,.F.);
#985=ADVANCED_FACE('',(#226),#146,.F.);
#986=ADVANCED_FACE('',(#227,#24),#41,.F.);
#987=ADVANCED_FACE('',(#228),#42,.T.);
#988=ADVANCED_FACE('',(#229),#43,.F.);
#989=ADVANCED_FACE('',(#230),#44,.F.);
#990=ADVANCED_FACE('',(#231),#45,.T.);
#991=ADVANCED_FACE('',(#232),#46,.F.);
#992=ADVANCED_FACE('',(#233),#47,.F.);
#993=ADVANCED_FACE('',(#234),#48,.F.);
#994=ADVANCED_FACE('',(#235),#49,.F.);
#995=ADVANCED_FACE('',(#236),#15,.T.);
#996=ADVANCED_FACE('',(#237,#25,#26),#50,.F.);
#997=ADVANCED_FACE('',(#238),#147,.F.);
#998=ADVANCED_FACE('',(#239,#27,#28),#51,.F.);
#999=ADVANCED_FACE('',(#240),#148,.F.);
#1000=ADVANCED_FACE('',(#241),#52,.T.);
#1001=ADVANCED_FACE('',(#242),#149,.F.);
#1002=ADVANCED_FACE('',(#243),#150,.F.);
#1003=ADVANCED_FACE('',(#244),#151,.F.);
#1004=ADVANCED_FACE('',(#245,#29),#53,.F.);
#1005=ADVANCED_FACE('',(#246),#152,.F.);
#1006=ADVANCED_FACE('',(#247,#30),#54,.T.);
#1007=ADVANCED_FACE('',(#248),#153,.F.);
#1008=ADVANCED_FACE('',(#249,#31),#55,.F.);
#1009=ADVANCED_FACE('',(#250),#154,.F.);
#1010=ADVANCED_FACE('',(#251,#32),#56,.T.);
#1011=ADVANCED_FACE('',(#252),#155,.F.);
#1012=ADVANCED_FACE('',(#253),#156,.F.);
#1013=ADVANCED_FACE('',(#254),#16,.T.);
#1014=ADVANCED_FACE('',(#255),#157,.F.);
#1015=ADVANCED_FACE('',(#256),#18,.F.);
#1016=ADVANCED_FACE('',(#257),#57,.T.);
#1017=ADVANCED_FACE('',(#258),#158,.F.);
#1018=ADVANCED_FACE('',(#259,#33,#34,#35,#36,#37),#58,.T.);
#1019=CLOSED_SHELL('',(#966,#967,#968,#969,#970,#971,#972,#973,#974,#975,
#976,#977,#978,#979,#980,#981,#982,#983,#984,#985,#986,#987,#988,#989,#990,
#991,#992,#993,#994,#995,#996,#997,#998,#999,#1000,#1001,#1002,#1003,#1004,
#1005,#1006,#1007,#1008,#1009,#1010,#1011,#1012,#1013,#1014,#1015,#1016,
#1017,#1018));
#1020=DERIVED_UNIT_ELEMENT(#1022,1.);
#1021=DERIVED_UNIT_ELEMENT(#5743,-3.);
#1022=(
MASS_UNIT()
NAMED_UNIT(*)
SI_UNIT(.KILO.,.GRAM.)
);
#1023=DERIVED_UNIT((#1020,#1021));
#1024=MEASURE_REPRESENTATION_ITEM('density measure',
POSITIVE_RATIO_MEASURE(7850.),#1023);
#1025=PROPERTY_DEFINITION_REPRESENTATION(#1030,#1027);
#1026=PROPERTY_DEFINITION_REPRESENTATION(#1031,#1028);
#1027=REPRESENTATION('material name',(#1029),#5740);
#1028=REPRESENTATION('density',(#1024),#5740);
#1029=DESCRIPTIVE_REPRESENTATION_ITEM('Steel','Steel');
#1030=PROPERTY_DEFINITION('material property','material name',#5750);
#1031=PROPERTY_DEFINITION('material property','density of part',#5750);
#1032=AXIS2_PLACEMENT_3D('',#1344,#1122,#1123);
#1033=AXIS2_PLACEMENT_3D('',#2311,#1124,#1125);
#1034=AXIS2_PLACEMENT_3D('',#2312,#1126,#1127);
#1035=AXIS2_PLACEMENT_3D('',#2314,#1128,#1129);
#1036=AXIS2_PLACEMENT_3D('',#2317,#1131,#1132);
#1037=AXIS2_PLACEMENT_3D('',#2319,#1133,#1134);
#1038=AXIS2_PLACEMENT_3D('',#2416,#1135,#1136);
#1039=AXIS2_PLACEMENT_3D('',#2513,#1137,#1138);
#1040=AXIS2_PLACEMENT_3D('',#2612,#1139,#1140);
#1041=AXIS2_PLACEMENT_3D('',#3471,#1141,#1142);
#1042=AXIS2_PLACEMENT_3D('',#4430,#1143,#1144);
#1043=AXIS2_PLACEMENT_3D('',#5368,#1145,#1146);
#1044=AXIS2_PLACEMENT_3D('',#5369,#1147,#1148);
#1045=AXIS2_PLACEMENT_3D('',#5371,#1149,#1150);
#1046=AXIS2_PLACEMENT_3D('',#5372,#1151,#1152);
#1047=AXIS2_PLACEMENT_3D('',#5377,#1154,#1155);
#1048=AXIS2_PLACEMENT_3D('',#5381,#1157,#1158);
#1049=AXIS2_PLACEMENT_3D('',#5468,#1162,#1163);
#1050=AXIS2_PLACEMENT_3D('',#5472,#1165,#1166);
#1051=AXIS2_PLACEMENT_3D('',#5475,#1168,#1169);
#1052=AXIS2_PLACEMENT_3D('',#5552,#1170,#1171);
#1053=AXIS2_PLACEMENT_3D('',#5554,#1172,#1173);
#1054=AXIS2_PLACEMENT_3D('',#5555,#1174,#1175);
#1055=AXIS2_PLACEMENT_3D('',#5557,#1176,#1177);
#1056=AXIS2_PLACEMENT_3D('',#5558,#1178,#1179);
#1057=AXIS2_PLACEMENT_3D('',#5561,#1181,#1182);
#1058=AXIS2_PLACEMENT_3D('',#5562,#1183,#1184);
#1059=AXIS2_PLACEMENT_3D('',#5565,#1186,#1187);
#1060=AXIS2_PLACEMENT_3D('',#5566,#1188,#1189);
#1061=AXIS2_PLACEMENT_3D('',#5569,#1191,#1192);
#1062=AXIS2_PLACEMENT_3D('',#5570,#1193,#1194);
#1063=AXIS2_PLACEMENT_3D('',#5572,#1195,#1196);
#1064=AXIS2_PLACEMENT_3D('',#5573,#1197,#1198);
#1065=AXIS2_PLACEMENT_3D('',#5577,#1200,#1201);
#1066=AXIS2_PLACEMENT_3D('',#5579,#1203,#1204);
#1067=AXIS2_PLACEMENT_3D('',#5594,#1207,#1208);
#1068=AXIS2_PLACEMENT_3D('',#5609,#1211,#1212);
#1069=AXIS2_PLACEMENT_3D('',#5613,#1214,#1215);
#1070=AXIS2_PLACEMENT_3D('',#5615,#1217,#1218);
#1071=AXIS2_PLACEMENT_3D('',#5630,#1221,#1222);
#1072=AXIS2_PLACEMENT_3D('',#5645,#1225,#1226);
#1073=AXIS2_PLACEMENT_3D('',#5647,#1227,#1228);
#1074=AXIS2_PLACEMENT_3D('',#5650,#1230,#1231);
#1075=AXIS2_PLACEMENT_3D('',#5651,#1232,#1233);
#1076=AXIS2_PLACEMENT_3D('',#5652,#1234,#1235);
#1077=AXIS2_PLACEMENT_3D('',#5653,#1236,#1237);
#1078=AXIS2_PLACEMENT_3D('',#5655,#1238,#1239);
#1079=AXIS2_PLACEMENT_3D('',#5658,#1241,#1242);
#1080=AXIS2_PLACEMENT_3D('',#5659,#1243,#1244);
#1081=AXIS2_PLACEMENT_3D('',#5660,#1245,#1246);
#1082=AXIS2_PLACEMENT_3D('',#5667,#1250,#1251);
#1083=AXIS2_PLACEMENT_3D('',#5669,#1252,#1253);
#1084=AXIS2_PLACEMENT_3D('',#5670,#1254,#1255);
#1085=AXIS2_PLACEMENT_3D('',#5673,#1257,#1258);
#1086=AXIS2_PLACEMENT_3D('',#5674,#1259,#1260);
#1087=AXIS2_PLACEMENT_3D('',#5679,#1263,#1264);
#1088=AXIS2_PLACEMENT_3D('',#5681,#1265,#1266);
#1089=AXIS2_PLACEMENT_3D('',#5682,#1267,#1268);
#1090=AXIS2_PLACEMENT_3D('',#5683,#1269,#1270);
#1091=AXIS2_PLACEMENT_3D('',#5684,#1271,#1272);
#1092=AXIS2_PLACEMENT_3D('',#5685,#1273,#1274);
#1093=AXIS2_PLACEMENT_3D('',#5688,#1276,#1277);
#1094=AXIS2_PLACEMENT_3D('',#5689,#1278,#1279);
#1095=AXIS2_PLACEMENT_3D('',#5692,#1281,#1282);
#1096=AXIS2_PLACEMENT_3D('',#5693,#1283,#1284);
#1097=AXIS2_PLACEMENT_3D('',#5695,#1285,#1286);
#1098=AXIS2_PLACEMENT_3D('',#5697,#1288,#1289);
#1099=AXIS2_PLACEMENT_3D('',#5699,#1290,#1291);
#1100=AXIS2_PLACEMENT_3D('',#5700,#1292,#1293);
#1101=AXIS2_PLACEMENT_3D('',#5702,#1294,#1295);
#1102=AXIS2_PLACEMENT_3D('',#5704,#1297,#1298);
#1103=AXIS2_PLACEMENT_3D('',#5705,#1299,#1300);
#1104=AXIS2_PLACEMENT_3D('',#5707,#1301,#1302);
#1105=AXIS2_PLACEMENT_3D('',#5709,#1304,#1305);
#1106=AXIS2_PLACEMENT_3D('',#5711,#1306,#1307);
#1107=AXIS2_PLACEMENT_3D('',#5712,#1308,#1309);
#1108=AXIS2_PLACEMENT_3D('',#5714,#1310,#1311);
#1109=AXIS2_PLACEMENT_3D('',#5716,#1313,#1314);
#1110=AXIS2_PLACEMENT_3D('',#5717,#1315,#1316);
#1111=AXIS2_PLACEMENT_3D('',#5719,#1318,#1319);
#1112=AXIS2_PLACEMENT_3D('',#5721,#1321,#1322);
#1113=AXIS2_PLACEMENT_3D('',#5722,#1323,#1324);
#1114=AXIS2_PLACEMENT_3D('',#5725,#1326,#1327);
#1115=AXIS2_PLACEMENT_3D('',#5726,#1328,#1329);
#1116=AXIS2_PLACEMENT_3D('',#5728,#1330,#1331);
#1117=AXIS2_PLACEMENT_3D('',#5731,#1333,#1334);
#1118=AXIS2_PLACEMENT_3D('',#5732,#1335,#1336);
#1119=AXIS2_PLACEMENT_3D('',#5733,#1337,#1338);
#1120=AXIS2_PLACEMENT_3D('',#5735,#1339,#1340);
#1121=AXIS2_PLACEMENT_3D('',#5737,#1342,#1343);
#1122=DIRECTION('axis',(0.,0.,1.));
#1123=DIRECTION('refdir',(1.,0.,0.));
#1124=DIRECTION('center_axis',(1.,0.,0.));
#1125=DIRECTION('ref_axis',(0.,0.,-1.));
#1126=DIRECTION('center_axis',(-1.,0.,0.));
#1127=DIRECTION('ref_axis',(0.,0.,-1.));
#1128=DIRECTION('center_axis',(-1.,0.,0.));
#1129=DIRECTION('ref_axis',(0.,0.,-1.));
#1130=DIRECTION('',(1.,0.,0.));
#1131=DIRECTION('center_axis',(1.,0.,0.));
#1132=DIRECTION('ref_axis',(0.,0.,-1.));
#1133=DIRECTION('center_axis',(-1.,0.,0.));
#1134=DIRECTION('ref_axis',(0.,0.,-1.));
#1135=DIRECTION('center_axis',(-1.,0.,0.));
#1136=DIRECTION('ref_axis',(0.,0.,-1.));
#1137=DIRECTION('center_axis',(-1.,0.,0.));
#1138=DIRECTION('ref_axis',(0.,0.,-1.));
#1139=DIRECTION('center_axis',(-1.,0.,0.));
#1140=DIRECTION('ref_axis',(0.,0.,-1.));
#1141=DIRECTION('center_axis',(1.,0.,0.));
#1142=DIRECTION('ref_axis',(0.,1.,-6.12323399573677E-17));
#1143=DIRECTION('center_axis',(1.,0.,0.));
#1144=DIRECTION('ref_axis',(0.,1.22464679914735E-16,1.));
#1145=DIRECTION('center_axis',(1.,0.,0.));
#1146=DIRECTION('ref_axis',(0.,-1.,1.83697019872103E-16));
#1147=DIRECTION('center_axis',(1.,0.,0.));
#1148=DIRECTION('ref_axis',(0.,-1.,1.83697019872103E-16));
#1149=DIRECTION('center_axis',(1.,0.,0.));
#1150=DIRECTION('ref_axis',(0.,-1.,1.83697019872103E-16));
#1151=DIRECTION('center_axis',(1.,0.,0.));
#1152=DIRECTION('ref_axis',(0.,0.,-1.));
#1153=DIRECTION('',(0.995633613859141,0.0933472385975484,1.79164628768434E-18));
#1154=DIRECTION('center_axis',(1.,0.,0.));
#1155=DIRECTION('ref_axis',(0.,0.,-1.));
#1156=DIRECTION('',(-0.995633613859141,-0.0933472385975484,-2.68746943152651E-18));
#1157=DIRECTION('center_axis',(-1.,0.,0.));
#1158=DIRECTION('ref_axis',(0.,-6.12323399573677E-17,-1.));
#1159=DIRECTION('',(0.995634226059288,1.14309400131099E-17,0.0933407086930583));
#1160=DIRECTION('',(0.995634226059288,1.14309400131099E-17,0.0933407086930583));
#1161=DIRECTION('',(0.995634226059288,1.14309400131099E-17,0.0933407086930583));
#1162=DIRECTION('center_axis',(-1.,0.,0.));
#1163=DIRECTION('ref_axis',(0.,-6.12323399573677E-17,-1.));
#1164=DIRECTION('',(0.995633613859141,-0.0933472385975484,2.68746943152651E-18));
#1165=DIRECTION('center_axis',(1.,0.,0.));
#1166=DIRECTION('ref_axis',(0.,0.,-1.));
#1167=DIRECTION('',(-0.995633613859141,0.0933472385975484,-1.79164628768434E-18));
#1168=DIRECTION('center_axis',(-1.,0.,0.));
#1169=DIRECTION('ref_axis',(0.,-6.12323399573677E-17,-1.));
#1170=DIRECTION('center_axis',(1.,0.,0.));
#1171=DIRECTION('ref_axis',(0.,1.22464679914735E-16,1.));
#1172=DIRECTION('center_axis',(1.,0.,0.));
#1173=DIRECTION('ref_axis',(0.,1.22464679914735E-16,1.));
#1174=DIRECTION('center_axis',(1.,0.,0.));
#1175=DIRECTION('ref_axis',(0.,1.,-6.12323399573677E-17));
#1176=DIRECTION('center_axis',(1.,0.,0.));
#1177=DIRECTION('ref_axis',(0.,1.,-6.12323399573677E-17));
#1178=DIRECTION('center_axis',(1.,0.,0.));
#1179=DIRECTION('ref_axis',(0.,-1.,1.83697019872103E-16));
#1180=DIRECTION('',(1.,0.,0.));
#1181=DIRECTION('center_axis',(-1.,0.,0.));
#1182=DIRECTION('ref_axis',(0.,-1.,1.83697019872103E-16));
#1183=DIRECTION('center_axis',(1.,0.,0.));
#1184=DIRECTION('ref_axis',(0.,1.22464679914735E-16,1.));
#1185=DIRECTION('',(1.,0.,0.));
#1186=DIRECTION('center_axis',(-1.,0.,0.));
#1187=DIRECTION('ref_axis',(0.,1.22464679914735E-16,1.));
#1188=DIRECTION('center_axis',(1.,0.,0.));
#1189=DIRECTION('ref_axis',(0.,1.,-6.12323399573677E-17));
#1190=DIRECTION('',(1.,0.,0.));
#1191=DIRECTION('center_axis',(-1.,0.,0.));
#1192=DIRECTION('ref_axis',(0.,1.,-6.12323399573677E-17));
#1193=DIRECTION('center_axis',(1.,0.,0.));
#1194=DIRECTION('ref_axis',(0.,0.,-1.));
#1195=DIRECTION('center_axis',(1.,0.,0.));
#1196=DIRECTION('ref_axis',(0.,0.,-1.));
#1197=DIRECTION('center_axis',(-1.,0.,0.));
#1198=DIRECTION('ref_axis',(0.,0.,1.));
#1199=DIRECTION('',(0.,1.,2.1350442781253E-17));
#1200=DIRECTION('center_axis',(-1.,0.,0.));
#1201=DIRECTION('ref_axis',(0.,0.835966492273437,0.548780487805503));
#1202=DIRECTION('',(0.,-1.,-2.1350442781253E-17));
#1203=DIRECTION('center_axis',(0.,-2.1350442781253E-17,1.));
#1204=DIRECTION('ref_axis',(0.,-1.,-2.1350442781253E-17));
#1205=DIRECTION('',(1.,0.,0.));
#1206=DIRECTION('',(0.,-1.,-2.1350442781253E-17));
#1207=DIRECTION('center_axis',(0.,2.1350442781253E-17,-1.));
#1208=DIRECTION('ref_axis',(0.,1.,2.1350442781253E-17));
#1209=DIRECTION('',(0.,1.,2.1350442781253E-17));
#1210=DIRECTION('',(-1.,0.,0.));
#1211=DIRECTION('center_axis',(-1.,0.,0.));
#1212=DIRECTION('ref_axis',(0.,0.,1.));
#1213=DIRECTION('',(0.,-1.,2.1350442781253E-17));
#1214=DIRECTION('center_axis',(-1.,0.,0.));
#1215=DIRECTION('ref_axis',(0.,-0.835966492273437,-0.548780487805503));
#1216=DIRECTION('',(0.,1.,-2.1350442781253E-17));
#1217=DIRECTION('center_axis',(0.,-2.1350442781253E-17,-1.));
#1218=DIRECTION('ref_axis',(0.,1.,-2.1350442781253E-17));
#1219=DIRECTION('',(1.,0.,0.));
#1220=DIRECTION('',(0.,1.,-2.1350442781253E-17));
#1221=DIRECTION('center_axis',(0.,2.1350442781253E-17,1.));
#1222=DIRECTION('ref_axis',(0.,-1.,2.1350442781253E-17));
#1223=DIRECTION('',(0.,-1.,2.1350442781253E-17));
#1224=DIRECTION('',(-1.,0.,0.));
#1225=DIRECTION('center_axis',(1.,0.,0.));
#1226=DIRECTION('ref_axis',(0.,0.,-1.));
#1227=DIRECTION('center_axis',(1.,0.,0.));
#1228=DIRECTION('ref_axis',(0.,0.835966492273437,0.548780487805503));
#1229=DIRECTION('',(0.,-1.,0.));
#1230=DIRECTION('center_axis',(1.,0.,0.));
#1231=DIRECTION('ref_axis',(0.,-0.835966492273437,-0.548780487805503));
#1232=DIRECTION('center_axis',(1.,0.,0.));
#1233=DIRECTION('ref_axis',(0.,0.,-1.));
#1234=DIRECTION('center_axis',(1.,0.,0.));
#1235=DIRECTION('ref_axis',(0.,0.,-1.));
#1236=DIRECTION('center_axis',(1.,0.,0.));
#1237=DIRECTION('ref_axis',(0.,0.,-1.));
#1238=DIRECTION('center_axis',(1.,0.,0.));
#1239=DIRECTION('ref_axis',(0.,-0.835966492273437,-0.548780487805503));
#1240=DIRECTION('',(0.,1.,0.));
#1241=DIRECTION('center_axis',(1.,0.,0.));
#1242=DIRECTION('ref_axis',(0.,0.835966492273437,0.548780487805503));
#1243=DIRECTION('center_axis',(1.,0.,0.));
#1244=DIRECTION('ref_axis',(0.,1.22464679914735E-16,1.));
#1245=DIRECTION('center_axis',(0.,0.,-1.));
#1246=DIRECTION('ref_axis',(0.,1.,0.));
#1247=DIRECTION('',(1.,0.,0.));
#1248=DIRECTION('',(0.,1.,0.));
#1249=DIRECTION('',(1.,0.,0.));
#1250=DIRECTION('center_axis',(0.,0.,1.));
#1251=DIRECTION('ref_axis',(1.,0.,0.));
#1252=DIRECTION('center_axis',(0.,0.,1.));
#1253=DIRECTION('ref_axis',(1.,0.,0.));
#1254=DIRECTION('center_axis',(1.,0.,0.));
#1255=DIRECTION('ref_axis',(0.,-0.835966492273437,-0.548780487805503));
#1256=DIRECTION('',(1.,0.,0.));
#1257=DIRECTION('center_axis',(1.,0.,0.));
#1258=DIRECTION('ref_axis',(0.,-0.835966492273437,-0.548780487805503));
#1259=DIRECTION('center_axis',(0.,0.,1.));
#1260=DIRECTION('ref_axis',(0.,-1.,0.));
#1261=DIRECTION('',(1.,0.,0.));
#1262=DIRECTION('',(0.,-1.,0.));
#1263=DIRECTION('center_axis',(0.,0.,-1.));
#1264=DIRECTION('ref_axis',(1.,0.,0.));
#1265=DIRECTION('center_axis',(0.,0.,-1.));
#1266=DIRECTION('ref_axis',(1.,0.,0.));
#1267=DIRECTION('center_axis',(1.,0.,0.));
#1268=DIRECTION('ref_axis',(0.,0.835966492273437,0.548780487805503));
#1269=DIRECTION('center_axis',(1.,0.,0.));
#1270=DIRECTION('ref_axis',(0.,0.835966492273437,0.548780487805503));
#1271=DIRECTION('center_axis',(-1.,0.,0.));
#1272=DIRECTION('ref_axis',(0.,0.,1.));
#1273=DIRECTION('center_axis',(0.,0.,1.));
#1274=DIRECTION('ref_axis',(1.,0.,0.));
#1275=DIRECTION('',(0.,0.,1.));
#1276=DIRECTION('center_axis',(0.,0.,1.));
#1277=DIRECTION('ref_axis',(1.,0.,0.));
#1278=DIRECTION('center_axis',(0.,0.,1.));
#1279=DIRECTION('ref_axis',(1.,0.,0.));
#1280=DIRECTION('',(0.,0.,1.));
#1281=DIRECTION('center_axis',(0.,0.,1.));
#1282=DIRECTION('ref_axis',(1.,0.,0.));
#1283=DIRECTION('center_axis',(0.,0.,-1.));
#1284=DIRECTION('ref_axis',(1.,0.,0.));
#1285=DIRECTION('center_axis',(0.,0.,1.));
#1286=DIRECTION('ref_axis',(1.,0.,0.));
#1287=DIRECTION('',(0.,0.,-1.));
#1288=DIRECTION('center_axis',(0.,0.,1.));
#1289=DIRECTION('ref_axis',(1.,0.,0.));
#1290=DIRECTION('center_axis',(0.,0.,-1.));
#1291=DIRECTION('ref_axis',(1.,0.,0.));
#1292=DIRECTION('center_axis',(0.,0.,1.));
#1293=DIRECTION('ref_axis',(1.,0.,0.));
#1294=DIRECTION('center_axis',(0.,0.,1.));
#1295=DIRECTION('ref_axis',(1.,0.,0.));
#1296=DIRECTION('',(0.,0.,1.));
#1297=DIRECTION('center_axis',(0.,0.,1.));
#1298=DIRECTION('ref_axis',(1.,0.,0.));
#1299=DIRECTION('center_axis',(0.,0.,-1.));
#1300=DIRECTION('ref_axis',(1.,0.,0.));
#1301=DIRECTION('center_axis',(0.,0.,1.));
#1302=DIRECTION('ref_axis',(1.,0.,0.));
#1303=DIRECTION('',(0.,0.,-1.));
#1304=DIRECTION('center_axis',(0.,0.,1.));
#1305=DIRECTION('ref_axis',(1.,0.,0.));
#1306=DIRECTION('center_axis',(0.,0.,-1.));
#1307=DIRECTION('ref_axis',(1.,0.,0.));
#1308=DIRECTION('center_axis',(0.,0.,1.));
#1309=DIRECTION('ref_axis',(1.,0.,0.));
#1310=DIRECTION('center_axis',(0.,0.,1.));
#1311=DIRECTION('ref_axis',(1.,0.,0.));
#1312=DIRECTION('',(0.,0.,1.));
#1313=DIRECTION('center_axis',(0.,0.,1.));
#1314=DIRECTION('ref_axis',(1.,0.,0.));
#1315=DIRECTION('center_axis',(0.,0.,1.));
#1316=DIRECTION('ref_axis',(1.,0.,0.));
#1317=DIRECTION('',(0.,0.,1.));
#1318=DIRECTION('center_axis',(0.,0.,1.));
#1319=DIRECTION('ref_axis',(1.,0.,0.));
#1320=DIRECTION('',(0.,0.,1.));
#1321=DIRECTION('center_axis',(1.,0.,0.));
#1322=DIRECTION('ref_axis',(0.,0.,-1.));
#1323=DIRECTION('center_axis',(1.,0.,0.));
#1324=DIRECTION('ref_axis',(0.,0.,-1.));
#1325=DIRECTION('',(1.,0.,0.));
#1326=DIRECTION('center_axis',(-1.,0.,0.));
#1327=DIRECTION('ref_axis',(0.,0.,-1.));
#1328=DIRECTION('center_axis',(1.,0.,0.));
#1329=DIRECTION('ref_axis',(0.,0.,-1.));
#1330=DIRECTION('center_axis',(1.,0.,0.));
#1331=DIRECTION('ref_axis',(0.,0.,-1.));
#1332=DIRECTION('',(-0.996194698091745,-1.0673500138323E-17,-0.0871557427476582));
#1333=DIRECTION('center_axis',(1.,0.,0.));
#1334=DIRECTION('ref_axis',(0.,0.,-1.));
#1335=DIRECTION('center_axis',(1.,0.,0.));
#1336=DIRECTION('ref_axis',(0.,0.,-1.));
#1337=DIRECTION('center_axis',(1.,0.,0.));
#1338=DIRECTION('ref_axis',(0.,0.,-1.));
#1339=DIRECTION('center_axis',(-1.,0.,0.));
#1340=DIRECTION('ref_axis',(0.,0.,-1.));
#1341=DIRECTION('',(-1.,0.,0.));
#1342=DIRECTION('center_axis',(1.,0.,0.));
#1343=DIRECTION('ref_axis',(0.,0.,-1.));
#1344=CARTESIAN_POINT('',(0.,0.,0.));
#1345=CARTESIAN_POINT('Ctrl Pts',(228.407551253346,8.01211746170287,11.2176234096462));
#1346=CARTESIAN_POINT('Ctrl Pts',(227.744338484436,7.74043309229821,11.3619739108706));
#1347=CARTESIAN_POINT('Ctrl Pts',(226.333422713406,7.3238067810697,11.5351037787078));
#1348=CARTESIAN_POINT('Ctrl Pts',(223.399342791401,6.87879024238994,11.6150393467694));
#1349=CARTESIAN_POINT('Ctrl Pts',(220.165510773129,6.9208437175956,11.4087108452623));
#1350=CARTESIAN_POINT('Ctrl Pts',(217.517619206188,7.39739664995973,10.982492874206));
#1351=CARTESIAN_POINT('Ctrl Pts',(216.16459510498,7.83066068924939,10.61126451179));
#1352=CARTESIAN_POINT('Ctrl Pts',(215.630686098911,8.04863214871428,10.4233314946086));
#1353=CARTESIAN_POINT('Ctrl Pts',(215.231743085948,8.25102721536632,10.2460981399931));
#1354=CARTESIAN_POINT('Ctrl Pts',(214.953536573347,8.41930540366539,10.0965730538409));
#1355=CARTESIAN_POINT('Ctrl Pts',(214.746146899173,8.57492787538019,9.95573962701311));
#1356=CARTESIAN_POINT('Ctrl Pts',(214.60195970641,8.7101105755557,9.83118642081904));
#1357=CARTESIAN_POINT('Ctrl Pts',(214.412958545429,8.92208570450408,9.6334124936638));
#1358=CARTESIAN_POINT('Ctrl Pts',(214.248837733348,9.28610374535605,9.28249744391786));
#1359=CARTESIAN_POINT('Ctrl Pts',(214.543149939233,9.90605132425016,8.63904102254431));
#1360=CARTESIAN_POINT('Ctrl Pts',(215.413848311376,10.3629200471555,8.11951423840194));
#1361=CARTESIAN_POINT('Ctrl Pts',(217.144771518552,10.9272585511395,7.46212668526895));
#1362=CARTESIAN_POINT('Ctrl Pts',(219.337301983768,11.2785836525144,7.06039632737422));
#1363=CARTESIAN_POINT('Ctrl Pts',(221.904322364323,11.5177616939258,6.89953689544436));
#1364=CARTESIAN_POINT('Ctrl Pts',(224.135921102565,11.5941896124148,6.99063551304847));
#1365=CARTESIAN_POINT('Ctrl Pts',(226.33262583228,11.5344514701141,7.32418270624453));
#1366=CARTESIAN_POINT('Ctrl Pts',(227.744516965863,11.3619350637985,7.74050620699889));
#1367=CARTESIAN_POINT('Ctrl Pts',(228.407551253541,11.2176234096039,8.01211746178247));
#1368=CARTESIAN_POINT('Ctrl Pts',(228.368972339726,8.09683531953763,11.2270607091394));
#1369=CARTESIAN_POINT('Ctrl Pts',(227.714868704257,7.82496687911902,11.3795034071431));
#1370=CARTESIAN_POINT('Ctrl Pts',(226.315980597475,7.40107296727896,11.5674977070789));
#1371=CARTESIAN_POINT('Ctrl Pts',(223.393952991391,6.93291941568588,11.6660478869576));
#1372=CARTESIAN_POINT('Ctrl Pts',(220.160968233849,6.94618214428202,11.4632140980032));
#1373=CARTESIAN_POINT('Ctrl Pts',(217.508545963007,7.40433999149391,11.0263090827715));
#1374=CARTESIAN_POINT('Ctrl Pts',(216.152252328626,7.83126460908338,10.6450743595632));
#1375=CARTESIAN_POINT('Ctrl Pts',(215.616927540407,8.04752967282431,10.4522005153952));
#1376=CARTESIAN_POINT('Ctrl Pts',(215.216860484602,8.24929766939303,10.2705260249339));
#1377=CARTESIAN_POINT('Ctrl Pts',(214.937843260428,8.41757795579039,10.1174228722994));
#1378=CARTESIAN_POINT('Ctrl Pts',(214.729830657856,8.57367672314178,9.97341877443026));
#1379=CARTESIAN_POINT('Ctrl Pts',(214.585202695226,8.70960335762041,9.84623671723758));
#1380=CARTESIAN_POINT('Ctrl Pts',(214.395617685739,8.92307115719255,9.64448991561782));
#1381=CARTESIAN_POINT('Ctrl Pts',(214.230973773058,9.29107132018719,9.28741545265838));
#1382=CARTESIAN_POINT('Ctrl Pts',(214.52622506266,9.92192710517288,8.63695764988533));
#1383=CARTESIAN_POINT('Ctrl Pts',(215.399556715366,10.3901711844171,8.11740367127137));
#1384=CARTESIAN_POINT('Ctrl Pts',(217.134974148238,10.9694918929833,7.4664212878974));
#1385=CARTESIAN_POINT('Ctrl Pts',(219.331595151002,11.3301942993526,7.07996726244747));
#1386=CARTESIAN_POINT('Ctrl Pts',(221.899253918603,11.5703865544859,6.94026277635736));
#1387=CARTESIAN_POINT('Ctrl Pts',(224.127552478375,11.6405251158242,7.05060634639029));
#1388=CARTESIAN_POINT('Ctrl Pts',(226.315159089424,11.5668527733922,7.40140714388947));
#1389=CARTESIAN_POINT('Ctrl Pts',(227.715044734268,11.3794623823284,7.82504004335701));
#1390=CARTESIAN_POINT('Ctrl Pts',(228.368972339917,11.2270607090948,8.0968353196173));
#1391=CARTESIAN_POINT('Ctrl Pts',(228.306799609262,8.26530525761732,11.3128784176844));
#1392=CARTESIAN_POINT('Ctrl Pts',(227.668510521543,7.98439491607162,11.4768177085552));
#1393=CARTESIAN_POINT('Ctrl Pts',(226.288934980062,7.53453706152673,11.6833819984189));
#1394=CARTESIAN_POINT('Ctrl Pts',(223.383266677267,7.01149067331678,11.7966637960676));
#1395=CARTESIAN_POINT('Ctrl Pts',(220.147715892951,6.97276709167107,11.5817321175639));
#1396=CARTESIAN_POINT('Ctrl Pts',(217.486453918502,7.40374022359216,11.1151137099225));
#1397=CARTESIAN_POINT('Ctrl Pts',(216.124494790603,7.82329872789922,10.7116434911708));
#1398=CARTESIAN_POINT('Ctrl Pts',(215.586801282194,8.03825737745949,10.5083586574212));
#1399=CARTESIAN_POINT('Ctrl Pts',(215.184890205034,8.24033593193701,10.3175942837222));
#1400=CARTESIAN_POINT('Ctrl Pts',(214.904559374633,8.40970055858666,10.1572793105823));
#1401=CARTESIAN_POINT('Ctrl Pts',(214.695547925871,8.56754934116109,10.006953482978));
#1402=CARTESIAN_POINT('Ctrl Pts',(214.550217733773,8.70551761100741,9.87455012036946));
#1403=CARTESIAN_POINT('Ctrl Pts',(214.359705921487,8.92270709505803,9.66491272253036));
#1404=CARTESIAN_POINT('Ctrl Pts',(214.19424175419,9.29934190525547,9.29558230649893));
#1405=CARTESIAN_POINT('Ctrl Pts',(214.490965629603,9.9519063924963,8.62991038423179));
#1406=CARTESIAN_POINT('Ctrl Pts',(215.368514178985,10.4427160119255,8.1069910248859));
#1407=CARTESIAN_POINT('Ctrl Pts',(217.111514859563,11.0540988622987,7.46193120959606));
#1408=CARTESIAN_POINT('Ctrl Pts',(219.315951085243,11.4399006389102,7.09780067705081));
#1409=CARTESIAN_POINT('Ctrl Pts',(221.887225394753,11.6953466766595,6.99469404616209));
#1410=CARTESIAN_POINT('Ctrl Pts',(224.112849180954,11.7675051235443,7.14301295497665));
#1411=CARTESIAN_POINT('Ctrl Pts',(226.288056448614,11.6827144300831,7.53481423252836));
#1412=CARTESIAN_POINT('Ctrl Pts',(227.668682295602,11.4767735898193,7.98447051363423));
#1413=CARTESIAN_POINT('Ctrl Pts',(228.306799609449,11.3128784176364,8.26530525769962));
#1414=CARTESIAN_POINT('Ctrl Pts',(228.301935815243,8.39668288255307,11.58088148438));
#1415=CARTESIAN_POINT('Ctrl Pts',(227.666266774687,8.09094556338682,11.7444266325053));
#1416=CARTESIAN_POINT('Ctrl Pts',(226.28653439174,7.59776959144241,11.9429482931083));
#1417=CARTESIAN_POINT('Ctrl Pts',(223.371521419738,7.01173145659996,12.0236207587458));
#1418=CARTESIAN_POINT('Ctrl Pts',(220.119818383179,6.93606506886024,11.7574093847916));
#1419=CARTESIAN_POINT('Ctrl Pts',(217.445327078558,7.36000599914135,11.2382788708114));
#1420=CARTESIAN_POINT('Ctrl Pts',(216.076678417161,7.78486694673373,10.801535428298));
#1421=CARTESIAN_POINT('Ctrl Pts',(215.536375916729,8.00407295872705,10.5833390274179));
#1422=CARTESIAN_POINT('Ctrl Pts',(215.132525632293,8.21111887494907,10.3798213458287));
#1423=CARTESIAN_POINT('Ctrl Pts',(214.850849505378,8.38517542538573,10.2094654215834));
#1424=CARTESIAN_POINT('Ctrl Pts',(214.640839357451,8.54788678308235,10.0503435436012));
#1425=CARTESIAN_POINT('Ctrl Pts',(214.494816888547,8.69045699765151,9.91062672150641));
#1426=CARTESIAN_POINT('Ctrl Pts',(214.303399082855,8.91525587666306,9.68984345066241));
#1427=CARTESIAN_POINT('Ctrl Pts',(214.137153619694,9.30665423748633,9.30273041946531));
#1428=CARTESIAN_POINT('Ctrl Pts',(214.43527921664,9.99068160755048,8.6110092672135));
#1429=CARTESIAN_POINT('Ctrl Pts',(215.317022136394,10.5123244158002,8.07373711196476));
#1430=CARTESIAN_POINT('Ctrl Pts',(217.06850814278,11.1701080805314,7.41713044747529));
#1431=CARTESIAN_POINT('Ctrl Pts',(219.283985153187,11.5992812391846,7.05836193611391));
#1432=CARTESIAN_POINT('Ctrl Pts',(221.867927339406,11.8984967653866,6.97792726012356));
#1433=CARTESIAN_POINT('Ctrl Pts',(224.103480205926,12.0026000730494,7.15904632322332));
#1434=CARTESIAN_POINT('Ctrl Pts',(226.285620836922,11.942237433572,7.5980581525259));
#1435=CARTESIAN_POINT('Ctrl Pts',(227.666437843648,11.7443826198404,8.09102784229515));
#1436=CARTESIAN_POINT('Ctrl Pts',(228.301935815429,11.5808814843321,8.39668288264265));
#1437=CARTESIAN_POINT('Ctrl Pts',(228.373660681143,8.35297243166945,11.8148910747848));
#1438=CARTESIAN_POINT('Ctrl Pts',(227.721374192879,8.03013998696118,11.9702431770698));
#1439=CARTESIAN_POINT('Ctrl Pts',(226.317270215429,7.51676066292024,12.1477533295056));
#1440=CARTESIAN_POINT('Ctrl Pts',(223.368449073074,6.9153598014116,12.1859598369333));
#1441=CARTESIAN_POINT('Ctrl Pts',(220.094763146939,6.84771651796901,11.876840245472));
#1442=CARTESIAN_POINT('Ctrl Pts',(217.408258650362,7.29170310199025,11.3218110431615));
#1443=CARTESIAN_POINT('Ctrl Pts',(216.034546604223,7.73298457511809,10.8627987416984));
#1444=CARTESIAN_POINT('Ctrl Pts',(215.492380493479,7.96023857030876,10.6345514862774));
#1445=CARTESIAN_POINT('Ctrl Pts',(215.087209793213,8.17468412647602,10.4222919477392));
#1446=CARTESIAN_POINT('Ctrl Pts',(214.804641166636,8.35487089212703,10.2449339412255));
#1447=CARTESIAN_POINT('Ctrl Pts',(214.593985437461,8.52325547777099,10.0795327554355));
#1448=CARTESIAN_POINT('Ctrl Pts',(214.447522133892,8.67077506197735,9.93446313403252));
#1449=CARTESIAN_POINT('Ctrl Pts',(214.255532889564,8.90337382102658,9.7053655907199));
#1450=CARTESIAN_POINT('Ctrl Pts',(214.088807616458,9.30833994079106,9.30427501875397));
#1451=CARTESIAN_POINT('Ctrl Pts',(214.387792363269,10.0170767561845,8.58857626422925));
#1452=CARTESIAN_POINT('Ctrl Pts',(215.272224485351,10.5599323535483,8.0325842350366));
#1453=CARTESIAN_POINT('Ctrl Pts',(217.02985281503,11.2488990002581,7.35153484829771));
#1454=CARTESIAN_POINT('Ctrl Pts',(219.25486145859,11.7072228141634,6.9759235184274));
#1455=CARTESIAN_POINT('Ctrl Pts',(221.85479500068,12.0409192172679,6.8854544938095));
#1456=CARTESIAN_POINT('Ctrl Pts',(224.108834570557,12.1755554816194,7.06651688330731));
#1457=CARTESIAN_POINT('Ctrl Pts',(226.316387996747,12.1470004589265,7.51711626054776));
#1458=CARTESIAN_POINT('Ctrl Pts',(227.721549733867,11.9702013692883,8.03022686644626));
#1459=CARTESIAN_POINT('Ctrl Pts',(228.373660681334,11.8148910747393,8.35297243176404));
#1460=CARTESIAN_POINT('Ctrl Pts',(228.435513083761,8.26731450428992,11.910661414979));
#1461=CARTESIAN_POINT('Ctrl Pts',(227.769313961978,7.93895701714799,12.0626021656174));
#1462=CARTESIAN_POINT('Ctrl Pts',(226.345451195414,7.42253438819725,12.2306972883708));
#1463=CARTESIAN_POINT('Ctrl Pts',(223.370584398251,6.82680317233713,12.2517638958435));
#1464=CARTESIAN_POINT('Ctrl Pts',(220.081281634875,6.77579000151651,11.9273124927712));
#1465=CARTESIAN_POINT('Ctrl Pts',(217.38664172108,7.23966131556896,11.3595153357697));
#1466=CARTESIAN_POINT('Ctrl Pts',(216.009600473753,7.69461134663795,10.8915353718185));
#1467=CARTESIAN_POINT('Ctrl Pts',(215.466219518329,7.92817896073299,10.6589729663743));
#1468=CARTESIAN_POINT('Ctrl Pts',(215.060195520312,8.14816767179835,10.442738475537));
#1469=CARTESIAN_POINT('Ctrl Pts',(214.777052617497,8.33280032264645,10.2620585993576));
#1470=CARTESIAN_POINT('Ctrl Pts',(214.565983472444,8.50516042428215,10.0935404781969));
#1471=CARTESIAN_POINT('Ctrl Pts',(214.419238591441,8.6560465911336,9.94571015911536));
#1472=CARTESIAN_POINT('Ctrl Pts',(214.226885010333,8.89384389895119,9.71221490805287));
#1473=CARTESIAN_POINT('Ctrl Pts',(214.059855084719,9.30739946630183,9.30325041203751));
#1474=CARTESIAN_POINT('Ctrl Pts',(214.35938494966,10.0300398825295,8.57236526812427));
#1475=CARTESIAN_POINT('Ctrl Pts',(215.245535101557,10.5829127487324,8.0027455618024));
#1476=CARTESIAN_POINT('Ctrl Pts',(217.007176371725,11.2849792510055,7.30220298417174));
#1477=CARTESIAN_POINT('Ctrl Pts',(219.23857373041,11.7536269303622,6.9100975021358));
#1478=CARTESIAN_POINT('Ctrl Pts',(221.849807886021,12.0996055785232,6.80469818393966));
#1479=CARTESIAN_POINT('Ctrl Pts',(224.11745573486,12.2455879470933,6.97651320781364));
#1480=CARTESIAN_POINT('Ctrl Pts',(226.344599917538,12.2299326062503,7.42293561326881));
#1481=CARTESIAN_POINT('Ctrl Pts',(227.769493247082,12.062561275887,7.93904538351159));
#1482=CARTESIAN_POINT('Ctrl Pts',(228.435513083956,11.9106614149345,8.26731450438615));
#1483=CARTESIAN_POINT('Ctrl Pts',(228.456860410044,8.2342250171698,11.9359201790261));
#1484=CARTESIAN_POINT('Ctrl Pts',(227.785998889874,7.90443922453022,12.08702185928));
#1485=CARTESIAN_POINT('Ctrl Pts',(226.355467480215,7.38773541771706,12.2526944755227));
#1486=CARTESIAN_POINT('Ctrl Pts',(223.371766355315,6.79489982590061,12.2694190182494));
#1487=CARTESIAN_POINT('Ctrl Pts',(220.07708497841,6.7502335274353,11.9414195439542));
#1488=CARTESIAN_POINT('Ctrl Pts',(217.379612372089,7.2212962260869,11.3705228806936));
#1489=CARTESIAN_POINT('Ctrl Pts',(216.001401176936,7.6811089276766,10.9001170329023));
#1490=CARTESIAN_POINT('Ctrl Pts',(215.457591876363,7.91690639181495,10.6663328795289));
#1491=CARTESIAN_POINT('Ctrl Pts',(215.051266158053,8.13883927166981,10.4489314627494));
#1492=CARTESIAN_POINT('Ctrl Pts',(214.767919833029,8.32502275072341,10.2672529474509));
#1493=CARTESIAN_POINT('Ctrl Pts',(214.556703954218,8.49876056268629,10.0977759169413));
#1494=CARTESIAN_POINT('Ctrl Pts',(214.409859046329,8.65080578069424,9.94908048277403));
#1495=CARTESIAN_POINT('Ctrl Pts',(214.217375927804,8.89038427900003,9.71419177824874));
#1496=CARTESIAN_POINT('Ctrl Pts',(214.05023761453,9.30684310976005,9.30266589209978));
#1497=CARTESIAN_POINT('Ctrl Pts',(214.349961566003,10.0340051964822,8.5666448013658));
#1498=CARTESIAN_POINT('Ctrl Pts',(215.236723078652,10.5898750251336,7.99225493783648));
#1499=CARTESIAN_POINT('Ctrl Pts',(216.999776041203,11.2956119188879,7.28482404078885));
#1500=CARTESIAN_POINT('Ctrl Pts',(219.233410714492,11.7667000711989,6.88672022952291));
#1501=CARTESIAN_POINT('Ctrl Pts',(221.848536342521,12.1156013234829,6.77576001745254));
#1502=CARTESIAN_POINT('Ctrl Pts',(224.120833501873,12.2643321445078,6.94389585366806));
#1503=CARTESIAN_POINT('Ctrl Pts',(226.354627122725,12.2519206293569,7.38814780619638));
#1504=CARTESIAN_POINT('Ctrl Pts',(227.786179429706,12.0869811953572,7.90452797527392));
#1505=CARTESIAN_POINT('Ctrl Pts',(228.456860410241,11.9359201789818,8.23422501726645));
#1506=CARTESIAN_POINT('',(228.446834007911,11.9381722795444,8.22930344385392));
#1507=CARTESIAN_POINT('',(216.69202789477,11.1304108212364,7.45817733920198));
#1508=CARTESIAN_POINT('Ctrl Pts',(228.446833997161,11.9381723739812,8.22930350895162));
#1509=CARTESIAN_POINT('Ctrl Pts',(228.285936309901,11.9742163973897,8.1504436132413));
#1510=CARTESIAN_POINT('Ctrl Pts',(228.122313164517,12.0062353708548,8.07579961118975));
#1511=CARTESIAN_POINT('Ctrl Pts',(227.956526079888,12.0347195793774,8.00504866119446));
#1512=CARTESIAN_POINT('Ctrl Pts',(227.772283843394,12.0663746042227,7.92642182913214));
#1513=CARTESIAN_POINT('Ctrl Pts',(227.585368816415,12.0936646981037,7.85260196440927));
#1514=CARTESIAN_POINT('Ctrl Pts',(227.396495268597,12.1172602974231,7.78311971238047));
#1515=CARTESIAN_POINT('Ctrl Pts',(227.375349433607,12.1199020048271,7.77534064404024));
#1516=CARTESIAN_POINT('Ctrl Pts',(227.354178999556,12.122497394934,7.76761593061471));
#1517=CARTESIAN_POINT('Ctrl Pts',(227.332984932703,12.1250474009211,7.75994490396764));
#1518=CARTESIAN_POINT('Ctrl Pts',(227.007052487744,12.1642626063756,7.64197620603889));
#1519=CARTESIAN_POINT('Ctrl Pts',(226.675068618995,12.1924272624327,7.53711636659628));
#1520=CARTESIAN_POINT('Ctrl Pts',(226.340023158886,12.2123511757951,7.44382758165082));
#1521=CARTESIAN_POINT('Ctrl Pts',(225.915020365593,12.2376245187903,7.32549141863613));
#1522=CARTESIAN_POINT('Ctrl Pts',(225.48509166366,12.2496377242227,7.2257751204285));
#1523=CARTESIAN_POINT('Ctrl Pts',(225.051901645837,12.2507878072575,7.14296852049681));
#1524=CARTESIAN_POINT('Ctrl Pts',(224.740871757141,12.2516135654318,7.08351348575376));
#1525=CARTESIAN_POINT('Ctrl Pts',(224.428161465951,12.2468399881443,7.03277501590089));
#1526=CARTESIAN_POINT('Ctrl Pts',(224.114394124226,12.237362781136,6.99010815366216));
#1527=CARTESIAN_POINT('Ctrl Pts',(223.802665163716,12.2279471425516,6.94771847556233));
#1528=CARTESIAN_POINT('Ctrl Pts',(223.489893085987,12.2138887413458,6.91329596892217));
#1529=CARTESIAN_POINT('Ctrl Pts',(223.176945224229,12.1953198736691,6.88669043178115));
#1530=CARTESIAN_POINT('Ctrl Pts',(222.792346511188,12.1724995783936,6.85399343463038));
#1531=CARTESIAN_POINT('Ctrl Pts',(222.40736489508,12.1427767587932,6.8332415261287));
#1532=CARTESIAN_POINT('Ctrl Pts',(222.023534598425,12.1064653933865,6.82401321678029));
#1533=CARTESIAN_POINT('Ctrl Pts',(221.966896991993,12.1011073254048,6.82265149688098));
#1534=CARTESIAN_POINT('Ctrl Pts',(221.91028438344,12.0956057590638,6.82154072984588));
#1535=CARTESIAN_POINT('Ctrl Pts',(221.853701634029,12.0899616617848,6.82067960886151));
#1536=CARTESIAN_POINT('Ctrl Pts',(221.459167358246,12.0506070907253,6.81467527454645));
#1537=CARTESIAN_POINT('Ctrl Pts',(221.066087125244,12.0043246192493,6.82080531679499));
#1538=CARTESIAN_POINT('Ctrl Pts',(220.67383798275,11.9514751104624,6.83845511289304));
#1539=CARTESIAN_POINT('Ctrl Pts',(220.318251204585,11.9035652885629,6.8544552348815));
#1540=CARTESIAN_POINT('Ctrl Pts',(219.963346682886,11.8502583749087,6.87992242417273));
#1541=CARTESIAN_POINT('Ctrl Pts',(219.60864418344,11.7918087118214,6.91442878293503));
#1542=CARTESIAN_POINT('Ctrl Pts',(219.240014774293,11.731064102459,6.95028998679522));
#1543=CARTESIAN_POINT('Ctrl Pts',(218.871602785162,11.6647654898408,6.99591320389355));
#1544=CARTESIAN_POINT('Ctrl Pts',(218.50662263055,11.5904428444735,7.05335988767124));
#1545=CARTESIAN_POINT('Ctrl Pts',(218.172183994585,11.5223395138574,7.10599943620698));
#1546=CARTESIAN_POINT('Ctrl Pts',(217.840626434463,11.4474992951141,7.16856634599548));
#1547=CARTESIAN_POINT('Ctrl Pts',(217.514424477507,11.3640003730134,7.24268576616117));
#1548=CARTESIAN_POINT('Ctrl Pts',(217.437375653845,11.344277947725,7.26019275535164));
#1549=CARTESIAN_POINT('Ctrl Pts',(217.360625642443,11.3240723324119,7.27834445311684));
#1550=CARTESIAN_POINT('Ctrl Pts',(217.284207100456,11.3033579616246,7.29716264672741));
#1551=CARTESIAN_POINT('Ctrl Pts',(217.084599389786,11.2492513531587,7.34631637889633));
#1552=CARTESIAN_POINT('Ctrl Pts',(216.887000622552,11.1918118921525,7.39976749322253));
#1553=CARTESIAN_POINT('Ctrl Pts',(216.69202789477,11.1304108212364,7.45817733920198));
#1554=CARTESIAN_POINT('',(228.446834007912,8.22930344385411,11.9381722795443));
#1555=CARTESIAN_POINT('Ctrl Pts',(216.69202789477,11.1304108212364,7.458177339202));
#1556=CARTESIAN_POINT('Ctrl Pts',(216.576818607973,11.0941141494835,7.4927136055038));
#1557=CARTESIAN_POINT('Ctrl Pts',(216.462544844023,11.0563514504595,7.52910558069683));
#1558=CARTESIAN_POINT('Ctrl Pts',(216.34944908756,11.0170503220605,7.56741492735965));
#1559=CARTESIAN_POINT('Ctrl Pts',(216.224567707968,10.9736536528357,7.60971646202473));
#1560=CARTESIAN_POINT('Ctrl Pts',(216.101123056234,10.9283804303075,7.65435673386121));
#1561=CARTESIAN_POINT('Ctrl Pts',(215.979490059631,10.8808286148641,7.70170372154079));
#1562=CARTESIAN_POINT('Ctrl Pts',(215.867695298414,10.8371230086436,7.74522106740773));
#1563=CARTESIAN_POINT('Ctrl Pts',(215.757431070475,10.7914922589777,7.79102507261655));
#1564=CARTESIAN_POINT('Ctrl Pts',(215.648977591814,10.7436493709628,7.83936882129012));
#1565=CARTESIAN_POINT('Ctrl Pts',(215.55224114698,10.7009753050472,7.882489636172));
#1566=CARTESIAN_POINT('Ctrl Pts',(215.456945290965,10.6565413225949,7.92763087500093));
#1567=CARTESIAN_POINT('Ctrl Pts',(215.363279646673,10.6101655228924,7.97494610551463));
#1568=CARTESIAN_POINT('Ctrl Pts',(215.278623796337,10.5682506587124,8.01771003569686));
#1569=CARTESIAN_POINT('Ctrl Pts',(215.195302153303,10.5247492669578,8.06224985093482));
#1570=CARTESIAN_POINT('Ctrl Pts',(215.114463456694,10.4794207258552,8.10873891692884));
#1571=CARTESIAN_POINT('Ctrl Pts',(215.10749508085,10.475513360644,8.11274632053702));
#1572=CARTESIAN_POINT('Ctrl Pts',(215.100545129592,10.4715924334048,8.11676819411198));
#1573=CARTESIAN_POINT('Ctrl Pts',(215.093614323863,10.4676577986292,8.12080464054528));
#1574=CARTESIAN_POINT('Ctrl Pts',(215.015171798877,10.4231257919937,8.16648894661211));
#1575=CARTESIAN_POINT('Ctrl Pts',(214.938546526819,10.3765584990172,8.21430570891614));
#1576=CARTESIAN_POINT('Ctrl Pts',(214.864840518411,10.3277533737052,8.26438398753164));
#1577=CARTESIAN_POINT('Ctrl Pts',(214.792990504126,10.2801772123228,8.31320124289024));
#1578=CARTESIAN_POINT('Ctrl Pts',(214.72391617491,10.230474836865,8.36416780132246));
#1579=CARTESIAN_POINT('Ctrl Pts',(214.65863750969,10.1784323079601,8.4174432392946));
#1580=CARTESIAN_POINT('Ctrl Pts',(214.598116711961,10.1301829242672,8.46683567087339));
#1581=CARTESIAN_POINT('Ctrl Pts',(214.540859379956,10.0799221949306,8.51821311092065));
#1582=CARTESIAN_POINT('Ctrl Pts',(214.487660295382,10.0274538539162,8.57173229075423));
#1583=CARTESIAN_POINT('Ctrl Pts',(214.446918834141,9.98727201810103,8.61271889058686));
#1584=CARTESIAN_POINT('Ctrl Pts',(214.408557280392,9.94579499249022,8.65496218850824));
#1585=CARTESIAN_POINT('Ctrl Pts',(214.372919870384,9.90292230715827,8.69854368554476));
#1586=CARTESIAN_POINT('Ctrl Pts',(214.35363388733,9.87972079272185,8.72212878931945));
#1587=CARTESIAN_POINT('Ctrl Pts',(214.33527104465,9.85615155876646,8.74607619307283));
#1588=CARTESIAN_POINT('Ctrl Pts',(214.317867150046,9.83218395086628,8.77041495857043));
#1589=CARTESIAN_POINT('Ctrl Pts',(214.288585489914,9.79185899115723,8.81136438256577));
#1590=CARTESIAN_POINT('Ctrl Pts',(214.262015966807,9.75040728625383,8.85342081655644));
#1591=CARTESIAN_POINT('Ctrl Pts',(214.238623210934,9.70802115405704,8.89637203422264));
#1592=CARTESIAN_POINT('Ctrl Pts',(214.216891236353,9.66864424812688,8.9362739070752));
#1593=CARTESIAN_POINT('Ctrl Pts',(214.197900179308,9.62846003285494,8.9769488490216));
#1594=CARTESIAN_POINT('Ctrl Pts',(214.182067370396,9.58761919311747,9.01822858033245));
#1595=CARTESIAN_POINT('Ctrl Pts',(214.167561930466,9.55020231081917,9.05604755902367));
#1596=CARTESIAN_POINT('Ctrl Pts',(214.155707152546,9.51223384558656,9.09437458082602));
#1597=CARTESIAN_POINT('Ctrl Pts',(214.146869307964,9.47383506757998,9.13307384531311));
#1598=CARTESIAN_POINT('Ctrl Pts',(214.146060571323,9.47032125847737,9.13661515143998));
#1599=CARTESIAN_POINT('Ctrl Pts',(214.145277133096,9.46680385256018,9.14015956755056));
#1600=CARTESIAN_POINT('Ctrl Pts',(214.144519295952,9.46328294707455,9.14370698493478));
#1601=CARTESIAN_POINT('Ctrl Pts',(214.136295537566,9.42507542945029,9.18220219952689));
#1602=CARTESIAN_POINT('Ctrl Pts',(214.130752395656,9.3865111330108,9.22094964572005));
#1603=CARTESIAN_POINT('Ctrl Pts',(214.128310278934,9.34778844233951,9.25974733301198));
#1604=CARTESIAN_POINT('Ctrl Pts',(214.127418682333,9.33365110848926,9.27391204750767));
#1605=CARTESIAN_POINT('Ctrl Pts',(214.126940069506,9.31949287359659,9.28808319126026));
#1606=CARTESIAN_POINT('Ctrl Pts',(214.126893541639,9.30532410143838,9.30225007889178));
#1607=CARTESIAN_POINT('Ctrl Pts',(214.126763493195,9.26572145246571,9.34184746048856));
#1608=CARTESIAN_POINT('Ctrl Pts',(214.130012388356,9.22603508335543,9.38141298862769));
#1609=CARTESIAN_POINT('Ctrl Pts',(214.13636530473,9.186547341786,9.42068674887166));
#1610=CARTESIAN_POINT('Ctrl Pts',(214.143531163267,9.14200660594134,9.46498612156628));
#1611=CARTESIAN_POINT('Ctrl Pts',(214.15464625858,9.09771882266589,9.50891368648101));
#1612=CARTESIAN_POINT('Ctrl Pts',(214.169256196581,9.05411305296468,9.55207529234824));
#1613=CARTESIAN_POINT('Ctrl Pts',(214.18582180237,9.00467027018401,9.60101445608691));
#1614=CARTESIAN_POINT('Ctrl Pts',(214.207013806865,8.95591271143078,9.64916918744566));
#1615=CARTESIAN_POINT('Ctrl Pts',(214.232146196051,8.9082410259055,9.69616262807961));
#1616=CARTESIAN_POINT('Ctrl Pts',(214.256706248627,8.86165496143581,9.74208589324012));
#1617=CARTESIAN_POINT('Ctrl Pts',(214.285030352197,8.81610510090696,9.78690103140231));
#1618=CARTESIAN_POINT('Ctrl Pts',(214.316513931777,8.77195318812993,9.83026582373227));
#1619=CARTESIAN_POINT('Ctrl Pts',(214.345837818513,8.7308299833778,9.87065590248207));
#1620=CARTESIAN_POINT('Ctrl Pts',(214.377903300627,8.69092023229194,9.90978711256533));
#1621=CARTESIAN_POINT('Ctrl Pts',(214.41234304897,8.6518591503813,9.94803284664984));
#1622=CARTESIAN_POINT('Ctrl Pts',(214.413066690868,8.65103840584006,9.94883645924683));
#1623=CARTESIAN_POINT('Ctrl Pts',(214.413791381482,8.65021803545219,9.94963968130051));
#1624=CARTESIAN_POINT('Ctrl Pts',(214.414517116669,8.64939803985309,9.95044251227599));
#1625=CARTESIAN_POINT('Ctrl Pts',(214.448268127979,8.61126335766601,9.98777893717087));
#1626=CARTESIAN_POINT('Ctrl Pts',(214.484225379701,8.57406904951548,10.0241502953152));
#1627=CARTESIAN_POINT('Ctrl Pts',(214.521943620931,8.53792992651077,10.0594631291527));
#1628=CARTESIAN_POINT('Ctrl Pts',(214.599060954735,8.46404119996308,10.1316624551492));
#1629=CARTESIAN_POINT('Ctrl Pts',(214.683537771591,8.39456314510971,10.1994374705961));
#1630=CARTESIAN_POINT('Ctrl Pts',(214.772981498203,8.32880811966214,10.2635917234188));
#1631=CARTESIAN_POINT('Ctrl Pts',(214.850886697759,8.27153570298867,10.3194698722604));
#1632=CARTESIAN_POINT('Ctrl Pts',(214.932561179979,8.21708780099482,10.3726010262494));
#1633=CARTESIAN_POINT('Ctrl Pts',(215.017086776696,8.1651455102642,10.4233524577561));
#1634=CARTESIAN_POINT('Ctrl Pts',(215.02962741997,8.15743909038473,10.4308821957629));
#1635=CARTESIAN_POINT('Ctrl Pts',(215.042230956002,8.14978847122722,10.4383590541059));
#1636=CARTESIAN_POINT('Ctrl Pts',(215.054894314838,8.14219274553787,10.4457841203165));
#1637=CARTESIAN_POINT('Ctrl Pts',(215.152888128925,8.0834141749622,10.5032420639208));
#1638=CARTESIAN_POINT('Ctrl Pts',(215.254464494191,8.0279231139617,10.5575982653245));
#1639=CARTESIAN_POINT('Ctrl Pts',(215.358441132944,7.97521026131781,10.6094211829701));
#1640=CARTESIAN_POINT('Ctrl Pts',(215.566395425339,7.86978404151274,10.7130675240922));
#1641=CARTESIAN_POINT('Ctrl Pts',(215.783951169111,7.77547349645538,10.806578827518));
#1642=CARTESIAN_POINT('Ctrl Pts',(216.007533217924,7.69002133447379,10.8925158659963));
#1643=CARTESIAN_POINT('Ctrl Pts',(216.149493146914,7.63576481919732,10.9470802460295));
#1644=CARTESIAN_POINT('Ctrl Pts',(216.293882205876,7.58507842287564,10.9985919088372));
#1645=CARTESIAN_POINT('Ctrl Pts',(216.439912866314,7.53742133340102,11.0476316521039));
#1646=CARTESIAN_POINT('Ctrl Pts',(216.523963919837,7.50999128161453,11.0758575196973));
#1647=CARTESIAN_POINT('Ctrl Pts',(216.608589256872,7.48356004484415,11.1032711314354));
#1648=CARTESIAN_POINT('Ctrl Pts',(216.693641505406,7.45802795088957,11.1299809488482));
#1649=CARTESIAN_POINT('Ctrl Pts',(217.005274261993,7.36447796299773,11.2278461337408));
#1650=CARTESIAN_POINT('Ctrl Pts',(217.322639635549,7.28300202386936,11.3162604177044));
#1651=CARTESIAN_POINT('Ctrl Pts',(217.644258301297,7.21237279430559,11.396753535934));
#1652=CARTESIAN_POINT('Ctrl Pts',(218.010930282664,7.13184960860547,11.4885223736633));
#1653=CARTESIAN_POINT('Ctrl Pts',(218.383130027244,7.06542497132557,11.5699957756786));
#1654=CARTESIAN_POINT('Ctrl Pts',(218.758642598397,7.01122348827827,11.6434831084844));
#1655=CARTESIAN_POINT('Ctrl Pts',(219.037497632255,6.97097355378488,11.6980546841172));
#1656=CARTESIAN_POINT('Ctrl Pts',(219.3181789117,6.93746274930965,11.748223392777));
#1657=CARTESIAN_POINT('Ctrl Pts',(219.599776991694,6.90990755428984,11.7949437873231));
#1658=CARTESIAN_POINT('Ctrl Pts',(219.685777282489,6.90149217452352,11.8092122351659));
#1659=CARTESIAN_POINT('Ctrl Pts',(219.771863091345,6.8936322030021,11.8231590844518));
#1660=CARTESIAN_POINT('Ctrl Pts',(219.858022840639,6.88633058214027,11.8367823107872));
#1661=CARTESIAN_POINT('Ctrl Pts',(220.378404890468,6.84223072736714,11.9190629871328));
#1662=CARTESIAN_POINT('Ctrl Pts',(220.902293368391,6.81846026940223,11.9896489783775));
#1663=CARTESIAN_POINT('Ctrl Pts',(221.427513774559,6.81578776588891,12.0480635966177));
#1664=CARTESIAN_POINT('Ctrl Pts',(221.950877336038,6.81312471064511,12.1062716979891));
#1665=CARTESIAN_POINT('Ctrl Pts',(222.47556251097,6.83141056016515,12.1523941821358));
#1666=CARTESIAN_POINT('Ctrl Pts',(222.999416906185,6.87136098991837,12.1859841992502));
#1667=CARTESIAN_POINT('Ctrl Pts',(223.371237730284,6.89971696411584,12.209825686425));
#1668=CARTESIAN_POINT('Ctrl Pts',(223.742639938889,6.9389863013426,12.2273539842292));
#1669=CARTESIAN_POINT('Ctrl Pts',(224.112857834759,6.98941192523112,12.2384177716953));
#1670=CARTESIAN_POINT('Ctrl Pts',(224.240138004997,7.00674815361035,12.242221479641));
#1671=CARTESIAN_POINT('Ctrl Pts',(224.367278238127,7.02540293293567,12.2452611653098));
#1672=CARTESIAN_POINT('Ctrl Pts',(224.494225938124,7.04541966013918,12.2474753789972));
#1673=CARTESIAN_POINT('Ctrl Pts',(225.030356736554,7.12995513370651,12.2568265381918));
#1674=CARTESIAN_POINT('Ctrl Pts',(225.562937220939,7.23879270561893,12.2514357011268));
#1675=CARTESIAN_POINT('Ctrl Pts',(226.088236155173,7.37527757812026,12.2266582025214));
#1676=CARTESIAN_POINT('Ctrl Pts',(226.172375113593,7.3971388351378,12.2226895043402));
#1677=CARTESIAN_POINT('Ctrl Pts',(226.256327247306,7.41970949400945,12.2182233793425));
#1678=CARTESIAN_POINT('Ctrl Pts',(226.340077200183,7.44300341462489,12.21324067356));
#1679=CARTESIAN_POINT('Ctrl Pts',(226.776103802428,7.56427833729751,12.1872992586968));
#1680=CARTESIAN_POINT('Ctrl Pts',(227.206651371839,7.70515524019739,12.1473576972727));
#1681=CARTESIAN_POINT('Ctrl Pts',(227.625604426016,7.86914867308283,12.0872494146343));
#1682=CARTESIAN_POINT('Ctrl Pts',(227.905116198544,7.97855972678384,12.0471471347814));
#1683=CARTESIAN_POINT('Ctrl Pts',(228.179467011251,8.09826081597468,11.9980680065856));
#1684=CARTESIAN_POINT('Ctrl Pts',(228.446833996,8.2293035159866,11.9381723841862));
#1685=CARTESIAN_POINT('',(228.382354906736,8.00183629165228,11.2230732698402));
#1686=CARTESIAN_POINT('Ctrl Pts',(228.446834443678,8.22930333256594,11.9381725615841));
#1687=CARTESIAN_POINT('Ctrl Pts',(228.437303609776,8.24647210401432,11.9252527584617));
#1688=CARTESIAN_POINT('Ctrl Pts',(228.427914386925,8.2623937333325,11.910729281977));
#1689=CARTESIAN_POINT('Ctrl Pts',(228.418781835476,8.27687921323879,11.8947838699182));
#1690=CARTESIAN_POINT('Ctrl Pts',(228.410184573969,8.29051564983527,11.8797730727648));
#1691=CARTESIAN_POINT('Ctrl Pts',(228.401814177007,8.30288008123688,11.8635008616819));
#1692=CARTESIAN_POINT('Ctrl Pts',(228.393775664287,8.31378112111577,11.8460817984177));
#1693=CARTESIAN_POINT('Ctrl Pts',(228.393275163633,8.31445985084943,11.8449972380178));
#1694=CARTESIAN_POINT('Ctrl Pts',(228.39277595429,8.31513289405014,11.8439082225085));
#1695=CARTESIAN_POINT('Ctrl Pts',(228.392278063632,8.31580019892669,11.8428147760799));
#1696=CARTESIAN_POINT('Ctrl Pts',(228.390409127573,8.31830506646502,11.8387102976624));
#1697=CARTESIAN_POINT('Ctrl Pts',(228.388558768244,8.32072908885701,11.8345433898509));
#1698=CARTESIAN_POINT('Ctrl Pts',(228.386727782353,8.32307150256877,11.8303166910758));
#1699=CARTESIAN_POINT('Ctrl Pts',(228.37887099898,8.33312282911623,11.8121798737436));
#1700=CARTESIAN_POINT('Ctrl Pts',(228.371433277476,8.34159310396931,11.7930917838794));
#1701=CARTESIAN_POINT('Ctrl Pts',(228.364465443396,8.34847213293054,11.7732906274772));
#1702=CARTESIAN_POINT('Ctrl Pts',(228.357405832575,8.35544176893792,11.7532286603847));
#1703=CARTESIAN_POINT('Ctrl Pts',(228.350828118164,8.36077833186305,11.7324333737295));
#1704=CARTESIAN_POINT('Ctrl Pts',(228.344801192736,8.36442732368271,11.7111294367794));
#1705=CARTESIAN_POINT('Ctrl Pts',(228.342828141852,8.36562190400787,11.7041551092975));
#1706=CARTESIAN_POINT('Ctrl Pts',(228.340914276433,8.36663525202629,11.6971261733509));
#1707=CARTESIAN_POINT('Ctrl Pts',(228.339062508931,8.36746434458524,11.6900503637891));
#1708=CARTESIAN_POINT('Ctrl Pts',(228.333417548842,8.36999176468662,11.6684803434979));
#1709=CARTESIAN_POINT('Ctrl Pts',(228.328394633672,8.37078932702191,11.646653984997));
#1710=CARTESIAN_POINT('Ctrl Pts',(228.324059812227,8.36982622001076,11.6247982863524));
#1711=CARTESIAN_POINT('Ctrl Pts',(228.321303578156,8.36921384222504,11.6109016536976));
#1712=CARTESIAN_POINT('Ctrl Pts',(228.318825851828,8.36788875018772,11.5969927242351));
#1713=CARTESIAN_POINT('Ctrl Pts',(228.316647933591,8.36583298436083,11.5831285508846));
#1714=CARTESIAN_POINT('Ctrl Pts',(228.314321301502,8.36363684556348,11.5683176961705));
#1715=CARTESIAN_POINT('Ctrl Pts',(228.312336775664,8.36060684820637,11.5535577196219));
#1716=CARTESIAN_POINT('Ctrl Pts',(228.310694353597,8.35677392828604,11.5389163344335));
#1717=CARTESIAN_POINT('Ctrl Pts',(228.308298952403,8.35118378118646,11.5175625105483));
#1718=CARTESIAN_POINT('Ctrl Pts',(228.306649717913,8.34393370745685,11.4966354429959));
#1719=CARTESIAN_POINT('Ctrl Pts',(228.305731425583,8.33516447406769,11.4763348558086));
#1720=CARTESIAN_POINT('Ctrl Pts',(228.304805974163,8.32632687493195,11.4558760033846));
#1721=CARTESIAN_POINT('Ctrl Pts',(228.304622900396,8.31594574632881,11.4360520951714));
#1722=CARTESIAN_POINT('Ctrl Pts',(228.305189453092,8.3041212969851,11.4170820591719));
#1723=CARTESIAN_POINT('Ctrl Pts',(228.305375000952,8.30024875117196,11.4108693103706));
#1724=CARTESIAN_POINT('Ctrl Pts',(228.305641134131,8.29622108693851,11.4047483483095));
#1725=CARTESIAN_POINT('Ctrl Pts',(228.30598863728,8.29204097499284,11.3987275780431));
#1726=CARTESIAN_POINT('Ctrl Pts',(228.307051317609,8.27925800379357,11.3803157905326));
#1727=CARTESIAN_POINT('Ctrl Pts',(228.308864834392,8.26515667980126,11.3629892739714));
#1728=CARTESIAN_POINT('Ctrl Pts',(228.311431791705,8.24985511958449,11.3469552671733));
#1729=CARTESIAN_POINT('Ctrl Pts',(228.311903627481,8.24704251981592,11.344008035442));
#1730=CARTESIAN_POINT('Ctrl Pts',(228.312400982411,8.24418926081727,11.3411045410603));
#1731=CARTESIAN_POINT('Ctrl Pts',(228.31292395748,8.2412959374523,11.3382461753312));
#1732=CARTESIAN_POINT('Ctrl Pts',(228.31576740294,8.22556477230434,11.3227050768551));
#1733=CARTESIAN_POINT('Ctrl Pts',(228.319366570382,8.20865127740695,11.3084947324393));
#1734=CARTESIAN_POINT('Ctrl Pts',(228.323657875908,8.19076128311954,11.2957149684538));
#1735=CARTESIAN_POINT('Ctrl Pts',(228.324251906489,8.18828483308933,11.2939459099287));
#1736=CARTESIAN_POINT('Ctrl Pts',(228.324859230062,8.18578963691268,11.2922043314398));
#1737=CARTESIAN_POINT('Ctrl Pts',(228.325479705735,8.18327621144373,11.290490565138));
#1738=CARTESIAN_POINT('Ctrl Pts',(228.32995908663,8.16513111645909,11.2781184249206));
#1739=CARTESIAN_POINT('Ctrl Pts',(228.335092888135,8.1461582067202,11.2672741809942));
#1740=CARTESIAN_POINT('Ctrl Pts',(228.34081427809,8.12657253427499,11.258046729112));
#1741=CARTESIAN_POINT('Ctrl Pts',(228.343659294976,8.11683336787363,11.2534582887818));
#1742=CARTESIAN_POINT('Ctrl Pts',(228.346649930444,8.10694229009223,11.2492702681808));
#1743=CARTESIAN_POINT('Ctrl Pts',(228.349779636701,8.09692416747698,11.2454978078523));
#1744=CARTESIAN_POINT('Ctrl Pts',(228.356036467822,8.07689618523171,11.2379559987348));
#1745=CARTESIAN_POINT('Ctrl Pts',(228.362816150413,8.05646384940861,11.2321107720015));
#1746=CARTESIAN_POINT('Ctrl Pts',(228.370061577187,8.03583036817244,11.2280668105825));
#1747=CARTESIAN_POINT('Ctrl Pts',(228.373722642383,8.02540440951104,11.2260234242));
#1748=CARTESIAN_POINT('Ctrl Pts',(228.377502890227,8.01492687698791,11.2244406684352));
#1749=CARTESIAN_POINT('Ctrl Pts',(228.381396308072,8.00442346702681,11.2233369491268));
#1750=CARTESIAN_POINT('Ctrl Pts',(228.381716034377,8.00356093015424,11.2232463120286));
#1751=CARTESIAN_POINT('Ctrl Pts',(228.382036489369,8.00269831260859,11.2231589172634));
#1752=CARTESIAN_POINT('Ctrl Pts',(228.382357669386,8.00183562870716,11.2230747740024));
#1753=CARTESIAN_POINT('',(228.33566094925,7.98299470685897,11.232994706859));
#1754=CARTESIAN_POINT('Ctrl Pts',(228.382355355004,8.00183626093959,11.2230752956951));
#1755=CARTESIAN_POINT('Ctrl Pts',(228.366815813834,7.99551816495018,11.2264179959989));
#1756=CARTESIAN_POINT('Ctrl Pts',(228.351253349788,7.98923464541781,11.2297292433415));
#1757=CARTESIAN_POINT('Ctrl Pts',(228.335668324053,7.98298551234438,11.2330093513));
#1758=CARTESIAN_POINT('',(216.842634788997,10.7923030155178,7.61980866043372));
#1759=CARTESIAN_POINT('Ctrl Pts',(228.33566440884,7.98299432908451,11.2330104248345));
#1760=CARTESIAN_POINT('Ctrl Pts',(227.979750731835,7.84039575992982,11.3079211777197));
#1761=CARTESIAN_POINT('Ctrl Pts',(227.612247680467,7.71572006107844,11.3665772690702));
#1762=CARTESIAN_POINT('Ctrl Pts',(227.237357138452,7.60667730705771,11.4127295257855));
#1763=CARTESIAN_POINT('Ctrl Pts',(226.935419445579,7.51885402563665,11.4499006580274));
#1764=CARTESIAN_POINT('Ctrl Pts',(226.628689589724,7.44117300868452,11.4789602120058));
#1765=CARTESIAN_POINT('Ctrl Pts',(226.319362159972,7.37245497636959,11.5018615784095));
#1766=CARTESIAN_POINT('Ctrl Pts',(225.721987394382,7.23974634953089,11.5460888181277));
#1767=CARTESIAN_POINT('Ctrl Pts',(225.114923430109,7.14046351995284,11.5673494623995));
#1768=CARTESIAN_POINT('Ctrl Pts',(224.503436078375,7.06997254954582,11.5718330906959));
#1769=CARTESIAN_POINT('Ctrl Pts',(224.378651395737,7.05558763488465,11.5727480534215));
#1770=CARTESIAN_POINT('Ctrl Pts',(224.253693519902,7.04240135385746,11.5729630032098));
#1771=CARTESIAN_POINT('Ctrl Pts',(224.128611514372,7.03037423834573,11.5725304954312));
#1772=CARTESIAN_POINT('Ctrl Pts',(223.603307704649,6.97986425834099,11.5707141031938));
#1773=CARTESIAN_POINT('Ctrl Pts',(223.075814432281,6.94980274672956,11.5574767740195));
#1774=CARTESIAN_POINT('Ctrl Pts',(222.548311337233,6.93943265492546,11.5331935726843));
#1775=CARTESIAN_POINT('Ctrl Pts',(221.995000107529,6.92855520548083,11.5077223136185));
#1776=CARTESIAN_POINT('Ctrl Pts',(221.441679196409,6.93934302236798,11.470098797186));
#1777=CARTESIAN_POINT('Ctrl Pts',(220.890856627897,6.97086670689957,11.4207704938713));
#1778=CARTESIAN_POINT('Ctrl Pts',(220.576384859565,6.988863988394,11.3926083239476));
#1779=CARTESIAN_POINT('Ctrl Pts',(220.262727164392,7.01361893385505,11.3606312624225));
#1780=CARTESIAN_POINT('Ctrl Pts',(219.950347222539,7.04495170203129,11.3249228061096));
#1781=CARTESIAN_POINT('Ctrl Pts',(219.865781797806,7.05343390109039,11.3152560497977));
#1782=CARTESIAN_POINT('Ctrl Pts',(219.781288967993,7.06240050783565,11.3053139918196));
#1783=CARTESIAN_POINT('Ctrl Pts',(219.696879763879,7.07184800529145,11.2950972343024));
#1784=CARTESIAN_POINT('Ctrl Pts',(219.299862623044,7.11628413601056,11.247042903017));
#1785=CARTESIAN_POINT('Ctrl Pts',(218.9046946883,7.17135743252404,11.1929084335747));
#1786=CARTESIAN_POINT('Ctrl Pts',(218.514025711027,7.23895912582296,11.1301017881863));
#1787=CARTESIAN_POINT('Ctrl Pts',(218.20262701379,7.29284382219991,11.0800391809932));
#1788=CARTESIAN_POINT('Ctrl Pts',(217.894087315859,7.3546898058602,11.0244661546245));
#1789=CARTESIAN_POINT('Ctrl Pts',(217.589748940142,7.42545245280929,10.9621021902893));
#1790=CARTESIAN_POINT('Ctrl Pts',(217.338045512306,7.48397678697453,10.9105239969066));
#1791=CARTESIAN_POINT('Ctrl Pts',(217.089215977214,7.54860053735306,10.8543008881877));
#1792=CARTESIAN_POINT('Ctrl Pts',(216.844016527533,7.61985426146183,10.7927337833174));
#1793=CARTESIAN_POINT('Ctrl Pts',(216.760519212333,7.64411816037707,10.7717684509398));
#1794=CARTESIAN_POINT('Ctrl Pts',(216.677442821111,7.66915076705006,10.7501836550499));
#1795=CARTESIAN_POINT('Ctrl Pts',(216.594932465624,7.69503448499775,10.7278823171774));
#1796=CARTESIAN_POINT('Ctrl Pts',(216.451600236839,7.73999818635165,10.6891417197902));
#1797=CARTESIAN_POINT('Ctrl Pts',(216.30987485732,7.787560547874,10.6482638049367));
#1798=CARTESIAN_POINT('Ctrl Pts',(216.170526441685,7.83815211771205,10.6047194879381));
#1799=CARTESIAN_POINT('Ctrl Pts',(215.951051081593,7.91783442308498,10.5361366869803));
#1800=CARTESIAN_POINT('Ctrl Pts',(215.737472885719,8.00503172022795,10.4609375272179));
#1801=CARTESIAN_POINT('Ctrl Pts',(215.533295557855,8.10156544414761,10.3767894295155));
#1802=CARTESIAN_POINT('Ctrl Pts',(215.43120777115,8.14983189135961,10.3347157421985));
#1803=CARTESIAN_POINT('Ctrl Pts',(215.331470103273,8.20043236043051,10.2904053087445));
#1804=CARTESIAN_POINT('Ctrl Pts',(215.23524214543,8.25377407856747,10.2433332074319));
#1805=CARTESIAN_POINT('Ctrl Pts',(215.222808159838,8.26066656771087,10.2372508396607));
#1806=CARTESIAN_POINT('Ctrl Pts',(215.210432769691,8.26760482302211,10.2311223671707));
#1807=CARTESIAN_POINT('Ctrl Pts',(215.198118987102,8.27458954606586,10.2249467631186));
#1808=CARTESIAN_POINT('Ctrl Pts',(215.115113722129,8.32167246172038,10.1833179908851));
#1809=CARTESIAN_POINT('Ctrl Pts',(215.034920156195,8.37085877090554,10.139555236449));
#1810=CARTESIAN_POINT('Ctrl Pts',(214.958426146622,8.42238350789282,10.0933275399584));
#1811=CARTESIAN_POINT('Ctrl Pts',(214.870603968964,8.48153865782816,10.0402538810332));
#1812=CARTESIAN_POINT('Ctrl Pts',(214.787656706766,8.54377565163027,9.98393174553701));
#1813=CARTESIAN_POINT('Ctrl Pts',(214.711910470812,8.60961394342055,9.92361079611578));
#1814=CARTESIAN_POINT('Ctrl Pts',(214.674864483589,8.64181415093821,9.89410901172542));
#1815=CARTESIAN_POINT('Ctrl Pts',(214.639541383117,8.67487606086091,9.8636504180193));
#1816=CARTESIAN_POINT('Ctrl Pts',(214.606375432103,8.70868899650888,9.83230342211727));
#1817=CARTESIAN_POINT('Ctrl Pts',(214.605660244315,8.7094181358189,9.83162745812523));
#1818=CARTESIAN_POINT('Ctrl Pts',(214.604946084877,8.71014758083285,9.83095113629268));
#1819=CARTESIAN_POINT('Ctrl Pts',(214.60423295778,8.71087733066472,9.83027445679238));
#1820=CARTESIAN_POINT('Ctrl Pts',(214.570388945466,8.74551023466787,9.79816019632777));
#1821=CARTESIAN_POINT('Ctrl Pts',(214.538868963809,8.7808298716264,9.76523929611269));
#1822=CARTESIAN_POINT('Ctrl Pts',(214.510022427392,8.81712304064373,9.73116246734405));
#1823=CARTESIAN_POINT('Ctrl Pts',(214.475832118622,8.86013945817761,9.69077296336211));
#1824=CARTESIAN_POINT('Ctrl Pts',(214.445395919063,8.90452283554459,9.6487604250457));
#1825=CARTESIAN_POINT('Ctrl Pts',(214.419496411258,8.94981620286682,9.6054772735437));
#1826=CARTESIAN_POINT('Ctrl Pts',(214.397928219073,8.98753491391373,9.56943259898706));
#1827=CARTESIAN_POINT('Ctrl Pts',(214.379506404271,9.02588541004777,9.53250664248693));
#1828=CARTESIAN_POINT('Ctrl Pts',(214.364709967298,9.06459974960962,9.4949092097063));
#1829=CARTESIAN_POINT('Ctrl Pts',(214.351008609109,9.10044885533612,9.4600943489066));
#1830=CARTESIAN_POINT('Ctrl Pts',(214.340299327278,9.13675757202753,9.42460504163022));
#1831=CARTESIAN_POINT('Ctrl Pts',(214.333047984009,9.17321451751845,9.38870472517956));
#1832=CARTESIAN_POINT('Ctrl Pts',(214.325796640739,9.20967146300937,9.3528044087289));
#1833=CARTESIAN_POINT('Ctrl Pts',(214.322004380956,9.24627598186525,9.31649367071136));
#1834=CARTESIAN_POINT('Ctrl Pts',(214.322086587647,9.2827078356359,9.28005003180677));
#1835=CARTESIAN_POINT('Ctrl Pts',(214.3221666175,9.31817497194279,9.24457142243693));
#1836=CARTESIAN_POINT('Ctrl Pts',(214.325918483167,9.35347793560086,9.20896745481768));
#1837=CARTESIAN_POINT('Ctrl Pts',(214.332948043806,9.38838199568129,9.17350716829759));
#1838=CARTESIAN_POINT('Ctrl Pts',(214.334997695308,9.3985591835389,9.16316779813355));
#1839=CARTESIAN_POINT('Ctrl Pts',(214.337325659447,9.4087024875167,9.15284064175798));
#1840=CARTESIAN_POINT('Ctrl Pts',(214.339921371294,9.41880618559044,9.14253233201233));
#1841=CARTESIAN_POINT('Ctrl Pts',(214.34862048724,9.45266712478589,9.10798566929956));
#1842=CARTESIAN_POINT('Ctrl Pts',(214.360313011622,9.48604969856712,9.0736853050014));
#1843=CARTESIAN_POINT('Ctrl Pts',(214.374637054663,9.51887944548959,9.03973974043969));
#1844=CARTESIAN_POINT('Ctrl Pts',(214.389692879267,9.55338638672605,9.0040599770734));
#1845=CARTESIAN_POINT('Ctrl Pts',(214.407656620692,9.58728310068761,8.96877159351263));
#1846=CARTESIAN_POINT('Ctrl Pts',(214.428166543313,9.62047637644184,8.9340027856441));
#1847=CARTESIAN_POINT('Ctrl Pts',(214.449940125814,9.65571476039045,8.89709179770251));
#1848=CARTESIAN_POINT('Ctrl Pts',(214.474584251385,9.69016116599001,8.86076546856199));
#1849=CARTESIAN_POINT('Ctrl Pts',(214.501717957083,9.72368604700034,8.82519156134978));
#1850=CARTESIAN_POINT('Ctrl Pts',(214.504303456534,9.7268805447371,8.82180181729545));
#1851=CARTESIAN_POINT('Ctrl Pts',(214.506911590366,9.73006665684902,8.81841892163467));
#1852=CARTESIAN_POINT('Ctrl Pts',(214.509542046319,9.73324425890807,8.81504303084347));
#1853=CARTESIAN_POINT('Ctrl Pts',(214.526406450502,9.7536165314007,8.79339948774853));
#1854=CARTESIAN_POINT('Ctrl Pts',(214.544187975022,9.7736392102547,8.7720436918283));
#1855=CARTESIAN_POINT('Ctrl Pts',(214.562861434577,9.79333985435416,8.75095146281086));
#1856=CARTESIAN_POINT('Ctrl Pts',(214.612278780835,9.84547553644816,8.69513309762667));
#1857=CARTESIAN_POINT('Ctrl Pts',(214.667555434853,9.89493563015121,8.64160921768868));
#1858=CARTESIAN_POINT('Ctrl Pts',(214.727558766485,9.94195544438566,8.59026814320344));
#1859=CARTESIAN_POINT('Ctrl Pts',(214.794866717376,9.99469930478964,8.53267696574497));
#1860=CARTESIAN_POINT('Ctrl Pts',(214.868120326194,10.044372616319,8.47783217370084));
#1861=CARTESIAN_POINT('Ctrl Pts',(214.945672099032,10.0913521434743,8.42554651528179));
#1862=CARTESIAN_POINT('Ctrl Pts',(215.030556364668,10.1427735683695,8.36831726628137));
#1863=CARTESIAN_POINT('Ctrl Pts',(215.120585698645,10.1909685557671,8.31415332117357));
#1864=CARTESIAN_POINT('Ctrl Pts',(215.213595083864,10.2364748470705,8.26278291931069));
#1865=CARTESIAN_POINT('Ctrl Pts',(215.2324221356,10.2456862755585,8.25238447176404));
#1866=CARTESIAN_POINT('Ctrl Pts',(215.251371411028,10.2547876409289,8.24210042776811));
#1867=CARTESIAN_POINT('Ctrl Pts',(215.27042519839,10.2637835390775,8.23192845495967));
#1868=CARTESIAN_POINT('Ctrl Pts',(215.3488100622,10.3007915227294,8.19008224936867));
#1869=CARTESIAN_POINT('Ctrl Pts',(215.429681443807,10.3361148970508,8.14982379773049));
#1870=CARTESIAN_POINT('Ctrl Pts',(215.511935149459,10.3699898411272,8.11102068785167));
#1871=CARTESIAN_POINT('Ctrl Pts',(215.519928112201,10.3732816218894,8.1072500150404));
#1872=CARTESIAN_POINT('Ctrl Pts',(215.527934099304,10.3765597495111,8.10349307090738));
#1873=CARTESIAN_POINT('Ctrl Pts',(215.535952079873,10.3798244560922,8.09974972542559));
#1874=CARTESIAN_POINT('Ctrl Pts',(215.636018503369,10.4205688191546,8.05303182793974));
#1875=CARTESIAN_POINT('Ctrl Pts',(215.737953610166,10.4592184838938,8.00843392864622));
#1876=CARTESIAN_POINT('Ctrl Pts',(215.841497508772,10.4960171867479,7.96576419472153));
#1877=CARTESIAN_POINT('Ctrl Pts',(215.954760122038,10.536269845825,7.91908944481551));
#1878=CARTESIAN_POINT('Ctrl Pts',(216.069947568172,10.5743077623057,7.87472101954645));
#1879=CARTESIAN_POINT('Ctrl Pts',(216.186711355955,10.6105125516672,7.8323865051038));
#1880=CARTESIAN_POINT('Ctrl Pts',(216.291873292353,10.6431199707006,7.79425842104782));
#1881=CARTESIAN_POINT('Ctrl Pts',(216.398313639372,10.6742417926,7.75777932475689));
#1882=CARTESIAN_POINT('Ctrl Pts',(216.505774458463,10.7041923561825,7.72274616600933));
#1883=CARTESIAN_POINT('Ctrl Pts',(216.616830387356,10.7351449181269,7.68654097029549));
#1884=CARTESIAN_POINT('Ctrl Pts',(216.728976116983,10.7648468616542,7.65187966517579));
#1885=CARTESIAN_POINT('Ctrl Pts',(216.841968161245,10.7934626184082,7.618745348443));
#1886=CARTESIAN_POINT('',(228.382354912028,11.223073268691,8.00183629302194));
#1887=CARTESIAN_POINT('Ctrl Pts',(216.842021278943,10.7934760733433,7.61872977213831));
#1888=CARTESIAN_POINT('Ctrl Pts',(217.752463797931,11.0240931232606,7.35175263008694));
#1889=CARTESIAN_POINT('Ctrl Pts',(219.458852404144,11.289908919621,7.05277950760899));
#1890=CARTESIAN_POINT('Ctrl Pts',(221.904322364323,11.5177616939258,6.89953689544436));
#1891=CARTESIAN_POINT('Ctrl Pts',(224.135921102565,11.5941896124148,6.99063551304847));
#1892=CARTESIAN_POINT('Ctrl Pts',(226.323358389093,11.5347034929883,7.32277553958196));
#1893=CARTESIAN_POINT('Ctrl Pts',(227.726645429751,11.3641131832325,7.73524482588496));
#1894=CARTESIAN_POINT('Ctrl Pts',(228.382355851322,11.2230749517055,8.00183507656344));
#1895=CARTESIAN_POINT('Ctrl Pts',(228.382356752106,11.2230747579539,8.00183544279246));
#1896=CARTESIAN_POINT('Ctrl Pts',(228.382035572875,11.2231589022911,8.00269813668564));
#1897=CARTESIAN_POINT('Ctrl Pts',(228.381715113318,11.2232462993699,8.00356076290285));
#1898=CARTESIAN_POINT('Ctrl Pts',(228.381395387794,11.2233369376836,8.00442330975738));
#1899=CARTESIAN_POINT('Ctrl Pts',(228.373690227593,11.225521257282,8.02521008216884));
#1900=CARTESIAN_POINT('Ctrl Pts',(228.366427513576,11.2295785413237,8.04589562331794));
#1901=CARTESIAN_POINT('Ctrl Pts',(228.359656976481,11.2353790910666,8.06628034174915));
#1902=CARTESIAN_POINT('Ctrl Pts',(228.356235868233,11.2383100710305,8.07658060705805));
#1903=CARTESIAN_POINT('Ctrl Pts',(228.352940617424,11.2416869829947,8.08680405625071));
#1904=CARTESIAN_POINT('Ctrl Pts',(228.349779120073,11.2454978098134,8.09692406923277));
#1905=CARTESIAN_POINT('Ctrl Pts',(228.343485289564,11.2530843093205,8.11707074006109));
#1906=CARTESIAN_POINT('Ctrl Pts',(228.337752818053,11.2623484359564,8.13670447323657));
#1907=CARTESIAN_POINT('Ctrl Pts',(228.332639187231,11.2731790517404,8.15561966528842));
#1908=CARTESIAN_POINT('Ctrl Pts',(228.330096384513,11.2785646808993,8.16502542871795));
#1909=CARTESIAN_POINT('Ctrl Pts',(228.327706856738,11.284338398394,8.1742533265169));
#1910=CARTESIAN_POINT('Ctrl Pts',(228.325479464441,11.2904905647706,8.18327615534911));
#1911=CARTESIAN_POINT('Ctrl Pts',(228.320997163815,11.3028708981509,8.20143327629426));
#1912=CARTESIAN_POINT('Ctrl Pts',(228.317199713136,11.3166990255174,8.21864065634937));
#1913=CARTESIAN_POINT('Ctrl Pts',(228.314148000091,11.3318691954044,8.2346955752606));
#1914=CARTESIAN_POINT('Ctrl Pts',(228.313725562814,11.3339691455524,8.23691799792271));
#1915=CARTESIAN_POINT('Ctrl Pts',(228.313317445983,11.3360948783691,8.23911830149443));
#1916=CARTESIAN_POINT('Ctrl Pts',(228.312923842199,11.3382461752812,8.24129590952915));
#1917=CARTESIAN_POINT('Ctrl Pts',(228.310078695737,11.3537967239828,8.25703664694553));
#1918=CARTESIAN_POINT('Ctrl Pts',(228.307989978694,11.3706806587498,8.27159459882539));
#1919=CARTESIAN_POINT('Ctrl Pts',(228.306650834732,11.3886861252636,8.28485888659955));
#1920=CARTESIAN_POINT('Ctrl Pts',(228.306404685451,11.3919957265979,8.28729700751586));
#1921=CARTESIAN_POINT('Ctrl Pts',(228.306183924527,11.3953432892788,8.28969131324717));
#1922=CARTESIAN_POINT('Ctrl Pts',(228.305988594755,11.3987275779555,8.29204096431016));
#1923=CARTESIAN_POINT('Ctrl Pts',(228.304929403883,11.4170791463243,8.30478212980879));
#1924=CARTESIAN_POINT('Ctrl Pts',(228.304624503715,11.4363591429177,8.31610959102096));
#1925=CARTESIAN_POINT('Ctrl Pts',(228.305059255256,11.4563406756287,8.32593597541337));
#1926=CARTESIAN_POINT('Ctrl Pts',(228.305492465177,11.4762513542266,8.33572751564441));
#1927=CARTESIAN_POINT('Ctrl Pts',(228.306660087742,11.4968599324646,8.34402920705476));
#1928=CARTESIAN_POINT('Ctrl Pts',(228.308570021067,11.517962676593,8.35071452667882));
#1929=CARTESIAN_POINT('Ctrl Pts',(228.309197546626,11.5248961706247,8.35291104782468));
#1930=CARTESIAN_POINT('Ctrl Pts',(228.309905385863,11.5318830921947,8.35493271850213));
#1931=CARTESIAN_POINT('Ctrl Pts',(228.310694352022,11.5389163343751,8.35677392786138));
#1932=CARTESIAN_POINT('Ctrl Pts',(228.312336774841,11.5535577195832,8.36060684798363));
#1933=CARTESIAN_POINT('Ctrl Pts',(228.314321301098,11.5683176961269,8.36363684547386));
#1934=CARTESIAN_POINT('Ctrl Pts',(228.316647933429,11.5831285508434,8.3658329843497));
#1935=CARTESIAN_POINT('Ctrl Pts',(228.320073220592,11.6049332123947,8.36906615797969));
#1936=CARTESIAN_POINT('Ctrl Pts',(228.32423898386,11.6268486270324,8.37049443476254));
#1937=CARTESIAN_POINT('Ctrl Pts',(228.329066394327,11.6486527013255,8.3701787975859));
#1938=CARTESIAN_POINT('Ctrl Pts',(228.332135829442,11.6625164884913,8.36997810451452));
#1939=CARTESIAN_POINT('Ctrl Pts',(228.335473245146,11.6763353882091,8.36907136690968));
#1940=CARTESIAN_POINT('Ctrl Pts',(228.339062508617,11.6900503637394,8.36746434450938));
#1941=CARTESIAN_POINT('Ctrl Pts',(228.344711130771,11.7116343781907,8.36493528460438));
#1942=CARTESIAN_POINT('Ctrl Pts',(228.350935947572,11.7327825544937,8.36069530757605));
#1943=CARTESIAN_POINT('Ctrl Pts',(228.35766169092,11.7532741599321,8.35481406390021));
#1944=CARTESIAN_POINT('Ctrl Pts',(228.364327492058,11.7735831369148,8.34898523595401));
#1945=CARTESIAN_POINT('Ctrl Pts',(228.371485770788,11.793248532638,8.34154391674585));
#1946=CARTESIAN_POINT('Ctrl Pts',(228.379080829484,11.8120398009384,8.33251397272431));
#1947=CARTESIAN_POINT('Ctrl Pts',(228.381582855461,11.8182301732989,8.32953925515901));
#1948=CARTESIAN_POINT('Ctrl Pts',(228.384132396759,11.8243254695955,8.326391800472));
#1949=CARTESIAN_POINT('Ctrl Pts',(228.386727762823,11.8303166904574,8.32307149742145));
#1950=CARTESIAN_POINT('Ctrl Pts',(228.388558746971,11.8345433891796,8.32072908324838));
#1951=CARTESIAN_POINT('Ctrl Pts',(228.390409104384,11.8387102969308,8.31830506035073));
#1952=CARTESIAN_POINT('Ctrl Pts',(228.392278038335,11.84281477528,8.31580019225736));
#1953=CARTESIAN_POINT('Ctrl Pts',(228.400274622522,11.8603765551667,8.30508264465235));
#1954=CARTESIAN_POINT('Ctrl Pts',(228.408610098599,11.8767976608594,8.29288842343628));
#1955=CARTESIAN_POINT('Ctrl Pts',(228.417178574198,11.8919653514382,8.27941145591776));
#1956=CARTESIAN_POINT('Ctrl Pts',(228.42586691724,11.9073452282203,8.26574595432042));
#1957=CARTESIAN_POINT('Ctrl Pts',(228.434795466252,11.9214373162344,8.25076061748502));
#1958=CARTESIAN_POINT('Ctrl Pts',(228.443863780352,11.934087338744,8.23462212628135));
#1959=CARTESIAN_POINT('Ctrl Pts',(228.444852330507,11.9354663361591,8.2328628458029));
#1960=CARTESIAN_POINT('Ctrl Pts',(228.445842545497,11.936828152923,8.23108983589269));
#1961=CARTESIAN_POINT('Ctrl Pts',(228.44683429709,11.9381725556167,8.22930329498484));
#1962=CARTESIAN_POINT('Ctrl Pts',(228.355838861293,11.2288121618228,7.99499626181901));
#1963=CARTESIAN_POINT('Ctrl Pts',(228.725065685506,11.149178811017,8.08990527556239));
#1964=CARTESIAN_POINT('Ctrl Pts',(229.451715027636,10.9694232268001,8.30455698063288));
#1965=CARTESIAN_POINT('Ctrl Pts',(230.305878835291,10.6729303027272,8.65071826169714));
#1966=CARTESIAN_POINT('Ctrl Pts',(230.900591887899,10.3574780239699,9.00343930778596));
#1967=CARTESIAN_POINT('Ctrl Pts',(231.260456836164,10.0661511784912,9.31808879276544));
#1968=CARTESIAN_POINT('Ctrl Pts',(231.422935154612,9.69715209444225,9.69779718249569));
#1969=CARTESIAN_POINT('Ctrl Pts',(231.259738973064,9.31773444068672,10.0664570914629));
#1970=CARTESIAN_POINT('Ctrl Pts',(230.900450161531,9.00324386549859,10.3576633959273));
#1971=CARTESIAN_POINT('Ctrl Pts',(230.380079388342,8.69449938098915,10.6338032090437));
#1972=CARTESIAN_POINT('Ctrl Pts',(229.5424318375,8.33362204935751,10.9453801274031));
#1973=CARTESIAN_POINT('Ctrl Pts',(228.817355840199,8.11362827450392,11.1292740430464));
#1974=CARTESIAN_POINT('Ctrl Pts',(228.355838861277,7.994996261815,11.2288121618262));
#1975=CARTESIAN_POINT('Ctrl Pts',(228.329174634426,11.2364270119335,8.08563660185815));
#1976=CARTESIAN_POINT('Ctrl Pts',(228.694917610316,11.1528185506101,8.18138545841681));
#1977=CARTESIAN_POINT('Ctrl Pts',(229.413495429007,10.9647183865896,8.39671222240578));
#1978=CARTESIAN_POINT('Ctrl Pts',(230.251982418002,10.6567883158308,8.73922436887858));
#1979=CARTESIAN_POINT('Ctrl Pts',(230.827076484583,10.3382887671662,9.07911412690979));
#1980=CARTESIAN_POINT('Ctrl Pts',(231.165594115773,10.0512306496502,9.37587304855297));
#1981=CARTESIAN_POINT('Ctrl Pts',(231.309928865489,9.7143174664774,9.71471378584729));
#1982=CARTESIAN_POINT('Ctrl Pts',(231.165039989623,9.37555271468399,10.0515655917823));
#1983=CARTESIAN_POINT('Ctrl Pts',(230.82690428354,9.07891238149805,10.3384607829972));
#1984=CARTESIAN_POINT('Ctrl Pts',(230.323901366082,8.78132828494723,10.6173968794497));
#1985=CARTESIAN_POINT('Ctrl Pts',(229.503203232348,8.42591016867117,10.9394237161808));
#1986=CARTESIAN_POINT('Ctrl Pts',(228.7863369591,8.20531838041448,11.1319201832027));
#1987=CARTESIAN_POINT('Ctrl Pts',(228.32917463441,8.08563660185411,11.236427011937));
#1988=CARTESIAN_POINT('Ctrl Pts',(228.29110869663,11.3204105951606,8.2652950768272));
#1989=CARTESIAN_POINT('Ctrl Pts',(228.650897803137,11.2311744700477,8.36651732958846));
#1990=CARTESIAN_POINT('Ctrl Pts',(229.355411884144,11.0307128609831,8.59160251298108));
#1991=CARTESIAN_POINT('Ctrl Pts',(230.16481599308,10.7036725569572,8.94162987134164));
#1992=CARTESIAN_POINT('Ctrl Pts',(230.702219074047,10.3791616558804,9.2712058906285));
#1993=CARTESIAN_POINT('Ctrl Pts',(230.998973392346,10.0981213333466,9.54572215955737));
#1994=CARTESIAN_POINT('Ctrl Pts',(231.107461021464,9.81710412669718,9.81695525968836));
#1995=CARTESIAN_POINT('Ctrl Pts',(230.998737500378,9.5455310162545,10.0984362289876));
#1996=CARTESIAN_POINT('Ctrl Pts',(230.701968941046,9.27110399571551,10.3792394359703));
#1997=CARTESIAN_POINT('Ctrl Pts',(230.232349045141,8.98237689929715,10.6637039588148));
#1998=CARTESIAN_POINT('Ctrl Pts',(229.443362821611,8.6222509673755,11.003414854215));
#1999=CARTESIAN_POINT('Ctrl Pts',(228.740828951469,8.39181835528044,11.2088694389647));
#2000=CARTESIAN_POINT('Ctrl Pts',(228.291108696615,8.26529507682294,11.3204105951643));
#2001=CARTESIAN_POINT('Ctrl Pts',(228.305734782229,11.568262677429,8.38882941083907));
#2002=CARTESIAN_POINT('Ctrl Pts',(228.66483495549,11.4794189284437,8.50038585791546));
#2003=CARTESIAN_POINT('Ctrl Pts',(229.367024249443,11.2785184513048,8.74752483355785));
#2004=CARTESIAN_POINT('Ctrl Pts',(230.169012757131,10.9462945061573,9.12935451857129));
#2005=CARTESIAN_POINT('Ctrl Pts',(230.695202713852,10.6157113861783,9.48424027607811));
#2006=CARTESIAN_POINT('Ctrl Pts',(230.978809753804,10.3293757744245,9.77590497527008));
#2007=CARTESIAN_POINT('Ctrl Pts',(231.075701713094,10.0505136605191,10.0502416623651));
#2008=CARTESIAN_POINT('Ctrl Pts',(230.978679518735,9.77568950384124,10.3296889296147));
#2009=CARTESIAN_POINT('Ctrl Pts',(230.694930257748,9.48413807232138,10.6157792640297));
#2010=CARTESIAN_POINT('Ctrl Pts',(230.235253467796,9.17318748432438,10.9056365041018));
#2011=CARTESIAN_POINT('Ctrl Pts',(229.454654502463,8.78116496322278,11.2509940528644));
#2012=CARTESIAN_POINT('Ctrl Pts',(228.754593901393,8.52826996893444,11.4572119738035));
#2013=CARTESIAN_POINT('Ctrl Pts',(228.305734782214,8.38882941083437,11.5682626774328));
#2014=CARTESIAN_POINT('Ctrl Pts',(228.366542542689,11.8040693148462,8.35616319269905));
#2015=CARTESIAN_POINT('Ctrl Pts',(228.731054027315,11.7190886281619,8.47405959814162));
#2016=CARTESIAN_POINT('Ctrl Pts',(229.445199563509,11.5252637115501,8.73595536435607));
#2017=CARTESIAN_POINT('Ctrl Pts',(230.269148022532,11.1991992467645,9.1441966232594));
#2018=CARTESIAN_POINT('Ctrl Pts',(230.822513489294,10.8608994727706,9.53595053734107));
#2019=CARTESIAN_POINT('Ctrl Pts',(231.135864669625,10.5567769844987,9.86807818084005));
#2020=CARTESIAN_POINT('Ctrl Pts',(231.258226758089,10.2169447464373,10.2170540927008));
#2021=CARTESIAN_POINT('Ctrl Pts',(231.135508446487,9.86779662175875,10.5570597240285));
#2022=CARTESIAN_POINT('Ctrl Pts',(230.82229622038,9.53584214340127,10.8609868413728));
#2023=CARTESIAN_POINT('Ctrl Pts',(230.338552399387,9.19272682614504,11.1574183425926));
#2024=CARTESIAN_POINT('Ctrl Pts',(229.534267113145,8.77142638486189,11.4988083865258));
#2025=CARTESIAN_POINT('Ctrl Pts',(228.822165558487,8.5035284145503,11.6978472659272));
#2026=CARTESIAN_POINT('Ctrl Pts',(228.366542542673,8.35616319269408,11.8040693148498));
#2027=CARTESIAN_POINT('Ctrl Pts',(228.416802148389,11.9113204871211,8.2689094659819));
#2028=CARTESIAN_POINT('Ctrl Pts',(228.786343854753,11.8285029785566,8.38820613638096));
#2029=CARTESIAN_POINT('Ctrl Pts',(229.511921884318,11.6385764071252,8.65429100234628));
#2030=CARTESIAN_POINT('Ctrl Pts',(230.35774883267,11.3162783340293,9.07224569097021));
#2031=CARTESIAN_POINT('Ctrl Pts',(230.938873713401,10.9704264897797,9.48495371200924));
#2032=CARTESIAN_POINT('Ctrl Pts',(231.282906857331,10.6504898122249,9.84433715592958));
#2033=CARTESIAN_POINT('Ctrl Pts',(231.431688428723,10.2555194771174,10.2560858037668));
#2034=CARTESIAN_POINT('Ctrl Pts',(231.282309972818,9.84391739976747,10.6508467908079));
#2035=CARTESIAN_POINT('Ctrl Pts',(230.938700406497,9.48471390423686,10.9706437820007));
#2036=CARTESIAN_POINT('Ctrl Pts',(230.430369020252,9.12340273899445,11.2734868980546));
#2037=CARTESIAN_POINT('Ctrl Pts',(229.602380238713,8.69012947597773,11.6128602548965));
#2038=CARTESIAN_POINT('Ctrl Pts',(228.878712715868,8.41802495625895,11.807802313883));
#2039=CARTESIAN_POINT('Ctrl Pts',(228.416802148374,8.26890946597687,11.9113204871246));
#2040=CARTESIAN_POINT('Ctrl Pts',(228.441988562591,11.9489804683692,8.21412598920492));
#2041=CARTESIAN_POINT('Ctrl Pts',(228.814072839322,11.8668577786993,8.33358878003193));
#2042=CARTESIAN_POINT('Ctrl Pts',(229.545372882271,11.6782172030373,8.60046387890441));
#2043=CARTESIAN_POINT('Ctrl Pts',(230.402259096449,11.3569247339552,9.02139669747897));
#2044=CARTESIAN_POINT('Ctrl Pts',(230.997430960842,11.0066801552027,9.44285038861152));
#2045=CARTESIAN_POINT('Ctrl Pts',(231.357015522045,10.6784774214377,9.81451229837063));
#2046=CARTESIAN_POINT('Ctrl Pts',(231.519184651547,10.2559477342793,10.2566927705088));
#2047=CARTESIAN_POINT('Ctrl Pts',(231.356300857502,9.81408803022349,10.6788157179992));
#2048=CARTESIAN_POINT('Ctrl Pts',(230.997289932722,9.44262170737147,11.0068912905234));
#2049=CARTESIAN_POINT('Ctrl Pts',(230.476515029821,9.07371830168928,11.3134925537305));
#2050=CARTESIAN_POINT('Ctrl Pts',(229.636522591434,8.63633933603202,11.652756057921));
#2051=CARTESIAN_POINT('Ctrl Pts',(228.907077229054,8.36344912257021,11.8463307876026));
#2052=CARTESIAN_POINT('Ctrl Pts',(228.441988562575,8.21412598919988,11.9489804683727));
#2053=CARTESIAN_POINT('Ctrl Pts',(228.382355240352,11.2230733294114,8.00183627795147));
#2054=CARTESIAN_POINT('Ctrl Pts',(228.742461187535,11.1448658101756,8.09505465832354));
#2055=CARTESIAN_POINT('Ctrl Pts',(229.459897193313,10.9665830757598,8.30787291245687));
#2056=CARTESIAN_POINT('Ctrl Pts',(230.305878835291,10.6729303027272,8.65071826169714));
#2057=CARTESIAN_POINT('Ctrl Pts',(230.900591887899,10.3574780239699,9.00343930778596));
#2058=CARTESIAN_POINT('Ctrl Pts',(231.260456836164,10.0661511784912,9.31808879276544));
#2059=CARTESIAN_POINT('Ctrl Pts',(231.422935154612,9.69715209444225,9.69779718249569));
#2060=CARTESIAN_POINT('Ctrl Pts',(231.259738973064,9.31773444068672,10.0664570914629));
#2061=CARTESIAN_POINT('Ctrl Pts',(230.900450161531,9.00324386549859,10.3576633959273));
#2062=CARTESIAN_POINT('Ctrl Pts',(230.380079388342,8.69449938098915,10.6338032090437));
#2063=CARTESIAN_POINT('Ctrl Pts',(229.550456093439,8.33707907859248,10.9423953721378));
#2064=CARTESIAN_POINT('Ctrl Pts',(228.834712648079,8.11890670957277,11.1248606346674));
#2065=CARTESIAN_POINT('Ctrl Pts',(228.382356228511,8.00183571286964,11.2230739763802));
#2066=CARTESIAN_POINT('',(228.45,8.21670066409029,11.9472101428216));
#2067=CARTESIAN_POINT('Ctrl Pts',(228.446834989926,8.22929741260656,11.9381675513003));
#2068=CARTESIAN_POINT('Ctrl Pts',(228.447097366032,8.22882511964806,11.938523687675));
#2069=CARTESIAN_POINT('Ctrl Pts',(228.447344572089,8.22834456757416,11.9388837154011));
#2070=CARTESIAN_POINT('Ctrl Pts',(228.447576175912,8.2278556106448,11.9392476781463));
#2071=CARTESIAN_POINT('Ctrl Pts',(228.449248841799,8.22432431497887,11.9418762533588));
#2072=CARTESIAN_POINT('Ctrl Pts',(228.450000153444,8.22058151353353,11.9445411351395));
#2073=CARTESIAN_POINT('Ctrl Pts',(228.450000120989,8.21670060547249,11.9472102206935));
#2074=CARTESIAN_POINT('',(228.45,11.9472101428216,8.21670066409026));
#2075=CARTESIAN_POINT('Ctrl Pts',(228.449999999999,8.21670068162561,11.9472101683183));
#2076=CARTESIAN_POINT('Ctrl Pts',(228.744092576853,8.31130750501552,11.8821470135652));
#2077=CARTESIAN_POINT('Ctrl Pts',(229.034581563237,8.41445380828813,11.8097046138317));
#2078=CARTESIAN_POINT('Ctrl Pts',(229.317969278921,8.52840074823519,11.7268084700024));
#2079=CARTESIAN_POINT('Ctrl Pts',(229.479961345117,8.59353589424613,11.6794227970341));
#2080=CARTESIAN_POINT('Ctrl Pts',(229.639632696866,8.66219984040236,11.6286214359108));
#2081=CARTESIAN_POINT('Ctrl Pts',(229.796326686012,8.73480862664215,11.5738340541918));
#2082=CARTESIAN_POINT('Ctrl Pts',(229.852393830152,8.76078899325426,11.5542304175455));
#2083=CARTESIAN_POINT('Ctrl Pts',(229.90807975193,8.78727436412987,11.5341164850754));
#2084=CARTESIAN_POINT('Ctrl Pts',(229.963290663322,8.81431752343754,11.5134240259629));
#2085=CARTESIAN_POINT('Ctrl Pts',(230.127277082419,8.8946406107429,11.4519636699098));
#2086=CARTESIAN_POINT('Ctrl Pts',(230.287224659974,8.97974040181363,11.3855116333773));
#2087=CARTESIAN_POINT('Ctrl Pts',(230.440672007377,9.07113347607056,11.3121853803933));
#2088=CARTESIAN_POINT('Ctrl Pts',(230.475153272326,9.09167048020459,11.2957081847972));
#2089=CARTESIAN_POINT('Ctrl Pts',(230.509306116158,9.11252525083996,11.2788838190179));
#2090=CARTESIAN_POINT('Ctrl Pts',(230.543102220945,9.13371493358129,11.2616908538253));
#2091=CARTESIAN_POINT('Ctrl Pts',(230.662387630802,9.20850520916131,11.2010072362136));
#2092=CARTESIAN_POINT('Ctrl Pts',(230.77723204336,9.28746931693123,11.1357309870305));
#2093=CARTESIAN_POINT('Ctrl Pts',(230.884530252709,9.37155879272975,11.0644997911859));
#2094=CARTESIAN_POINT('Ctrl Pts',(230.894016661267,9.37899327954655,11.0582021257358));
#2095=CARTESIAN_POINT('Ctrl Pts',(230.903444054287,9.38646781300436,11.0518579212991));
#2096=CARTESIAN_POINT('Ctrl Pts',(230.912810266947,9.39398303947004,11.045466242788));
#2097=CARTESIAN_POINT('Ctrl Pts',(230.936504178038,9.41299447068295,11.0292970751782));
#2098=CARTESIAN_POINT('Ctrl Pts',(230.959821022639,9.43227758590817,11.0128145006978));
#2099=CARTESIAN_POINT('Ctrl Pts',(230.982720608189,9.45183786064094,10.9960074006366));
#2100=CARTESIAN_POINT('Ctrl Pts',(231.039530953593,9.50036389013557,10.9543115735364));
#2101=CARTESIAN_POINT('Ctrl Pts',(231.09377058794,9.55059687112821,10.910616898779));
#2102=CARTESIAN_POINT('Ctrl Pts',(231.143993837473,9.60264610771099,10.8646297288979));
#2103=CARTESIAN_POINT('Ctrl Pts',(231.187445915815,9.64767799088586,10.8248426158182));
#2104=CARTESIAN_POINT('Ctrl Pts',(231.227890877244,9.69406915307824,10.7833396678087));
#2105=CARTESIAN_POINT('Ctrl Pts',(231.264428161348,9.74188021442011,10.7399456961029));
#2106=CARTESIAN_POINT('Ctrl Pts',(231.285460861428,9.76940266822082,10.7149659414607));
#2107=CARTESIAN_POINT('Ctrl Pts',(231.30519939822,9.79739545853513,10.6893598304443));
#2108=CARTESIAN_POINT('Ctrl Pts',(231.323479595336,9.82586882411913,10.6630962490568));
#2109=CARTESIAN_POINT('Ctrl Pts',(231.340972200091,9.85311543021747,10.6379642198036));
#2110=CARTESIAN_POINT('Ctrl Pts',(231.357129373602,9.88080189318738,10.6122303494969));
#2111=CARTESIAN_POINT('Ctrl Pts',(231.371786109362,9.90879565679839,10.5860068341261));
#2112=CARTESIAN_POINT('Ctrl Pts',(231.398895645061,9.96057375708117,10.5375030377984));
#2113=CARTESIAN_POINT('Ctrl Pts',(231.420943657014,10.0136407569266,10.4871021181758));
#2114=CARTESIAN_POINT('Ctrl Pts',(231.436787297269,10.0672659694635,10.4353937403493));
#2115=CARTESIAN_POINT('Ctrl Pts',(231.451464956857,10.1169447429177,10.3874907360312));
#2116=CARTESIAN_POINT('Ctrl Pts',(231.460818060212,10.1671028413717,10.338465419873));
#2117=CARTESIAN_POINT('Ctrl Pts',(231.463893818475,10.217149018574,10.2887917985133));
#2118=CARTESIAN_POINT('Ctrl Pts',(231.464623209035,10.2290170543936,10.2770121112217));
#2119=CARTESIAN_POINT('Ctrl Pts',(231.464999368384,10.2408787379058,10.265195998297));
#2120=CARTESIAN_POINT('Ctrl Pts',(231.465009164238,10.2527260647964,10.2533498497341));
#2121=CARTESIAN_POINT('Ctrl Pts',(231.465009935572,10.253658934378,10.2524170729351));
#2122=CARTESIAN_POINT('Ctrl Pts',(231.465008435312,10.254591714919,10.2514841099276));
#2123=CARTESIAN_POINT('Ctrl Pts',(231.465004668611,10.2555244031639,10.2505509645906));
#2124=CARTESIAN_POINT('Ctrl Pts',(231.464813593792,10.3028372234953,10.203214957178));
#2125=CARTESIAN_POINT('Ctrl Pts',(231.458795942591,10.3496582518278,10.15566472026));
#2126=CARTESIAN_POINT('Ctrl Pts',(231.447762419264,10.3955879348575,10.1084005809998));
#2127=CARTESIAN_POINT('Ctrl Pts',(231.435730534126,10.4456735379967,10.05685977415));
#2128=CARTESIAN_POINT('Ctrl Pts',(231.417733618739,10.4946995248707,10.005658777278));
#2129=CARTESIAN_POINT('Ctrl Pts',(231.394761173644,10.5421492875928,9.9554378426958));
#2130=CARTESIAN_POINT('Ctrl Pts',(231.386633038061,10.5589380144001,9.93766861683806));
#2131=CARTESIAN_POINT('Ctrl Pts',(231.377881522613,10.5755294037375,9.92002204083187));
#2132=CARTESIAN_POINT('Ctrl Pts',(231.368548966687,10.5919005080899,9.9025263773157));
#2133=CARTESIAN_POINT('Ctrl Pts',(231.354846830026,10.6159367004143,9.87683909782229));
#2134=CARTESIAN_POINT('Ctrl Pts',(231.339893906722,10.6395506297772,9.85142091766193));
#2135=CARTESIAN_POINT('Ctrl Pts',(231.323814331435,10.6626558522781,9.82637381054905));
#2136=CARTESIAN_POINT('Ctrl Pts',(231.292101082308,10.7082255681582,9.77697417569561));
#2137=CARTESIAN_POINT('Ctrl Pts',(231.256002076823,10.7518156526307,9.72901835377101));
#2138=CARTESIAN_POINT('Ctrl Pts',(231.216378426166,10.7935958934925,9.68244763402491));
#2139=CARTESIAN_POINT('Ctrl Pts',(231.172045809727,10.8403413942765,9.63034234282746));
#2140=CARTESIAN_POINT('Ctrl Pts',(231.123301442001,10.884820681256,9.57997155147267));
#2141=CARTESIAN_POINT('Ctrl Pts',(231.071419642131,10.9272838377448,9.53125040231828));
#2142=CARTESIAN_POINT('Ctrl Pts',(231.042806406975,10.9507026143706,9.50438029177193));
#2143=CARTESIAN_POINT('Ctrl Pts',(231.013240017502,10.973508449895,9.47801182003285));
#2144=CARTESIAN_POINT('Ctrl Pts',(230.982940244011,10.9957453631695,9.45212964474749));
#2145=CARTESIAN_POINT('Ctrl Pts',(230.955593882019,11.0158147765647,9.42877028416729));
#2146=CARTESIAN_POINT('Ctrl Pts',(230.927650199447,11.0354207976913,9.40580702381757));
#2147=CARTESIAN_POINT('Ctrl Pts',(230.899175327503,11.0545827475346,9.38323043296386));
#2148=CARTESIAN_POINT('Ctrl Pts',(230.809125972075,11.1151807806181,9.31183388873676));
#2149=CARTESIAN_POINT('Ctrl Pts',(230.713556365526,11.1714732855592,9.24414548114676));
#2150=CARTESIAN_POINT('Ctrl Pts',(230.61441617477,11.2243291150762,9.17954777888655));
#2151=CARTESIAN_POINT('Ctrl Pts',(230.59089159056,11.2368710660546,9.16421964531133));
#2152=CARTESIAN_POINT('Ctrl Pts',(230.567165826544,11.2492196261676,9.14906537580891));
#2153=CARTESIAN_POINT('Ctrl Pts',(230.543264696219,11.2613865681441,9.13407647528338));
#2154=CARTESIAN_POINT('Ctrl Pts',(230.4120606215,11.32817639534,9.05179564597649));
#2155=CARTESIAN_POINT('Ctrl Pts',(230.275576615355,11.3894924086036,8.97450070274579));
#2156=CARTESIAN_POINT('Ctrl Pts',(230.135330824139,11.4464651785497,8.90126632321242));
#2157=CARTESIAN_POINT('Ctrl Pts',(230.06742342586,11.4740515506342,8.86580603498884));
#2158=CARTESIAN_POINT('Ctrl Pts',(229.998633246561,11.5006197749112,8.8312973098918));
#2159=CARTESIAN_POINT('Ctrl Pts',(229.929128847385,11.5262978811849,8.79763369661819));
#2160=CARTESIAN_POINT('Ctrl Pts',(229.799666744867,11.5741271073387,8.73493029648213));
#2161=CARTESIAN_POINT('Ctrl Pts',(229.667532888529,11.6187455490936,8.67531783176164));
#2162=CARTESIAN_POINT('Ctrl Pts',(229.533742905841,11.660908335801,8.6182159332314));
#2163=CARTESIAN_POINT('Ctrl Pts',(229.225587491286,11.7580209204327,8.4866944331909));
#2164=CARTESIAN_POINT('Ctrl Pts',(228.908649305251,11.8421072077636,8.36849178651736));
#2165=CARTESIAN_POINT('Ctrl Pts',(228.586282173307,11.9164312934183,8.26127708376638));
#2166=CARTESIAN_POINT('Ctrl Pts',(228.540959088117,11.9268808601762,8.24620327311722));
#2167=CARTESIAN_POINT('Ctrl Pts',(228.49552861205,11.9371374557437,8.23134663395009));
#2168=CARTESIAN_POINT('Ctrl Pts',(228.45,11.9472101476606,8.21670066741832));
#2169=CARTESIAN_POINT('Ctrl Pts',(228.450000031025,11.9472101507143,8.21670066297821));
#2170=CARTESIAN_POINT('Ctrl Pts',(228.450000028025,11.9443338049658,8.22088291351486));
#2171=CARTESIAN_POINT('Ctrl Pts',(228.449127489012,11.9414710705141,8.22489208838559));
#2172=CARTESIAN_POINT('Ctrl Pts',(228.447185553031,11.9386589311002,8.22864375042965));
#2173=CARTESIAN_POINT('Ctrl Pts',(228.44707182364,11.9384942382843,8.22886346634525));
#2174=CARTESIAN_POINT('Ctrl Pts',(228.446954902746,11.9383304082325,8.22908137983732));
#2175=CARTESIAN_POINT('Ctrl Pts',(228.446834836793,11.9381674364533,8.22929750628134));
#2176=CARTESIAN_POINT('Ctrl Pts',(239.45,6.7175144212722,9.9675144212722));
#2177=CARTESIAN_POINT('Ctrl Pts',(238.323947750015,6.7175144212722,9.9675144212722));
#2178=CARTESIAN_POINT('Ctrl Pts',(236.188321611155,6.78212019441532,10.0321201944153));
#2179=CARTESIAN_POINT('Ctrl Pts',(232.288880534396,7.15385684179498,10.403856841795));
#2180=CARTESIAN_POINT('Ctrl Pts',(227.48363747079,8.09724784701363,11.3472478470136));
#2181=CARTESIAN_POINT('Ctrl Pts',(221.710874558559,9.68563307269584,12.9356330726958));
#2182=CARTESIAN_POINT('Ctrl Pts',(217.856951566059,10.8469538084297,14.0969538084297));
#2183=CARTESIAN_POINT('Ctrl Pts',(216.532140134208,11.2554441821584,14.5054441821584));
#2184=CARTESIAN_POINT('Ctrl Pts',(239.45,7.20371328432777,9.9675144212722));
#2185=CARTESIAN_POINT('Ctrl Pts',(238.333265522506,7.20371328432777,9.9675144212722));
#2186=CARTESIAN_POINT('Ctrl Pts',(236.217435881665,7.26787507330705,10.0316762102515));
#2187=CARTESIAN_POINT('Ctrl Pts',(232.36303754841,7.63532034512906,10.3991214820735));
#2188=CARTESIAN_POINT('Ctrl Pts',(227.599986213045,8.56961093302737,11.3334120699718));
#2189=CARTESIAN_POINT('Ctrl Pts',(221.840982643093,10.1537458220743,12.9175469590188));
#2190=CARTESIAN_POINT('Ctrl Pts',(217.992671086654,11.3134120430888,14.0772131800332));
#2191=CARTESIAN_POINT('Ctrl Pts',(216.669557529397,11.7213788967067,14.4851800336511));
#2192=CARTESIAN_POINT('Ctrl Pts',(239.45,8.17252067175861,9.74342308140118));
#2193=CARTESIAN_POINT('Ctrl Pts',(238.347083559138,8.17252067175861,9.74342308140118));
#2194=CARTESIAN_POINT('Ctrl Pts',(236.261786942776,8.23588075299208,9.80678316263465));
#2195=CARTESIAN_POINT('Ctrl Pts',(232.474885714833,8.59686632334615,10.1677687329887));
#2196=CARTESIAN_POINT('Ctrl Pts',(227.77684131973,9.5173092172346,11.0882116268772));
#2197=CARTESIAN_POINT('Ctrl Pts',(222.039353781748,11.0949514078408,12.6658538174834));
#2198=CARTESIAN_POINT('Ctrl Pts',(218.200636886487,12.2519569834439,13.8228593930865));
#2199=CARTESIAN_POINT('Ctrl Pts',(216.880041237171,12.6591474690965,14.2300498787391));
#2200=CARTESIAN_POINT('Ctrl Pts',(239.45,9.74484515616624,8.50763836130205));
#2201=CARTESIAN_POINT('Ctrl Pts',(238.353642667578,9.74484515616624,8.50763836130205));
#2202=CARTESIAN_POINT('Ctrl Pts',(236.281998143593,9.80792724832508,8.57072045346088));
#2203=CARTESIAN_POINT('Ctrl Pts',(232.526635373866,10.1659150396418,8.92870824477765));
#2204=CARTESIAN_POINT('Ctrl Pts',(227.85770351917,11.0800366935307,9.84282989866651));
#2205=CARTESIAN_POINT('Ctrl Pts',(222.129633745193,12.6547326226187,11.4175258277545));
#2206=CARTESIAN_POINT('Ctrl Pts',(218.294560010149,13.810623443959,12.5734166490948));
#2207=CARTESIAN_POINT('Ctrl Pts',(216.975159554599,14.2174454053553,12.9802386104912));
#2208=CARTESIAN_POINT('Ctrl Pts',(239.45,10.3440040348037,5.89188615663395));
#2209=CARTESIAN_POINT('Ctrl Pts',(238.315448731624,10.3440040348037,5.89188615663395));
#2210=CARTESIAN_POINT('Ctrl Pts',(236.161484765316,10.4090490202226,5.95693114205284));
#2211=CARTESIAN_POINT('Ctrl Pts',(232.220791635673,10.7847228264612,6.33260494829149));
#2212=CARTESIAN_POINT('Ctrl Pts',(227.376481738268,11.736498706827,7.28438082865732));
#2213=CARTESIAN_POINT('Ctrl Pts',(221.590902970117,13.3288060869116,8.87668820874189));
#2214=CARTESIAN_POINT('Ctrl Pts',(217.731557410141,14.4916854297833,10.0395675516135));
#2215=CARTESIAN_POINT('Ctrl Pts',(216.405197296197,14.9006533218303,10.4485354436605));
#2216=CARTESIAN_POINT('Ctrl Pts',(239.45,8.3322171137765,3.36414726046837));
#2217=CARTESIAN_POINT('Ctrl Pts',(238.229813728175,8.3322171137765,3.36414726046837));
#2218=CARTESIAN_POINT('Ctrl Pts',(235.890382644083,8.40177259014282,3.43370273683468));
#2219=CARTESIAN_POINT('Ctrl Pts',(231.533623864173,8.81717349229472,3.84910363898658));
#2220=CARTESIAN_POINT('Ctrl Pts',(226.294234868067,9.85364319646612,4.88557334315798));
#2221=CARTESIAN_POINT('Ctrl Pts',(220.378865653628,11.4855821952864,6.51751234197822));
#2222=CARTESIAN_POINT('Ctrl Pts',(216.464127439127,12.6642887425994,7.69621888929123));
#2223=CARTESIAN_POINT('Ctrl Pts',(215.122163005922,13.0780680470887,8.10999819378052));
#2224=CARTESIAN_POINT('Ctrl Pts',(239.45,5.10320280203566,3.36725241128433));
#2225=CARTESIAN_POINT('Ctrl Pts',(238.168873574157,5.10320280203566,3.36725241128433));
#2226=CARTESIAN_POINT('Ctrl Pts',(235.697684258245,5.1759406178101,3.43999022705876));
#2227=CARTESIAN_POINT('Ctrl Pts',(231.044976095885,5.61959405229535,3.88364366154401));
#2228=CARTESIAN_POINT('Ctrl Pts',(225.524905177757,6.71626672024647,4.98031632949513));
#2229=CARTESIAN_POINT('Ctrl Pts',(219.517386471751,8.37637232956769,6.64042193881635));
#2230=CARTESIAN_POINT('Ctrl Pts',(215.563473208334,9.56630228080735,7.83035189005601));
#2231=CARTESIAN_POINT('Ctrl Pts',(214.210404325069,9.98350551480528,8.24755512405394));
#2232=CARTESIAN_POINT('Ctrl Pts',(239.45,3.08894441785026,5.88786116014673));
#2233=CARTESIAN_POINT('Ctrl Pts',(238.17851184128,3.08894441785026,5.88786116014673));
#2234=CARTESIAN_POINT('Ctrl Pts',(235.727969987187,3.16120224674998,5.96011898904645));
#2235=CARTESIAN_POINT('Ctrl Pts',(231.1219551065,3.60040285427446,6.39931959657094));
#2236=CARTESIAN_POINT('Ctrl Pts',(225.645879822413,4.68761115990975,7.48652790220622));
#2237=CARTESIAN_POINT('Ctrl Pts',(219.652754503717,6.34329281341435,9.14220955571083));
#2238=CARTESIAN_POINT('Ctrl Pts',(215.704829872418,7.5314813863669,10.3303981286634));
#2239=CARTESIAN_POINT('Ctrl Pts',(214.353517263939,7.9481430932265,10.747059835523));
#2240=CARTESIAN_POINT('Ctrl Pts',(239.45,3.81091375647362,9.03683093056624));
#2241=CARTESIAN_POINT('Ctrl Pts',(238.251476296723,3.81091375647362,9.03683093056624));
#2242=CARTESIAN_POINT('Ctrl Pts',(235.959112690579,3.87930983345541,9.10522700754803));
#2243=CARTESIAN_POINT('Ctrl Pts',(231.70769341774,4.28464891935923,9.51056609345185));
#2244=CARTESIAN_POINT('Ctrl Pts',(226.568558338143,5.29964892092685,10.5255660950195));
#2245=CARTESIAN_POINT('Ctrl Pts',(220.686164184985,6.92153819842952,12.1474553725221));
#2246=CARTESIAN_POINT('Ctrl Pts',(216.785601856029,8.09621443623201,13.3221316103246));
#2247=CARTESIAN_POINT('Ctrl Pts',(215.447584753028,8.50877662683511,13.7346938009277));
#2248=CARTESIAN_POINT('Ctrl Pts',(239.45,5.74511669516108,9.9675144212722));
#2249=CARTESIAN_POINT('Ctrl Pts',(238.305763830055,5.74511669516108,9.9675144212722));
#2250=CARTESIAN_POINT('Ctrl Pts',(236.130335325981,5.81073142704203,10.0331291531532));
#2251=CARTESIAN_POINT('Ctrl Pts',(232.142295976123,6.19093799806858,10.4133357241797));
#2252=CARTESIAN_POINT('Ctrl Pts',(227.252290116977,7.1524388224706,11.3748365485817));
#2253=CARTESIAN_POINT('Ctrl Pts',(221.451570219493,8.74930722906244,12.9717049551736));
#2254=CARTESIAN_POINT('Ctrl Pts',(217.585430230238,9.91406271371486,14.136460439826));
#2255=CARTESIAN_POINT('Ctrl Pts',(216.257305343829,10.3235747530619,14.545972479173));
#2256=CARTESIAN_POINT('Ctrl Pts',(239.45,6.7175144212722,9.9675144212722));
#2257=CARTESIAN_POINT('Ctrl Pts',(238.323947750015,6.7175144212722,9.9675144212722));
#2258=CARTESIAN_POINT('Ctrl Pts',(236.188321611155,6.78212019441532,10.0321201944153));
#2259=CARTESIAN_POINT('Ctrl Pts',(232.288880534396,7.15385684179498,10.403856841795));
#2260=CARTESIAN_POINT('Ctrl Pts',(227.48363747079,8.09724784701363,11.3472478470136));
#2261=CARTESIAN_POINT('Ctrl Pts',(221.710874558559,9.68563307269584,12.9356330726958));
#2262=CARTESIAN_POINT('Ctrl Pts',(217.856951566059,10.8469538084297,14.0969538084297));
#2263=CARTESIAN_POINT('Ctrl Pts',(216.532140134208,11.2554441821584,14.5054441821584));
#2264=CARTESIAN_POINT('',(239.45,6.7175144212722,9.9675144212722));
#2265=CARTESIAN_POINT('Ctrl Pts',(239.45,6.7175144212722,9.9675144212722));
#2266=CARTESIAN_POINT('Ctrl Pts',(239.22620876,6.7175144212722,9.9675144212722));
#2267=CARTESIAN_POINT('Ctrl Pts',(239.00469122585,6.7187737111685,9.9687737111685));
#2268=CARTESIAN_POINT('Ctrl Pts',(238.785420742797,6.72128441309515,9.97128441309515));
#2269=CARTESIAN_POINT('Ctrl Pts',(238.561164419396,6.72385220414204,9.97385220414204));
#2270=CARTESIAN_POINT('Ctrl Pts',(238.339258367416,6.72772890370827,9.97772890370827));
#2271=CARTESIAN_POINT('Ctrl Pts',(238.119619818519,6.7329052300068,9.9829052300068));
#2272=CARTESIAN_POINT('Ctrl Pts',(237.890231803839,6.73831132660921,9.98831132660921));
#2273=CARTESIAN_POINT('Ctrl Pts',(237.663317040445,6.74513490665383,9.99513490665383));
#2274=CARTESIAN_POINT('Ctrl Pts',(237.438723604099,6.75336557812495,10.003365578125));
#2275=CARTESIAN_POINT('Ctrl Pts',(237.207567009015,6.7618367695519,10.0118367695519));
#2276=CARTESIAN_POINT('Ctrl Pts',(236.978869120493,6.77179838933258,10.0217983893326));
#2277=CARTESIAN_POINT('Ctrl Pts',(236.752407079433,6.78324072601589,10.0332407260159));
#2278=CARTESIAN_POINT('Ctrl Pts',(236.51697930561,6.79513606988931,10.0451360698893));
#2279=CARTESIAN_POINT('Ctrl Pts',(236.283967769876,6.80863158666828,10.0586315866683));
#2280=CARTESIAN_POINT('Ctrl Pts',(236.053063556989,6.82371982826357,10.0737198282636));
#2281=CARTESIAN_POINT('Ctrl Pts',(235.807767864286,6.83974846900395,10.089748469004));
#2282=CARTESIAN_POINT('Ctrl Pts',(235.564849969782,6.85757443082472,10.1075744308247));
#2283=CARTESIAN_POINT('Ctrl Pts',(235.32387904727,6.87719452110362,10.1271945211036));
#2284=CARTESIAN_POINT('Ctrl Pts',(235.05960729017,6.89871178832579,10.1487117883258));
#2285=CARTESIAN_POINT('Ctrl Pts',(234.797676494955,6.92238674782538,10.1723867478254));
#2286=CARTESIAN_POINT('Ctrl Pts',(234.53745615273,6.94822453755264,10.1982245375526));
#2287=CARTESIAN_POINT('Ctrl Pts',(234.231921140119,6.97856171005277,10.2285617100528));
#2288=CARTESIAN_POINT('Ctrl Pts',(233.928743113618,7.01188021739241,10.2618802173924));
#2289=CARTESIAN_POINT('Ctrl Pts',(233.626833714437,7.04820573747317,10.2982057374732));
#2290=CARTESIAN_POINT('Ctrl Pts',(233.264350341023,7.09181947422855,10.3418194742286));
#2291=CARTESIAN_POINT('Ctrl Pts',(232.90368918148,7.13976798744563,10.3897679874456));
#2292=CARTESIAN_POINT('Ctrl Pts',(232.542935703528,7.19212297731596,10.442122977316));
#2293=CARTESIAN_POINT('Ctrl Pts',(232.264211597545,7.23257330873959,10.4825733087396));
#2294=CARTESIAN_POINT('Ctrl Pts',(231.985430949001,7.27565488948692,10.5256548894869));
#2295=CARTESIAN_POINT('Ctrl Pts',(231.705745029712,7.32140577680923,10.5714057768092));
#2296=CARTESIAN_POINT('Ctrl Pts',(231.460126868325,7.36158387678107,10.6115838767811));
#2297=CARTESIAN_POINT('Ctrl Pts',(231.213809800002,7.40382099165355,10.6538209916536));
#2298=CARTESIAN_POINT('Ctrl Pts',(230.966260935595,7.44814010240346,10.6981401024035));
#2299=CARTESIAN_POINT('Ctrl Pts',(230.740480989332,7.48856188526046,10.7385618852605));
#2300=CARTESIAN_POINT('Ctrl Pts',(230.513676176083,7.53071575463185,10.7807157546319));
#2301=CARTESIAN_POINT('Ctrl Pts',(230.285485103542,7.57461322422976,10.8246132242298));
#2302=CARTESIAN_POINT('Ctrl Pts',(230.061466784238,7.61770797483269,10.8677079748327));
#2303=CARTESIAN_POINT('Ctrl Pts',(229.836112107928,7.66248327619245,10.9124832761925));
#2304=CARTESIAN_POINT('Ctrl Pts',(229.609127195034,7.70894176798407,10.9589417679841));
#2305=CARTESIAN_POINT('Ctrl Pts',(229.382836602173,7.75525814873787,11.0052581487379));
#2306=CARTESIAN_POINT('Ctrl Pts',(229.154925728597,7.80324748433259,11.0532474843326));
#2307=CARTESIAN_POINT('Ctrl Pts',(228.925153425282,7.85290288727049,11.1029028872705));
#2308=CARTESIAN_POINT('Ctrl Pts',(228.730037112195,7.89506888816061,11.1450688881606));
#2309=CARTESIAN_POINT('Ctrl Pts',(228.533579371631,7.93843612603335,11.1884361260333));
#2310=CARTESIAN_POINT('Ctrl Pts',(228.33566094925,7.98299470685906,11.2329947068591));
#2311=CARTESIAN_POINT('Origin',(239.45,6.7175144212722,6.7175144212722));
#2312=CARTESIAN_POINT('Origin',(239.45,-1.60545479656049E-16,-9.83057538894238E-33));
#2313=CARTESIAN_POINT('',(228.449999999999,1.61519237910761E-15,14.5));
#2314=CARTESIAN_POINT('Origin',(228.45,-1.60545479656049E-16,-9.83057538894238E-33));
#2315=CARTESIAN_POINT('',(244.45,-1.93628333841971E-15,14.5));
#2316=CARTESIAN_POINT('',(239.45,1.61519237910761E-15,14.5));
#2317=CARTESIAN_POINT('Origin',(244.45,-1.60545479656049E-16,-9.83057538894238E-33));
#2318=CARTESIAN_POINT('',(228.45,-8.21670066409026,11.9472101428216));
#2319=CARTESIAN_POINT('Origin',(228.45,-1.60545479656049E-16,-9.83057538894238E-33));
#2320=CARTESIAN_POINT('',(228.45,-11.9472101428215,8.21670066409031));
#2321=CARTESIAN_POINT('Ctrl Pts',(228.45,-11.9472101683204,8.21670068162718));
#2322=CARTESIAN_POINT('Ctrl Pts',(228.744092387021,-11.8821470556415,8.3113074440024));
#2323=CARTESIAN_POINT('Ctrl Pts',(229.034581188185,-11.809704707107,8.41445367546731));
#2324=CARTESIAN_POINT('Ctrl Pts',(229.317968730153,-11.726808630202,8.52840052796995));
#2325=CARTESIAN_POINT('Ctrl Pts',(229.479960895721,-11.6794229373742,8.59353570387909));
#2326=CARTESIAN_POINT('Ctrl Pts',(229.639632344908,-11.62862155315,8.66219968348142));
#2327=CARTESIAN_POINT('Ctrl Pts',(229.796326428423,-11.5738341442201,8.73480850734075));
#2328=CARTESIAN_POINT('Ctrl Pts',(229.852393418354,-11.5542305635617,8.76078880031022));
#2329=CARTESIAN_POINT('Ctrl Pts',(229.908079188088,-11.5341166899753,8.78727409469091));
#2330=CARTESIAN_POINT('Ctrl Pts',(229.963289950413,-11.5134242932207,8.81431717420628));
#2331=CARTESIAN_POINT('Ctrl Pts',(230.127276438498,-11.4519639305857,8.89464027517413));
#2332=CARTESIAN_POINT('Ctrl Pts',(230.28722408508,-11.3855118862886,8.97974008149132));
#2333=CARTESIAN_POINT('Ctrl Pts',(230.440671500257,-11.3121856228321,9.07113317381183));
#2334=CARTESIAN_POINT('Ctrl Pts',(230.475152868596,-11.2957083827543,9.09167023451317));
#2335=CARTESIAN_POINT('Ctrl Pts',(230.509305814076,-11.2788839705814,9.11252506348321));
#2336=CARTESIAN_POINT('Ctrl Pts',(230.543102018536,-11.261690956901,9.13371480647238));
#2337=CARTESIAN_POINT('Ctrl Pts',(230.662387477903,-11.2010073219326,9.20850510516792));
#2338=CARTESIAN_POINT('Ctrl Pts',(230.777231937898,-11.1357310525801,9.28746923873889));
#2339=CARTESIAN_POINT('Ctrl Pts',(230.884530190044,-11.0644998326585,9.37155874374237));
#2340=CARTESIAN_POINT('Ctrl Pts',(230.894016522792,-11.058202217919,9.37899317076371));
#2341=CARTESIAN_POINT('Ctrl Pts',(230.903443840956,-11.0518580649432,9.38646764378065));
#2342=CARTESIAN_POINT('Ctrl Pts',(230.912809979766,-11.0454664386663,9.39398280914434));
#2343=CARTESIAN_POINT('Ctrl Pts',(230.936503935852,-11.0292972450007,9.41299427178757));
#2344=CARTESIAN_POINT('Ctrl Pts',(230.959820824288,-11.0128146434403,9.43227741934));
#2345=CARTESIAN_POINT('Ctrl Pts',(230.982720452305,-10.9960075152171,9.45183772732699));
#2346=CARTESIAN_POINT('Ctrl Pts',(231.039530807688,-10.9543116882525,9.50036375785183));
#2347=CARTESIAN_POINT('Ctrl Pts',(231.093770452226,-10.9106170136768,9.55059673985296));
#2348=CARTESIAN_POINT('Ctrl Pts',(231.1439937123,-10.8646298437693,9.60264597770361));
#2349=CARTESIAN_POINT('Ctrl Pts',(231.187445799296,-10.8248427310929,9.6476778614931));
#2350=CARTESIAN_POINT('Ctrl Pts',(231.227890769706,-10.7833397833669,9.69406902446574));
#2351=CARTESIAN_POINT('Ctrl Pts',(231.264428063225,-10.7399458116796,9.74188008691655));
#2352=CARTESIAN_POINT('Ctrl Pts',(231.285460765146,-10.7149660612995,9.76940253667157));
#2353=CARTESIAN_POINT('Ctrl Pts',(231.305199304362,-10.6893599546707,9.79739532288863));
#2354=CARTESIAN_POINT('Ctrl Pts',(231.323479504589,-10.6630963777888,9.8258686843453));
#2355=CARTESIAN_POINT('Ctrl Pts',(231.340972115901,-10.6379643477023,9.85311529207155));
#2356=CARTESIAN_POINT('Ctrl Pts',(231.357129296052,-10.6122304764238,9.88080175682192));
#2357=CARTESIAN_POINT('Ctrl Pts',(231.371786038391,-10.5860069599258,9.90879552236642));
#2358=CARTESIAN_POINT('Ctrl Pts',(231.398895585024,-10.5375031637269,9.96057362386221));
#2359=CARTESIAN_POINT('Ctrl Pts',(231.420943608483,-10.4871022437676,10.0136406254472));
#2360=CARTESIAN_POINT('Ctrl Pts',(231.436787260052,-10.435393864921,10.0672658403797));
#2361=CARTESIAN_POINT('Ctrl Pts',(231.451464931289,-10.3874908558436,10.1169446200085));
#2362=CARTESIAN_POINT('Ctrl Pts',(231.460818045279,-10.3384655341614,10.1671027252761));
#2363=CARTESIAN_POINT('Ctrl Pts',(231.463893812336,-10.2887919064688,10.2171489098768));
#2364=CARTESIAN_POINT('Ctrl Pts',(231.46462320442,-10.2770122267604,10.2290169382976));
#2365=CARTESIAN_POINT('Ctrl Pts',(231.464999365733,-10.2651961214297,10.2408786144537));
#2366=CARTESIAN_POINT('Ctrl Pts',(231.465009164011,-10.2533499804563,10.2527259340485));
#2367=CARTESIAN_POINT('Ctrl Pts',(231.465009935536,-10.2524172049429,10.2536588023676));
#2368=CARTESIAN_POINT('Ctrl Pts',(231.465008435472,-10.2514842432212,10.2545915816466));
#2369=CARTESIAN_POINT('Ctrl Pts',(231.465004668974,-10.2505510991702,10.25552426863));
#2370=CARTESIAN_POINT('Ctrl Pts',(231.464813604155,-10.2032150864219,10.3028370955085));
#2371=CARTESIAN_POINT('Ctrl Pts',(231.458795961425,-10.1556648433917,10.349658130979));
#2372=CARTESIAN_POINT('Ctrl Pts',(231.447762445045,-10.1084006976426,10.3955878213393));
#2373=CARTESIAN_POINT('Ctrl Pts',(231.435730567831,-10.0568598852048,10.4456734310263));
#2374=CARTESIAN_POINT('Ctrl Pts',(231.417733658902,-10.0056588822775,10.4946994247384));
#2375=CARTESIAN_POINT('Ctrl Pts',(231.394761218731,-9.95543794161935,10.5421491941341));
#2376=CARTESIAN_POINT('Ctrl Pts',(231.386633102194,-9.93766875143967,10.5589378875621));
#2377=CARTESIAN_POINT('Ctrl Pts',(231.377881608254,-9.92002221058659,10.57552924434));
#2378=CARTESIAN_POINT('Ctrl Pts',(231.368549076025,-9.90252658153731,10.5919003170798));
#2379=CARTESIAN_POINT('Ctrl Pts',(231.354846929079,-9.87683926814007,10.6159365420667));
#2380=CARTESIAN_POINT('Ctrl Pts',(231.339893991967,-9.85142105456231,10.6395505031744));
#2381=CARTESIAN_POINT('Ctrl Pts',(231.323814399759,-9.82637391493915,10.6626557561332));
#2382=CARTESIAN_POINT('Ctrl Pts',(231.292101161255,-9.77697428449683,10.7082254688675));
#2383=CARTESIAN_POINT('Ctrl Pts',(231.256002166448,-9.72901846650906,10.7518155506774));
#2384=CARTESIAN_POINT('Ctrl Pts',(231.216378526482,-9.68244775037424,10.7935957892048));
#2385=CARTESIAN_POINT('Ctrl Pts',(231.172045919357,-9.63034246010447,10.8403412901695));
#2386=CARTESIAN_POINT('Ctrl Pts',(231.123301560433,-9.57997166947705,10.8848205774696));
#2387=CARTESIAN_POINT('Ctrl Pts',(231.071419769023,-9.53125052103825,10.9272837342517));
#2388=CARTESIAN_POINT('Ctrl Pts',(231.042806521445,-9.50438039484086,10.950702525024));
#2389=CARTESIAN_POINT('Ctrl Pts',(231.013240118309,-9.47801190804626,10.9735083739546));
#2390=CARTESIAN_POINT('Ctrl Pts',(230.982940330334,-9.45212971830413,10.9957452999467));
#2391=CARTESIAN_POINT('Ctrl Pts',(230.955594084101,-9.42877045472299,11.0158146302722));
#2392=CARTESIAN_POINT('Ctrl Pts',(230.927650522249,-9.40580728812754,11.0354205721352));
#2393=CARTESIAN_POINT('Ctrl Pts',(230.899175775162,-9.38323078790239,11.0545824462788));
#2394=CARTESIAN_POINT('Ctrl Pts',(230.809126438371,-9.3118342319948,11.115180493139));
#2395=CARTESIAN_POINT('Ctrl Pts',(230.71355684746,-9.24414581374692,11.1714730104218));
#2396=CARTESIAN_POINT('Ctrl Pts',(230.614416669319,-9.17954810173544,11.2243288509648));
#2397=CARTESIAN_POINT('Ctrl Pts',(230.590891949399,-9.16421987546953,11.2368708785087));
#2398=CARTESIAN_POINT('Ctrl Pts',(230.56716604713,-9.1490655153777,11.2492195128326));
#2399=CARTESIAN_POINT('Ctrl Pts',(230.543264776465,-9.13407652621191,11.2613865268755));
#2400=CARTESIAN_POINT('Ctrl Pts',(230.412060714105,-9.05179570119478,11.3281763512175));
#2401=CARTESIAN_POINT('Ctrl Pts',(230.275576720493,-8.97450076152547,11.3894923623099));
#2402=CARTESIAN_POINT('Ctrl Pts',(230.135330941898,-8.90126638505291,11.4464651305225));
#2403=CARTESIAN_POINT('Ctrl Pts',(230.067423877734,-8.86580626959053,11.4740513685208));
#2404=CARTESIAN_POINT('Ctrl Pts',(229.998634041097,-8.83129770794523,11.5006194686486));
#2405=CARTESIAN_POINT('Ctrl Pts',(229.929129990685,-8.79763425038536,11.5262974588276));
#2406=CARTESIAN_POINT('Ctrl Pts',(229.799667536119,-8.73493065514124,11.5741268388015));
#2407=CARTESIAN_POINT('Ctrl Pts',(229.667533310233,-8.67531801419244,11.6187454142461));
#2408=CARTESIAN_POINT('Ctrl Pts',(229.533742949077,-8.61821595351908,11.6609083208219));
#2409=CARTESIAN_POINT('Ctrl Pts',(229.22558552136,-8.48669359284644,11.7580215412606));
#2410=CARTESIAN_POINT('Ctrl Pts',(228.908645209749,-8.36849025891406,11.842108294579));
#2411=CARTESIAN_POINT('Ctrl Pts',(228.586275901472,-8.26127499792423,11.9164327393803));
#2412=CARTESIAN_POINT('Ctrl Pts',(228.540954897016,-8.24620190257601,11.9268818063588));
#2413=CARTESIAN_POINT('Ctrl Pts',(228.495526511992,-8.23134595838837,11.937137920358));
#2414=CARTESIAN_POINT('Ctrl Pts',(228.45,-8.21670066741834,11.9472101476605));
#2415=CARTESIAN_POINT('',(228.45,-11.9472101428216,-8.21670066409026));
#2416=CARTESIAN_POINT('Origin',(228.45,-1.60545479656049E-16,-9.83057538894238E-33));
#2417=CARTESIAN_POINT('',(228.45,-8.21670066409032,-11.9472101428215));
#2418=CARTESIAN_POINT('Ctrl Pts',(228.45,-8.21670067003922,-11.9472101514714));
#2419=CARTESIAN_POINT('Ctrl Pts',(228.784494960097,-8.32430359723525,-11.8732072314702));
#2420=CARTESIAN_POINT('Ctrl Pts',(229.11364196644,-8.44327431515215,-11.7893080743206));
#2421=CARTESIAN_POINT('Ctrl Pts',(229.43385786717,-8.57620680063782,-11.6918483341135));
#2422=CARTESIAN_POINT('Ctrl Pts',(229.467175728524,-8.59003817537825,-11.6817078317075));
#2423=CARTESIAN_POINT('Ctrl Pts',(229.500396938308,-8.60402068591958,-11.6714205482292));
#2424=CARTESIAN_POINT('Ctrl Pts',(229.533517489762,-8.61815724594873,-11.6609823744667));
#2425=CARTESIAN_POINT('Ctrl Pts',(229.67917342183,-8.68032631430379,-11.615077887321));
#2426=CARTESIAN_POINT('Ctrl Pts',(229.822882342114,-8.74547488283566,-11.5662548842807));
#2427=CARTESIAN_POINT('Ctrl Pts',(229.963345776499,-8.81431458351222,-11.5135746449653));
#2428=CARTESIAN_POINT('Ctrl Pts',(230.105132699235,-8.88380291236938,-11.4603980367312));
#2429=CARTESIAN_POINT('Ctrl Pts',(230.243835843993,-8.9569075552736,-11.4034047137917));
#2430=CARTESIAN_POINT('Ctrl Pts',(230.377981334238,-9.03451433001153,-11.3415165299799));
#2431=CARTESIAN_POINT('Ctrl Pts',(230.43382662561,-9.06682233335699,-11.3157522374115));
#2432=CARTESIAN_POINT('Ctrl Pts',(230.488881559339,-9.09991042763401,-11.2891395578672));
#2433=CARTESIAN_POINT('Ctrl Pts',(230.543037304157,-9.13384110726606,-11.2616010814465));
#2434=CARTESIAN_POINT('Ctrl Pts',(230.642913406921,-9.19641736869871,-11.2108135664705));
#2435=CARTESIAN_POINT('Ctrl Pts',(230.739732734868,-9.26186131885566,-11.156875917558));
#2436=CARTESIAN_POINT('Ctrl Pts',(230.831591409783,-9.33083315133282,-11.0988843724574));
#2437=CARTESIAN_POINT('Ctrl Pts',(230.859164205136,-9.35153610860738,-11.0814773174701));
#2438=CARTESIAN_POINT('Ctrl Pts',(230.886289866806,-9.37255671094147,-11.0637051581303));
#2439=CARTESIAN_POINT('Ctrl Pts',(230.912916361663,-9.39391211001221,-11.045543967128));
#2440=CARTESIAN_POINT('Ctrl Pts',(230.936591825189,-9.4129006766444,-11.0293955924558));
#2441=CARTESIAN_POINT('Ctrl Pts',(230.95988660143,-9.43216126289277,-11.0129334035926));
#2442=CARTESIAN_POINT('Ctrl Pts',(230.982762502502,-9.45170143544335,-10.9961442661703));
#2443=CARTESIAN_POINT('Ctrl Pts',(231.041753878071,-9.50209077984346,-10.9528491711263));
#2444=CARTESIAN_POINT('Ctrl Pts',(231.097956697895,-9.55434019794453,-10.9073785564622));
#2445=CARTESIAN_POINT('Ctrl Pts',(231.149767871478,-9.60854945406983,-10.8594260857895));
#2446=CARTESIAN_POINT('Ctrl Pts',(231.195206119149,-9.65609081311392,-10.8173719092845));
#2447=CARTESIAN_POINT('Ctrl Pts',(231.237265974961,-9.70513914404266,-10.7734092157809));
#2448=CARTESIAN_POINT('Ctrl Pts',(231.274905724965,-9.75575588247916,-10.727343057612));
#2449=CARTESIAN_POINT('Ctrl Pts',(231.292101815185,-9.77888063757687,-10.7062972798939));
#2450=CARTESIAN_POINT('Ctrl Pts',(231.308375977247,-9.80233269809446,-10.6848126091188));
#2451=CARTESIAN_POINT('Ctrl Pts',(231.323632573539,-9.82611782017102,-10.6628710538023));
#2452=CARTESIAN_POINT('Ctrl Pts',(231.341058783389,-9.85328538236437,-10.6378092287353));
#2453=CARTESIAN_POINT('Ctrl Pts',(231.357157299789,-9.88088731601633,-10.6121514736182));
#2454=CARTESIAN_POINT('Ctrl Pts',(231.371768746843,-9.90879891716466,-10.5860026908975));
#2455=CARTESIAN_POINT('Ctrl Pts',(231.401422566362,-9.96544529721826,-10.532933937297));
#2456=CARTESIAN_POINT('Ctrl Pts',(231.424987811488,-10.0236378291734,-10.4775894718965));
#2457=CARTESIAN_POINT('Ctrl Pts',(231.440987187029,-10.0824124409384,-10.4207498496111));
#2458=CARTESIAN_POINT('Ctrl Pts',(231.456399706316,-10.1390312030319,-10.3659951016848));
#2459=CARTESIAN_POINT('Ctrl Pts',(231.46479164963,-10.1961900804337,-10.3098529968447));
#2460=CARTESIAN_POINT('Ctrl Pts',(231.464799579471,-10.2530142517057,-10.2530296680341));
#2461=CARTESIAN_POINT('Ctrl Pts',(231.464799695465,-10.2538454523469,-10.252198479716));
#2462=CARTESIAN_POINT('Ctrl Pts',(231.464798016687,-10.2546765811266,-10.2513671457833));
#2463=CARTESIAN_POINT('Ctrl Pts',(231.464794546753,-10.2555076354987,-10.2505356692171));
#2464=CARTESIAN_POINT('Ctrl Pts',(231.46461366206,-10.2988297974752,-10.2071914986227));
#2465=CARTESIAN_POINT('Ctrl Pts',(231.459570728337,-10.3417471411239,-10.1636629950409));
#2466=CARTESIAN_POINT('Ctrl Pts',(231.450278523262,-10.3839466004119,-10.1203380423497));
#2467=CARTESIAN_POINT('Ctrl Pts',(231.440182399578,-10.4297969617595,-10.0732648151145));
#2468=CARTESIAN_POINT('Ctrl Pts',(231.425069752256,-10.4748004374727,-10.0264312701986));
#2469=CARTESIAN_POINT('Ctrl Pts',(231.405664291616,-10.5185593758578,-9.98032347634411));
#2470=CARTESIAN_POINT('Ctrl Pts',(231.394636979993,-10.5434257502663,-9.95412234561633));
#2471=CARTESIAN_POINT('Ctrl Pts',(231.382222351387,-10.5678902609146,-9.92815542118366));
#2472=CARTESIAN_POINT('Ctrl Pts',(231.36854594572,-10.5918792135289,-9.90251174414839));
#2473=CARTESIAN_POINT('Ctrl Pts',(231.35474011016,-10.6160951912576,-9.87662538212365));
#2474=CARTESIAN_POINT('Ctrl Pts',(231.339631459864,-10.6398565246231,-9.85103630565166));
#2475=CARTESIAN_POINT('Ctrl Pts',(231.323347155105,-10.6630690415321,-9.82585423457609));
#2476=CARTESIAN_POINT('Ctrl Pts',(231.301497494563,-10.6942147135307,-9.79206588973431));
#2477=CARTESIAN_POINT('Ctrl Pts',(231.27753091863,-10.7243718434051,-9.7590107369819));
#2478=CARTESIAN_POINT('Ctrl Pts',(231.25183454359,-10.7537609800539,-9.72651635326659));
#2479=CARTESIAN_POINT('Ctrl Pts',(231.226181673327,-10.7831003599639,-9.69407698357167));
#2480=CARTESIAN_POINT('Ctrl Pts',(231.198805096987,-10.8116746262897,-9.66219623409731));
#2481=CARTESIAN_POINT('Ctrl Pts',(231.170003425391,-10.8394255494752,-9.63096952018541));
#2482=CARTESIAN_POINT('Ctrl Pts',(231.117561240246,-10.8899545282106,-9.57411180944609));
#2483=CARTESIAN_POINT('Ctrl Pts',(231.060392383506,-10.9377522002449,-9.51942385498999));
#2484=CARTESIAN_POINT('Ctrl Pts',(230.999940485773,-10.9831460442934,-9.46676117914196));
#2485=CARTESIAN_POINT('Ctrl Pts',(230.994066128643,-10.987557149014,-9.46164373242868));
#2486=CARTESIAN_POINT('Ctrl Pts',(230.988160801348,-10.9919455739604,-9.4565453946198));
#2487=CARTESIAN_POINT('Ctrl Pts',(230.982225846363,-10.9963116313655,-9.45146602351503));
#2488=CARTESIAN_POINT('Ctrl Pts',(230.955168537397,-11.0162163761312,-9.42830929971827));
#2489=CARTESIAN_POINT('Ctrl Pts',(230.927495368548,-11.0356561711652,-9.40554683391877));
#2490=CARTESIAN_POINT('Ctrl Pts',(230.899278830412,-11.0546576705556,-9.3831616462575));
#2491=CARTESIAN_POINT('Ctrl Pts',(230.794091419577,-11.1254926721166,-9.2997127157099));
#2492=CARTESIAN_POINT('Ctrl Pts',(230.681146920094,-11.1902890467128,-9.22144609715224));
#2493=CARTESIAN_POINT('Ctrl Pts',(230.563884978339,-11.2506621131109,-9.1471978271185));
#2494=CARTESIAN_POINT('Ctrl Pts',(230.556715383591,-11.254353425171,-9.14265816148672));
#2495=CARTESIAN_POINT('Ctrl Pts',(230.549529635416,-11.2580282042124,-9.13813351139834));
#2496=CARTESIAN_POINT('Ctrl Pts',(230.54232851511,-11.2616868201009,-9.13362360881066));
#2497=CARTESIAN_POINT('Ctrl Pts',(230.392961497429,-11.3375745321311,-9.04007834489471));
#2498=CARTESIAN_POINT('Ctrl Pts',(230.236985839055,-11.4065086181014,-8.95287924361582));
#2499=CARTESIAN_POINT('Ctrl Pts',(230.07634226899,-11.4700094286943,-8.8708077437139));
#2500=CARTESIAN_POINT('Ctrl Pts',(230.027682506029,-11.4892441505697,-8.84594786460726));
#2501=CARTESIAN_POINT('Ctrl Pts',(229.978594081871,-11.5079803014465,-8.82155838616432));
#2502=CARTESIAN_POINT('Ctrl Pts',(229.929130115926,-11.5262599069769,-8.79760537380291));
#2503=CARTESIAN_POINT('Ctrl Pts',(229.799504524848,-11.5741635601976,-8.73483395371705));
#2504=CARTESIAN_POINT('Ctrl Pts',(229.667245601358,-11.6188807253202,-8.67512634636393));
#2505=CARTESIAN_POINT('Ctrl Pts',(229.533303186949,-11.661113425974,-8.61794936540734));
#2506=CARTESIAN_POINT('Ctrl Pts',(229.262286853881,-11.7465662059409,-8.50225863530456));
#2507=CARTESIAN_POINT('Ctrl Pts',(228.984376081712,-11.8218456054684,-8.39692989890571));
#2508=CARTESIAN_POINT('Ctrl Pts',(228.701981069168,-11.8892923932957,-8.30029887671266));
#2509=CARTESIAN_POINT('Ctrl Pts',(228.618359293489,-11.9092644888052,-8.27168485273036));
#2510=CARTESIAN_POINT('Ctrl Pts',(228.534344571395,-11.9285499973495,-8.2438333195389));
#2511=CARTESIAN_POINT('Ctrl Pts',(228.45,-11.9472101537956,-8.21670067163773));
#2512=CARTESIAN_POINT('',(228.45,8.21670066409019,-11.9472101428216));
#2513=CARTESIAN_POINT('Origin',(228.45,-1.60545479656049E-16,-9.83057538894238E-33));
#2514=CARTESIAN_POINT('',(228.45,11.9472101428216,-8.21670066409024));
#2515=CARTESIAN_POINT('Ctrl Pts',(228.45,11.9472101522757,-8.21670067059238));
#2516=CARTESIAN_POINT('Ctrl Pts',(228.763285613523,11.877899603031,-8.31748085381604));
#2517=CARTESIAN_POINT('Ctrl Pts',(229.07193338146,11.7999495460527,-8.42817986346151));
#2518=CARTESIAN_POINT('Ctrl Pts',(229.372889372233,11.7102473160731,-8.55102491551387));
#2519=CARTESIAN_POINT('Ctrl Pts',(229.426698278227,11.6942091609658,-8.57298878418715));
#2520=CARTESIAN_POINT('Ctrl Pts',(229.480261415697,11.677795385294,-8.59534089954623));
#2521=CARTESIAN_POINT('Ctrl Pts',(229.533561504457,11.6609882788442,-8.61809396777369));
#2522=CARTESIAN_POINT('Ctrl Pts',(229.679204456954,11.6150627154313,-8.68026692305532));
#2523=CARTESIAN_POINT('Ctrl Pts',(229.822882925749,11.5662001879052,-8.74543362093465));
#2524=CARTESIAN_POINT('Ctrl Pts',(229.963346010703,11.5135099354697,-8.81426460048269));
#2525=CARTESIAN_POINT('Ctrl Pts',(230.135753878798,11.4488366151107,-8.89874944891618));
#2526=CARTESIAN_POINT('Ctrl Pts',(230.303511215267,11.3784139805062,-8.98873369967002));
#2527=CARTESIAN_POINT('Ctrl Pts',(230.464120611176,11.3005189174365,-9.08555468249638));
#2528=CARTESIAN_POINT('Ctrl Pts',(230.490598086459,11.2876774233548,-9.10151623421678));
#2529=CARTESIAN_POINT('Ctrl Pts',(230.516881238402,11.2746328935971,-9.11766350779546));
#2530=CARTESIAN_POINT('Ctrl Pts',(230.54295880126,11.2613776845228,-9.13400237274873));
#2531=CARTESIAN_POINT('Ctrl Pts',(230.662881866409,11.2004208646662,-9.20914002180672));
#2532=CARTESIAN_POINT('Ctrl Pts',(230.778457764369,11.1350064098934,-9.28833216022926));
#2533=CARTESIAN_POINT('Ctrl Pts',(230.886253688541,11.0633845250129,-9.37287351514155));
#2534=CARTESIAN_POINT('Ctrl Pts',(230.895169470368,11.0574606915788,-9.37986591565753));
#2535=CARTESIAN_POINT('Ctrl Pts',(230.904032025387,11.051494413439,-9.38689488605537));
#2536=CARTESIAN_POINT('Ctrl Pts',(230.912839408657,11.0454847131423,-9.39396114416845));
#2537=CARTESIAN_POINT('Ctrl Pts',(230.93654104424,11.0293119496743,-9.41297722074875));
#2538=CARTESIAN_POINT('Ctrl Pts',(230.959849627859,11.0128242064965,-9.43226394271782));
#2539=CARTESIAN_POINT('Ctrl Pts',(230.982727575227,10.996002569842,-9.45183513124754));
#2540=CARTESIAN_POINT('Ctrl Pts',(231.072765595012,10.9297996527048,-9.52885913308075));
#2541=CARTESIAN_POINT('Ctrl Pts',(231.156131109277,10.8584236698303,-9.61029034536101));
#2542=CARTESIAN_POINT('Ctrl Pts',(231.227637628472,10.7810355270461,-9.69631664531956));
#2543=CARTESIAN_POINT('Ctrl Pts',(231.26271061113,10.7430776873917,-9.73851138449287));
#2544=CARTESIAN_POINT('Ctrl Pts',(231.294931066429,10.7036737415078,-9.78181137085275));
#2545=CARTESIAN_POINT('Ctrl Pts',(231.323691345216,10.6627265732735,-9.82623740328151));
#2546=CARTESIAN_POINT('Ctrl Pts',(231.350206582067,10.6249757617405,-9.86719551710711));
#2547=CARTESIAN_POINT('Ctrl Pts',(231.373781639445,10.5859108426756,-9.90911325628642));
#2548=CARTESIAN_POINT('Ctrl Pts',(231.393658367253,10.5456984788112,-9.95173147450162));
#2549=CARTESIAN_POINT('Ctrl Pts',(231.40656902203,10.5195790917268,-9.97941355114261));
#2550=CARTESIAN_POINT('Ctrl Pts',(231.417921073579,10.4929738254264,-10.0073931405216));
#2551=CARTESIAN_POINT('Ctrl Pts',(231.427511891091,10.4659165510853,-10.0356116492318));
#2552=CARTESIAN_POINT('Ctrl Pts',(231.444866896039,10.4169552264157,-10.086674278425));
#2553=CARTESIAN_POINT('Ctrl Pts',(231.456457856017,10.3665138886974,-10.138519539346));
#2554=CARTESIAN_POINT('Ctrl Pts',(231.461651258599,10.3153655644181,-10.1902969204914));
#2555=CARTESIAN_POINT('Ctrl Pts',(231.463744382232,10.2947509934045,-10.2111650235144));
#2556=CARTESIAN_POINT('Ctrl Pts',(231.464797745896,10.2740215472935,-10.2320220668328));
#2557=CARTESIAN_POINT('Ctrl Pts',(231.464767434529,10.2532279293484,-10.252811978537));
#2558=CARTESIAN_POINT('Ctrl Pts',(231.464766125125,10.2523296778413,-10.2537100699404));
#2559=CARTESIAN_POINT('Ctrl Pts',(231.464762793234,10.2514313066179,-10.2546080360052));
#2560=CARTESIAN_POINT('Ctrl Pts',(231.464757442757,10.2505328188801,-10.2555058740071));
#2561=CARTESIAN_POINT('Ctrl Pts',(231.464320086234,10.1770889978353,-10.3288965846012));
#2562=CARTESIAN_POINT('Ctrl Pts',(231.450399284256,10.1030972620461,-10.4012013439676));
#2563=CARTESIAN_POINT('Ctrl Pts',(231.425274936928,10.0304574620864,-10.4708105924968));
#2564=CARTESIAN_POINT('Ctrl Pts',(231.410303676881,9.98717238404198,-10.5122898057775));
#2565=CARTESIAN_POINT('Ctrl Pts',(231.391353646191,9.94436821637403,-10.5528110010991));
#2566=CARTESIAN_POINT('Ctrl Pts',(231.368904911524,9.90245055415718,-10.5920303017582));
#2567=CARTESIAN_POINT('Ctrl Pts',(231.355163694323,9.87679210571398,-10.6160370414169));
#2568=CARTESIAN_POINT('Ctrl Pts',(231.340140396522,9.85143046067107,-10.6395891461481));
#2569=CARTESIAN_POINT('Ctrl Pts',(231.323935689105,9.82645830419372,-10.6626068057713));
#2570=CARTESIAN_POINT('Ctrl Pts',(231.312979587785,9.80957447719814,-10.6781691855471));
#2571=CARTESIAN_POINT('Ctrl Pts',(231.301483463337,9.79286875825344,-10.6934871958777));
#2572=CARTESIAN_POINT('Ctrl Pts',(231.289538900487,9.77629809235059,-10.708615374772));
#2573=CARTESIAN_POINT('Ctrl Pts',(231.283569128707,9.76801624102346,-10.7161762856725));
#2574=CARTESIAN_POINT('Ctrl Pts',(231.277487353501,9.75976812581573,-10.7236897788496));
#2575=CARTESIAN_POINT('Ctrl Pts',(231.271291423002,9.75156137726523,-10.7311479825493));
#2576=CARTESIAN_POINT('Ctrl Pts',(231.265097019053,9.74335665068996,-10.7386043486999));
#2577=CARTESIAN_POINT('Ctrl Pts',(231.258788514848,9.73519327162494,-10.7460054512196));
#2578=CARTESIAN_POINT('Ctrl Pts',(231.252373764687,9.72706919796367,-10.7533543265872));
#2579=CARTESIAN_POINT('Ctrl Pts',(231.226727326942,9.69458881382429,-10.782735435731));
#2580=CARTESIAN_POINT('Ctrl Pts',(231.199382117378,9.6627365054189,-10.8112818393026));
#2581=CARTESIAN_POINT('Ctrl Pts',(231.170623957643,9.63152554832232,-10.8390175365102));
#2582=CARTESIAN_POINT('Ctrl Pts',(231.141879640971,9.60032961497059,-10.8667398828283));
#2583=CARTESIAN_POINT('Ctrl Pts',(231.11172383558,9.56977450293394,-10.893652223911));
#2584=CARTESIAN_POINT('Ctrl Pts',(231.080384860926,9.53984887891946,-10.9197968105212));
#2585=CARTESIAN_POINT('Ctrl Pts',(231.049048380176,9.50992563633736,-10.9459393165878));
#2586=CARTESIAN_POINT('Ctrl Pts',(231.016529009762,9.48063183222624,-10.9713141521543));
#2587=CARTESIAN_POINT('Ctrl Pts',(230.983045331458,9.45193960607834,-10.9959793535646));
#2588=CARTESIAN_POINT('Ctrl Pts',(230.955794533767,9.4285883469083,-11.0160532058911));
#2589=CARTESIAN_POINT('Ctrl Pts',(230.927905109217,9.40563556296829,-11.0356570306691));
#2590=CARTESIAN_POINT('Ctrl Pts',(230.899447902836,9.38307132500627,-11.0548116254477));
#2591=CARTESIAN_POINT('Ctrl Pts',(230.857947798083,9.35016513503868,-11.0827454176544));
#2592=CARTESIAN_POINT('Ctrl Pts',(230.815242594045,9.3180540938684,-11.1097503835225));
#2593=CARTESIAN_POINT('Ctrl Pts',(230.771555170705,9.28668324444729,-11.1359105137092));
#2594=CARTESIAN_POINT('Ctrl Pts',(230.697913063375,9.23380268332644,-11.1800075779836));
#2595=CARTESIAN_POINT('Ctrl Pts',(230.621480223683,9.18302550500053,-11.2217040029762));
#2596=CARTESIAN_POINT('Ctrl Pts',(230.54319267411,9.13399371786655,-11.2614807191503));
#2597=CARTESIAN_POINT('Ctrl Pts',(230.380745739867,9.03225259116372,-11.3440175418248));
#2598=CARTESIAN_POINT('Ctrl Pts',(230.210315908938,8.9380280443097,-11.4182886818592));
#2599=CARTESIAN_POINT('Ctrl Pts',(230.034644451163,8.8497286862417,-11.486297549992));
#2600=CARTESIAN_POINT('Ctrl Pts',(229.999657847388,8.83214304829351,-11.4998421482588));
#2601=CARTESIAN_POINT('Ctrl Pts',(229.964463196326,8.81479234802798,-11.5131383645156));
#2602=CARTESIAN_POINT('Ctrl Pts',(229.929081957859,8.79766392493583,-11.5262020049451));
#2603=CARTESIAN_POINT('Ctrl Pts',(229.79953954587,8.73495110489095,-11.5740323117385));
#2604=CARTESIAN_POINT('Ctrl Pts',(229.667325146911,8.67531160876088,-11.6186729211813));
#2605=CARTESIAN_POINT('Ctrl Pts',(229.533465430869,8.61818007705048,-11.660864024565));
#2606=CARTESIAN_POINT('Ctrl Pts',(229.26511292897,8.50364681846358,-11.7454457679428));
#2607=CARTESIAN_POINT('Ctrl Pts',(228.990150051704,8.39919442444739,-11.8201827866064));
#2608=CARTESIAN_POINT('Ctrl Pts',(228.710719464468,8.30331823685783,-11.8871684139401));
#2609=CARTESIAN_POINT('Ctrl Pts',(228.624220333159,8.27363928502332,-11.907904148821));
#2610=CARTESIAN_POINT('Ctrl Pts',(228.537292847498,8.24478185424597,-11.9278972585154));
#2611=CARTESIAN_POINT('Ctrl Pts',(228.4499999949,8.21670067458449,-11.9472101343759));
#2612=CARTESIAN_POINT('Origin',(228.45,-1.60545479656049E-16,-9.83057538894238E-33));
#2613=CARTESIAN_POINT('Ctrl Pts',(228.355838861293,-7.99499626181903,11.2288121618228));
#2614=CARTESIAN_POINT('Ctrl Pts',(228.725065700981,-8.08990527954041,11.1491788076792));
#2615=CARTESIAN_POINT('Ctrl Pts',(229.45171507139,-8.3045569940178,10.9694232156068));
#2616=CARTESIAN_POINT('Ctrl Pts',(230.305878915502,-8.65071829649781,10.6729302727428));
#2617=CARTESIAN_POINT('Ctrl Pts',(230.900591976716,-9.00343936837947,10.3574779690415));
#2618=CARTESIAN_POINT('Ctrl Pts',(231.260456915271,-9.31808888152399,10.066151094921));
#2619=CARTESIAN_POINT('Ctrl Pts',(231.422935159136,-9.69779730145268,9.69715197578498));
#2620=CARTESIAN_POINT('Ctrl Pts',(231.259738874489,-10.0664572060133,9.31773431966398));
#2621=CARTESIAN_POINT('Ctrl Pts',(230.900450003318,-10.3576634975788,9.00324375372188));
#2622=CARTESIAN_POINT('Ctrl Pts',(230.380079176911,-10.6338033006049,8.69449927651572));
#2623=CARTESIAN_POINT('Ctrl Pts',(229.542431568928,-10.9453802083391,8.33362195362406));
#2624=CARTESIAN_POINT('Ctrl Pts',(228.817355529994,-11.1292741187251,8.11362818417863));
#2625=CARTESIAN_POINT('Ctrl Pts',(228.355838526162,-11.2288122341024,7.99499617567452));
#2626=CARTESIAN_POINT('Ctrl Pts',(228.329174634426,-8.08563660185817,11.2364270119334));
#2627=CARTESIAN_POINT('Ctrl Pts',(228.694917625646,-8.18138546243003,11.1528185471057));
#2628=CARTESIAN_POINT('Ctrl Pts',(229.413495472311,-8.39671223583442,10.9647183748718));
#2629=CARTESIAN_POINT('Ctrl Pts',(230.251982495933,-8.73922440310457,10.656788284657));
#2630=CARTESIAN_POINT('Ctrl Pts',(230.827076569971,-9.07911418496782,10.338288712093));
#2631=CARTESIAN_POINT('Ctrl Pts',(231.165594187687,-9.37587313056294,10.0512305690281));
#2632=CARTESIAN_POINT('Ctrl Pts',(231.309928869585,-9.71471389079266,9.71431736159077));
#2633=CARTESIAN_POINT('Ctrl Pts',(231.165039900233,-10.0515657011527,9.3755526036339));
#2634=CARTESIAN_POINT('Ctrl Pts',(230.826904132033,-10.3384608846537,9.07891227468086));
#2635=CARTESIAN_POINT('Ctrl Pts',(230.323901160297,-10.6173969732546,8.7813281830319));
#2636=CARTESIAN_POINT('Ctrl Pts',(229.503202967604,-10.9394238005224,8.42591007340319));
#2637=CARTESIAN_POINT('Ctrl Pts',(228.78633665232,-11.1319202624189,8.20531828976128));
#2638=CARTESIAN_POINT('Ctrl Pts',(228.329174302458,-11.2364270877973,8.08563651491759));
#2639=CARTESIAN_POINT('Ctrl Pts',(228.29110869663,-8.26529507682723,11.3204105951605));
#2640=CARTESIAN_POINT('Ctrl Pts',(228.650897818217,-8.3665173338311,11.2311744663074));
#2641=CARTESIAN_POINT('Ctrl Pts',(229.355411926671,-8.591602527042,11.0307128484842));
#2642=CARTESIAN_POINT('Ctrl Pts',(230.164816066662,-8.94162990598076,10.7036725237617));
#2643=CARTESIAN_POINT('Ctrl Pts',(230.702219152806,-9.27120594626069,10.3791616003586));
#2644=CARTESIAN_POINT('Ctrl Pts',(230.998973450085,-9.54572223185355,10.0981212575713));
#2645=CARTESIAN_POINT('Ctrl Pts',(231.107461024719,-9.81695534035329,9.81710404581075));
#2646=CARTESIAN_POINT('Ctrl Pts',(230.998737429099,-10.0984363296795,9.54553092012997));
#2647=CARTESIAN_POINT('Ctrl Pts',(230.701968802543,-10.3792395380771,9.2711038939861));
#2648=CARTESIAN_POINT('Ctrl Pts',(230.2323488501,-10.6637040565951,8.98237679795948));
#2649=CARTESIAN_POINT('Ctrl Pts',(229.443362563803,-11.0034149440051,8.62225086905909));
#2650=CARTESIAN_POINT('Ctrl Pts',(228.740828650681,-11.2088695234636,8.39181826039334));
#2651=CARTESIAN_POINT('Ctrl Pts',(228.291108370058,-11.3204106761498,8.26529498495722));
#2652=CARTESIAN_POINT('Ctrl Pts',(228.305734782229,-8.3888294108391,11.568262677429));
#2653=CARTESIAN_POINT('Ctrl Pts',(228.664834970541,-8.50038586259124,11.4794189247199));
#2654=CARTESIAN_POINT('Ctrl Pts',(229.367024291851,-8.74752484898171,11.2785184387503));
#2655=CARTESIAN_POINT('Ctrl Pts',(230.169012829467,-9.12935455633117,10.9462944723539));
#2656=CARTESIAN_POINT('Ctrl Pts',(230.695202790596,-9.48424033574848,10.6157113295248));
#2657=CARTESIAN_POINT('Ctrl Pts',(230.978809806989,-9.77590505110514,10.3293756976915));
#2658=CARTESIAN_POINT('Ctrl Pts',(231.075701716078,-10.0502417418408,10.0505135809685));
#2659=CARTESIAN_POINT('Ctrl Pts',(230.978679453281,-10.3296890311995,9.77568940359615));
#2660=CARTESIAN_POINT('Ctrl Pts',(230.694930123237,-10.6157793681937,9.48413796334151));
#2661=CARTESIAN_POINT('Ctrl Pts',(230.235253275826,-10.9056366036717,9.17318737446426));
#2662=CARTESIAN_POINT('Ctrl Pts',(229.454654246191,-11.2509941436229,8.78116485570844));
#2663=CARTESIAN_POINT('Ctrl Pts',(228.754593601578,-11.4572120584426,8.52826986470085));
#2664=CARTESIAN_POINT('Ctrl Pts',(228.305734456282,-11.5682627580569,8.38882930958222));
#2665=CARTESIAN_POINT('Ctrl Pts',(228.366542542689,-8.35616319269908,11.8040693148461));
#2666=CARTESIAN_POINT('Ctrl Pts',(228.731054042593,-8.47405960308314,11.7190886246));
#2667=CARTESIAN_POINT('Ctrl Pts',(229.445199606583,-8.73595538067622,11.5252636994247));
#2668=CARTESIAN_POINT('Ctrl Pts',(230.269148098057,-9.14419666387985,11.1991992135803));
#2669=CARTESIAN_POINT('Ctrl Pts',(230.822513570787,-9.535950603683,10.8608994141638));
#2670=CARTESIAN_POINT('Ctrl Pts',(231.135864732887,-9.86807827031874,10.5567769001423));
#2671=CARTESIAN_POINT('Ctrl Pts',(231.258226761672,-10.2170541971324,10.2169446422933));
#2672=CARTESIAN_POINT('Ctrl Pts',(231.135508368164,-10.5570598376761,9.86779650184748));
#2673=CARTESIAN_POINT('Ctrl Pts',(230.822296076572,-10.8609869495241,9.53584202175229));
#2674=CARTESIAN_POINT('Ctrl Pts',(230.338552199575,-11.1574184423281,9.19272670676134));
#2675=CARTESIAN_POINT('Ctrl Pts',(229.534266851424,-11.4988084750002,8.77142627039539));
#2676=CARTESIAN_POINT('Ctrl Pts',(228.822165253563,-11.6978473475244,8.5035283040977));
#2677=CARTESIAN_POINT('Ctrl Pts',(228.366542211841,-11.8040693919884,8.35616308569419));
#2678=CARTESIAN_POINT('Ctrl Pts',(228.416802148389,-8.26890946598193,11.911320487121));
#2679=CARTESIAN_POINT('Ctrl Pts',(228.786343870242,-8.38820614138118,11.8285029750854));
#2680=CARTESIAN_POINT('Ctrl Pts',(229.511921928019,-8.65429101889729,11.6385763952528));
#2681=CARTESIAN_POINT('Ctrl Pts',(230.357748911428,-9.07224573273428,11.3162783012452));
#2682=CARTESIAN_POINT('Ctrl Pts',(230.93887379976,-9.48495378234777,10.9704264293973));
#2683=CARTESIAN_POINT('Ctrl Pts',(231.282906931028,-9.84433725551897,10.6504897210067));
#2684=CARTESIAN_POINT('Ctrl Pts',(231.431688432925,-10.2560859303351,10.2555193510281));
#2685=CARTESIAN_POINT('Ctrl Pts',(231.282309881159,-10.6508469153436,9.84391726483671));
#2686=CARTESIAN_POINT('Ctrl Pts',(230.938700253136,-10.9706438937495,9.48471377482742));
#2687=CARTESIAN_POINT('Ctrl Pts',(230.430368812482,-11.2734869982413,9.12340261500992));
#2688=CARTESIAN_POINT('Ctrl Pts',(229.602379971657,-11.6128603419888,8.69012935925098));
#2689=CARTESIAN_POINT('Ctrl Pts',(228.878712406075,-11.8078023937117,8.41802484416059));
#2690=CARTESIAN_POINT('Ctrl Pts',(228.416801812963,-11.9113205622834,8.2689093577093));
#2691=CARTESIAN_POINT('Ctrl Pts',(228.441988562591,-8.21412598920495,11.9489804683692));
#2692=CARTESIAN_POINT('Ctrl Pts',(228.814072854918,-8.33358878503911,11.8668577752572));
#2693=CARTESIAN_POINT('Ctrl Pts',(229.54537292629,-8.60046389549897,11.6782171912456));
#2694=CARTESIAN_POINT('Ctrl Pts',(230.402259176844,-9.02139673962551,11.3569247012787));
#2695=CARTESIAN_POINT('Ctrl Pts',(230.997431049666,-9.44285046066851,11.0066800938391));
#2696=CARTESIAN_POINT('Ctrl Pts',(231.357015601032,-9.81451240266903,10.6784773267069));
#2697=CARTESIAN_POINT('Ctrl Pts',(231.519184656064,-10.2566929079985,10.2559475973391));
#2698=CARTESIAN_POINT('Ctrl Pts',(231.356300759088,-10.6788158480755,9.81408788822736));
#2699=CARTESIAN_POINT('Ctrl Pts',(230.997289774526,-11.0068914042418,9.44262157459361));
#2700=CARTESIAN_POINT('Ctrl Pts',(230.476514818029,-11.3134926543817,9.07371817593302));
#2701=CARTESIAN_POINT('Ctrl Pts',(229.636522321686,-11.652756144614,8.63633921868284));
#2702=CARTESIAN_POINT('Ctrl Pts',(228.907076916815,-11.8463308668904,8.36344901013386));
#2703=CARTESIAN_POINT('Ctrl Pts',(228.441988224867,-11.9489805429082,8.21412588077411));
#2704=CARTESIAN_POINT('',(228.382354912462,-8.00183629313441,11.2230732685967));
#2705=CARTESIAN_POINT('',(228.382354906736,-11.2230732698402,8.00183629165223));
#2706=CARTESIAN_POINT('Ctrl Pts',(228.382355240786,-8.00183627806381,11.2230733293171));
#2707=CARTESIAN_POINT('Ctrl Pts',(228.742461203245,-8.09505466239658,11.1448658067587));
#2708=CARTESIAN_POINT('Ctrl Pts',(229.459897237208,-8.30787292596249,10.9665830644589));
#2709=CARTESIAN_POINT('Ctrl Pts',(230.305878915502,-8.65071829649781,10.6729302727428));
#2710=CARTESIAN_POINT('Ctrl Pts',(230.900591976716,-9.00343936837947,10.3574779690415));
#2711=CARTESIAN_POINT('Ctrl Pts',(231.260456915271,-9.31808888152399,10.066151094921));
#2712=CARTESIAN_POINT('Ctrl Pts',(231.422935159136,-9.69779730145268,9.69715197578498));
#2713=CARTESIAN_POINT('Ctrl Pts',(231.259738874489,-10.0664572060133,9.31773431966398));
#2714=CARTESIAN_POINT('Ctrl Pts',(230.900450003318,-10.3576634975788,9.00324375372188));
#2715=CARTESIAN_POINT('Ctrl Pts',(230.380079176911,-10.6338033006049,8.69449927651572));
#2716=CARTESIAN_POINT('Ctrl Pts',(229.550455926433,-10.9423954156,8.33707902629639));
#2717=CARTESIAN_POINT('Ctrl Pts',(228.83471255728,-11.1248606547933,8.11890668569281));
#2718=CARTESIAN_POINT('Ctrl Pts',(228.382356228543,-11.2230739763977,8.00183571285536));
#2719=CARTESIAN_POINT('',(228.446834007912,-11.9381722795443,8.22930344385395));
#2720=CARTESIAN_POINT('Ctrl Pts',(228.382356228542,-11.2230739763977,8.00183571285534));
#2721=CARTESIAN_POINT('Ctrl Pts',(228.382036479305,-11.2231577159552,8.00269452371776));
#2722=CARTESIAN_POINT('Ctrl Pts',(228.381717447011,-11.2232446795803,8.00355326871649));
#2723=CARTESIAN_POINT('Ctrl Pts',(228.381399135345,-11.2233348582316,8.00441193365471));
#2724=CARTESIAN_POINT('Ctrl Pts',(228.373645073648,-11.2255316072014,8.02532898322526));
#2725=CARTESIAN_POINT('Ctrl Pts',(228.366338045295,-11.2296259787333,8.04614351544254));
#2726=CARTESIAN_POINT('Ctrl Pts',(228.35953104736,-11.2354851961263,8.06665175726713));
#2727=CARTESIAN_POINT('Ctrl Pts',(228.356172761905,-11.2383758866679,8.07676965812155));
#2728=CARTESIAN_POINT('Ctrl Pts',(228.35293635731,-11.241696959767,8.08681300088079));
#2729=CARTESIAN_POINT('Ctrl Pts',(228.349829375812,-11.245436873058,8.09675649354073));
#2730=CARTESIAN_POINT('Ctrl Pts',(228.343492226697,-11.2530649803443,8.1170377201118));
#2731=CARTESIAN_POINT('Ctrl Pts',(228.33772544457,-11.2623929713837,8.13679953424021));
#2732=CARTESIAN_POINT('Ctrl Pts',(228.332587093275,-11.2733054768498,8.15583175498926));
#2733=CARTESIAN_POINT('Ctrl Pts',(228.330107457991,-11.2785715694232,8.16501621190929));
#2734=CARTESIAN_POINT('Ctrl Pts',(228.327774385881,-11.2842073825941,8.17403056647789));
#2735=CARTESIAN_POINT('Ctrl Pts',(228.325595768753,-11.2902036585819,8.18284936999658));
#2736=CARTESIAN_POINT('Ctrl Pts',(228.321088981185,-11.3026078308089,8.20109235245834));
#2737=CARTESIAN_POINT('Ctrl Pts',(228.317272376751,-11.3164691271217,8.2183785127077));
#2738=CARTESIAN_POINT('Ctrl Pts',(228.314200818453,-11.331677855541,8.2345006094415));
#2739=CARTESIAN_POINT('Ctrl Pts',(228.31349946749,-11.3351505737151,8.23818188356168));
#2740=CARTESIAN_POINT('Ctrl Pts',(228.312837031235,-11.3386937223498,8.24180236965425));
#2741=CARTESIAN_POINT('Ctrl Pts',(228.312214292574,-11.34230629822,8.24535940091833));
#2742=CARTESIAN_POINT('Ctrl Pts',(228.309483657321,-11.358147015419,8.26095656159985));
#2743=CARTESIAN_POINT('Ctrl Pts',(228.307514780934,-11.3753204231081,8.27533682467693));
#2744=CARTESIAN_POINT('Ctrl Pts',(228.30630838662,-11.3936120750954,8.28839581385021));
#2745=CARTESIAN_POINT('Ctrl Pts',(228.306203631389,-11.3952004000909,8.28952976932534));
#2746=CARTESIAN_POINT('Ctrl Pts',(228.306104637141,-11.3967971719272,8.29065373627326));
#2747=CARTESIAN_POINT('Ctrl Pts',(228.306011411073,-11.398402257982,8.29176763097287));
#2748=CARTESIAN_POINT('Ctrl Pts',(228.304943914643,-11.4167814910713,8.30452241770842));
#2749=CARTESIAN_POINT('Ctrl Pts',(228.304640065285,-11.4360983265117,8.31585576335133));
#2750=CARTESIAN_POINT('Ctrl Pts',(228.305082605523,-11.4561231415561,8.32568911274379));
#2751=CARTESIAN_POINT('Ctrl Pts',(228.305524136276,-11.4761022776914,8.33550003113394));
#2752=CARTESIAN_POINT('Ctrl Pts',(228.306708740095,-11.496787482962,8.34381842674216));
#2753=CARTESIAN_POINT('Ctrl Pts',(228.308637738874,-11.5179725455184,8.35052467205196));
#2754=CARTESIAN_POINT('Ctrl Pts',(228.309262929745,-11.5248386502804,8.35269817438332));
#2755=CARTESIAN_POINT('Ctrl Pts',(228.309966452849,-11.5317573496055,8.35470196658592));
#2756=CARTESIAN_POINT('Ctrl Pts',(228.31074875016,-11.5387217646942,8.35653085820139));
#2757=CARTESIAN_POINT('Ctrl Pts',(228.31276886359,-11.5567058588015,8.36125357482664));
#2758=CARTESIAN_POINT('Ctrl Pts',(228.315299723475,-11.5748704849498,8.36477904975396));
#2759=CARTESIAN_POINT('Ctrl Pts',(228.318332744854,-11.5930918389136,8.36705051456692));
#2760=CARTESIAN_POINT('Ctrl Pts',(228.321968277955,-11.614932877008,8.36977320738156));
#2761=CARTESIAN_POINT('Ctrl Pts',(228.326325004888,-11.6368563117829,8.37069569374621));
#2762=CARTESIAN_POINT('Ctrl Pts',(228.331338735352,-11.6586310480342,8.369868129724));
#2763=CARTESIAN_POINT('Ctrl Pts',(228.333758618256,-11.669140650088,8.36946870497566));
#2764=CARTESIAN_POINT('Ctrl Pts',(228.336331791466,-11.6796155929981,8.36866085107288));
#2765=CARTESIAN_POINT('Ctrl Pts',(228.339052175916,-11.690029015234,8.36744611428428));
#2766=CARTESIAN_POINT('Ctrl Pts',(228.344687047267,-11.7115988689367,8.36492996788936));
#2767=CARTESIAN_POINT('Ctrl Pts',(228.35090573215,-11.7327267608771,8.36069207576837));
#2768=CARTESIAN_POINT('Ctrl Pts',(228.357633993151,-11.7531863508568,8.35479469896092));
#2769=CARTESIAN_POINT('Ctrl Pts',(228.362326720085,-11.7674561999207,8.3506814847177));
#2770=CARTESIAN_POINT('Ctrl Pts',(228.36726771266,-11.7814010951467,8.34575990889847));
#2771=CARTESIAN_POINT('Ctrl Pts',(228.372435378692,-11.794940379787,8.34003704706138));
#2772=CARTESIAN_POINT('Ctrl Pts',(228.377048683209,-11.8070272372988,8.33492810538373));
#2773=CARTESIAN_POINT('Ctrl Pts',(228.381842717405,-11.8187908676648,8.32918033805116));
#2774=CARTESIAN_POINT('Ctrl Pts',(228.38679790685,-11.8301880678404,8.32282202026073));
#2775=CARTESIAN_POINT('Ctrl Pts',(228.394720578163,-11.8484106346825,8.31265593831471));
#2776=CARTESIAN_POINT('Ctrl Pts',(228.402989711041,-11.8655488477508,8.30101447802444));
#2777=CARTESIAN_POINT('Ctrl Pts',(228.411513719284,-11.8814540507995,8.28805179352688));
#2778=CARTESIAN_POINT('Ctrl Pts',(228.42001926391,-11.8973248020307,8.27511718713932));
#2779=CARTESIAN_POINT('Ctrl Pts',(228.428779066616,-11.9119688963374,8.26086624337824));
#2780=CARTESIAN_POINT('Ctrl Pts',(228.43770735881,-11.9252074360545,8.24541261124678));
#2781=CARTESIAN_POINT('Ctrl Pts',(228.440731674238,-11.9296917785296,8.24017794183134));
#2782=CARTESIAN_POINT('Ctrl Pts',(228.443775334021,-11.9340145134772,8.23480499547457));
#2783=CARTESIAN_POINT('Ctrl Pts',(228.446834989937,-11.9381675513073,8.22929741260184));
#2784=CARTESIAN_POINT('Ctrl Pts',(228.446834989937,-11.9381675513073,8.22929741260183));
#2785=CARTESIAN_POINT('Ctrl Pts',(228.447097366043,-11.938523687682,8.22882511964336));
#2786=CARTESIAN_POINT('Ctrl Pts',(228.4473445721,-11.9388837154081,8.22834456756954));
#2787=CARTESIAN_POINT('Ctrl Pts',(228.447576175923,-11.9392476781532,8.22785561064019));
#2788=CARTESIAN_POINT('Ctrl Pts',(228.449248841811,-11.9418762533659,8.22432431497415));
#2789=CARTESIAN_POINT('Ctrl Pts',(228.450000153456,-11.9445411351459,8.22058151352951));
#2790=CARTESIAN_POINT('Ctrl Pts',(228.450000120999,-11.9472102207,8.21670060546762));
#2791=CARTESIAN_POINT('',(228.446834007912,-8.22930344385399,11.9381722795443));
#2792=CARTESIAN_POINT('Ctrl Pts',(228.450000031025,-8.21670066297821,11.9472101507143));
#2793=CARTESIAN_POINT('Ctrl Pts',(228.450000028025,-8.22088291351425,11.9443338049663));
#2794=CARTESIAN_POINT('Ctrl Pts',(228.449127489012,-8.22489208838534,11.9414710705143));
#2795=CARTESIAN_POINT('Ctrl Pts',(228.447185553031,-8.22864375042961,11.9386589311002));
#2796=CARTESIAN_POINT('Ctrl Pts',(228.44707182364,-8.22886346634521,11.9384942382843));
#2797=CARTESIAN_POINT('Ctrl Pts',(228.446954902746,-8.22908137983735,11.9383304082325));
#2798=CARTESIAN_POINT('Ctrl Pts',(228.446834836794,-8.22929750628141,11.9381674364533));
#2799=CARTESIAN_POINT('Ctrl Pts',(228.382355240599,-8.00183627883254,11.2230733293703));
#2800=CARTESIAN_POINT('Ctrl Pts',(228.382034068518,-8.00269891724134,11.2231574464492));
#2801=CARTESIAN_POINT('Ctrl Pts',(228.381713613914,-8.00356148776895,11.2232448176815));
#2802=CARTESIAN_POINT('Ctrl Pts',(228.38139389229,-8.00442397891027,11.2233354313427));
#2803=CARTESIAN_POINT('Ctrl Pts',(228.373639980513,-8.02534117598961,11.2255330003593));
#2804=CARTESIAN_POINT('Ctrl Pts',(228.366333158331,-8.04615572691504,11.229628187278));
#2805=CARTESIAN_POINT('Ctrl Pts',(228.359526410665,-8.0666638574581,11.2354881693815));
#2806=CARTESIAN_POINT('Ctrl Pts',(228.35615155039,-8.0768320138929,11.2383936128888));
#2807=CARTESIAN_POINT('Ctrl Pts',(228.35289979614,-8.08692483803103,11.241733715152));
#2808=CARTESIAN_POINT('Ctrl Pts',(228.349778803823,-8.09691665686387,11.2454967626437));
#2809=CARTESIAN_POINT('Ctrl Pts',(228.343444678877,-8.11719528061699,11.2531339531819));
#2810=CARTESIAN_POINT('Ctrl Pts',(228.337681170297,-8.13695360323998,11.2624705453983));
#2811=CARTESIAN_POINT('Ctrl Pts',(228.332546315163,-8.15598146949939,11.2733911274794));
#2812=CARTESIAN_POINT('Ctrl Pts',(228.330043925296,-8.16525439706306,11.2787130992239));
#2813=CARTESIAN_POINT('Ctrl Pts',(228.327691055352,-8.17435364804939,11.2844119929182));
#2814=CARTESIAN_POINT('Ctrl Pts',(228.325495834903,-8.18325300834473,11.2904782803741));
#2815=CARTESIAN_POINT('Ctrl Pts',(228.32099913496,-8.20148250004407,11.3029044922762));
#2816=CARTESIAN_POINT('Ctrl Pts',(228.317193100256,-8.21875329521681,11.3167867128626));
#2817=CARTESIAN_POINT('Ctrl Pts',(228.31413263079,-8.23485809128904,11.3320153990336));
#2818=CARTESIAN_POINT('Ctrl Pts',(228.313456437591,-8.23841635373302,11.3353800900133));
#2819=CARTESIAN_POINT('Ctrl Pts',(228.312816705676,-8.24191760544984,11.3388106777843));
#2820=CARTESIAN_POINT('Ctrl Pts',(228.312214144075,-8.24535943057266,11.3423062532801));
#2821=CARTESIAN_POINT('Ctrl Pts',(228.309483558752,-8.26095650337468,11.3581469028043));
#2822=CARTESIAN_POINT('Ctrl Pts',(228.307514770386,-8.27533637873722,11.3753199020695));
#2823=CARTESIAN_POINT('Ctrl Pts',(228.306308411201,-8.28839484480183,11.3936106847073));
#2824=CARTESIAN_POINT('Ctrl Pts',(228.30619884653,-8.28958084857881,11.3952719010542));
#2825=CARTESIAN_POINT('Ctrl Pts',(228.306095583897,-8.29075592389959,11.3969423544295));
#2826=CARTESIAN_POINT('Ctrl Pts',(228.305998631498,-8.29191997503535,11.3986218930394));
#2827=CARTESIAN_POINT('Ctrl Pts',(228.304937177173,-8.30466424049433,11.4170098188231));
#2828=CARTESIAN_POINT('Ctrl Pts',(228.304639368778,-8.31598652935999,11.4363343228416));
#2829=CARTESIAN_POINT('Ctrl Pts',(228.305087982071,-8.32580819797905,11.4563658243309));
#2830=CARTESIAN_POINT('Ctrl Pts',(228.305535541391,-8.33560679153864,11.476350263747));
#2831=CARTESIAN_POINT('Ctrl Pts',(228.306726104221,-8.34391244523465,11.4970396984477));
#2832=CARTESIAN_POINT('Ctrl Pts',(228.308661024846,-8.35060543830514,11.5182279547192));
#2833=CARTESIAN_POINT('Ctrl Pts',(228.309282520995,-8.35275522644853,11.525033618737));
#2834=CARTESIAN_POINT('Ctrl Pts',(228.309980949576,-8.35473827573868,11.5318908325998));
#2835=CARTESIAN_POINT('Ctrl Pts',(228.310756740937,-8.35654953291891,11.5387929008535));
#2836=CARTESIAN_POINT('Ctrl Pts',(228.312775540092,-8.36126286777841,11.5567537731459));
#2837=CARTESIAN_POINT('Ctrl Pts',(228.315303723252,-8.36478204610153,11.5748945226573));
#2838=CARTESIAN_POINT('Ctrl Pts',(228.318332743638,-8.3670505143393,11.5930918390479));
#2839=CARTESIAN_POINT('Ctrl Pts',(228.32196827993,-8.36977320932158,11.6149328951413));
#2840=CARTESIAN_POINT('Ctrl Pts',(228.326325008036,-8.37069569272622,11.6368563289281));
#2841=CARTESIAN_POINT('Ctrl Pts',(228.331338734153,-8.36986812969669,11.6586310454711));
#2842=CARTESIAN_POINT('Ctrl Pts',(228.333755512348,-8.36946921754278,11.66912716331));
#2843=CARTESIAN_POINT('Ctrl Pts',(228.336325186865,-8.36866292324616,11.6795887062824));
#2844=CARTESIAN_POINT('Ctrl Pts',(228.339041701199,-8.36745078979464,11.6899889170134));
#2845=CARTESIAN_POINT('Ctrl Pts',(228.344675829647,-8.36493679033658,11.7115592516236));
#2846=CARTESIAN_POINT('Ctrl Pts',(228.350893833915,-8.36070099469847,11.732687825536));
#2847=CARTESIAN_POINT('Ctrl Pts',(228.357621475697,-8.3548056671844,11.7531482934802));
#2848=CARTESIAN_POINT('Ctrl Pts',(228.362317921424,-8.35069024507871,11.7674313781552));
#2849=CARTESIAN_POINT('Ctrl Pts',(228.3672631018,-8.34576500928548,11.7813890302708));
#2850=CARTESIAN_POINT('Ctrl Pts',(228.372435368184,-8.34003705023556,11.7949403752123));
#2851=CARTESIAN_POINT('Ctrl Pts',(228.377041691959,-8.33493583695755,11.8070089497513));
#2852=CARTESIAN_POINT('Ctrl Pts',(228.381828206303,-8.32919771914998,11.8187552931674));
#2853=CARTESIAN_POINT('Ctrl Pts',(228.386775426142,-8.32285084264694,11.8301363974679));
#2854=CARTESIAN_POINT('Ctrl Pts',(228.394697330193,-8.31268769075393,11.8483607778636));
#2855=CARTESIAN_POINT('Ctrl Pts',(228.402965787832,-8.30104901631007,11.865500988889));
#2856=CARTESIAN_POINT('Ctrl Pts',(228.411489209206,-8.28808899946981,11.8814083892936));
#2857=CARTESIAN_POINT('Ctrl Pts',(228.419994281685,-8.27515688245593,11.8972815448578));
#2858=CARTESIAN_POINT('Ctrl Pts',(228.428753706992,-8.26090827539067,11.9119282093066));
#2859=CARTESIAN_POINT('Ctrl Pts',(228.437681714698,-8.24545685091675,11.9251695036496));
#2860=CARTESIAN_POINT('Ctrl Pts',(228.440714417066,-8.2402082475182,11.9296673609576));
#2861=CARTESIAN_POINT('Ctrl Pts',(228.443766583255,-8.23482057551557,11.9340027244899));
#2862=CARTESIAN_POINT('Ctrl Pts',(228.446834836794,-8.22929750628141,11.9381674364533));
#2863=CARTESIAN_POINT('Ctrl Pts',(228.407551570545,-11.2176233406068,8.01211759164316));
#2864=CARTESIAN_POINT('Ctrl Pts',(227.081124922973,-11.5063246301762,7.46874834433427));
#2865=CARTESIAN_POINT('Ctrl Pts',(224.872386774415,-11.6171771131242,7.02225335014523));
#2866=CARTESIAN_POINT('Ctrl Pts',(221.90714271591,-11.5192690466666,6.898825750786));
#2867=CARTESIAN_POINT('Ctrl Pts',(219.444134425889,-11.2938301957607,7.04988845033692));
#2868=CARTESIAN_POINT('Ctrl Pts',(217.517685757155,-10.9825199200056,7.39746790715412));
#2869=CARTESIAN_POINT('Ctrl Pts',(216.164742907499,-10.6114891398565,7.83057758689097));
#2870=CARTESIAN_POINT('Ctrl Pts',(215.524143424244,-10.3857037335001,8.09236463844725));
#2871=CARTESIAN_POINT('Ctrl Pts',(215.036731113555,-10.1533555546172,8.35670216124186));
#2872=CARTESIAN_POINT('Ctrl Pts',(214.704602643694,-9.92726188534926,8.60649336980274));
#2873=CARTESIAN_POINT('Ctrl Pts',(214.431305572536,-9.67229555877996,8.88185540408509));
#2874=CARTESIAN_POINT('Ctrl Pts',(214.249010551541,-9.28298316899568,9.28572918344641));
#2875=CARTESIAN_POINT('Ctrl Pts',(214.543441025947,-8.63918754539329,9.90598364611101));
#2876=CARTESIAN_POINT('Ctrl Pts',(215.413712621152,-8.11971667991002,10.362913371892));
#2877=CARTESIAN_POINT('Ctrl Pts',(217.147079423161,-7.46281513959182,10.9263158527512));
#2878=CARTESIAN_POINT('Ctrl Pts',(220.06171277007,-6.92499890209903,11.398814166603));
#2879=CARTESIAN_POINT('Ctrl Pts',(224.131881123981,-6.87058659131095,11.65826635583));
#2880=CARTESIAN_POINT('Ctrl Pts',(227.081482090575,-7.46889471150117,11.5062468458887));
#2881=CARTESIAN_POINT('Ctrl Pts',(228.407551253541,-8.01211746178249,11.2176234096039));
#2882=CARTESIAN_POINT('Ctrl Pts',(228.368972652568,-11.2270606362523,8.09683544959765));
#2883=CARTESIAN_POINT('Ctrl Pts',(227.060764289668,-11.531946333463,7.55309806240371));
#2884=CARTESIAN_POINT('Ctrl Pts',(224.862620961351,-11.6615265974924,7.08817172541727));
#2885=CARTESIAN_POINT('Ctrl Pts',(221.902191841406,-11.5717504763851,6.93972464206294));
#2886=CARTESIAN_POINT('Ctrl Pts',(219.438381546948,-11.3454532377655,7.07023436531944));
#2887=CARTESIAN_POINT('Ctrl Pts',(217.508629863072,-11.0263271361888,7.40442126153395));
#2888=CARTESIAN_POINT('Ctrl Pts',(216.152415599464,-10.6453059705462,7.83118740744268));
#2889=CARTESIAN_POINT('Ctrl Pts',(215.510116762671,-10.4135900707629,8.09092727920928));
#2890=CARTESIAN_POINT('Ctrl Pts',(215.021301465717,-10.1754889642026,8.35478027705404));
#2891=CARTESIAN_POINT('Ctrl Pts',(214.688175685314,-9.94430662642143,8.60534528408649));
#2892=CARTESIAN_POINT('Ctrl Pts',(214.414036882238,-9.68406188896582,8.88240364444069));
#2893=CARTESIAN_POINT('Ctrl Pts',(214.231162744615,-9.28792122989586,9.29068638657665));
#2894=CARTESIAN_POINT('Ctrl Pts',(214.526529295629,-8.63711447331337,9.92186021124178));
#2895=CARTESIAN_POINT('Ctrl Pts',(215.399446610786,-8.11763743090959,10.3901369606298));
#2896=CARTESIAN_POINT('Ctrl Pts',(217.137278934429,-7.46711470877356,10.9685778597984));
#2897=CARTESIAN_POINT('Ctrl Pts',(220.057521948744,-6.94984190560271,11.4532793898144));
#2898=CARTESIAN_POINT('Ctrl Pts',(224.125870182862,-6.93063165820645,11.7087166224383));
#2899=CARTESIAN_POINT('Ctrl Pts',(227.061116549078,-7.55324452621945,11.5318641906274));
#2900=CARTESIAN_POINT('Ctrl Pts',(228.368972339917,-8.09683531961732,11.2270607090948));
#2901=CARTESIAN_POINT('Ctrl Pts',(228.306799914542,-11.3128783392844,8.26530539197876));
#2902=CARTESIAN_POINT('Ctrl Pts',(227.030220678588,-11.6407572431064,7.70348419001706));
#2903=CARTESIAN_POINT('Ctrl Pts',(224.846430684449,-11.7894740441502,7.19253026027897));
#2904=CARTESIAN_POINT('Ctrl Pts',(221.890418911304,-11.6966378058642,6.99446531517688));
#2905=CARTESIAN_POINT('Ctrl Pts',(219.422783327007,-11.455937753944,7.08943918490951));
#2906=CARTESIAN_POINT('Ctrl Pts',(217.486573489247,-11.11511179929,7.40384841523373));
#2907=CARTESIAN_POINT('Ctrl Pts',(216.124691847693,-10.7118812814185,7.82323459309632));
#2908=CARTESIAN_POINT('Ctrl Pts',(215.479548370324,-10.4676641610868,8.08140982011965));
#2909=CARTESIAN_POINT('Ctrl Pts',(214.988447612886,-10.2178950974915,8.34619759130336));
#2910=CARTESIAN_POINT('Ctrl Pts',(214.653723019395,-9.97656907361671,8.59958486502664));
#2911=CARTESIAN_POINT('Ctrl Pts',(214.37824608198,-9.70584828891297,8.8810912219074));
#2912=CARTESIAN_POINT('Ctrl Pts',(214.194464505976,-9.29611773009528,9.29894173823754));
#2913=CARTESIAN_POINT('Ctrl Pts',(214.491297478582,-8.63007907347822,9.95184407482181));
#2914=CARTESIAN_POINT('Ctrl Pts',(215.368456886172,-8.10727456472436,10.4426429081601));
#2915=CARTESIAN_POINT('Ctrl Pts',(217.113811998473,-7.46262465324908,11.0532451921369));
#2916=CARTESIAN_POINT('Ctrl Pts',(220.044797317149,-6.97543982936654,11.570940104779));
#2917=CARTESIAN_POINT('Ctrl Pts',(224.114903153463,-7.020052958674,11.8426404244469));
#2918=CARTESIAN_POINT('Ctrl Pts',(227.030564416226,-7.70363552068032,11.6406689072537));
#2919=CARTESIAN_POINT('Ctrl Pts',(228.306799609449,-8.26530525769965,11.3128784176364));
#2920=CARTESIAN_POINT('Ctrl Pts',(228.301936119273,-11.5808814061812,8.39668302880126));
#2921=CARTESIAN_POINT('Ctrl Pts',(227.030596983999,-11.9079720262072,7.78520782700023));
#2922=CARTESIAN_POINT('Ctrl Pts',(224.840108133756,-12.0350096853169,7.21938041363054));
#2923=CARTESIAN_POINT('Ctrl Pts',(221.871229018053,-11.8998515483909,6.97773760093858));
#2924=CARTESIAN_POINT('Ctrl Pts',(219.391325364413,-11.6173883852087,7.05076720745286));
#2925=CARTESIAN_POINT('Ctrl Pts',(217.445456821362,-11.2382780544641,7.36012584993717));
#2926=CARTESIAN_POINT('Ctrl Pts',(216.076890028865,-10.8017916101841,7.78480090123079));
#2927=CARTESIAN_POINT('Ctrl Pts',(215.428613436463,-10.5396687991361,8.04808516100357));
#2928=CARTESIAN_POINT('Ctrl Pts',(214.935149385516,-10.2736279499067,8.3197149823194));
#2929=CARTESIAN_POINT('Ctrl Pts',(214.598825814766,-10.0181917924798,8.58091416627881));
#2930=CARTESIAN_POINT('Ctrl Pts',(214.322037669706,-9.73275723534438,8.87201105064283));
#2931=CARTESIAN_POINT('Ctrl Pts',(214.137389055311,-9.30329726523942,9.30623836683078));
#2932=CARTESIAN_POINT('Ctrl Pts',(214.435622431951,-8.61119288909809,9.99061971245137));
#2933=CARTESIAN_POINT('Ctrl Pts',(215.316981583931,-8.07404497237362,10.5122429047622));
#2934=CARTESIAN_POINT('Ctrl Pts',(217.070813534714,-7.41786653156095,11.1692438514184));
#2935=CARTESIAN_POINT('Ctrl Pts',(220.016578871546,-6.93778906997222,11.7447737539616));
#2936=CARTESIAN_POINT('Ctrl Pts',(224.10648295069,-7.02856023272459,12.0810696243676));
#2937=CARTESIAN_POINT('Ctrl Pts',(227.030939308659,-7.78537253106221,11.907883900251));
#2938=CARTESIAN_POINT('Ctrl Pts',(228.301935815429,-8.39668288264268,11.5808814843321));
#2939=CARTESIAN_POINT('Ctrl Pts',(228.373660993117,-11.8148910004759,8.35297258606546));
#2940=CARTESIAN_POINT('Ctrl Pts',(227.069086930756,-12.1255955166917,7.70730709887457));
#2941=CARTESIAN_POINT('Ctrl Pts',(224.852105184421,-12.2177887032424,7.12750086828517));
#2942=CARTESIAN_POINT('Ctrl Pts',(221.857893889242,-12.0425481948729,6.88499050665615));
#2943=CARTESIAN_POINT('Ctrl Pts',(219.362969372667,-11.727048942001,6.9678095927556));
#2944=CARTESIAN_POINT('Ctrl Pts',(217.408351901151,-11.3218231004718,7.29180484447714));
#2945=CARTESIAN_POINT('Ctrl Pts',(216.034730294784,-10.8630550912096,7.73290247426837));
#2946=CARTESIAN_POINT('Ctrl Pts',(215.384217680298,-10.5888608786803,8.00585709368655));
#2947=CARTESIAN_POINT('Ctrl Pts',(214.889173166774,-10.3116128823824,8.28712401264967));
#2948=CARTESIAN_POINT('Ctrl Pts',(214.551814888105,-10.046101581473,8.5574276505287));
#2949=CARTESIAN_POINT('Ctrl Pts',(214.274198322461,-9.74981682569944,8.85862433294376));
#2950=CARTESIAN_POINT('Ctrl Pts',(214.089012475715,-9.3048402705489,9.30791391469707));
#2951=CARTESIAN_POINT('Ctrl Pts',(214.388112708575,-8.58875467583127,10.0170093990152));
#2952=CARTESIAN_POINT('Ctrl Pts',(215.272129894382,-8.03284936607531,10.5598817697577));
#2953=CARTESIAN_POINT('Ctrl Pts',(217.032191090091,-7.35234403338045,11.2479651496169));
#2954=CARTESIAN_POINT('Ctrl Pts',(219.990240771874,-6.8492357892438,11.8628953266224));
#2955=CARTESIAN_POINT('Ctrl Pts',(224.109179807455,-6.93136432605355,12.2526261037892));
#2956=CARTESIAN_POINT('Ctrl Pts',(227.069438208469,-7.70748101509664,12.1255118014805));
#2957=CARTESIAN_POINT('Ctrl Pts',(228.373660681334,-8.35297243176406,11.8148910747393));
#2958=CARTESIAN_POINT('Ctrl Pts',(228.435513402383,-11.910661342321,8.26731466135166));
#2959=CARTESIAN_POINT('Ctrl Pts',(227.103114046248,-12.2145431504932,7.61059907684245));
#2960=CARTESIAN_POINT('Ctrl Pts',(224.865699289985,-12.2912421180533,7.03483696316376));
#2961=CARTESIAN_POINT('Ctrl Pts',(221.85272732806,-12.1013387088389,6.8039949336103));
#2962=CARTESIAN_POINT('Ctrl Pts',(219.347239298277,-11.7740536463298,6.90126854783102));
#2963=CARTESIAN_POINT('Ctrl Pts',(217.386703057666,-11.35954322566,7.23974901112987));
#2964=CARTESIAN_POINT('Ctrl Pts',(216.009758159551,-10.8917991822502,7.6945226683115));
#2965=CARTESIAN_POINT('Ctrl Pts',(215.357788403612,-10.6124221491379,7.9750611344385));
#2966=CARTESIAN_POINT('Ctrl Pts',(214.8617260596,-10.3299926625181,8.26345628379644));
#2967=CARTESIAN_POINT('Ctrl Pts',(214.523704932525,-10.0594783189235,8.5401384865035));
#2968=CARTESIAN_POINT('Ctrl Pts',(214.245560144023,-9.75753708377679,8.84814601111655));
#2969=CARTESIAN_POINT('Ctrl Pts',(214.060032413849,-9.30381846720757,9.30697126027989));
#2970=CARTESIAN_POINT('Ctrl Pts',(214.359684270214,-8.57254498479976,10.0299712971039));
#2971=CARTESIAN_POINT('Ctrl Pts',(215.245393532894,-8.00298262903955,10.5828878859382));
#2972=CARTESIAN_POINT('Ctrl Pts',(217.00954030873,-7.30306031566733,11.2839818468457));
#2973=CARTESIAN_POINT('Ctrl Pts',(219.975753968605,-6.77755110738957,11.9130946290799));
#2974=CARTESIAN_POINT('Ctrl Pts',(224.115554798029,-6.83965719100086,12.3213542675907));
#2975=CARTESIAN_POINT('Ctrl Pts',(227.103472819951,-7.61077597170999,12.21446127146));
#2976=CARTESIAN_POINT('Ctrl Pts',(228.435513083956,-8.26731450438615,11.9106614149345));
#2977=CARTESIAN_POINT('Ctrl Pts',(228.456860730901,-11.9359201067577,8.23422517489865));
#2978=CARTESIAN_POINT('Ctrl Pts',(227.115136569044,-12.2381237730718,7.57465297600772));
#2979=CARTESIAN_POINT('Ctrl Pts',(224.870758932795,-12.3108489528305,7.00118378903442));
#2980=CARTESIAN_POINT('Ctrl Pts',(221.851390452014,-12.117405937397,6.77500755915333));
#2981=CARTESIAN_POINT('Ctrl Pts',(219.342261048268,-11.7873127443042,6.87765747970602));
#2982=CARTESIAN_POINT('Ctrl Pts',(217.379663636939,-11.3705522917956,7.22137698636557));
#2983=CARTESIAN_POINT('Ctrl Pts',(216.001551044533,-10.9003779023043,7.68101443344423));
#2984=CARTESIAN_POINT('Ctrl Pts',(215.349067634718,-10.6195324509988,7.96423056507377));
#2985=CARTESIAN_POINT('Ctrl Pts',(214.85264478837,-10.3355686360958,8.25512170353097));
#2986=CARTESIAN_POINT('Ctrl Pts',(214.514388460915,-10.0635144689366,8.53401417733004));
#2987=CARTESIAN_POINT('Ctrl Pts',(214.236055851891,-9.75979254953171,8.84436222163248));
#2988=CARTESIAN_POINT('Ctrl Pts',(214.050406507393,-9.30323063980568,9.30641107378304));
#2989=CARTESIAN_POINT('Ctrl Pts',(214.350254533047,-8.56682094990723,10.0339333987176));
#2990=CARTESIAN_POINT('Ctrl Pts',(215.236566483705,-7.99247962446366,10.5898570068624));
#2991=CARTESIAN_POINT('Ctrl Pts',(217.00214812895,-7.28569722537344,11.2945953987106));
#2992=CARTESIAN_POINT('Ctrl Pts',(219.971228649436,-6.75205549682051,11.9271024783789));
#2993=CARTESIAN_POINT('Ctrl Pts',(224.118170942514,-6.80658615896378,12.3397150237107));
#2994=CARTESIAN_POINT('Ctrl Pts',(227.115497854783,-7.57483064108888,12.2380423456098));
#2995=CARTESIAN_POINT('Ctrl Pts',(228.456860410241,-8.23422501726645,11.9359201789818));
#2996=CARTESIAN_POINT('',(216.69143983767,-7.4582682573242,11.1300896262523));
#2997=CARTESIAN_POINT('Ctrl Pts',(228.446833978664,-8.22930362102037,11.9381725365491));
#2998=CARTESIAN_POINT('Ctrl Pts',(228.317634869929,-8.16598309123722,11.9671195763518));
#2999=CARTESIAN_POINT('Ctrl Pts',(228.186655382236,-8.1054291829108,11.9935560116168));
#3000=CARTESIAN_POINT('Ctrl Pts',(228.054212163256,-8.04746894017742,12.0177061087952));
#3001=CARTESIAN_POINT('Ctrl Pts',(227.909231317131,-7.98402193928298,12.0441423548325));
#3002=CARTESIAN_POINT('Ctrl Pts',(227.762496498233,-7.92368212113586,12.0678387536208));
#3003=CARTESIAN_POINT('Ctrl Pts',(227.61436672432,-7.86619058855236,12.0890923170552));
#3004=CARTESIAN_POINT('Ctrl Pts',(227.520728925846,-7.82984826249697,12.1025274073626));
#3005=CARTESIAN_POINT('Ctrl Pts',(227.426532582406,-7.79464352320314,12.1149864602171));
#3006=CARTESIAN_POINT('Ctrl Pts',(227.331858613437,-7.76050723201135,12.1265448878147));
#3007=CARTESIAN_POINT('Ctrl Pts',(227.130736402108,-7.68798923740538,12.1510992245897));
#3008=CARTESIAN_POINT('Ctrl Pts',(226.927750426298,-7.62028075911293,12.1716306778332));
#3009=CARTESIAN_POINT('Ctrl Pts',(226.723162876052,-7.55712431653645,12.1885337657916));
#3010=CARTESIAN_POINT('Ctrl Pts',(226.48799801943,-7.48452861975366,12.2079631604512));
#3011=CARTESIAN_POINT('Ctrl Pts',(226.250717131525,-7.41794744270757,12.2225979116645));
#3012=CARTESIAN_POINT('Ctrl Pts',(226.011767398658,-7.35703852296773,12.2330130953329));
#3013=CARTESIAN_POINT('Ctrl Pts',(225.749241779154,-7.2901200472858,12.2444558892293));
#3014=CARTESIAN_POINT('Ctrl Pts',(225.484702236639,-7.23004940085825,12.2508042429714));
#3015=CARTESIAN_POINT('Ctrl Pts',(225.218791655903,-7.17641756628557,12.2528093575846));
#3016=CARTESIAN_POINT('Ctrl Pts',(224.927914234067,-7.11775013858973,12.2550027361541));
#3017=CARTESIAN_POINT('Ctrl Pts',(224.635396308515,-7.06678903689908,12.2519977935949));
#3018=CARTESIAN_POINT('Ctrl Pts',(224.342130566666,-7.02302743621106,12.2447849507827));
#3019=CARTESIAN_POINT('Ctrl Pts',(224.265908422215,-7.01165344132164,12.2429102744456));
#3020=CARTESIAN_POINT('Ctrl Pts',(224.189636012505,-7.00076585297001,12.240751429483));
#3021=CARTESIAN_POINT('Ctrl Pts',(224.113329541844,-6.99035585001275,12.2383260017092));
#3022=CARTESIAN_POINT('Ctrl Pts',(223.801150206288,-6.94776722314816,12.2284032726889));
#3023=CARTESIAN_POINT('Ctrl Pts',(223.488396839933,-6.91317181729391,12.2140187492978));
#3024=CARTESIAN_POINT('Ctrl Pts',(223.175005033618,-6.88663659240938,12.195078422307));
#3025=CARTESIAN_POINT('Ctrl Pts',(222.859732937334,-6.85994216132943,12.1760244570329));
#3026=CARTESIAN_POINT('Ctrl Pts',(222.544748806949,-6.8413423014176,12.1524963261631));
#3027=CARTESIAN_POINT('Ctrl Pts',(222.230154506839,-6.83050139712987,12.1246308798144));
#3028=CARTESIAN_POINT('Ctrl Pts',(221.911909315961,-6.81953468332373,12.0964420528424));
#3029=CARTESIAN_POINT('Ctrl Pts',(221.594062502316,-6.81650763548701,12.0638142850378));
#3030=CARTESIAN_POINT('Ctrl Pts',(221.276690183154,-6.82110944089519,12.0268625916127));
#3031=CARTESIAN_POINT('Ctrl Pts',(220.959996676385,-6.82570140372304,11.9899899323881));
#3032=CARTESIAN_POINT('Ctrl Pts',(220.643775095361,-6.83788933681199,11.9488116750603));
#3033=CARTESIAN_POINT('Ctrl Pts',(220.328080372528,-6.85740581234102,11.9034196531949));
#3034=CARTESIAN_POINT('Ctrl Pts',(220.087850820804,-6.87225697654645,11.868878356569));
#3035=CARTESIAN_POINT('Ctrl Pts',(219.847925888078,-6.89135256501585,11.8318966460115));
#3036=CARTESIAN_POINT('Ctrl Pts',(219.608324431775,-6.91459233477542,11.7925065077849));
#3037=CARTESIAN_POINT('Ctrl Pts',(219.313968808646,-6.94314289959476,11.7441148625012));
#3038=CARTESIAN_POINT('Ctrl Pts',(219.02010099146,-6.97794661382202,11.6920891968864));
#3039=CARTESIAN_POINT('Ctrl Pts',(218.72811274982,-7.02000734587581,11.635233625305));
#3040=CARTESIAN_POINT('Ctrl Pts',(218.460026274312,-7.05862504277428,11.5830321746142));
#3041=CARTESIAN_POINT('Ctrl Pts',(218.193523783647,-7.10336026212888,11.5267594788642));
#3042=CARTESIAN_POINT('Ctrl Pts',(217.929686889516,-7.15502610198838,11.4654680646926));
#3043=CARTESIAN_POINT('Ctrl Pts',(217.712426126349,-7.19757117452061,11.4149966571121));
#3044=CARTESIAN_POINT('Ctrl Pts',(217.496972870214,-7.24481635924613,11.3611218581148));
#3045=CARTESIAN_POINT('Ctrl Pts',(217.283936569537,-7.29723717331904,11.3032996465911));
#3046=CARTESIAN_POINT('Ctrl Pts',(217.111712330092,-7.3396155605053,11.2565546253385));
#3047=CARTESIAN_POINT('Ctrl Pts',(216.940983708443,-7.38519797869546,11.2073382549245));
#3048=CARTESIAN_POINT('Ctrl Pts',(216.772144769087,-7.43441867532618,11.1552524762899));
#3049=CARTESIAN_POINT('Ctrl Pts',(216.745194389206,-7.44227537282312,11.1469384491705));
#3050=CARTESIAN_POINT('Ctrl Pts',(216.718292196504,-7.45022467984599,11.1385513549282));
#3051=CARTESIAN_POINT('Ctrl Pts',(216.691439837671,-7.4582682573242,11.1300896262523));
#3052=CARTESIAN_POINT('Ctrl Pts',(216.69143983767,-7.45826825732418,11.1300896262523));
#3053=CARTESIAN_POINT('Ctrl Pts',(216.576730479696,-7.49289705309329,11.0937622677671));
#3054=CARTESIAN_POINT('Ctrl Pts',(216.462938865472,-7.52930911354611,11.0560283336231));
#3055=CARTESIAN_POINT('Ctrl Pts',(216.350280887044,-7.56757385924592,11.0168129388526));
#3056=CARTESIAN_POINT('Ctrl Pts',(216.224682994352,-7.6102337000437,10.9730932572727));
#3057=CARTESIAN_POINT('Ctrl Pts',(216.10049450761,-7.65519728760031,10.9275314036592));
#3058=CARTESIAN_POINT('Ctrl Pts',(215.978115562257,-7.70286379267142,10.8796931648782));
#3059=CARTESIAN_POINT('Ctrl Pts',(215.865505962051,-7.7467251453226,10.8356737877861));
#3060=CARTESIAN_POINT('Ctrl Pts',(215.75442866415,-7.79287518989364,10.7897267285371));
#3061=CARTESIAN_POINT('Ctrl Pts',(215.645185650336,-7.84159185177472,10.7415389402913));
#3062=CARTESIAN_POINT('Ctrl Pts',(215.54982766855,-7.88411651668589,10.6994759279904));
#3063=CARTESIAN_POINT('Ctrl Pts',(215.455867276986,-7.92859654236193,10.6557057246189));
#3064=CARTESIAN_POINT('Ctrl Pts',(215.363497236636,-7.97519237040578,10.6100402397406));
#3065=CARTESIAN_POINT('Ctrl Pts',(215.277428114131,-8.01860971673335,10.5674897742717));
#3066=CARTESIAN_POINT('Ctrl Pts',(215.192742313797,-8.06386416410644,10.5232933865301));
#3067=CARTESIAN_POINT('Ctrl Pts',(215.110635621566,-8.1111461174261,10.4771925742635));
#3068=CARTESIAN_POINT('Ctrl Pts',(215.104947584205,-8.11442163017271,10.473998886448));
#3069=CARTESIAN_POINT('Ctrl Pts',(215.099271908351,-8.11770686381503,10.4707960686743));
#3070=CARTESIAN_POINT('Ctrl Pts',(215.0936089841,-8.12100187735061,10.4675840394607));
#3071=CARTESIAN_POINT('Ctrl Pts',(215.0145674618,-8.16699276020092,10.4227514287044));
#3072=CARTESIAN_POINT('Ctrl Pts',(214.937375623255,-8.21515448159239,10.3758450374374));
#3073=CARTESIAN_POINT('Ctrl Pts',(214.86316043412,-8.26561826159183,10.3266594191157));
#3074=CARTESIAN_POINT('Ctrl Pts',(214.791045585162,-8.3146538823974,10.2788657871457));
#3075=CARTESIAN_POINT('Ctrl Pts',(214.721742978982,-8.36586339376632,10.228920420166));
#3076=CARTESIAN_POINT('Ctrl Pts',(214.656284115454,-8.41940682568798,10.1766088906598));
#3077=CARTESIAN_POINT('Ctrl Pts',(214.595899554303,-8.46879962698138,10.128352496));
#3078=CARTESIAN_POINT('Ctrl Pts',(214.538786856487,-8.52017899022218,10.0780826471488));
#3079=CARTESIAN_POINT('Ctrl Pts',(214.485735733641,-8.5736990018025,10.025606173033));
#3080=CARTESIAN_POINT('Ctrl Pts',(214.445696202587,-8.61409241952308,9.98600034940037));
#3081=CARTESIAN_POINT('Ctrl Pts',(214.407969947821,-8.65570576618398,9.94513714397594));
#3082=CARTESIAN_POINT('Ctrl Pts',(214.372883430912,-8.69861530666758,9.90292228562043));
#3083=CARTESIAN_POINT('Ctrl Pts',(214.353573641236,-8.72223048066813,9.87968942844605));
#3084=CARTESIAN_POINT('Ctrl Pts',(214.33519802403,-8.74621251715576,9.85608601360847));
#3085=CARTESIAN_POINT('Ctrl Pts',(214.317788374152,-8.77058851571503,9.83208274048626));
#3086=CARTESIAN_POINT('Ctrl Pts',(214.289035859661,-8.81084614621038,9.79244067627776));
#3087=CARTESIAN_POINT('Ctrl Pts',(214.262915826401,-8.85217722053716,9.75170915535555));
#3088=CARTESIAN_POINT('Ctrl Pts',(214.239852661437,-8.89437239823165,9.7100759622384));
#3089=CARTESIAN_POINT('Ctrl Pts',(214.217862411197,-8.93460462645721,9.6703795746707));
#3090=CARTESIAN_POINT('Ctrl Pts',(214.198650194113,-8.97562330382051,9.62986257092258));
#3091=CARTESIAN_POINT('Ctrl Pts',(214.182630842119,-9.01725389868395,9.58867965464546));
#3092=CARTESIAN_POINT('Ctrl Pts',(214.168133086555,-9.05493021595943,9.55140849325378));
#3093=CARTESIAN_POINT('Ctrl Pts',(214.156250303131,-9.0931081954467,9.51359142207826));
#3094=CARTESIAN_POINT('Ctrl Pts',(214.147336303294,-9.13165543374267,9.47534546265516));
#3095=CARTESIAN_POINT('Ctrl Pts',(214.146400743974,-9.13570111791495,9.4713313988848));
#3096=CARTESIAN_POINT('Ctrl Pts',(214.145497933839,-9.13975086315778,9.46731261669742));
#3097=CARTESIAN_POINT('Ctrl Pts',(214.144628316159,-9.14380451128452,9.46328925614999));
#3098=CARTESIAN_POINT('Ctrl Pts',(214.136400546844,-9.18215755129198,9.42522277795174));
#3099=CARTESIAN_POINT('Ctrl Pts',(214.130841416515,-9.22077052712337,9.38679399611493));
#3100=CARTESIAN_POINT('Ctrl Pts',(214.128368334016,-9.25943441296254,9.3482074116919));
#3101=CARTESIAN_POINT('Ctrl Pts',(214.127447776357,-9.27382630497284,9.33384429365527));
#3102=CARTESIAN_POINT('Ctrl Pts',(214.126954426563,-9.28822498788346,9.31945952216058));
#3103=CARTESIAN_POINT('Ctrl Pts',(214.126908314727,-9.30261882129644,9.30506436548889));
#3104=CARTESIAN_POINT('Ctrl Pts',(214.126782677026,-9.34183669477608,9.26584288661862));
#3105=CARTESIAN_POINT('Ctrl Pts',(214.129980592613,-9.38101979845354,9.22654306934788));
#3106=CARTESIAN_POINT('Ctrl Pts',(214.136231961149,-9.4199171075699,9.18743743309049));
#3107=CARTESIAN_POINT('Ctrl Pts',(214.143398157861,-9.46450666697437,9.14260905985438));
#3108=CARTESIAN_POINT('Ctrl Pts',(214.154577043623,-9.50872007087073,9.09803611936041));
#3109=CARTESIAN_POINT('Ctrl Pts',(214.169295983232,-9.55215989617027,9.05415111127467));
#3110=CARTESIAN_POINT('Ctrl Pts',(214.183873814877,-9.59518327127076,9.01068682127946));
#3111=CARTESIAN_POINT('Ctrl Pts',(214.202024302623,-9.63756177889175,8.96779235670513));
#3112=CARTESIAN_POINT('Ctrl Pts',(214.22327178397,-9.67908139674762,8.92569717415969));
#3113=CARTESIAN_POINT('Ctrl Pts',(214.246861102354,-9.72517718893839,8.87896238017428));
#3114=CARTESIAN_POINT('Ctrl Pts',(214.274268068602,-9.77021526201054,8.83321197261103));
#3115=CARTESIAN_POINT('Ctrl Pts',(214.304903279559,-9.81391102782421,8.78874801489516));
#3116=CARTESIAN_POINT('Ctrl Pts',(214.308798842781,-9.81946736685276,8.78309399284016));
#3117=CARTESIAN_POINT('Ctrl Pts',(214.31274667341,-9.82500199872396,8.77746076867536));
#3118=CARTESIAN_POINT('Ctrl Pts',(214.316745615042,-9.83051433267485,8.77184896356984));
#3119=CARTESIAN_POINT('Ctrl Pts',(214.346620853425,-9.87169580166464,8.72992436684032));
#3120=CARTESIAN_POINT('Ctrl Pts',(214.379346520671,-9.91163260470602,8.68919578235737));
#3121=CARTESIAN_POINT('Ctrl Pts',(214.414534381289,-9.95055616947023,8.64943880183308));
#3122=CARTESIAN_POINT('Ctrl Pts',(214.448327011397,-9.9879363796758,8.61125822155634));
#3123=CARTESIAN_POINT('Ctrl Pts',(214.484304789448,-10.0241920559562,8.57417982657285));
#3124=CARTESIAN_POINT('Ctrl Pts',(214.522070144588,-10.0594736677426,8.53807151355806));
#3125=CARTESIAN_POINT('Ctrl Pts',(214.592570692892,-10.125337551897,8.47066433953741));
#3126=CARTESIAN_POINT('Ctrl Pts',(214.669298224001,-10.1878069963201,8.40663812520373));
#3127=CARTESIAN_POINT('Ctrl Pts',(214.750288525425,-10.2471255811133,8.34584458693328));
#3128=CARTESIAN_POINT('Ctrl Pts',(214.75787650001,-10.2526831343748,8.34014884540353));
#3129=CARTESIAN_POINT('Ctrl Pts',(214.765501928659,-10.2582130252072,8.33448147968369));
#3130=CARTESIAN_POINT('Ctrl Pts',(214.773163216579,-10.2637154508081,8.32884236796457));
#3131=CARTESIAN_POINT('Ctrl Pts',(214.851049720283,-10.3196544386715,8.27151379600478));
#3132=CARTESIAN_POINT('Ctrl Pts',(214.93264059993,-10.3727552799326,8.21710535008677));
#3133=CARTESIAN_POINT('Ctrl Pts',(215.017139012847,-10.4234882627768,8.16518023039224));
#3134=CARTESIAN_POINT('Ctrl Pts',(215.126721714416,-10.4892818928209,8.09784056448554));
#3135=CARTESIAN_POINT('Ctrl Pts',(215.241158541775,-10.5509808725725,8.0348142640604));
#3136=CARTESIAN_POINT('Ctrl Pts',(215.35860918977,-10.6094833870319,7.97530373308943));
#3137=CARTESIAN_POINT('Ctrl Pts',(215.566659932113,-10.7131140759219,7.86988745521289));
#3138=CARTESIAN_POINT('Ctrl Pts',(215.784166983804,-10.8067137308914,7.77550532268564));
#3139=CARTESIAN_POINT('Ctrl Pts',(216.007718369447,-10.8926766695484,7.69003203696737));
#3140=CARTESIAN_POINT('Ctrl Pts',(216.149648274236,-10.9472534357085,7.63576614517186));
#3141=CARTESIAN_POINT('Ctrl Pts',(216.294014845728,-10.9987524762942,7.58509035032591));
#3142=CARTESIAN_POINT('Ctrl Pts',(216.440050521213,-11.0477936501365,7.537428639896));
#3143=CARTESIAN_POINT('Ctrl Pts',(216.524104917961,-11.076020494498,7.50999577936469));
#3144=CARTESIAN_POINT('Ctrl Pts',(216.608731555057,-11.1034338571671,7.48356343290197));
#3145=CARTESIAN_POINT('Ctrl Pts',(216.693784457751,-11.1301483722365,7.45802694193933));
#3146=CARTESIAN_POINT('Ctrl Pts',(217.033702660188,-11.2369142750315,7.35596907172334));
#3147=CARTESIAN_POINT('Ctrl Pts',(217.380430656629,-11.3325154406878,7.26822329926934));
#3148=CARTESIAN_POINT('Ctrl Pts',(217.732057130589,-11.4188756998692,7.19323620478272));
#3149=CARTESIAN_POINT('Ctrl Pts',(218.132255342125,-11.5171652879168,7.10789080753825));
#3150=CARTESIAN_POINT('Ctrl Pts',(218.53879803268,-11.6034851816993,7.03907238412185));
#3151=CARTESIAN_POINT('Ctrl Pts',(218.948847545137,-11.6807120808384,6.98443495265105));
#3152=CARTESIAN_POINT('Ctrl Pts',(219.165181935581,-11.7214555365519,6.95560927410839));
#3153=CARTESIAN_POINT('Ctrl Pts',(219.382492183538,-11.7596686177589,6.93072987589428));
#3154=CARTESIAN_POINT('Ctrl Pts',(219.600361165974,-11.7957764042936,6.90944742414726));
#3155=CARTESIAN_POINT('Ctrl Pts',(219.686242964056,-11.8100097366279,6.90105809215887));
#3156=CARTESIAN_POINT('Ctrl Pts',(219.772211587288,-11.8239159450017,6.89322764755822));
#3157=CARTESIAN_POINT('Ctrl Pts',(219.858256164415,-11.8374938322646,6.8859582796562));
#3158=CARTESIAN_POINT('Ctrl Pts',(220.244727277857,-11.8984792119818,6.85330775360422));
#3159=CARTESIAN_POINT('Ctrl Pts',(220.633274950604,-11.9529279596218,6.8319281745896));
#3160=CARTESIAN_POINT('Ctrl Pts',(221.022828957909,-12.0006538859544,6.82213507983693));
#3161=CARTESIAN_POINT('Ctrl Pts',(221.298992995364,-12.0344879224683,6.81519252364353));
#3162=CARTESIAN_POINT('Ctrl Pts',(221.575662281256,-12.0649437308002,6.81407229155079));
#3163=CARTESIAN_POINT('Ctrl Pts',(221.852449523199,-12.091962170176,6.81887390774197));
#3164=CARTESIAN_POINT('Ctrl Pts',(222.234635984252,-12.1292690982545,6.82550395574042));
#3165=CARTESIAN_POINT('Ctrl Pts',(222.617047871755,-12.160021731235,6.84342651415903));
#3166=CARTESIAN_POINT('Ctrl Pts',(222.999023084408,-12.1843332425614,6.87281006407403));
#3167=CARTESIAN_POINT('Ctrl Pts',(223.37112480067,-12.208016337144,6.9014340925216));
#3168=CARTESIAN_POINT('Ctrl Pts',(223.742812016343,-12.2255875073073,6.94093429149238));
#3169=CARTESIAN_POINT('Ctrl Pts',(224.113459543546,-12.2371650477468,6.99142270847461));
#3170=CARTESIAN_POINT('Ctrl Pts',(224.240641791247,-12.2411377104732,7.00874706620912));
#3171=CARTESIAN_POINT('Ctrl Pts',(224.367701498171,-12.2444047025628,7.02736485078604));
#3172=CARTESIAN_POINT('Ctrl Pts',(224.49454104169,-12.2468711991967,7.04733218978219));
#3173=CARTESIAN_POINT('Ctrl Pts',(224.843510687278,-12.2536571937871,7.10226770137017));
#3174=CARTESIAN_POINT('Ctrl Pts',(225.191942429319,-12.2547532869089,7.16700503313693));
#3175=CARTESIAN_POINT('Ctrl Pts',(225.537800730135,-12.2480627843362,7.24296569557495));
#3176=CARTESIAN_POINT('Ctrl Pts',(225.876407413592,-12.2415125616542,7.31733368940545));
#3177=CARTESIAN_POINT('Ctrl Pts',(226.212546894361,-12.2274973411526,7.4024606563055));
#3178=CARTESIAN_POINT('Ctrl Pts',(226.544265418739,-12.2040307089429,7.49967993243043));
#3179=CARTESIAN_POINT('Ctrl Pts',(226.830668657314,-12.1837697980519,7.58361831237577));
#3180=CARTESIAN_POINT('Ctrl Pts',(227.113776368034,-12.1564622650726,7.67657231635177));
#3181=CARTESIAN_POINT('Ctrl Pts',(227.392300814992,-12.1208331778932,7.77937995745021));
#3182=CARTESIAN_POINT('Ctrl Pts',(227.626690995198,-12.0908497841347,7.86589696443735));
#3183=CARTESIAN_POINT('Ctrl Pts',(227.857835375378,-12.0549728328184,7.95939279468091));
#3184=CARTESIAN_POINT('Ctrl Pts',(228.084942473163,-12.0124527646395,8.06034000606731));
#3185=CARTESIAN_POINT('Ctrl Pts',(228.206777303779,-11.9896422697016,8.11449457243899));
#3186=CARTESIAN_POINT('Ctrl Pts',(228.327449795808,-11.9649201351983,8.17079307766597));
#3187=CARTESIAN_POINT('Ctrl Pts',(228.446833980587,-11.9381725196456,8.22930360936723));
#3188=CARTESIAN_POINT('',(228.33566094925,-11.232994706859,7.98299470685902));
#3189=CARTESIAN_POINT('Ctrl Pts',(228.382355896676,-11.2230777401839,8.00183622421068));
#3190=CARTESIAN_POINT('Ctrl Pts',(228.366818102458,-11.2264232387139,7.99552042306806));
#3191=CARTESIAN_POINT('Ctrl Pts',(228.351255494582,-11.2297406156993,7.98923977300238));
#3192=CARTESIAN_POINT('Ctrl Pts',(228.3356687363,-11.2330300072311,7.98299386500936));
#3193=CARTESIAN_POINT('',(216.842043205329,-7.61998064669028,10.7921548340883));
#3194=CARTESIAN_POINT('Ctrl Pts',(228.3356687363,-11.2330300072311,7.98299386500935));
#3195=CARTESIAN_POINT('Ctrl Pts',(228.086191096532,-11.2856791611337,7.88302346987474));
#3196=CARTESIAN_POINT('Ctrl Pts',(227.831583533877,-11.330911024703,7.79150226382127));
#3197=CARTESIAN_POINT('Ctrl Pts',(227.572822709052,-11.3695537306828,7.70791914211372));
#3198=CARTESIAN_POINT('Ctrl Pts',(227.289618473699,-11.41184675555,7.6164404799647));
#3199=CARTESIAN_POINT('Ctrl Pts',(227.00143990046,-11.4462471032242,7.53447108560909));
#3200=CARTESIAN_POINT('Ctrl Pts',(226.709604939902,-11.4738835415493,7.46131160261576));
#3201=CARTESIAN_POINT('Ctrl Pts',(226.399306284047,-11.5032684707863,7.38352349528144));
#3202=CARTESIAN_POINT('Ctrl Pts',(226.084875182434,-11.5250072784729,7.31569572058407));
#3203=CARTESIAN_POINT('Ctrl Pts',(225.767920978924,-11.5404962050139,7.25694748157542));
#3204=CARTESIAN_POINT('Ctrl Pts',(225.422260106987,-11.5573879697996,7.19287839116542));
#3205=CARTESIAN_POINT('Ctrl Pts',(225.073600226232,-11.5668478072046,7.13960823189852));
#3206=CARTESIAN_POINT('Ctrl Pts',(224.724032881679,-11.5707160020642,7.09594224710445));
#3207=CARTESIAN_POINT('Ctrl Pts',(224.650736257031,-11.5715270779016,7.08678644537638));
#3208=CARTESIAN_POINT('Ctrl Pts',(224.577399691013,-11.5720923669902,7.07805271828806));
#3209=CARTESIAN_POINT('Ctrl Pts',(224.504042364567,-11.5724288812234,7.06972979280104));
#3210=CARTESIAN_POINT('Ctrl Pts',(224.379317607702,-11.5730010347894,7.05557885644524));
#3211=CARTESIAN_POINT('Ctrl Pts',(224.254401502844,-11.5729094117816,7.04259621337114));
#3212=CARTESIAN_POINT('Ctrl Pts',(224.129385701049,-11.572232515614,7.03073246343097));
#3213=CARTESIAN_POINT('Ctrl Pts',(223.755448979835,-11.570207840894,6.99524661532029));
#3214=CARTESIAN_POINT('Ctrl Pts',(223.380620171857,-11.5629455619501,6.96977457643402));
#3215=CARTESIAN_POINT('Ctrl Pts',(223.005484686864,-11.550278050322,6.95422716981956));
#3216=CARTESIAN_POINT('Ctrl Pts',(222.639881047402,-11.5379324084422,6.93907480842));
#3217=CARTESIAN_POINT('Ctrl Pts',(222.27398639836,-11.5204527306883,6.9333488472794));
#3218=CARTESIAN_POINT('Ctrl Pts',(221.908345528969,-11.4977048554668,6.93692407556776));
#3219=CARTESIAN_POINT('Ctrl Pts',(221.528185183563,-11.4740536697669,6.94064127496965));
#3220=CARTESIAN_POINT('Ctrl Pts',(221.148299579853,-11.4447073915659,6.95441317076205));
#3221=CARTESIAN_POINT('Ctrl Pts',(220.769701579363,-11.4097613555226,6.97799684970438));
#3222=CARTESIAN_POINT('Ctrl Pts',(220.495877347343,-11.3844863369824,6.99505394658876));
#3223=CARTESIAN_POINT('Ctrl Pts',(220.22272667947,-11.356282613858,7.01724261845643));
#3224=CARTESIAN_POINT('Ctrl Pts',(219.950629812186,-11.3251943901673,7.04445637142257));
#3225=CARTESIAN_POINT('Ctrl Pts',(219.866172069646,-11.3155447340771,7.05290340781994));
#3226=CARTESIAN_POINT('Ctrl Pts',(219.781788217152,-11.3056198633441,7.06183996589028));
#3227=CARTESIAN_POINT('Ctrl Pts',(219.697488811935,-11.2954191878372,7.07126250871625));
#3228=CARTESIAN_POINT('Ctrl Pts',(219.337520636425,-11.2518611278281,7.11149785250033));
#3229=CARTESIAN_POINT('Ctrl Pts',(218.979091678483,-11.2032725328663,7.16059080097504));
#3230=CARTESIAN_POINT('Ctrl Pts',(218.624159853844,-11.1477486015182,7.21985723286465));
#3231=CARTESIAN_POINT('Ctrl Pts',(218.308657781315,-11.098392882478,7.27253969409966));
#3232=CARTESIAN_POINT('Ctrl Pts',(217.995919177102,-11.043555792833,7.33326257036311));
#3233=CARTESIAN_POINT('Ctrl Pts',(217.687323468249,-10.9819284530785,7.40297221699087));
#3234=CARTESIAN_POINT('Ctrl Pts',(217.402373263232,-10.9250231799529,7.46734050704917));
#3235=CARTESIAN_POINT('Ctrl Pts',(217.120955574862,-10.8623276511115,7.53937229680749));
#3236=CARTESIAN_POINT('Ctrl Pts',(216.844157795387,-10.7928511049668,7.61981357392745));
#3237=CARTESIAN_POINT('Ctrl Pts',(216.7606554248,-10.7718919183928,7.644080521969));
#3238=CARTESIAN_POINT('Ctrl Pts',(216.677573510048,-10.7503159345253,7.66911274281025));
#3239=CARTESIAN_POINT('Ctrl Pts',(216.595056252417,-10.7280205821001,7.69499711580522));
#3240=CARTESIAN_POINT('Ctrl Pts',(216.451712999823,-10.6892906433443,7.7399616519879));
#3241=CARTESIAN_POINT('Ctrl Pts',(216.310006815276,-10.648427076123,7.78751699574532));
#3242=CARTESIAN_POINT('Ctrl Pts',(216.17068646511,-10.6048732177308,7.83811854422477));
#3243=CARTESIAN_POINT('Ctrl Pts',(215.951239252003,-10.5362703694545,7.91782239782188));
#3244=CARTESIAN_POINT('Ctrl Pts',(215.737710754237,-10.46099226554,8.00508334306087));
#3245=CARTESIAN_POINT('Ctrl Pts',(215.533425668642,-10.376868703496,8.10160080829997));
#3246=CARTESIAN_POINT('Ctrl Pts',(215.418103205521,-10.329379498138,8.15608658631514));
#3247=CARTESIAN_POINT('Ctrl Pts',(215.305726517663,-10.2790716115676,8.21352248539166));
#3248=CARTESIAN_POINT('Ctrl Pts',(215.198097971947,-10.2251170221271,8.27454710842926));
#3249=CARTESIAN_POINT('Ctrl Pts',(215.115102514943,-10.1835110914861,8.32160494465464));
#3250=CARTESIAN_POINT('Ctrl Pts',(215.034989236777,-10.1397678400318,8.37076179769552));
#3251=CARTESIAN_POINT('Ctrl Pts',(214.958515777647,-10.0934808767868,8.42234339590918));
#3252=CARTESIAN_POINT('Ctrl Pts',(214.879315371488,-10.045543378855,8.47576432880969));
#3253=CARTESIAN_POINT('Ctrl Pts',(214.804017268629,-9.99487790896314,8.53178579591326));
#3254=CARTESIAN_POINT('Ctrl Pts',(214.734437406174,-9.94124493974646,8.59046391601291));
#3255=CARTESIAN_POINT('Ctrl Pts',(214.726875418564,-9.93541607153067,8.59684109471859));
#3256=CARTESIAN_POINT('Ctrl Pts',(214.719381016993,-9.92955213333353,8.60324966900372));
#3257=CARTESIAN_POINT('Ctrl Pts',(214.711956568532,-9.9236528031866,8.60968972301793));
#3258=CARTESIAN_POINT('Ctrl Pts',(214.6748631825,-9.89417908111655,8.64186496281687));
#3259=CARTESIAN_POINT('Ctrl Pts',(214.639515364047,-9.86382216125327,8.67482578825278));
#3260=CARTESIAN_POINT('Ctrl Pts',(214.606298146746,-9.83244142244325,8.70867566453236));
#3261=CARTESIAN_POINT('Ctrl Pts',(214.571704633445,-9.7997604788349,8.74392804990608));
#3262=CARTESIAN_POINT('Ctrl Pts',(214.539535618212,-9.76615645001502,8.77998208021922));
#3263=CARTESIAN_POINT('Ctrl Pts',(214.510155546103,-9.73140389204232,8.81699452450376));
#3264=CARTESIAN_POINT('Ctrl Pts',(214.478800717691,-9.69431547074647,8.8564947284281));
#3265=CARTESIAN_POINT('Ctrl Pts',(214.450620766123,-9.65591962837226,8.89708618877392));
#3266=CARTESIAN_POINT('Ctrl Pts',(214.426191890077,-9.61644093591826,8.93846338674848));
#3267=CARTESIAN_POINT('Ctrl Pts',(214.404027521971,-9.58062183927828,8.97600500124521));
#3268=CARTESIAN_POINT('Ctrl Pts',(214.384950677725,-9.54391084773177,9.01419447258113));
#3269=CARTESIAN_POINT('Ctrl Pts',(214.369436542951,-9.50647808940789,9.05280267039644));
#3270=CARTESIAN_POINT('Ctrl Pts',(214.367851481685,-9.50265362763975,9.05674722546246));
#3271=CARTESIAN_POINT('Ctrl Pts',(214.366303654129,-9.4988216372076,9.0606961432929));
#3272=CARTESIAN_POINT('Ctrl Pts',(214.364793598565,-9.49498230373851,9.064649172914));
#3273=CARTESIAN_POINT('Ctrl Pts',(214.351114882449,-9.46020401222531,9.10045737181886));
#3274=CARTESIAN_POINT('Ctrl Pts',(214.340423967189,-9.42475669250281,9.13672101335023));
#3275=CARTESIAN_POINT('Ctrl Pts',(214.333185295221,-9.38890060499111,9.17313292644532));
#3276=CARTESIAN_POINT('Ctrl Pts',(214.325946623254,-9.35304451747942,9.2095448395404));
#3277=CARTESIAN_POINT('Ctrl Pts',(214.322161393924,-9.31678024419701,9.2461043407074));
#3278=CARTESIAN_POINT('Ctrl Pts',(214.322240003286,-9.28038147173667,9.28249653778976));
#3279=CARTESIAN_POINT('Ctrl Pts',(214.322315775828,-9.24529624212788,9.31757542930992));
#3280=CARTESIAN_POINT('Ctrl Pts',(214.325981172922,-9.21008663663859,9.35249835499717));
#3281=CARTESIAN_POINT('Ctrl Pts',(214.332847809159,-9.17501868786546,9.38703472887378));
#3282=CARTESIAN_POINT('Ctrl Pts',(214.334963093886,-9.16421591720879,9.39767374653391));
#3283=CARTESIAN_POINT('Ctrl Pts',(214.337381782055,-9.15342658361206,9.40827612281661));
#3284=CARTESIAN_POINT('Ctrl Pts',(214.340091573415,-9.14265840857504,9.41883525648898));
#3285=CARTESIAN_POINT('Ctrl Pts',(214.348713574576,-9.10839628085815,9.45243225739383));
#3286=CARTESIAN_POINT('Ctrl Pts',(214.360296825285,-9.07437165443592,9.48555246824346));
#3287=CARTESIAN_POINT('Ctrl Pts',(214.374478516045,-9.04069447088284,9.5181234504278));
#3288=CARTESIAN_POINT('Ctrl Pts',(214.389423571424,-9.00520452953849,9.55244764637572));
#3289=CARTESIAN_POINT('Ctrl Pts',(214.40725493604,-8.97009980889227,9.58616236954258));
#3290=CARTESIAN_POINT('Ctrl Pts',(214.427607349455,-8.93550789051136,9.61917960144866));
#3291=CARTESIAN_POINT('Ctrl Pts',(214.449402223634,-8.89846429802143,9.65453690283928));
#3292=CARTESIAN_POINT('Ctrl Pts',(214.474089038967,-8.86200775591675,9.6890951437914));
#3293=CARTESIAN_POINT('Ctrl Pts',(214.501274068532,-8.82630682341324,9.72273248048049));
#3294=CARTESIAN_POINT('Ctrl Pts',(214.504072227242,-8.82263212168106,9.72619477602096));
#3295=CARTESIAN_POINT('Ctrl Pts',(214.506896890798,-8.81896544350168,9.72964729699239));
#3296=CARTESIAN_POINT('Ctrl Pts',(214.509747653481,-8.81530698641805,9.73308989723671));
#3297=CARTESIAN_POINT('Ctrl Pts',(214.526629374016,-8.79364224019063,9.75347637682378));
#3298=CARTESIAN_POINT('Ctrl Pts',(214.54442591579,-8.77226562163052,9.77351510790225));
#3299=CARTESIAN_POINT('Ctrl Pts',(214.563110833844,-8.75115192133111,9.79323706605675));
#3300=CARTESIAN_POINT('Ctrl Pts',(214.611554499866,-8.6964112453033,9.84436942593018));
#3301=CARTESIAN_POINT('Ctrl Pts',(214.665632411052,-8.64387308432664,9.89293374329226));
#3302=CARTESIAN_POINT('Ctrl Pts',(214.724280989214,-8.59343621876898,9.9391479032289));
#3303=CARTESIAN_POINT('Ctrl Pts',(214.789693076793,-8.5371828402478,9.99069160252921));
#3304=CARTESIAN_POINT('Ctrl Pts',(214.860789105688,-8.48354313195472,10.0393118696595));
#3305=CARTESIAN_POINT('Ctrl Pts',(214.936044035714,-8.43234790195475,10.0853547652898));
#3306=CARTESIAN_POINT('Ctrl Pts',(215.020449070006,-8.37492794099997,10.1369959293072));
#3307=CARTESIAN_POINT('Ctrl Pts',(215.11008165647,-8.32058250579196,10.18539546655));
#3308=CARTESIAN_POINT('Ctrl Pts',(215.202779038941,-8.26904482244322,10.2310892368874));
#3309=CARTESIAN_POINT('Ctrl Pts',(215.225167617768,-8.25659727046849,10.2421253476366));
#3310=CARTESIAN_POINT('Ctrl Pts',(215.247735112364,-8.24431341166868,10.2530037877173));
#3311=CARTESIAN_POINT('Ctrl Pts',(215.270451442972,-8.23218933619383,10.263732377395));
#3312=CARTESIAN_POINT('Ctrl Pts',(215.350447229224,-8.18949428271279,10.3015132136341));
#3313=CARTESIAN_POINT('Ctrl Pts',(215.433028515005,-8.14846359176535,10.3375348899613));
#3314=CARTESIAN_POINT('Ctrl Pts',(215.517034853326,-8.10895222584984,10.3720474996363));
#3315=CARTESIAN_POINT('Ctrl Pts',(215.523393331339,-8.105961592566,10.3746597747834));
#3316=CARTESIAN_POINT('Ctrl Pts',(215.529759955778,-8.10297965487578,10.3772634186138));
#3317=CARTESIAN_POINT('Ctrl Pts',(215.536134215088,-8.10000634582322,10.3798585464439));
#3318=CARTESIAN_POINT('Ctrl Pts',(215.638497616161,-8.05225836252671,10.4215333666843));
#3319=CARTESIAN_POINT('Ctrl Pts',(215.742830687346,-8.00673764721071,10.4610078260119));
#3320=CARTESIAN_POINT('Ctrl Pts',(215.848846874792,-7.96322933305934,10.4985446883724));
#3321=CARTESIAN_POINT('Ctrl Pts',(215.964914662771,-7.91559591118395,10.5396404935206));
#3322=CARTESIAN_POINT('Ctrl Pts',(216.082999710075,-7.87037385802359,10.5784138482588));
#3323=CARTESIAN_POINT('Ctrl Pts',(216.202716223042,-7.82725736477962,10.6152709236964));
#3324=CARTESIAN_POINT('Ctrl Pts',(216.302967980872,-7.79115119920509,10.6461353926784));
#3325=CARTESIAN_POINT('Ctrl Pts',(216.404363543434,-7.75652082051177,10.6756574772631));
#3326=CARTESIAN_POINT('Ctrl Pts',(216.506673245785,-7.72318188281277,10.7041029062706));
#3327=CARTESIAN_POINT('Ctrl Pts',(216.617353591085,-7.6871152630134,10.7348756466113));
#3328=CARTESIAN_POINT('Ctrl Pts',(216.72910367645,-7.65255963689714,10.7643884551273));
#3329=CARTESIAN_POINT('Ctrl Pts',(216.84170805135,-7.61949106592126,10.7927801833996));
#3330=CARTESIAN_POINT('Ctrl Pts',(216.841736461766,-7.61948272349449,10.7927873936731));
#3331=CARTESIAN_POINT('Ctrl Pts',(217.752130059118,-7.35215618492258,11.0238350167787));
#3332=CARTESIAN_POINT('Ctrl Pts',(220.18390700479,-6.9233653405119,11.4066034173052));
#3333=CARTESIAN_POINT('Ctrl Pts',(224.122514517444,-6.87071180940062,11.65766928309));
#3334=CARTESIAN_POINT('Ctrl Pts',(227.062815357572,-7.46511468957308,11.5072054939742));
#3335=CARTESIAN_POINT('Ctrl Pts',(228.382357229181,-8.00183336678692,11.2230775793414));
#3336=CARTESIAN_POINT('Ctrl Pts',(239.45,-9.9675144212722,6.7175144212722));
#3337=CARTESIAN_POINT('Ctrl Pts',(238.323947720426,-9.9675144212722,6.7175144212722));
#3338=CARTESIAN_POINT('Ctrl Pts',(236.188321528287,-10.0321201979556,6.78212019795561));
#3339=CARTESIAN_POINT('Ctrl Pts',(232.288880361635,-10.403856864247,7.15385686424705));
#3340=CARTESIAN_POINT('Ctrl Pts',(227.48363715128,-11.3472479214383,8.09724792143825));
#3341=CARTESIAN_POINT('Ctrl Pts',(221.710874019712,-12.9356332269188,9.6856332269188));
#3342=CARTESIAN_POINT('Ctrl Pts',(217.856950884506,-14.0969540153143,10.8469540153143));
#3343=CARTESIAN_POINT('Ctrl Pts',(216.532139403168,-14.5054444075663,11.2554444075663));
#3344=CARTESIAN_POINT('Ctrl Pts',(239.45,-9.9675144212722,7.20371328432777));
#3345=CARTESIAN_POINT('Ctrl Pts',(238.333265493162,-9.9675144212722,7.20371328432777));
#3346=CARTESIAN_POINT('Ctrl Pts',(236.2174357996,-10.0316762137762,7.26787507683173));
#3347=CARTESIAN_POINT('Ctrl Pts',(232.363037377746,-10.3991215042351,7.6353203672907));
#3348=CARTESIAN_POINT('Ctrl Pts',(227.599985895395,-11.3334121438958,8.56961100695134));
#3349=CARTESIAN_POINT('Ctrl Pts',(221.840982105263,-12.9175471129496,10.1537459760052));
#3350=CARTESIAN_POINT('Ctrl Pts',(217.992670406045,-14.0772133866308,11.3134122496863));
#3351=CARTESIAN_POINT('Ctrl Pts',(216.66955679928,-14.4851802587745,11.72137912183));
#3352=CARTESIAN_POINT('Ctrl Pts',(239.45,-9.74342308140118,8.17252067175861));
#3353=CARTESIAN_POINT('Ctrl Pts',(238.347083530157,-9.74342308140118,8.17252067175861));
#3354=CARTESIAN_POINT('Ctrl Pts',(236.261786861927,-9.8067831661335,8.23588075649093));
#3355=CARTESIAN_POINT('Ctrl Pts',(232.474885547317,-10.1677687547148,8.59686634507219));
#3356=CARTESIAN_POINT('Ctrl Pts',(227.776841004898,-11.0882117000474,9.5173092904048));
#3357=CARTESIAN_POINT('Ctrl Pts',(222.039353245477,-12.6658539709685,11.094951561326));
#3358=CARTESIAN_POINT('Ctrl Pts',(218.200636207325,-13.8228595992444,12.2519571896018));
#3359=CARTESIAN_POINT('Ctrl Pts',(216.880040508467,-14.2300501034267,12.6591476937841));
#3360=CARTESIAN_POINT('Ctrl Pts',(239.45,-8.50763836130205,9.74484515616624));
#3361=CARTESIAN_POINT('Ctrl Pts',(238.353642638769,-8.50763836130205,9.74484515616624));
#3362=CARTESIAN_POINT('Ctrl Pts',(236.281998063304,-8.57072045694938,9.80792725181357));
#3363=CARTESIAN_POINT('Ctrl Pts',(232.526635207818,-8.92870826630044,10.1659150611646));
#3364=CARTESIAN_POINT('Ctrl Pts',(227.857703205633,-9.84282997148703,11.0800367663512));
#3365=CARTESIAN_POINT('Ctrl Pts',(222.129633209626,-11.417525981037,12.6547327759012));
#3366=CARTESIAN_POINT('Ctrl Pts',(218.294559331641,-12.5734168550539,13.8106236499181));
#3367=CARTESIAN_POINT('Ctrl Pts',(216.975158826533,-12.9802388349818,14.217445629846));
#3368=CARTESIAN_POINT('Ctrl Pts',(239.45,-5.89188615663395,10.3440040348037));
#3369=CARTESIAN_POINT('Ctrl Pts',(238.315448701812,-5.89188615663395,10.3440040348037));
#3370=CARTESIAN_POINT('Ctrl Pts',(236.161484681709,-5.95693114560802,10.4090490237777));
#3371=CARTESIAN_POINT('Ctrl Pts',(232.220791460989,-6.33260497100965,10.7847228491794));
#3372=CARTESIAN_POINT('Ctrl Pts',(227.376481417048,-7.28438090354132,11.736498781711));
#3373=CARTESIAN_POINT('Ctrl Pts',(221.590902430331,-8.87668836323427,13.328806241404));
#3374=CARTESIAN_POINT('Ctrl Pts',(217.731556727715,-10.0395677587634,14.4916856369331));
#3375=CARTESIAN_POINT('Ctrl Pts',(216.405196564305,-10.4485356693312,14.900653547501));
#3376=CARTESIAN_POINT('Ctrl Pts',(239.45,-3.36414726046837,8.3322171137765));
#3377=CARTESIAN_POINT('Ctrl Pts',(238.229813696113,-3.36414726046837,8.3322171137765));
#3378=CARTESIAN_POINT('Ctrl Pts',(235.890382553017,-3.4337027405414,8.40177259384953));
#3379=CARTESIAN_POINT('Ctrl Pts',(231.533623670101,-3.84910366438863,8.81717351769676));
#3380=CARTESIAN_POINT('Ctrl Pts',(226.294234529574,-4.88557342267717,9.8536432759853));
#3381=CARTESIAN_POINT('Ctrl Pts',(220.378865104342,-6.51751249919284,11.485582352501));
#3382=CARTESIAN_POINT('Ctrl Pts',(216.464126747884,-7.69621909912146,12.6642889524296));
#3383=CARTESIAN_POINT('Ctrl Pts',(215.122162265414,-8.10999842210759,13.0780682754157));
#3384=CARTESIAN_POINT('Ctrl Pts',(239.45,-3.36725241128433,5.10320280203566));
#3385=CARTESIAN_POINT('Ctrl Pts',(238.168873540493,-3.36725241128433,5.10320280203566));
#3386=CARTESIAN_POINT('Ctrl Pts',(235.697684161876,-3.43999023087281,5.17594062162415));
#3387=CARTESIAN_POINT('Ctrl Pts',(231.044975888022,-3.88364368885504,5.61959407960638));
#3388=CARTESIAN_POINT('Ctrl Pts',(225.524904826985,-4.98031641231066,6.71626680306199));
#3389=CARTESIAN_POINT('Ctrl Pts',(219.517385915715,-6.64042209796579,8.37637248871713));
#3390=CARTESIAN_POINT('Ctrl Pts',(215.563472510824,-7.830352101791,9.56630249254234));
#3391=CARTESIAN_POINT('Ctrl Pts',(214.210403578439,-8.24755535426871,9.98350574502004));
#3392=CARTESIAN_POINT('Ctrl Pts',(239.45,-5.88786116014673,3.08894441785026));
#3393=CARTESIAN_POINT('Ctrl Pts',(238.17851180787,-5.88786116014673,3.08894441785026));
#3394=CARTESIAN_POINT('Ctrl Pts',(235.727969891653,-5.96011899284396,3.16120225054749));
#3395=CARTESIAN_POINT('Ctrl Pts',(231.121954900813,-6.39931962358084,3.60040288128436));
#3396=CARTESIAN_POINT('Ctrl Pts',(225.645879473572,-7.48652798450225,4.68761124220577));
#3397=CARTESIAN_POINT('Ctrl Pts',(219.652753948741,-9.14220971455631,6.34329297225984));
#3398=CARTESIAN_POINT('Ctrl Pts',(215.704829175892,-10.3303983400994,7.5314815978029));
#3399=CARTESIAN_POINT('Ctrl Pts',(214.35351651827,-10.7470600654414,7.94814332314497));
#3400=CARTESIAN_POINT('Ctrl Pts',(239.45,-9.03683093056624,3.81091375647362));
#3401=CARTESIAN_POINT('Ctrl Pts',(238.25147626523,-9.03683093056624,3.81091375647362));
#3402=CARTESIAN_POINT('Ctrl Pts',(235.959112601403,-9.10522701121607,3.87930983712344));
#3403=CARTESIAN_POINT('Ctrl Pts',(231.707693228577,-9.51056611817433,4.28464894408171));
#3404=CARTESIAN_POINT('Ctrl Pts',(226.568558004027,-10.5255661733647,5.29964899927202));
#3405=CARTESIAN_POINT('Ctrl Pts',(220.686163638109,-12.1474555290465,6.92153835495392));
#3406=CARTESIAN_POINT('Ctrl Pts',(216.785601167022,-13.322131819475,8.09621464538242));
#3407=CARTESIAN_POINT('Ctrl Pts',(215.447584014705,-13.734694028581,8.50877685448843));
#3408=CARTESIAN_POINT('Ctrl Pts',(239.45,-9.9675144212722,5.74511669516108));
#3409=CARTESIAN_POINT('Ctrl Pts',(238.305763799988,-9.9675144212722,5.74511669516108));
#3410=CARTESIAN_POINT('Ctrl Pts',(236.130335241521,-10.0331291567266,5.81073143061545));
#3411=CARTESIAN_POINT('Ctrl Pts',(232.142295799232,-10.4133357472034,6.1909380210923));
#3412=CARTESIAN_POINT('Ctrl Pts',(227.252289793777,-11.3748366239946,7.15243889788352));
#3413=CARTESIAN_POINT('Ctrl Pts',(221.451569678611,-12.971705109979,8.74930738386793));
#3414=CARTESIAN_POINT('Ctrl Pts',(217.585429546796,-14.1364606472848,9.91406292117364));
#3415=CARTESIAN_POINT('Ctrl Pts',(216.257304610944,-14.5459727051499,10.3235749790388));
#3416=CARTESIAN_POINT('Ctrl Pts',(239.45,-9.9675144212722,6.7175144212722));
#3417=CARTESIAN_POINT('Ctrl Pts',(238.323947720426,-9.9675144212722,6.7175144212722));
#3418=CARTESIAN_POINT('Ctrl Pts',(236.188321528287,-10.0321201979556,6.78212019795561));
#3419=CARTESIAN_POINT('Ctrl Pts',(232.288880361635,-10.403856864247,7.15385686424705));
#3420=CARTESIAN_POINT('Ctrl Pts',(227.48363715128,-11.3472479214383,8.09724792143825));
#3421=CARTESIAN_POINT('Ctrl Pts',(221.710874019712,-12.9356332269188,9.6856332269188));
#3422=CARTESIAN_POINT('Ctrl Pts',(217.856950884506,-14.0969540153143,10.8469540153143));
#3423=CARTESIAN_POINT('Ctrl Pts',(216.532139403168,-14.5054444075663,11.2554444075663));
#3424=CARTESIAN_POINT('',(239.45,-9.9675144212722,6.7175144212722));
#3425=CARTESIAN_POINT('Ctrl Pts',(239.45,-9.9675144212722,6.7175144212722));
#3426=CARTESIAN_POINT('Ctrl Pts',(239.226208760064,-9.9675144212722,6.7175144212722));
#3427=CARTESIAN_POINT('Ctrl Pts',(239.004691225977,-9.96877371116777,6.71877371116777));
#3428=CARTESIAN_POINT('Ctrl Pts',(238.785420742987,-9.97128441309298,6.72128441309298));
#3429=CARTESIAN_POINT('Ctrl Pts',(238.561164419609,-9.97385220413885,6.72385220413885));
#3430=CARTESIAN_POINT('Ctrl Pts',(238.339258367651,-9.97772890370379,6.72772890370379));
#3431=CARTESIAN_POINT('Ctrl Pts',(238.119619818775,-9.98290523000075,6.73290523000075));
#3432=CARTESIAN_POINT('Ctrl Pts',(237.890231804005,-9.98831132660421,6.73831132660421));
#3433=CARTESIAN_POINT('Ctrl Pts',(237.663317040521,-9.99513490665099,6.74513490665099));
#3434=CARTESIAN_POINT('Ctrl Pts',(237.438723604088,-10.0033655781254,6.75336557812538));
#3435=CARTESIAN_POINT('Ctrl Pts',(237.20756700914,-10.0118367695474,6.76183676954737));
#3436=CARTESIAN_POINT('Ctrl Pts',(236.978869120752,-10.0217983893213,6.77179838932133));
#3437=CARTESIAN_POINT('Ctrl Pts',(236.752407079824,-10.0332407259962,6.78324072599617));
#3438=CARTESIAN_POINT('Ctrl Pts',(236.516979306058,-10.0451360698648,6.79513606986477));
#3439=CARTESIAN_POINT('Ctrl Pts',(236.283967770381,-10.0586315866381,6.8086315866381));
#3440=CARTESIAN_POINT('Ctrl Pts',(236.05306355755,-10.0737198282269,6.82371982822693));
#3441=CARTESIAN_POINT('Ctrl Pts',(235.807767864913,-10.08974846896,6.83974846895996));
#3442=CARTESIAN_POINT('Ctrl Pts',(235.564849970476,-10.1075744307723,6.85757443077235));
#3443=CARTESIAN_POINT('Ctrl Pts',(235.323879048029,-10.1271945210418,6.87719452104183));
#3444=CARTESIAN_POINT('Ctrl Pts',(235.059607290538,-10.1487117882914,6.89871178829136));
#3445=CARTESIAN_POINT('Ctrl Pts',(234.797676494939,-10.1723867478246,6.92238674782462));
#3446=CARTESIAN_POINT('Ctrl Pts',(234.537456152334,-10.1982245375919,6.94822453759191));
#3447=CARTESIAN_POINT('Ctrl Pts',(234.231921139832,-10.228561710084,6.97856171008403));
#3448=CARTESIAN_POINT('Ctrl Pts',(233.928743113438,-10.2618802174136,7.01188021741357));
#3449=CARTESIAN_POINT('Ctrl Pts',(233.626833714362,-10.2982057374822,7.04820573748215));
#3450=CARTESIAN_POINT('Ctrl Pts',(233.264350340596,-10.3418194742806,7.09181947428056));
#3451=CARTESIAN_POINT('Ctrl Pts',(232.903689180704,-10.3897679875491,7.1397679875491));
#3452=CARTESIAN_POINT('Ctrl Pts',(232.542935702401,-10.4421229774795,7.19212297747954));
#3453=CARTESIAN_POINT('Ctrl Pts',(232.264211596563,-10.4825733088893,7.23257330888927));
#3454=CARTESIAN_POINT('Ctrl Pts',(231.985430948162,-10.52565488962,7.27565488962003));
#3455=CARTESIAN_POINT('Ctrl Pts',(231.705745029016,-10.571405776923,7.32140577692301));
#3456=CARTESIAN_POINT('Ctrl Pts',(231.460126867634,-10.6115838768978,7.36158387689782));
#3457=CARTESIAN_POINT('Ctrl Pts',(231.213809799315,-10.6538209917732,7.4038209917732));
#3458=CARTESIAN_POINT('Ctrl Pts',(230.966260934911,-10.6981401025259,7.44814010252594));
#3459=CARTESIAN_POINT('Ctrl Pts',(230.740480988529,-10.7385618854074,7.48856188540737));
#3460=CARTESIAN_POINT('Ctrl Pts',(230.51367617516,-10.780715754805,7.53071575480499));
#3461=CARTESIAN_POINT('Ctrl Pts',(230.285485102496,-10.8246132244309,7.57461322443095));
#3462=CARTESIAN_POINT('Ctrl Pts',(230.06146678313,-10.8677079750503,7.61770797505031));
#3463=CARTESIAN_POINT('Ctrl Pts',(229.836112106756,-10.9124832764274,7.66248327642737));
#3464=CARTESIAN_POINT('Ctrl Pts',(229.609127193798,-10.9589417682372,7.70894176823719));
#3465=CARTESIAN_POINT('Ctrl Pts',(229.382836600916,-11.0052581490002,7.7552581490002));
#3466=CARTESIAN_POINT('Ctrl Pts',(229.154925727317,-11.0532474846044,7.80324748460435));
#3467=CARTESIAN_POINT('Ctrl Pts',(228.92515342398,-11.1029028875519,7.85290288755187));
#3468=CARTESIAN_POINT('Ctrl Pts',(228.730037111321,-11.1450688883535,7.89506888835351));
#3469=CARTESIAN_POINT('Ctrl Pts',(228.533579371191,-11.1884361261324,7.93843612613243));
#3470=CARTESIAN_POINT('Ctrl Pts',(228.33566094925,-11.232994706859,7.982994706859));
#3471=CARTESIAN_POINT('Origin',(239.45,-6.7175144212722,6.7175144212722));
#3472=CARTESIAN_POINT('Ctrl Pts',(228.407551253346,-8.01211746170279,-11.2176234096462));
#3473=CARTESIAN_POINT('Ctrl Pts',(227.081124589138,-7.4687482614701,-11.5063246572571));
#3474=CARTESIAN_POINT('Ctrl Pts',(224.871021938773,-7.02177955908966,-11.6175439637465));
#3475=CARTESIAN_POINT('Ctrl Pts',(221.907970857483,-6.89925744398247,-11.5187133208913));
#3476=CARTESIAN_POINT('Ctrl Pts',(219.934896703978,-7.01876148479516,-11.3398070271131));
#3477=CARTESIAN_POINT('Ctrl Pts',(218.242955802821,-7.26846257132121,-11.0976974910707));
#3478=CARTESIAN_POINT('Ctrl Pts',(217.065002248106,-7.54082360498357,-10.8598164740789));
#3479=CARTESIAN_POINT('Ctrl Pts',(216.164778578281,-7.83043094166242,-10.611545335236));
#3480=CARTESIAN_POINT('Ctrl Pts',(215.630241013298,-8.04812692863763,-10.4238803085154));
#3481=CARTESIAN_POINT('Ctrl Pts',(215.231431292068,-8.25062228250589,-10.2465453317092));
#3482=CARTESIAN_POINT('Ctrl Pts',(214.953194088724,-8.4187885563762,-10.0971275877944));
#3483=CARTESIAN_POINT('Ctrl Pts',(214.745749282711,-8.57458245546834,-9.95612764579608));
#3484=CARTESIAN_POINT('Ctrl Pts',(214.619664341965,-8.69263893227819,-9.84736352290767));
#3485=CARTESIAN_POINT('Ctrl Pts',(214.554297175936,-8.7627789620457,-9.78211086995674));
#3486=CARTESIAN_POINT('Ctrl Pts',(214.403366388909,-8.94177308215417,-9.6145012141554));
#3487=CARTESIAN_POINT('Ctrl Pts',(214.249511849152,-9.28551683606415,-9.28300686883814));
#3488=CARTESIAN_POINT('Ctrl Pts',(214.540600332809,-9.9058309241916,-8.6395030460092));
#3489=CARTESIAN_POINT('Ctrl Pts',(215.200683179872,-10.2470742684547,-8.25053945052384));
#3490=CARTESIAN_POINT('Ctrl Pts',(215.768379580859,-10.4694958393704,-7.99479738782756));
#3491=CARTESIAN_POINT('Ctrl Pts',(215.969756509007,-10.5394075670443,-7.91371386437165));
#3492=CARTESIAN_POINT('Ctrl Pts',(216.132730386516,-10.592428269001,-7.85214781792626));
#3493=CARTESIAN_POINT('Ctrl Pts',(216.297571691616,-10.643526682772,-7.79271009486071));
#3494=CARTESIAN_POINT('Ctrl Pts',(216.589764944254,-10.7282725400487,-7.69404411075895));
#3495=CARTESIAN_POINT('Ctrl Pts',(217.016205871454,-10.837376916858,-7.56714965523534));
#3496=CARTESIAN_POINT('Ctrl Pts',(218.06352406673,-11.0682901667193,-7.30149178638737));
#3497=CARTESIAN_POINT('Ctrl Pts',(220.416693268014,-11.4253362641703,-6.91676298955323));
#3498=CARTESIAN_POINT('Ctrl Pts',(223.398623925215,-11.6143979932133,-6.87918624052494));
#3499=CARTESIAN_POINT('Ctrl Pts',(226.333690732634,-11.5352719831254,-7.32357339337922));
#3500=CARTESIAN_POINT('Ctrl Pts',(227.744516679343,-11.3619351261606,-7.74050608962628));
#3501=CARTESIAN_POINT('Ctrl Pts',(228.407551253541,-11.2176234096039,-8.01211746178259));
#3502=CARTESIAN_POINT('Ctrl Pts',(228.368972339726,-8.09683531953755,-11.2270607091395));
#3503=CARTESIAN_POINT('Ctrl Pts',(227.060763957872,-7.55309797696433,-11.5319463640525));
#3504=CARTESIAN_POINT('Ctrl Pts',(224.861227242175,-7.08763267535901,-11.6619037463092));
#3505=CARTESIAN_POINT('Ctrl Pts',(221.903015657604,-6.94015901768957,-11.5711762335006));
#3506=CARTESIAN_POINT('Ctrl Pts',(219.929277488961,-7.04315675347101,-11.3916003620627));
#3507=CARTESIAN_POINT('Ctrl Pts',(218.235148306736,-7.28049465694069,-11.1443926887591));
#3508=CARTESIAN_POINT('Ctrl Pts',(217.054828050289,-7.54560710609346,-10.9002967529309));
#3509=CARTESIAN_POINT('Ctrl Pts',(216.152440718265,-7.83103516720257,-10.6453451279201));
#3510=CARTESIAN_POINT('Ctrl Pts',(215.616480829013,-8.04700768161553,-10.4527436283853));
#3511=CARTESIAN_POINT('Ctrl Pts',(215.216548286153,-8.24888042050344,-10.2709659890694));
#3512=CARTESIAN_POINT('Ctrl Pts',(214.937499773973,-8.4170458336644,-10.1179722652724));
#3513=CARTESIAN_POINT('Ctrl Pts',(214.729431857849,-8.57331880681718,-9.9737982027534));
#3514=CARTESIAN_POINT('Ctrl Pts',(214.602961428306,-8.69202267598606,-9.86273833324321));
#3515=CARTESIAN_POINT('Ctrl Pts',(214.537392880337,-8.76263253819035,-9.79615892913336));
#3516=CARTESIAN_POINT('Ctrl Pts',(214.385994859013,-8.94296290373672,-9.62523098179619));
#3517=CARTESIAN_POINT('Ctrl Pts',(214.231649493266,-9.29047593274895,-9.28792502128582));
#3518=CARTESIAN_POINT('Ctrl Pts',(214.523666086937,-9.92167745160259,-8.63739777040989));
#3519=CARTESIAN_POINT('Ctrl Pts',(215.185746141693,-10.2714855312277,-8.24846958037143));
#3520=CARTESIAN_POINT('Ctrl Pts',(215.754983513869,-10.4995928854949,-7.9941626652577));
#3521=CARTESIAN_POINT('Ctrl Pts',(215.95689166006,-10.5713441810462,-7.91374146532182));
#3522=CARTESIAN_POINT('Ctrl Pts',(216.120283742713,-10.6257652560949,-7.85278149826396));
#3523=CARTESIAN_POINT('Ctrl Pts',(216.285540616913,-10.6782220653441,-7.79400316789896));
#3524=CARTESIAN_POINT('Ctrl Pts',(216.578450255001,-10.7652318703627,-7.69661873419219));
#3525=CARTESIAN_POINT('Ctrl Pts',(217.005872203503,-10.8772587134186,-7.57187509673059));
#3526=CARTESIAN_POINT('Ctrl Pts',(218.055387283871,-11.1142507112503,-7.31226361541082));
#3527=CARTESIAN_POINT('Ctrl Pts',(220.41206325569,-11.47959523941,-6.94428236713829));
#3528=CARTESIAN_POINT('Ctrl Pts',(223.393244195416,-11.6654004299949,-6.93331318723625));
#3529=CARTESIAN_POINT('Ctrl Pts',(226.316245213158,-11.5676706184882,-7.40082561116983));
#3530=CARTESIAN_POINT('Ctrl Pts',(227.715044451683,-11.3794624481865,-7.82503992590487));
#3531=CARTESIAN_POINT('Ctrl Pts',(228.368972339918,-11.2270607090947,-8.09683531961742));
#3532=CARTESIAN_POINT('Ctrl Pts',(228.306799609262,-8.26530525761723,-11.3128784176844));
#3533=CARTESIAN_POINT('Ctrl Pts',(227.030220349767,-7.70348409743326,-11.6407572778572));
#3534=CARTESIAN_POINT('Ctrl Pts',(224.844982133797,-7.19191388628988,-11.7898998181319));
#3535=CARTESIAN_POINT('Ctrl Pts',(221.891236874479,-6.99493240772737,-11.6960643459331));
#3536=CARTESIAN_POINT('Ctrl Pts',(219.914396301725,-7.06938711155127,-11.5050165955942));
#3537=CARTESIAN_POINT('Ctrl Pts',(218.215533363797,-7.28745832083136,-11.2412784401539));
#3538=CARTESIAN_POINT('Ctrl Pts',(217.03083021612,-7.54249840605867,-10.981714166072));
#3539=CARTESIAN_POINT('Ctrl Pts',(216.12469760876,-7.82309132172303,-10.7119199738105));
#3540=CARTESIAN_POINT('Ctrl Pts',(215.586355120446,-8.03772702157947,-10.5089149819001));
#3541=CARTESIAN_POINT('Ctrl Pts',(215.18458092411,-8.23991743910057,-10.3180445202683));
#3542=CARTESIAN_POINT('Ctrl Pts',(214.904217428886,-8.40916166309368,-10.1578428021022));
#3543=CARTESIAN_POINT('Ctrl Pts',(214.695150341609,-8.56718965892721,-10.0073407422228));
#3544=CARTESIAN_POINT('Ctrl Pts',(214.568065664705,-8.68767324087686,-9.89172054957101));
#3545=CARTESIAN_POINT('Ctrl Pts',(214.502177138635,-8.75947573895733,-9.82250673445475));
#3546=CARTESIAN_POINT('Ctrl Pts',(214.350037971799,-8.94306927778255,-9.64498625052198));
#3547=CARTESIAN_POINT('Ctrl Pts',(214.19492216682,-9.29875101635748,-9.29611584340222));
#3548=CARTESIAN_POINT('Ctrl Pts',(214.488395063295,-9.95162844725819,-8.63033625329589));
#3549=CARTESIAN_POINT('Ctrl Pts',(215.153669974631,-10.3184129163411,-8.238986366927));
#3550=CARTESIAN_POINT('Ctrl Pts',(215.725467828575,-10.5583695837734,-7.98530671329728));
#3551=CARTESIAN_POINT('Ctrl Pts',(215.928267206808,-10.6340097748147,-7.90541702474319));
#3552=CARTESIAN_POINT('Ctrl Pts',(216.092367720233,-10.6914349611067,-7.84502654249932));
#3553=CARTESIAN_POINT('Ctrl Pts',(216.258332727465,-10.7468332238805,-7.7869183188113));
#3554=CARTESIAN_POINT('Ctrl Pts',(216.552475391043,-10.8388208413237,-7.6909503366303));
#3555=CARTESIAN_POINT('Ctrl Pts',(216.981621049249,-10.9575007341244,-7.56885407035543));
#3556=CARTESIAN_POINT('Ctrl Pts',(218.035132215976,-11.2091227938208,-7.31736341603469));
#3557=CARTESIAN_POINT('Ctrl Pts',(220.398961675224,-11.5990720873477,-6.9748330186232));
#3558=CARTESIAN_POINT('Ctrl Pts',(223.38257665035,-11.7960227562529,-7.01189790529223));
#3559=CARTESIAN_POINT('Ctrl Pts',(226.289192194195,-11.6835687570913,-7.53428052432628));
#3560=CARTESIAN_POINT('Ctrl Pts',(227.668682019849,-11.4767736606441,-7.98447039227582));
#3561=CARTESIAN_POINT('Ctrl Pts',(228.306799609449,-11.3128784176363,-8.26530525769975));
#3562=CARTESIAN_POINT('Ctrl Pts',(228.301935815243,-8.39668288255297,-11.58088148438));
#3563=CARTESIAN_POINT('Ctrl Pts',(227.030596654522,-7.78520772496225,-11.9079720583923));
#3564=CARTESIAN_POINT('Ctrl Pts',(224.838633104956,-7.21871100537038,-12.0354316834646));
#3565=CARTESIAN_POINT('Ctrl Pts',(221.872045592979,-6.97822625260766,-11.8992547935687));
#3566=CARTESIAN_POINT('Ctrl Pts',(219.885367148019,-7.03503059225661,-11.674829014106));
#3567=CARTESIAN_POINT('Ctrl Pts',(218.178052828317,-7.24571968398314,-11.3787516817254));
#3568=CARTESIAN_POINT('Ctrl Pts',(216.987459512731,-7.50046533153593,-11.0938119916737));
#3569=CARTESIAN_POINT('Ctrl Pts',(216.076887831116,-7.78464705359567,-10.8018241089605));
#3570=CARTESIAN_POINT('Ctrl Pts',(215.535927946008,-8.00351100979479,-10.5839112728586));
#3571=CARTESIAN_POINT('Ctrl Pts',(215.132216109478,-8.21067470310452,-10.3802847774532));
#3572=CARTESIAN_POINT('Ctrl Pts',(214.850506561025,-8.38460552358289,-10.2100463949842));
#3573=CARTESIAN_POINT('Ctrl Pts',(214.640440522533,-8.54750306831173,-10.0507403362951));
#3574=CARTESIAN_POINT('Ctrl Pts',(214.512750368737,-8.67200405592302,-9.92873144124357));
#3575=CARTESIAN_POINT('Ctrl Pts',(214.446548364765,-8.7462941381947,-9.85580533626807));
#3576=CARTESIAN_POINT('Ctrl Pts',(214.293685941648,-8.93640488339417,-9.66894646334713));
#3577=CARTESIAN_POINT('Ctrl Pts',(214.137836502705,-9.30603911447834,-9.30329054761943));
#3578=CARTESIAN_POINT('Ctrl Pts',(214.432696715539,-9.99036244127418,-8.61142409993669));
#3579=CARTESIAN_POINT('Ctrl Pts',(215.101146809365,-10.380280639495,-8.20941698321185));
#3580=CARTESIAN_POINT('Ctrl Pts',(215.675715538769,-10.6370890489925,-7.95013087786347));
#3581=CARTESIAN_POINT('Ctrl Pts',(215.879500639959,-10.7183109449577,-7.86869193388818));
#3582=CARTESIAN_POINT('Ctrl Pts',(216.044401142763,-10.7801014366186,-7.80723281979174));
#3583=CARTESIAN_POINT('Ctrl Pts',(216.211176437193,-10.839805431507,-7.7481737127717));
#3584=CARTESIAN_POINT('Ctrl Pts',(216.506759414423,-10.9391760148899,-7.65082766007607));
#3585=CARTESIAN_POINT('Ctrl Pts',(216.938013825606,-11.0680089929523,-7.52751215661462));
#3586=CARTESIAN_POINT('Ctrl Pts',(217.99674370645,-11.3430119720834,-7.27518565819761));
#3587=CARTESIAN_POINT('Ctrl Pts',(220.372291328195,-11.7787559722226,-6.94096611975108));
#3588=CARTESIAN_POINT('Ctrl Pts',(223.370832846672,-12.0229363137312,-7.01213730352108));
#3589=CARTESIAN_POINT('Ctrl Pts',(226.286787778559,-11.9431441575268,-7.59750207140527));
#3590=CARTESIAN_POINT('Ctrl Pts',(227.666437569027,-11.7443826904949,-8.09102771021104));
#3591=CARTESIAN_POINT('Ctrl Pts',(228.30193581543,-11.580881484332,-8.39668288264279));
#3592=CARTESIAN_POINT('Ctrl Pts',(228.373660681143,-8.35297243166936,-11.8148910747848));
#3593=CARTESIAN_POINT('Ctrl Pts',(227.069086596784,-7.70730699396056,-12.1255955432017));
#3594=CARTESIAN_POINT('Ctrl Pts',(224.850673765998,-7.12687679822432,-12.2182036117186));
#3595=CARTESIAN_POINT('Ctrl Pts',(221.85872505156,-6.8855091377589,-12.0419518873344));
#3596=CARTESIAN_POINT('Ctrl Pts',(219.860049956296,-6.95012496476522,-11.7911271969602));
#3597=CARTESIAN_POINT('Ctrl Pts',(218.144233779184,-7.1719459257788,-11.4720876799751));
#3598=CARTESIAN_POINT('Ctrl Pts',(216.948707560954,-7.43761601558902,-11.1699645509391));
#3599=CARTESIAN_POINT('Ctrl Pts',(216.03474829268,-7.73274895018386,-10.8631151139087));
#3600=CARTESIAN_POINT('Ctrl Pts',(215.491930747728,-7.95966109661083,-10.6351556844135));
#3601=CARTESIAN_POINT('Ctrl Pts',(215.086897570165,-8.17422613700388,-10.4227846938547));
#3602=CARTESIAN_POINT('Ctrl Pts',(214.804296303205,-8.35428439685412,-10.2455476243566));
#3603=CARTESIAN_POINT('Ctrl Pts',(214.593584535768,-8.52286099062012,-10.0799563292831));
#3604=CARTESIAN_POINT('Ctrl Pts',(214.465509012696,-8.65168502118466,-9.95327172734087));
#3605=CARTESIAN_POINT('Ctrl Pts',(214.399108798387,-8.72855228758441,-9.87758920375856));
#3606=CARTESIAN_POINT('Ctrl Pts',(214.245791083915,-8.92525941953703,-9.68372538668362));
#3607=CARTESIAN_POINT('Ctrl Pts',(214.089492817813,-9.30770923954386,-9.30487107130915));
#3608=CARTESIAN_POINT('Ctrl Pts',(214.38520324135,-10.016748621429,-8.5890130395766));
#3609=CARTESIAN_POINT('Ctrl Pts',(215.055692568327,-10.4225435495895,-8.17302040791565));
#3610=CARTESIAN_POINT('Ctrl Pts',(215.632203370949,-10.6908176403102,-7.90431770084602));
#3611=CARTESIAN_POINT('Ctrl Pts',(215.836694128324,-10.7758016659,-7.81988039694461));
#3612=CARTESIAN_POINT('Ctrl Pts',(216.002178402305,-10.8405308914453,-7.75612873573495));
#3613=CARTESIAN_POINT('Ctrl Pts',(216.169552311694,-10.9031281709859,-7.69484772485861));
#3614=CARTESIAN_POINT('Ctrl Pts',(216.466218338249,-11.0074530885024,-7.59378542650488));
#3615=CARTESIAN_POINT('Ctrl Pts',(216.899125229178,-11.1431011347261,-7.46561546715396));
#3616=CARTESIAN_POINT('Ctrl Pts',(217.962146196172,-11.4338948147577,-7.20282920171643));
#3617=CARTESIAN_POINT('Ctrl Pts',(220.348975624608,-11.9015305738109,-6.85201545685735));
#3618=CARTESIAN_POINT('Ctrl Pts',(223.367743865059,-12.185241237035,-6.91578769517219));
#3619=CARTESIAN_POINT('Ctrl Pts',(226.317531437887,-12.1479566693882,-7.51649951094714));
#3620=CARTESIAN_POINT('Ctrl Pts',(227.721549452067,-11.9702014364033,-8.03022672697673));
#3621=CARTESIAN_POINT('Ctrl Pts',(228.373660681335,-11.8148910747392,-8.35297243176418));
#3622=CARTESIAN_POINT('Ctrl Pts',(228.435513083761,-8.26731450428983,-11.910661414979));
#3623=CARTESIAN_POINT('Ctrl Pts',(227.103113708735,-7.61059897233012,-12.214543174309));
#3624=CARTESIAN_POINT('Ctrl Pts',(224.864307932003,-7.03423021363894,-12.2916280092873));
#3625=CARTESIAN_POINT('Ctrl Pts',(221.853571060819,-6.80451188904523,-12.100718564587));
#3626=CARTESIAN_POINT('Ctrl Pts',(219.846465725927,-6.880685224089,-11.8404738284389));
#3627=CARTESIAN_POINT('Ctrl Pts',(218.12480781253,-7.11444878610227,-11.5132574547533));
#3628=CARTESIAN_POINT('Ctrl Pts',(216.925986689192,-7.39010652472904,-11.20469416164));
#3629=CARTESIAN_POINT('Ctrl Pts',(216.009794961251,-7.69435045583774,-10.8918559518621));
#3630=CARTESIAN_POINT('Ctrl Pts',(215.465768974114,-7.92757823348281,-10.6595838113048));
#3631=CARTESIAN_POINT('Ctrl Pts',(215.059881521974,-8.14768716849694,-10.4432361756091));
#3632=CARTESIAN_POINT('Ctrl Pts',(214.7767067864,-8.33218966634064,-10.2626790866323));
#3633=CARTESIAN_POINT('Ctrl Pts',(214.565581535717,-8.50474542267026,-10.0939673311162));
#3634=CARTESIAN_POINT('Ctrl Pts',(214.437259918753,-8.63651026527325,-9.96487162649501));
#3635=CARTESIAN_POINT('Ctrl Pts',(214.370733269554,-8.7151034550382,-9.88773959022626));
#3636=CARTESIAN_POINT('Ctrl Pts',(214.217125375974,-8.91618229049259,-9.69014477592693));
#3637=CARTESIAN_POINT('Ctrl Pts',(214.060542621862,-9.30674084456954,-9.30385093641829));
#3638=CARTESIAN_POINT('Ctrl Pts',(214.356792301397,-10.0296984729056,-8.57280846414755));
#3639=CARTESIAN_POINT('Ctrl Pts',(215.028585720441,-10.4429600873433,-8.14660224632328));
#3640=CARTESIAN_POINT('Ctrl Pts',(215.606358058102,-10.716292482551,-7.87067408791624));
#3641=CARTESIAN_POINT('Ctrl Pts',(215.811308888016,-10.8028853017427,-7.7838763896509));
#3642=CARTESIAN_POINT('Ctrl Pts',(215.977174996889,-10.8688507003208,-7.71829328817979));
#3643=CARTESIAN_POINT('Ctrl Pts',(216.144941286059,-10.9326496727631,-7.65521669256721));
#3644=CARTESIAN_POINT('Ctrl Pts',(216.442319139718,-11.0389982832778,-7.55110173774749));
#3645=CARTESIAN_POINT('Ctrl Pts',(216.876319880486,-11.1773419880746,-7.41880547046224));
#3646=CARTESIAN_POINT('Ctrl Pts',(217.942200766745,-11.474171680662,-7.14671318286787));
#3647=CARTESIAN_POINT('Ctrl Pts',(220.336737370043,-11.9532111322842,-6.77880744151209));
#3648=CARTESIAN_POINT('Ctrl Pts',(223.369865668289,-12.2510096392319,-6.82723639435003));
#3649=CARTESIAN_POINT('Ctrl Pts',(226.345719588558,-12.2308997054666,-7.42227065602026));
#3650=CARTESIAN_POINT('Ctrl Pts',(227.769492959272,-12.0625613415282,-7.93904524165513));
#3651=CARTESIAN_POINT('Ctrl Pts',(228.435513083956,-11.9106614149344,-8.26731450438628));
#3652=CARTESIAN_POINT('Ctrl Pts',(228.456860410044,-8.23422501716972,-11.9359201790261));
#3653=CARTESIAN_POINT('Ctrl Pts',(227.115136230325,-7.57465287178889,-12.238123796162));
#3654=CARTESIAN_POINT('Ctrl Pts',(224.869377515307,-7.00059653083258,-12.3112384993046));
#3655=CARTESIAN_POINT('Ctrl Pts',(221.852235825098,-6.77553558934603,-12.1167890884788));
#3656=CARTESIAN_POINT('Ctrl Pts',(219.842222852938,-6.85601412422495,-11.8543101496717));
#3657=CARTESIAN_POINT('Ctrl Pts',(218.118539862973,-7.09412189993758,-11.5251127379382));
#3658=CARTESIAN_POINT('Ctrl Pts',(216.918567149721,-7.3733647543335,-11.2149080755462));
#3659=CARTESIAN_POINT('Ctrl Pts',(216.001591649482,-7.68084817369138,-10.9004463795424));
#3660=CARTESIAN_POINT('Ctrl Pts',(215.45713927738,-7.91630712562284,-10.6669546845531));
#3661=CARTESIAN_POINT('Ctrl Pts',(215.050949818007,-8.13836036723623,-10.449439391844));
#3662=CARTESIAN_POINT('Ctrl Pts',(214.76757190442,-8.32441324514804,-10.2678844964578));
#3663=CARTESIAN_POINT('Ctrl Pts',(214.556299889167,-8.49834801633615,-10.098212737188));
#3664=CARTESIAN_POINT('Ctrl Pts',(214.427890836077,-8.63112538773266,-9.96836163543437));
#3665=CARTESIAN_POINT('Ctrl Pts',(214.361319247032,-8.71031062452991,-9.89077141474813));
#3666=CARTESIAN_POINT('Ctrl Pts',(214.207608174473,-8.91288521237099,-9.69199081738777));
#3667=CARTESIAN_POINT('Ctrl Pts',(214.050924034588,-9.30618503436122,-9.30327733343552));
#3668=CARTESIAN_POINT('Ctrl Pts',(214.347365864467,-10.0336693008517,-8.56709997764281));
#3669=CARTESIAN_POINT('Ctrl Pts',(215.019622604443,-10.4491647992855,-8.13731969127024));
#3670=CARTESIAN_POINT('Ctrl Pts',(215.597840050089,-10.7239558478242,-7.85884953636582));
#3671=CARTESIAN_POINT('Ctrl Pts',(215.802952974723,-10.8110038078076,-7.77121825567755));
#3672=CARTESIAN_POINT('Ctrl Pts',(215.968953439806,-10.8773151782499,-7.70498738563324));
#3673=CARTESIAN_POINT('Ctrl Pts',(216.13685768221,-10.9414476826505,-7.64127483728818));
#3674=CARTESIAN_POINT('Ctrl Pts',(216.434485625544,-11.0483506956628,-7.536076345647));
#3675=CARTESIAN_POINT('Ctrl Pts',(216.868869694845,-11.1874160905721,-7.40231045352132));
#3676=CARTESIAN_POINT('Ctrl Pts',(217.935750582509,-11.4858153109162,-7.12688807323418));
#3677=CARTESIAN_POINT('Ctrl Pts',(220.332968879867,-11.9675947410083,-6.75275892503789));
#3678=CARTESIAN_POINT('Ctrl Pts',(223.371040965683,-12.2686617111152,-6.79534419812945));
#3679=CARTESIAN_POINT('Ctrl Pts',(226.355737338967,-12.2528984639131,-7.38747405875294));
#3680=CARTESIAN_POINT('Ctrl Pts',(227.786179139881,-12.0869812606359,-7.90452783280041));
#3681=CARTESIAN_POINT('Ctrl Pts',(228.456860410241,-11.9359201789817,-8.23422501726658));
#3682=CARTESIAN_POINT('',(228.446834007912,-11.9381722795443,-8.22930344385412));
#3683=CARTESIAN_POINT('',(216.691652376243,-11.1294771701811,-7.4583537464622));
#3684=CARTESIAN_POINT('Ctrl Pts',(228.446833996062,-11.9381723836388,-8.22930351560927));
#3685=CARTESIAN_POINT('Ctrl Pts',(228.291113735134,-11.9730568610177,-8.15298142657547));
#3686=CARTESIAN_POINT('Ctrl Pts',(228.132838182469,-12.0041789156453,-8.08061176840685));
#3687=CARTESIAN_POINT('Ctrl Pts',(227.972519885391,-12.0319802147737,-8.01190315291277));
#3688=CARTESIAN_POINT('Ctrl Pts',(227.794144163771,-12.0629129085735,-7.93545555401941));
#3689=CARTESIAN_POINT('Ctrl Pts',(227.613239404849,-12.0897351770624,-7.86353914852683));
#3690=CARTESIAN_POINT('Ctrl Pts',(227.430455368827,-12.1130551839298,-7.79572371502723));
#3691=CARTESIAN_POINT('Ctrl Pts',(227.397698366614,-12.1172343974606,-7.7835704091174));
#3692=CARTESIAN_POINT('Ctrl Pts',(227.3648808818,-12.121301115361,-7.7715487683394));
#3693=CARTESIAN_POINT('Ctrl Pts',(227.332006497497,-12.1252588132032,-7.75965626753665));
#3694=CARTESIAN_POINT('Ctrl Pts',(227.006307229099,-12.1644692598496,-7.64183265219058));
#3695=CARTESIAN_POINT('Ctrl Pts',(226.674715198917,-12.1927008663737,-7.53706151636777));
#3696=CARTESIAN_POINT('Ctrl Pts',(226.339912646427,-12.2126611981808,-7.44385141776751));
#3697=CARTESIAN_POINT('Ctrl Pts',(225.929418630438,-12.2371341202149,-7.32956857428111));
#3698=CARTESIAN_POINT('Ctrl Pts',(225.514097751678,-12.2491717955927,-7.23266667828794));
#3699=CARTESIAN_POINT('Ctrl Pts',(225.095754810627,-12.2510159150507,-7.15158315056359));
#3700=CARTESIAN_POINT('Ctrl Pts',(224.769602161491,-12.252453645648,-7.08836801108455));
#3701=CARTESIAN_POINT('Ctrl Pts',(224.441614119707,-12.2476954925077,-7.03476875396107));
#3702=CARTESIAN_POINT('Ctrl Pts',(224.112666655724,-12.2378070564518,-6.99004861376133));
#3703=CARTESIAN_POINT('Ctrl Pts',(223.800826170308,-12.2284328704881,-6.94765415338491));
#3704=CARTESIAN_POINT('Ctrl Pts',(223.48812382814,-12.2144483978572,-6.91323947861988));
#3705=CARTESIAN_POINT('Ctrl Pts',(223.174947506456,-12.1958981611181,-6.88671200566897));
#3706=CARTESIAN_POINT('Ctrl Pts',(222.726757408148,-12.1693507121187,-6.84874824568288));
#3707=CARTESIAN_POINT('Ctrl Pts',(222.278067476192,-12.1337945938664,-6.82642167146184));
#3708=CARTESIAN_POINT('Ctrl Pts',(221.830001467268,-12.0893736047241,-6.81943272216445));
#3709=CARTESIAN_POINT('Ctrl Pts',(221.336233064058,-12.0404217082603,-6.81173090532061));
#3710=CARTESIAN_POINT('Ctrl Pts',(220.843223242203,-11.9807042035251,-6.82265664775315));
#3711=CARTESIAN_POINT('Ctrl Pts',(220.352536421083,-11.91043097903,-6.85180428000646));
#3712=CARTESIAN_POINT('Ctrl Pts',(220.101956018501,-11.8745443561846,-6.86668918237186));
#3713=CARTESIAN_POINT('Ctrl Pts',(219.851982248276,-11.8359052149418,-6.88632588255428));
#3714=CARTESIAN_POINT('Ctrl Pts',(219.602827678723,-11.794543115728,-6.91065788933303));
#3715=CARTESIAN_POINT('Ctrl Pts',(219.124501123315,-11.7151362219399,-6.95737043813154));
#3716=CARTESIAN_POINT('Ctrl Pts',(218.649192143527,-11.6256929209412,-7.02139052197847));
#3717=CARTESIAN_POINT('Ctrl Pts',(218.180518238752,-11.5218612765206,-7.10621238649934));
#3718=CARTESIAN_POINT('Ctrl Pts',(217.919284084619,-11.46398655483,-7.15349124671402));
#3719=CARTESIAN_POINT('Ctrl Pts',(217.660111855664,-11.401641773583,-7.20723225493819));
#3720=CARTESIAN_POINT('Ctrl Pts',(217.403631716912,-11.334074811288,-7.26803461255754));
#3721=CARTESIAN_POINT('Ctrl Pts',(217.36374096125,-11.3235660163501,-7.27749129798875));
#3722=CARTESIAN_POINT('Ctrl Pts',(217.323915332386,-11.3129308992905,-7.2871187880159));
#3723=CARTESIAN_POINT('Ctrl Pts',(217.284162696138,-11.302164886267,-7.29692126037236));
#3724=CARTESIAN_POINT('Ctrl Pts',(217.145375695876,-11.2645778783771,-7.33114429214803));
#3725=CARTESIAN_POINT('Ctrl Pts',(217.007539096499,-11.2254180884274,-7.36747568909576));
#3726=CARTESIAN_POINT('Ctrl Pts',(216.870899679586,-11.1844695349434,-7.40611189524231));
#3727=CARTESIAN_POINT('Ctrl Pts',(216.810916548049,-11.1664935912122,-7.42307274510353));
#3728=CARTESIAN_POINT('Ctrl Pts',(216.751164188369,-11.148172826994,-7.44047790119975));
#3729=CARTESIAN_POINT('Ctrl Pts',(216.691652376243,-11.1294771701811,-7.4583537464622));
#3730=CARTESIAN_POINT('',(228.446834007912,-8.229303443854,-11.9381722795443));
#3731=CARTESIAN_POINT('Ctrl Pts',(216.691652376243,-11.1294771701811,-7.4583537464622));
#3732=CARTESIAN_POINT('Ctrl Pts',(216.576906263106,-11.0934296381843,-7.49282058068565));
#3733=CARTESIAN_POINT('Ctrl Pts',(216.462969411557,-11.0559604986346,-7.52906450443509));
#3734=CARTESIAN_POINT('Ctrl Pts',(216.350073426442,-11.0168840477191,-7.56725459142896));
#3735=CARTESIAN_POINT('Ctrl Pts',(216.264439365189,-10.9872437094214,-7.59622260340541));
#3736=CARTESIAN_POINT('Ctrl Pts',(216.179404133415,-10.9566787576865,-7.62631006420768));
#3737=CARTESIAN_POINT('Ctrl Pts',(216.095123449922,-10.9250952127598,-7.65760659594668));
#3738=CARTESIAN_POINT('Ctrl Pts',(216.052973538942,-10.9092998542991,-7.673258415226));
#3739=CARTESIAN_POINT('Ctrl Pts',(216.011012328368,-10.8932498072558,-7.68921253455541));
#3740=CARTESIAN_POINT('Ctrl Pts',(215.96930257862,-10.8769283311242,-7.70548202620358));
#3741=CARTESIAN_POINT('Ctrl Pts',(215.927573194591,-10.8605991718863,-7.72175917648707));
#3742=CARTESIAN_POINT('Ctrl Pts',(215.886095474322,-10.8439983292922,-7.73835199698828));
#3743=CARTESIAN_POINT('Ctrl Pts',(215.844796003785,-10.8271231468806,-7.75526626192867));
#3744=CARTESIAN_POINT('Ctrl Pts',(215.762098934144,-10.7933326862048,-7.78913498052304));
#3745=CARTESIAN_POINT('Ctrl Pts',(215.680117777017,-10.758441634151,-7.82429319659729));
#3746=CARTESIAN_POINT('Ctrl Pts',(215.599853628545,-10.7222561388948,-7.86088508211561));
#3747=CARTESIAN_POINT('Ctrl Pts',(215.519397226459,-10.6859839699203,-7.89756461476319));
#3748=CARTESIAN_POINT('Ctrl Pts',(215.440663781573,-10.6484112759143,-7.93568470815951));
#3749=CARTESIAN_POINT('Ctrl Pts',(215.362745675381,-10.6095227711913,-7.97529453690354));
#3750=CARTESIAN_POINT('Ctrl Pts',(215.276540968214,-10.5664984688096,-8.0191168762121));
#3751=CARTESIAN_POINT('Ctrl Pts',(215.191338859859,-10.5218625927034,-8.0647633892421));
#3752=CARTESIAN_POINT('Ctrl Pts',(215.10848819222,-10.4753249209545,-8.11245096059398));
#3753=CARTESIAN_POINT('Ctrl Pts',(215.10359949359,-10.4725789122787,-8.1152648204142));
#3754=CARTESIAN_POINT('Ctrl Pts',(215.098718969814,-10.4698262887644,-8.11808578008709));
#3755=CARTESIAN_POINT('Ctrl Pts',(215.093846893207,-10.4670669933744,-8.12091388165824));
#3756=CARTESIAN_POINT('Ctrl Pts',(215.02375639403,-10.4273713139198,-8.16159941820378));
#3757=CARTESIAN_POINT('Ctrl Pts',(214.955141472381,-10.3860356994484,-8.20405440137805));
#3758=CARTESIAN_POINT('Ctrl Pts',(214.888770479619,-10.3429353726685,-8.24832144634742));
#3759=CARTESIAN_POINT('Ctrl Pts',(214.825387140895,-10.3017751835901,-8.29059583443244));
#3760=CARTESIAN_POINT('Ctrl Pts',(214.764050722606,-10.2590057743729,-8.33452293738883));
#3761=CARTESIAN_POINT('Ctrl Pts',(214.705434658685,-10.2144937521932,-8.38018167708832));
#3762=CARTESIAN_POINT('Ctrl Pts',(214.648299018769,-10.171105938323,-8.42468724665409));
#3763=CARTESIAN_POINT('Ctrl Pts',(214.59374838578,-10.1260628496448,-8.4708381354396));
#3764=CARTESIAN_POINT('Ctrl Pts',(214.542404943825,-10.0792121099108,-8.5187469859873));
#3765=CARTESIAN_POINT('Ctrl Pts',(214.493064857358,-10.034189426165,-8.56478649441497));
#3766=CARTESIAN_POINT('Ctrl Pts',(214.446686788834,-9.98749774968184,-8.61244958603818));
#3767=CARTESIAN_POINT('Ctrl Pts',(214.403817553599,-9.93896937884351,-8.66187175494772));
#3768=CARTESIAN_POINT('Ctrl Pts',(214.393293512896,-9.92705606741811,-8.6740044863658));
#3769=CARTESIAN_POINT('Ctrl Pts',(214.382980901461,-9.91503189274554,-8.68624339929058));
#3770=CARTESIAN_POINT('Ctrl Pts',(214.372887735147,-9.90289401962058,-8.69859083073497));
#3771=CARTESIAN_POINT('Ctrl Pts',(214.353425218112,-9.87948872190766,-8.72240021694047));
#3772=CARTESIAN_POINT('Ctrl Pts',(214.334894876269,-9.85571002727216,-8.74657278569474));
#3773=CARTESIAN_POINT('Ctrl Pts',(214.317344236637,-9.83152355489199,-8.77114193615364));
#3774=CARTESIAN_POINT('Ctrl Pts',(214.287517074099,-9.7904188511303,-8.81289699805004));
#3775=CARTESIAN_POINT('Ctrl Pts',(214.260516989807,-9.74813694097317,-8.85579709714052));
#3776=CARTESIAN_POINT('Ctrl Pts',(214.236836018322,-9.7048806700913,-8.8996234610964));
#3777=CARTESIAN_POINT('Ctrl Pts',(214.215542965308,-9.66598623243274,-8.93903050534529));
#3778=CARTESIAN_POINT('Ctrl Pts',(214.196933007283,-9.62630329216341,-8.97918711017375));
#3779=CARTESIAN_POINT('Ctrl Pts',(214.181404418982,-9.58598110499676,-9.01993036045898));
#3780=CARTESIAN_POINT('Ctrl Pts',(214.166756312924,-9.54794521514951,-9.05836343883995));
#3781=CARTESIAN_POINT('Ctrl Pts',(214.154849672706,-9.50934009122299,-9.09731890613832));
#3782=CARTESIAN_POINT('Ctrl Pts',(214.146062373093,-9.47030040652227,-9.13664932201299));
#3783=CARTESIAN_POINT('Ctrl Pts',(214.145534177759,-9.46795377215037,-9.13901343192987));
#3784=CARTESIAN_POINT('Ctrl Pts',(214.145017267649,-9.4656055717159,-9.1413788922161));
#3785=CARTESIAN_POINT('Ctrl Pts',(214.144511730661,-9.46325583611436,-9.14374566908984));
#3786=CARTESIAN_POINT('Ctrl Pts',(214.136055147799,-9.42394964430653,-9.18333692595492));
#3787=CARTESIAN_POINT('Ctrl Pts',(214.130453400051,-9.38426700017855,-9.22319901942051));
#3788=CARTESIAN_POINT('Ctrl Pts',(214.128131690692,-9.3444254799667,-9.26310910339394));
#3789=CARTESIAN_POINT('Ctrl Pts',(214.127361136428,-9.33120244101743,-9.27635489803338));
#3790=CARTESIAN_POINT('Ctrl Pts',(214.126951565915,-9.31796207505097,-9.28960576452654));
#3791=CARTESIAN_POINT('Ctrl Pts',(214.126917495647,-9.30471283472224,-9.30285296303128));
#3792=CARTESIAN_POINT('Ctrl Pts',(214.126808184617,-9.26220397818588,-9.34535526858048));
#3793=CARTESIAN_POINT('Ctrl Pts',(214.130568366988,-9.21960220122931,-9.38782138498838));
#3794=CARTESIAN_POINT('Ctrl Pts',(214.137860439239,-9.17725230807544,-9.42993166627927));
#3795=CARTESIAN_POINT('Ctrl Pts',(214.14499245649,-9.13583196031855,-9.47111766145691));
#3796=CARTESIAN_POINT('Ctrl Pts',(214.155501979693,-9.09465317656377,-9.51196245073073));
#3797=CARTESIAN_POINT('Ctrl Pts',(214.169029260611,-9.05405351838268,-9.55215383048444));
#3798=CARTESIAN_POINT('Ctrl Pts',(214.185823471477,-9.00364876780922,-9.60205170062545));
#3799=CARTESIAN_POINT('Ctrl Pts',(214.207484004994,-8.95395123947337,-9.65114679964787));
#3800=CARTESIAN_POINT('Ctrl Pts',(214.233269255722,-8.90541922803239,-9.69900159010981));
#3801=CARTESIAN_POINT('Ctrl Pts',(214.257563290734,-8.85969392570256,-9.74408883658554));
#3802=CARTESIAN_POINT('Ctrl Pts',(214.285519416803,-8.81500248613351,-9.78807596421392));
#3803=CARTESIAN_POINT('Ctrl Pts',(214.316537314467,-8.77170002843116,-9.83062148594574));
#3804=CARTESIAN_POINT('Ctrl Pts',(214.331251173021,-8.75115878335574,-9.85080366578325));
#3805=CARTESIAN_POINT('Ctrl Pts',(214.346654237376,-8.7309298035245,-9.87066167111517));
#3806=CARTESIAN_POINT('Ctrl Pts',(214.362694510414,-8.71091689689797,-9.89029249896786));
#3807=CARTESIAN_POINT('Ctrl Pts',(214.378716053216,-8.69092735935326,-9.90990040389233));
#3808=CARTESIAN_POINT('Ctrl Pts',(214.395373339995,-8.67115331641252,-9.9292817401679));
#3809=CARTESIAN_POINT('Ctrl Pts',(214.412594213041,-8.6516318675788,-9.94840058436682));
#3810=CARTESIAN_POINT('Ctrl Pts',(214.41324043709,-8.65089931298272,-9.94911803097178));
#3811=CARTESIAN_POINT('Ctrl Pts',(214.413887454803,-8.65016711398188,-9.94983510799533));
#3812=CARTESIAN_POINT('Ctrl Pts',(214.414535263287,-8.64943526974775,-9.95055181627845));
#3813=CARTESIAN_POINT('Ctrl Pts',(214.448383936968,-8.61119563984333,-9.98800057684491));
#3814=CARTESIAN_POINT('Ctrl Pts',(214.484409505192,-8.57400984849088,-10.0243705545084));
#3815=CARTESIAN_POINT('Ctrl Pts',(214.522222358415,-8.53782887571736,-10.0597297655612));
#3816=CARTESIAN_POINT('Ctrl Pts',(214.599278915177,-8.46409783072516,-10.1317861913887));
#3817=CARTESIAN_POINT('Ctrl Pts',(214.683758423427,-8.39453965308139,-10.199644949034));
#3818=CARTESIAN_POINT('Ctrl Pts',(214.773207924147,-8.3287520996144,-10.2638336113543));
#3819=CARTESIAN_POINT('Ctrl Pts',(214.851070532908,-8.27148637430829,-10.319707558788));
#3820=CARTESIAN_POINT('Ctrl Pts',(214.93269848643,-8.21707762760809,-10.3728007215648));
#3821=CARTESIAN_POINT('Ctrl Pts',(215.017137726341,-8.16519106039007,-10.4235016496355));
#3822=CARTESIAN_POINT('Ctrl Pts',(215.029710011588,-8.15746559147042,-10.4310505869619));
#3823=CARTESIAN_POINT('Ctrl Pts',(215.04234495505,-8.14979590769612,-10.4385466342894));
#3824=CARTESIAN_POINT('Ctrl Pts',(215.055039437889,-8.14218086440276,-10.4459911090714));
#3825=CARTESIAN_POINT('Ctrl Pts',(215.153010623405,-8.08341085945843,-10.5034447311835));
#3826=CARTESIAN_POINT('Ctrl Pts',(215.254527999811,-8.02789543578077,-10.5578265356907));
#3827=CARTESIAN_POINT('Ctrl Pts',(215.358493375555,-7.97518870048484,-10.6096468034051));
#3828=CARTESIAN_POINT('Ctrl Pts',(215.566441607256,-7.86976636804919,-10.7132960516313));
#3829=CARTESIAN_POINT('Ctrl Pts',(215.78418306133,-7.77558173129409,-10.8066969091701));
#3830=CARTESIAN_POINT('Ctrl Pts',(216.007649395474,-7.69004029947097,-10.8927147133887));
#3831=CARTESIAN_POINT('Ctrl Pts',(216.149579853429,-7.63571026072376,-10.9473473111434));
#3832=CARTESIAN_POINT('Ctrl Pts',(216.29381986213,-7.58486645848049,-10.9990018464487));
#3833=CARTESIAN_POINT('Ctrl Pts',(216.439818316758,-7.53707733201666,-11.0481620039483));
#3834=CARTESIAN_POINT('Ctrl Pts',(216.523701024234,-7.50962032005097,-11.0764067351787));
#3835=CARTESIAN_POINT('Ctrl Pts',(216.608165994592,-7.48317617221515,-11.1038251668732));
#3836=CARTESIAN_POINT('Ctrl Pts',(216.693108831072,-7.45766517309387,-11.1305077025549));
#3837=CARTESIAN_POINT('Ctrl Pts',(217.158696825084,-7.31783448932761,-11.2767598031194));
#3838=CARTESIAN_POINT('Ctrl Pts',(217.638642254662,-7.20603880370259,-11.4009025734678));
#3839=CARTESIAN_POINT('Ctrl Pts',(218.124843959647,-7.11614469107359,-11.5099892390858));
#3840=CARTESIAN_POINT('Ctrl Pts',(218.611078582266,-7.02624449228434,-11.6190832902701));
#3841=CARTESIAN_POINT('Ctrl Pts',(219.103570767997,-6.95824882051239,-11.7131198363349));
#3842=CARTESIAN_POINT('Ctrl Pts',(219.600058098272,-6.90955151934263,-11.7957050392548));
#3843=CARTESIAN_POINT('Ctrl Pts',(219.686006356581,-6.90112139844198,-11.8100015860551));
#3844=CARTESIAN_POINT('Ctrl Pts',(219.772074305573,-6.89326961419236,-11.8239549449287));
#3845=CARTESIAN_POINT('Ctrl Pts',(219.858248305061,-6.88599664487031,-11.8375659858661));
#3846=CARTESIAN_POINT('Ctrl Pts',(220.304615025677,-6.84832389572643,-11.9080688723925));
#3847=CARTESIAN_POINT('Ctrl Pts',(220.754118149774,-6.82591893592736,-11.9695705034847));
#3848=CARTESIAN_POINT('Ctrl Pts',(221.204647158654,-6.81894337062468,-12.0221055357887));
#3849=CARTESIAN_POINT('Ctrl Pts',(221.420452365712,-6.81560204679242,-12.0472700275322));
#3850=CARTESIAN_POINT('Ctrl Pts',(221.63649225715,-6.81580073418244,-12.070377417421));
#3851=CARTESIAN_POINT('Ctrl Pts',(221.852531178823,-6.8195555792144,-12.0914327750256));
#3852=CARTESIAN_POINT('Ctrl Pts',(222.25489691135,-6.82654886061071,-12.1306477198171));
#3853=CARTESIAN_POINT('Ctrl Pts',(222.657261517769,-6.84587950915435,-12.162744312203));
#3854=CARTESIAN_POINT('Ctrl Pts',(223.059080112434,-6.87789380427276,-12.1877449411932));
#3855=CARTESIAN_POINT('Ctrl Pts',(223.410923156227,-6.90592637217506,-12.2096361565761));
#3856=CARTESIAN_POINT('Ctrl Pts',(223.762347357238,-6.9436837404116,-12.2260873104646));
#3857=CARTESIAN_POINT('Ctrl Pts',(224.112961392457,-6.99137727762811,-12.2371132029252));
#3858=CARTESIAN_POINT('Ctrl Pts',(224.24029472778,-7.00869825327969,-12.2411175025849));
#3859=CARTESIAN_POINT('Ctrl Pts',(224.367520939105,-7.0273295718336,-12.244406150869));
#3860=CARTESIAN_POINT('Ctrl Pts',(224.49454116234,-7.04733008749022,-12.2468824593587));
#3861=CARTESIAN_POINT('Ctrl Pts',(224.83682963817,-7.10122659188612,-12.2535555058787));
#3862=CARTESIAN_POINT('Ctrl Pts',(225.17859567169,-7.16455749202934,-12.2547372743035));
#3863=CARTESIAN_POINT('Ctrl Pts',(225.517924324621,-7.23865443125081,-12.2484615959135));
#3864=CARTESIAN_POINT('Ctrl Pts',(225.854640153678,-7.31218082551522,-12.2422342401221));
#3865=CARTESIAN_POINT('Ctrl Pts',(226.188955746453,-7.39630922076158,-12.2286626523244));
#3866=CARTESIAN_POINT('Ctrl Pts',(226.518955916486,-7.49234770403696,-12.2058028972617));
#3867=CARTESIAN_POINT('Ctrl Pts',(226.807709199032,-7.57638228890921,-12.1858003944998));
#3868=CARTESIAN_POINT('Ctrl Pts',(227.093158632159,-7.66953734775084,-12.1586853638635));
#3869=CARTESIAN_POINT('Ctrl Pts',(227.373987066802,-7.77267467813411,-12.1231543893383));
#3870=CARTESIAN_POINT('Ctrl Pts',(227.608965946469,-7.85897325532815,-12.0934243920962));
#3871=CARTESIAN_POINT('Ctrl Pts',(227.840709570232,-7.9522612992423,-12.0578018547574));
#3872=CARTESIAN_POINT('Ctrl Pts',(228.068419294141,-8.05301970792946,-12.0155304498943));
#3873=CARTESIAN_POINT('Ctrl Pts',(228.195870038848,-8.10941490266333,-11.9918708453017));
#3874=CARTESIAN_POINT('Ctrl Pts',(228.322056573696,-8.16814986659841,-11.9661284975764));
#3875=CARTESIAN_POINT('Ctrl Pts',(228.446833980455,-8.22930361016991,-11.9381725208095));
#3876=CARTESIAN_POINT('',(228.382354906736,-8.00183629165207,-11.2230732698403));
#3877=CARTESIAN_POINT('Ctrl Pts',(228.446834854685,-8.2293031681295,-11.9381729250195));
#3878=CARTESIAN_POINT('Ctrl Pts',(228.437303933094,-8.24647198397719,-11.9252530343982));
#3879=CARTESIAN_POINT('Ctrl Pts',(228.42791464071,-8.26239364415762,-11.9107294930348));
#3880=CARTESIAN_POINT('Ctrl Pts',(228.418782034839,-8.27687914639096,-11.8947840322013));
#3881=CARTESIAN_POINT('Ctrl Pts',(228.410184730789,-8.29051559022338,-11.8797732043034));
#3882=CARTESIAN_POINT('Ctrl Pts',(228.401814304195,-8.30288002387195,-11.8635009792506));
#3883=CARTESIAN_POINT('Ctrl Pts',(228.393775771049,-8.31378106493339,-11.8460819133435));
#3884=CARTESIAN_POINT('Ctrl Pts',(228.393275260492,-8.31445980644443,-11.8449973340773));
#3885=CARTESIAN_POINT('Ctrl Pts',(228.392776041326,-8.31513286122204,-11.8439082995922));
#3886=CARTESIAN_POINT('Ctrl Pts',(228.392278140927,-8.31580017747316,-11.8428148340784));
#3887=CARTESIAN_POINT('Ctrl Pts',(228.390409198638,-8.31830504704698,-11.8387103506481));
#3888=CARTESIAN_POINT('Ctrl Pts',(228.38855883361,-8.32072907124882,-11.8345434383086));
#3889=CARTESIAN_POINT('Ctrl Pts',(228.386727842501,-8.32307148657861,-11.8303167354313));
#3890=CARTESIAN_POINT('Ctrl Pts',(228.378871041963,-8.33312281338882,-11.8121799125505));
#3891=CARTESIAN_POINT('Ctrl Pts',(228.37143331178,-8.34159308710584,-11.7930918262715));
#3892=CARTESIAN_POINT('Ctrl Pts',(228.364465473314,-8.34847211568576,-11.7732906779686));
#3893=CARTESIAN_POINT('Ctrl Pts',(228.35740589052,-8.35544171924956,-11.7532288113582));
#3894=CARTESIAN_POINT('Ctrl Pts',(228.350828204068,-8.3607782654744,-11.7324336365545));
#3895=CARTESIAN_POINT('Ctrl Pts',(228.344801302037,-8.36442725846363,-11.7111298166033));
#3896=CARTESIAN_POINT('Ctrl Pts',(228.342828212745,-8.36562186706288,-11.7041553645872));
#3897=CARTESIAN_POINT('Ctrl Pts',(228.3409143112,-8.3666352368104,-11.6971263021224));
#3898=CARTESIAN_POINT('Ctrl Pts',(228.339062509931,-8.36746434441407,-11.6900503644213));
#3899=CARTESIAN_POINT('Ctrl Pts',(228.333417579555,-8.36999175098537,-11.6684804603885));
#3900=CARTESIAN_POINT('Ctrl Pts',(228.328394688244,-8.37078931831752,-11.6466542214807));
#3901=CARTESIAN_POINT('Ctrl Pts',(228.324059882907,-8.36982623562095,-11.6247986415835));
#3902=CARTESIAN_POINT('Ctrl Pts',(228.321303620676,-8.36921386476346,-11.610901890816));
#3903=CARTESIAN_POINT('Ctrl Pts',(228.318825870848,-8.3678887676312,-11.5969928425983));
#3904=CARTESIAN_POINT('Ctrl Pts',(228.316647934641,-8.36583298422197,-11.5831285515003));
#3905=CARTESIAN_POINT('Ctrl Pts',(228.314321303173,-8.36363684534654,-11.5683176971446));
#3906=CARTESIAN_POINT('Ctrl Pts',(228.312336778439,-8.36060684785237,-11.5535577212323));
#3907=CARTESIAN_POINT('Ctrl Pts',(228.310694358926,-8.35677392762786,-11.5389163374917));
#3908=CARTESIAN_POINT('Ctrl Pts',(228.308298975193,-8.35118381214152,-11.5175626381721));
#3909=CARTESIAN_POINT('Ctrl Pts',(228.306649752637,-8.34393378868764,-11.4966356919729));
#3910=CARTESIAN_POINT('Ctrl Pts',(228.305731471491,-8.33516462134241,-11.4763352220271));
#3911=CARTESIAN_POINT('Ctrl Pts',(228.304806032943,-8.32632710406677,-11.4558765231807));
#3912=CARTESIAN_POINT('Ctrl Pts',(228.304622968781,-8.31594607872152,-11.4360527622169));
#3913=CARTESIAN_POINT('Ctrl Pts',(228.305189533352,-8.30412175088614,-11.4170828656348));
#3914=CARTESIAN_POINT('Ctrl Pts',(228.305375093941,-8.30024906039228,-11.4108698665378));
#3915=CARTESIAN_POINT('Ctrl Pts',(228.305641247768,-8.29622123866081,-11.4047486620831));
#3916=CARTESIAN_POINT('Ctrl Pts',(228.305988779793,-8.29204095665911,-11.3987276584825));
#3917=CARTESIAN_POINT('Ctrl Pts',(228.307051501412,-8.27925803094855,-11.3803159719744));
#3918=CARTESIAN_POINT('Ctrl Pts',(228.308865068937,-8.2651567603931,-11.362989556802));
#3919=CARTESIAN_POINT('Ctrl Pts',(228.311432091153,-8.24985525740572,-11.3469556535603));
#3920=CARTESIAN_POINT('Ctrl Pts',(228.311903951227,-8.24704259443496,-11.3440083636136));
#3921=CARTESIAN_POINT('Ctrl Pts',(228.312401332266,-8.24418927022833,-11.341104813383));
#3922=CARTESIAN_POINT('Ctrl Pts',(228.312924335286,-8.24129587966606,-11.338246394293));
#3923=CARTESIAN_POINT('Ctrl Pts',(228.315767864089,-8.22556472879594,-11.322705380736));
#3924=CARTESIAN_POINT('Ctrl Pts',(228.319367132926,-8.20865124664717,-11.3084951303854));
#3925=CARTESIAN_POINT('Ctrl Pts',(228.323658560935,-8.19076125769127,-11.295715474049));
#3926=CARTESIAN_POINT('Ctrl Pts',(228.324252618199,-8.18828476784559,-11.2939464014561));
#3927=CARTESIAN_POINT('Ctrl Pts',(228.32485996929,-8.185789531095,-11.29220481006));
#3928=CARTESIAN_POINT('Ctrl Pts',(228.325480473316,-8.18327606430104,-11.2904910320402));
#3929=CARTESIAN_POINT('Ctrl Pts',(228.329960010325,-8.16513086771422,-11.2781189413687));
#3930=CARTESIAN_POINT('Ctrl Pts',(228.335093995531,-8.14615783904044,-11.2672747774317));
#3931=CARTESIAN_POINT('Ctrl Pts',(228.340815595105,-8.12657202682893,-11.2580474415549));
#3932=CARTESIAN_POINT('Ctrl Pts',(228.343660685884,-8.11683289478989,-11.2534591078415));
#3933=CARTESIAN_POINT('Ctrl Pts',(228.346651398516,-8.10694184943892,-11.2492711942359));
#3934=CARTESIAN_POINT('Ctrl Pts',(228.349781185014,-8.09692375602091,-11.2454988415092));
#3935=CARTESIAN_POINT('Ctrl Pts',(228.356038264452,-8.07689555078271,-11.2379571415582));
#3936=CARTESIAN_POINT('Ctrl Pts',(228.362818221764,-8.05646296658833,-11.2321120727443));
#3937=CARTESIAN_POINT('Ctrl Pts',(228.370063944099,-8.03582921045626,-11.2280683233926));
#3938=CARTESIAN_POINT('Ctrl Pts',(228.3737250831,-8.02540332800814,-11.2260250863242));
#3939=CARTESIAN_POINT('Ctrl Pts',(228.377505405137,-8.01492586705871,-11.2244424747097));
#3940=CARTESIAN_POINT('Ctrl Pts',(228.381398897129,-8.00442252238757,-11.2233388939459));
#3941=CARTESIAN_POINT('Ctrl Pts',(228.381718633896,-8.00355997907849,-11.2232482669853));
#3942=CARTESIAN_POINT('Ctrl Pts',(228.382039099352,-8.00269735504683,-11.2231608824112));
#3943=CARTESIAN_POINT('Ctrl Pts',(228.382360289866,-8.00183466461435,-11.2230767493875));
#3944=CARTESIAN_POINT('',(228.33566094925,-7.982994706859,-11.2329947068589));
#3945=CARTESIAN_POINT('Ctrl Pts',(228.382355897853,-8.00183622413129,-11.2230777454957));
#3946=CARTESIAN_POINT('Ctrl Pts',(228.366818105124,-7.99552042287357,-11.2264232507423));
#3947=CARTESIAN_POINT('Ctrl Pts',(228.351255500189,-7.98923977254141,-11.2297406409975));
#3948=CARTESIAN_POINT('Ctrl Pts',(228.335668746513,-7.98299386393593,-11.2330300533547));
#3949=CARTESIAN_POINT('',(216.84204265749,-10.7921546968519,-7.61998080597391));
#3950=CARTESIAN_POINT('Ctrl Pts',(228.335668746513,-7.98299386393601,-11.2330300533547));
#3951=CARTESIAN_POINT('Ctrl Pts',(228.077771724622,-7.87964962292811,-11.28745637383));
#3952=CARTESIAN_POINT('Ctrl Pts',(227.814390126972,-7.78533616096441,-11.3339593349635));
#3953=CARTESIAN_POINT('Ctrl Pts',(227.546607024269,-7.69948357625874,-11.3734558240709));
#3954=CARTESIAN_POINT('Ctrl Pts',(227.25241250218,-7.60516336011119,-11.4168478477641));
#3955=CARTESIAN_POINT('Ctrl Pts',(226.952906138562,-7.52105603359013,-11.451783297242));
#3956=CARTESIAN_POINT('Ctrl Pts',(226.649562580992,-7.44637815866173,-11.4795213425987));
#3957=CARTESIAN_POINT('Ctrl Pts',(226.326440650781,-7.36683119453885,-11.5090679425915));
#3958=CARTESIAN_POINT('Ctrl Pts',(225.998966204445,-7.2979838593751,-11.5304487765542));
#3959=CARTESIAN_POINT('Ctrl Pts',(225.668945961476,-7.23884942992118,-11.545224940105));
#3960=CARTESIAN_POINT('Ctrl Pts',(225.311522657998,-7.17480480364434,-11.5612280347684));
#3961=CARTESIAN_POINT('Ctrl Pts',(224.951115182204,-7.12215324504934,-11.5694855600952));
#3962=CARTESIAN_POINT('Ctrl Pts',(224.590019506612,-7.07958987936348,-11.5720074347086));
#3963=CARTESIAN_POINT('Ctrl Pts',(224.561368180087,-7.07621266670018,-11.5722075341777));
#3964=CARTESIAN_POINT('Ctrl Pts',(224.532712511813,-7.07289894157637,-11.5723715289208));
#3965=CARTESIAN_POINT('Ctrl Pts',(224.504053643071,-7.06964803982346,-11.572500424626));
#3966=CARTESIAN_POINT('Ctrl Pts',(224.379148142808,-7.05547945859281,-11.573062197761));
#3967=CARTESIAN_POINT('Ctrl Pts',(224.25406703604,-7.0424872177519,-11.5729549943853));
#3968=CARTESIAN_POINT('Ctrl Pts',(224.1289021352,-7.03062160385754,-11.5722574805863));
#3969=CARTESIAN_POINT('Ctrl Pts',(223.733745533933,-6.99316081711169,-11.5700553681703));
#3970=CARTESIAN_POINT('Ctrl Pts',(223.337753750175,-6.96693277978691,-11.5619681633287));
#3971=CARTESIAN_POINT('Ctrl Pts',(222.94139583233,-6.95174450237878,-11.5478787699116));
#3972=CARTESIAN_POINT('Ctrl Pts',(222.597236590738,-6.93855645743622,-11.535644890545));
#3973=CARTESIAN_POINT('Ctrl Pts',(222.252801459777,-6.93369103626059,-11.5188859709926));
#3974=CARTESIAN_POINT('Ctrl Pts',(221.90839895841,-6.93699325333457,-11.4975391991813));
#3975=CARTESIAN_POINT('Ctrl Pts',(221.507334690873,-6.94083875755351,-11.4726804151518));
#3976=CARTESIAN_POINT('Ctrl Pts',(221.106314981176,-6.95576136083212,-11.4415994282621));
#3977=CARTESIAN_POINT('Ctrl Pts',(220.706884781566,-6.98168453908987,-11.4041855463284));
#3978=CARTESIAN_POINT('Ctrl Pts',(220.454008309494,-6.99809632234792,-11.3804990787574));
#3979=CARTESIAN_POINT('Ctrl Pts',(220.201768924694,-7.01891629392907,-11.354274830792));
#3980=CARTESIAN_POINT('Ctrl Pts',(219.950556623064,-7.04411573827922,-11.3254898796525));
#3981=CARTESIAN_POINT('Ctrl Pts',(219.865969540092,-7.05260078250777,-11.3157975396095));
#3982=CARTESIAN_POINT('Ctrl Pts',(219.781487166861,-7.06158281429776,-11.3058121721156));
#3983=CARTESIAN_POINT('Ctrl Pts',(219.697122499432,-7.07106142606149,-11.2955326777461));
#3984=CARTESIAN_POINT('Ctrl Pts',(219.209781933854,-7.12581553294749,-11.2361521959342));
#3985=CARTESIAN_POINT('Ctrl Pts',(218.726369151837,-7.19714224225918,-11.1669570829169));
#3986=CARTESIAN_POINT('Ctrl Pts',(218.249060806169,-7.28727888479426,-11.0847670611389));
#3987=CARTESIAN_POINT('Ctrl Pts',(217.77177850989,-7.37741060806803,-11.0025815249307));
#3988=CARTESIAN_POINT('Ctrl Pts',(217.300600248252,-7.48634957033884,-10.9074036000322));
#3989=CARTESIAN_POINT('Ctrl Pts',(216.843457414965,-7.6192021668794,-10.7929200114938));
#3990=CARTESIAN_POINT('Ctrl Pts',(216.760063177104,-7.64343778916123,-10.7720353537488));
#3991=CARTESIAN_POINT('Ctrl Pts',(216.677136006147,-7.66846918756063,-10.7505081712134));
#3992=CARTESIAN_POINT('Ctrl Pts',(216.5947783045,-7.6943624605595,-10.7282574578102));
#3993=CARTESIAN_POINT('Ctrl Pts',(216.451411950505,-7.73943686245061,-10.689523938168));
#3994=CARTESIAN_POINT('Ctrl Pts',(216.309772799166,-7.78712252980873,-10.6485962796188));
#3995=CARTESIAN_POINT('Ctrl Pts',(216.170399024012,-7.83776922197261,-10.6050462222472));
#3996=CARTESIAN_POINT('Ctrl Pts',(215.950971245157,-7.91750654095963,-10.5364817283351));
#3997=CARTESIAN_POINT('Ctrl Pts',(215.737158342797,-8.00458309120572,-10.461417358252));
#3998=CARTESIAN_POINT('Ctrl Pts',(215.53294027722,-8.1011123141287,-10.3772796513614));
#3999=CARTESIAN_POINT('Ctrl Pts',(215.430839602765,-8.14937297479677,-10.3352142415437));
#4000=CARTESIAN_POINT('Ctrl Pts',(215.331137286748,-8.19999646821026,-10.2908808194907));
#4001=CARTESIAN_POINT('Ctrl Pts',(215.234909639998,-8.25333807558407,-10.2438092464908));
#4002=CARTESIAN_POINT('Ctrl Pts',(215.171626383821,-8.2884177093311,-10.2128530450933));
#4003=CARTESIAN_POINT('Ctrl Pts',(215.10984259466,-8.3246746810168,-10.1807110543292));
#4004=CARTESIAN_POINT('Ctrl Pts',(215.049957070449,-8.36222908999097,-10.1472218494));
#4005=CARTESIAN_POINT('Ctrl Pts',(215.018797099517,-8.38176961013251,-10.1297965589663));
#4006=CARTESIAN_POINT('Ctrl Pts',(214.988151677817,-8.40166104472175,-10.1120068363144));
#4007=CARTESIAN_POINT('Ctrl Pts',(214.958077994746,-8.42191962388291,-10.0938305567139));
#4008=CARTESIAN_POINT('Ctrl Pts',(214.870214043431,-8.48110754605723,-10.0407263279395));
#4009=CARTESIAN_POINT('Ctrl Pts',(214.787231214276,-8.54342978165191,-9.98432204014811));
#4010=CARTESIAN_POINT('Ctrl Pts',(214.711546578066,-8.60917009145642,-9.92409369035276));
#4011=CARTESIAN_POINT('Ctrl Pts',(214.689286506132,-8.62850537664118,-9.90637956148779));
#4012=CARTESIAN_POINT('Ctrl Pts',(214.667657679995,-8.64813630250359,-9.88833467667775));
#4013=CARTESIAN_POINT('Ctrl Pts',(214.646742768027,-8.66806971044982,-9.8699441292838));
#4014=CARTESIAN_POINT('Ctrl Pts',(214.633123511556,-8.68104983657171,-9.85796867454631));
#4015=CARTESIAN_POINT('Ctrl Pts',(214.619806971951,-8.69415822266804,-9.84584665028755));
#4016=CARTESIAN_POINT('Ctrl Pts',(214.606815938082,-8.70739674664362,-9.83357395443184));
#4017=CARTESIAN_POINT('Ctrl Pts',(214.605835194681,-8.70839617403087,-9.83264744114559));
#4018=CARTESIAN_POINT('Ctrl Pts',(214.604856306052,-8.70939634358288,-9.83172006869597));
#4019=CARTESIAN_POINT('Ctrl Pts',(214.603879331419,-8.71039720520975,-9.83079188253777));
#4020=CARTESIAN_POINT('Ctrl Pts',(214.586969445664,-8.7277205370578,-9.81472644811234));
#4021=CARTESIAN_POINT('Ctrl Pts',(214.570629209845,-8.74525495368935,-9.79841376675927));
#4022=CARTESIAN_POINT('Ctrl Pts',(214.554921532338,-8.76296116433019,-9.78188696878554));
#4023=CARTESIAN_POINT('Ctrl Pts',(214.539195851519,-8.78068766889647,-9.76534122866701));
#4024=CARTESIAN_POINT('Ctrl Pts',(214.524104156903,-8.79858642505475,-9.74858081937451));
#4025=CARTESIAN_POINT('Ctrl Pts',(214.509689363345,-8.81673506572351,-9.73152367301729));
#4026=CARTESIAN_POINT('Ctrl Pts',(214.470282318772,-8.86634967095105,-9.68489298599957));
#4027=CARTESIAN_POINT('Ctrl Pts',(214.435931334582,-8.91782995787548,-9.6360466481145));
#4028=CARTESIAN_POINT('Ctrl Pts',(214.407755847819,-8.97043737728417,-9.58561585970982));
#4029=CARTESIAN_POINT('Ctrl Pts',(214.398917770963,-8.98693925424632,-9.56979674760145));
#4030=CARTESIAN_POINT('Ctrl Pts',(214.390687637874,-9.00355217238405,-9.55382157584591));
#4031=CARTESIAN_POINT('Ctrl Pts',(214.383100970156,-9.02025362434774,-9.53770946931409));
#4032=CARTESIAN_POINT('Ctrl Pts',(214.377386576863,-9.03283341150018,-9.5255735860874));
#4033=CARTESIAN_POINT('Ctrl Pts',(214.372037252795,-9.04546342926949,-9.5133600120555));
#4034=CARTESIAN_POINT('Ctrl Pts',(214.367068397252,-9.05813408004207,-9.50107688263367));
#4035=CARTESIAN_POINT('Ctrl Pts',(214.3639378267,-9.06611707850933,-9.49333803755716));
#4036=CARTESIAN_POINT('Ctrl Pts',(214.360957737773,-9.07411735951162,-9.48557047161037));
#4037=CARTESIAN_POINT('Ctrl Pts',(214.35812990043,-9.08213975888732,-9.47776914668962));
#4038=CARTESIAN_POINT('Ctrl Pts',(214.345260021306,-9.11865080875798,-9.44226423726049));
#4039=CARTESIAN_POINT('Ctrl Pts',(214.335565659954,-9.15557463912075,-9.4061037469184));
#4040=CARTESIAN_POINT('Ctrl Pts',(214.329496933382,-9.19258841741652,-9.36956916836311));
#4041=CARTESIAN_POINT('Ctrl Pts',(214.32460085099,-9.22245012004156,-9.34009407096475));
#4042=CARTESIAN_POINT('Ctrl Pts',(214.322064173184,-9.25236991474116,-9.31037596443484));
#4043=CARTESIAN_POINT('Ctrl Pts',(214.322098977787,-9.28217521380715,-9.28056756047094));
#4044=CARTESIAN_POINT('Ctrl Pts',(214.322141019669,-9.31817823481305,-9.24456078893381));
#4045=CARTESIAN_POINT('Ctrl Pts',(214.325936578307,-9.35401372351791,-9.20842262136572));
#4046=CARTESIAN_POINT('Ctrl Pts',(214.333089746243,-9.38944071995426,-9.17243114990009));
#4047=CARTESIAN_POINT('Ctrl Pts',(214.336802844739,-9.40783032415863,-9.15374853546579));
#4048=CARTESIAN_POINT('Ctrl Pts',(214.341419917091,-9.42611008936872,-9.13510527665175));
#4049=CARTESIAN_POINT('Ctrl Pts',(214.34687899659,-9.44424311511316,-9.11654397108572));
#4050=CARTESIAN_POINT('Ctrl Pts',(214.357408396821,-9.47921785498928,-9.08074317076246));
#4051=CARTESIAN_POINT('Ctrl Pts',(214.371069069294,-9.5136636379107,-9.04523039761179));
#4052=CARTESIAN_POINT('Ctrl Pts',(214.387489234737,-9.5474847778036,-9.01013641057224));
#4053=CARTESIAN_POINT('Ctrl Pts',(214.405183516105,-9.58393025501471,-8.97231932016822));
#4054=CARTESIAN_POINT('Ctrl Pts',(214.426082676846,-9.6196510896191,-8.9349877656239));
#4055=CARTESIAN_POINT('Ctrl Pts',(214.449783098728,-9.65451730793741,-8.8983109228207));
#4056=CARTESIAN_POINT('Ctrl Pts',(214.467865308343,-9.68111844910046,-8.87032836778947));
#4057=CARTESIAN_POINT('Ctrl Pts',(214.487579566928,-9.70722199270255,-8.84272693336283));
#4058=CARTESIAN_POINT('Ctrl Pts',(214.508764205868,-9.73276260782942,-8.81558816270672));
#4059=CARTESIAN_POINT('Ctrl Pts',(214.525812007157,-9.75331577055763,-8.79374892481962));
#4060=CARTESIAN_POINT('Ctrl Pts',(214.543812240196,-9.77350413505013,-8.77220953965254));
#4061=CARTESIAN_POINT('Ctrl Pts',(214.562731244058,-9.79335555358115,-8.75094631687071));
#4062=CARTESIAN_POINT('Ctrl Pts',(214.62554747611,-9.85926765561797,-8.68034664121337));
#4063=CARTESIAN_POINT('Ctrl Pts',(214.697841994035,-9.92077043925292,-8.61353278956853));
#4064=CARTESIAN_POINT('Ctrl Pts',(214.77715819515,-9.97848004437802,-8.55016708317839));
#4065=CARTESIAN_POINT('Ctrl Pts',(214.854445453192,-10.0347134125949,-8.48842229923761));
#4066=CARTESIAN_POINT('Ctrl Pts',(214.938396975784,-10.0873463839781,-8.4299503179503));
#4067=CARTESIAN_POINT('Ctrl Pts',(215.026749112626,-10.1369883509382,-8.37442480596719));
#4068=CARTESIAN_POINT('Ctrl Pts',(215.105344863807,-10.1811485469768,-8.32503076208719));
#4069=CARTESIAN_POINT('Ctrl Pts',(215.187421984071,-10.2229428926889,-8.27796792482894));
#4070=CARTESIAN_POINT('Ctrl Pts',(215.271418390526,-10.2628160360384,-8.2330060116809));
#4071=CARTESIAN_POINT('Ctrl Pts',(215.349632492219,-10.29994431593,-8.19113927242759));
#4072=CARTESIAN_POINT('Ctrl Pts',(215.430122642803,-10.3353906583855,-8.15086316284732));
#4073=CARTESIAN_POINT('Ctrl Pts',(215.511680012737,-10.369409746006,-8.11203433874688));
#4074=CARTESIAN_POINT('Ctrl Pts',(215.519686157584,-10.3727492571164,-8.1082226759846));
#4075=CARTESIAN_POINT('Ctrl Pts',(215.527702559853,-10.3760750414877,-8.10442494522682));
#4076=CARTESIAN_POINT('Ctrl Pts',(215.535728059485,-10.379387357416,-8.10064100180242));
#4077=CARTESIAN_POINT('Ctrl Pts',(215.612346250444,-10.4110095200146,-8.06451628519396));
#4078=CARTESIAN_POINT('Ctrl Pts',(215.689792212569,-10.4414025978888,-8.02964886018014));
#4079=CARTESIAN_POINT('Ctrl Pts',(215.768940403201,-10.4705693903418,-7.9959654697291));
#4080=CARTESIAN_POINT('Ctrl Pts',(215.847886900873,-10.4996618571952,-7.96236791450308));
#4081=CARTESIAN_POINT('Ctrl Pts',(215.928529311198,-10.5275341889715,-7.92994809823352));
#4082=CARTESIAN_POINT('Ctrl Pts',(216.009869534224,-10.554404477627,-7.89860344081293));
#4083=CARTESIAN_POINT('Ctrl Pts',(216.050488282415,-10.5678226543679,-7.88295090508668));
#4084=CARTESIAN_POINT('Ctrl Pts',(216.091280772759,-10.5809912642699,-7.86756641490617));
#4085=CARTESIAN_POINT('Ctrl Pts',(216.132317528491,-10.5939146045408,-7.85244300093864));
#4086=CARTESIAN_POINT('Ctrl Pts',(216.17333380957,-10.6068314969112,-7.83732713256421));
#4087=CARTESIAN_POINT('Ctrl Pts',(216.214594146193,-10.6195033626877,-7.82247207138242));
#4088=CARTESIAN_POINT('Ctrl Pts',(216.256035409308,-10.6319508307359,-7.80786852051088));
#4089=CARTESIAN_POINT('Ctrl Pts',(216.338898354865,-10.6568398855009,-7.77866831883154));
#4090=CARTESIAN_POINT('Ctrl Pts',(216.422484605539,-10.6808310489038,-7.75047353145478));
#4091=CARTESIAN_POINT('Ctrl Pts',(216.506631683657,-10.7040515699741,-7.72321920681095));
#4092=CARTESIAN_POINT('Ctrl Pts',(216.617566865001,-10.7346643110629,-7.68728850649));
#4093=CARTESIAN_POINT('Ctrl Pts',(216.729476697272,-10.7639369197639,-7.65299173730062));
#4094=CARTESIAN_POINT('Ctrl Pts',(216.842116503354,-10.7921504036468,-7.62023100974385));
#4095=CARTESIAN_POINT('',(228.382354911583,-11.2230732687876,-8.00183629290672));
#4096=CARTESIAN_POINT('Ctrl Pts',(216.842206665378,-10.7918259959264,-7.62019868210579));
#4097=CARTESIAN_POINT('Ctrl Pts',(216.900626470845,-10.8064668255488,-7.60320491518581));
#4098=CARTESIAN_POINT('Ctrl Pts',(217.131180563112,-10.8627265955157,-7.53798570898181));
#4099=CARTESIAN_POINT('Ctrl Pts',(218.06352406673,-11.0682901667193,-7.30149178638737));
#4100=CARTESIAN_POINT('Ctrl Pts',(220.416693268014,-11.4253362641703,-6.91676298955323));
#4101=CARTESIAN_POINT('Ctrl Pts',(223.398623925215,-11.6143979932133,-6.87918624052494));
#4102=CARTESIAN_POINT('Ctrl Pts',(226.32440386423,-11.535522346368,-7.32216730442805));
#4103=CARTESIAN_POINT('Ctrl Pts',(227.726658385687,-11.3641235951626,-7.7352370078709));
#4104=CARTESIAN_POINT('Ctrl Pts',(228.382355989421,-11.2230751721531,-8.00183488454651));
#4105=CARTESIAN_POINT('Ctrl Pts',(228.3823570045,-11.2230749537975,-8.00183529726381));
#4106=CARTESIAN_POINT('Ctrl Pts',(228.382035824168,-11.2231590972377,-8.00269799189307));
#4107=CARTESIAN_POINT('Ctrl Pts',(228.381715363964,-11.223246493324,-8.00356061895455));
#4108=CARTESIAN_POINT('Ctrl Pts',(228.381395637345,-11.2233371307473,-8.00442316653908));
#4109=CARTESIAN_POINT('Ctrl Pts',(228.373690448063,-11.225521429648,-8.02520996378592));
#4110=CARTESIAN_POINT('Ctrl Pts',(228.366427707109,-11.2295786963553,-8.0458955278506));
#4111=CARTESIAN_POINT('Ctrl Pts',(228.359657145614,-11.2353792319338,-8.0662802670763));
#4112=CARTESIAN_POINT('Ctrl Pts',(228.356236028688,-11.2383102016127,-8.07658053190077));
#4113=CARTESIAN_POINT('Ctrl Pts',(228.352940769577,-11.2416871031514,-8.08680398023368));
#4114=CARTESIAN_POINT('Ctrl Pts',(228.349779264313,-11.2454979194212,-8.09692399205244));
#4115=CARTESIAN_POINT('Ctrl Pts',(228.343485409413,-11.2530844083391,-8.1170706882129));
#4116=CARTESIAN_POINT('Ctrl Pts',(228.337752916654,-11.2623485286402,-8.13670444419088));
#4117=CARTESIAN_POINT('Ctrl Pts',(228.332639267847,-11.2731791419854,-8.15561965634929));
#4118=CARTESIAN_POINT('Ctrl Pts',(228.330096461265,-11.278564759173,-8.16502541098769));
#4119=CARTESIAN_POINT('Ctrl Pts',(228.327706929819,-11.2843384641113,-8.17425330003959));
#4120=CARTESIAN_POINT('Ctrl Pts',(228.325479533991,-11.2904906173629,-8.18327612031276));
#4121=CARTESIAN_POINT('Ctrl Pts',(228.320997218563,-11.3028709455835,-8.20143325520364));
#4122=CARTESIAN_POINT('Ctrl Pts',(228.31719975602,-11.3166990707497,-8.21864064698016));
#4123=CARTESIAN_POINT('Ctrl Pts',(228.314148033757,-11.3318692409676,-8.23469557551544));
#4124=CARTESIAN_POINT('Ctrl Pts',(228.313725596533,-11.3339691845529,-8.23691799251576));
#4125=CARTESIAN_POINT('Ctrl Pts',(228.313317479715,-11.3360949106931,-8.23911829052462));
#4126=CARTESIAN_POINT('Ctrl Pts',(228.312923875903,-11.3382462008158,-8.24129589310111));
#4127=CARTESIAN_POINT('Ctrl Pts',(228.310078721081,-11.353796745,-8.25703663616682));
#4128=CARTESIAN_POINT('Ctrl Pts',(228.307989997819,-11.3706806770131,-8.27159459237278));
#4129=CARTESIAN_POINT('Ctrl Pts',(228.306650849288,-11.3886861421057,-8.28485888344914));
#4130=CARTESIAN_POINT('Ctrl Pts',(228.306404699327,-11.3919957410246,-8.28729700338559));
#4131=CARTESIAN_POINT('Ctrl Pts',(228.306183937746,-11.3953433012858,-8.28969130815929));
#4132=CARTESIAN_POINT('Ctrl Pts',(228.305988607336,-11.3987275875378,-8.29204095829023));
#4133=CARTESIAN_POINT('Ctrl Pts',(228.304929413066,-11.4170791417363,-8.30478211802502));
#4134=CARTESIAN_POINT('Ctrl Pts',(228.304624510004,-11.4363591241027,-8.31610957447924));
#4135=CARTESIAN_POINT('Ctrl Pts',(228.305059258608,-11.4563406425096,-8.32593595558868));
#4136=CARTESIAN_POINT('Ctrl Pts',(228.305492465562,-11.4762513050012,-8.33572749163714));
#4137=CARTESIAN_POINT('Ctrl Pts',(228.306660084978,-11.4968598669199,-8.34402918060402));
#4138=CARTESIAN_POINT('Ctrl Pts',(228.308570014476,-11.5179625945921,-8.35071450005193));
#4139=CARTESIAN_POINT('Ctrl Pts',(228.309197541712,-11.524896115625,-8.35291103140676));
#4140=CARTESIAN_POINT('Ctrl Pts',(228.309905383303,-11.5318830646817,-8.35493271090434));
#4141=CARTESIAN_POINT('Ctrl Pts',(228.31069435249,-11.5389163347399,-8.35677392763505));
#4142=CARTESIAN_POINT('Ctrl Pts',(228.312336775085,-11.5535577197745,-8.3606068478647));
#4143=CARTESIAN_POINT('Ctrl Pts',(228.314321301244,-11.5683176962424,-8.36363684540194));
#4144=CARTESIAN_POINT('Ctrl Pts',(228.316647933521,-11.5831285509163,-8.36583298430426));
#4145=CARTESIAN_POINT('Ctrl Pts',(228.320073217875,-11.6049331950283,-8.36906615539667));
#4146=CARTESIAN_POINT('Ctrl Pts',(228.324238977237,-11.6268485921134,-8.37049443247287));
#4147=CARTESIAN_POINT('Ctrl Pts',(228.329066382809,-11.6486526492152,-8.37017879832944));
#4148=CARTESIAN_POINT('Ctrl Pts',(228.332135821104,-11.6625164538745,-8.3699781067752));
#4149=CARTESIAN_POINT('Ctrl Pts',(228.335473240688,-11.676335371052,-8.36907136890362));
#4150=CARTESIAN_POINT('Ctrl Pts',(228.339062508707,-11.6900503638118,-8.3674643444638));
#4151=CARTESIAN_POINT('Ctrl Pts',(228.344711126989,-11.7116343632314,-8.36493528628756));
#4152=CARTESIAN_POINT('Ctrl Pts',(228.350935939195,-11.7327825251775,-8.3606953133343));
#4153=CARTESIAN_POINT('Ctrl Pts',(228.357661677648,-11.7532741176284,-8.35481407579834));
#4154=CARTESIAN_POINT('Ctrl Pts',(228.364327477192,-11.7735830916661,-8.34898525108824));
#4155=CARTESIAN_POINT('Ctrl Pts',(228.371485754516,-11.7932484851607,-8.34154393557203));
#4156=CARTESIAN_POINT('Ctrl Pts',(228.379080812417,-11.8120397524728,-8.3325139954636));
#4157=CARTESIAN_POINT('Ctrl Pts',(228.381582845617,-11.8182301430276,-8.32953927028789));
#4158=CARTESIAN_POINT('Ctrl Pts',(228.38413239449,-11.8243254570857,-8.32639180698057));
#4159=CARTESIAN_POINT('Ctrl Pts',(228.386727768482,-11.8303166952171,-8.32307149428805));
#4160=CARTESIAN_POINT('Ctrl Pts',(228.388558753131,-11.8345433943674,-8.32072907982738));
#4161=CARTESIAN_POINT('Ctrl Pts',(228.390409111094,-11.8387103025891,-8.31830505661259));
#4162=CARTESIAN_POINT('Ctrl Pts',(228.392278045648,-11.8428147814562,-8.31580018816855));
#4163=CARTESIAN_POINT('Ctrl Pts',(228.400274634095,-11.860376567243,-8.30508263681479));
#4164=CARTESIAN_POINT('Ctrl Pts',(228.408610115559,-11.8767976792214,-8.29288841061838));
#4165=CARTESIAN_POINT('Ctrl Pts',(228.417178598033,-11.8919653768356,-8.27941143668297));
#4166=CARTESIAN_POINT('Ctrl Pts',(228.425866953746,-11.9073452708405,-8.26574591961465));
#4167=CARTESIAN_POINT('Ctrl Pts',(228.434795517279,-11.9214373751607,-8.25076056409349));
#4168=CARTESIAN_POINT('Ctrl Pts',(228.443863847884,-11.9340874131734,-8.23462205112472));
#4169=CARTESIAN_POINT('Ctrl Pts',(228.444852389254,-11.9354663975155,-8.23286278710773));
#4170=CARTESIAN_POINT('Ctrl Pts',(228.445842595449,-11.9368282015647,-8.23108979391639));
#4171=CARTESIAN_POINT('Ctrl Pts',(228.446834338238,-11.9381725919097,-8.22930326997871));
#4172=CARTESIAN_POINT('Ctrl Pts',(228.355838861293,-11.2288121618228,-7.99499626181907));
#4173=CARTESIAN_POINT('Ctrl Pts',(228.725065685023,-11.149178811121,-8.08990527543834));
#4174=CARTESIAN_POINT('Ctrl Pts',(229.451524700259,-10.9698029779547,-8.30416132406826));
#4175=CARTESIAN_POINT('Ctrl Pts',(230.304133207106,-10.6727614568891,-8.65076503248139));
#4176=CARTESIAN_POINT('Ctrl Pts',(230.826041102969,-10.3976104357467,-8.95862865537151));
#4177=CARTESIAN_POINT('Ctrl Pts',(231.047322389043,-10.2352102405225,-9.13522733685825));
#4178=CARTESIAN_POINT('Ctrl Pts',(231.156910351566,-10.1340833266495,-9.24344747826367));
#4179=CARTESIAN_POINT('Ctrl Pts',(231.300867946366,-9.97459670247524,-9.41230017223387));
#4180=CARTESIAN_POINT('Ctrl Pts',(231.422540315723,-9.69722181048564,-9.69769497677813));
#4181=CARTESIAN_POINT('Ctrl Pts',(231.260189204745,-9.31807145090553,-10.0661453039955));
#4182=CARTESIAN_POINT('Ctrl Pts',(230.900419293384,-9.00295029835637,-10.3579509907034));
#4183=CARTESIAN_POINT('Ctrl Pts',(230.30567319187,-8.65063287341369,-10.6729979265981));
#4184=CARTESIAN_POINT('Ctrl Pts',(229.45153956755,-8.30429292017775,-10.969674198434));
#4185=CARTESIAN_POINT('Ctrl Pts',(228.725052444671,-8.08990187203193,-11.1491816667471));
#4186=CARTESIAN_POINT('Ctrl Pts',(228.355838861277,-7.99499626181494,-11.2288121618262));
#4187=CARTESIAN_POINT('Ctrl Pts',(228.329174634426,-11.2364270119334,-8.08563660185822));
#4188=CARTESIAN_POINT('Ctrl Pts',(228.694917609838,-11.1528185507194,-8.18138545829166));
#4189=CARTESIAN_POINT('Ctrl Pts',(229.413269430877,-10.9648286430803,-8.39656549552319));
#4190=CARTESIAN_POINT('Ctrl Pts',(230.250514030282,-10.6569527594526,-8.73904609996238));
#4191=CARTESIAN_POINT('Ctrl Pts',(230.754888900621,-10.3782892492645,-9.03637551757671));
#4192=CARTESIAN_POINT('Ctrl Pts',(230.964953657187,-10.2179094940813,-9.20336849268837));
#4193=CARTESIAN_POINT('Ctrl Pts',(231.06769403423,-10.1199676209881,-9.30417861817065));
#4194=CARTESIAN_POINT('Ctrl Pts',(231.201354613789,-9.96713958735649,-9.460370039876));
#4195=CARTESIAN_POINT('Ctrl Pts',(231.309439935389,-9.71445157174817,-9.71450905245892));
#4196=CARTESIAN_POINT('Ctrl Pts',(231.165250655851,-9.37564044385894,-10.0513968289267));
#4197=CARTESIAN_POINT('Ctrl Pts',(230.826813722389,-9.07879391297741,-10.3385434391585));
#4198=CARTESIAN_POINT('Ctrl Pts',(230.251715523421,-8.7390342549315,-10.6569254830287));
#4199=CARTESIAN_POINT('Ctrl Pts',(229.413270731649,-8.39651832128388,-10.9648711631928));
#4200=CARTESIAN_POINT('Ctrl Pts',(228.694904494416,-8.18138202476878,-11.1528215488916));
#4201=CARTESIAN_POINT('Ctrl Pts',(228.32917463441,-8.08563660185405,-11.236427011937));
#4202=CARTESIAN_POINT('Ctrl Pts',(228.29110869663,-11.3204105951605,-8.26529507682727));
#4203=CARTESIAN_POINT('Ctrl Pts',(228.650897802667,-11.2311744701643,-8.36651732945617));
#4204=CARTESIAN_POINT('Ctrl Pts',(229.355102201904,-11.0302975847033,-8.59197864977896));
#4205=CARTESIAN_POINT('Ctrl Pts',(230.163876959126,-10.7044483840245,-8.94104250375788));
#4206=CARTESIAN_POINT('Ctrl Pts',(230.634543726743,-10.4189124361535,-9.23073381909246));
#4207=CARTESIAN_POINT('Ctrl Pts',(230.82274620354,-10.2614286763487,-9.38611516462925));
#4208=CARTESIAN_POINT('Ctrl Pts',(230.912077330422,-10.1686995236433,-9.47663063341282));
#4209=CARTESIAN_POINT('Ctrl Pts',(231.025519741792,-10.0269077195098,-9.61437628199906));
#4210=CARTESIAN_POINT('Ctrl Pts',(231.106762609857,-9.81736955864327,-9.81660112247299));
#4211=CARTESIAN_POINT('Ctrl Pts',(230.998454358784,-9.54514949036004,-10.0986123038773));
#4212=CARTESIAN_POINT('Ctrl Pts',(230.701753277779,-9.27128900735599,-10.3789882526991));
#4213=CARTESIAN_POINT('Ctrl Pts',(230.16440792767,-8.94129772434691,-10.7039394644961));
#4214=CARTESIAN_POINT('Ctrl Pts',(229.355075644883,-8.59158825328969,-11.0306740717146));
#4215=CARTESIAN_POINT('Ctrl Pts',(228.650884900748,-8.36651369965911,-11.2311776701427));
#4216=CARTESIAN_POINT('Ctrl Pts',(228.291108696614,-8.26529507682286,-11.3204105951644));
#4217=CARTESIAN_POINT('Ctrl Pts',(228.305734782229,-11.568262677429,-8.38882941083915));
#4218=CARTESIAN_POINT('Ctrl Pts',(228.66483495502,-11.4794189285598,-8.50038585776966));
#4219=CARTESIAN_POINT('Ctrl Pts',(229.366689805454,-11.2779556510477,-8.74803844709126));
#4220=CARTESIAN_POINT('Ctrl Pts',(230.168251948525,-10.9472057029324,-9.128567896903));
#4221=CARTESIAN_POINT('Ctrl Pts',(230.628868243807,-10.6559436387668,-9.44086903444179));
#4222=CARTESIAN_POINT('Ctrl Pts',(230.810267420254,-10.4957081402071,-9.60625161456276));
#4223=CARTESIAN_POINT('Ctrl Pts',(230.895365719733,-10.4017839882323,-9.70155970215104));
#4224=CARTESIAN_POINT('Ctrl Pts',(231.002379573455,-10.2583947438393,-9.84562814353414));
#4225=CARTESIAN_POINT('Ctrl Pts',(231.074938952632,-10.0508263595069,-10.0498198690097));
#4226=CARTESIAN_POINT('Ctrl Pts',(230.978238548335,-9.77520658547799,-10.3299775008362));
#4227=CARTESIAN_POINT('Ctrl Pts',(230.694675434984,-9.48441381624788,-10.6154357862964));
#4228=CARTESIAN_POINT('Ctrl Pts',(230.168562581309,-9.12896011895865,-10.9466118979024));
#4229=CARTESIAN_POINT('Ctrl Pts',(229.366654109206,-8.74754565878179,-11.2784353225285));
#4230=CARTESIAN_POINT('Ctrl Pts',(228.664822077807,-8.50038185739177,-11.4794221144678));
#4231=CARTESIAN_POINT('Ctrl Pts',(228.305734782214,-8.38882941083429,-11.5682626774328));
#4232=CARTESIAN_POINT('Ctrl Pts',(228.366542542689,-11.8040693148461,-8.35616319269914));
#4233=CARTESIAN_POINT('Ctrl Pts',(228.731054026839,-11.7190886282729,-8.47405959798754));
#4234=CARTESIAN_POINT('Ctrl Pts',(229.444925206736,-11.5250919203655,-8.73609321222293));
#4235=CARTESIAN_POINT('Ctrl Pts',(230.268012991632,-11.199619594179,-9.14372281822252));
#4236=CARTESIAN_POINT('Ctrl Pts',(230.752924344938,-10.9028408228953,-9.48726802181418));
#4237=CARTESIAN_POINT('Ctrl Pts',(230.949932166176,-10.7332704957471,-9.6749325126365));
#4238=CARTESIAN_POINT('Ctrl Pts',(231.044581732791,-10.6307294735134,-9.78586939451836));
#4239=CARTESIAN_POINT('Ctrl Pts',(231.165982215491,-10.4713598627591,-9.95570979265284));
#4240=CARTESIAN_POINT('Ctrl Pts',(231.257614033783,-10.2171596014541,-10.2167618101796));
#4241=CARTESIAN_POINT('Ctrl Pts',(231.135419037643,-9.8676728716872,-10.5571229351868));
#4242=CARTESIAN_POINT('Ctrl Pts',(230.822131170734,-9.53585297374286,-10.8609417563778));
#4243=CARTESIAN_POINT('Ctrl Pts',(230.268798830627,-9.14393736262122,-11.1994119122947));
#4244=CARTESIAN_POINT('Ctrl Pts',(229.444909016521,-8.73585741087825,-11.5253235867262));
#4245=CARTESIAN_POINT('Ctrl Pts',(228.731040955577,-8.47405537026079,-11.7190916756528));
#4246=CARTESIAN_POINT('Ctrl Pts',(228.366542542673,-8.356163192694,-11.8040693148498));
#4247=CARTESIAN_POINT('Ctrl Pts',(228.41680214839,-11.911320487121,-8.26890946598199));
#4248=CARTESIAN_POINT('Ctrl Pts',(228.786343854269,-11.8285029786649,-8.38820613622504));
#4249=CARTESIAN_POINT('Ctrl Pts',(229.511699339125,-11.6388180164309,-8.65401789984917));
#4250=CARTESIAN_POINT('Ctrl Pts',(230.356207078655,-11.3162816236108,-9.07206924853161));
#4251=CARTESIAN_POINT('Ctrl Pts',(230.865945044541,-11.0140966360192,-9.4328820449245));
#4252=CARTESIAN_POINT('Ctrl Pts',(231.079018489998,-10.8361030814377,-9.63534083930535));
#4253=CARTESIAN_POINT('Ctrl Pts',(231.183527243604,-10.7258051454907,-9.7576044347933));
#4254=CARTESIAN_POINT('Ctrl Pts',(231.319797338259,-10.5521499792089,-9.94682260323435));
#4255=CARTESIAN_POINT('Ctrl Pts',(231.431214348591,-10.2556503259964,-10.2558889251044));
#4256=CARTESIAN_POINT('Ctrl Pts',(231.282571758295,-9.84415516895337,-10.6506222268934));
#4257=CARTESIAN_POINT('Ctrl Pts',(230.938622763187,-9.48451733353288,-10.970823289392));
#4258=CARTESIAN_POINT('Ctrl Pts',(230.357488777102,-9.07206890312152,-11.3164166150708));
#4259=CARTESIAN_POINT('Ctrl Pts',(229.511702818852,-8.65403886285955,-11.6387978906831));
#4260=CARTESIAN_POINT('Ctrl Pts',(228.786330602626,-8.38820185828524,-11.8285059484739));
#4261=CARTESIAN_POINT('Ctrl Pts',(228.416802148373,-8.26890946597679,-11.9113204871246));
#4262=CARTESIAN_POINT('Ctrl Pts',(228.441988562591,-11.9489804683691,-8.214125989205));
#4263=CARTESIAN_POINT('Ctrl Pts',(228.814072838836,-11.8668577788067,-8.3335887798758));
#4264=CARTESIAN_POINT('Ctrl Pts',(229.545184397934,-11.6786518567162,-8.60000298531554));
#4265=CARTESIAN_POINT('Ctrl Pts',(230.400523963799,-11.3566935066278,-9.02141449382306));
#4266=CARTESIAN_POINT('Ctrl Pts',(230.922825378058,-11.0512658250879,-9.3893321485715));
#4267=CARTESIAN_POINT('Ctrl Pts',(231.144040759602,-10.8688334917115,-9.59842224945418));
#4268=CARTESIAN_POINT('Ctrl Pts',(231.253545479039,-10.7545548292507,-9.72592630168224));
#4269=CARTESIAN_POINT('Ctrl Pts',(231.397352226069,-10.5736437355209,-9.92422652083389));
#4270=CARTESIAN_POINT('Ctrl Pts',(231.518793658948,-10.256020110235,-10.2565665876169));
#4271=CARTESIAN_POINT('Ctrl Pts',(231.35675109294,-9.81448679201145,-10.6784651591642));
#4272=CARTESIAN_POINT('Ctrl Pts',(230.997260769552,-9.44228203264584,-11.0072228213519));
#4273=CARTESIAN_POINT('Ctrl Pts',(230.402055820095,-9.02129382996151,-11.356998585876));
#4274=CARTESIAN_POINT('Ctrl Pts',(229.545198362824,-8.60015488464863,-11.6785030385321));
#4275=CARTESIAN_POINT('Ctrl Pts',(228.814059496016,-8.33358449597896,-11.8668607236997));
#4276=CARTESIAN_POINT('Ctrl Pts',(228.441988562575,-8.21412598919979,-11.9489804683727));
#4277=CARTESIAN_POINT('Ctrl Pts',(228.382355073869,-11.2230736507703,-8.00183594276366));
#4278=CARTESIAN_POINT('Ctrl Pts',(228.742456477753,-11.1448747872085,-8.0950452904601));
#4279=CARTESIAN_POINT('Ctrl Pts',(229.459691967346,-10.9669575718639,-8.30748149392022));
#4280=CARTESIAN_POINT('Ctrl Pts',(230.304133207106,-10.6727614568891,-8.65076503248139));
#4281=CARTESIAN_POINT('Ctrl Pts',(230.826041102969,-10.3976104357467,-8.95862865537151));
#4282=CARTESIAN_POINT('Ctrl Pts',(231.047322389043,-10.2352102405225,-9.13522733685825));
#4283=CARTESIAN_POINT('Ctrl Pts',(231.156910351566,-10.1340833266495,-9.24344747826367));
#4284=CARTESIAN_POINT('Ctrl Pts',(231.300867946366,-9.97459670247524,-9.41230017223387));
#4285=CARTESIAN_POINT('Ctrl Pts',(231.422540315723,-9.69722181048564,-9.69769497677813));
#4286=CARTESIAN_POINT('Ctrl Pts',(231.260189204745,-9.31807145090553,-10.0661453039955));
#4287=CARTESIAN_POINT('Ctrl Pts',(230.900419293384,-9.00295029835637,-10.3579509907034));
#4288=CARTESIAN_POINT('Ctrl Pts',(230.30567319187,-8.65063287341369,-10.6729979265981));
#4289=CARTESIAN_POINT('Ctrl Pts',(229.459721752045,-8.30761068839907,-10.966832184114));
#4290=CARTESIAN_POINT('Ctrl Pts',(228.742444736041,-8.09504526439495,-11.1448743887294));
#4291=CARTESIAN_POINT('Ctrl Pts',(228.382355171295,-8.00183607640608,-11.2230735234468));
#4292=CARTESIAN_POINT('Ctrl Pts',(228.446834826073,-8.22929747253542,-11.9381674683533));
#4293=CARTESIAN_POINT('Ctrl Pts',(228.44709720129,-8.22882518000348,-11.9385236041751));
#4294=CARTESIAN_POINT('Ctrl Pts',(228.447344406967,-8.2283446281722,-11.9388836316038));
#4295=CARTESIAN_POINT('Ctrl Pts',(228.447576010935,-8.22785567129262,-11.9392475943182));
#4296=CARTESIAN_POINT('Ctrl Pts',(228.449248677873,-8.22432437598586,-11.941876169309));
#4297=CARTESIAN_POINT('Ctrl Pts',(228.450000020208,-8.22058156387065,-11.9445410660656));
#4298=CARTESIAN_POINT('Ctrl Pts',(228.450000025394,-8.21670064188568,-11.947210170834));
#4299=CARTESIAN_POINT('Ctrl Pts',(228.450000016396,-11.9472101841369,-8.21670062752111));
#4300=CARTESIAN_POINT('Ctrl Pts',(228.450000007079,-11.944333851371,-8.2208828641949));
#4301=CARTESIAN_POINT('Ctrl Pts',(228.449127462946,-11.941471124946,-8.2248920303226));
#4302=CARTESIAN_POINT('Ctrl Pts',(228.447185527361,-11.9386589823429,-8.22864369560974));
#4303=CARTESIAN_POINT('Ctrl Pts',(228.447071797993,-11.9384942893403,-8.22886341171529));
#4304=CARTESIAN_POINT('Ctrl Pts',(228.44695487714,-11.9383304590686,-8.22908132543276));
#4305=CARTESIAN_POINT('Ctrl Pts',(228.446834811245,-11.9381674870382,-8.22929745213596));
#4306=CARTESIAN_POINT('Ctrl Pts',(239.45,-6.7175144212722,-9.9675144212722));
#4307=CARTESIAN_POINT('Ctrl Pts',(237.197895440797,-6.7175144212722,-9.9675144212722));
#4308=CARTESIAN_POINT('Ctrl Pts',(234.215502621877,-6.90668478567133,-10.1566847856713));
#4309=CARTESIAN_POINT('Ctrl Pts',(229.42951460186,-7.68286089807796,-10.932860898078));
#4310=CARTESIAN_POINT('Ctrl Pts',(224.17676279079,-8.96526384809705,-12.2152638480971));
#4311=CARTESIAN_POINT('Ctrl Pts',(219.18176236526,-10.4384636232363,-13.6884636232363));
#4312=CARTESIAN_POINT('Ctrl Pts',(216.532139402493,-11.2554444077743,-14.5054444077743));
#4313=CARTESIAN_POINT('Ctrl Pts',(239.45,-7.20371328432777,-9.9675144212722));
#4314=CARTESIAN_POINT('Ctrl Pts',(237.216530986269,-7.20371328432777,-9.9675144212722));
#4315=CARTESIAN_POINT('Ctrl Pts',(234.267953025506,-7.39098146134062,-10.154782598285));
#4316=CARTESIAN_POINT('Ctrl Pts',(229.531323964712,-8.15879452441133,-10.9225956613558));
#4317=CARTESIAN_POINT('Ctrl Pts',(224.303983359072,-9.43434189192014,-12.1981430288646));
#4318=CARTESIAN_POINT('Ctrl Pts',(219.315784012228,-10.9054453777162,-13.6692465146607));
#4319=CARTESIAN_POINT('Ctrl Pts',(216.669556798606,-11.7213791220378,-14.4851802589822));
#4320=CARTESIAN_POINT('Ctrl Pts',(239.45,-8.17252067175861,-9.74342308140118));
#4321=CARTESIAN_POINT('Ctrl Pts',(237.244167060261,-8.17252067175861,-9.74342308140118));
#4322=CARTESIAN_POINT('Ctrl Pts',(234.34817647485,-8.35666239046921,-9.92756480011177));
#4323=CARTESIAN_POINT('Ctrl Pts',(229.685420447195,-9.11196004276452,-10.6828624524071));
#4324=CARTESIAN_POINT('Ctrl Pts',(224.497525878869,-10.3770818748096,-11.9479842844521));
#4325=CARTESIAN_POINT('Ctrl Pts',(219.521231905601,-11.8447666855927,-13.4156690952353));
#4326=CARTESIAN_POINT('Ctrl Pts',(216.880040507795,-12.6591476939915,-14.230050103634));
#4327=CARTESIAN_POINT('Ctrl Pts',(239.45,-9.74484515616624,-8.50763836130205));
#4328=CARTESIAN_POINT('Ctrl Pts',(237.257285277486,-9.74484515616624,-8.50763836130205));
#4329=CARTESIAN_POINT('Ctrl Pts',(234.384509702399,-9.92772152822345,-8.69051473335926));
#4330=CARTESIAN_POINT('Ctrl Pts',(229.756336477074,-10.6771594292337,-9.43995263436956));
#4331=CARTESIAN_POINT('Ctrl Pts',(224.585904978639,-11.9375177880987,-10.7003109932345));
#4332=CARTESIAN_POINT('Ctrl Pts',(219.613959836169,-13.4038016701633,-12.1665948752991));
#4333=CARTESIAN_POINT('Ctrl Pts',(216.975158825861,-14.2174456300531,-12.980238835189));
#4334=CARTESIAN_POINT('Ctrl Pts',(239.45,-10.3440040348037,-5.89188615663395));
#4335=CARTESIAN_POINT('Ctrl Pts',(237.180897403569,-10.3440040348037,-5.89188615663395));
#4336=CARTESIAN_POINT('Ctrl Pts',(234.167077794762,-10.534982458737,-6.08286458056732));
#4337=CARTESIAN_POINT('Ctrl Pts',(229.335906727227,-11.3188138102072,-6.86669593203749));
#4338=CARTESIAN_POINT('Ctrl Pts',(224.059555585977,-12.6075318018619,-8.15541392369214));
#4339=CARTESIAN_POINT('Ctrl Pts',(219.057916890542,-14.0827177265394,-9.63059984836972));
#4340=CARTESIAN_POINT('Ctrl Pts',(216.405196563629,-14.9006535477092,-10.4485356695395));
#4341=CARTESIAN_POINT('Ctrl Pts',(239.45,-8.3322171137765,-3.36414726046837));
#4342=CARTESIAN_POINT('Ctrl Pts',(237.009627392167,-8.3322171137765,-3.36414726046837));
#4343=CARTESIAN_POINT('Ctrl Pts',(233.677706911947,-8.54159466566087,-3.57352481235273));
#4344=CARTESIAN_POINT('Ctrl Pts',(228.390876793131,-9.40262639983686,-4.43455654652873));
#4345=CARTESIAN_POINT('Ctrl Pts',(222.87569619777,-10.7551275727358,-5.78705771942766));
#4346=CARTESIAN_POINT('Ctrl Pts',(217.806091229761,-12.25050962962,-7.28243977631188));
#4347=CARTESIAN_POINT('Ctrl Pts',(215.12216226473,-13.0780682756264,-8.10999842231828));
#4348=CARTESIAN_POINT('Ctrl Pts',(239.45,-5.10320280203566,-3.36725241128433));
#4349=CARTESIAN_POINT('Ctrl Pts',(236.887747080924,-5.10320280203566,-3.36725241128433));
#4350=CARTESIAN_POINT('Ctrl Pts',(233.329925040359,-5.32561513627835,-3.589664745527));
#4351=CARTESIAN_POINT('Ctrl Pts',(227.71896504526,-6.24156303925892,-4.50561264850758));
#4352=CARTESIAN_POINT('Ctrl Pts',(222.034164502655,-7.63940444149378,-5.90345405074245));
#4353=CARTESIAN_POINT('Ctrl Pts',(216.916541442611,-9.1490992402429,-7.41314884949156));
#4354=CARTESIAN_POINT('Ctrl Pts',(214.21040357775,-9.98350574523248,-8.24755535448114));
#4355=CARTESIAN_POINT('Ctrl Pts',(239.45,-3.08894441785026,-5.88786116014673));
#4356=CARTESIAN_POINT('Ctrl Pts',(236.907023615678,-3.08894441785026,-5.88786116014673));
#4357=CARTESIAN_POINT('Ctrl Pts',(233.384532661442,-3.30934492810478,-6.10826167040125));
#4358=CARTESIAN_POINT('Ctrl Pts',(227.82472701933,-4.21662574698065,-7.01554248927713));
#4359=CARTESIAN_POINT('Ctrl Pts',(222.166466630558,-5.60733830815966,-8.40625505045615));
#4360=CARTESIAN_POINT('Ctrl Pts',(217.056141832918,-7.11481987263882,-9.91373661493529));
#4361=CARTESIAN_POINT('Ctrl Pts',(214.353516517582,-7.94814332335713,-10.7470600656536));
#4362=CARTESIAN_POINT('Ctrl Pts',(239.45,-3.81091375647362,-9.03683093056624));
#4363=CARTESIAN_POINT('Ctrl Pts',(237.052952530402,-3.81091375647362,-9.03683093056624));
#4364=CARTESIAN_POINT('Ctrl Pts',(233.801813653242,-4.01559773847746,-9.24151491257008));
#4365=CARTESIAN_POINT('Ctrl Pts',(228.630335543398,-4.85708601599437,-10.083003190087));
#4366=CARTESIAN_POINT('Ctrl Pts',(223.175796522685,-6.1934190878885,-11.4193362619811));
#4367=CARTESIAN_POINT('Ctrl Pts',(218.123618318749,-7.68365243645233,-12.909569610545));
#4368=CARTESIAN_POINT('Ctrl Pts',(215.447584014024,-8.5087768546985,-13.7346940287911));
#4369=CARTESIAN_POINT('Ctrl Pts',(239.45,-5.74511669516108,-9.9675144212722));
#4370=CARTESIAN_POINT('Ctrl Pts',(237.161527599921,-5.74511669516108,-9.9675144212722));
#4371=CARTESIAN_POINT('Ctrl Pts',(234.110716586795,-5.93830313336879,-10.1607008594799));
#4372=CARTESIAN_POINT('Ctrl Pts',(229.227731848374,-6.73091258410437,-10.9533103102155));
#4373=CARTESIAN_POINT('Ctrl Pts',(223.923637055132,-8.02695187426778,-12.2493496003789));
#4374=CARTESIAN_POINT('Ctrl Pts',(218.913554482064,-9.5045508634829,-13.726948589594));
#4375=CARTESIAN_POINT('Ctrl Pts',(216.257304610267,-10.3235749792473,-14.5459727053584));
#4376=CARTESIAN_POINT('Ctrl Pts',(239.45,-6.7175144212722,-9.9675144212722));
#4377=CARTESIAN_POINT('Ctrl Pts',(237.197895440797,-6.7175144212722,-9.9675144212722));
#4378=CARTESIAN_POINT('Ctrl Pts',(234.215502621877,-6.90668478567133,-10.1566847856713));
#4379=CARTESIAN_POINT('Ctrl Pts',(229.42951460186,-7.68286089807796,-10.932860898078));
#4380=CARTESIAN_POINT('Ctrl Pts',(224.17676279079,-8.96526384809705,-12.2152638480971));
#4381=CARTESIAN_POINT('Ctrl Pts',(219.18176236526,-10.4384636232363,-13.6884636232363));
#4382=CARTESIAN_POINT('Ctrl Pts',(216.532139402493,-11.2554444077743,-14.5054444077743));
#4383=CARTESIAN_POINT('',(239.45,-6.7175144212722,-9.9675144212722));
#4384=CARTESIAN_POINT('Ctrl Pts',(239.45,-6.7175144212722,-9.9675144212722));
#4385=CARTESIAN_POINT('Ctrl Pts',(239.226208760151,-6.7175144212722,-9.9675144212722));
#4386=CARTESIAN_POINT('Ctrl Pts',(239.004691226148,-6.7187737111668,-9.9687737111668));
#4387=CARTESIAN_POINT('Ctrl Pts',(238.785420743241,-6.72128441309007,-9.97128441309007));
#4388=CARTESIAN_POINT('Ctrl Pts',(238.56116441979,-6.72385220413577,-9.97385220413577));
#4389=CARTESIAN_POINT('Ctrl Pts',(238.339258367761,-6.72772890370136,-9.97772890370135));
#4390=CARTESIAN_POINT('Ctrl Pts',(238.119619818816,-6.73290522999979,-9.98290522999979));
#4391=CARTESIAN_POINT('Ctrl Pts',(237.890231804168,-6.7383113266002,-9.9883113266002));
#4392=CARTESIAN_POINT('Ctrl Pts',(237.663317040803,-6.74513490664241,-9.99513490664241));
#4393=CARTESIAN_POINT('Ctrl Pts',(237.438723604487,-6.75336557811073,-10.0033655781107));
#4394=CARTESIAN_POINT('Ctrl Pts',(237.207567009434,-6.76183676953477,-10.0118367695348));
#4395=CARTESIAN_POINT('Ctrl Pts',(236.978869120943,-6.77179838931212,-10.0217983893121));
#4396=CARTESIAN_POINT('Ctrl Pts',(236.752407079913,-6.78324072599166,-10.0332407259917));
#4397=CARTESIAN_POINT('Ctrl Pts',(236.516979306064,-6.79513606986404,-10.045136069864));
#4398=CARTESIAN_POINT('Ctrl Pts',(236.283967770305,-6.80863158664228,-10.0586315866423));
#4399=CARTESIAN_POINT('Ctrl Pts',(236.053063557394,-6.82371982823713,-10.0737198282371));
#4400=CARTESIAN_POINT('Ctrl Pts',(235.807767864714,-6.83974846897378,-10.0897484689738));
#4401=CARTESIAN_POINT('Ctrl Pts',(235.564849970235,-6.85757443079043,-10.1075744307904));
#4402=CARTESIAN_POINT('Ctrl Pts',(235.323879047747,-6.87719452106481,-10.1271945210648));
#4403=CARTESIAN_POINT('Ctrl Pts',(235.059607289816,-6.89871178835177,-10.1487117883518));
#4404=CARTESIAN_POINT('Ctrl Pts',(234.797676493786,-6.92238674792966,-10.1723867479297));
#4405=CARTESIAN_POINT('Ctrl Pts',(234.537456150754,-6.9482245377488,-10.1982245377488));
#4406=CARTESIAN_POINT('Ctrl Pts',(234.231921138168,-6.97856171026038,-10.2285617102604));
#4407=CARTESIAN_POINT('Ctrl Pts',(233.928743111689,-7.01188021761123,-10.2618802176112));
#4408=CARTESIAN_POINT('Ctrl Pts',(233.626833712527,-7.048205737703,-10.298205737703));
#4409=CARTESIAN_POINT('Ctrl Pts',(233.264350339035,-7.09181947448379,-10.3418194744838));
#4410=CARTESIAN_POINT('Ctrl Pts',(232.903689179411,-7.1397679877284,-10.3897679877284));
#4411=CARTESIAN_POINT('Ctrl Pts',(232.542935701375,-7.19212297762846,-10.4421229776285));
#4412=CARTESIAN_POINT('Ctrl Pts',(232.264211595954,-7.23257330898403,-10.482573308984));
#4413=CARTESIAN_POINT('Ctrl Pts',(231.98543094797,-7.27565488965281,-10.5256548896528));
#4414=CARTESIAN_POINT('Ctrl Pts',(231.705745029244,-7.32140577688577,-10.5714057768858));
#4415=CARTESIAN_POINT('Ctrl Pts',(231.460126867926,-7.36158387684889,-10.6115838768489));
#4416=CARTESIAN_POINT('Ctrl Pts',(231.213809799671,-7.4038209917115,-10.6538209917115));
#4417=CARTESIAN_POINT('Ctrl Pts',(230.966260935333,-7.44814010245039,-10.6981401024504));
#4418=CARTESIAN_POINT('Ctrl Pts',(230.740480988855,-7.48856188534708,-10.7385618853471));
#4419=CARTESIAN_POINT('Ctrl Pts',(230.513676175389,-7.53071575476142,-10.7807157547614));
#4420=CARTESIAN_POINT('Ctrl Pts',(230.285485102627,-7.57461322440562,-10.8246132244056));
#4421=CARTESIAN_POINT('Ctrl Pts',(230.061466783092,-7.61770797505706,-10.8677079750571));
#4422=CARTESIAN_POINT('Ctrl Pts',(229.836112106547,-7.66248327646875,-10.9124832764687));
#4423=CARTESIAN_POINT('Ctrl Pts',(229.609127193414,-7.70894176831573,-10.9589417683157));
#4424=CARTESIAN_POINT('Ctrl Pts',(229.382836600547,-7.75525814907718,-11.0052581490772));
#4425=CARTESIAN_POINT('Ctrl Pts',(229.154925726964,-7.80324748467952,-11.0532474846795));
#4426=CARTESIAN_POINT('Ctrl Pts',(228.925153423641,-7.85290288762499,-11.102902887625));
#4427=CARTESIAN_POINT('Ctrl Pts',(228.730037111094,-7.89506888840364,-11.1450688884036));
#4428=CARTESIAN_POINT('Ctrl Pts',(228.533579371076,-7.93843612615816,-11.1884361261582));
#4429=CARTESIAN_POINT('Ctrl Pts',(228.33566094925,-7.98299470685895,-11.2329947068589));
#4430=CARTESIAN_POINT('Origin',(239.45,-6.7175144212722,-6.7175144212722));
#4431=CARTESIAN_POINT('Ctrl Pts',(228.355838861293,7.99499626181901,-11.2288121618228));
#4432=CARTESIAN_POINT('Ctrl Pts',(228.725065700981,8.08990527954035,-11.1491788076793));
#4433=CARTESIAN_POINT('Ctrl Pts',(229.451168346668,8.30467691121725,-10.9692623932622));
#4434=CARTESIAN_POINT('Ctrl Pts',(230.220118778593,8.61621702839881,-10.7024388478467));
#4435=CARTESIAN_POINT('Ctrl Pts',(230.67789746626,8.87080774526006,-10.4761528646471));
#4436=CARTESIAN_POINT('Ctrl Pts',(230.854899450252,8.98629771210516,-10.3718351068362));
#4437=CARTESIAN_POINT('Ctrl Pts',(230.985114646908,9.08506597603488,-10.2813853136337));
#4438=CARTESIAN_POINT('Ctrl Pts',(231.075753326679,9.16257106562055,-10.2097115793513));
#4439=CARTESIAN_POINT('Ctrl Pts',(231.137405223181,9.22338639436074,-10.1528868289344));
#4440=CARTESIAN_POINT('Ctrl Pts',(231.175309925069,9.26505662175284,-10.1136774894079));
#4441=CARTESIAN_POINT('Ctrl Pts',(231.199662208851,9.29315366738445,-10.0871632521228));
#4442=CARTESIAN_POINT('Ctrl Pts',(231.308906664563,9.42849971948925,-9.95893135732761));
#4443=CARTESIAN_POINT('Ctrl Pts',(231.39455417711,9.63385672754602,-9.75921339542924));
#4444=CARTESIAN_POINT('Ctrl Pts',(231.342483537652,9.88303808404422,-9.50660584557687));
#4445=CARTESIAN_POINT('Ctrl Pts',(231.199319983277,10.1138301338464,-9.26643813872249));
#4446=CARTESIAN_POINT('Ctrl Pts',(230.900729924026,10.3581595273496,-9.00276283313204));
#4447=CARTESIAN_POINT('Ctrl Pts',(230.305077570317,10.6723667188862,-8.65122301330739));
#4448=CARTESIAN_POINT('Ctrl Pts',(229.451620312285,10.9696991159455,-8.30427339079326));
#4449=CARTESIAN_POINT('Ctrl Pts',(228.725052129229,11.1491817418004,-8.08990178247795));
#4450=CARTESIAN_POINT('Ctrl Pts',(228.355838526163,11.2288122341022,-7.99499617567464));
#4451=CARTESIAN_POINT('Ctrl Pts',(228.329174634426,8.08563660185816,-11.2364270119335));
#4452=CARTESIAN_POINT('Ctrl Pts',(228.694917625646,8.18138546242997,-11.1528185471058));
#4453=CARTESIAN_POINT('Ctrl Pts',(229.412794163149,8.39688909130123,-10.9646015060072));
#4454=CARTESIAN_POINT('Ctrl Pts',(230.167918950144,8.7049126709322,-10.687879050702));
#4455=CARTESIAN_POINT('Ctrl Pts',(230.611664360221,8.95147291908683,-10.4581106730831));
#4456=CARTESIAN_POINT('Ctrl Pts',(230.781777845252,9.06212962412035,-10.3534534404098));
#4457=CARTESIAN_POINT('Ctrl Pts',(230.90582933755,9.15578930831604,-10.2638371195869));
#4458=CARTESIAN_POINT('Ctrl Pts',(230.991547851188,9.22869723769042,-10.1935362811625));
#4459=CARTESIAN_POINT('Ctrl Pts',(231.049350726558,9.28538769022922,-10.1384596313274));
#4460=CARTESIAN_POINT('Ctrl Pts',(231.084678521366,9.32399040283288,-10.100784274605));
#4461=CARTESIAN_POINT('Ctrl Pts',(231.107318601146,9.34994417262308,-10.0754093167438));
#4462=CARTESIAN_POINT('Ctrl Pts',(231.208473158886,9.4746178639921,-9.95320661689345));
#4463=CARTESIAN_POINT('Ctrl Pts',(231.284709284149,9.6580795147917,-9.77081685724587));
#4464=CARTESIAN_POINT('Ctrl Pts',(231.238309439559,9.88332075319035,-9.54490116482721));
#4465=CARTESIAN_POINT('Ctrl Pts',(231.108106283395,10.0990717924716,-9.32658468381952));
#4466=CARTESIAN_POINT('Ctrl Pts',(230.827080023763,10.3386415002936,-9.07891127106081));
#4467=CARTESIAN_POINT('Ctrl Pts',(230.251234339869,10.6568128121372,-8.73933058260002));
#4468=CARTESIAN_POINT('Ctrl Pts',(229.4133437497,10.9649052803448,-8.39660846366661));
#4469=CARTESIAN_POINT('Ctrl Pts',(228.694904182349,11.1528216274944,-8.18138193479269));
#4470=CARTESIAN_POINT('Ctrl Pts',(228.329174302459,11.2364270877972,-8.08563651491772));
#4471=CARTESIAN_POINT('Ctrl Pts',(228.29110869663,8.26529507682721,-11.3204105951606));
#4472=CARTESIAN_POINT('Ctrl Pts',(228.650897818217,8.36651733383103,-11.2311744663075));
#4473=CARTESIAN_POINT('Ctrl Pts',(229.35449987148,8.5917117651181,-11.0305062823474));
#4474=CARTESIAN_POINT('Ctrl Pts',(230.084086601269,8.90586255269177,-10.7372688319799));
#4475=CARTESIAN_POINT('Ctrl Pts',(230.500956597745,9.14746786941813,-10.5009857449363));
#4476=CARTESIAN_POINT('Ctrl Pts',(230.657749300185,9.25349375511884,-10.3954069278829));
#4477=CARTESIAN_POINT('Ctrl Pts',(230.769810558929,9.34119540854719,-10.306914237618));
#4478=CARTESIAN_POINT('Ctrl Pts',(230.845923563656,9.40821277259968,-10.2387416296507));
#4479=CARTESIAN_POINT('Ctrl Pts',(230.896189359728,9.45919792320181,-10.1865122474943));
#4480=CARTESIAN_POINT('Ctrl Pts',(230.926462180869,9.49338113074604,-10.1513819570094));
#4481=CARTESIAN_POINT('Ctrl Pts',(230.945741374577,9.51619642850878,-10.1279104218704));
#4482=CARTESIAN_POINT('Ctrl Pts',(231.031002056346,9.62499307220237,-10.0158168459234));
#4483=CARTESIAN_POINT('Ctrl Pts',(231.088643626447,9.772253254069,-9.86357505520047));
#4484=CARTESIAN_POINT('Ctrl Pts',(231.053445440365,9.95622721749289,-9.68257670590263));
#4485=CARTESIAN_POINT('Ctrl Pts',(230.948773761785,10.1463205844677,-9.49871304832589));
#4486=CARTESIAN_POINT('Ctrl Pts',(230.702100825089,10.3785818748828,-9.27171666392971));
#4487=CARTESIAN_POINT('Ctrl Pts',(230.164286750361,10.7045807705067,-8.94078740600189));
#4488=CARTESIAN_POINT('Ctrl Pts',(229.355226116613,11.030557372637,-8.59172917098499));
#4489=CARTESIAN_POINT('Ctrl Pts',(228.650884594557,11.2311777540006,-8.36651360530626));
#4490=CARTESIAN_POINT('Ctrl Pts',(228.291108370059,11.3204106761496,-8.26529498495734));
#4491=CARTESIAN_POINT('Ctrl Pts',(228.305734782229,8.38882941083909,-11.568262677429));
#4492=CARTESIAN_POINT('Ctrl Pts',(228.664834970541,8.50038586259117,-11.47941892472));
#4493=CARTESIAN_POINT('Ctrl Pts',(229.366021545339,8.74765354857143,-11.2782981440993));
#4494=CARTESIAN_POINT('Ctrl Pts',(230.089127520444,9.09023042711108,-10.9806245365483));
#4495=CARTESIAN_POINT('Ctrl Pts',(230.498113692831,9.35106747975329,-10.7398131985075));
#4496=CARTESIAN_POINT('Ctrl Pts',(230.650865256246,9.46485458324938,-10.6322204528303));
#4497=CARTESIAN_POINT('Ctrl Pts',(230.759216332259,9.55837337960315,-10.5421664073684));
#4498=CARTESIAN_POINT('Ctrl Pts',(230.83232498116,9.62944648584462,-10.4729092129449));
#4499=CARTESIAN_POINT('Ctrl Pts',(230.880211705784,9.68315153435805,-10.4199841046816));
#4500=CARTESIAN_POINT('Ctrl Pts',(230.908881472557,9.71897195230313,-10.3844606920561));
#4501=CARTESIAN_POINT('Ctrl Pts',(230.92709300722,9.742821720427,-10.3607536843322));
#4502=CARTESIAN_POINT('Ctrl Pts',(231.007291670207,9.85623489919539,-10.2476270918767));
#4503=CARTESIAN_POINT('Ctrl Pts',(231.058922113303,10.0052074388045,-10.0964371704454));
#4504=CARTESIAN_POINT('Ctrl Pts',(231.027344451967,10.1881139209777,-9.9148260562973));
#4505=CARTESIAN_POINT('Ctrl Pts',(230.930875345791,10.3788713018,-9.72562312741193));
#4506=CARTESIAN_POINT('Ctrl Pts',(230.695011813044,10.614940213919,-9.48498630344476));
#4507=CARTESIAN_POINT('Ctrl Pts',(230.168529465005,10.947478380554,-9.12823932747479));
#4508=CARTESIAN_POINT('Ctrl Pts',(229.366809155118,11.2783028793868,-8.74773070867666));
#4509=CARTESIAN_POINT('Ctrl Pts',(228.66482177252,11.4794221983653,-8.50038175367728));
#4510=CARTESIAN_POINT('Ctrl Pts',(228.305734456283,11.5682627580568,-8.38882930958236));
#4511=CARTESIAN_POINT('Ctrl Pts',(228.366542542689,8.35616319269907,-11.8040693148462));
#4512=CARTESIAN_POINT('Ctrl Pts',(228.731054042593,8.47405960308306,-11.7190886246));
#4513=CARTESIAN_POINT('Ctrl Pts',(229.444350269069,8.73607791667094,-11.5250003789567));
#4514=CARTESIAN_POINT('Ctrl Pts',(230.186765008142,9.10281053620253,-11.2323349609423));
#4515=CARTESIAN_POINT('Ctrl Pts',(230.615223044826,9.38880815293514,-10.9879496277986));
#4516=CARTESIAN_POINT('Ctrl Pts',(230.777539703897,9.51539573852251,-10.8767908727863));
#4517=CARTESIAN_POINT('Ctrl Pts',(230.894462120891,9.62106084865605,-10.7819737698142));
#4518=CARTESIAN_POINT('Ctrl Pts',(230.97442301461,9.70240761622518,-10.7078965128862));
#4519=CARTESIAN_POINT('Ctrl Pts',(231.027678356296,9.76483990104992,-10.6501885216503));
#4520=CARTESIAN_POINT('Ctrl Pts',(231.059946465295,9.80695445395138,-10.6108888138064));
#4521=CARTESIAN_POINT('Ctrl Pts',(231.080549909279,9.83514722095328,-10.584480646613));
#4522=CARTESIAN_POINT('Ctrl Pts',(231.172056372079,9.96992476434412,-10.4575342190918));
#4523=CARTESIAN_POINT('Ctrl Pts',(231.236901382312,10.15895661116,-10.2734059540165));
#4524=CARTESIAN_POINT('Ctrl Pts',(231.197362687825,10.3863860726737,-10.0429714965028));
#4525=CARTESIAN_POINT('Ctrl Pts',(231.082743063019,10.6080641757481,-9.81200824911847));
#4526=CARTESIAN_POINT('Ctrl Pts',(230.822410625584,10.8607218930946,-9.53604358139968));
#4527=CARTESIAN_POINT('Ctrl Pts',(230.268511242614,11.1996040974633,-9.14370405174209));
#4528=CARTESIAN_POINT('Ctrl Pts',(229.445009059295,11.5252397355101,-8.73592239321353));
#4529=CARTESIAN_POINT('Ctrl Pts',(228.73104064522,11.7190917564171,-8.47405526041717));
#4530=CARTESIAN_POINT('Ctrl Pts',(228.366542211842,11.8040693919882,-8.35616308569434));
#4531=CARTESIAN_POINT('Ctrl Pts',(228.416802148389,8.26890946598192,-11.9113204871211));
#4532=CARTESIAN_POINT('Ctrl Pts',(228.786343870241,8.3882061413811,-11.8285029750855));
#4533=CARTESIAN_POINT('Ctrl Pts',(229.511320253732,8.65440343796332,-11.6383951763039));
#4534=CARTESIAN_POINT('Ctrl Pts',(230.273016494639,9.03033633732544,-11.3486194427399));
#4535=CARTESIAN_POINT('Ctrl Pts',(230.721310828139,9.32981381281424,-11.1005442476907));
#4536=CARTESIAN_POINT('Ctrl Pts',(230.893426884641,9.4640670443425,-10.9860741854328));
#4537=CARTESIAN_POINT('Ctrl Pts',(231.019163643319,9.57764656697124,-10.8869374346915));
#4538=CARTESIAN_POINT('Ctrl Pts',(231.106184747971,9.66605019088888,-10.8085172032706));
#4539=CARTESIAN_POINT('Ctrl Pts',(231.164981688625,9.7347884862271,-10.7465108892978));
#4540=CARTESIAN_POINT('Ctrl Pts',(231.20096709759,9.78159137160935,-10.70382176734));
#4541=CARTESIAN_POINT('Ctrl Pts',(231.224042324027,9.81306035911413,-10.6749889494808));
#4542=CARTESIAN_POINT('Ctrl Pts',(231.327240085742,9.96417062426443,-10.5356553501862));
#4543=CARTESIAN_POINT('Ctrl Pts',(231.405786624953,10.1869374077857,-10.3217562406663));
#4544=CARTESIAN_POINT('Ctrl Pts',(231.357992065975,10.453929689028,-10.0493655732193));
#4545=CARTESIAN_POINT('Ctrl Pts',(231.224565418236,10.703333731391,-9.78481313030486));
#4546=CARTESIAN_POINT('Ctrl Pts',(230.938993677354,10.9709004001916,-9.48449589469473));
#4547=CARTESIAN_POINT('Ctrl Pts',(230.357055501187,11.3159783062779,-9.07247276966064));
#4548=CARTESIAN_POINT('Ctrl Pts',(229.511829885215,11.6387858638106,-8.65407306989769));
#4549=CARTESIAN_POINT('Ctrl Pts',(228.786330287453,11.8285060274258,-8.3882017468705));
#4550=CARTESIAN_POINT('Ctrl Pts',(228.416801812964,11.9113205622832,-8.26890935770945));
#4551=CARTESIAN_POINT('Ctrl Pts',(228.441988562591,8.21412598920493,-11.9489804683692));
#4552=CARTESIAN_POINT('Ctrl Pts',(228.814072854918,8.33358878503903,-11.8668577752573));
#4553=CARTESIAN_POINT('Ctrl Pts',(229.544832378539,8.60059169871289,-11.6780207578993));
#4554=CARTESIAN_POINT('Ctrl Pts',(230.316227694425,8.97942836991481,-11.3888836845745));
#4555=CARTESIAN_POINT('Ctrl Pts',(230.774561892384,9.2843943261841,-11.1384672218429));
#4556=CARTESIAN_POINT('Ctrl Pts',(230.951642345903,9.42194209758667,-11.0221508617142));
#4557=CARTESIAN_POINT('Ctrl Pts',(231.081844706832,9.53904402857425,-10.9207178080051));
#4558=CARTESIAN_POINT('Ctrl Pts',(231.172443575376,9.63065269908853,-10.8400342962342));
#4559=CARTESIAN_POINT('Ctrl Pts',(231.234048641316,9.70230634909156,-10.7758210353941));
#4560=CARTESIAN_POINT('Ctrl Pts',(231.271918080202,9.75130018338308,-10.7314040441719));
#4561=CARTESIAN_POINT('Ctrl Pts',(231.296246113927,9.78430697251484,-10.7013382277746));
#4562=CARTESIAN_POINT('Ctrl Pts',(231.40536956519,9.94311360391563,-10.5557288670383));
#4563=CARTESIAN_POINT('Ctrl Pts',(231.490862048666,10.1822112288014,-10.3269903154947));
#4564=CARTESIAN_POINT('Ctrl Pts',(231.438883585786,10.4688298304072,-10.0340742118391));
#4565=CARTESIAN_POINT('Ctrl Pts',(231.295931565348,10.7321421974382,-9.75345760732513));
#4566=CARTESIAN_POINT('Ctrl Pts',(230.997568161177,11.007469670123,-9.44207152410087));
#4567=CARTESIAN_POINT('Ctrl Pts',(230.401462026902,11.3562568241713,-9.02196264811539));
#4568=CARTESIAN_POINT('Ctrl Pts',(229.545277780666,11.6785332350473,-8.60013374778749));
#4569=CARTESIAN_POINT('Ctrl Pts',(228.814059178426,11.8668608020938,-8.33358438426207));
#4570=CARTESIAN_POINT('Ctrl Pts',(228.441988224868,11.948980542908,-8.21412588077426));
#4571=CARTESIAN_POINT('',(228.38235491158,8.00183629290609,-11.2230732687882));
#4572=CARTESIAN_POINT('',(228.382354906737,11.2230732698401,-8.0018362916525));
#4573=CARTESIAN_POINT('Ctrl Pts',(228.382354775835,8.00183637974381,-11.223073192879));
#4574=CARTESIAN_POINT('Ctrl Pts',(228.742448214023,8.09505751615029,-11.1448619811682));
#4575=CARTESIAN_POINT('Ctrl Pts',(229.459352672549,8.30799278924817,-10.9664224561767));
#4576=CARTESIAN_POINT('Ctrl Pts',(230.220118778593,8.61621702839881,-10.7024388478467));
#4577=CARTESIAN_POINT('Ctrl Pts',(230.67789746626,8.87080774526006,-10.4761528646471));
#4578=CARTESIAN_POINT('Ctrl Pts',(230.854899450252,8.98629771210516,-10.3718351068362));
#4579=CARTESIAN_POINT('Ctrl Pts',(230.985114646908,9.08506597603488,-10.2813853136337));
#4580=CARTESIAN_POINT('Ctrl Pts',(231.075753326679,9.16257106562055,-10.2097115793513));
#4581=CARTESIAN_POINT('Ctrl Pts',(231.137405223181,9.22338639436074,-10.1528868289344));
#4582=CARTESIAN_POINT('Ctrl Pts',(231.175309925069,9.26505662175284,-10.1136774894079));
#4583=CARTESIAN_POINT('Ctrl Pts',(231.199662208851,9.29315366738445,-10.0871632521228));
#4584=CARTESIAN_POINT('Ctrl Pts',(231.308906664563,9.42849971948925,-9.95893135732761));
#4585=CARTESIAN_POINT('Ctrl Pts',(231.39455417711,9.63385672754602,-9.75921339542924));
#4586=CARTESIAN_POINT('Ctrl Pts',(231.342483537652,9.88303808404422,-9.50660584557687));
#4587=CARTESIAN_POINT('Ctrl Pts',(231.199319983277,10.1138301338464,-9.26643813872249));
#4588=CARTESIAN_POINT('Ctrl Pts',(230.900729924026,10.3581595273496,-9.00276283313204));
#4589=CARTESIAN_POINT('Ctrl Pts',(230.305077570317,10.6723667188862,-8.65122301330739));
#4590=CARTESIAN_POINT('Ctrl Pts',(229.459796120452,10.9668507804052,-8.3075970411935));
#4591=CARTESIAN_POINT('Ctrl Pts',(228.742446491595,11.1448749255767,-8.09504484686647));
#4592=CARTESIAN_POINT('Ctrl Pts',(228.382355238314,11.2230735427623,-8.00183606155672));
#4593=CARTESIAN_POINT('',(228.446834007912,11.9381722795443,-8.22930344385407));
#4594=CARTESIAN_POINT('Ctrl Pts',(228.382355238314,11.2230735427623,-8.00183606155673));
#4595=CARTESIAN_POINT('Ctrl Pts',(228.382035492161,11.2231572845795,-8.00269487118786));
#4596=CARTESIAN_POINT('Ctrl Pts',(228.381716462953,11.2232442504489,-8.00355361494374));
#4597=CARTESIAN_POINT('Ctrl Pts',(228.381398154388,11.2233344313265,-8.00441227864002));
#4598=CARTESIAN_POINT('Ctrl Pts',(228.373644125926,11.2255312465154,-8.02532941209771));
#4599=CARTESIAN_POINT('Ctrl Pts',(228.366337139811,11.229625695274,-8.04614402417715));
#4600=CARTESIAN_POINT('Ctrl Pts',(228.359530188478,11.2354850025418,-8.0666523429548));
#4601=CARTESIAN_POINT('Ctrl Pts',(228.356171981484,11.238375689676,-8.07677011465137));
#4602=CARTESIAN_POINT('Ctrl Pts',(228.352935652413,11.2416967482209,-8.08681332996139));
#4603=CARTESIAN_POINT('Ctrl Pts',(228.34982874272,11.2454366364843,-8.09675669802749));
#4604=CARTESIAN_POINT('Ctrl Pts',(228.343491678267,11.2530647671057,-8.11703786823396));
#4605=CARTESIAN_POINT('Ctrl Pts',(228.337724975196,11.2623927718962,-8.13679963031012));
#4606=CARTESIAN_POINT('Ctrl Pts',(228.332586693959,11.2733052833785,-8.15583180520582));
#4607=CARTESIAN_POINT('Ctrl Pts',(228.330107082506,11.2785714000435,-8.16501627695187));
#4608=CARTESIAN_POINT('Ctrl Pts',(228.327774033337,11.2842072384558,-8.1740306463964));
#4609=CARTESIAN_POINT('Ctrl Pts',(228.325595438125,11.2902035408383,-8.18284946463171));
#4610=CARTESIAN_POINT('Ctrl Pts',(228.321088719927,11.3026077015219,-8.20109238025759));
#4611=CARTESIAN_POINT('Ctrl Pts',(228.317272172787,11.3164689751164,-8.218378482687));
#4612=CARTESIAN_POINT('Ctrl Pts',(228.314200659143,11.3316776709938,-8.23450053148854));
#4613=CARTESIAN_POINT('Ctrl Pts',(228.313499308497,11.3351504306556,-8.23818184652012));
#4614=CARTESIAN_POINT('Ctrl Pts',(228.312836873003,11.3386936222472,-8.24180237232647));
#4615=CARTESIAN_POINT('Ctrl Pts',(228.31221413558,11.3423062425139,-8.24535944200355));
#4616=CARTESIAN_POINT('Ctrl Pts',(228.309483540638,11.3581469520426,-8.26095657188946));
#4617=CARTESIAN_POINT('Ctrl Pts',(228.307514694203,11.3753203456205,-8.27533681028019));
#4618=CARTESIAN_POINT('Ctrl Pts',(228.306308320979,11.3936119784178,-8.28839578029192));
#4619=CARTESIAN_POINT('Ctrl Pts',(228.306203565866,11.3952003277046,-8.28952975263511));
#4620=CARTESIAN_POINT('Ctrl Pts',(228.30610457186,11.3967971240701,-8.29065373616661));
#4621=CARTESIAN_POINT('Ctrl Pts',(228.306011346157,11.3984022348865,-8.29176764716099));
#4622=CARTESIAN_POINT('Ctrl Pts',(228.304943869065,11.4167814904781,-8.30452243933048));
#4623=CARTESIAN_POINT('Ctrl Pts',(228.304640033597,11.4360983476067,-8.31585578991037));
#4624=CARTESIAN_POINT('Ctrl Pts',(228.305082584671,11.4561231838229,-8.32568914272719));
#4625=CARTESIAN_POINT('Ctrl Pts',(228.305524126717,11.4761023628723,-8.33550007523427));
#4626=CARTESIAN_POINT('Ctrl Pts',(228.306708740441,11.4967876120989,-8.34381848021315));
#4627=CARTESIAN_POINT('Ctrl Pts',(228.308637749988,11.5179727192576,-8.35052472879331));
#4628=CARTESIAN_POINT('Ctrl Pts',(228.309262937819,11.5248387667572,-8.3526982094819));
#4629=CARTESIAN_POINT('Ctrl Pts',(228.309966456335,11.5317574077881,-8.3547019829438));
#4630=CARTESIAN_POINT('Ctrl Pts',(228.31074874756,11.5387217637483,-8.3565308588357));
#4631=CARTESIAN_POINT('Ctrl Pts',(228.312768862488,11.5567058583962,-8.36125357509648));
#4632=CARTESIAN_POINT('Ctrl Pts',(228.315299722869,11.5748704847261,-8.36477904990279));
#4633=CARTESIAN_POINT('Ctrl Pts',(228.318332744502,11.5930918387831,-8.36705051465352));
#4634=CARTESIAN_POINT('Ctrl Pts',(228.321968286727,11.6149329299738,-8.3697732139986));
#4635=CARTESIAN_POINT('Ctrl Pts',(228.326325025962,11.6368564181322,-8.37069569825642));
#4636=CARTESIAN_POINT('Ctrl Pts',(228.331338771711,11.6586312064552,-8.36986812373387));
#4637=CARTESIAN_POINT('Ctrl Pts',(228.333758643958,11.6691407553224,-8.36946869689412));
#4638=CARTESIAN_POINT('Ctrl Pts',(228.336331804907,11.6796156452488,-8.36866084502575));
#4639=CARTESIAN_POINT('Ctrl Pts',(228.339052175523,11.6900290150802,-8.36744611438432));
#4640=CARTESIAN_POINT('Ctrl Pts',(228.344687054808,11.7115989003135,-8.36492996438207));
#4641=CARTESIAN_POINT('Ctrl Pts',(228.350905748966,11.7327268223483,-8.36069206369958));
#4642=CARTESIAN_POINT('Ctrl Pts',(228.357634019127,11.7531864394632,-8.35479467396151));
#4643=CARTESIAN_POINT('Ctrl Pts',(228.362326735683,11.7674562564716,-8.35068146539474));
#4644=CARTESIAN_POINT('Ctrl Pts',(228.367267716036,11.7814011205135,-8.34575989889383));
#4645=CARTESIAN_POINT('Ctrl Pts',(228.372435367653,11.7949403750699,-8.3400370501687));
#4646=CARTESIAN_POINT('Ctrl Pts',(228.377048669011,11.8070272311641,-8.33492810944366));
#4647=CARTESIAN_POINT('Ctrl Pts',(228.381842699058,11.8187908596277,-8.3291803434049));
#4648=CARTESIAN_POINT('Ctrl Pts',(228.386797883028,11.8301880571804,-8.32282202744684));
#4649=CARTESIAN_POINT('Ctrl Pts',(228.394720539304,11.8484106053791,-8.31265595649191));
#4650=CARTESIAN_POINT('Ctrl Pts',(228.402989653262,11.8655487996993,-8.30101451089685));
#4651=CARTESIAN_POINT('Ctrl Pts',(228.411513637902,11.8814539833775,-8.28805184521974));
#4652=CARTESIAN_POINT('Ctrl Pts',(228.42001915689,11.8973247113882,-8.27511726078371));
#4653=CARTESIAN_POINT('Ctrl Pts',(228.428778929208,11.9119687824216,-8.2608663437868));
#4654=CARTESIAN_POINT('Ctrl Pts',(228.437707185547,11.9252072989011,-8.24541274310305));
#4655=CARTESIAN_POINT('Ctrl Pts',(228.440731508334,11.929691662425,-8.24017805058096));
#4656=CARTESIAN_POINT('Ctrl Pts',(228.443775175095,11.9340144163484,-8.23480507986363));
#4657=CARTESIAN_POINT('Ctrl Pts',(228.446834837498,11.9381674709509,-8.22929747140639));
#4658=CARTESIAN_POINT('Ctrl Pts',(228.446834837498,11.9381674709509,-8.22929747140638));
#4659=CARTESIAN_POINT('Ctrl Pts',(228.447097212741,11.9385236068368,-8.2288251788095));
#4660=CARTESIAN_POINT('Ctrl Pts',(228.447344418407,11.938883634323,-8.22834462691485));
#4661=CARTESIAN_POINT('Ctrl Pts',(228.447576022328,11.9392475970866,-8.22785566997528));
#4662=CARTESIAN_POINT('Ctrl Pts',(228.449248688922,11.9418761724329,-8.22432437423488));
#4663=CARTESIAN_POINT('Ctrl Pts',(228.450000028878,11.9445410689984,-8.22058156196295));
#4664=CARTESIAN_POINT('Ctrl Pts',(228.450000031484,11.9472101730984,-8.21670064031593));
#4665=CARTESIAN_POINT('',(228.446834007912,8.22930344385401,-11.9381722795443));
#4666=CARTESIAN_POINT('Ctrl Pts',(228.449999989414,8.21670067281989,-11.9472101355895));
#4667=CARTESIAN_POINT('Ctrl Pts',(228.449999968702,8.22088292739373,-11.944333783594));
#4668=CARTESIAN_POINT('Ctrl Pts',(228.449127415656,8.22489210518935,-11.9414710445187));
#4669=CARTESIAN_POINT('Ctrl Pts',(228.447185480986,8.22864376667262,-11.9386589058648));
#4670=CARTESIAN_POINT('Ctrl Pts',(228.447071751671,8.2288634825554,-11.9384942130934));
#4671=CARTESIAN_POINT('Ctrl Pts',(228.446954830902,8.22908139600423,-11.9383303831024));
#4672=CARTESIAN_POINT('Ctrl Pts',(228.446834765121,8.22929752239464,-11.9381674114001));
#4673=CARTESIAN_POINT('Ctrl Pts',(228.382354775676,8.00183638039423,-11.2230731929239));
#4674=CARTESIAN_POINT('Ctrl Pts',(228.382033604421,8.00269901884479,-11.2231573110003));
#4675=CARTESIAN_POINT('Ctrl Pts',(228.381713151565,8.00356158962389,-11.2232446830185));
#4676=CARTESIAN_POINT('Ctrl Pts',(228.381393430794,8.00442408078261,-11.2233352976501));
#4677=CARTESIAN_POINT('Ctrl Pts',(228.373639478252,8.02534144400411,-11.2255329076105));
#4678=CARTESIAN_POINT('Ctrl Pts',(228.366332630571,8.04615615289269,-11.2296281576814));
#4679=CARTESIAN_POINT('Ctrl Pts',(228.359525868817,8.06666443330506,-11.2354882267175));
#4680=CARTESIAN_POINT('Ctrl Pts',(228.356151082722,8.07683241950144,-11.2383936434502));
#4681=CARTESIAN_POINT('Ctrl Pts',(228.352899399564,8.08692507498432,-11.2417337038731));
#4682=CARTESIAN_POINT('Ctrl Pts',(228.349778474376,8.09691672834457,-11.2454966953838));
#4683=CARTESIAN_POINT('Ctrl Pts',(228.343444379793,8.11719535523023,-11.2531338999653));
#4684=CARTESIAN_POINT('Ctrl Pts',(228.337680903027,8.136953680241,-11.2624705061753));
#4685=CARTESIAN_POINT('Ctrl Pts',(228.332546078145,8.15598154927006,-11.2733911034654));
#4686=CARTESIAN_POINT('Ctrl Pts',(228.330043707885,8.16525446015772,-11.2787130722763));
#4687=CARTESIAN_POINT('Ctrl Pts',(228.32769085662,8.174353695204,-11.2844119618373));
#4688=CARTESIAN_POINT('Ctrl Pts',(228.325495653663,8.18325304044431,-11.2904782440569));
#4689=CARTESIAN_POINT('Ctrl Pts',(228.320998991197,8.20148249461757,-11.3029044406745));
#4690=CARTESIAN_POINT('Ctrl Pts',(228.317192988117,8.21875325706744,-11.3167866404977));
#4691=CARTESIAN_POINT('Ctrl Pts',(228.314132543357,8.2348580260115,-11.3320153009719));
#4692=CARTESIAN_POINT('Ctrl Pts',(228.313456349363,8.238416315374,-11.3353800173959));
#4693=CARTESIAN_POINT('Ctrl Pts',(228.312816616994,8.2419175932267,-11.3388106315869));
#4694=CARTESIAN_POINT('Ctrl Pts',(228.312214055295,8.24535944364279,-11.3423062344559));
#4695=CARTESIAN_POINT('Ctrl Pts',(228.309483493037,8.2609564967932,-11.3581468716565));
#4696=CARTESIAN_POINT('Ctrl Pts',(228.307514721867,8.27533635616795,-11.3753198551722));
#4697=CARTESIAN_POINT('Ctrl Pts',(228.30630837453,8.28839480973126,-11.3936106191971));
#4698=CARTESIAN_POINT('Ctrl Pts',(228.306198809575,8.28958082708763,-11.3952718544643));
#4699=CARTESIAN_POINT('Ctrl Pts',(228.306095546772,8.29075591574571,-11.3969423269657));
#4700=CARTESIAN_POINT('Ctrl Pts',(228.305998594316,8.29191997997315,-11.3986218849023));
#4701=CARTESIAN_POINT('Ctrl Pts',(228.304937151468,8.30466424346781,-11.4170098126422));
#4702=CARTESIAN_POINT('Ctrl Pts',(228.304639350811,8.3159865310613,-11.4363343178143));
#4703=CARTESIAN_POINT('Ctrl Pts',(228.305087969353,8.32580819881124,-11.456365819894));
#4704=CARTESIAN_POINT('Ctrl Pts',(228.305535534268,8.33560679934719,-11.4763502758958));
#4705=CARTESIAN_POINT('Ctrl Pts',(228.306726101428,8.34391245804252,-11.4970397277582));
#4706=CARTESIAN_POINT('Ctrl Pts',(228.308661026365,8.3506054536609,-11.5182280015511));
#4707=CARTESIAN_POINT('Ctrl Pts',(228.309282521972,8.35275523596061,-11.5250336501065));
#4708=CARTESIAN_POINT('Ctrl Pts',(228.309980949532,8.35473828018674,-11.5318908482245));
#4709=CARTESIAN_POINT('Ctrl Pts',(228.310756739424,8.35654953311281,-11.5387929005051));
#4710=CARTESIAN_POINT('Ctrl Pts',(228.31277553945,8.36126286786158,-11.5567537729948));
#4711=CARTESIAN_POINT('Ctrl Pts',(228.315303722899,8.36478204614743,-11.5748945225738));
#4712=CARTESIAN_POINT('Ctrl Pts',(228.318332743433,8.36705051436605,-11.593091838999));
#4713=CARTESIAN_POINT('Ctrl Pts',(228.32196828393,8.36977321234147,-11.614932919329));
#4714=CARTESIAN_POINT('Ctrl Pts',(228.326325017652,8.37069569478363,-11.6368563774935));
#4715=CARTESIAN_POINT('Ctrl Pts',(228.33133875074,8.3698681269565,-11.6586311178166));
#4716=CARTESIAN_POINT('Ctrl Pts',(228.333755524063,8.36946921384866,-11.6691272113693));
#4717=CARTESIAN_POINT('Ctrl Pts',(228.336325192974,8.36866292047856,-11.6795887301491));
#4718=CARTESIAN_POINT('Ctrl Pts',(228.339041700973,8.36745078982548,-11.6899889169541));
#4719=CARTESIAN_POINT('Ctrl Pts',(228.344675830742,8.36493678971906,-11.711559257303));
#4720=CARTESIAN_POINT('Ctrl Pts',(228.350893836426,8.36070099253916,-11.7326878366597));
#4721=CARTESIAN_POINT('Ctrl Pts',(228.357621479061,8.35480566272972,-11.7531483093809));
#4722=CARTESIAN_POINT('Ctrl Pts',(228.362317922316,8.35069024170907,-11.7674313880637));
#4723=CARTESIAN_POINT('Ctrl Pts',(228.36726309961,8.3457650076905,-11.7813890342817));
#4724=CARTESIAN_POINT('Ctrl Pts',(228.37243536211,8.34003705114073,-11.7949403734421));
#4725=CARTESIAN_POINT('Ctrl Pts',(228.377041684197,8.33493583812761,-11.8070089474737));
#4726=CARTESIAN_POINT('Ctrl Pts',(228.381828196355,8.32919772067089,-11.8187552902285));
#4727=CARTESIAN_POINT('Ctrl Pts',(228.386775413397,8.32285084464551,-11.8301363936723));
#4728=CARTESIAN_POINT('Ctrl Pts',(228.394697313013,8.31268769345996,-11.848360772799));
#4729=CARTESIAN_POINT('Ctrl Pts',(228.402965764685,8.30104902001588,-11.8655009820693));
#4730=CARTESIAN_POINT('Ctrl Pts',(228.411489178385,8.28808900471238,-11.8814083800179));
#4731=CARTESIAN_POINT('Ctrl Pts',(228.419994215708,8.27515693104655,-11.8972814818072));
#4732=CARTESIAN_POINT('Ctrl Pts',(228.428753602571,8.26090837634316,-11.9119280997449));
#4733=CARTESIAN_POINT('Ctrl Pts',(228.43768156903,8.24545701271433,-11.9251693558503));
#4734=CARTESIAN_POINT('Ctrl Pts',(228.440714295943,8.24020836325702,-11.9296672573521));
#4735=CARTESIAN_POINT('Ctrl Pts',(228.443766486842,8.2348206426462,-11.9340026618984));
#4736=CARTESIAN_POINT('Ctrl Pts',(228.446834765121,8.22929752239461,-11.9381674114001));
#4737=CARTESIAN_POINT('Ctrl Pts',(228.407551570546,11.2176233406068,-8.01211759164321));
#4738=CARTESIAN_POINT('Ctrl Pts',(227.744338246237,11.3619739855051,-7.74043296777496));
#4739=CARTESIAN_POINT('Ctrl Pts',(226.332911403197,11.5351790633123,-7.32370591286208));
#4740=CARTESIAN_POINT('Ctrl Pts',(223.400609151755,11.6148267932987,-6.87911069835633));
#4741=CARTESIAN_POINT('Ctrl Pts',(221.034342563533,11.4645280917744,-6.90916925614084));
#4742=CARTESIAN_POINT('Ctrl Pts',(219.331743096618,11.2491173379275,-7.11467263057092));
#4743=CARTESIAN_POINT('Ctrl Pts',(218.847650339678,11.1818732600694,-7.18223001224334));
#4744=CARTESIAN_POINT('Ctrl Pts',(218.006760019949,11.0493999334312,-7.32357654924274));
#4745=CARTESIAN_POINT('Ctrl Pts',(217.066184360405,10.8589458297797,-7.54154782327956));
#4746=CARTESIAN_POINT('Ctrl Pts',(216.163022200077,10.6110806414139,-7.83100896733163));
#4747=CARTESIAN_POINT('Ctrl Pts',(215.31600147904,10.3093772041488,-8.18001813363327));
#4748=CARTESIAN_POINT('Ctrl Pts',(214.543163356074,9.90517978513748,-8.63990506159573));
#4749=CARTESIAN_POINT('Ctrl Pts',(214.250700687962,9.28364674359886,-9.28477557647122));
#4750=CARTESIAN_POINT('Ctrl Pts',(214.46991757349,8.80039172988129,-9.75055600560004));
#4751=CARTESIAN_POINT('Ctrl Pts',(214.941321455593,8.40910416439086,-10.1070871433227));
#4752=CARTESIAN_POINT('Ctrl Pts',(215.476177595355,8.1173281252733,-10.3637741005771));
#4753=CARTESIAN_POINT('Ctrl Pts',(216.005199877639,7.89355154290305,-10.5572815716931));
#4754=CARTESIAN_POINT('Ctrl Pts',(217.332729072004,7.42906470656437,-10.9555791464344));
#4755=CARTESIAN_POINT('Ctrl Pts',(218.967885776745,7.12744767180319,-11.2204673068408));
#4756=CARTESIAN_POINT('Ctrl Pts',(220.800055822245,6.96750408808319,-11.4166478305578));
#4757=CARTESIAN_POINT('Ctrl Pts',(222.279215266945,6.91558910721863,-11.5299188693178));
#4758=CARTESIAN_POINT('Ctrl Pts',(224.871105312359,7.02176088614155,-11.6173901272508));
#4759=CARTESIAN_POINT('Ctrl Pts',(227.081482090044,7.46889471128354,-11.5062468460043));
#4760=CARTESIAN_POINT('Ctrl Pts',(228.407551253541,8.01211746178248,-11.2176234096039));
#4761=CARTESIAN_POINT('Ctrl Pts',(228.368972652568,11.2270606362522,-8.0968354495977));
#4762=CARTESIAN_POINT('Ctrl Pts',(227.714868470603,11.3795034849776,-7.82496675578678));
#4763=CARTESIAN_POINT('Ctrl Pts',(226.31546184201,11.5675668227765,-7.40095368989967));
#4764=CARTESIAN_POINT('Ctrl Pts',(223.395237321186,11.6658251354486,-6.93327840385548));
#4765=CARTESIAN_POINT('Ctrl Pts',(221.029545440553,11.5180630475264,-6.94219488064923));
#4766=CARTESIAN_POINT('Ctrl Pts',(219.32526857272,11.298896325001,-7.13474204475053));
#4767=CARTESIAN_POINT('Ctrl Pts',(218.840596914354,11.2303309244288,-7.19871426367606));
#4768=CARTESIAN_POINT('Ctrl Pts',(217.99846381962,11.0948635506864,-7.33414433734482));
#4769=CARTESIAN_POINT('Ctrl Pts',(217.056013342187,10.8994361669784,-7.54634836147222));
#4770=CARTESIAN_POINT('Ctrl Pts',(216.150673694302,10.6448772378231,-7.8316015953843));
#4771=CARTESIAN_POINT('Ctrl Pts',(215.301409768855,10.3353181525482,-8.17792726594661));
#4772=CARTESIAN_POINT('Ctrl Pts',(214.526238697726,9.92105033033161,-8.63782053048552));
#4773=CARTESIAN_POINT('Ctrl Pts',(214.232842935314,9.28859558958404,-9.28972915938703));
#4774=CARTESIAN_POINT('Ctrl Pts',(214.452759718897,8.80007097843007,-9.76368990104551));
#4775=CARTESIAN_POINT('Ctrl Pts',(214.925605976376,8.40710362644627,-10.1280653501094));
#4776=CARTESIAN_POINT('Ctrl Pts',(215.461999357651,8.11582769329896,-10.3910934191464));
#4777=CARTESIAN_POINT('Ctrl Pts',(215.992441993839,7.89362004838086,-10.5896436281948));
#4778=CARTESIAN_POINT('Ctrl Pts',(217.323285652275,7.43466785686378,-10.9986049751447));
#4779=CARTESIAN_POINT('Ctrl Pts',(218.961505911587,7.14446944991052,-11.270449750307));
#4780=CARTESIAN_POINT('Ctrl Pts',(220.794690531739,6.99909391137292,-11.4687799640633));
#4781=CARTESIAN_POINT('Ctrl Pts',(222.273674353004,6.95965306778656,-11.5813644620625));
#4782=CARTESIAN_POINT('Ctrl Pts',(224.861349837995,7.08766043605834,-11.6617366137553));
#4783=CARTESIAN_POINT('Ctrl Pts',(227.061116548554,7.55324452600168,-11.5318641907495));
#4784=CARTESIAN_POINT('Ctrl Pts',(228.368972339917,8.09683531961731,-11.2270607090948));
#4785=CARTESIAN_POINT('Ctrl Pts',(228.306799914542,11.3128783392844,-8.26530539197881));
#4786=CARTESIAN_POINT('Ctrl Pts',(227.668510296063,11.4768177913244,-7.98439479077689));
#4787=CARTESIAN_POINT('Ctrl Pts',(226.288402431177,11.6834574368108,-7.53439691021065));
#4788=CARTESIAN_POINT('Ctrl Pts',(223.384592582205,11.7964452413053,-7.01191832172593));
#4789=CARTESIAN_POINT('Ctrl Pts',(221.016936338936,11.6398635247848,-6.98270344612256));
#4790=CARTESIAN_POINT('Ctrl Pts',(219.308599070744,11.4061155587668,-7.15432776106393));
#4791=CARTESIAN_POINT('Ctrl Pts',(218.822630187849,11.3330068623669,-7.21263964870398));
#4792=CARTESIAN_POINT('Ctrl Pts',(217.977939271583,11.1886364798852,-7.33906518861814));
#4793=CARTESIAN_POINT('Ctrl Pts',(217.032018702654,10.9808378501268,-7.54326584493554));
#4794=CARTESIAN_POINT('Ctrl Pts',(216.122911034971,10.7114153777309,-7.8236357285489));
#4795=CARTESIAN_POINT('Ctrl Pts',(215.269886996207,10.3852650043659,-8.16795382085672));
#4796=CARTESIAN_POINT('Ctrl Pts',(214.490982042813,9.9510150366154,-8.63079361423717));
#4797=CARTESIAN_POINT('Ctrl Pts',(214.196122713911,9.29682624932584,-9.2979830423006));
#4798=CARTESIAN_POINT('Ctrl Pts',(214.417137903103,8.79686023619081,-9.78822429928453));
#4799=CARTESIAN_POINT('Ctrl Pts',(214.892282619632,8.39873474890795,-10.168155517392));
#4800=CARTESIAN_POINT('Ctrl Pts',(215.431179819912,8.10637306349172,-10.4440472864081));
#4801=CARTESIAN_POINT('Ctrl Pts',(215.963993717454,7.88521577321894,-10.6531702743986));
#4802=CARTESIAN_POINT('Ctrl Pts',(217.300497325405,7.43210792416821,-11.0853585018907));
#4803=CARTESIAN_POINT('Ctrl Pts',(218.9445925318,7.15861504359373,-11.375903195357));
#4804=CARTESIAN_POINT('Ctrl Pts',(220.781084882865,7.03777289860546,-11.5872185128308));
#4805=CARTESIAN_POINT('Ctrl Pts',(222.261370960174,7.02068753294532,-11.7065865584052));
#4806=CARTESIAN_POINT('Ctrl Pts',(224.845180583797,7.19201298063157,-11.7897055592866));
#4807=CARTESIAN_POINT('Ctrl Pts',(227.030564415715,7.70363552045532,-11.640668907385));
#4808=CARTESIAN_POINT('Ctrl Pts',(228.306799609449,8.26530525769964,-11.3128784176364));
#4809=CARTESIAN_POINT('Ctrl Pts',(228.301936119273,11.5808814061812,-8.39668302880131));
#4810=CARTESIAN_POINT('Ctrl Pts',(227.666266551136,11.7444267163229,-8.09094542766017));
#4811=CARTESIAN_POINT('Ctrl Pts',(226.285992321488,11.9430159473429,-7.59761854690289));
#4812=CARTESIAN_POINT('Ctrl Pts',(223.372873503012,12.0234109139595,-7.01218180108046));
#4813=CARTESIAN_POINT('Ctrl Pts',(220.993354033269,11.8293170850975,-6.95590930294189));
#4814=CARTESIAN_POINT('Ctrl Pts',(219.276551346811,11.5642169747987,-7.11770000476974));
#4815=CARTESIAN_POINT('Ctrl Pts',(218.788161736864,11.4819433919586,-7.17368628191407));
#4816=CARTESIAN_POINT('Ctrl Pts',(217.939264314745,11.3210021285477,-7.29728809687079));
#4817=CARTESIAN_POINT('Ctrl Pts',(216.988651085762,11.0929142001633,-7.50127984693037));
#4818=CARTESIAN_POINT('Ctrl Pts',(216.075087903703,10.8012857891711,-7.78519846489576));
#4819=CARTESIAN_POINT('Ctrl Pts',(215.217917895973,10.4513075595043,-8.13640415327248));
#4820=CARTESIAN_POINT('Ctrl Pts',(214.435295649683,9.98974936474088,-8.61193069880179));
#4821=CARTESIAN_POINT('Ctrl Pts',(214.13904289242,9.30404605594764,-9.30525263859158));
#4822=CARTESIAN_POINT('Ctrl Pts',(214.361103415129,8.78449457838889,-9.81911429358673));
#4823=CARTESIAN_POINT('Ctrl Pts',(214.83851246901,8.37361934417602,-10.2206600514667));
#4824=CARTESIAN_POINT('Ctrl Pts',(215.380001836997,8.07367153824915,-10.5144852779781));
#4825=CARTESIAN_POINT('Ctrl Pts',(215.915403567243,7.84795166432914,-10.7387034765085));
#4826=CARTESIAN_POINT('Ctrl Pts',(217.25843008964,7.38782907478685,-11.204985164442));
#4827=CARTESIAN_POINT('Ctrl Pts',(218.910787054073,7.11824324215261,-11.5280251245821));
#4828=CARTESIAN_POINT('Ctrl Pts',(220.756332325253,7.01119600898871,-11.7716059349093));
#4829=CARTESIAN_POINT('Ctrl Pts',(222.243798297119,7.00947911780824,-11.9150317133164));
#4830=CARTESIAN_POINT('Ctrl Pts',(224.838855587025,7.2188130032517,-12.0352271104724));
#4831=CARTESIAN_POINT('Ctrl Pts',(227.03093930815,7.78537253081733,-11.907883900382));
#4832=CARTESIAN_POINT('Ctrl Pts',(228.30193581543,8.39668288264267,-11.5808814843321));
#4833=CARTESIAN_POINT('Ctrl Pts',(228.373660993117,11.8148910004759,-8.3529725860655));
#4834=CARTESIAN_POINT('Ctrl Pts',(227.721373961424,11.9702432587061,-8.03013984221599));
#4835=CARTESIAN_POINT('Ctrl Pts',(226.316735240949,12.1478279446157,-7.51662103407648));
#4836=CARTESIAN_POINT('Ctrl Pts',(223.369783650778,12.185755840021,-6.91579206873527));
#4837=CARTESIAN_POINT('Ctrl Pts',(220.974241937196,11.9603304418934,-6.86544055358402));
#4838=CARTESIAN_POINT('Ctrl Pts',(219.248288091707,11.6722857624268,-7.03698204156322));
#4839=CARTESIAN_POINT('Ctrl Pts',(218.757416679324,11.5834145689715,-7.09604742957361));
#4840=CARTESIAN_POINT('Ctrl Pts',(217.904480464898,11.4108425663112,-7.2257512847316));
#4841=CARTESIAN_POINT('Ctrl Pts',(216.949902991115,11.1690209078173,-7.43846397696593));
#4842=CARTESIAN_POINT('Ctrl Pts',(216.032951154599,10.8625344358131,-7.73332699944594));
#4843=CARTESIAN_POINT('Ctrl Pts',(215.172823472795,10.496447669711,-8.09745267115174));
#4844=CARTESIAN_POINT('Ctrl Pts',(214.387807676699,10.0161022020793,-8.58954453509756));
#4845=CARTESIAN_POINT('Ctrl Pts',(214.090701214473,9.30563796156956,-9.30690160665343));
#4846=CARTESIAN_POINT('Ctrl Pts',(214.313400718313,8.76807053521643,-9.83932366032533));
#4847=CARTESIAN_POINT('Ctrl Pts',(214.792248993094,8.34293520972632,-10.2564456961322));
#4848=CARTESIAN_POINT('Ctrl Pts',(215.335476661467,8.03235571400346,-10.5626302292002));
#4849=CARTESIAN_POINT('Ctrl Pts',(215.872703695632,7.79837933953374,-10.797052231223));
#4850=CARTESIAN_POINT('Ctrl Pts',(217.220590933755,7.32087376955326,-11.2861996268623));
#4851=CARTESIAN_POINT('Ctrl Pts',(218.880020536698,7.0385572725917,-11.631160271251));
#4852=CARTESIAN_POINT('Ctrl Pts',(220.736346732901,6.92299801952939,-11.8993452287839));
#4853=CARTESIAN_POINT('Ctrl Pts',(222.233622010191,6.91688093242569,-12.0626941191267));
#4854=CARTESIAN_POINT('Ctrl Pts',(224.850829876593,7.12691699196932,-12.2180109682675));
#4855=CARTESIAN_POINT('Ctrl Pts',(227.069438207947,7.70748101483806,-12.1255118016049));
#4856=CARTESIAN_POINT('Ctrl Pts',(228.373660681334,8.35297243176405,-11.8148910747393));
#4857=CARTESIAN_POINT('Ctrl Pts',(228.435513402383,11.910661342321,-8.2673146613517));
#4858=CARTESIAN_POINT('Ctrl Pts',(227.769313723792,12.0626022465267,-7.93895686883869));
#4859=CARTESIAN_POINT('Ctrl Pts',(226.344923823122,12.2307657460167,-7.42239603346619));
#4860=CARTESIAN_POINT('Ctrl Pts',(223.371900239502,12.2515525491351,-6.82721664005456));
#4861=CARTESIAN_POINT('Ctrl Pts',(220.964991635766,12.0149051272537,-6.78903827270706));
#4862=CARTESIAN_POINT('Ctrl Pts',(219.232687788169,11.7187022236163,-6.97191289748707));
#4863=CARTESIAN_POINT('Ctrl Pts',(218.740106974504,11.6274797372395,-7.03435709433849));
#4864=CARTESIAN_POINT('Ctrl Pts',(217.884414437523,11.4507095051858,-7.17030022812162));
#4865=CARTESIAN_POINT('Ctrl Pts',(216.927183646266,11.2037387144645,-7.39098313386233));
#4866=CARTESIAN_POINT('Ctrl Pts',(216.008000207438,10.8912746780269,-7.69496339024646));
#4867=CARTESIAN_POINT('Ctrl Pts',(215.145945717496,10.5182494144585,-8.0691958462373));
#4868=CARTESIAN_POINT('Ctrl Pts',(214.359398747109,10.0290397136903,-8.5733567089783));
#4869=CARTESIAN_POINT('Ctrl Pts',(214.061750868019,9.30463279737417,-9.30592865807421));
#4870=CARTESIAN_POINT('Ctrl Pts',(214.284855372922,8.75565887066323,-9.84880224117839));
#4871=CARTESIAN_POINT('Ctrl Pts',(214.764622388893,8.32066869788567,-10.2737977175662));
#4872=CARTESIAN_POINT('Ctrl Pts',(215.308970609132,8.00223252532266,-10.5857008987108));
#4873=CARTESIAN_POINT('Ctrl Pts',(215.847384020018,7.76183218894494,-10.8245491110092));
#4874=CARTESIAN_POINT('Ctrl Pts',(217.198463851794,7.27016593639985,-11.3230948767108));
#4875=CARTESIAN_POINT('Ctrl Pts',(218.86262180779,6.97543670369679,-11.6758760226373));
#4876=CARTESIAN_POINT('Ctrl Pts',(220.726520979401,6.84859664565005,-11.9527743261838));
#4877=CARTESIAN_POINT('Ctrl Pts',(222.230791935699,6.8344400309064,-12.1232943086236));
#4878=CARTESIAN_POINT('Ctrl Pts',(224.864405469693,7.03423209314306,-12.291452578063));
#4879=CARTESIAN_POINT('Ctrl Pts',(227.103472819417,7.61077597144698,-12.2144612715817));
#4880=CARTESIAN_POINT('Ctrl Pts',(228.435513083956,8.26731450438614,-11.9106614149345));
#4881=CARTESIAN_POINT('Ctrl Pts',(228.456860730902,11.9359201067577,-8.2342251748987));
#4882=CARTESIAN_POINT('Ctrl Pts',(227.785998649445,12.0870219400336,-7.9044390751937));
#4883=CARTESIAN_POINT('Ctrl Pts',(226.354941416778,12.2527672554082,-7.3876028176752));
#4884=CARTESIAN_POINT('Ctrl Pts',(223.373075365246,12.2692077253601,-6.79531040123999));
#4885=CARTESIAN_POINT('Ctrl Pts',(220.962247178292,12.0299852957665,-6.76179492480309));
#4886=CARTESIAN_POINT('Ctrl Pts',(219.227746478932,11.7318213752823,-6.94882201840013));
#4887=CARTESIAN_POINT('Ctrl Pts',(218.734574131351,11.6400240103536,-7.01249384003755));
#4888=CARTESIAN_POINT('Ctrl Pts',(217.877924468973,11.4622200314595,-7.15069658354546));
#4889=CARTESIAN_POINT('Ctrl Pts',(216.919766595525,11.2139372587089,-7.37424114158663));
#4890=CARTESIAN_POINT('Ctrl Pts',(215.999799642858,10.89985339856,-7.68146316185986));
#4891=CARTESIAN_POINT('Ctrl Pts',(215.13706589364,10.524858724796,-8.05926178907147));
#4892=CARTESIAN_POINT('Ctrl Pts',(214.349974545808,10.0329969608746,-8.56764533496709));
#4893=CARTESIAN_POINT('Ctrl Pts',(214.052133677385,9.30405599382976,-9.30536317691109));
#4894=CARTESIAN_POINT('Ctrl Pts',(214.275382466783,8.75122544130003,-9.8516353755415));
#4895=CARTESIAN_POINT('Ctrl Pts',(214.755475948415,8.31282927720194,-10.2790751050199));
#4896=CARTESIAN_POINT('Ctrl Pts',(215.300220686334,7.99164390942418,-10.5926746969388));
#4897=CARTESIAN_POINT('Ctrl Pts',(215.839052783852,7.74897729528889,-10.8327838148134));
#4898=CARTESIAN_POINT('Ctrl Pts',(217.191253438192,7.25229537626573,-11.3339282088862));
#4899=CARTESIAN_POINT('Ctrl Pts',(218.857068351949,6.95305576217881,-11.6885609125064));
#4900=CARTESIAN_POINT('Ctrl Pts',(220.723576666702,6.82205673961099,-11.967553051892));
#4901=CARTESIAN_POINT('Ctrl Pts',(222.230251572515,6.80487423682682,-12.139792284673));
#4902=CARTESIAN_POINT('Ctrl Pts',(224.869456250245,7.00058368753533,-12.311065307888));
#4903=CARTESIAN_POINT('Ctrl Pts',(227.115497854245,7.57483064082473,-12.2380423457309));
#4904=CARTESIAN_POINT('Ctrl Pts',(228.456860410241,8.23422501726644,-11.9359201789818));
#4905=CARTESIAN_POINT('',(216.691438230282,7.45827677541716,-11.1301012869372));
#4906=CARTESIAN_POINT('Ctrl Pts',(228.44683398067,8.22930360886502,-11.9381725189169));
#4907=CARTESIAN_POINT('Ctrl Pts',(228.317300531433,8.16581887964017,-11.9671940240738));
#4908=CARTESIAN_POINT('Ctrl Pts',(228.185979084257,8.10510868054116,-11.9936833707997));
#4909=CARTESIAN_POINT('Ctrl Pts',(228.053187579181,8.04700052927204,-12.0178675930301));
#4910=CARTESIAN_POINT('Ctrl Pts',(227.907485698138,7.98324293469569,-12.0444030756161));
#4911=CARTESIAN_POINT('Ctrl Pts',(227.7600140167,7.92261716857085,-12.0681632996117));
#4912=CARTESIAN_POINT('Ctrl Pts',(227.611136663923,7.86486199665773,-12.0894524263756));
#4913=CARTESIAN_POINT('Ctrl Pts',(227.518568736975,7.82895138678465,-12.1026894318321));
#4914=CARTESIAN_POINT('Ctrl Pts',(227.425456273654,7.79414997291125,-12.1149712317805));
#4915=CARTESIAN_POINT('Ctrl Pts',(227.331877686216,7.7603911872779,-12.1263714577579));
#4916=CARTESIAN_POINT('Ctrl Pts',(227.128877108285,7.68715805583778,-12.1511020347556));
#4917=CARTESIAN_POINT('Ctrl Pts',(226.923974875835,7.61885140866938,-12.1717043231475));
#4918=CARTESIAN_POINT('Ctrl Pts',(226.717442368357,7.55520072939858,-12.1885988537386));
#4919=CARTESIAN_POINT('Ctrl Pts',(226.478080498939,7.48143246034457,-12.208178853394));
#4920=CARTESIAN_POINT('Ctrl Pts',(226.236528957036,7.41391814396978,-12.2227779994363));
#4921=CARTESIAN_POINT('Ctrl Pts',(225.993261209603,7.3522857375346,-12.2330277962361));
#4922=CARTESIAN_POINT('Ctrl Pts',(225.723916241728,7.28404661127738,-12.2443763256606));
#4923=CARTESIAN_POINT('Ctrl Pts',(225.452467971537,7.22301920202951,-12.2503918627742));
#4924=CARTESIAN_POINT('Ctrl Pts',(225.179610851309,7.16874280283128,-12.2519217629641));
#4925=CARTESIAN_POINT('Ctrl Pts',(224.880810409815,7.1093057904141,-12.2535971264356));
#4926=CARTESIAN_POINT('Ctrl Pts',(224.580320619859,7.05796641092959,-12.2498921560339));
#4927=CARTESIAN_POINT('Ctrl Pts',(224.279105206137,7.01414450918217,-12.2419289764113));
#4928=CARTESIAN_POINT('Ctrl Pts',(224.2239233683,7.00611645694516,-12.2404701437402));
#4929=CARTESIAN_POINT('Ctrl Pts',(224.168717307957,6.99834072007744,-12.2388684475414));
#4930=CARTESIAN_POINT('Ctrl Pts',(224.113493126714,6.99081374304558,-12.2371308537706));
#4931=CARTESIAN_POINT('Ctrl Pts',(223.801258760051,6.94825664480504,-12.2273065978321));
#4932=CARTESIAN_POINT('Ctrl Pts',(223.488441038308,6.91365167889363,-12.2131381608432));
#4933=CARTESIAN_POINT('Ctrl Pts',(223.175004308723,6.8870586892476,-12.1944687054176));
#4934=CARTESIAN_POINT('Ctrl Pts',(222.81319012669,6.85636119948832,-12.1729177092955));
#4935=CARTESIAN_POINT('Ctrl Pts',(222.451334761439,6.83609941924137,-12.1455882438838));
#4936=CARTESIAN_POINT('Ctrl Pts',(222.089667130324,6.82588568197143,-12.1125195699202));
#4937=CARTESIAN_POINT('Ctrl Pts',(222.011012026456,6.82366440891094,-12.10532782877));
#4938=CARTESIAN_POINT('Ctrl Pts',(221.932365657723,6.8219184771435,-12.0978645488754));
#4939=CARTESIAN_POINT('Ctrl Pts',(221.853730151262,6.82064406980201,-12.0901299922265));
#4940=CARTESIAN_POINT('Ctrl Pts',(221.476891700786,6.8145368326332,-12.0530643144696));
#4941=CARTESIAN_POINT('Ctrl Pts',(221.100304902938,6.81925468755732,-12.0097706636033));
#4942=CARTESIAN_POINT('Ctrl Pts',(220.725465602823,6.83487499877858,-11.9601360608214));
#4943=CARTESIAN_POINT('Ctrl Pts',(220.350551035543,6.85049844653473,-11.9104914914863));
#4944=CARTESIAN_POINT('Ctrl Pts',(219.977384118801,6.87702852972895,-11.8545033840079));
#4945=CARTESIAN_POINT('Ctrl Pts',(219.604972400901,6.91351154683313,-11.7928233747404));
#4946=CARTESIAN_POINT('Ctrl Pts',(219.261996632653,6.9471108945923,-11.7360186407667));
#4947=CARTESIAN_POINT('Ctrl Pts',(218.91966053068,6.98915189010819,-11.674386310844));
#4948=CARTESIAN_POINT('Ctrl Pts',(218.580073407147,7.04128366937665,-11.6059754744888));
#4949=CARTESIAN_POINT('Ctrl Pts',(218.269266641313,7.08899722677848,-11.5433625268177));
#4950=CARTESIAN_POINT('Ctrl Pts',(217.960762181268,7.14516354037368,-11.4750717444959));
#4951=CARTESIAN_POINT('Ctrl Pts',(217.656178746299,7.21108508667152,-11.3995858922331));
#4952=CARTESIAN_POINT('Ctrl Pts',(217.531410376878,7.23808893158552,-11.368664162356));
#4953=CARTESIAN_POINT('Ctrl Pts',(217.407300016918,7.26673019994427,-11.3365347901333));
#4954=CARTESIAN_POINT('Ctrl Pts',(217.283959254707,7.29710058502054,-11.3030920551266));
#4955=CARTESIAN_POINT('Ctrl Pts',(217.127309016838,7.33567281338267,-11.2606177562826));
#4956=CARTESIAN_POINT('Ctrl Pts',(216.97189494732,7.37690252814055,-11.2161111325069));
#4957=CARTESIAN_POINT('Ctrl Pts',(216.818012686357,7.42112063983615,-11.169271336018));
#4958=CARTESIAN_POINT('Ctrl Pts',(216.775703225385,7.43327827554625,-11.1563928760247));
#4959=CARTESIAN_POINT('Ctrl Pts',(216.733509637748,7.44566156301914,-11.1433381711027));
#4960=CARTESIAN_POINT('Ctrl Pts',(216.691438230282,7.45827677541716,-11.1301012869372));
#4961=CARTESIAN_POINT('Ctrl Pts',(216.691438230281,7.45827677541719,-11.1301012869371));
#4962=CARTESIAN_POINT('Ctrl Pts',(216.576233788946,7.49282630364619,-11.0938511258344));
#4963=CARTESIAN_POINT('Ctrl Pts',(216.461974608483,7.52920789509698,-11.0561753011323));
#4964=CARTESIAN_POINT('Ctrl Pts',(216.348748523943,7.56744640209774,-11.0170140561681));
#4965=CARTESIAN_POINT('Ctrl Pts',(216.177391825622,7.62531667408468,-10.9577473097602));
#4966=CARTESIAN_POINT('Ctrl Pts',(216.008401978995,7.68743720522295,-10.8950796769024));
#4967=CARTESIAN_POINT('Ctrl Pts',(215.843112944607,7.75490808113076,-10.8277211774426));
#4968=CARTESIAN_POINT('Ctrl Pts',(215.694264429884,7.81566794764649,-10.7670625098203));
#4969=CARTESIAN_POINT('Ctrl Pts',(215.548416820993,7.8807669596853,-10.7025998630225));
#4970=CARTESIAN_POINT('Ctrl Pts',(215.406919448958,7.95086537322637,-10.6335780556455));
#4971=CARTESIAN_POINT('Ctrl Pts',(215.391283031834,7.95861172227966,-10.6259506788588));
#4972=CARTESIAN_POINT('Ctrl Pts',(215.375699730952,7.96641916777846,-10.6182676002555));
#4973=CARTESIAN_POINT('Ctrl Pts',(215.36017136166,7.97428863513683,-10.6105277798111));
#4974=CARTESIAN_POINT('Ctrl Pts',(215.268891830738,8.02054727798173,-10.5650312330543));
#4975=CARTESIAN_POINT('Ctrl Pts',(215.179510482317,8.06894826301618,-10.5175745702833));
#4976=CARTESIAN_POINT('Ctrl Pts',(215.09277627069,8.11977460415754,-10.4678281182363));
#4977=CARTESIAN_POINT('Ctrl Pts',(215.003608560705,8.17202697794951,-10.4166859319445));
#4978=CARTESIAN_POINT('Ctrl Pts',(214.917338266155,8.22702747499528,-10.3629912448974));
#4979=CARTESIAN_POINT('Ctrl Pts',(214.834749845351,8.28496339695874,-10.3064676818212));
#4980=CARTESIAN_POINT('Ctrl Pts',(214.814600896543,8.29909791986738,-10.2926777295756));
#4981=CARTESIAN_POINT('Ctrl Pts',(214.79467103978,8.31340736486097,-10.2787192861083));
#4982=CARTESIAN_POINT('Ctrl Pts',(214.774971554088,8.32789485857269,-10.2645881036043));
#4983=CARTESIAN_POINT('Ctrl Pts',(214.698753631747,8.38394742196948,-10.2099141193435));
#4984=CARTESIAN_POINT('Ctrl Pts',(214.625985157015,8.44266215986948,-10.1526564204906));
#4985=CARTESIAN_POINT('Ctrl Pts',(214.558450811133,8.50432274910463,-10.0924261524032));
#4986=CARTESIAN_POINT('Ctrl Pts',(214.49091646525,8.56598333833978,-10.0321958843159));
#4987=CARTESIAN_POINT('Ctrl Pts',(214.428616715423,8.630589520288,-9.96899379249544));
#4988=CARTESIAN_POINT('Ctrl Pts',(214.373320017853,8.69846710156413,-9.90239837828746));
#4989=CARTESIAN_POINT('Ctrl Pts',(214.354085223714,8.72207811921808,-9.87923335868931));
#4990=CARTESIAN_POINT('Ctrl Pts',(214.335768815945,8.74604830280079,-9.85569898398713));
#4991=CARTESIAN_POINT('Ctrl Pts',(214.318423275274,8.77040548281715,-9.83176381074616));
#4992=CARTESIAN_POINT('Ctrl Pts',(214.289967807586,8.81036358859517,-9.79249800971604));
#4993=CARTESIAN_POINT('Ctrl Pts',(214.264122880095,8.85136191408194,-9.75215486348572));
#4994=CARTESIAN_POINT('Ctrl Pts',(214.241260214223,8.89319180271495,-9.71092307656477));
#4995=CARTESIAN_POINT('Ctrl Pts',(214.219160978363,8.93362490793949,-9.67106810124325));
#4996=CARTESIAN_POINT('Ctrl Pts',(214.199847249914,8.97483577469082,-9.63038206549144));
#4997=CARTESIAN_POINT('Ctrl Pts',(214.183700103416,9.01664833796818,-9.58902252391137));
#4998=CARTESIAN_POINT('Ctrl Pts',(214.168736847121,9.05539525221308,-9.55069541633412));
#4999=CARTESIAN_POINT('Ctrl Pts',(214.156492587095,9.09465941766907,-9.51178940535051));
#5000=CARTESIAN_POINT('Ctrl Pts',(214.147317641763,9.13430215769202,-9.47242772125056));
#5001=CARTESIAN_POINT('Ctrl Pts',(214.146591721703,9.13743868430229,-9.46931343173542));
#5002=CARTESIAN_POINT('Ctrl Pts',(214.145885042725,9.14057757918802,-9.46619629085855));
#5003=CARTESIAN_POINT('Ctrl Pts',(214.145197792845,9.14371877260677,-9.46307636046829));
#5004=CARTESIAN_POINT('Ctrl Pts',(214.136850168275,9.18187302204131,-9.42518038067346));
#5005=CARTESIAN_POINT('Ctrl Pts',(214.131218052231,9.22030956822076,-9.38690770854407));
#5006=CARTESIAN_POINT('Ctrl Pts',(214.128695165925,9.25880420513946,-9.34847733865611));
#5007=CARTESIAN_POINT('Ctrl Pts',(214.127728227892,9.27355791339307,-9.33374826180827));
#5008=CARTESIAN_POINT('Ctrl Pts',(214.127217618672,9.2883198841561,-9.3189962619988));
#5009=CARTESIAN_POINT('Ctrl Pts',(214.12718388307,9.30307657449115,-9.30423452502184));
#5010=CARTESIAN_POINT('Ctrl Pts',(214.12709437307,9.34223020711894,-9.26506750223954));
#5011=CARTESIAN_POINT('Ctrl Pts',(214.130365406412,9.38134783515099,-9.22583062268581));
#5012=CARTESIAN_POINT('Ctrl Pts',(214.136708753314,9.42017663615914,-9.18679997003201));
#5013=CARTESIAN_POINT('Ctrl Pts',(214.143963914409,9.4645868206845,-9.14215891902104));
#5014=CARTESIAN_POINT('Ctrl Pts',(214.155238147223,9.50861861032977,-9.09778795562427));
#5015=CARTESIAN_POINT('Ctrl Pts',(214.170035920963,9.55187529622807,-9.05412312249596));
#5016=CARTESIAN_POINT('Ctrl Pts',(214.184375742038,9.59379330004476,-9.01180960254598));
#5017=CARTESIAN_POINT('Ctrl Pts',(214.202010789998,9.63510257630951,-8.97003303788339));
#5018=CARTESIAN_POINT('Ctrl Pts',(214.222529395081,9.6756300928251,-8.92898877895136));
#5019=CARTESIAN_POINT('Ctrl Pts',(214.244228535578,9.71848935501062,-8.88558304363812));
#5020=CARTESIAN_POINT('Ctrl Pts',(214.269153519809,9.76047521883472,-8.84299537153891));
#5021=CARTESIAN_POINT('Ctrl Pts',(214.296869907809,9.80136768401805,-8.80147223796675));
#5022=CARTESIAN_POINT('Ctrl Pts',(214.303540586495,9.81120953267134,-8.79147860235698));
#5023=CARTESIAN_POINT('Ctrl Pts',(214.310373145283,9.82098794282189,-8.78154673488706));
#5024=CARTESIAN_POINT('Ctrl Pts',(214.317361844856,9.83069962874047,-8.77168029351225));
#5025=CARTESIAN_POINT('Ctrl Pts',(214.346990418282,9.87187229560618,-8.72985154129754));
#5026=CARTESIAN_POINT('Ctrl Pts',(214.379422743517,9.91184716067191,-8.68919722971096));
#5027=CARTESIAN_POINT('Ctrl Pts',(214.414512078749,9.95074987914894,-8.64960969897182));
#5028=CARTESIAN_POINT('Ctrl Pts',(214.460582771603,10.0018273698539,-8.59763308107673));
#5029=CARTESIAN_POINT('Ctrl Pts',(214.510469111869,10.0508588940903,-8.54761663264937));
#5030=CARTESIAN_POINT('Ctrl Pts',(214.563542291465,10.0980299675228,-8.499412080771));
#5031=CARTESIAN_POINT('Ctrl Pts',(214.618569907911,10.1469381308544,-8.44943238081859));
#5032=CARTESIAN_POINT('Ctrl Pts',(214.677022622585,10.1938459313313,-8.40140024229345));
#5033=CARTESIAN_POINT('Ctrl Pts',(214.738173679085,10.2389241114697,-8.35518725677298));
#5034=CARTESIAN_POINT('Ctrl Pts',(214.801638732301,10.2857080799748,-8.30722554109419));
#5035=CARTESIAN_POINT('Ctrl Pts',(214.868009140593,10.3305209712069,-8.26122296082607));
#5036=CARTESIAN_POINT('Ctrl Pts',(214.936459443013,10.3735213730508,-8.21707918983496));
#5037=CARTESIAN_POINT('Ctrl Pts',(214.963273799871,10.3903661214201,-8.19978654412626));
#5038=CARTESIAN_POINT('Ctrl Pts',(214.990407281256,10.4069324228333,-8.18277962371939));
#5039=CARTESIAN_POINT('Ctrl Pts',(215.017810324698,10.4232286974943,-8.16605425240017));
#5040=CARTESIAN_POINT('Ctrl Pts',(215.10058974776,10.4724566680076,-8.11553006185639));
#5041=CARTESIAN_POINT('Ctrl Pts',(215.186480190578,10.5195162626989,-8.06729266884576));
#5042=CARTESIAN_POINT('Ctrl Pts',(215.274124565271,10.5647298901738,-8.02109524814185));
#5043=CARTESIAN_POINT('Ctrl Pts',(215.302555861485,10.5793969129023,-8.00610908893938));
#5044=CARTESIAN_POINT('Ctrl Pts',(215.331171451872,10.5938699039498,-7.99133736185266));
#5045=CARTESIAN_POINT('Ctrl Pts',(215.359924310195,10.6081604648745,-7.97677098741549));
#5046=CARTESIAN_POINT('Ctrl Pts',(215.465949630555,10.6608564884531,-7.92305790961247));
#5047=CARTESIAN_POINT('Ctrl Pts',(215.573841689632,10.7110693173441,-7.87214061848712));
#5048=CARTESIAN_POINT('Ctrl Pts',(215.683597179597,10.7590283225373,-7.82380160297649));
#5049=CARTESIAN_POINT('Ctrl Pts',(215.789707095536,10.8053943495231,-7.77706818787317));
#5050=CARTESIAN_POINT('Ctrl Pts',(215.897558746373,10.8496543925365,-7.73274394393461));
#5051=CARTESIAN_POINT('Ctrl Pts',(216.007142518252,10.8920426557716,-7.69059532690552));
#5052=CARTESIAN_POINT('Ctrl Pts',(216.131740710228,10.940238669374,-7.64267179419583));
#5053=CARTESIAN_POINT('Ctrl Pts',(216.258577789412,10.9860148395179,-7.59756124325598));
#5054=CARTESIAN_POINT('Ctrl Pts',(216.386787735892,11.0297478006951,-7.55491044139));
#5055=CARTESIAN_POINT('Ctrl Pts',(216.404512091691,11.0357936542763,-7.54901419068435));
#5056=CARTESIAN_POINT('Ctrl Pts',(216.422262682637,11.0418005014612,-7.54316488106754));
#5057=CARTESIAN_POINT('Ctrl Pts',(216.440037221514,11.0477693759448,-7.53736151537144));
#5058=CARTESIAN_POINT('Ctrl Pts',(216.523813180896,11.0759022118942,-7.51000876477662));
#5059=CARTESIAN_POINT('Ctrl Pts',(216.60821869226,11.1032119230986,-7.48366285789444));
#5060=CARTESIAN_POINT('Ctrl Pts',(216.693061139827,11.1297995304179,-7.45823662994204));
#5061=CARTESIAN_POINT('Ctrl Pts',(217.001896155252,11.2265810867268,-7.3656826109684));
#5062=CARTESIAN_POINT('Ctrl Pts',(217.316521979155,11.3137919848421,-7.28531767841465));
#5063=CARTESIAN_POINT('Ctrl Pts',(217.635178586726,11.393387877105,-7.2154534646604));
#5064=CARTESIAN_POINT('Ctrl Pts',(217.797301164945,11.4338837932815,-7.17990872405272));
#5065=CARTESIAN_POINT('Ctrl Pts',(217.960466745267,11.4724091684011,-7.14708138347493));
#5066=CARTESIAN_POINT('Ctrl Pts',(218.124441817855,11.5092245009179,-7.11674546199636));
#5067=CARTESIAN_POINT('Ctrl Pts',(218.367435017722,11.5637808143336,-7.07179093009903));
#5068=CARTESIAN_POINT('Ctrl Pts',(218.612205915648,11.6145817070182,-7.03230785948018));
#5069=CARTESIAN_POINT('Ctrl Pts',(218.858193758986,11.662105140323,-6.99794029336838));
#5070=CARTESIAN_POINT('Ctrl Pts',(218.981186393453,11.6858666082953,-6.98075669015071));
#5071=CARTESIAN_POINT('Ctrl Pts',(219.10448322087,11.7088088109926,-6.96485180902126));
#5072=CARTESIAN_POINT('Ctrl Pts',(219.228073999182,11.7309220370606,-6.95023054207714));
#5073=CARTESIAN_POINT('Ctrl Pts',(219.351677279968,11.7530375001082,-6.93560779604189));
#5074=CARTESIAN_POINT('Ctrl Pts',(219.475574564711,11.7743238327098,-6.92226891358278));
#5075=CARTESIAN_POINT('Ctrl Pts',(219.5996907834,11.794936652407,-6.9100978871087));
#5076=CARTESIAN_POINT('Ctrl Pts',(219.685823214962,11.8092412477341,-6.90165160896799));
#5077=CARTESIAN_POINT('Ctrl Pts',(219.772061082759,11.8232214862997,-6.89376775249997));
#5078=CARTESIAN_POINT('Ctrl Pts',(219.858392080387,11.8368753409881,-6.88644929622771));
#5079=CARTESIAN_POINT('Ctrl Pts',(220.341633880403,11.9133034316861,-6.84548389469758));
#5080=CARTESIAN_POINT('Ctrl Pts',(220.827901911731,11.979590459066,-6.82210682971763));
#5081=CARTESIAN_POINT('Ctrl Pts',(221.315456840661,12.0354138628102,-6.81685278144642));
#5082=CARTESIAN_POINT('Ctrl Pts',(221.80240054577,12.0911672834774,-6.81160531991914));
#5083=CARTESIAN_POINT('Ctrl Pts',(222.290628693769,12.1364833414025,-6.82443569189818));
#5084=CARTESIAN_POINT('Ctrl Pts',(222.778401755064,12.1710172730519,-6.85592197387403));
#5085=CARTESIAN_POINT('Ctrl Pts',(223.224171697418,12.2025774184189,-6.884696908808));
#5086=CARTESIAN_POINT('Ctrl Pts',(223.669562093557,12.2251322898422,-6.92905384546438));
#5087=CARTESIAN_POINT('Ctrl Pts',(224.11323060321,12.2384003052496,-6.98946397793991));
#5088=CARTESIAN_POINT('Ctrl Pts',(224.24058175469,12.2422087726148,-7.00680417622855));
#5089=CARTESIAN_POINT('Ctrl Pts',(224.367790910278,12.2452519568502,-7.02546720286555));
#5090=CARTESIAN_POINT('Ctrl Pts',(224.494811800807,12.2474662004019,-7.04550056274121));
#5091=CARTESIAN_POINT('Ctrl Pts',(225.037443261018,12.2569254177536,-7.13108279474249));
#5092=CARTESIAN_POINT('Ctrl Pts',(225.576245811327,12.2513091877284,-7.2415068326467));
#5093=CARTESIAN_POINT('Ctrl Pts',(226.107668230894,12.2257529124447,-7.38033095373217));
#5094=CARTESIAN_POINT('Ctrl Pts',(226.185245528554,12.222022195219,-7.40059656498096));
#5095=CARTESIAN_POINT('Ctrl Pts',(226.262665541712,12.2178665081971,-7.42146747110691));
#5096=CARTESIAN_POINT('Ctrl Pts',(226.339917204666,12.2132706692422,-7.4429548271534));
#5097=CARTESIAN_POINT('Ctrl Pts',(226.785007435021,12.1867914590756,-7.56675555695868));
#5098=CARTESIAN_POINT('Ctrl Pts',(227.22451032218,12.1457031250291,-7.71101729331376));
#5099=CARTESIAN_POINT('Ctrl Pts',(227.651775925997,12.0834665909602,-7.8794395118278));
#5100=CARTESIAN_POINT('Ctrl Pts',(227.922264150521,12.0440666265108,-7.9860622459053));
#5101=CARTESIAN_POINT('Ctrl Pts',(228.187847852118,11.9961905812938,-8.10236849899545));
#5102=CARTESIAN_POINT('Ctrl Pts',(228.446833995882,11.9381723852217,-8.22930351670031));
#5103=CARTESIAN_POINT('',(228.33566094925,11.2329947068589,-7.98299470685896));
#5104=CARTESIAN_POINT('Ctrl Pts',(228.382355353201,11.2230752875485,-8.00183626106299));
#5105=CARTESIAN_POINT('Ctrl Pts',(228.366815919186,11.2264179548695,-7.9955182396044));
#5106=CARTESIAN_POINT('Ctrl Pts',(228.351253427749,11.2297291901806,-7.98923476686591));
#5107=CARTESIAN_POINT('Ctrl Pts',(228.335668247802,11.233009305862,-7.98298565449742));
#5108=CARTESIAN_POINT('',(216.842042656602,7.61998080623208,-10.7921546966294));
#5109=CARTESIAN_POINT('Ctrl Pts',(228.335664395042,11.2330103622667,-7.98299433058954));
#5110=CARTESIAN_POINT('Ctrl Pts',(227.971718004071,11.3096111653107,-7.83717748702502));
#5111=CARTESIAN_POINT('Ctrl Pts',(227.595566527905,11.3692294549107,-7.71008004374105));
#5112=CARTESIAN_POINT('Ctrl Pts',(227.211804009606,11.415856415951,-7.59928138136646));
#5113=CARTESIAN_POINT('Ctrl Pts',(226.918042933676,11.4515482451147,-7.51446764183027));
#5114=CARTESIAN_POINT('Ctrl Pts',(226.61982212178,11.4796271635967,-7.4392058120227));
#5115=CARTESIAN_POINT('Ctrl Pts',(226.319202670098,11.5018790469556,-7.37242452004842));
#5116=CARTESIAN_POINT('Ctrl Pts',(225.721999725054,11.5460840716151,-7.23975850652962));
#5117=CARTESIAN_POINT('Ctrl Pts',(225.115329267701,11.5672932838306,-7.14055902071983));
#5118=CARTESIAN_POINT('Ctrl Pts',(224.504002257208,11.5717661597483,-7.07009607316498));
#5119=CARTESIAN_POINT('Ctrl Pts',(224.37914247101,11.5726797171754,-7.05570444901699));
#5120=CARTESIAN_POINT('Ctrl Pts',(224.254114822751,11.5728935881125,-7.04251280207312));
#5121=CARTESIAN_POINT('Ctrl Pts',(224.128961537583,11.572461481803,-7.03047957740413));
#5122=CARTESIAN_POINT('Ctrl Pts',(223.531376148647,11.5703982485711,-6.97302300137937));
#5123=CARTESIAN_POINT('Ctrl Pts',(222.930927484601,11.5536099161114,-6.94197445592952));
#5124=CARTESIAN_POINT('Ctrl Pts',(222.330849092639,11.5226040381015,-6.93624643159801));
#5125=CARTESIAN_POINT('Ctrl Pts',(221.765161443045,11.4933751198634,-6.93084668272467));
#5126=CARTESIAN_POINT('Ctrl Pts',(221.199802143827,11.4515121346542,-6.94794858536033));
#5127=CARTESIAN_POINT('Ctrl Pts',(220.637472976408,11.397405728125,-6.98667009718676));
#5128=CARTESIAN_POINT('Ctrl Pts',(220.407976106923,11.375323909082,-7.00247305790935));
#5129=CARTESIAN_POINT('Ctrl Pts',(220.178983911341,11.3512023590507,-7.02187732908976));
#5130=CARTESIAN_POINT('Ctrl Pts',(219.95068014154,11.3250655546905,-7.0448244605547));
#5131=CARTESIAN_POINT('Ctrl Pts',(219.865944597876,11.3153648111197,-7.05334134865466));
#5132=CARTESIAN_POINT('Ctrl Pts',(219.781300188237,11.3053871847666,-7.06234720675599));
#5133=CARTESIAN_POINT('Ctrl Pts',(219.696758602726,11.2951331833003,-7.07183844022683));
#5134=CARTESIAN_POINT('Ctrl Pts',(219.574923232343,11.2803558395942,-7.08551653649545));
#5135=CARTESIAN_POINT('Ctrl Pts',(219.453301411012,11.2650044987401,-7.10020267170954));
#5136=CARTESIAN_POINT('Ctrl Pts',(219.331968869116,11.2489396263066,-7.11599325094839));
#5137=CARTESIAN_POINT('Ctrl Pts',(219.210647854159,11.232876280082,-7.1317823300369));
#5138=CARTESIAN_POINT('Ctrl Pts',(219.089616064718,11.2160995223306,-7.14867565188398));
#5139=CARTESIAN_POINT('Ctrl Pts',(218.968881942196,11.198615039241,-7.16666777052302));
#5140=CARTESIAN_POINT('Ctrl Pts',(218.727408370231,11.1636453016273,-7.20265280163303));
#5141=CARTESIAN_POINT('Ctrl Pts',(218.487125523941,11.1258438934342,-7.24303317284698));
#5142=CARTESIAN_POINT('Ctrl Pts',(218.248584711236,11.0847648495794,-7.28809943565052));
#5143=CARTESIAN_POINT('Ctrl Pts',(217.945096248186,11.0325011897815,-7.34543591689499));
#5144=CARTESIAN_POINT('Ctrl Pts',(217.644427939896,10.9749301024436,-7.41035824595125));
#5145=CARTESIAN_POINT('Ctrl Pts',(217.348121081982,10.910487306276,-7.48413784383426));
#5146=CARTESIAN_POINT('Ctrl Pts',(217.178346518302,10.873563599283,-7.52641124623603));
#5147=CARTESIAN_POINT('Ctrl Pts',(217.010003715608,10.8343846676073,-7.57159228709055));
#5148=CARTESIAN_POINT('Ctrl Pts',(216.84338143579,10.792663695324,-7.61991728668615));
#5149=CARTESIAN_POINT('Ctrl Pts',(216.760086135142,10.7718071752147,-7.644075192667));
#5150=CARTESIAN_POINT('Ctrl Pts',(216.677220814456,10.750315472653,-7.66901875565556));
#5151=CARTESIAN_POINT('Ctrl Pts',(216.594975134962,10.7280965464806,-7.69481851954565));
#5152=CARTESIAN_POINT('Ctrl Pts',(216.471577047741,10.6947601693403,-7.73352744060232));
#5153=CARTESIAN_POINT('Ctrl Pts',(216.349286330052,10.6599685339755,-7.77424588937536));
#5154=CARTESIAN_POINT('Ctrl Pts',(216.228907751971,10.6232578885595,-7.81715900957342));
#5155=CARTESIAN_POINT('Ctrl Pts',(216.209149817721,10.6172325098753,-7.82420241065723));
#5156=CARTESIAN_POINT('Ctrl Pts',(216.189443406112,10.6111555419601,-7.83130497143731));
#5157=CARTESIAN_POINT('Ctrl Pts',(216.16979208409,10.6050250678946,-7.83846754897851));
#5158=CARTESIAN_POINT('Ctrl Pts',(216.060238914852,10.5708485955902,-7.87839784316922));
#5159=CARTESIAN_POINT('Ctrl Pts',(215.952398009375,10.5350055446852,-7.92019331151743));
#5160=CARTESIAN_POINT('Ctrl Pts',(215.846293061549,10.4972062563198,-7.96404313238505));
#5161=CARTESIAN_POINT('Ctrl Pts',(215.740188113724,10.4594069679544,-8.00789295325266));
#5162=CARTESIAN_POINT('Ctrl Pts',(215.635819003934,10.4196506905629,-8.05379808668834));
#5163=CARTESIAN_POINT('Ctrl Pts',(215.533208907878,10.3776996905359,-8.10194060642181));
#5164=CARTESIAN_POINT('Ctrl Pts',(215.447448511319,10.3426375033177,-8.14217759812557));
#5165=CARTESIAN_POINT('Ctrl Pts',(215.362919020595,10.3060425756922,-8.18397792515222));
#5166=CARTESIAN_POINT('Ctrl Pts',(215.280911180106,10.2675962214943,-8.22752942455438));
#5167=CARTESIAN_POINT('Ctrl Pts',(215.252442726349,10.2542498359528,-8.24264802589026));
#5168=CARTESIAN_POINT('Ctrl Pts',(215.224277909085,10.2406806681441,-8.25797750319365));
#5169=CARTESIAN_POINT('Ctrl Pts',(215.196469822391,10.2268764799211,-8.27352513324988));
#5170=CARTESIAN_POINT('Ctrl Pts',(215.10622205802,10.1820766653995,-8.32398307626817));
#5171=CARTESIAN_POINT('Ctrl Pts',(215.018811180307,10.134721870597,-8.37712988367609));
#5172=CARTESIAN_POINT('Ctrl Pts',(214.936324973142,10.0842566180689,-8.43324392236321));
#5173=CARTESIAN_POINT('Ctrl Pts',(214.867409267549,10.0420938298234,-8.48012616731869));
#5174=CARTESIAN_POINT('Ctrl Pts',(214.801933810162,9.99775976906235,-8.5290798983112));
#5175=CARTESIAN_POINT('Ctrl Pts',(214.741115056113,9.95095816985786,-8.5802534343932));
#5176=CARTESIAN_POINT('Ctrl Pts',(214.692311695482,9.91340272565682,-8.62131709272034));
#5177=CARTESIAN_POINT('Ctrl Pts',(214.646507213569,9.87425876863237,-8.66381000622134));
#5178=CARTESIAN_POINT('Ctrl Pts',(214.60431505046,9.83339004748945,-8.70779854652158));
#5179=CARTESIAN_POINT('Ctrl Pts',(214.57032174359,9.80046300898574,-8.74323915537065));
#5180=CARTESIAN_POINT('Ctrl Pts',(214.538720703712,9.76672479307033,-8.77944628944338));
#5181=CARTESIAN_POINT('Ctrl Pts',(214.509763300784,9.73192715964145,-8.81654266808802));
#5182=CARTESIAN_POINT('Ctrl Pts',(214.481045812928,9.6974178281978,-8.85333169940601));
#5183=CARTESIAN_POINT('Ctrl Pts',(214.454928216412,9.6618672142158,-8.89099549409488));
#5184=CARTESIAN_POINT('Ctrl Pts',(214.431954668691,9.62538440032577,-8.92930947986286));
#5185=CARTESIAN_POINT('Ctrl Pts',(214.411257769549,9.59251698564939,-8.96382659967541));
#5186=CARTESIAN_POINT('Ctrl Pts',(214.393112446173,9.55889306616853,-8.99887248014108));
#5187=CARTESIAN_POINT('Ctrl Pts',(214.377952867308,9.52461368897923,-9.03427119481709));
#5188=CARTESIAN_POINT('Ctrl Pts',(214.373597191542,9.51476448051443,-9.04444201321629));
#5189=CARTESIAN_POINT('Ctrl Pts',(214.369488257952,9.5048613005331,-9.05464182937565));
#5190=CARTESIAN_POINT('Ctrl Pts',(214.365637025709,9.4949068848232,-9.06486609800672));
#5191=CARTESIAN_POINT('Ctrl Pts',(214.352180215358,9.46012459283954,-9.10059129848149));
#5192=CARTESIAN_POINT('Ctrl Pts',(214.341638211001,9.42471046317984,-9.13675073175763));
#5193=CARTESIAN_POINT('Ctrl Pts',(214.334475603913,9.38891404877046,-9.17305529654265));
#5194=CARTESIAN_POINT('Ctrl Pts',(214.327328706347,9.35319614551856,-9.20928023565985));
#5195=CARTESIAN_POINT('Ctrl Pts',(214.323547564698,9.31709804361852,-9.24564893433696));
#5196=CARTESIAN_POINT('Ctrl Pts',(214.323542320171,9.28087362754138,-9.2818746103561));
#5197=CARTESIAN_POINT('Ctrl Pts',(214.323537236524,9.24576041900043,-9.31698904018952));
#5198=CARTESIAN_POINT('Ctrl Pts',(214.3270795775,9.21052894537335,-9.35196858464673));
#5199=CARTESIAN_POINT('Ctrl Pts',(214.333785943548,9.17544200048956,-9.38659621976015));
#5200=CARTESIAN_POINT('Ctrl Pts',(214.335869948384,9.16453872406306,-9.39735676556681));
#5201=CARTESIAN_POINT('Ctrl Pts',(214.338259114366,9.1536493764094,-9.40808342761419));
#5202=CARTESIAN_POINT('Ctrl Pts',(214.340940994955,9.14278173392372,-9.418769990359));
#5203=CARTESIAN_POINT('Ctrl Pts',(214.349547266174,9.10790699748112,-9.45306363405347));
#5204=CARTESIAN_POINT('Ctrl Pts',(214.361318226513,9.07324951449245,-9.48685013813338));
#5205=CARTESIAN_POINT('Ctrl Pts',(214.375865548315,9.03895668939242,-9.52003147824471));
#5206=CARTESIAN_POINT('Ctrl Pts',(214.391210475051,9.00278364696783,-9.55503209484745));
#5207=CARTESIAN_POINT('Ctrl Pts',(214.409644964522,8.96701564822678,-9.58935960485497));
#5208=CARTESIAN_POINT('Ctrl Pts',(214.43077065506,8.93181261278322,-9.62290701514767));
#5209=CARTESIAN_POINT('Ctrl Pts',(214.454462864574,8.89233282916264,-9.66053003494407));
#5210=CARTESIAN_POINT('Ctrl Pts',(214.481540153098,8.85356231248906,-9.6971724945375));
#5211=CARTESIAN_POINT('Ctrl Pts',(214.511506540752,8.81572653542602,-9.73268697528286));
#5212=CARTESIAN_POINT('Ctrl Pts',(214.528547905864,8.79420998499353,-9.75288344474529));
#5213=CARTESIAN_POINT('Ctrl Pts',(214.546524700461,8.77299598122874,-9.77271500757056));
#5214=CARTESIAN_POINT('Ctrl Pts',(214.565377722577,8.75205937740644,-9.79222080401712));
#5215=CARTESIAN_POINT('Ctrl Pts',(214.647071396958,8.66133715341859,-9.8767430717787));
#5216=CARTESIAN_POINT('Ctrl Pts',(214.744632563407,8.57672503212254,-9.95413498754269));
#5217=CARTESIAN_POINT('Ctrl Pts',(214.851877758322,8.49741002891842,-10.0258166299286));
#5218=CARTESIAN_POINT('Ctrl Pts',(214.886949976483,8.471471775013,-10.0492585585102));
#5219=CARTESIAN_POINT('Ctrl Pts',(214.923057426815,8.44610011216391,-10.0720896981688));
#5220=CARTESIAN_POINT('Ctrl Pts',(214.959982841246,8.42126671094492,-10.0943593816489));
#5221=CARTESIAN_POINT('Ctrl Pts',(215.058728957102,8.35485711333483,-10.1539130732991));
#5222=CARTESIAN_POINT('Ctrl Pts',(215.163325476458,8.29229724407101,-10.2094524293595));
#5223=CARTESIAN_POINT('Ctrl Pts',(215.272167895037,8.23312743290858,-10.2615920779366));
#5224=CARTESIAN_POINT('Ctrl Pts',(215.357257587734,8.18687027403177,-10.3023532695077));
#5225=CARTESIAN_POINT('Ctrl Pts',(215.444978771376,8.14266450485788,-10.3410538571924));
#5226=CARTESIAN_POINT('Ctrl Pts',(215.534581321463,8.10028288504397,-10.3780020080622));
#5227=CARTESIAN_POINT('Ctrl Pts',(215.687785890627,8.02781778446698,-10.4411768343353));
#5228=CARTESIAN_POINT('Ctrl Pts',(215.846490601264,7.96068551704662,-10.4992284694674));
#5229=CARTESIAN_POINT('Ctrl Pts',(216.008817109944,7.89808760298742,-10.5531490494471));
#5230=CARTESIAN_POINT('Ctrl Pts',(216.171134561501,7.83549318162357,-10.6070666208895));
#5231=CARTESIAN_POINT('Ctrl Pts',(216.33707347018,7.77743265770578,-10.6568535387579));
#5232=CARTESIAN_POINT('Ctrl Pts',(216.505272315384,7.72287581508747,-10.703735279504));
#5233=CARTESIAN_POINT('Ctrl Pts',(216.616421561117,7.68682353482807,-10.7347156950726));
#5234=CARTESIAN_POINT('Ctrl Pts',(216.728557678984,7.65230126123095,-10.7644274670161));
#5235=CARTESIAN_POINT('Ctrl Pts',(216.841583721636,7.61924554321848,-10.7929515704115));
#5236=CARTESIAN_POINT('Ctrl Pts',(216.841620963663,7.61923465143789,-10.7929609690386));
#5237=CARTESIAN_POINT('Ctrl Pts',(217.754668154269,7.35220695221132,-11.0233819287406));
#5238=CARTESIAN_POINT('Ctrl Pts',(219.088984624218,7.11687606372739,-11.2334340264841));
#5239=CARTESIAN_POINT('Ctrl Pts',(220.800055822245,6.96750408808319,-11.4166478305578));
#5240=CARTESIAN_POINT('Ctrl Pts',(222.279215266945,6.91558910721863,-11.5299188693178));
#5241=CARTESIAN_POINT('Ctrl Pts',(224.86173218152,7.02137693390679,-11.6170738022791));
#5242=CARTESIAN_POINT('Ctrl Pts',(227.062830500044,7.46512808866315,-11.5071813716208));
#5243=CARTESIAN_POINT('Ctrl Pts',(228.382357167897,8.00183341017523,-11.2230773949087));
#5244=CARTESIAN_POINT('Ctrl Pts',(239.45,9.9675144212722,-6.7175144212722));
#5245=CARTESIAN_POINT('Ctrl Pts',(238.323947720399,9.9675144212722,-6.7175144212722));
#5246=CARTESIAN_POINT('Ctrl Pts',(235.121335047978,10.0654221942478,-6.81542219424775));
#5247=CARTESIAN_POINT('Ctrl Pts',(230.4718198886,10.6780339992155,-7.42803399921546));
#5248=CARTESIAN_POINT('Ctrl Pts',(224.179307366326,12.2142502667318,-8.96425026673175));
#5249=CARTESIAN_POINT('Ctrl Pts',(219.181762365259,13.6884636232366,-10.4384636232366));
#5250=CARTESIAN_POINT('Ctrl Pts',(216.532139402492,14.5054444077747,-11.2554444077747));
#5251=CARTESIAN_POINT('Ctrl Pts',(239.45,9.9675144212722,-7.20371328432777));
#5252=CARTESIAN_POINT('Ctrl Pts',(238.333265493135,9.9675144212722,-7.20371328432777));
#5253=CARTESIAN_POINT('Ctrl Pts',(235.160984432907,10.064938047992,-7.30113691104761));
#5254=CARTESIAN_POINT('Ctrl Pts',(230.568311973463,10.6693927094363,-7.90559157249182));
#5255=CARTESIAN_POINT('Ctrl Pts',(224.306539548543,12.1970171414129,-9.43321600446849));
#5256=CARTESIAN_POINT('Ctrl Pts',(219.315784012227,13.669246514661,-10.9054453777166));
#5257=CARTESIAN_POINT('Ctrl Pts',(216.669556798605,14.4851802589826,-11.7213791220382));
#5258=CARTESIAN_POINT('Ctrl Pts',(239.45,9.74342308140118,-8.17252067175861));
#5259=CARTESIAN_POINT('Ctrl Pts',(238.347083530131,9.74342308140118,-8.17252067175861));
#5260=CARTESIAN_POINT('Ctrl Pts',(235.221179684988,9.83995517074939,-8.26905276110682));
#5261=CARTESIAN_POINT('Ctrl Pts',(230.71462473564,10.4320530842941,-8.86115067465151));
#5262=CARTESIAN_POINT('Ctrl Pts',(224.49994204742,11.9467085616404,-10.3758061519978));
#5263=CARTESIAN_POINT('Ctrl Pts',(219.5212319056,13.4156690952356,-11.844766685593));
#5264=CARTESIAN_POINT('Ctrl Pts',(216.880040507793,14.2300501036344,-12.6591476939919));
#5265=CARTESIAN_POINT('Ctrl Pts',(239.45,8.50763836130205,-9.74484515616624));
#5266=CARTESIAN_POINT('Ctrl Pts',(238.353642638743,8.50763836130205,-9.74484515616624));
#5267=CARTESIAN_POINT('Ctrl Pts',(235.248753673771,8.60387148818072,-9.8410782830449));
#5268=CARTESIAN_POINT('Ctrl Pts',(230.781773231809,9.19028996177086,-10.4274967566351));
#5269=CARTESIAN_POINT('Ctrl Pts',(224.588367234067,10.6989521849824,-11.9361589798466));
#5270=CARTESIAN_POINT('Ctrl Pts',(219.613959836168,12.1665948752993,-13.4038016701635));
#5271=CARTESIAN_POINT('Ctrl Pts',(216.97515882586,12.9802388351893,-14.2174456300535));
#5272=CARTESIAN_POINT('Ctrl Pts',(239.45,5.89188615663395,-10.3440040348037));
#5273=CARTESIAN_POINT('Ctrl Pts',(238.315448701784,5.89188615663395,-10.3440040348037));
#5274=CARTESIAN_POINT('Ctrl Pts',(235.084836031081,5.99027700841106,-10.4423948865808));
#5275=CARTESIAN_POINT('Ctrl Pts',(230.383037764688,6.6103912933592,-11.0625091715289));
#5276=CARTESIAN_POINT('Ctrl Pts',(224.062127143763,8.15449878651574,-12.6066166646855));
#5277=CARTESIAN_POINT('Ctrl Pts',(219.057916890541,9.63059984836998,-14.0827177265397));
#5278=CARTESIAN_POINT('Ctrl Pts',(216.405196563628,10.4485356695399,-14.9006535477096));
#5279=CARTESIAN_POINT('Ctrl Pts',(239.45,3.36414726046837,-8.3322171137765));
#5280=CARTESIAN_POINT('Ctrl Pts',(238.229813696084,3.36414726046837,-8.3322171137765));
#5281=CARTESIAN_POINT('Ctrl Pts',(234.716248043835,3.46750856254102,-8.43557841584914));
#5282=CARTESIAN_POINT('Ctrl Pts',(229.486571119446,4.1633711132374,-9.13144096654554));
#5283=CARTESIAN_POINT('Ctrl Pts',(222.878632952603,5.78712457424676,-10.7551944275549));
#5284=CARTESIAN_POINT('Ctrl Pts',(217.80609122976,7.2824397763122,-12.2505096296203));
#5285=CARTESIAN_POINT('Ctrl Pts',(215.122162264729,8.10999842231867,-13.0780682756268));
#5286=CARTESIAN_POINT('Ctrl Pts',(239.45,3.36725241128433,-5.10320280203566));
#5287=CARTESIAN_POINT('Ctrl Pts',(238.168873540462,3.36725241128433,-5.10320280203566));
#5288=CARTESIAN_POINT('Ctrl Pts',(234.454218419322,3.47411757402948,-5.21006796478081));
#5289=CARTESIAN_POINT('Ctrl Pts',(228.849237779794,4.2238348305962,-5.95978522134753));
#5290=CARTESIAN_POINT('Ctrl Pts',(222.037331022233,5.90422291834722,-7.64017330909854));
#5291=CARTESIAN_POINT('Ctrl Pts',(216.91654144261,7.41314884949196,-9.14909924024327));
#5292=CARTESIAN_POINT('Ctrl Pts',(214.210403577749,8.24755535448153,-9.98350574523286));
#5293=CARTESIAN_POINT('Ctrl Pts',(239.45,5.88786116014673,-3.08894441785026));
#5294=CARTESIAN_POINT('Ctrl Pts',(238.178511807839,5.88786116014673,-3.08894441785026));
#5295=CARTESIAN_POINT('Ctrl Pts',(234.495433584212,5.99420041296339,-3.19528367066691));
#5296=CARTESIAN_POINT('Ctrl Pts',(228.949514293346,6.73544235013559,-3.93652560783911));
#5297=CARTESIAN_POINT('Ctrl Pts',(222.169622413192,8.40691016699715,-5.60799342470066));
#5298=CARTESIAN_POINT('Ctrl Pts',(217.056141832916,9.91373661493572,-7.11481987263924));
#5299=CARTESIAN_POINT('Ctrl Pts',(214.35351651758,10.747060065654,-7.94814332335753));
#5300=CARTESIAN_POINT('Ctrl Pts',(239.45,9.03683093056624,-3.81091375647362));
#5301=CARTESIAN_POINT('Ctrl Pts',(238.251476265201,9.03683093056624,-3.81091375647362));
#5302=CARTESIAN_POINT('Ctrl Pts',(234.809666873395,9.13891259144584,-3.91299541735321));
#5303=CARTESIAN_POINT('Ctrl Pts',(229.713758170487,9.81558017403921,-4.58966299994658));
#5304=CARTESIAN_POINT('Ctrl Pts',(223.178620695383,11.4191568551332,-6.19323968104057));
#5305=CARTESIAN_POINT('Ctrl Pts',(218.123618318747,12.9095696105454,-7.68365243645272));
#5306=CARTESIAN_POINT('Ctrl Pts',(215.447584014022,13.7346940287915,-8.5087768546989));
#5307=CARTESIAN_POINT('Ctrl Pts',(239.45,9.9675144212722,-5.74511669516108));
#5308=CARTESIAN_POINT('Ctrl Pts',(238.30576379996,9.9675144212722,-5.74511669516108));
#5309=CARTESIAN_POINT('Ctrl Pts',(235.042569499471,10.0665396360144,-5.84414190990328));
#5310=CARTESIAN_POINT('Ctrl Pts',(230.280312842733,10.6953288401107,-6.4729311139996));
#5311=CARTESIAN_POINT('Ctrl Pts',(223.92631535415,12.2485385668266,-8.02614084071544));
#5312=CARTESIAN_POINT('Ctrl Pts',(218.913554482063,13.7269485895944,-9.50455086348325));
#5313=CARTESIAN_POINT('Ctrl Pts',(216.257304610266,14.5459727053588,-10.3235749792477));
#5314=CARTESIAN_POINT('Ctrl Pts',(239.45,9.9675144212722,-6.7175144212722));
#5315=CARTESIAN_POINT('Ctrl Pts',(238.323947720399,9.9675144212722,-6.7175144212722));
#5316=CARTESIAN_POINT('Ctrl Pts',(235.121335047978,10.0654221942478,-6.81542219424775));
#5317=CARTESIAN_POINT('Ctrl Pts',(230.4718198886,10.6780339992155,-7.42803399921546));
#5318=CARTESIAN_POINT('Ctrl Pts',(224.179307366326,12.2142502667318,-8.96425026673175));
#5319=CARTESIAN_POINT('Ctrl Pts',(219.181762365259,13.6884636232366,-10.4384636232366));
#5320=CARTESIAN_POINT('Ctrl Pts',(216.532139402492,14.5054444077747,-11.2554444077747));
#5321=CARTESIAN_POINT('',(239.45,9.9675144212722,-6.7175144212722));
#5322=CARTESIAN_POINT('Ctrl Pts',(239.45,9.9675144212722,-6.7175144212722));
#5323=CARTESIAN_POINT('Ctrl Pts',(239.226208759935,9.9675144212722,-6.7175144212722));
#5324=CARTESIAN_POINT('Ctrl Pts',(239.004691225722,9.96877371116922,-6.71877371116923));
#5325=CARTESIAN_POINT('Ctrl Pts',(238.785420742608,9.97128441309732,-6.72128441309733));
#5326=CARTESIAN_POINT('Ctrl Pts',(238.561164419322,9.97385220414364,-6.72385220414364));
#5327=CARTESIAN_POINT('Ctrl Pts',(238.339258367456,9.97772890370795,-6.72772890370795));
#5328=CARTESIAN_POINT('Ctrl Pts',(238.11961981867,9.98290523000323,-6.73290523000324));
#5329=CARTESIAN_POINT('Ctrl Pts',(237.890231803862,9.98831132660803,-6.73831132660804));
#5330=CARTESIAN_POINT('Ctrl Pts',(237.663317040341,9.99513490665663,-6.74513490665663));
#5331=CARTESIAN_POINT('Ctrl Pts',(237.438723603872,10.0033655781333,-6.75336557813329));
#5332=CARTESIAN_POINT('Ctrl Pts',(237.207567008964,10.0118367695548,-6.76183676955482));
#5333=CARTESIAN_POINT('Ctrl Pts',(236.978869120614,10.0217983893278,-6.77179838932783));
#5334=CARTESIAN_POINT('Ctrl Pts',(236.752407079723,10.0332407260012,-6.78324072600125));
#5335=CARTESIAN_POINT('Ctrl Pts',(236.516979305942,10.0451360698711,-6.79513606987112));
#5336=CARTESIAN_POINT('Ctrl Pts',(236.28396777025,10.0586315866459,-6.80863158664595));
#5337=CARTESIAN_POINT('Ctrl Pts',(236.053063557404,10.0737198282365,-6.82371982823649));
#5338=CARTESIAN_POINT('Ctrl Pts',(235.807767864859,10.0897484689642,-6.83974846896425));
#5339=CARTESIAN_POINT('Ctrl Pts',(235.564849970513,10.10757443077,-6.85757443077003));
#5340=CARTESIAN_POINT('Ctrl Pts',(235.323879048155,10.1271945210316,-6.87719452103157));
#5341=CARTESIAN_POINT('Ctrl Pts',(235.05960729145,10.1487117882164,-6.89871178821636));
#5342=CARTESIAN_POINT('Ctrl Pts',(234.797676496623,10.172386747672,-6.92238674767202));
#5343=CARTESIAN_POINT('Ctrl Pts',(234.537456154782,10.1982245373488,-6.94822453734881));
#5344=CARTESIAN_POINT('Ctrl Pts',(234.231921142541,10.2285617097979,-6.97856170979789));
#5345=CARTESIAN_POINT('Ctrl Pts',(233.928743116406,10.261880217079,-7.01188021707901));
#5346=CARTESIAN_POINT('Ctrl Pts',(233.626833717591,10.2982057370937,-7.04820573709371));
#5347=CARTESIAN_POINT('Ctrl Pts',(233.264350343243,10.341819473935,-7.09181947393503));
#5348=CARTESIAN_POINT('Ctrl Pts',(232.903689182781,10.3897679872599,-7.13976798725993));
#5349=CARTESIAN_POINT('Ctrl Pts',(232.542935703911,10.4421229772605,-7.19212297726048));
#5350=CARTESIAN_POINT('Ctrl Pts',(232.264211598259,10.4825733086337,-7.23257330863366));
#5351=CARTESIAN_POINT('Ctrl Pts',(231.985430950046,10.5256548893243,-7.27565488932429));
#5352=CARTESIAN_POINT('Ctrl Pts',(231.705745031092,10.5714057765835,-7.32140577658347));
#5353=CARTESIAN_POINT('Ctrl Pts',(231.460126869515,10.6115838765792,-7.36158387657918));
#5354=CARTESIAN_POINT('Ctrl Pts',(231.213809801002,10.6538209914787,-7.40382099147873));
#5355=CARTESIAN_POINT('Ctrl Pts',(230.966260936403,10.698140102259,-7.44814010225897));
#5356=CARTESIAN_POINT('Ctrl Pts',(230.740480989809,10.7385618851713,-7.48856188517134));
#5357=CARTESIAN_POINT('Ctrl Pts',(230.513676176228,10.7807157546032,-7.53071575460316));
#5358=CARTESIAN_POINT('Ctrl Pts',(230.28548510335,10.8246132242666,-7.57461322426664));
#5359=CARTESIAN_POINT('Ctrl Pts',(230.061466783901,10.8677079748983,-7.61770797489831));
#5360=CARTESIAN_POINT('Ctrl Pts',(229.836112107444,10.9124832762889,-7.66248327628895));
#5361=CARTESIAN_POINT('Ctrl Pts',(229.609127194401,10.9589417681136,-7.70894176811364));
#5362=CARTESIAN_POINT('Ctrl Pts',(229.382836601522,11.0052581488736,-7.75525814887359));
#5363=CARTESIAN_POINT('Ctrl Pts',(229.154925727928,11.0532474844747,-7.80324748447468));
#5364=CARTESIAN_POINT('Ctrl Pts',(228.925153424594,11.1029028874191,-7.85290288741913));
#5365=CARTESIAN_POINT('Ctrl Pts',(228.730037111733,11.1450688882625,-7.89506888826246));
#5366=CARTESIAN_POINT('Ctrl Pts',(228.533579371399,11.1884361260856,-7.93843612608561));
#5367=CARTESIAN_POINT('Ctrl Pts',(228.335660949251,11.2329947068589,-7.9829947068589));
#5368=CARTESIAN_POINT('Origin',(239.45,6.7175144212722,-6.7175144212722));
#5369=CARTESIAN_POINT('Origin',(239.45,6.7175144212722,-6.7175144212722));
#5370=CARTESIAN_POINT('',(239.45,8.3675144212722,-6.7175144212722));
#5371=CARTESIAN_POINT('Origin',(239.45,6.7175144212722,-6.7175144212722));
#5372=CARTESIAN_POINT('Origin',(212.45,-1.60545479656049E-16,-9.83057538894238E-33));
#5373=CARTESIAN_POINT('',(199.169977873921,11.7540408469914,-0.15));
#5374=CARTESIAN_POINT('',(218.45,13.5616704815447,-0.15));
#5375=CARTESIAN_POINT('',(208.80998893696,12.6578556642681,-0.15));
#5376=CARTESIAN_POINT('',(218.45,13.5616704815447,0.15));
#5377=CARTESIAN_POINT('Origin',(218.45,-1.60545479656049E-16,-9.83057538894238E-33));
#5378=CARTESIAN_POINT('',(199.169977873921,11.7540408469914,0.15));
#5379=CARTESIAN_POINT('',(208.80998893696,12.6578556642681,0.15));
#5380=CARTESIAN_POINT('',(199.169977873921,1.27902657871074E-15,11.7549979256801));
#5381=CARTESIAN_POINT('Origin',(199.169977873921,5.59240549527345E-16,0.));
#5382=CARTESIAN_POINT('',(202.45,4.10525694780867E-12,12.0625));
#5383=CARTESIAN_POINT('',(212.45,1.43149535923551E-15,13.));
#5384=CARTESIAN_POINT('',(205.38164556962,2.99922117755556,11.9672333615998));
#5385=CARTESIAN_POINT('Ctrl Pts',(202.45,8.20753187635859E-12,12.0625));
#5386=CARTESIAN_POINT('Ctrl Pts',(202.45,0.372194303411515,12.0624999999998));
#5387=CARTESIAN_POINT('Ctrl Pts',(202.523493505466,0.76912219273622,12.0504157246501));
#5388=CARTESIAN_POINT('Ctrl Pts',(202.822272485096,1.50034571152448,12.0095776560744));
#5389=CARTESIAN_POINT('Ctrl Pts',(203.047522383931,1.83470793076692,11.9817613210819));
#5390=CARTESIAN_POINT('Ctrl Pts',(203.566835559504,2.3644912448987,11.9381670722503));
#5391=CARTESIAN_POINT('Ctrl Pts',(203.895883532596,2.59611768737385,11.9195640398111));
#5392=CARTESIAN_POINT('Ctrl Pts',(204.61862075688,2.90928059206572,11.9167742901473));
#5393=CARTESIAN_POINT('Ctrl Pts',(205.012319382836,2.9908039653436,11.9336477282532));
#5394=CARTESIAN_POINT('Ctrl Pts',(205.38164556962,2.99922117755557,11.9672333615998));
#5395=CARTESIAN_POINT('',(208.45,4.2844883260683E-12,12.625));
#5396=CARTESIAN_POINT('Ctrl Pts',(205.38164556962,2.99922117755556,11.9672333615998));
#5397=CARTESIAN_POINT('Ctrl Pts',(205.767589480539,3.00801711977781,12.0023301707303));
#5398=CARTESIAN_POINT('Ctrl Pts',(206.177619615696,2.93848866965961,12.060187104567));
#5399=CARTESIAN_POINT('Ctrl Pts',(206.931023495726,2.6402115021153,12.2012480654785));
#5400=CARTESIAN_POINT('Ctrl Pts',(207.274651848751,2.41157686493556,12.2833310959716));
#5401=CARTESIAN_POINT('Ctrl Pts',(207.818134482347,1.88033946674849,12.427286739716));
#5402=CARTESIAN_POINT('Ctrl Pts',(208.055023937536,1.54219652047049,12.4988177919484));
#5403=CARTESIAN_POINT('Ctrl Pts',(208.37102856262,0.795054806537561,12.5981518516923));
#5404=CARTESIAN_POINT('Ctrl Pts',(208.45,0.385868620226818,12.6249999999998));
#5405=CARTESIAN_POINT('Ctrl Pts',(208.45,8.56550941286116E-12,12.625));
#5406=CARTESIAN_POINT('',(213.45,4.35369780094961E-12,13.09375));
#5407=CARTESIAN_POINT('',(212.45,1.43149535923551E-15,13.));
#5408=CARTESIAN_POINT('',(215.421764705882,1.99980068211844,13.1271509971212));
#5409=CARTESIAN_POINT('Ctrl Pts',(213.45,8.70581384759817E-12,13.09375));
#5410=CARTESIAN_POINT('Ctrl Pts',(213.45,0.24898544093034,13.0937499999999));
#5411=CARTESIAN_POINT('Ctrl Pts',(213.499339263344,0.514669289393872,13.0905449842788));
#5412=CARTESIAN_POINT('Ctrl Pts',(213.70019360426,1.00406143134198,13.0810074149197));
#5413=CARTESIAN_POINT('Ctrl Pts',(213.851705211006,1.2277788895275,13.0750762533703));
#5414=CARTESIAN_POINT('Ctrl Pts',(214.201467907233,1.58212799648764,13.0699716047782));
#5415=CARTESIAN_POINT('Ctrl Pts',(214.423218988464,1.73653314900722,13.0705266697972));
#5416=CARTESIAN_POINT('Ctrl Pts',(214.909453571991,1.94361422540323,13.0874259772561));
#5417=CARTESIAN_POINT('Ctrl Pts',(215.17391797429,1.99630132069444,13.1041803849912));
#5418=CARTESIAN_POINT('Ctrl Pts',(215.421764705882,1.99980068211844,13.1271509971212));
#5419=CARTESIAN_POINT('',(217.45,4.47966168743301E-12,13.46875));
#5420=CARTESIAN_POINT('Ctrl Pts',(215.421764705882,1.99980068211844,13.1271509971212));
#5421=CARTESIAN_POINT('Ctrl Pts',(215.676346610906,2.00339513782081,13.1507458299359));
#5422=CARTESIAN_POINT('Ctrl Pts',(215.947462274407,1.95570859319261,13.1840331154816));
#5423=CARTESIAN_POINT('Ctrl Pts',(216.446213614655,1.75494260822303,13.2594214431167));
#5424=CARTESIAN_POINT('Ctrl Pts',(216.673928771441,1.60190065568062,13.3010958683264));
#5425=CARTESIAN_POINT('Ctrl Pts',(217.033787259105,1.24708716279849,13.3729121472038));
#5426=CARTESIAN_POINT('Ctrl Pts',(217.190227859069,1.02175147251354,13.4078275876512));
#5427=CARTESIAN_POINT('Ctrl Pts',(217.398359452724,0.525608745191335,13.4559502104277));
#5428=CARTESIAN_POINT('Ctrl Pts',(217.45,0.254741118220881,13.4687499999999));
#5429=CARTESIAN_POINT('Ctrl Pts',(217.45,8.95221397012591E-12,13.46875));
#5430=CARTESIAN_POINT('',(212.45,1.43149535923551E-15,13.));
#5431=CARTESIAN_POINT('Ctrl Pts',(217.45,8.9573487516148E-12,13.46875));
#5432=CARTESIAN_POINT('Ctrl Pts',(217.45,-0.254741118202949,13.4687500000002));
#5433=CARTESIAN_POINT('Ctrl Pts',(217.398359452724,-0.52560874517338,13.4559502104284));
#5434=CARTESIAN_POINT('Ctrl Pts',(217.190227859069,-1.02175147249564,13.4078275876525));
#5435=CARTESIAN_POINT('Ctrl Pts',(217.033787259105,-1.24708716278062,13.3729121472055));
#5436=CARTESIAN_POINT('Ctrl Pts',(216.673928771441,-1.60190065566281,13.3010958683286));
#5437=CARTESIAN_POINT('Ctrl Pts',(216.446213614655,-1.75494260820521,13.2594214431191));
#5438=CARTESIAN_POINT('Ctrl Pts',(215.947462274408,-1.95570859317488,13.1840331154843));
#5439=CARTESIAN_POINT('Ctrl Pts',(215.676346610906,-2.00339513780311,13.1507458299386));
#5440=CARTESIAN_POINT('Ctrl Pts',(215.17391797429,-1.99630132067682,13.1041803849939));
#5441=CARTESIAN_POINT('Ctrl Pts',(214.909453571992,-1.94361422538563,13.0874259772587));
#5442=CARTESIAN_POINT('Ctrl Pts',(214.423218988464,-1.73653314898971,13.0705266697995));
#5443=CARTESIAN_POINT('Ctrl Pts',(214.201467907233,-1.58212799647011,13.0699716047803));
#5444=CARTESIAN_POINT('Ctrl Pts',(213.851705211006,-1.22777888951001,13.075076253372));
#5445=CARTESIAN_POINT('Ctrl Pts',(213.70019360426,-1.00406143132452,13.081007414921));
#5446=CARTESIAN_POINT('Ctrl Pts',(213.499339263344,-0.514669289376432,13.0905449842795));
#5447=CARTESIAN_POINT('Ctrl Pts',(213.45,-0.248985440912919,13.0937500000002));
#5448=CARTESIAN_POINT('Ctrl Pts',(213.45,8.70685468168375E-12,13.09375));
#5449=CARTESIAN_POINT('Ctrl Pts',(208.45,8.56703596952002E-12,12.625));
#5450=CARTESIAN_POINT('Ctrl Pts',(208.45,-0.385868620209638,12.6250000000003));
#5451=CARTESIAN_POINT('Ctrl Pts',(208.37102856262,-0.795054806520388,12.5981518516934));
#5452=CARTESIAN_POINT('Ctrl Pts',(208.055023937536,-1.54219652045337,12.4988177919506));
#5453=CARTESIAN_POINT('Ctrl Pts',(207.818134482347,-1.88033946673142,12.4272867397186));
#5454=CARTESIAN_POINT('Ctrl Pts',(207.274651848751,-2.41157686491859,12.2833310959749));
#5455=CARTESIAN_POINT('Ctrl Pts',(206.931023495726,-2.64021150209838,12.2012480654821));
#5456=CARTESIAN_POINT('Ctrl Pts',(206.177619615696,-2.93848866964277,12.0601871045711));
#5457=CARTESIAN_POINT('Ctrl Pts',(205.767589480539,-3.008017119761,12.0023301707345));
#5458=CARTESIAN_POINT('Ctrl Pts',(205.012319382836,-2.99080396532687,11.9336477282574));
#5459=CARTESIAN_POINT('Ctrl Pts',(204.61862075688,-2.90928059204904,11.9167742901514));
#5460=CARTESIAN_POINT('Ctrl Pts',(203.895883532597,-2.59611768735723,11.9195640398147));
#5461=CARTESIAN_POINT('Ctrl Pts',(203.566835559505,-2.36449124488211,11.9381670722536));
#5462=CARTESIAN_POINT('Ctrl Pts',(203.047522383931,-1.83470793075036,11.9817613210845));
#5463=CARTESIAN_POINT('Ctrl Pts',(202.822272485096,-1.50034571150793,12.0095776560764));
#5464=CARTESIAN_POINT('Ctrl Pts',(202.523493505466,-0.769122192719718,12.0504157246511));
#5465=CARTESIAN_POINT('Ctrl Pts',(202.45,-0.372194303395063,12.0625000000003));
#5466=CARTESIAN_POINT('Ctrl Pts',(202.45,8.20843393256609E-12,12.0625));
#5467=CARTESIAN_POINT('',(199.169977873921,-11.7540408469914,0.15));
#5468=CARTESIAN_POINT('Origin',(199.169977873921,5.59240549527345E-16,0.));
#5469=CARTESIAN_POINT('',(218.45,-13.5616704815447,0.15));
#5470=CARTESIAN_POINT('',(208.80998893696,-12.6578556642681,0.15));
#5471=CARTESIAN_POINT('',(218.45,-13.5616704815447,-0.15));
#5472=CARTESIAN_POINT('Origin',(218.45,-1.60545479656049E-16,-9.83057538894238E-33));
#5473=CARTESIAN_POINT('',(199.169977873921,-11.7540408469914,-0.15));
#5474=CARTESIAN_POINT('',(208.80998893696,-12.6578556642681,-0.15));
#5475=CARTESIAN_POINT('Origin',(199.169977873921,5.59240549527345E-16,0.));
#5476=CARTESIAN_POINT('',(205.419620253165,-1.99976925442628,-12.1777987585291));
#5477=CARTESIAN_POINT('',(203.45,8.3249927158478E-12,-12.15625));
#5478=CARTESIAN_POINT('Ctrl Pts',(205.419620253165,-1.99976925442628,-12.1777987585291));
#5479=CARTESIAN_POINT('Ctrl Pts',(205.674517855058,-2.00364156349257,-12.2013795793842));
#5480=CARTESIAN_POINT('Ctrl Pts',(205.945904499433,-1.95612626389877,-12.2353036695189));
#5481=CARTESIAN_POINT('Ctrl Pts',(206.445098573221,-1.75559972776768,-12.3129548987167));
#5482=CARTESIAN_POINT('Ctrl Pts',(206.672994766988,-1.60263046670728,-12.3562190774799));
#5483=CARTESIAN_POINT('Ctrl Pts',(207.033176089689,-1.2478793240795,-12.4309946180456));
#5484=CARTESIAN_POINT('Ctrl Pts',(207.189802695701,-1.0225208797257,-12.4674796757145));
#5485=CARTESIAN_POINT('Ctrl Pts',(207.398242317803,-0.526131430611794,-12.5178258630545));
#5486=CARTESIAN_POINT('Ctrl Pts',(207.45,-0.25503296863688,-12.5312500000002));
#5487=CARTESIAN_POINT('Ctrl Pts',(207.45,0.255032968653929,-12.5312499999999));
#5488=CARTESIAN_POINT('Ctrl Pts',(207.398242317803,0.526131430628827,-12.5178258630538));
#5489=CARTESIAN_POINT('Ctrl Pts',(207.189802695701,1.02252087974269,-12.4674796757131));
#5490=CARTESIAN_POINT('Ctrl Pts',(207.033176089689,1.24787932409648,-12.4309946180439));
#5491=CARTESIAN_POINT('Ctrl Pts',(206.672994766988,1.60263046672419,-12.3562190774777));
#5492=CARTESIAN_POINT('Ctrl Pts',(206.445098573221,1.75559972778457,-12.3129548987142));
#5493=CARTESIAN_POINT('Ctrl Pts',(205.945904499433,1.9561262639156,-12.2353036695162));
#5494=CARTESIAN_POINT('Ctrl Pts',(205.674517855058,2.00364156350938,-12.2013795793814));
#5495=CARTESIAN_POINT('Ctrl Pts',(205.171993346276,1.99600739905685,-12.1548905566175));
#5496=CARTESIAN_POINT('Ctrl Pts',(204.907783646398,1.943120787013,-12.1387961754636));
#5497=CARTESIAN_POINT('Ctrl Pts',(204.422088858494,1.73583282090698,-12.1241725485865));
#5498=CARTESIAN_POINT('Ctrl Pts',(204.200621368151,1.5814217938861,-12.1251993204039));
#5499=CARTESIAN_POINT('Ctrl Pts',(203.851279615675,1.22719566251621,-12.1332432278159));
#5500=CARTESIAN_POINT('Ctrl Pts',(203.699932113319,1.00356677929704,-12.1407269850253));
#5501=CARTESIAN_POINT('Ctrl Pts',(203.499289790023,0.514406039742719,-12.1524455699704));
#5502=CARTESIAN_POINT('Ctrl Pts',(203.45,0.248861903778354,-12.1562499999999));
#5503=CARTESIAN_POINT('Ctrl Pts',(203.45,8.26214097138234E-12,-12.15625));
#5504=CARTESIAN_POINT('Ctrl Pts',(203.45,8.26193280456522E-12,-12.15625));
#5505=CARTESIAN_POINT('Ctrl Pts',(203.45,-0.248861903761817,-12.1562500000002));
#5506=CARTESIAN_POINT('Ctrl Pts',(203.499289790023,-0.514406039726166,-12.1524455699711));
#5507=CARTESIAN_POINT('Ctrl Pts',(203.699932113319,-1.00356677928045,-12.1407269850267));
#5508=CARTESIAN_POINT('Ctrl Pts',(203.851279615675,-1.2271956624996,-12.1332432278176));
#5509=CARTESIAN_POINT('Ctrl Pts',(204.200621368151,-1.58142179386945,-12.125199320406));
#5510=CARTESIAN_POINT('Ctrl Pts',(204.422088858494,-1.73583282089029,-12.1241725485889));
#5511=CARTESIAN_POINT('Ctrl Pts',(204.907783646398,-1.94312078699627,-12.1387961754663));
#5512=CARTESIAN_POINT('Ctrl Pts',(205.171993346276,-1.99600739904011,-12.1548905566203));
#5513=CARTESIAN_POINT('Ctrl Pts',(205.419620253165,-1.99976925442628,-12.1777987585291));
#5514=CARTESIAN_POINT('',(215.386470588236,-2.99932726020151,-12.9320327055049));
#5515=CARTESIAN_POINT('',(212.45,8.74382060138583E-12,-13.));
#5516=CARTESIAN_POINT('Ctrl Pts',(215.386470588236,-2.99932726020151,-12.9320327055049));
#5517=CARTESIAN_POINT('Ctrl Pts',(215.771615371259,-3.00748509673848,-12.9672063960528));
#5518=CARTESIAN_POINT('Ctrl Pts',(216.18101078647,-2.93759863524893,-13.0235511981571));
#5519=CARTESIAN_POINT('Ctrl Pts',(216.933452316672,-2.63879385135297,-13.159313763205));
#5520=CARTESIAN_POINT('Ctrl Pts',(217.276723713536,-2.40997851146397,-13.2377075528696));
#5521=CARTESIAN_POINT('Ctrl Pts',(217.819558898909,-1.87851948154991,-13.3748724012893));
#5522=CARTESIAN_POINT('Ctrl Pts',(218.056039362489,-1.54037864847557,-13.4428246147977));
#5523=CARTESIAN_POINT('Ctrl Pts',(218.371324719994,-0.793769225929176,-13.5370854166656));
#5524=CARTESIAN_POINT('Ctrl Pts',(218.45,-0.38513331471297,-13.5625000000003));
#5525=CARTESIAN_POINT('Ctrl Pts',(218.45,0.385133314731031,-13.5624999999998));
#5526=CARTESIAN_POINT('Ctrl Pts',(218.371324719994,0.793769225947233,-13.5370854166645));
#5527=CARTESIAN_POINT('Ctrl Pts',(218.056039362489,1.54037864849357,-13.4428246147956));
#5528=CARTESIAN_POINT('Ctrl Pts',(217.819558898908,1.87851948156787,-13.3748724012868));
#5529=CARTESIAN_POINT('Ctrl Pts',(217.276723713536,2.40997851148183,-13.2377075528663));
#5530=CARTESIAN_POINT('Ctrl Pts',(216.933452316671,2.63879385137076,-13.1593137632014));
#5531=CARTESIAN_POINT('Ctrl Pts',(216.18101078647,2.93759863526666,-13.0235511981531));
#5532=CARTESIAN_POINT('Ctrl Pts',(215.771615371259,3.00748509675618,-12.9672063960487));
#5533=CARTESIAN_POINT('Ctrl Pts',(215.016730386458,2.99149571151278,-12.8982658520636));
#5534=CARTESIAN_POINT('Ctrl Pts',(214.622491247091,2.91044808769416,-12.8798103467971));
#5535=CARTESIAN_POINT('Ctrl Pts',(213.898514087344,2.59776254566097,-12.8772713201103));
#5536=CARTESIAN_POINT('Ctrl Pts',(213.56877739836,2.36613017949861,-12.8922171843137));
#5537=CARTESIAN_POINT('Ctrl Pts',(213.048435125593,1.83598030230692,-12.9290840309082));
#5538=CARTESIAN_POINT('Ctrl Pts',(212.822805985506,1.50136824428222,-12.9533711868041));
#5539=CARTESIAN_POINT('Ctrl Pts',(212.523574453237,0.769602862732849,-12.9892683500469));
#5540=CARTESIAN_POINT('Ctrl Pts',(212.45,0.372395291023726,-12.9999999999998));
#5541=CARTESIAN_POINT('Ctrl Pts',(212.45,8.65474358846541E-12,-13.));
#5542=CARTESIAN_POINT('Ctrl Pts',(212.45,8.65470889399589E-12,-13.));
#5543=CARTESIAN_POINT('Ctrl Pts',(212.45,-0.372395291006384,-13.0000000000003));
#5544=CARTESIAN_POINT('Ctrl Pts',(212.523574453237,-0.76960286271549,-12.9892683500479));
#5545=CARTESIAN_POINT('Ctrl Pts',(212.822805985506,-1.5013682442648,-12.9533711868061));
#5546=CARTESIAN_POINT('Ctrl Pts',(213.048435125593,-1.83598030228948,-12.9290840309107));
#5547=CARTESIAN_POINT('Ctrl Pts',(213.568777398361,-2.36613017948114,-12.8922171843169));
#5548=CARTESIAN_POINT('Ctrl Pts',(213.898514087344,-2.5977625456435,-12.8772713201139));
#5549=CARTESIAN_POINT('Ctrl Pts',(214.622491247091,-2.91044808767661,-12.8798103468011));
#5550=CARTESIAN_POINT('Ctrl Pts',(215.016730386458,-2.99149571149517,-12.8982658520677));
#5551=CARTESIAN_POINT('Ctrl Pts',(215.386470588236,-2.99932726020151,-12.9320327055049));
#5552=CARTESIAN_POINT('Origin',(239.45,-6.7175144212722,-6.7175144212722));
#5553=CARTESIAN_POINT('',(239.45,-6.7175144212722,-8.3675144212722));
#5554=CARTESIAN_POINT('Origin',(239.45,-6.7175144212722,-6.7175144212722));
#5555=CARTESIAN_POINT('Origin',(239.45,-6.7175144212722,6.7175144212722));
#5556=CARTESIAN_POINT('',(239.45,-8.3675144212722,6.7175144212722));
#5557=CARTESIAN_POINT('Origin',(239.45,-6.7175144212722,6.7175144212722));
#5558=CARTESIAN_POINT('Origin',(239.45,6.7175144212722,-6.7175144212722));
#5559=CARTESIAN_POINT('',(244.45,8.3675144212722,-6.7175144212722));
#5560=CARTESIAN_POINT('',(239.45,8.3675144212722,-6.7175144212722));
#5561=CARTESIAN_POINT('Origin',(244.45,6.7175144212722,-6.7175144212722));
#5562=CARTESIAN_POINT('Origin',(239.45,-6.7175144212722,-6.7175144212722));
#5563=CARTESIAN_POINT('',(244.45,-6.7175144212722,-8.3675144212722));
#5564=CARTESIAN_POINT('',(239.45,-6.7175144212722,-8.3675144212722));
#5565=CARTESIAN_POINT('Origin',(244.45,-6.7175144212722,-6.7175144212722));
#5566=CARTESIAN_POINT('Origin',(239.45,-6.7175144212722,6.7175144212722));
#5567=CARTESIAN_POINT('',(244.45,-8.3675144212722,6.7175144212722));
#5568=CARTESIAN_POINT('',(239.45,-8.3675144212722,6.7175144212722));
#5569=CARTESIAN_POINT('Origin',(244.45,-6.7175144212722,6.7175144212722));
#5570=CARTESIAN_POINT('Origin',(239.45,6.7175144212722,6.7175144212722));
#5571=CARTESIAN_POINT('',(239.45,6.7175144212722,8.3675144212722));
#5572=CARTESIAN_POINT('Origin',(239.45,6.7175144212722,6.7175144212722));
#5573=CARTESIAN_POINT('Origin',(218.45,10.5972551787705,1.38777878078145E-16));
#5574=CARTESIAN_POINT('',(218.45,4.0972551787705,-0.15));
#5575=CARTESIAN_POINT('',(218.45,4.0972551787705,-0.15));
#5576=CARTESIAN_POINT('',(218.45,4.0972551787705,0.15));
#5577=CARTESIAN_POINT('Origin',(218.45,0.,0.));
#5578=CARTESIAN_POINT('',(218.45,17.0972551787705,0.15));
#5579=CARTESIAN_POINT('Origin',(196.45,17.0972551787705,0.15));
#5580=CARTESIAN_POINT('',(196.45,4.0972551787705,0.15));
#5581=CARTESIAN_POINT('',(196.45,4.0972551787705,0.15));
#5582=CARTESIAN_POINT('',(196.45,8.76681209273194,0.15));
#5583=CARTESIAN_POINT('',(196.45,8.54862758938525,0.15));
#5584=CARTESIAN_POINT('Ctrl Pts',(199.169977873921,11.7540408469914,0.15));
#5585=CARTESIAN_POINT('Ctrl Pts',(198.872654374489,11.7261644992589,0.15));
#5586=CARTESIAN_POINT('Ctrl Pts',(198.560738770507,11.6459576121836,0.15));
#5587=CARTESIAN_POINT('Ctrl Pts',(197.959930008581,11.3970834262363,0.15));
#5588=CARTESIAN_POINT('Ctrl Pts',(197.590520573205,11.1502369785504,0.15));
#5589=CARTESIAN_POINT('Ctrl Pts',(197.066911987868,10.6266011329143,0.15));
#5590=CARTESIAN_POINT('Ctrl Pts',(196.82007210041,10.2571514146214,0.15));
#5591=CARTESIAN_POINT('Ctrl Pts',(196.536681468427,9.57294479594908,0.15));
#5592=CARTESIAN_POINT('Ctrl Pts',(196.45,9.13711622690102,0.15));
#5593=CARTESIAN_POINT('Ctrl Pts',(196.45,8.76681209273194,0.15));
#5594=CARTESIAN_POINT('Origin',(196.45,4.0972551787705,-0.15));
#5595=CARTESIAN_POINT('',(196.45,8.76681209273194,-0.15));
#5596=CARTESIAN_POINT('Ctrl Pts',(196.45,8.76681209273194,-0.15));
#5597=CARTESIAN_POINT('Ctrl Pts',(196.45,9.13711622690102,-0.15));
#5598=CARTESIAN_POINT('Ctrl Pts',(196.536681468427,9.57294479594908,-0.15));
#5599=CARTESIAN_POINT('Ctrl Pts',(196.82007210041,10.2571514146214,-0.15));
#5600=CARTESIAN_POINT('Ctrl Pts',(197.066911987868,10.6266011329143,-0.15));
#5601=CARTESIAN_POINT('Ctrl Pts',(197.590520573205,11.1502369785504,-0.15));
#5602=CARTESIAN_POINT('Ctrl Pts',(197.959930008581,11.3970834262363,-0.15));
#5603=CARTESIAN_POINT('Ctrl Pts',(198.560738770507,11.6459576121836,-0.15));
#5604=CARTESIAN_POINT('Ctrl Pts',(198.872654374489,11.7261644992589,-0.15));
#5605=CARTESIAN_POINT('Ctrl Pts',(199.169977873921,11.7540408469914,-0.15));
#5606=CARTESIAN_POINT('',(196.45,4.0972551787705,-0.15));
#5607=CARTESIAN_POINT('',(196.45,2.04862758938525,-0.15));
#5608=CARTESIAN_POINT('',(196.45,4.0972551787705,-0.15));
#5609=CARTESIAN_POINT('Origin',(218.45,-10.5972551787705,1.38777878078145E-16));
#5610=CARTESIAN_POINT('',(218.45,-4.0972551787705,0.15));
#5611=CARTESIAN_POINT('',(218.45,-17.0972551787705,0.15));
#5612=CARTESIAN_POINT('',(218.45,-4.0972551787705,-0.15));
#5613=CARTESIAN_POINT('Origin',(218.45,0.,0.));
#5614=CARTESIAN_POINT('',(218.45,-4.0972551787705,-0.15));
#5615=CARTESIAN_POINT('Origin',(196.45,-17.0972551787705,-0.15));
#5616=CARTESIAN_POINT('',(196.45,-4.0972551787705,-0.15));
#5617=CARTESIAN_POINT('',(196.45,-4.0972551787705,-0.15));
#5618=CARTESIAN_POINT('',(196.45,-8.76681209273194,-0.15));
#5619=CARTESIAN_POINT('',(196.45,-8.54862758938525,-0.15));
#5620=CARTESIAN_POINT('Ctrl Pts',(199.169977873921,-11.7540408469914,-0.15));
#5621=CARTESIAN_POINT('Ctrl Pts',(198.872654374489,-11.7261644992589,-0.15));
#5622=CARTESIAN_POINT('Ctrl Pts',(198.560738770507,-11.6459576121836,-0.15));
#5623=CARTESIAN_POINT('Ctrl Pts',(197.959930008581,-11.3970834262363,-0.15));
#5624=CARTESIAN_POINT('Ctrl Pts',(197.590520573205,-11.1502369785504,-0.15));
#5625=CARTESIAN_POINT('Ctrl Pts',(197.066911987868,-10.6266011329143,-0.15));
#5626=CARTESIAN_POINT('Ctrl Pts',(196.82007210041,-10.2571514146214,-0.15));
#5627=CARTESIAN_POINT('Ctrl Pts',(196.536681468427,-9.57294479594908,-0.15));
#5628=CARTESIAN_POINT('Ctrl Pts',(196.45,-9.13711622690102,-0.15));
#5629=CARTESIAN_POINT('Ctrl Pts',(196.45,-8.76681209273194,-0.15));
#5630=CARTESIAN_POINT('Origin',(196.45,-4.0972551787705,0.15));
#5631=CARTESIAN_POINT('',(196.45,-8.76681209273194,0.15));
#5632=CARTESIAN_POINT('Ctrl Pts',(196.45,-8.76681209273194,0.15));
#5633=CARTESIAN_POINT('Ctrl Pts',(196.45,-9.13711622690102,0.15));
#5634=CARTESIAN_POINT('Ctrl Pts',(196.536681468427,-9.57294479594908,0.15));
#5635=CARTESIAN_POINT('Ctrl Pts',(196.82007210041,-10.2571514146214,0.15));
#5636=CARTESIAN_POINT('Ctrl Pts',(197.066911987868,-10.6266011329143,0.15));
#5637=CARTESIAN_POINT('Ctrl Pts',(197.590520573205,-11.1502369785504,0.15));
#5638=CARTESIAN_POINT('Ctrl Pts',(197.959930008581,-11.3970834262363,0.15));
#5639=CARTESIAN_POINT('Ctrl Pts',(198.560738770507,-11.6459576121836,0.15));
#5640=CARTESIAN_POINT('Ctrl Pts',(198.872654374489,-11.7261644992589,0.15));
#5641=CARTESIAN_POINT('Ctrl Pts',(199.169977873921,-11.7540408469914,0.15));
#5642=CARTESIAN_POINT('',(196.45,-4.0972551787705,0.15));
#5643=CARTESIAN_POINT('',(196.45,-2.04862758938525,0.15));
#5644=CARTESIAN_POINT('',(196.45,-4.0972551787705,0.15));
#5645=CARTESIAN_POINT('Origin',(196.45,-1.60545479656049E-16,-9.83057538894238E-33));
#5646=CARTESIAN_POINT('',(196.45,3.42746261831719,2.25));
#5647=CARTESIAN_POINT('Origin',(196.45,0.,0.));
#5648=CARTESIAN_POINT('',(196.45,-3.42746261831719,2.25));
#5649=CARTESIAN_POINT('',(196.45,1.71373130915859,2.25));
#5650=CARTESIAN_POINT('Origin',(196.45,0.,0.));
#5651=CARTESIAN_POINT('Origin',(196.45,-1.60545479656049E-16,-9.83057538894238E-33));
#5652=CARTESIAN_POINT('Origin',(196.45,-1.60545479656049E-16,-9.83057538894238E-33));
#5653=CARTESIAN_POINT('Origin',(196.45,-1.60545479656049E-16,-9.83057538894238E-33));
#5654=CARTESIAN_POINT('',(196.45,-3.42746261831719,-2.25));
#5655=CARTESIAN_POINT('Origin',(196.45,0.,0.));
#5656=CARTESIAN_POINT('',(196.45,3.42746261831719,-2.25));
#5657=CARTESIAN_POINT('',(196.45,-1.71373130915859,-2.25));
#5658=CARTESIAN_POINT('Origin',(196.45,0.,0.));
#5659=CARTESIAN_POINT('Origin',(199.45,-1.60545479656049E-16,-9.83057538894238E-33));
#5660=CARTESIAN_POINT('Origin',(196.45,-3.42746261831719,-2.25));
#5661=CARTESIAN_POINT('',(222.15,-3.42746261831719,-2.25));
#5662=CARTESIAN_POINT('',(196.45,-3.42746261831719,-2.25));
#5663=CARTESIAN_POINT('',(222.15,3.42746261831719,-2.25));
#5664=CARTESIAN_POINT('',(222.15,3.42746261831719,-2.25));
#5665=CARTESIAN_POINT('',(196.45,3.42746261831719,-2.25));
#5666=CARTESIAN_POINT('',(203.85,8.38754236534365E-12,-2.25));
#5667=CARTESIAN_POINT('Origin',(205.45,8.38773830883151E-12,-2.25));
#5668=CARTESIAN_POINT('',(213.85,8.8313628316321E-12,-2.25));
#5669=CARTESIAN_POINT('Origin',(215.45,8.83155877511997E-12,-2.25));
#5670=CARTESIAN_POINT('Origin',(196.45,0.,0.));
#5671=CARTESIAN_POINT('',(222.15,-3.42746261831719,2.25));
#5672=CARTESIAN_POINT('',(196.45,-3.42746261831719,2.25));
#5673=CARTESIAN_POINT('Origin',(222.15,0.,0.));
#5674=CARTESIAN_POINT('Origin',(196.45,3.42746261831719,2.25));
#5675=CARTESIAN_POINT('',(222.15,3.42746261831719,2.25));
#5676=CARTESIAN_POINT('',(196.45,3.42746261831719,2.25));
#5677=CARTESIAN_POINT('',(222.15,3.42746261831719,2.25));
#5678=CARTESIAN_POINT('',(203.85,8.38793425231938E-12,2.25));
#5679=CARTESIAN_POINT('Origin',(205.45,8.38773830883151E-12,2.25));
#5680=CARTESIAN_POINT('',(213.85,8.83175471860783E-12,2.25));
#5681=CARTESIAN_POINT('Origin',(215.45,8.83155877511997E-12,2.25));
#5682=CARTESIAN_POINT('Origin',(196.45,0.,0.));
#5683=CARTESIAN_POINT('Origin',(222.15,0.,0.));
#5684=CARTESIAN_POINT('Origin',(222.15,5.55111512312578E-16,0.));
#5685=CARTESIAN_POINT('Origin',(205.45,8.38773830883151E-12,0.));
#5686=CARTESIAN_POINT('',(203.85,8.38754236534365E-12,7.));
#5687=CARTESIAN_POINT('',(203.85,8.38754236534365E-12,0.));
#5688=CARTESIAN_POINT('Origin',(205.45,8.38773830883151E-12,7.));
#5689=CARTESIAN_POINT('Origin',(215.45,8.83155877511997E-12,0.));
#5690=CARTESIAN_POINT('',(213.85,8.8313628316321E-12,6.));
#5691=CARTESIAN_POINT('',(213.85,8.8313628316321E-12,0.));
#5692=CARTESIAN_POINT('Origin',(215.45,8.83155877511997E-12,6.));
#5693=CARTESIAN_POINT('Origin',(215.45,8.83155877511997E-12,-7.));
#5694=CARTESIAN_POINT('',(212.45,8.83119138108022E-12,-7.));
#5695=CARTESIAN_POINT('Origin',(215.45,8.83155877511997E-12,-7.));
#5696=CARTESIAN_POINT('',(212.45,8.83192616915971E-12,-7.));
#5697=CARTESIAN_POINT('Origin',(215.45,8.83182416089312E-12,-7.));
#5698=CARTESIAN_POINT('',(213.85,8.83175471860783E-12,-7.));
#5699=CARTESIAN_POINT('Origin',(215.45,8.83155877511997E-12,-7.));
#5700=CARTESIAN_POINT('Origin',(215.45,8.83155877511997E-12,6.));
#5701=CARTESIAN_POINT('',(213.45,8.83131384576014E-12,6.));
#5702=CARTESIAN_POINT('Origin',(215.45,8.83155877511997E-12,6.));
#5703=CARTESIAN_POINT('',(213.45,8.83131384576014E-12,6.));
#5704=CARTESIAN_POINT('Origin',(215.45,8.83154660513696E-12,6.));
#5705=CARTESIAN_POINT('Origin',(205.45,8.38773830883151E-12,-6.));
#5706=CARTESIAN_POINT('',(203.45,8.38749337947168E-12,-6.));
#5707=CARTESIAN_POINT('Origin',(205.45,8.38773830883151E-12,-6.));
#5708=CARTESIAN_POINT('',(203.45,8.38798323819134E-12,-6.));
#5709=CARTESIAN_POINT('Origin',(205.45,8.38773495104306E-12,-6.));
#5710=CARTESIAN_POINT('',(203.85,8.38793425231938E-12,-6.));
#5711=CARTESIAN_POINT('Origin',(205.45,8.38773830883151E-12,-6.));
#5712=CARTESIAN_POINT('Origin',(205.45,8.38773830883151E-12,7.));
#5713=CARTESIAN_POINT('',(202.45,8.38737091479177E-12,7.));
#5714=CARTESIAN_POINT('Origin',(205.45,8.38773830883151E-12,7.));
#5715=CARTESIAN_POINT('',(202.45,8.38737091479177E-12,7.));
#5716=CARTESIAN_POINT('Origin',(205.45,8.38773495104306E-12,7.));
#5717=CARTESIAN_POINT('Origin',(205.45,8.38773830883151E-12,0.));
#5718=CARTESIAN_POINT('',(203.85,8.38754236534365E-12,0.));
#5719=CARTESIAN_POINT('Origin',(215.45,8.83155877511997E-12,0.));
#5720=CARTESIAN_POINT('',(213.85,8.8313628316321E-12,0.));
#5721=CARTESIAN_POINT('Origin',(199.45,-1.60545479656049E-16,-9.83057538894238E-33));
#5722=CARTESIAN_POINT('Origin',(239.45,6.7175144212722,6.7175144212722));
#5723=CARTESIAN_POINT('',(244.45,6.7175144212722,8.3675144212722));
#5724=CARTESIAN_POINT('',(239.45,6.7175144212722,8.3675144212722));
#5725=CARTESIAN_POINT('Origin',(244.45,6.7175144212722,6.7175144212722));
#5726=CARTESIAN_POINT('Origin',(239.45,-1.60545479656049E-16,-9.83057538894238E-33));
#5727=CARTESIAN_POINT('',(239.45,-6.87143603289411E-16,4.3));
#5728=CARTESIAN_POINT('Origin',(239.45,-1.60545479656049E-16,-9.83057538894238E-33));
#5729=CARTESIAN_POINT('',(222.95,-5.10358128904052E-16,2.85643705182225));
#5730=CARTESIAN_POINT('',(239.45,3.66052643977313E-16,4.3));
#5731=CARTESIAN_POINT('Origin',(222.95,-1.60545479656049E-16,-9.83057538894238E-33));
#5732=CARTESIAN_POINT('Origin',(222.95,-1.60545479656049E-16,-9.83057538894238E-33));
#5733=CARTESIAN_POINT('Origin',(239.45,-1.60545479656049E-16,-9.83057538894238E-33));
#5734=CARTESIAN_POINT('',(244.45,-6.87143603289411E-16,4.3));
#5735=CARTESIAN_POINT('Origin',(244.45,-1.60545479656049E-16,-9.83057538894238E-33));
#5736=CARTESIAN_POINT('',(239.45,-6.87143603289411E-16,4.3));
#5737=CARTESIAN_POINT('Origin',(244.45,-1.60545479656049E-16,-9.83057538894238E-33));
#5738=UNCERTAINTY_MEASURE_WITH_UNIT(LENGTH_MEASURE(0.01),#5742,
'DISTANCE_ACCURACY_VALUE',
'Maximum model space distance between geometric entities at asserted c
onnectivities');
#5739=UNCERTAINTY_MEASURE_WITH_UNIT(LENGTH_MEASURE(0.01),#5742,
'DISTANCE_ACCURACY_VALUE',
'Maximum model space distance between geometric entities at asserted c
onnectivities');
#5740=(
GEOMETRIC_REPRESENTATION_CONTEXT(3)
GLOBAL_UNCERTAINTY_ASSIGNED_CONTEXT((#5738))
GLOBAL_UNIT_ASSIGNED_CONTEXT((#5742,#5744,#5745))
REPRESENTATION_CONTEXT('','3D')
);
#5741=(
GEOMETRIC_REPRESENTATION_CONTEXT(3)
GLOBAL_UNCERTAINTY_ASSIGNED_CONTEXT((#5739))
GLOBAL_UNIT_ASSIGNED_CONTEXT((#5742,#5744,#5745))
REPRESENTATION_CONTEXT('','3D')
);
#5742=(
LENGTH_UNIT()
NAMED_UNIT(*)
SI_UNIT(.MILLI.,.METRE.)
);
#5743=(
LENGTH_UNIT()
NAMED_UNIT(*)
SI_UNIT($,.METRE.)
);
#5744=(
NAMED_UNIT(*)
PLANE_ANGLE_UNIT()
SI_UNIT($,.RADIAN.)
);
#5745=(
NAMED_UNIT(*)
SI_UNIT($,.STERADIAN.)
SOLID_ANGLE_UNIT()
);
#5746=SHAPE_DEFINITION_REPRESENTATION(#5747,#5748);
#5747=PRODUCT_DEFINITION_SHAPE('',$,#5750);
#5748=SHAPE_REPRESENTATION('',(#1032),#5740);
#5749=PRODUCT_DEFINITION_CONTEXT('part definition',#5754,'design');
#5750=PRODUCT_DEFINITION('19x19 Motor Mount','19x19 Motor Mount',#5751,
#5749);
#5751=PRODUCT_DEFINITION_FORMATION('',$,#5756);
#5752=PRODUCT_RELATED_PRODUCT_CATEGORY('19x19 Motor Mount',
'19x19 Motor Mount',(#5756));
#5753=APPLICATION_PROTOCOL_DEFINITION('international standard',
'automotive_design',2009,#5754);
#5754=APPLICATION_CONTEXT(
'Core Data for Automotive Mechanical Design Process');
#5755=PRODUCT_CONTEXT('part definition',#5754,'mechanical');
#5756=PRODUCT('19x19 Motor Mount','19x19 Motor Mount',$,(#5755));
#5757=PRESENTATION_STYLE_ASSIGNMENT((#5758));
#5758=SURFACE_STYLE_USAGE(.BOTH.,#5759);
#5759=SURFACE_SIDE_STYLE('',(#5760));
#5760=SURFACE_STYLE_FILL_AREA(#5761);
#5761=FILL_AREA_STYLE('Steel - Satin',(#5762));
#5762=FILL_AREA_STYLE_COLOUR('Steel - Satin',#5763);
#5763=COLOUR_RGB('Steel - Satin',0.627450980392157,0.627450980392157,0.627450980392157);
ENDSEC;
END-ISO-10303-21;
