ISO-10303-21;
HEADER;
/* Generated by software containing ST-Developer
 * from STEP Tools, Inc. (www.steptools.com) 
 */

FILE_DESCRIPTION(
/* description */ (''),
/* implementation_level */ '2;1');

FILE_NAME(
/* name */ 'MAD Polar Mount.step',
/* time_stamp */ '2025-05-01T08:39:09+01:00',
/* author */ (''),
/* organization */ (''),
/* preprocessor_version */ 'ST-DEVELOPER v20.1',
/* originating_system */ 'Autodesk Translation Framework v14.4.0.0',
/* authorisation */ '');

FILE_SCHEMA (('AUTOMOTIVE_DESIGN { 1 0 10303 214 3 1 1 }'));
ENDSEC;

DATA;
#10=MECHANICAL_DESIGN_GEOMETRIC_PRESENTATION_REPRESENTATION('',(#13),#6289);
#11=SHAPE_REPRESENTATION_RELATIONSHIP('SRR','None',#6296,#12);
#12=ADVANCED_BREP_SHAPE_REPRESENTATION('',(#14),#6288);
#13=STYLED_ITEM('',(#6305),#14);
#14=MANIFOLD_SOLID_BREP('Body1',#1203);
#15=CYLINDRICAL_SURFACE('',#1238,15.);
#16=CYLINDRICAL_SURFACE('',#1242,15.);
#17=CYLINDRICAL_SURFACE('',#1244,15.);
#18=CYLINDRICAL_SURFACE('',#1248,15.);
#19=CYLINDRICAL_SURFACE('',#1250,1.7);
#20=CYLINDRICAL_SURFACE('',#1254,1.7);
#21=CYLINDRICAL_SURFACE('',#1258,1.7);
#22=CYLINDRICAL_SURFACE('',#1262,1.7);
#23=CYLINDRICAL_SURFACE('',#1264,5.5);
#24=CYLINDRICAL_SURFACE('',#1268,2.74999999999999);
#25=CYLINDRICAL_SURFACE('',#1272,2.74999999999999);
#26=CYLINDRICAL_SURFACE('',#1276,1.99999999999999);
#27=CYLINDRICAL_SURFACE('',#1280,1.99999999999999);
#28=CYLINDRICAL_SURFACE('',#1284,1.6);
#29=CYLINDRICAL_SURFACE('',#1286,1.6);
#30=CYLINDRICAL_SURFACE('',#1288,1.6);
#31=CYLINDRICAL_SURFACE('',#1290,1.6);
#32=CYLINDRICAL_SURFACE('',#1305,4.09999999999089);
#33=CYLINDRICAL_SURFACE('',#1308,4.09999999999089);
#34=B_SPLINE_SURFACE_WITH_KNOTS('',3,3,((#2355,#2356,#2357,#2358,#2359,
#2360,#2361,#2362,#2363,#2364,#2365,#2366,#2367,#2368,#2369,#2370,#2371,
#2372,#2373,#2374,#2375,#2376,#2377,#2378,#2379,#2380,#2381,#2382,#2383,
#2384,#2385,#2386,#2387,#2388),(#2389,#2390,#2391,#2392,#2393,#2394,#2395,
#2396,#2397,#2398,#2399,#2400,#2401,#2402,#2403,#2404,#2405,#2406,#2407,
#2408,#2409,#2410,#2411,#2412,#2413,#2414,#2415,#2416,#2417,#2418,#2419,
#2420,#2421,#2422),(#2423,#2424,#2425,#2426,#2427,#2428,#2429,#2430,#2431,
#2432,#2433,#2434,#2435,#2436,#2437,#2438,#2439,#2440,#2441,#2442,#2443,
#2444,#2445,#2446,#2447,#2448,#2449,#2450,#2451,#2452,#2453,#2454,#2455,
#2456),(#2457,#2458,#2459,#2460,#2461,#2462,#2463,#2464,#2465,#2466,#2467,
#2468,#2469,#2470,#2471,#2472,#2473,#2474,#2475,#2476,#2477,#2478,#2479,
#2480,#2481,#2482,#2483,#2484,#2485,#2486,#2487,#2488,#2489,#2490),(#2491,
#2492,#2493,#2494,#2495,#2496,#2497,#2498,#2499,#2500,#2501,#2502,#2503,
#2504,#2505,#2506,#2507,#2508,#2509,#2510,#2511,#2512,#2513,#2514,#2515,
#2516,#2517,#2518,#2519,#2520,#2521,#2522,#2523,#2524),(#2525,#2526,#2527,
#2528,#2529,#2530,#2531,#2532,#2533,#2534,#2535,#2536,#2537,#2538,#2539,
#2540,#2541,#2542,#2543,#2544,#2545,#2546,#2547,#2548,#2549,#2550,#2551,
#2552,#2553,#2554,#2555,#2556,#2557,#2558),(#2559,#2560,#2561,#2562,#2563,
#2564,#2565,#2566,#2567,#2568,#2569,#2570,#2571,#2572,#2573,#2574,#2575,
#2576,#2577,#2578,#2579,#2580,#2581,#2582,#2583,#2584,#2585,#2586,#2587,
#2588,#2589,#2590,#2591,#2592)),.UNSPECIFIED.,.F.,.F.,.F.,(4,1,1,1,4),(4,
1,1,1,1,1,1,1,1,1,1,1,1,1,1,1,1,1,1,1,1,1,1,1,1,1,1,1,1,1,1,4),(0.,0.285714285714286,
0.571428571428571,0.857142857142857,1.),(-0.00127684317106319,0.304161856007069,
0.456881205596135,0.609600555185201,0.762319904774267,0.800499742171533,
0.81004470152085,0.819589660870166,0.8386795795688,0.876859416966066,0.915039254363333,
0.953219091760599,0.991398929157866,1.0104888478565,1.02957876655513,1.04866868525377,
1.0677586039524,1.07730356330172,1.08684852265103,1.09639348200035,1.10116596167501,
1.10355220151234,1.10593844134967,1.14411827874693,1.1822981161442,1.20138803484283,
1.22047795354146,1.296837628336,1.37319730313053,1.5259166527196,1.83135535189773,
2.13679405107586),.UNSPECIFIED.);
#35=B_SPLINE_SURFACE_WITH_KNOTS('',3,3,((#2770,#2771,#2772,#2773),(#2774,
#2775,#2776,#2777),(#2778,#2779,#2780,#2781),(#2782,#2783,#2784,#2785),
(#2786,#2787,#2788,#2789),(#2790,#2791,#2792,#2793)),.UNSPECIFIED.,.F.,
 .F.,.F.,(4,1,1,4),(4,4),(0.,0.285714285714286,0.571428571428571,1.),(1.30085664929689,
1.40246546212285),.UNSPECIFIED.);
#36=B_SPLINE_SURFACE_WITH_KNOTS('',3,3,((#2854,#2855,#2856,#2857,#2858,
#2859,#2860,#2861,#2862,#2863,#2864,#2865,#2866,#2867,#2868,#2869,#2870,
#2871,#2872,#2873,#2874),(#2875,#2876,#2877,#2878,#2879,#2880,#2881,#2882,
#2883,#2884,#2885,#2886,#2887,#2888,#2889,#2890,#2891,#2892,#2893,#2894,
#2895),(#2896,#2897,#2898,#2899,#2900,#2901,#2902,#2903,#2904,#2905,#2906,
#2907,#2908,#2909,#2910,#2911,#2912,#2913,#2914,#2915,#2916),(#2917,#2918,
#2919,#2920,#2921,#2922,#2923,#2924,#2925,#2926,#2927,#2928,#2929,#2930,
#2931,#2932,#2933,#2934,#2935,#2936,#2937),(#2938,#2939,#2940,#2941,#2942,
#2943,#2944,#2945,#2946,#2947,#2948,#2949,#2950,#2951,#2952,#2953,#2954,
#2955,#2956,#2957,#2958),(#2959,#2960,#2961,#2962,#2963,#2964,#2965,#2966,
#2967,#2968,#2969,#2970,#2971,#2972,#2973,#2974,#2975,#2976,#2977,#2978,
#2979),(#2980,#2981,#2982,#2983,#2984,#2985,#2986,#2987,#2988,#2989,#2990,
#2991,#2992,#2993,#2994,#2995,#2996,#2997,#2998,#2999,#3000)),
 .UNSPECIFIED.,.F.,.F.,.F.,(4,1,1,1,4),(4,1,1,1,1,1,1,1,1,1,1,1,1,1,1,1,
1,1,4),(0.,0.285714285714286,0.5,0.785714285714286,1.),(3.73439387257623,
4.06683136976559,4.39926886695496,4.56548761554964,4.60704230269831,4.64859698984698,
4.69015167699565,4.73170636414432,4.81481573844166,4.89792511273901,4.98103448703635,
5.06414386133369,5.10569854848236,5.14725323563103,5.23036260992837,5.39658135852305,
5.56280010711773,5.72901885571242,6.06145635290178),.UNSPECIFIED.);
#37=B_SPLINE_SURFACE_WITH_KNOTS('',3,3,((#3077,#3078,#3079,#3080),(#3081,
#3082,#3083,#3084),(#3085,#3086,#3087,#3088),(#3089,#3090,#3091,#3092),
(#3093,#3094,#3095,#3096),(#3097,#3098,#3099,#3100)),.UNSPECIFIED.,.F.,
 .F.,.F.,(4,1,1,4),(4,4),(0.,0.285714285714286,0.571428571428571,1.),(1.00116602808663,
1.10286670282572),.UNSPECIFIED.);
#38=B_SPLINE_SURFACE_WITH_KNOTS('',3,3,((#3114,#3115,#3116,#3117),(#3118,
#3119,#3120,#3121),(#3122,#3123,#3124,#3125),(#3126,#3127,#3128,#3129),
(#3130,#3131,#3132,#3133),(#3134,#3135,#3136,#3137),(#3138,#3139,#3140,
#3141),(#3142,#3143,#3144,#3145),(#3146,#3147,#3148,#3149),(#3150,#3151,
#3152,#3153),(#3154,#3155,#3156,#3157),(#3158,#3159,#3160,#3161),(#3162,
#3163,#3164,#3165),(#3166,#3167,#3168,#3169),(#3170,#3171,#3172,#3173),
(#3174,#3175,#3176,#3177),(#3178,#3179,#3180,#3181),(#3182,#3183,#3184,
#3185),(#3186,#3187,#3188,#3189),(#3190,#3191,#3192,#3193),(#3194,#3195,
#3196,#3197),(#3198,#3199,#3200,#3201),(#3202,#3203,#3204,#3205),(#3206,
#3207,#3208,#3209),(#3210,#3211,#3212,#3213),(#3214,#3215,#3216,#3217),
(#3218,#3219,#3220,#3221),(#3222,#3223,#3224,#3225),(#3226,#3227,#3228,
#3229)),.UNSPECIFIED.,.T.,.F.,.F.,(4,1,2,1,1,2,1,2,1,2,1,2,1,2,1,2,1,1,
1,4),(4,4),(0.,0.066363238585212,0.132726477170424,0.169374453054682,0.191363238585236,
0.250000000000048,0.316363238585022,0.382726477169997,0.441363238585126,
0.500000000000255,0.566363238585506,0.632726477170757,0.691363238585134,
0.749999999999512,0.816363238585,0.882726477170489,0.912044857877867,0.941363238585244,
0.970681619292622,1.),(-8.67644040694832E-6,1.),.UNSPECIFIED.);
#39=B_SPLINE_SURFACE_WITH_KNOTS('',3,3,((#3437,#3438,#3439,#3440,#3441,
#3442,#3443),(#3444,#3445,#3446,#3447,#3448,#3449,#3450),(#3451,#3452,#3453,
#3454,#3455,#3456,#3457),(#3458,#3459,#3460,#3461,#3462,#3463,#3464),(#3465,
#3466,#3467,#3468,#3469,#3470,#3471),(#3472,#3473,#3474,#3475,#3476,#3477,
#3478),(#3479,#3480,#3481,#3482,#3483,#3484,#3485),(#3486,#3487,#3488,#3489,
#3490,#3491,#3492),(#3493,#3494,#3495,#3496,#3497,#3498,#3499),(#3500,#3501,
#3502,#3503,#3504,#3505,#3506),(#3507,#3508,#3509,#3510,#3511,#3512,#3513)),
 .UNSPECIFIED.,.T.,.F.,.F.,(4,1,1,1,1,1,1,1,4),(4,1,1,1,4),(-3.14159265358979,
-2.69279370307697,-2.24399475256414,-1.34639685153848,-0.448798950512828,
0.448798950512828,1.34639685153848,2.24399475256414,3.14159265358979),(0.,
0.131823932754986,0.395471798264959,0.659119663774931,0.922767529284904),
 .UNSPECIFIED.);
#40=B_SPLINE_SURFACE_WITH_KNOTS('',3,3,((#3589,#3590,#3591,#3592,#3593,
#3594,#3595,#3596,#3597,#3598,#3599,#3600,#3601,#3602,#3603,#3604,#3605,
#3606,#3607,#3608,#3609,#3610,#3611,#3612,#3613,#3614,#3615,#3616,#3617,
#3618,#3619,#3620,#3621,#3622,#3623,#3624,#3625,#3626,#3627,#3628),(#3629,
#3630,#3631,#3632,#3633,#3634,#3635,#3636,#3637,#3638,#3639,#3640,#3641,
#3642,#3643,#3644,#3645,#3646,#3647,#3648,#3649,#3650,#3651,#3652,#3653,
#3654,#3655,#3656,#3657,#3658,#3659,#3660,#3661,#3662,#3663,#3664,#3665,
#3666,#3667,#3668),(#3669,#3670,#3671,#3672,#3673,#3674,#3675,#3676,#3677,
#3678,#3679,#3680,#3681,#3682,#3683,#3684,#3685,#3686,#3687,#3688,#3689,
#3690,#3691,#3692,#3693,#3694,#3695,#3696,#3697,#3698,#3699,#3700,#3701,
#3702,#3703,#3704,#3705,#3706,#3707,#3708),(#3709,#3710,#3711,#3712,#3713,
#3714,#3715,#3716,#3717,#3718,#3719,#3720,#3721,#3722,#3723,#3724,#3725,
#3726,#3727,#3728,#3729,#3730,#3731,#3732,#3733,#3734,#3735,#3736,#3737,
#3738,#3739,#3740,#3741,#3742,#3743,#3744,#3745,#3746,#3747,#3748),(#3749,
#3750,#3751,#3752,#3753,#3754,#3755,#3756,#3757,#3758,#3759,#3760,#3761,
#3762,#3763,#3764,#3765,#3766,#3767,#3768,#3769,#3770,#3771,#3772,#3773,
#3774,#3775,#3776,#3777,#3778,#3779,#3780,#3781,#3782,#3783,#3784,#3785,
#3786,#3787,#3788),(#3789,#3790,#3791,#3792,#3793,#3794,#3795,#3796,#3797,
#3798,#3799,#3800,#3801,#3802,#3803,#3804,#3805,#3806,#3807,#3808,#3809,
#3810,#3811,#3812,#3813,#3814,#3815,#3816,#3817,#3818,#3819,#3820,#3821,
#3822,#3823,#3824,#3825,#3826,#3827,#3828),(#3829,#3830,#3831,#3832,#3833,
#3834,#3835,#3836,#3837,#3838,#3839,#3840,#3841,#3842,#3843,#3844,#3845,
#3846,#3847,#3848,#3849,#3850,#3851,#3852,#3853,#3854,#3855,#3856,#3857,
#3858,#3859,#3860,#3861,#3862,#3863,#3864,#3865,#3866,#3867,#3868)),
 .UNSPECIFIED.,.F.,.F.,.F.,(4,1,1,1,4),(4,1,1,1,1,1,1,1,1,1,1,1,1,1,1,1,
1,1,1,1,1,1,1,1,1,1,1,1,1,1,1,1,1,1,1,1,1,4),(0.,0.285714285714286,0.571428571428571,
0.857142857142857,1.),(-0.00127684315582932,0.151442510195819,0.304161863547467,
0.308934343339706,0.313706823131945,0.323251782716423,0.342341701885379,
0.380521540223291,0.456881216899115,0.609600570250763,0.685960246926587,
0.705050166095543,0.724140085264499,0.762319923602411,0.838679600278234,
0.915039276954058,0.95321911529197,0.991398953629882,1.02957879196779,1.03912375155227,
1.04866871113675,1.05821367072123,1.06775863030571,1.08207606968242,1.10593846864362,
1.12502838781257,1.14411830698153,1.18229814531944,1.22047798365735,1.25865782199527,
1.29683766033318,1.33501749867109,1.35410741784005,1.373197337009,1.52591669036065,
1.6786360437123,1.83135539706395,2.13679410376724),.UNSPECIFIED.);
#41=B_SPLINE_SURFACE_WITH_KNOTS('',3,3,((#4006,#4007,#4008,#4009),(#4010,
#4011,#4012,#4013),(#4014,#4015,#4016,#4017),(#4018,#4019,#4020,#4021),
(#4022,#4023,#4024,#4025),(#4026,#4027,#4028,#4029)),.UNSPECIFIED.,.F.,
 .F.,.F.,(4,1,1,4),(4,4),(0.,0.285714285714286,0.571428571428571,1.),(1.30085664957197,
1.40246546235977),.UNSPECIFIED.);
#42=B_SPLINE_SURFACE_WITH_KNOTS('',3,3,((#4085,#4086,#4087,#4088,#4089,
#4090,#4091,#4092,#4093,#4094,#4095,#4096,#4097,#4098,#4099,#4100,#4101,
#4102,#4103,#4104,#4105),(#4106,#4107,#4108,#4109,#4110,#4111,#4112,#4113,
#4114,#4115,#4116,#4117,#4118,#4119,#4120,#4121,#4122,#4123,#4124,#4125,
#4126),(#4127,#4128,#4129,#4130,#4131,#4132,#4133,#4134,#4135,#4136,#4137,
#4138,#4139,#4140,#4141,#4142,#4143,#4144,#4145,#4146,#4147),(#4148,#4149,
#4150,#4151,#4152,#4153,#4154,#4155,#4156,#4157,#4158,#4159,#4160,#4161,
#4162,#4163,#4164,#4165,#4166,#4167,#4168),(#4169,#4170,#4171,#4172,#4173,
#4174,#4175,#4176,#4177,#4178,#4179,#4180,#4181,#4182,#4183,#4184,#4185,
#4186,#4187,#4188,#4189),(#4190,#4191,#4192,#4193,#4194,#4195,#4196,#4197,
#4198,#4199,#4200,#4201,#4202,#4203,#4204,#4205,#4206,#4207,#4208,#4209,
#4210),(#4211,#4212,#4213,#4214,#4215,#4216,#4217,#4218,#4219,#4220,#4221,
#4222,#4223,#4224,#4225,#4226,#4227,#4228,#4229,#4230,#4231)),
 .UNSPECIFIED.,.F.,.F.,.F.,(4,1,1,1,4),(4,1,1,1,1,1,1,1,1,1,1,1,1,1,1,1,
1,1,4),(0.,0.285714285714286,0.5,0.785714285714286,1.),(3.7344097618514,
4.06684726072844,4.23306601016696,4.39928475960548,4.565503509044,4.64861288376325,
4.69016757112288,4.73172225848251,4.81483163320177,4.89794100792103,4.98105038264029,
5.06415975735955,5.10571444471918,5.14726913207881,5.18882381943844,5.23037850679807,
5.39659725623659,5.72903475511363,6.06147225399067),.UNSPECIFIED.);
#43=B_SPLINE_SURFACE_WITH_KNOTS('',3,3,((#4308,#4309,#4310,#4311),(#4312,
#4313,#4314,#4315),(#4316,#4317,#4318,#4319),(#4320,#4321,#4322,#4323),
(#4324,#4325,#4326,#4327),(#4328,#4329,#4330,#4331)),.UNSPECIFIED.,.F.,
 .F.,.F.,(4,1,1,4),(4,4),(0.,0.285714285714286,0.571428571428571,1.),(1.00116512256425,
1.10286579726566),.UNSPECIFIED.);
#44=B_SPLINE_SURFACE_WITH_KNOTS('',3,3,((#4336,#4337,#4338,#4339,#4340,
#4341,#4342,#4343),(#4344,#4345,#4346,#4347,#4348,#4349,#4350,#4351),(#4352,
#4353,#4354,#4355,#4356,#4357,#4358,#4359),(#4360,#4361,#4362,#4363,#4364,
#4365,#4366,#4367),(#4368,#4369,#4370,#4371,#4372,#4373,#4374,#4375),(#4376,
#4377,#4378,#4379,#4380,#4381,#4382,#4383),(#4384,#4385,#4386,#4387,#4388,
#4389,#4390,#4391),(#4392,#4393,#4394,#4395,#4396,#4397,#4398,#4399),(#4400,
#4401,#4402,#4403,#4404,#4405,#4406,#4407),(#4408,#4409,#4410,#4411,#4412,
#4413,#4414,#4415),(#4416,#4417,#4418,#4419,#4420,#4421,#4422,#4423)),
 .UNSPECIFIED.,.T.,.F.,.F.,(4,1,1,1,1,1,1,1,4),(4,1,1,1,1,4),(-3.14159265358979,
-2.69279370307697,-2.24399475256414,-1.34639685153848,-0.448798950512828,
0.448798950512828,1.34639685153848,2.24399475256414,3.14159265358979),(0.,
0.13182392015378,0.26364784030756,0.52729568061512,0.6591196007689,0.922767441076459),
 .UNSPECIFIED.);
#45=B_SPLINE_SURFACE_WITH_KNOTS('',3,3,((#4499,#4500,#4501,#4502,#4503,
#4504,#4505,#4506,#4507,#4508,#4509,#4510,#4511,#4512,#4513,#4514,#4515,
#4516,#4517,#4518,#4519,#4520,#4521,#4522,#4523,#4524,#4525,#4526,#4527,
#4528,#4529,#4530,#4531,#4532,#4533,#4534),(#4535,#4536,#4537,#4538,#4539,
#4540,#4541,#4542,#4543,#4544,#4545,#4546,#4547,#4548,#4549,#4550,#4551,
#4552,#4553,#4554,#4555,#4556,#4557,#4558,#4559,#4560,#4561,#4562,#4563,
#4564,#4565,#4566,#4567,#4568,#4569,#4570),(#4571,#4572,#4573,#4574,#4575,
#4576,#4577,#4578,#4579,#4580,#4581,#4582,#4583,#4584,#4585,#4586,#4587,
#4588,#4589,#4590,#4591,#4592,#4593,#4594,#4595,#4596,#4597,#4598,#4599,
#4600,#4601,#4602,#4603,#4604,#4605,#4606),(#4607,#4608,#4609,#4610,#4611,
#4612,#4613,#4614,#4615,#4616,#4617,#4618,#4619,#4620,#4621,#4622,#4623,
#4624,#4625,#4626,#4627,#4628,#4629,#4630,#4631,#4632,#4633,#4634,#4635,
#4636,#4637,#4638,#4639,#4640,#4641,#4642),(#4643,#4644,#4645,#4646,#4647,
#4648,#4649,#4650,#4651,#4652,#4653,#4654,#4655,#4656,#4657,#4658,#4659,
#4660,#4661,#4662,#4663,#4664,#4665,#4666,#4667,#4668,#4669,#4670,#4671,
#4672,#4673,#4674,#4675,#4676,#4677,#4678),(#4679,#4680,#4681,#4682,#4683,
#4684,#4685,#4686,#4687,#4688,#4689,#4690,#4691,#4692,#4693,#4694,#4695,
#4696,#4697,#4698,#4699,#4700,#4701,#4702,#4703,#4704,#4705,#4706,#4707,
#4708,#4709,#4710,#4711,#4712,#4713,#4714),(#4715,#4716,#4717,#4718,#4719,
#4720,#4721,#4722,#4723,#4724,#4725,#4726,#4727,#4728,#4729,#4730,#4731,
#4732,#4733,#4734,#4735,#4736,#4737,#4738,#4739,#4740,#4741,#4742,#4743,
#4744,#4745,#4746,#4747,#4748,#4749,#4750)),.UNSPECIFIED.,.F.,.F.,.F.,(4,
1,1,1,4),(4,1,1,1,1,1,1,1,1,1,1,1,1,1,1,1,1,1,1,1,1,1,1,1,1,1,1,1,1,1,1,
1,1,4),(0.,0.285714285714286,0.571428571428571,0.857142857142857,1.),(-0.00127882441888775,
0.304159874648274,0.609598573715436,0.647778411098831,0.685958248482226,
0.762317923249016,0.800497760632412,0.838677598015807,0.876857435399202,
0.8959473540909,0.915037272782597,0.991396947549388,1.02957678493278,1.04866670362448,
1.05821166297033,1.06775662231618,1.08684654100788,1.10593645969957,1.14411629708297,
1.22047597184976,1.25865580923315,1.29683564661655,1.3063806059624,1.31592556530825,
1.37319532138334,1.44955499615013,1.48773483353353,1.52591467091692,1.60227434568371,
1.6786340204505,1.75499369521729,1.79317353260069,1.83135336998408,2.13679206905124),
 .UNSPECIFIED.);
#46=B_SPLINE_SURFACE_WITH_KNOTS('',3,3,((#4884,#4885,#4886,#4887),(#4888,
#4889,#4890,#4891),(#4892,#4893,#4894,#4895),(#4896,#4897,#4898,#4899),
(#4900,#4901,#4902,#4903),(#4904,#4905,#4906,#4907)),.UNSPECIFIED.,.F.,
 .F.,.F.,(4,1,1,4),(4,4),(0.,0.285714285714286,0.571428571428571,1.),(1.00116512256427,
1.10286579726227),.UNSPECIFIED.);
#47=B_SPLINE_SURFACE_WITH_KNOTS('',3,3,((#4966,#4967,#4968,#4969),(#4970,
#4971,#4972,#4973),(#4974,#4975,#4976,#4977),(#4978,#4979,#4980,#4981),
(#4982,#4983,#4984,#4985),(#4986,#4987,#4988,#4989)),.UNSPECIFIED.,.F.,
 .F.,.F.,(4,1,1,4),(4,4),(0.,0.285714285714286,0.571428571428571,1.),(1.30085664957221,
1.40246546235978),.UNSPECIFIED.);
#48=B_SPLINE_SURFACE_WITH_KNOTS('',3,3,((#5045,#5046,#5047,#5048,#5049,
#5050,#5051,#5052,#5053,#5054,#5055,#5056,#5057,#5058,#5059,#5060,#5061,
#5062,#5063,#5064,#5065),(#5066,#5067,#5068,#5069,#5070,#5071,#5072,#5073,
#5074,#5075,#5076,#5077,#5078,#5079,#5080,#5081,#5082,#5083,#5084,#5085,
#5086),(#5087,#5088,#5089,#5090,#5091,#5092,#5093,#5094,#5095,#5096,#5097,
#5098,#5099,#5100,#5101,#5102,#5103,#5104,#5105,#5106,#5107),(#5108,#5109,
#5110,#5111,#5112,#5113,#5114,#5115,#5116,#5117,#5118,#5119,#5120,#5121,
#5122,#5123,#5124,#5125,#5126,#5127,#5128),(#5129,#5130,#5131,#5132,#5133,
#5134,#5135,#5136,#5137,#5138,#5139,#5140,#5141,#5142,#5143,#5144,#5145,
#5146,#5147,#5148,#5149),(#5150,#5151,#5152,#5153,#5154,#5155,#5156,#5157,
#5158,#5159,#5160,#5161,#5162,#5163,#5164,#5165,#5166,#5167,#5168,#5169,
#5170),(#5171,#5172,#5173,#5174,#5175,#5176,#5177,#5178,#5179,#5180,#5181,
#5182,#5183,#5184,#5185,#5186,#5187,#5188,#5189,#5190,#5191)),
 .UNSPECIFIED.,.F.,.F.,.F.,(4,1,1,1,4),(4,1,1,1,1,1,1,1,1,1,1,1,1,1,1,1,
1,1,4),(0.,0.285714285714286,0.5,0.785714285714286,1.),(3.73440976185195,
4.06684726072898,4.2330660101675,4.39928475960602,4.56550350904454,4.64861288376379,
4.69016757112342,4.73172225848305,4.81483163320231,4.89794100792157,4.98105038264083,
5.06415975736009,5.10571444471972,5.14726913207935,5.18882381943898,5.23037850679861,
5.39659725623712,5.72903475511416,6.06147225399119),.UNSPECIFIED.);
#49=B_SPLINE_SURFACE_WITH_KNOTS('',3,3,((#5218,#5219,#5220,#5221,#5222,
#5223,#5224),(#5225,#5226,#5227,#5228,#5229,#5230,#5231),(#5232,#5233,#5234,
#5235,#5236,#5237,#5238),(#5239,#5240,#5241,#5242,#5243,#5244,#5245),(#5246,
#5247,#5248,#5249,#5250,#5251,#5252),(#5253,#5254,#5255,#5256,#5257,#5258,
#5259),(#5260,#5261,#5262,#5263,#5264,#5265,#5266),(#5267,#5268,#5269,#5270,
#5271,#5272,#5273),(#5274,#5275,#5276,#5277,#5278,#5279,#5280),(#5281,#5282,
#5283,#5284,#5285,#5286,#5287),(#5288,#5289,#5290,#5291,#5292,#5293,#5294)),
 .UNSPECIFIED.,.T.,.F.,.F.,(4,1,1,1,1,1,1,1,4),(4,1,1,1,4),(-3.14159265358979,
-2.69279370307697,-2.24399475256414,-1.34639685153848,-0.448798950512828,
0.448798950512828,1.34639685153848,2.24399475256414,3.14159265358979),(0.,
0.13182392015378,0.395471760461339,0.659119600768899,0.922767441076459),
 .UNSPECIFIED.);
#50=B_SPLINE_SURFACE_WITH_KNOTS('',3,3,((#5375,#5376,#5377,#5378,#5379,
#5380,#5381,#5382,#5383,#5384,#5385,#5386,#5387,#5388,#5389,#5390,#5391,
#5392,#5393,#5394,#5395,#5396,#5397),(#5398,#5399,#5400,#5401,#5402,#5403,
#5404,#5405,#5406,#5407,#5408,#5409,#5410,#5411,#5412,#5413,#5414,#5415,
#5416,#5417,#5418,#5419,#5420),(#5421,#5422,#5423,#5424,#5425,#5426,#5427,
#5428,#5429,#5430,#5431,#5432,#5433,#5434,#5435,#5436,#5437,#5438,#5439,
#5440,#5441,#5442,#5443),(#5444,#5445,#5446,#5447,#5448,#5449,#5450,#5451,
#5452,#5453,#5454,#5455,#5456,#5457,#5458,#5459,#5460,#5461,#5462,#5463,
#5464,#5465,#5466),(#5467,#5468,#5469,#5470,#5471,#5472,#5473,#5474,#5475,
#5476,#5477,#5478,#5479,#5480,#5481,#5482,#5483,#5484,#5485,#5486,#5487,
#5488,#5489),(#5490,#5491,#5492,#5493,#5494,#5495,#5496,#5497,#5498,#5499,
#5500,#5501,#5502,#5503,#5504,#5505,#5506,#5507,#5508,#5509,#5510,#5511,
#5512),(#5513,#5514,#5515,#5516,#5517,#5518,#5519,#5520,#5521,#5522,#5523,
#5524,#5525,#5526,#5527,#5528,#5529,#5530,#5531,#5532,#5533,#5534,#5535)),
 .UNSPECIFIED.,.F.,.F.,.F.,(4,1,1,1,4),(4,1,1,1,1,1,1,1,1,1,1,1,1,1,1,1,
1,1,1,1,4),(0.,0.285714285714286,0.571428571428571,0.857142857142857,1.),
(-0.00129453398931393,0.304144171712717,0.609582877414748,0.762302230265764,
0.915021583116779,0.97229134043591,0.991381259542287,1.02956109775504,1.04865101686142,
1.06774093596779,1.07728589552098,1.08683085507417,1.10592077418055,1.1441006123933,
1.18228045060606,1.20137036971243,1.22046028881881,1.37317964166983,1.52589899452084,
1.83133770022287,2.1367764059249),.UNSPECIFIED.);
#51=B_SPLINE_SURFACE_WITH_KNOTS('',3,3,((#5656,#5657,#5658,#5659),(#5660,
#5661,#5662,#5663),(#5664,#5665,#5666,#5667),(#5668,#5669,#5670,#5671),
(#5672,#5673,#5674,#5675),(#5676,#5677,#5678,#5679)),.UNSPECIFIED.,.F.,
 .F.,.F.,(4,1,1,4),(4,4),(0.,0.285714285714286,0.571428571428571,1.),(1.00116602808666,
1.10286670285227),.UNSPECIFIED.);
#52=B_SPLINE_SURFACE_WITH_KNOTS('',3,3,((#5734,#5735,#5736,#5737),(#5738,
#5739,#5740,#5741),(#5742,#5743,#5744,#5745),(#5746,#5747,#5748,#5749),
(#5750,#5751,#5752,#5753),(#5754,#5755,#5756,#5757)),.UNSPECIFIED.,.F.,
 .F.,.F.,(4,1,1,4),(4,4),(0.,0.285714285714286,0.571428571428571,1.),(1.30085664929713,
1.40246546212283),.UNSPECIFIED.);
#53=B_SPLINE_SURFACE_WITH_KNOTS('',3,3,((#5813,#5814,#5815,#5816,#5817,
#5818,#5819,#5820,#5821,#5822,#5823,#5824,#5825,#5826,#5827,#5828,#5829,
#5830,#5831,#5832,#5833,#5834),(#5835,#5836,#5837,#5838,#5839,#5840,#5841,
#5842,#5843,#5844,#5845,#5846,#5847,#5848,#5849,#5850,#5851,#5852,#5853,
#5854,#5855,#5856),(#5857,#5858,#5859,#5860,#5861,#5862,#5863,#5864,#5865,
#5866,#5867,#5868,#5869,#5870,#5871,#5872,#5873,#5874,#5875,#5876,#5877,
#5878),(#5879,#5880,#5881,#5882,#5883,#5884,#5885,#5886,#5887,#5888,#5889,
#5890,#5891,#5892,#5893,#5894,#5895,#5896,#5897,#5898,#5899,#5900),(#5901,
#5902,#5903,#5904,#5905,#5906,#5907,#5908,#5909,#5910,#5911,#5912,#5913,
#5914,#5915,#5916,#5917,#5918,#5919,#5920,#5921,#5922),(#5923,#5924,#5925,
#5926,#5927,#5928,#5929,#5930,#5931,#5932,#5933,#5934,#5935,#5936,#5937,
#5938,#5939,#5940,#5941,#5942,#5943,#5944),(#5945,#5946,#5947,#5948,#5949,
#5950,#5951,#5952,#5953,#5954,#5955,#5956,#5957,#5958,#5959,#5960,#5961,
#5962,#5963,#5964,#5965,#5966)),.UNSPECIFIED.,.F.,.F.,.F.,(4,1,1,1,4),(4,
1,1,1,1,1,1,1,1,1,1,1,1,1,1,1,1,1,1,4),(0.,0.285714285714286,0.5,0.785714285714286,
1.),(3.73439387257629,4.06683136976566,4.39926886695503,4.48237824125237,
4.5031555848267,4.52393292840104,4.56548761554971,4.64859698984705,4.73170636414439,
4.81481573844174,4.89792511273908,4.98103448703642,5.06414386133376,5.10569854848243,
5.1472532356311,5.18880792277977,5.23036260992844,5.39658135852313,5.72901885571249,
6.06145635290186),.UNSPECIFIED.);
#54=B_SPLINE_SURFACE_WITH_KNOTS('',3,3,((#5994,#5995,#5996,#5997,#5998,
#5999,#6000,#6001),(#6002,#6003,#6004,#6005,#6006,#6007,#6008,#6009),(#6010,
#6011,#6012,#6013,#6014,#6015,#6016,#6017),(#6018,#6019,#6020,#6021,#6022,
#6023,#6024,#6025),(#6026,#6027,#6028,#6029,#6030,#6031,#6032,#6033),(#6034,
#6035,#6036,#6037,#6038,#6039,#6040,#6041),(#6042,#6043,#6044,#6045,#6046,
#6047,#6048,#6049),(#6050,#6051,#6052,#6053,#6054,#6055,#6056,#6057),(#6058,
#6059,#6060,#6061,#6062,#6063,#6064,#6065),(#6066,#6067,#6068,#6069,#6070,
#6071,#6072,#6073),(#6074,#6075,#6076,#6077,#6078,#6079,#6080,#6081)),
 .UNSPECIFIED.,.T.,.F.,.F.,(4,1,1,1,1,1,1,1,4),(4,1,1,1,1,4),(-3.14159265358979,
-2.69279370307697,-2.24399475256414,-1.34639685153848,-0.448798950512828,
0.448798950512828,1.34639685153848,2.24399475256414,3.14159265358979),(0.,
0.131823932754986,0.263647865509971,0.527295731019943,0.659119663774928,
0.9227675292849),.UNSPECIFIED.);
#55=FACE_BOUND('',#239,.T.);
#56=FACE_BOUND('',#240,.T.);
#57=FACE_BOUND('',#244,.T.);
#58=FACE_BOUND('',#245,.T.);
#59=FACE_BOUND('',#271,.T.);
#60=FACE_BOUND('',#275,.T.);
#61=FACE_BOUND('',#278,.T.);
#62=FACE_BOUND('',#281,.T.);
#63=FACE_BOUND('',#287,.T.);
#64=FACE_BOUND('',#290,.T.);
#65=FACE_BOUND('',#293,.T.);
#66=FACE_BOUND('',#296,.T.);
#67=FACE_BOUND('',#308,.T.);
#68=FACE_BOUND('',#309,.T.);
#69=FACE_BOUND('',#312,.T.);
#70=FACE_BOUND('',#313,.T.);
#71=FACE_BOUND('',#317,.T.);
#72=FACE_BOUND('',#318,.T.);
#73=FACE_BOUND('',#319,.T.);
#74=FACE_BOUND('',#320,.T.);
#75=FACE_BOUND('',#321,.T.);
#76=CONICAL_SURFACE('',#1221,13.5,0.124354994546762);
#77=CONICAL_SURFACE('',#1229,13.5,0.124354994546762);
#78=LINE('',#1572,#112);
#79=LINE('',#1574,#113);
#80=LINE('',#1575,#114);
#81=LINE('',#1989,#115);
#82=LINE('',#1991,#116);
#83=LINE('',#1992,#117);
#84=LINE('',#3401,#118);
#85=LINE('',#6167,#119);
#86=LINE('',#6174,#120);
#87=LINE('',#6181,#121);
#88=LINE('',#6188,#122);
#89=LINE('',#6193,#123);
#90=LINE('',#6199,#124);
#91=LINE('',#6206,#125);
#92=LINE('',#6213,#126);
#93=LINE('',#6220,#127);
#94=LINE('',#6226,#128);
#95=LINE('',#6231,#129);
#96=LINE('',#6234,#130);
#97=LINE('',#6239,#131);
#98=LINE('',#6242,#132);
#99=LINE('',#6244,#133);
#100=LINE('',#6245,#134);
#101=LINE('',#6248,#135);
#102=LINE('',#6250,#136);
#103=LINE('',#6251,#137);
#104=LINE('',#6256,#138);
#105=LINE('',#6266,#139);
#106=LINE('',#6270,#140);
#107=LINE('',#6272,#141);
#108=LINE('',#6273,#142);
#109=LINE('',#6276,#143);
#110=LINE('',#6280,#144);
#111=LINE('',#6281,#145);
#112=VECTOR('',#1322,10.);
#113=VECTOR('',#1323,10.);
#114=VECTOR('',#1324,10.);
#115=VECTOR('',#1341,10.);
#116=VECTOR('',#1342,10.);
#117=VECTOR('',#1343,10.);
#118=VECTOR('',#1360,20.3556177297156);
#119=VECTOR('',#1391,1.7);
#120=VECTOR('',#1400,1.7);
#121=VECTOR('',#1409,1.7);
#122=VECTOR('',#1418,1.7);
#123=VECTOR('',#1423,5.5);
#124=VECTOR('',#1432,2.74999999999999);
#125=VECTOR('',#1441,2.74999999999999);
#126=VECTOR('',#1450,1.99999999999999);
#127=VECTOR('',#1459,1.99999999999999);
#128=VECTOR('',#1466,1.6);
#129=VECTOR('',#1473,1.6);
#130=VECTOR('',#1476,1.6);
#131=VECTOR('',#1483,1.6);
#132=VECTOR('',#1486,10.);
#133=VECTOR('',#1487,10.);
#134=VECTOR('',#1488,10.);
#135=VECTOR('',#1491,10.);
#136=VECTOR('',#1492,10.);
#137=VECTOR('',#1493,10.);
#138=VECTOR('',#1498,10.);
#139=VECTOR('',#1513,10.);
#140=VECTOR('',#1518,10.);
#141=VECTOR('',#1519,10.);
#142=VECTOR('',#1520,10.);
#143=VECTOR('',#1523,10.);
#144=VECTOR('',#1528,10.);
#145=VECTOR('',#1529,10.);
#146=(
BOUNDED_CURVE()
B_SPLINE_CURVE(2,(#1568,#1569,#1570),.UNSPECIFIED.,.F.,.F.)
B_SPLINE_CURVE_WITH_KNOTS((3,3),(0.,2.22296697539483),.UNSPECIFIED.)
CURVE()
GEOMETRIC_REPRESENTATION_ITEM()
RATIONAL_B_SPLINE_CURVE((1.,1.0057271508918,1.00092684950749))
REPRESENTATION_ITEM('')
);
#147=(
BOUNDED_CURVE()
B_SPLINE_CURVE(2,(#1578,#1579,#1580),.UNSPECIFIED.,.F.,.F.)
B_SPLINE_CURVE_WITH_KNOTS((3,3),(0.195712675040445,2.41867965043499),
 .UNSPECIFIED.)
CURVE()
GEOMETRIC_REPRESENTATION_ITEM()
RATIONAL_B_SPLINE_CURVE((1.00092684950721,1.00572715089003,1.))
REPRESENTATION_ITEM('')
);
#148=(
BOUNDED_CURVE()
B_SPLINE_CURVE(2,(#1985,#1986,#1987),.UNSPECIFIED.,.F.,.F.)
B_SPLINE_CURVE_WITH_KNOTS((3,3),(0.,2.22296697538817),.UNSPECIFIED.)
CURVE()
GEOMETRIC_REPRESENTATION_ITEM()
RATIONAL_B_SPLINE_CURVE((1.,1.0057271508501,1.00092684950077))
REPRESENTATION_ITEM('')
);
#149=(
BOUNDED_CURVE()
B_SPLINE_CURVE(2,(#1995,#1996,#1997),.UNSPECIFIED.,.F.,.F.)
B_SPLINE_CURVE_WITH_KNOTS((3,3),(0.195712675047084,2.41867965043499),
 .UNSPECIFIED.)
CURVE()
GEOMETRIC_REPRESENTATION_ITEM()
RATIONAL_B_SPLINE_CURVE((1.0009268495005,1.00572715084842,1.))
REPRESENTATION_ITEM('')
);
#150=PLANE('',#1220);
#151=PLANE('',#1228);
#152=PLANE('',#1246);
#153=PLANE('',#1252);
#154=PLANE('',#1256);
#155=PLANE('',#1260);
#156=PLANE('',#1267);
#157=PLANE('',#1270);
#158=PLANE('',#1274);
#159=PLANE('',#1278);
#160=PLANE('',#1282);
#161=PLANE('',#1292);
#162=PLANE('',#1293);
#163=PLANE('',#1294);
#164=PLANE('',#1297);
#165=PLANE('',#1299);
#166=PLANE('',#1301);
#167=PLANE('',#1304);
#168=PLANE('',#1307);
#169=PLANE('',#1310);
#170=PLANE('',#1311);
#171=FACE_OUTER_BOUND('',#236,.T.);
#172=FACE_OUTER_BOUND('',#237,.T.);
#173=FACE_OUTER_BOUND('',#238,.T.);
#174=FACE_OUTER_BOUND('',#241,.T.);
#175=FACE_OUTER_BOUND('',#242,.T.);
#176=FACE_OUTER_BOUND('',#243,.T.);
#177=FACE_OUTER_BOUND('',#246,.T.);
#178=FACE_OUTER_BOUND('',#247,.T.);
#179=FACE_OUTER_BOUND('',#248,.T.);
#180=FACE_OUTER_BOUND('',#249,.T.);
#181=FACE_OUTER_BOUND('',#250,.T.);
#182=FACE_OUTER_BOUND('',#251,.T.);
#183=FACE_OUTER_BOUND('',#252,.T.);
#184=FACE_OUTER_BOUND('',#253,.T.);
#185=FACE_OUTER_BOUND('',#254,.T.);
#186=FACE_OUTER_BOUND('',#255,.T.);
#187=FACE_OUTER_BOUND('',#256,.T.);
#188=FACE_OUTER_BOUND('',#257,.T.);
#189=FACE_OUTER_BOUND('',#258,.T.);
#190=FACE_OUTER_BOUND('',#259,.T.);
#191=FACE_OUTER_BOUND('',#260,.T.);
#192=FACE_OUTER_BOUND('',#261,.T.);
#193=FACE_OUTER_BOUND('',#262,.T.);
#194=FACE_OUTER_BOUND('',#263,.T.);
#195=FACE_OUTER_BOUND('',#264,.T.);
#196=FACE_OUTER_BOUND('',#265,.T.);
#197=FACE_OUTER_BOUND('',#266,.T.);
#198=FACE_OUTER_BOUND('',#267,.T.);
#199=FACE_OUTER_BOUND('',#268,.T.);
#200=FACE_OUTER_BOUND('',#269,.T.);
#201=FACE_OUTER_BOUND('',#270,.T.);
#202=FACE_OUTER_BOUND('',#272,.T.);
#203=FACE_OUTER_BOUND('',#273,.T.);
#204=FACE_OUTER_BOUND('',#274,.T.);
#205=FACE_OUTER_BOUND('',#276,.T.);
#206=FACE_OUTER_BOUND('',#277,.T.);
#207=FACE_OUTER_BOUND('',#279,.T.);
#208=FACE_OUTER_BOUND('',#280,.T.);
#209=FACE_OUTER_BOUND('',#282,.T.);
#210=FACE_OUTER_BOUND('',#283,.T.);
#211=FACE_OUTER_BOUND('',#284,.T.);
#212=FACE_OUTER_BOUND('',#285,.T.);
#213=FACE_OUTER_BOUND('',#286,.T.);
#214=FACE_OUTER_BOUND('',#288,.T.);
#215=FACE_OUTER_BOUND('',#289,.T.);
#216=FACE_OUTER_BOUND('',#291,.T.);
#217=FACE_OUTER_BOUND('',#292,.T.);
#218=FACE_OUTER_BOUND('',#294,.T.);
#219=FACE_OUTER_BOUND('',#295,.T.);
#220=FACE_OUTER_BOUND('',#297,.T.);
#221=FACE_OUTER_BOUND('',#298,.T.);
#222=FACE_OUTER_BOUND('',#299,.T.);
#223=FACE_OUTER_BOUND('',#300,.T.);
#224=FACE_OUTER_BOUND('',#301,.T.);
#225=FACE_OUTER_BOUND('',#302,.T.);
#226=FACE_OUTER_BOUND('',#303,.T.);
#227=FACE_OUTER_BOUND('',#304,.T.);
#228=FACE_OUTER_BOUND('',#305,.T.);
#229=FACE_OUTER_BOUND('',#306,.T.);
#230=FACE_OUTER_BOUND('',#307,.T.);
#231=FACE_OUTER_BOUND('',#310,.T.);
#232=FACE_OUTER_BOUND('',#311,.T.);
#233=FACE_OUTER_BOUND('',#314,.T.);
#234=FACE_OUTER_BOUND('',#315,.T.);
#235=FACE_OUTER_BOUND('',#316,.T.);
#236=EDGE_LOOP('',(#772,#773,#774,#775));
#237=EDGE_LOOP('',(#776,#777,#778,#779,#780));
#238=EDGE_LOOP('',(#781,#782,#783,#784,#785,#786,#787,#788,#789,#790,#791,
#792));
#239=EDGE_LOOP('',(#793,#794));
#240=EDGE_LOOP('',(#795,#796));
#241=EDGE_LOOP('',(#797,#798,#799,#800));
#242=EDGE_LOOP('',(#801,#802,#803,#804,#805));
#243=EDGE_LOOP('',(#806,#807,#808,#809,#810,#811,#812,#813,#814,#815,#816,
#817));
#244=EDGE_LOOP('',(#818,#819));
#245=EDGE_LOOP('',(#820,#821));
#246=EDGE_LOOP('',(#822,#823,#824,#825,#826,#827));
#247=EDGE_LOOP('',(#828,#829,#830,#831,#832,#833));
#248=EDGE_LOOP('',(#834,#835,#836,#837,#838));
#249=EDGE_LOOP('',(#839,#840,#841,#842,#843,#844));
#250=EDGE_LOOP('',(#845,#846,#847,#848,#849,#850,#851,#852,#853,#854,#855,
#856,#857,#858,#859,#860,#861,#862,#863,#864,#865,#866,#867,#868,#869,#870,
#871,#872));
#251=EDGE_LOOP('',(#873,#874,#875,#876));
#252=EDGE_LOOP('',(#877,#878,#879,#880,#881,#882,#883,#884));
#253=EDGE_LOOP('',(#885,#886,#887,#888,#889,#890));
#254=EDGE_LOOP('',(#891,#892,#893,#894,#895,#896));
#255=EDGE_LOOP('',(#897,#898,#899,#900,#901));
#256=EDGE_LOOP('',(#902,#903,#904,#905,#906,#907));
#257=EDGE_LOOP('',(#908,#909,#910,#911,#912,#913,#914,#915));
#258=EDGE_LOOP('',(#916,#917,#918,#919,#920,#921));
#259=EDGE_LOOP('',(#922,#923,#924,#925,#926,#927));
#260=EDGE_LOOP('',(#928,#929,#930,#931,#932,#933));
#261=EDGE_LOOP('',(#934,#935,#936,#937,#938));
#262=EDGE_LOOP('',(#939,#940,#941,#942,#943,#944,#945,#946));
#263=EDGE_LOOP('',(#947,#948,#949,#950));
#264=EDGE_LOOP('',(#951,#952,#953,#954,#955,#956));
#265=EDGE_LOOP('',(#957,#958,#959,#960,#961,#962));
#266=EDGE_LOOP('',(#963,#964,#965,#966,#967,#968));
#267=EDGE_LOOP('',(#969,#970,#971,#972,#973));
#268=EDGE_LOOP('',(#974,#975,#976,#977,#978,#979,#980,#981));
#269=EDGE_LOOP('',(#982,#983,#984,#985,#986,#987,#988));
#270=EDGE_LOOP('',(#989));
#271=EDGE_LOOP('',(#990));
#272=EDGE_LOOP('',(#991,#992,#993,#994,#995,#996));
#273=EDGE_LOOP('',(#997,#998,#999,#1000));
#274=EDGE_LOOP('',(#1001));
#275=EDGE_LOOP('',(#1002));
#276=EDGE_LOOP('',(#1003,#1004,#1005,#1006));
#277=EDGE_LOOP('',(#1007));
#278=EDGE_LOOP('',(#1008));
#279=EDGE_LOOP('',(#1009,#1010,#1011,#1012));
#280=EDGE_LOOP('',(#1013));
#281=EDGE_LOOP('',(#1014));
#282=EDGE_LOOP('',(#1015,#1016,#1017,#1018));
#283=EDGE_LOOP('',(#1019,#1020,#1021,#1022));
#284=EDGE_LOOP('',(#1023));
#285=EDGE_LOOP('',(#1024,#1025,#1026,#1027,#1028));
#286=EDGE_LOOP('',(#1029));
#287=EDGE_LOOP('',(#1030));
#288=EDGE_LOOP('',(#1031,#1032,#1033,#1034,#1035));
#289=EDGE_LOOP('',(#1036));
#290=EDGE_LOOP('',(#1037));
#291=EDGE_LOOP('',(#1038,#1039,#1040,#1041,#1042));
#292=EDGE_LOOP('',(#1043));
#293=EDGE_LOOP('',(#1044));
#294=EDGE_LOOP('',(#1045,#1046,#1047,#1048,#1049));
#295=EDGE_LOOP('',(#1050));
#296=EDGE_LOOP('',(#1051));
#297=EDGE_LOOP('',(#1052,#1053,#1054,#1055));
#298=EDGE_LOOP('',(#1056,#1057,#1058,#1059));
#299=EDGE_LOOP('',(#1060,#1061,#1062,#1063));
#300=EDGE_LOOP('',(#1064,#1065,#1066,#1067));
#301=EDGE_LOOP('',(#1068,#1069,#1070,#1071,#1072));
#302=EDGE_LOOP('',(#1073,#1074,#1075,#1076,#1077));
#303=EDGE_LOOP('',(#1078,#1079,#1080,#1081,#1082,#1083));
#304=EDGE_LOOP('',(#1084,#1085,#1086,#1087));
#305=EDGE_LOOP('',(#1088,#1089,#1090,#1091));
#306=EDGE_LOOP('',(#1092,#1093,#1094,#1095,#1096,#1097));
#307=EDGE_LOOP('',(#1098,#1099,#1100,#1101));
#308=EDGE_LOOP('',(#1102));
#309=EDGE_LOOP('',(#1103));
#310=EDGE_LOOP('',(#1104,#1105,#1106,#1107,#1108,#1109,#1110,#1111));
#311=EDGE_LOOP('',(#1112,#1113,#1114,#1115));
#312=EDGE_LOOP('',(#1116));
#313=EDGE_LOOP('',(#1117));
#314=EDGE_LOOP('',(#1118,#1119,#1120,#1121,#1122,#1123,#1124,#1125));
#315=EDGE_LOOP('',(#1126,#1127,#1128,#1129));
#316=EDGE_LOOP('',(#1130));
#317=EDGE_LOOP('',(#1131));
#318=EDGE_LOOP('',(#1132));
#319=EDGE_LOOP('',(#1133));
#320=EDGE_LOOP('',(#1134));
#321=EDGE_LOOP('',(#1135));
#322=CIRCLE('',#1218,12.2189913163527);
#323=CIRCLE('',#1219,10.2344355629254);
#324=CIRCLE('',#1222,15.);
#325=CIRCLE('',#1223,15.);
#326=CIRCLE('',#1224,15.);
#327=CIRCLE('',#1226,12.2189913163527);
#328=CIRCLE('',#1227,10.2344355629254);
#329=CIRCLE('',#1230,15.);
#330=CIRCLE('',#1231,15.);
#331=CIRCLE('',#1232,15.);
#332=CIRCLE('',#1233,15.);
#333=CIRCLE('',#1234,15.);
#334=CIRCLE('',#1235,15.);
#335=CIRCLE('',#1236,15.);
#336=CIRCLE('',#1237,15.);
#337=CIRCLE('',#1239,3.1);
#338=CIRCLE('',#1240,3.1);
#339=CIRCLE('',#1241,3.1);
#340=CIRCLE('',#1243,3.1);
#341=CIRCLE('',#1245,15.);
#342=CIRCLE('',#1247,1.7);
#343=CIRCLE('',#1249,15.);
#344=CIRCLE('',#1251,1.7);
#345=CIRCLE('',#1253,1.7);
#346=CIRCLE('',#1255,1.7);
#347=CIRCLE('',#1257,1.7);
#348=CIRCLE('',#1259,1.7);
#349=CIRCLE('',#1261,1.7);
#350=CIRCLE('',#1263,1.7);
#351=CIRCLE('',#1265,5.5);
#352=CIRCLE('',#1266,5.5);
#353=CIRCLE('',#1269,2.74999999999999);
#354=CIRCLE('',#1271,1.6);
#355=CIRCLE('',#1273,2.74999999999999);
#356=CIRCLE('',#1275,1.6);
#357=CIRCLE('',#1277,1.99999999999999);
#358=CIRCLE('',#1279,1.6);
#359=CIRCLE('',#1281,1.99999999999999);
#360=CIRCLE('',#1283,1.6);
#361=CIRCLE('',#1285,1.6);
#362=CIRCLE('',#1287,1.6);
#363=CIRCLE('',#1289,1.6);
#364=CIRCLE('',#1291,1.6);
#365=CIRCLE('',#1295,4.09999999999089);
#366=CIRCLE('',#1296,4.09999999999089);
#367=CIRCLE('',#1298,4.09999999999089);
#368=CIRCLE('',#1300,4.09999999999089);
#369=CIRCLE('',#1302,4.09999999999089);
#370=CIRCLE('',#1303,4.09999999999089);
#371=CIRCLE('',#1306,4.09999999999089);
#372=CIRCLE('',#1309,4.09999999999089);
#373=B_SPLINE_CURVE_WITH_KNOTS('',3,(#1542,#1543,#1544,#1545,#1546,#1547,
#1548,#1549,#1550,#1551),.UNSPECIFIED.,.F.,.F.,(4,2,2,2,4),(0.888629417921873,
0.962687341369093,1.0367404667983,1.11078945534509,1.16105169721827),
 .UNSPECIFIED.);
#374=B_SPLINE_CURVE_WITH_KNOTS('',3,(#1555,#1556,#1557,#1558,#1559,#1560,
#1561,#1562,#1563,#1564),.UNSPECIFIED.,.F.,.F.,(4,2,2,2,4),(0.0237838951100862,
0.074046136983274,0.148095125530063,0.222148250959272,0.296206174406492),
 .UNSPECIFIED.);
#375=B_SPLINE_CURVE_WITH_KNOTS('',3,(#1584,#1585,#1586,#1587),
 .UNSPECIFIED.,.F.,.F.,(4,4),(0.200329976486921,0.200650227380171),
 .UNSPECIFIED.);
#376=B_SPLINE_CURVE_WITH_KNOTS('',3,(#1589,#1590,#1591,#1592,#1593,#1594,
#1595,#1596,#1597,#1598,#1599,#1600,#1601,#1602,#1603,#1604,#1605,#1606,
#1607,#1608,#1609,#1610,#1611,#1612,#1613,#1614,#1615,#1616,#1617,#1618,
#1619,#1620,#1621,#1622,#1623,#1624,#1625,#1626,#1627,#1628,#1629,#1630,
#1631,#1632,#1633,#1634,#1635,#1636,#1637,#1638,#1639,#1640,#1641,#1642,
#1643,#1644,#1645,#1646,#1647,#1648,#1649,#1650,#1651,#1652,#1653,#1654,
#1655,#1656,#1657,#1658,#1659,#1660,#1661,#1662,#1663,#1664,#1665,#1666,
#1667,#1668,#1669,#1670,#1671,#1672,#1673,#1674,#1675,#1676,#1677,#1678,
#1679,#1680,#1681,#1682,#1683,#1684,#1685,#1686,#1687,#1688,#1689,#1690,
#1691,#1692,#1693,#1694,#1695,#1696,#1697,#1698,#1699,#1700,#1701,#1702,
#1703,#1704,#1705,#1706,#1707,#1708,#1709,#1710,#1711,#1712,#1713,#1714,
#1715,#1716,#1717,#1718,#1719,#1720,#1721,#1722,#1723,#1724,#1725,#1726,
#1727,#1728,#1729,#1730),.UNSPECIFIED.,.F.,.F.,(4,3,3,3,3,3,3,3,3,3,3,3,
3,3,3,3,3,3,3,3,3,3,3,3,3,3,3,3,3,3,3,3,3,3,3,3,3,3,3,3,3,3,3,3,3,3,3,4),
(-6.06130399200002,-5.78866699606562,-5.72900829007411,-5.61046565917101,
-5.49156726257688,-5.39659273574008,-5.28834548828936,-5.23035559496824,
-5.21813285202521,-5.18879416274319,-5.14722994827195,-5.10567091284674,
-5.06412545477369,-5.04446513719331,-5.0196364171438,-4.99864904200939,
-4.98115768709637,-4.96317836600468,-4.94357393636019,-4.92463048465708,
-4.90711916694305,-4.90568703295397,-4.8978912453597,-4.88168722096977,
-4.86394811711518,-4.8535454337002,-4.8335918531833,-4.81469722566006,-4.79260673317384,
-4.76732371496174,-4.74050988259583,-4.73164943214883,-4.7031185512047,
-4.69779470335643,-4.64855346692724,-4.58240621419085,-4.56544910273508,
-4.52389450396195,-4.51593777269976,-4.50311703435926,-4.48234008300031,
-4.39923675443594,-4.2962010119485,-4.18955109163194,-4.17898767022001,
-4.0668293761661,-3.79601758622465,-3.73454614869421),.UNSPECIFIED.);
#377=B_SPLINE_CURVE_WITH_KNOTS('',3,(#1732,#1733,#1734,#1735),
 .UNSPECIFIED.,.F.,.F.,(4,4),(0.,0.000243712989461854),.UNSPECIFIED.);
#378=B_SPLINE_CURVE_WITH_KNOTS('',3,(#1739,#1740,#1741,#1742),
 .UNSPECIFIED.,.F.,.F.,(4,4),(0.200329976580267,0.20065022747299),
 .UNSPECIFIED.);
#379=B_SPLINE_CURVE_WITH_KNOTS('',3,(#1744,#1745,#1746,#1747,#1748,#1749,
#1750,#1751,#1752,#1753,#1754,#1755,#1756,#1757,#1758,#1759,#1760,#1761,
#1762,#1763,#1764,#1765,#1766,#1767,#1768,#1769,#1770,#1771,#1772,#1773,
#1774,#1775,#1776,#1777,#1778,#1779,#1780,#1781,#1782,#1783,#1784,#1785,
#1786,#1787,#1788,#1789,#1790,#1791,#1792,#1793,#1794,#1795,#1796,#1797,
#1798,#1799,#1800,#1801,#1802,#1803,#1804,#1805,#1806,#1807,#1808,#1809,
#1810,#1811,#1812,#1813,#1814,#1815,#1816,#1817,#1818,#1819,#1820,#1821,
#1822,#1823,#1824,#1825,#1826,#1827,#1828,#1829,#1830,#1831,#1832,#1833,
#1834,#1835,#1836,#1837,#1838,#1839,#1840,#1841,#1842,#1843,#1844,#1845,
#1846,#1847,#1848,#1849,#1850,#1851,#1852,#1853,#1854,#1855,#1856,#1857,
#1858,#1859,#1860,#1861,#1862,#1863,#1864,#1865,#1866,#1867,#1868,#1869,
#1870,#1871,#1872,#1873),.UNSPECIFIED.,.F.,.F.,(4,3,3,3,3,3,3,3,3,3,3,3,
3,3,3,3,3,3,3,3,3,3,3,3,3,3,3,3,3,3,3,3,3,3,3,3,3,3,3,3,3,3,3,4),(-6.06131989313898,
-5.75341542790494,-5.72903506058025,-5.61044188418779,-5.44036755569761,
-5.39660731566802,-5.24383835331632,-5.23034301913703,-5.21812807034287,
-5.18877231270488,-5.14719818110927,-5.10562422229138,-5.06405427912226,
-5.0444725720362,-5.01902732884645,-4.99716692989322,-4.98104017860457,
-4.96318871084325,-4.94217388349532,-4.92262909904691,-4.90569848315935,
-4.89806453659526,-4.88509745546181,-4.87962773938464,-4.86528858647061,
-4.85355699560993,-4.83512946496619,-4.81485243653009,-4.79261672669712,
-4.76556142240374,-4.73668814733845,-4.73179372492421,-4.70081322807839,
-4.69780035936129,-4.69023330646205,-4.64866928910341,-4.57726604600331,
-4.56554527775866,-4.51593258222033,-4.39931910793334,-4.23307456473827,
-4.17898772340974,-4.06684622046573,-3.7345620379732),.UNSPECIFIED.);
#380=B_SPLINE_CURVE_WITH_KNOTS('',3,(#1875,#1876,#1877,#1878),
 .UNSPECIFIED.,.F.,.F.,(4,4),(0.,0.000243712989462823),.UNSPECIFIED.);
#381=B_SPLINE_CURVE_WITH_KNOTS('',3,(#1882,#1883,#1884,#1885,#1886,#1887,
#1888,#1889,#1890,#1891,#1892,#1893,#1894,#1895,#1896,#1897,#1898,#1899,
#1900,#1901,#1902,#1903,#1904,#1905,#1906,#1907),.UNSPECIFIED.,.F.,.F.,
(4,2,2,2,2,2,2,2,2,2,2,2,4),(0.,0.107119553549196,0.214239107098393,0.320641077178941,
0.427043047259489,0.533445017340051,0.639846987420612,0.746966540969818,
0.854086094519023,0.955941699539565,1.05779730456011,1.15976030961662,1.26172331467314),
 .UNSPECIFIED.);
#382=B_SPLINE_CURVE_WITH_KNOTS('',3,(#1908,#1909,#1910,#1911,#1912,#1913,
#1914,#1915,#1916,#1917),.UNSPECIFIED.,.F.,.F.,(4,2,2,2,4),(1.26172331467314,
1.36368631972966,1.46564932478617,1.56750492980671,1.66936053482726),
 .UNSPECIFIED.);
#383=B_SPLINE_CURVE_WITH_KNOTS('',3,(#1920,#1921,#1922,#1923,#1924,#1925,
#1926,#1927,#1928,#1929,#1930,#1931,#1932,#1933,#1934,#1935,#1936,#1937,
#1938,#1939,#1940,#1941,#1942,#1943,#1944,#1945),.UNSPECIFIED.,.F.,.F.,
(4,2,2,2,2,2,2,2,2,2,2,2,4),(0.,0.077137614565693,0.154275229131386,0.230953967349839,
0.307632705568292,0.384311443786752,0.460990182005212,0.538127796570911,
0.615265411136611,0.68992033052953,0.764575249922449,0.83906056135906,0.91354587279567),
 .UNSPECIFIED.);
#384=B_SPLINE_CURVE_WITH_KNOTS('',3,(#1946,#1947,#1948,#1949,#1950,#1951,
#1952,#1953,#1954,#1955),.UNSPECIFIED.,.F.,.F.,(4,2,2,2,4),(0.91354587279567,
0.988031184232278,1.06251649566889,1.13717141506181,1.21182633445473),
 .UNSPECIFIED.);
#385=B_SPLINE_CURVE_WITH_KNOTS('',3,(#1959,#1960,#1961,#1962,#1963,#1964,
#1965,#1966,#1967,#1968),.UNSPECIFIED.,.F.,.F.,(4,2,2,2,4),(0.888629417921873,
0.962687341369093,1.0367404667983,1.11078945534509,1.16105169721828),
 .UNSPECIFIED.);
#386=B_SPLINE_CURVE_WITH_KNOTS('',3,(#1972,#1973,#1974,#1975,#1976,#1977,
#1978,#1979,#1980,#1981),.UNSPECIFIED.,.F.,.F.,(4,2,2,2,4),(0.0237838951100862,
0.074046136983274,0.148095125530063,0.222148250959272,0.296206174406492),
 .UNSPECIFIED.);
#387=B_SPLINE_CURVE_WITH_KNOTS('',3,(#2001,#2002,#2003,#2004),
 .UNSPECIFIED.,.F.,.F.,(4,4),(0.200329976587977,0.200650227481314),
 .UNSPECIFIED.);
#388=B_SPLINE_CURVE_WITH_KNOTS('',3,(#2006,#2007,#2008,#2009,#2010,#2011,
#2012,#2013,#2014,#2015,#2016,#2017,#2018,#2019,#2020,#2021,#2022,#2023,
#2024,#2025,#2026,#2027,#2028,#2029,#2030,#2031,#2032,#2033,#2034,#2035,
#2036,#2037,#2038,#2039,#2040,#2041,#2042,#2043,#2044,#2045,#2046,#2047,
#2048,#2049,#2050,#2051,#2052,#2053,#2054,#2055,#2056,#2057,#2058,#2059,
#2060,#2061,#2062,#2063,#2064,#2065,#2066,#2067,#2068,#2069,#2070,#2071,
#2072,#2073,#2074,#2075,#2076,#2077,#2078,#2079,#2080,#2081,#2082,#2083,
#2084,#2085,#2086,#2087,#2088,#2089,#2090,#2091,#2092,#2093,#2094,#2095,
#2096,#2097,#2098,#2099,#2100,#2101,#2102,#2103,#2104,#2105,#2106,#2107,
#2108,#2109,#2110,#2111,#2112,#2113,#2114,#2115,#2116,#2117,#2118,#2119,
#2120,#2121,#2122,#2123,#2124,#2125,#2126,#2127,#2128,#2129,#2130,#2131,
#2132,#2133,#2134,#2135),.UNSPECIFIED.,.F.,.F.,(4,3,3,3,3,3,3,3,3,3,3,3,
3,3,3,3,3,3,3,3,3,3,3,3,3,3,3,3,3,3,3,3,3,3,3,3,3,3,3,3,3,3,3,4),(-6.06131989313845,
-5.75341542787229,-5.72903506057966,-5.61044188418849,-5.44036755572831,
-5.39660731566736,-5.24383835333333,-5.23034301913635,-5.21812807034298,
-5.1887723127042,-5.14719818110859,-5.1056242222907,-5.0640542791216,-5.0444725720359,
-5.01902732884597,-4.99716692989284,-4.98104017860397,-4.96318871084286,
-4.94217388349521,-4.92262909904605,-4.90569848315893,-4.89806453659473,
-4.88509745546007,-4.87962773938422,-4.86528858647293,-4.85355699560951,
-4.83512946496883,-4.8148524365296,-4.79261672669673,-4.76556142240447,
-4.73668814734138,-4.73179372492372,-4.7008132280818,-4.69780035936097,
-4.69023330646157,-4.64866928910293,-4.57726604602952,-4.56554527775816,
-4.51593258222028,-4.39931910793282,-4.23307456473773,-4.17898772340976,
-4.0668462204652,-3.73456203797265),.UNSPECIFIED.);
#389=B_SPLINE_CURVE_WITH_KNOTS('',3,(#2137,#2138,#2139,#2140),
 .UNSPECIFIED.,.F.,.F.,(4,4),(0.,0.000243712989461665),.UNSPECIFIED.);
#390=B_SPLINE_CURVE_WITH_KNOTS('',3,(#2144,#2145,#2146,#2147),
 .UNSPECIFIED.,.F.,.F.,(4,4),(0.20032997647387,0.200650227366545),
 .UNSPECIFIED.);
#391=B_SPLINE_CURVE_WITH_KNOTS('',3,(#2149,#2150,#2151,#2152,#2153,#2154,
#2155,#2156,#2157,#2158,#2159,#2160,#2161,#2162,#2163,#2164,#2165,#2166,
#2167,#2168,#2169,#2170,#2171,#2172,#2173,#2174,#2175,#2176,#2177,#2178,
#2179,#2180,#2181,#2182,#2183,#2184,#2185,#2186,#2187,#2188,#2189,#2190,
#2191,#2192,#2193,#2194,#2195,#2196,#2197,#2198,#2199,#2200,#2201,#2202,
#2203,#2204,#2205,#2206,#2207,#2208,#2209,#2210,#2211,#2212,#2213,#2214,
#2215,#2216,#2217,#2218,#2219,#2220,#2221,#2222,#2223,#2224,#2225,#2226,
#2227,#2228,#2229,#2230,#2231,#2232,#2233,#2234,#2235,#2236,#2237,#2238,
#2239,#2240,#2241,#2242,#2243,#2244,#2245,#2246,#2247,#2248,#2249,#2250,
#2251,#2252,#2253,#2254,#2255,#2256,#2257,#2258,#2259,#2260,#2261,#2262,
#2263,#2264,#2265,#2266,#2267,#2268,#2269,#2270,#2271,#2272),
 .UNSPECIFIED.,.F.,.F.,(4,3,3,3,3,3,3,3,3,3,3,3,3,3,3,3,3,3,3,3,3,3,3,3,
3,3,3,3,3,3,3,3,3,3,3,3,3,3,3,3,3,4),(-6.06130399199994,-5.79111208752856,
-5.72902699344451,-5.61046565917128,-5.562798749607,-5.39656614260534,-5.23032752552328,
-5.21813285202533,-5.14718488397169,-5.10560903745785,-5.06404691013452,
-5.04446513719332,-5.02079007033862,-5.0002058858266,-4.98102816570869,
-4.96317836600465,-4.94449096063775,-4.92682088445527,-4.91022196329742,
-4.90568703295392,-4.8977947813001,-4.8845803883079,-4.87961623332704,-4.8641815684507,
-4.85354543370016,-4.83381448538266,-4.81483907880713,-4.7926067331738,
-4.76420855187148,-4.7317943282022,-4.69779470335642,-4.69022353166194,
-4.64865749526812,-4.60709006403845,-4.56552631939847,-4.51593777269981,
-4.39931041627585,-4.2361913613713,-4.17898767022002,-4.06684101876661,
-3.77534777021339,-3.73454614869415),.UNSPECIFIED.);
#392=B_SPLINE_CURVE_WITH_KNOTS('',3,(#2274,#2275,#2276,#2277),
 .UNSPECIFIED.,.F.,.F.,(4,4),(0.,0.000243712989461415),.UNSPECIFIED.);
#393=B_SPLINE_CURVE_WITH_KNOTS('',3,(#2281,#2282,#2283,#2284,#2285,#2286,
#2287,#2288,#2289,#2290,#2291,#2292,#2293,#2294,#2295,#2296,#2297,#2298,
#2299,#2300,#2301,#2302,#2303,#2304,#2305,#2306),.UNSPECIFIED.,.F.,.F.,
(4,2,2,2,2,2,2,2,2,2,2,2,4),(0.,0.106835661537136,0.213671323074272,0.319812835790486,
0.425954348506701,0.532095861222903,0.638237373939106,0.745073035476234,
0.851908697013361,0.953963785582284,1.05601887415121,1.15809249951203,1.26016612487285),
 .UNSPECIFIED.);
#394=B_SPLINE_CURVE_WITH_KNOTS('',3,(#2307,#2308,#2309,#2310,#2311,#2312,
#2313,#2314,#2315,#2316),.UNSPECIFIED.,.F.,.F.,(4,2,2,2,4),(1.26016612487285,
1.36223975023367,1.4643133755945,1.56636846416341,1.66842355273233),
 .UNSPECIFIED.);
#395=B_SPLINE_CURVE_WITH_KNOTS('',3,(#2319,#2320,#2321,#2322,#2323,#2324,
#2325,#2326,#2327,#2328,#2329,#2330,#2331,#2332,#2333,#2334,#2335,#2336,
#2337,#2338,#2339,#2340,#2341,#2342,#2343,#2344),.UNSPECIFIED.,.F.,.F.,
(4,2,2,2,2,2,2,2,2,2,2,2,4),(0.,0.0772781298604667,0.154556259720933,0.231363979407702,
0.308171699094471,0.384979418781232,0.461787138467994,0.539065268328454,
0.616343398188913,0.69088432558503,0.765425252981147,0.839843426697446,
0.914261600413745),.UNSPECIFIED.);
#396=B_SPLINE_CURVE_WITH_KNOTS('',3,(#2345,#2346,#2347,#2348,#2349,#2350,
#2351,#2352,#2353,#2354),.UNSPECIFIED.,.F.,.F.,(4,2,2,2,4),(0.914261600413745,
0.988679774130046,1.06309794784635,1.13763887524246,1.21217980263858),
 .UNSPECIFIED.);
#397=B_SPLINE_CURVE_WITH_KNOTS('',3,(#2595,#2596,#2597,#2598,#2599,#2600,
#2601,#2602,#2603,#2604,#2605,#2606,#2607,#2608,#2609,#2610,#2611,#2612,
#2613,#2614,#2615,#2616,#2617,#2618,#2619,#2620,#2621,#2622,#2623,#2624,
#2625,#2626,#2627,#2628),.UNSPECIFIED.,.F.,.F.,(4,1,1,1,1,1,1,1,1,1,1,1,
1,1,1,1,1,1,1,1,1,1,1,1,1,1,1,1,1,1,1,4),(-2.13559284229302,-1.83135535189773,
-1.5259166527196,-1.37319730313053,-1.296837628336,-1.22047795354146,-1.20138803484283,
-1.1822981161442,-1.14411827874693,-1.10593844134967,-1.10355220151234,
-1.10116596167501,-1.09639348200035,-1.08684852265103,-1.07730356330172,
-1.0677586039524,-1.04866868525377,-1.02957876655513,-1.0104888478565,-0.991398929157866,
-0.953219091760599,-0.915039254363333,-0.876859416966066,-0.8386795795688,
-0.819589660870166,-0.81004470152085,-0.800499742171533,-0.762319904774267,
-0.609600555185201,-0.456881205596135,-0.304161856007069,-1.77167130860086E-5),
 .UNSPECIFIED.);
#398=B_SPLINE_CURVE_WITH_KNOTS('',3,(#2630,#2631,#2632,#2633),
 .UNSPECIFIED.,.F.,.F.,(4,4),(-1.76902227408318E-5,-5.48730163954861E-12),
 .UNSPECIFIED.);
#399=B_SPLINE_CURVE_WITH_KNOTS('',3,(#2635,#2636,#2637,#2638,#2639,#2640,
#2641,#2642,#2643,#2644,#2645,#2646,#2647,#2648,#2649,#2650,#2651,#2652,
#2653,#2654,#2655,#2656,#2657,#2658,#2659,#2660,#2661,#2662,#2663,#2664,
#2665,#2666,#2667,#2668,#2669,#2670,#2671,#2672,#2673,#2674,#2675,#2676,
#2677,#2678,#2679,#2680),.UNSPECIFIED.,.F.,.F.,(4,3,3,3,3,3,3,3,3,3,3,3,
3,3,3,4),(0.,0.00399420462565698,0.00780484491774063,0.0118290498691908,
0.0155987829694127,0.0177825143660239,0.0217816272480851,0.023398938462817,
0.0274109396043393,0.0298601158234114,0.0312191626330044,0.0352241219948653,
0.0364778914233688,0.0404774112021263,0.0417400041966874,0.0419359612256929),
 .UNSPECIFIED.);
#400=B_SPLINE_CURVE_WITH_KNOTS('',3,(#2682,#2683,#2684,#2685,#2686,#2687,
#2688,#2689,#2690,#2691,#2692,#2693,#2694,#2695,#2696,#2697,#2698,#2699,
#2700,#2701,#2702,#2703,#2704,#2705,#2706,#2707,#2708,#2709,#2710,#2711,
#2712,#2713,#2714,#2715),.UNSPECIFIED.,.F.,.F.,(4,1,1,1,1,1,1,1,1,1,1,1,
1,1,1,1,1,1,1,1,1,1,1,1,1,1,1,1,1,1,1,4),(-0.00127684317106319,0.304161856007069,
0.456881205596135,0.609600555185201,0.762319904774267,0.800499742171533,
0.81004470152085,0.819589660870166,0.8386795795688,0.876859416966066,0.915039254363333,
0.953219091760599,0.991398929157866,1.0104888478565,1.02957876655513,1.04866868525377,
1.0677586039524,1.07730356330172,1.08684852265103,1.09639348200035,1.10116596167501,
1.10355220151234,1.10593844134967,1.14411827874693,1.1822981161442,1.20138803484283,
1.22047795354146,1.296837628336,1.37319730313053,1.5259166527196,1.83135535189773,
2.13679405107586),.UNSPECIFIED.);
#401=B_SPLINE_CURVE_WITH_KNOTS('',3,(#2717,#2718,#2719,#2720,#2721,#2722,
#2723,#2724,#2725,#2726,#2727,#2728,#2729,#2730,#2731,#2732,#2733,#2734,
#2735,#2736,#2737,#2738,#2739,#2740,#2741,#2742,#2743,#2744,#2745,#2746,
#2747,#2748,#2749,#2750,#2751,#2752,#2753,#2754,#2755,#2756,#2757,#2758,
#2759,#2760,#2761,#2762,#2763,#2764,#2765),.UNSPECIFIED.,.F.,.F.,(4,3,3,
3,3,3,3,3,3,3,3,3,3,3,3,3,4),(-0.000195949584323055,0.,0.00398923754805514,
0.00527012899224787,0.00926526638834476,0.0105372218651562,0.0117782391526598,
0.0157839668942256,0.0183569762122996,0.0223608094865721,0.0237752987003013,
0.0261593882272023,0.0301681118789056,0.033956416121834,0.0357623052167496,
0.0397631559025721,0.041762846070143),.UNSPECIFIED.);
#402=B_SPLINE_CURVE_WITH_KNOTS('',3,(#2766,#2767,#2768,#2769),
 .UNSPECIFIED.,.F.,.F.,(4,4),(-2.1356085377082,-2.13559285331263),
 .UNSPECIFIED.);
#403=B_SPLINE_CURVE_WITH_KNOTS('',3,(#2795,#2796,#2797,#2798),
 .UNSPECIFIED.,.F.,.F.,(4,4),(1.30085664929689,1.40107090976539),
 .UNSPECIFIED.);
#404=B_SPLINE_CURVE_WITH_KNOTS('',3,(#2799,#2800,#2801,#2802,#2803,#2804,
#2805,#2806,#2807,#2808,#2809,#2810,#2811,#2812,#2813,#2814,#2815,#2816,
#2817,#2818,#2819,#2820,#2821,#2822,#2823,#2824,#2825,#2826,#2827,#2828,
#2829,#2830,#2831,#2832,#2833,#2834,#2835,#2836,#2837,#2838,#2839,#2840,
#2841,#2842,#2843,#2844),.UNSPECIFIED.,.F.,.F.,(4,3,3,3,3,3,3,3,3,3,3,3,
3,3,3,4),(-0.000189513854307006,0.,0.00399452312863586,0.0045913107527353,
0.00859708261639707,0.00918031317191766,0.0114843725144376,0.0154960304719905,
0.0170039770207474,0.0210034662387588,0.0231637048368944,0.0248085828853842,
0.0288290208655074,0.0326050475431702,0.036599677807825,0.0404086629170105),
 .UNSPECIFIED.);
#405=B_SPLINE_CURVE_WITH_KNOTS('',3,(#2846,#2847,#2848,#2849),
 .UNSPECIFIED.,.F.,.F.,(4,4),(-1.40231926105455,-1.30204863565849),
 .UNSPECIFIED.);
#406=B_SPLINE_CURVE_WITH_KNOTS('',3,(#2850,#2851,#2852,#2853),
 .UNSPECIFIED.,.F.,.F.,(4,4),(-0.000290211215907163,-1.67118518769542E-5),
 .UNSPECIFIED.);
#407=B_SPLINE_CURVE_WITH_KNOTS('',3,(#3002,#3003,#3004,#3005,#3006,#3007),
 .UNSPECIFIED.,.F.,.F.,(4,1,1,4),(3.73578944461481,4.06683136976559,4.39926886695496,
4.5444804242149),.UNSPECIFIED.);
#408=B_SPLINE_CURVE_WITH_KNOTS('',3,(#3009,#3010,#3011,#3012,#3013,#3014,
#3015,#3016,#3017,#3018,#3019,#3020,#3021,#3022,#3023,#3024,#3025,#3026,
#3027),.UNSPECIFIED.,.F.,.F.,(4,1,1,1,1,1,1,1,1,1,1,1,1,1,1,1,4),(4.54448042421489,
4.56548761554964,4.60704230269831,4.64859698984698,4.69015167699565,4.73170636414432,
4.81481573844166,4.89792511273901,4.98103448703635,5.06414386133369,5.10569854848236,
5.14725323563103,5.23036260992837,5.39658135852305,5.56280010711773,5.72901885571242,
6.06005996476318),.UNSPECIFIED.);
#409=B_SPLINE_CURVE_WITH_KNOTS('',3,(#3028,#3029,#3030,#3031,#3032,#3033,
#3034,#3035,#3036,#3037,#3038,#3039,#3040,#3041,#3042,#3043,#3044,#3045,
#3046,#3047,#3048,#3049,#3050,#3051,#3052,#3053,#3054,#3055,#3056,#3057,
#3058,#3059,#3060,#3061,#3062,#3063,#3064,#3065,#3066,#3067,#3068,#3069,
#3070,#3071,#3072,#3073,#3074,#3075,#3076),.UNSPECIFIED.,.F.,.F.,(4,3,3,
3,3,3,3,3,3,3,3,3,3,3,3,3,4),(-0.000187918488571561,0.,0.00398409800933169,
0.00459488435742188,0.00859553619209825,0.00919042904608139,0.0113964993916675,
0.0153943632974382,0.017009628666481,0.0201015880231063,0.0241079367125019,
0.0248109264590727,0.0288155463677982,0.0317079915866696,0.0326059454392765,
0.0366058236348268,0.0404102093209688),.UNSPECIFIED.);
#410=B_SPLINE_CURVE_WITH_KNOTS('',3,(#3102,#3103,#3104,#3105),
 .UNSPECIFIED.,.F.,.F.,(4,4),(-1.10158282493995,-1.00131222343321),
 .UNSPECIFIED.);
#411=B_SPLINE_CURVE_WITH_KNOTS('',3,(#3106,#3107,#3108,#3109),
 .UNSPECIFIED.,.F.,.F.,(4,4),(1.0025605680722,1.10286670282572),
 .UNSPECIFIED.);
#412=B_SPLINE_CURVE_WITH_KNOTS('',3,(#3110,#3111,#3112,#3113),
 .UNSPECIFIED.,.F.,.F.,(4,4),(-0.000301235363623818,0.),.UNSPECIFIED.);
#413=B_SPLINE_CURVE_WITH_KNOTS('',3,(#3233,#3234,#3235,#3236),
 .UNSPECIFIED.,.F.,.F.,(4,4),(-0.000301235364029963,0.),.UNSPECIFIED.);
#414=B_SPLINE_CURVE_WITH_KNOTS('',3,(#3238,#3239,#3240,#3241),
 .UNSPECIFIED.,.F.,.F.,(4,4),(-1.76902227368263E-5,-5.51248044945913E-12),
 .UNSPECIFIED.);
#415=B_SPLINE_CURVE_WITH_KNOTS('',3,(#3243,#3244,#3245,#3246,#3247,#3248,
#3249,#3250,#3251,#3252,#3253,#3254,#3255,#3256,#3257,#3258,#3259,#3260,
#3261,#3262,#3263,#3264,#3265,#3266,#3267,#3268,#3269,#3270,#3271,#3272,
#3273,#3274,#3275,#3276,#3277,#3278,#3279,#3280,#3281,#3282),
 .UNSPECIFIED.,.F.,.F.,(4,1,1,1,1,1,1,1,1,1,1,1,1,1,1,1,1,1,1,1,1,1,1,1,
1,1,1,1,1,1,1,1,1,1,1,1,1,4),(-2.13559289639153,-1.83135539706395,-1.6786360437123,
-1.52591669036065,-1.373197337009,-1.35410741784005,-1.33501749867109,-1.29683766033318,
-1.25865782199527,-1.22047798365735,-1.18229814531944,-1.14411830698153,
-1.12502838781257,-1.10593846864362,-1.08207606968242,-1.06775863030571,
-1.05821367072123,-1.04866871113675,-1.03912375155227,-1.02957879196779,
-0.991398953629882,-0.95321911529197,-0.915039276954058,-0.838679600278234,
-0.762319923602411,-0.724140085264499,-0.705050166095543,-0.685960246926587,
-0.609600570250763,-0.456881216899115,-0.380521540223291,-0.342341701885379,
-0.323251782716423,-0.313706823131945,-0.308934343339706,-0.304161863547467,
-0.151442510195819,-1.76987881723037E-5),.UNSPECIFIED.);
#416=B_SPLINE_CURVE_WITH_KNOTS('',3,(#3284,#3285,#3286,#3287),
 .UNSPECIFIED.,.F.,.F.,(4,4),(-2.13560859039731,-2.13559290600172),
 .UNSPECIFIED.);
#417=B_SPLINE_CURVE_WITH_KNOTS('',3,(#3289,#3290,#3291,#3292),
 .UNSPECIFIED.,.F.,.F.,(4,4),(-0.000290211215874908,-1.67118518242793E-5),
 .UNSPECIFIED.);
#418=B_SPLINE_CURVE_WITH_KNOTS('',3,(#3296,#3297,#3298,#3299),
 .UNSPECIFIED.,.F.,.F.,(4,4),(-0.000303465372736067,0.),.UNSPECIFIED.);
#419=B_SPLINE_CURVE_WITH_KNOTS('',3,(#3301,#3302,#3303,#3304),
 .UNSPECIFIED.,.F.,.F.,(4,4),(-1.57090498795617E-5,1.98116869184417E-6),
 .UNSPECIFIED.);
#420=B_SPLINE_CURVE_WITH_KNOTS('',3,(#3306,#3307,#3308,#3309,#3310,#3311,
#3312,#3313,#3314,#3315,#3316,#3317,#3318,#3319,#3320,#3321,#3322,#3323,
#3324,#3325,#3326,#3327,#3328,#3329,#3330,#3331,#3332,#3333,#3334,#3335,
#3336,#3337,#3338,#3339,#3340,#3341),.UNSPECIFIED.,.F.,.F.,(4,1,1,1,1,1,
1,1,1,1,1,1,1,1,1,1,1,1,1,1,1,1,1,1,1,1,1,1,1,1,1,1,1,4),(-2.13559086281168,
-1.83135336998408,-1.79317353260069,-1.75499369521729,-1.6786340204505,
-1.60227434568371,-1.52591467091692,-1.48773483353353,-1.44955499615013,
-1.37319532138334,-1.31592556530825,-1.3063806059624,-1.29683564661655,
-1.25865580923315,-1.22047597184976,-1.14411629708297,-1.10593645969957,
-1.08684654100788,-1.06775662231618,-1.05821166297033,-1.04866670362448,
-1.02957678493278,-0.991396947549388,-0.915037272782597,-0.8959473540909,
-0.876857435399202,-0.838677598015807,-0.800497760632412,-0.762317923249016,
-0.685958248482226,-0.647778411098831,-0.609598573715436,-0.304159874648274,
-1.57376581659689E-5),.UNSPECIFIED.);
#421=B_SPLINE_CURVE_WITH_KNOTS('',3,(#3343,#3344,#3345,#3346),
 .UNSPECIFIED.,.F.,.F.,(4,4),(-2.13560655565418,-2.13559087125761),
 .UNSPECIFIED.);
#422=B_SPLINE_CURVE_WITH_KNOTS('',3,(#3348,#3349,#3350,#3351),
 .UNSPECIFIED.,.F.,.F.,(4,4),(-0.0020051825468029,-0.00172980432525651),
 .UNSPECIFIED.);
#423=B_SPLINE_CURVE_WITH_KNOTS('',3,(#3355,#3356,#3357,#3358),
 .UNSPECIFIED.,.F.,.F.,(4,4),(-0.000303465372737532,0.),.UNSPECIFIED.);
#424=B_SPLINE_CURVE_WITH_KNOTS('',3,(#3360,#3361,#3362,#3363),
 .UNSPECIFIED.,.F.,.F.,(4,4),(0.,1.76902276680439E-5),.UNSPECIFIED.);
#425=B_SPLINE_CURVE_WITH_KNOTS('',3,(#3365,#3366,#3367,#3368,#3369,#3370,
#3371,#3372,#3373,#3374,#3375,#3376,#3377,#3378,#3379,#3380,#3381,#3382,
#3383,#3384,#3385,#3386,#3387),.UNSPECIFIED.,.F.,.F.,(4,1,1,1,1,1,1,1,1,
1,1,1,1,1,1,1,1,1,1,1,4),(-2.13557519645049,-1.83133770022287,-1.52589899452084,
-1.37317964166983,-1.22046028881881,-1.20137036971243,-1.18228045060606,
-1.1441006123933,-1.10592077418055,-1.08683085507417,-1.07728589552098,
-1.06774093596779,-1.04865101686142,-1.02956109775504,-0.991381259542287,
-0.97229134043591,-0.915021583116779,-0.762302230265764,-0.609582877414748,
-0.304144171712717,-2.8458320877795E-8),.UNSPECIFIED.);
#426=B_SPLINE_CURVE_WITH_KNOTS('',3,(#3389,#3390,#3391,#3392),
 .UNSPECIFIED.,.F.,.F.,(4,4),(-2.13559089229464,-2.13557520789268),
 .UNSPECIFIED.);
#427=B_SPLINE_CURVE_WITH_KNOTS('',3,(#3394,#3395,#3396,#3397),
 .UNSPECIFIED.,.F.,.F.,(4,4),(-0.00200518254690316,-0.00172980432542135),
 .UNSPECIFIED.);
#428=B_SPLINE_CURVE_WITH_KNOTS('',3,(#3402,#3403,#3404,#3405,#3406,#3407,
#3408,#3409,#3410,#3411,#3412,#3413,#3414,#3415,#3416,#3417,#3418,#3419,
#3420,#3421,#3422,#3423,#3424,#3425,#3426,#3427,#3428,#3429,#3430),
 .UNSPECIFIED.,.T.,.F.,(4,1,2,1,1,2,1,2,1,2,1,2,1,2,1,2,1,1,1,4),(0.,0.066363238585212,
0.132726477170424,0.169374453054682,0.191363238585236,0.250000000000048,
0.316363238585022,0.382726477169997,0.441363238585126,0.500000000000255,
0.566363238585506,0.632726477170757,0.691363238585134,0.749999999999512,
0.816363238585,0.882726477170489,0.912044857877867,0.941363238585244,0.970681619292622,
1.),.UNSPECIFIED.);
#429=B_SPLINE_CURVE_WITH_KNOTS('',3,(#3433,#3434,#3435,#3436),
 .UNSPECIFIED.,.F.,.F.,(4,4),(-1.10158191937837,-1.00131131791053),
 .UNSPECIFIED.);
#430=B_SPLINE_CURVE_WITH_KNOTS('',3,(#3515,#3516,#3517,#3518,#3519,#3520,
#3521,#3522,#3523,#3524,#3525,#3526,#3527,#3528,#3529,#3530,#3531,#3532,
#3533,#3534,#3535,#3536,#3537,#3538,#3539,#3540,#3541,#3542,#3543,#3544,
#3545,#3546,#3547,#3548,#3549,#3550,#3551,#3552,#3553,#3554,#3555,#3556,
#3557,#3558,#3559,#3560,#3561,#3562,#3563,#3564,#3565,#3566,#3567,#3568,
#3569,#3570,#3571,#3572,#3573,#3574,#3575,#3576,#3577,#3578,#3579,#3580,
#3581,#3582,#3583,#3584,#3585,#3586,#3587),.UNSPECIFIED.,.F.,.F.,(4,3,3,
3,3,3,3,3,3,3,3,3,3,3,3,3,3,3,3,3,3,3,3,3,4),(0.,0.0283929958185608,0.0574435992193205,
0.0872135470179657,0.117770134312577,0.149288125264482,0.182016534954592,
0.216683700230519,0.253362429138887,0.291032960314744,0.32634908329211,
0.359457948583391,0.390497509793967,0.421602810407947,0.452862322568427,
0.484337866609408,0.516372330284324,0.549813535774718,0.585326996943758,
0.626196913283235,0.670035977849016,0.717783264111102,0.765513642473792,
0.812250233264836,0.856090927952604),.UNSPECIFIED.);
#431=B_SPLINE_CURVE_WITH_KNOTS('',3,(#3871,#3872,#3873,#3874,#3875,#3876,
#3877,#3878,#3879,#3880,#3881,#3882,#3883,#3884,#3885,#3886,#3887,#3888,
#3889,#3890,#3891,#3892,#3893,#3894,#3895,#3896,#3897,#3898,#3899,#3900,
#3901,#3902,#3903,#3904,#3905,#3906,#3907,#3908,#3909,#3910),
 .UNSPECIFIED.,.F.,.F.,(4,1,1,1,1,1,1,1,1,1,1,1,1,1,1,1,1,1,1,1,1,1,1,1,
1,1,1,1,1,1,1,1,1,1,1,1,1,4),(-0.00127684315582932,0.151442510195819,0.304161863547467,
0.308934343339706,0.313706823131945,0.323251782716423,0.342341701885379,
0.380521540223291,0.456881216899115,0.609600570250763,0.685960246926587,
0.705050166095543,0.724140085264499,0.762319923602411,0.838679600278234,
0.915039276954058,0.95321911529197,0.991398953629882,1.02957879196779,1.03912375155227,
1.04866871113675,1.05821367072123,1.06775863030571,1.08207606968242,1.10593846864362,
1.12502838781257,1.14411830698153,1.18229814531944,1.22047798365735,1.25865782199527,
1.29683766033318,1.33501749867109,1.35410741784005,1.373197337009,1.52591669036065,
1.6786360437123,1.83135539706395,2.13679410376724),.UNSPECIFIED.);
#432=B_SPLINE_CURVE_WITH_KNOTS('',3,(#3911,#3912,#3913,#3914,#3915,#3916,
#3917,#3918,#3919,#3920,#3921,#3922,#3923,#3924,#3925,#3926,#3927,#3928,
#3929,#3930,#3931,#3932,#3933,#3934,#3935,#3936,#3937,#3938,#3939,#3940,
#3941,#3942,#3943,#3944,#3945,#3946,#3947,#3948,#3949,#3950,#3951,#3952,
#3953,#3954,#3955,#3956,#3957,#3958,#3959),.UNSPECIFIED.,.F.,.F.,(4,3,3,
3,3,3,3,3,3,3,3,3,3,3,3,3,4),(-0.000195949584232226,0.,0.00398923925750862,
0.00527012899224335,0.00926526828995797,0.0105372218651388,0.0117782391526356,
0.0157839670282123,0.01835697621227,0.0223608084708957,0.0237752987002647,
0.02615938822716,0.0301681104901039,0.0339564161217738,0.0357623052166875,
0.0397631637754118,0.0417628460700686),.UNSPECIFIED.);
#433=B_SPLINE_CURVE_WITH_KNOTS('',3,(#3960,#3961,#3962,#3963,#3964,#3965,
#3966,#3967,#3968,#3969,#3970,#3971,#3972,#3973,#3974,#3975,#3976,#3977,
#3978,#3979,#3980,#3981,#3982,#3983,#3984,#3985,#3986,#3987,#3988,#3989,
#3990,#3991,#3992,#3993,#3994,#3995,#3996,#3997,#3998,#3999,#4000,#4001,
#4002,#4003,#4004,#4005),.UNSPECIFIED.,.F.,.F.,(4,3,3,3,3,3,3,3,3,3,3,3,
3,3,3,4),(0.,0.00399420462570408,0.00780484491773478,0.0118290498693338,
0.0155987829694044,0.0177825143660091,0.0217816272481198,0.0233989384627902,
0.027410939604347,0.0298601158233987,0.0312191626329815,0.0352241219934654,
0.0364778914228891,0.0404774111888361,0.0417400041957169,0.0419359612255937),
 .UNSPECIFIED.);
#434=B_SPLINE_CURVE_WITH_KNOTS('',3,(#4030,#4031,#4032,#4033),
 .UNSPECIFIED.,.F.,.F.,(4,4),(-1.4023192612918,-1.30204863593473),
 .UNSPECIFIED.);
#435=B_SPLINE_CURVE_WITH_KNOTS('',3,(#4035,#4036,#4037,#4038),
 .UNSPECIFIED.,.F.,.F.,(4,4),(1.30085664957197,1.40107091000535),
 .UNSPECIFIED.);
#436=B_SPLINE_CURVE_WITH_KNOTS('',3,(#4039,#4040,#4041,#4042,#4043,#4044,
#4045,#4046,#4047,#4048,#4049,#4050,#4051,#4052,#4053,#4054,#4055,#4056,
#4057,#4058,#4059,#4060,#4061,#4062,#4063,#4064,#4065,#4066,#4067,#4068,
#4069,#4070,#4071,#4072,#4073,#4074,#4075,#4076,#4077,#4078,#4079,#4080,
#4081,#4082,#4083,#4084),.UNSPECIFIED.,.F.,.F.,(4,3,3,3,3,3,3,3,3,3,3,3,
3,3,3,4),(-0.000189513854400755,0.,0.00399452312761912,0.00459131075275317,
0.00859708261602783,0.00918031317196759,0.011484372514507,0.0154960304720775,
0.017003977020862,0.02100346623895,0.0231637048370568,0.0248085828855578,
0.0288290208655124,0.0326050475434227,0.0365996778078726,0.0404086629173439),
 .UNSPECIFIED.);
#437=B_SPLINE_CURVE_WITH_KNOTS('',3,(#4233,#4234,#4235,#4236,#4237,#4238,
#4239),.UNSPECIFIED.,.F.,.F.,(4,1,1,1,4),(3.73580533392196,4.06684726072844,
4.23306601016696,4.39928475960548,4.54449635409163),.UNSPECIFIED.);
#438=B_SPLINE_CURVE_WITH_KNOTS('',3,(#4241,#4242,#4243,#4244,#4245,#4246,
#4247,#4248,#4249,#4250,#4251,#4252,#4253,#4254,#4255,#4256,#4257,#4258),
 .UNSPECIFIED.,.F.,.F.,(4,1,1,1,1,1,1,1,1,1,1,1,1,1,1,4),(4.5444581447789,
4.565503509044,4.64861288376325,4.69016757112288,4.73172225848251,4.81483163320177,
4.89794100792103,4.98105038264029,5.06415975735955,5.10571444471918,5.14726913207881,
5.18882381943844,5.23037850679807,5.39659725623659,5.72903475511363,6.06007587201097),
 .UNSPECIFIED.);
#439=B_SPLINE_CURVE_WITH_KNOTS('',3,(#4259,#4260,#4261,#4262,#4263,#4264,
#4265,#4266,#4267,#4268,#4269,#4270,#4271,#4272,#4273,#4274,#4275,#4276,
#4277,#4278,#4279,#4280,#4281,#4282,#4283,#4284,#4285,#4286,#4287,#4288,
#4289,#4290,#4291,#4292,#4293,#4294,#4295,#4296,#4297,#4298,#4299,#4300,
#4301,#4302,#4303,#4304,#4305,#4306,#4307),.UNSPECIFIED.,.F.,.F.,(4,3,3,
3,3,3,3,3,3,3,3,3,3,3,3,3,4),(-0.00018791848967231,0.,0.00398409990718967,
0.00459488435736189,0.00859553700835769,0.00919042904593073,0.0113964993915115,
0.0153943629625664,0.0170096286663059,0.0201015880229203,0.024107936991241,
0.0248109264588704,0.0288155467470277,0.0317079915864426,0.0326059454390463,
0.0366058234920572,0.0404102093207116),.UNSPECIFIED.);
#440=B_SPLINE_CURVE_WITH_KNOTS('',3,(#4332,#4333,#4334,#4335),
 .UNSPECIFIED.,.F.,.F.,(4,4),(1.00255966253699,1.10286579726566),
 .UNSPECIFIED.);
#441=B_SPLINE_CURVE_WITH_KNOTS('',3,(#4425,#4426,#4427,#4428,#4429,#4430,
#4431,#4432,#4433,#4434,#4435,#4436,#4437,#4438,#4439,#4440,#4441,#4442,
#4443,#4444,#4445,#4446,#4447,#4448,#4449,#4450,#4451,#4452,#4453,#4454,
#4455,#4456,#4457,#4458,#4459,#4460,#4461,#4462,#4463,#4464,#4465,#4466,
#4467,#4468,#4469,#4470,#4471,#4472,#4473,#4474,#4475,#4476,#4477,#4478,
#4479,#4480,#4481,#4482,#4483,#4484,#4485,#4486,#4487,#4488,#4489,#4490,
#4491,#4492,#4493,#4494,#4495,#4496,#4497),.UNSPECIFIED.,.F.,.F.,(4,3,3,
3,3,3,3,3,3,3,3,3,3,3,3,3,3,3,3,3,3,3,3,3,4),(0.,0.028392995822196,0.0574435992169886,
0.0872135470128111,0.117770134308587,0.149288125255923,0.18201653495667,
0.216683700278578,0.253362429180508,0.291032960353765,0.326349083328692,
0.359457948617687,0.39049750982612,0.421602810436794,0.452862322597701,
0.484337866639688,0.516372330310567,0.549813535801284,0.585326996964204,
0.626196913309496,0.670035977879892,0.717783264137007,0.765513642467919,
0.812250233250171,0.85609092795261),.UNSPECIFIED.);
#442=B_SPLINE_CURVE_WITH_KNOTS('',3,(#4752,#4753,#4754,#4755,#4756,#4757,
#4758,#4759,#4760,#4761,#4762,#4763,#4764,#4765,#4766,#4767,#4768,#4769,
#4770,#4771,#4772,#4773,#4774,#4775,#4776,#4777,#4778,#4779,#4780,#4781,
#4782,#4783,#4784,#4785,#4786,#4787,#4788,#4789,#4790,#4791,#4792,#4793,
#4794,#4795,#4796,#4797),.UNSPECIFIED.,.F.,.F.,(4,3,3,3,3,3,3,3,3,3,3,3,
3,3,3,4),(0.,0.00399420462552109,0.00780484491774151,0.0118290498690111,
0.015598782969452,0.0177825143660305,0.0217816272480425,0.0233989384628794,
0.0274109396044102,0.0298601158234339,0.0312191626330787,0.0352241219947575,
0.0364778914229326,0.0404774112214337,0.0417400041958049,0.0419359612253135),
 .UNSPECIFIED.);
#443=B_SPLINE_CURVE_WITH_KNOTS('',3,(#4799,#4800,#4801,#4802,#4803,#4804,
#4805,#4806,#4807,#4808,#4809,#4810,#4811,#4812,#4813,#4814,#4815,#4816,
#4817,#4818,#4819,#4820,#4821,#4822,#4823,#4824,#4825,#4826,#4827,#4828,
#4829,#4830,#4831,#4832,#4833,#4834),.UNSPECIFIED.,.F.,.F.,(4,1,1,1,1,1,
1,1,1,1,1,1,1,1,1,1,1,1,1,1,1,1,1,1,1,1,1,1,1,1,1,1,1,4),(-0.00127882441888775,
0.304159874648274,0.609598573715436,0.647778411098831,0.685958248482226,
0.762317923249016,0.800497760632412,0.838677598015807,0.876857435399202,
0.8959473540909,0.915037272782597,0.991396947549388,1.02957678493278,1.04866670362448,
1.05821166297033,1.06775662231618,1.08684654100788,1.10593645969957,1.14411629708297,
1.22047597184976,1.25865580923315,1.29683564661655,1.3063806059624,1.31592556530825,
1.37319532138334,1.44955499615013,1.48773483353353,1.52591467091692,1.60227434568371,
1.6786340204505,1.75499369521729,1.79317353260069,1.83135336998408,2.13679206905124),
 .UNSPECIFIED.);
#444=B_SPLINE_CURVE_WITH_KNOTS('',3,(#4835,#4836,#4837,#4838,#4839,#4840,
#4841,#4842,#4843,#4844,#4845,#4846,#4847,#4848,#4849,#4850,#4851,#4852,
#4853,#4854,#4855,#4856,#4857,#4858,#4859,#4860,#4861,#4862,#4863,#4864,
#4865,#4866,#4867,#4868,#4869,#4870,#4871,#4872,#4873,#4874,#4875,#4876,
#4877,#4878,#4879,#4880,#4881,#4882,#4883),.UNSPECIFIED.,.F.,.F.,(4,3,3,
3,3,3,3,3,3,3,3,3,3,3,3,3,4),(-0.000195949584393999,0.,0.00398923936402553,
0.00527012899218563,0.00926526831146589,0.0105372218650344,0.0117782391525209,
0.0157839666541894,0.0183569762120695,0.0223608083119458,0.0237752987000066,
0.0261593882268799,0.0301681103729472,0.0339564161214212,0.0357623052163173,
0.03976317102579,0.0417628460696501),.UNSPECIFIED.);
#445=B_SPLINE_CURVE_WITH_KNOTS('',3,(#4909,#4910,#4911,#4912),
 .UNSPECIFIED.,.F.,.F.,(4,4),(1.00255966253696,1.10286579726227),
 .UNSPECIFIED.);
#446=B_SPLINE_CURVE_WITH_KNOTS('',3,(#4913,#4914,#4915,#4916),
 .UNSPECIFIED.,.F.,.F.,(4,4),(-1.10158191937837,-1.00131131791052),
 .UNSPECIFIED.);
#447=B_SPLINE_CURVE_WITH_KNOTS('',3,(#4917,#4918,#4919,#4920,#4921,#4922,
#4923,#4924,#4925,#4926,#4927,#4928,#4929,#4930,#4931,#4932,#4933,#4934,
#4935,#4936,#4937,#4938,#4939,#4940,#4941,#4942,#4943,#4944,#4945,#4946,
#4947,#4948,#4949,#4950,#4951,#4952,#4953,#4954,#4955,#4956,#4957,#4958,
#4959,#4960,#4961,#4962,#4963,#4964,#4965),.UNSPECIFIED.,.F.,.F.,(4,3,3,
3,3,3,3,3,3,3,3,3,3,3,3,3,4),(-0.000187918489729622,0.,0.00398409981414291,
0.00459488435724197,0.00859553700862719,0.00919042904569997,0.0113964993912264,
0.015394362962209,0.0170096286658826,0.0201015880224191,0.0241079369906709,
0.024810926458249,0.0288155467462414,0.0317079915856485,0.0326059454382303,
0.0366058234909733,0.0404102093196949),.UNSPECIFIED.);
#448=B_SPLINE_CURVE_WITH_KNOTS('',3,(#4990,#4991,#4992,#4993),
 .UNSPECIFIED.,.F.,.F.,(4,4),(-1.40231926129181,-1.30204863593472),
 .UNSPECIFIED.);
#449=B_SPLINE_CURVE_WITH_KNOTS('',3,(#4995,#4996,#4997,#4998),
 .UNSPECIFIED.,.F.,.F.,(4,4),(1.30085664957221,1.40107091000534),
 .UNSPECIFIED.);
#450=B_SPLINE_CURVE_WITH_KNOTS('',3,(#4999,#5000,#5001,#5002,#5003,#5004,
#5005,#5006,#5007,#5008,#5009,#5010,#5011,#5012,#5013,#5014,#5015,#5016,
#5017,#5018,#5019,#5020,#5021,#5022,#5023,#5024,#5025,#5026,#5027,#5028,
#5029,#5030,#5031,#5032,#5033,#5034,#5035,#5036,#5037,#5038,#5039,#5040,
#5041,#5042,#5043,#5044),.UNSPECIFIED.,.F.,.F.,(4,3,3,3,3,3,3,3,3,3,3,3,
3,3,3,4),(-0.000189513854331257,0.,0.00399452312861045,0.00459131075274343,
0.0085970826154082,0.00918031317195984,0.0114843725145016,0.015496030472066,
0.0170039770208657,0.021003466238969,0.0231637048370693,0.0248085828855741,
0.0288290208656566,0.0326050475434394,0.0365996778080595,0.0404086629173616),
 .UNSPECIFIED.);
#451=B_SPLINE_CURVE_WITH_KNOTS('',3,(#5193,#5194,#5195,#5196,#5197,#5198,
#5199),.UNSPECIFIED.,.F.,.F.,(4,1,1,1,4),(3.7358053339225,4.06684726072898,
4.2330660101675,4.39928475960602,4.54449635409215),.UNSPECIFIED.);
#452=B_SPLINE_CURVE_WITH_KNOTS('',3,(#5200,#5201,#5202,#5203,#5204,#5205,
#5206,#5207,#5208,#5209,#5210,#5211,#5212,#5213,#5214,#5215,#5216,#5217),
 .UNSPECIFIED.,.F.,.F.,(4,1,1,1,1,1,1,1,1,1,1,1,1,1,1,4),(4.54445814477948,
4.56550350904454,4.64861288376379,4.69016757112342,4.73172225848305,4.81483163320231,
4.89794100792157,4.98105038264083,5.06415975736009,5.10571444471972,5.14726913207935,
5.18882381943898,5.23037850679861,5.39659725623712,5.72903475511416,6.06007587201144),
 .UNSPECIFIED.);
#453=B_SPLINE_CURVE_WITH_KNOTS('',3,(#5296,#5297,#5298,#5299,#5300,#5301,
#5302,#5303,#5304,#5305,#5306,#5307,#5308,#5309,#5310,#5311,#5312,#5313,
#5314,#5315,#5316,#5317,#5318,#5319,#5320,#5321,#5322,#5323,#5324,#5325,
#5326,#5327,#5328,#5329,#5330,#5331,#5332,#5333,#5334,#5335,#5336,#5337,
#5338,#5339,#5340,#5341,#5342,#5343,#5344,#5345,#5346,#5347,#5348,#5349,
#5350,#5351,#5352,#5353,#5354,#5355,#5356,#5357,#5358,#5359,#5360,#5361,
#5362,#5363,#5364,#5365,#5366,#5367,#5368),.UNSPECIFIED.,.F.,.F.,(4,3,3,
3,3,3,3,3,3,3,3,3,3,3,3,3,3,3,3,3,3,3,3,3,4),(0.,0.028392995820405,0.0574435992178573,
0.0872135470201013,0.11777013431788,0.149288125263826,0.182016534965853,
0.216683700236618,0.253362429136745,0.291032960312736,0.326349083290228,
0.359457948581627,0.390497509792313,0.421602810404452,0.452862322564786,
0.484337866609881,0.516372330281456,0.549813535773366,0.58532699692373,
0.626196913262326,0.670035977816131,0.717783264069084,0.765513642415351,
0.812250233167565,0.856090927952607),.UNSPECIFIED.);
#454=B_SPLINE_CURVE_WITH_KNOTS('',3,(#5371,#5372,#5373,#5374),
 .UNSPECIFIED.,.F.,.F.,(4,4),(-1.10158282493998,-1.00131222343324),
 .UNSPECIFIED.);
#455=B_SPLINE_CURVE_WITH_KNOTS('',3,(#5537,#5538,#5539,#5540,#5541,#5542,
#5543,#5544,#5545,#5546,#5547,#5548,#5549,#5550,#5551,#5552,#5553,#5554,
#5555,#5556,#5557,#5558,#5559,#5560,#5561,#5562,#5563,#5564,#5565,#5566,
#5567,#5568,#5569,#5570,#5571,#5572,#5573,#5574,#5575,#5576,#5577,#5578,
#5579,#5580,#5581,#5582),.UNSPECIFIED.,.F.,.F.,(4,3,3,3,3,3,3,3,3,3,3,3,
3,3,3,4),(0.,0.00399420462553735,0.00780484491775411,0.0118290498688212,
0.0155987829694283,0.0177825143660295,0.0217816272483359,0.0233989384628113,
0.0274109396044552,0.0298601158234201,0.0312191626330177,0.0352241219935955,
0.0364778914236202,0.0404774112009411,0.0417400041971435,0.0419359612288546),
 .UNSPECIFIED.);
#456=B_SPLINE_CURVE_WITH_KNOTS('',3,(#5584,#5585,#5586,#5587,#5588,#5589,
#5590,#5591,#5592,#5593,#5594,#5595,#5596,#5597,#5598,#5599,#5600,#5601,
#5602,#5603,#5604,#5605,#5606),.UNSPECIFIED.,.F.,.F.,(4,1,1,1,1,1,1,1,1,
1,1,1,1,1,1,1,1,1,1,1,4),(-0.00129453398931393,0.304144171712717,0.609582877414748,
0.762302230265764,0.915021583116779,0.97229134043591,0.991381259542287,
1.02956109775504,1.04865101686142,1.06774093596779,1.07728589552098,1.08683085507417,
1.10592077418055,1.1441006123933,1.18228045060606,1.20137036971243,1.22046028881881,
1.37317964166983,1.52589899452084,1.83133770022287,2.1367764059249),
 .UNSPECIFIED.);
#457=B_SPLINE_CURVE_WITH_KNOTS('',3,(#5607,#5608,#5609,#5610,#5611,#5612,
#5613,#5614,#5615,#5616,#5617,#5618,#5619,#5620,#5621,#5622,#5623,#5624,
#5625,#5626,#5627,#5628,#5629,#5630,#5631,#5632,#5633,#5634,#5635,#5636,
#5637,#5638,#5639,#5640,#5641,#5642,#5643,#5644,#5645,#5646,#5647,#5648,
#5649,#5650,#5651,#5652,#5653,#5654,#5655),.UNSPECIFIED.,.F.,.F.,(4,3,3,
3,3,3,3,3,3,3,3,3,3,3,3,3,4),(-0.000195949584411558,0.,0.00398923802852725,
0.00527012899248478,0.00926526696617846,0.0105372218656903,0.0117782391532651,
0.015783967304359,0.0183569762132836,0.0223608092676859,0.023775298701585,
0.0261593882286101,0.0301681116106288,0.0339564161236561,0.0357623052186702,
0.0397631517782965,0.0417628460723832),.UNSPECIFIED.);
#458=B_SPLINE_CURVE_WITH_KNOTS('',3,(#5681,#5682,#5683,#5684),
 .UNSPECIFIED.,.F.,.F.,(4,4),(1.00256056807223,1.10286670285227),
 .UNSPECIFIED.);
#459=B_SPLINE_CURVE_WITH_KNOTS('',3,(#5685,#5686,#5687,#5688,#5689,#5690,
#5691,#5692,#5693,#5694,#5695,#5696,#5697,#5698,#5699,#5700,#5701,#5702,
#5703,#5704,#5705,#5706,#5707,#5708,#5709,#5710,#5711,#5712,#5713,#5714,
#5715,#5716,#5717,#5718,#5719,#5720,#5721,#5722,#5723,#5724,#5725,#5726,
#5727,#5728,#5729,#5730,#5731,#5732,#5733),.UNSPECIFIED.,.F.,.F.,(4,3,3,
3,3,3,3,3,3,3,3,3,3,3,3,3,4),(-0.000187918488608688,0.,0.00398410034099589,
0.00459488435727524,0.00859553745950378,0.0091904290457578,0.0113964993912623,
0.0153943630819463,0.0170096286658625,0.0201015880223667,0.0241079368469247,
0.0248109264581431,0.0288155465490687,0.0317079915854912,0.0326059454380681,
0.036605823516385,0.0404102093194842),.UNSPECIFIED.);
#460=B_SPLINE_CURVE_WITH_KNOTS('',3,(#5758,#5759,#5760,#5761),
 .UNSPECIFIED.,.F.,.F.,(4,4),(-1.40231926105454,-1.30204863565848),
 .UNSPECIFIED.);
#461=B_SPLINE_CURVE_WITH_KNOTS('',3,(#5763,#5764,#5765,#5766),
 .UNSPECIFIED.,.F.,.F.,(4,4),(1.30085664929713,1.40107090976539),
 .UNSPECIFIED.);
#462=B_SPLINE_CURVE_WITH_KNOTS('',3,(#5767,#5768,#5769,#5770,#5771,#5772,
#5773,#5774,#5775,#5776,#5777,#5778,#5779,#5780,#5781,#5782,#5783,#5784,
#5785,#5786,#5787,#5788,#5789,#5790,#5791,#5792,#5793,#5794,#5795,#5796,
#5797,#5798,#5799,#5800,#5801,#5802,#5803,#5804,#5805,#5806,#5807,#5808,
#5809,#5810,#5811,#5812),.UNSPECIFIED.,.F.,.F.,(4,3,3,3,3,3,3,3,3,3,3,3,
3,3,3,4),(-0.000189513854320794,0.,0.00399452312749084,0.00459131075276352,
0.00859708261595789,0.00918031317199039,0.0114843725145363,0.0154960304721494,
0.0170039770209053,0.0210034662388654,0.0231637048371265,0.0248085828856365,
0.0288290208658817,0.0326050475435173,0.0365996778081087,0.0404086629174475),
 .UNSPECIFIED.);
#463=B_SPLINE_CURVE_WITH_KNOTS('',3,(#5968,#5969,#5970,#5971,#5972,#5973,
#5974,#5975,#5976),.UNSPECIFIED.,.F.,.F.,(4,1,1,1,1,1,4),(3.73578944461489,
4.06683136976566,4.39926886695503,4.48237824125237,4.5031555848267,4.52393292840104,
4.54448042421499),.UNSPECIFIED.);
#464=B_SPLINE_CURVE_WITH_KNOTS('',3,(#5977,#5978,#5979,#5980,#5981,#5982,
#5983,#5984,#5985,#5986,#5987,#5988,#5989,#5990,#5991,#5992,#5993),
 .UNSPECIFIED.,.F.,.F.,(4,1,1,1,1,1,1,1,1,1,1,1,1,1,4),(4.54448042421499,
4.56548761554971,4.64859698984705,4.73170636414439,4.81481573844174,4.89792511273908,
4.98103448703642,5.06414386133376,5.10569854848243,5.1472532356311,5.18880792277977,
5.23036260992844,5.39658135852313,5.72901885571249,6.06005996476326),
 .UNSPECIFIED.);
#465=B_SPLINE_CURVE_WITH_KNOTS('',3,(#6083,#6084,#6085,#6086,#6087,#6088,
#6089,#6090,#6091,#6092,#6093,#6094,#6095,#6096,#6097,#6098,#6099,#6100,
#6101,#6102,#6103,#6104,#6105,#6106,#6107,#6108,#6109,#6110,#6111,#6112,
#6113,#6114,#6115,#6116,#6117,#6118,#6119,#6120,#6121,#6122,#6123,#6124,
#6125,#6126,#6127,#6128,#6129,#6130,#6131,#6132,#6133,#6134,#6135,#6136,
#6137,#6138,#6139,#6140,#6141,#6142,#6143,#6144,#6145,#6146,#6147,#6148,
#6149,#6150,#6151,#6152,#6153,#6154,#6155),.UNSPECIFIED.,.F.,.F.,(4,3,3,
3,3,3,3,3,3,3,3,3,3,3,3,3,3,3,3,3,3,3,3,3,4),(0.,0.0283929958224781,0.0574435992161171,
0.0872135470279356,0.117770134336088,0.14928812528325,0.182016534990483,
0.216683700305217,0.253362429208518,0.291032960380023,0.326349083353309,
0.359457948640765,0.390497509847755,0.421602810460766,0.452862322621304,
0.484337866662102,0.516372330329782,0.549813535817507,0.585326996987961,
0.626196913335319,0.670035977920434,0.71778326418344,0.76551364254136,0.812250233295379,
0.856090927952606),.UNSPECIFIED.);
#466=VERTEX_POINT('',#1540);
#467=VERTEX_POINT('',#1541);
#468=VERTEX_POINT('',#1552);
#469=VERTEX_POINT('',#1554);
#470=VERTEX_POINT('',#1567);
#471=VERTEX_POINT('',#1571);
#472=VERTEX_POINT('',#1573);
#473=VERTEX_POINT('',#1577);
#474=VERTEX_POINT('',#1581);
#475=VERTEX_POINT('',#1583);
#476=VERTEX_POINT('',#1588);
#477=VERTEX_POINT('',#1731);
#478=VERTEX_POINT('',#1736);
#479=VERTEX_POINT('',#1738);
#480=VERTEX_POINT('',#1743);
#481=VERTEX_POINT('',#1874);
#482=VERTEX_POINT('',#1880);
#483=VERTEX_POINT('',#1881);
#484=VERTEX_POINT('',#1918);
#485=VERTEX_POINT('',#1919);
#486=VERTEX_POINT('',#1957);
#487=VERTEX_POINT('',#1958);
#488=VERTEX_POINT('',#1969);
#489=VERTEX_POINT('',#1971);
#490=VERTEX_POINT('',#1984);
#491=VERTEX_POINT('',#1988);
#492=VERTEX_POINT('',#1990);
#493=VERTEX_POINT('',#1994);
#494=VERTEX_POINT('',#1998);
#495=VERTEX_POINT('',#2000);
#496=VERTEX_POINT('',#2005);
#497=VERTEX_POINT('',#2136);
#498=VERTEX_POINT('',#2141);
#499=VERTEX_POINT('',#2143);
#500=VERTEX_POINT('',#2148);
#501=VERTEX_POINT('',#2273);
#502=VERTEX_POINT('',#2279);
#503=VERTEX_POINT('',#2280);
#504=VERTEX_POINT('',#2317);
#505=VERTEX_POINT('',#2318);
#506=VERTEX_POINT('',#2593);
#507=VERTEX_POINT('',#2594);
#508=VERTEX_POINT('',#2629);
#509=VERTEX_POINT('',#2634);
#510=VERTEX_POINT('',#2681);
#511=VERTEX_POINT('',#2716);
#512=VERTEX_POINT('',#2794);
#513=VERTEX_POINT('',#2845);
#514=VERTEX_POINT('',#3001);
#515=VERTEX_POINT('',#3008);
#516=VERTEX_POINT('',#3101);
#517=VERTEX_POINT('',#3230);
#518=VERTEX_POINT('',#3232);
#519=VERTEX_POINT('',#3237);
#520=VERTEX_POINT('',#3242);
#521=VERTEX_POINT('',#3283);
#522=VERTEX_POINT('',#3288);
#523=VERTEX_POINT('',#3293);
#524=VERTEX_POINT('',#3295);
#525=VERTEX_POINT('',#3300);
#526=VERTEX_POINT('',#3305);
#527=VERTEX_POINT('',#3342);
#528=VERTEX_POINT('',#3347);
#529=VERTEX_POINT('',#3352);
#530=VERTEX_POINT('',#3354);
#531=VERTEX_POINT('',#3359);
#532=VERTEX_POINT('',#3364);
#533=VERTEX_POINT('',#3388);
#534=VERTEX_POINT('',#3393);
#535=VERTEX_POINT('',#3398);
#536=VERTEX_POINT('',#3400);
#537=VERTEX_POINT('',#3514);
#538=VERTEX_POINT('',#3869);
#539=VERTEX_POINT('',#3870);
#540=VERTEX_POINT('',#4034);
#541=VERTEX_POINT('',#4232);
#542=VERTEX_POINT('',#4240);
#543=VERTEX_POINT('',#4424);
#544=VERTEX_POINT('',#4751);
#545=VERTEX_POINT('',#4798);
#546=VERTEX_POINT('',#4908);
#547=VERTEX_POINT('',#4994);
#548=VERTEX_POINT('',#5192);
#549=VERTEX_POINT('',#5295);
#550=VERTEX_POINT('',#5536);
#551=VERTEX_POINT('',#5583);
#552=VERTEX_POINT('',#5680);
#553=VERTEX_POINT('',#5762);
#554=VERTEX_POINT('',#5967);
#555=VERTEX_POINT('',#6082);
#556=VERTEX_POINT('',#6160);
#557=VERTEX_POINT('',#6165);
#558=VERTEX_POINT('',#6169);
#559=VERTEX_POINT('',#6172);
#560=VERTEX_POINT('',#6176);
#561=VERTEX_POINT('',#6179);
#562=VERTEX_POINT('',#6183);
#563=VERTEX_POINT('',#6186);
#564=VERTEX_POINT('',#6190);
#565=VERTEX_POINT('',#6192);
#566=VERTEX_POINT('',#6197);
#567=VERTEX_POINT('',#6201);
#568=VERTEX_POINT('',#6204);
#569=VERTEX_POINT('',#6208);
#570=VERTEX_POINT('',#6211);
#571=VERTEX_POINT('',#6215);
#572=VERTEX_POINT('',#6218);
#573=VERTEX_POINT('',#6222);
#574=VERTEX_POINT('',#6225);
#575=VERTEX_POINT('',#6229);
#576=VERTEX_POINT('',#6233);
#577=VERTEX_POINT('',#6237);
#578=VERTEX_POINT('',#6241);
#579=VERTEX_POINT('',#6243);
#580=VERTEX_POINT('',#6247);
#581=VERTEX_POINT('',#6249);
#582=VERTEX_POINT('',#6253);
#583=VERTEX_POINT('',#6255);
#584=VERTEX_POINT('',#6263);
#585=VERTEX_POINT('',#6265);
#586=VERTEX_POINT('',#6269);
#587=VERTEX_POINT('',#6271);
#588=VERTEX_POINT('',#6275);
#589=VERTEX_POINT('',#6279);
#590=EDGE_CURVE('',#466,#467,#373,.T.);
#591=EDGE_CURVE('',#467,#468,#322,.T.);
#592=EDGE_CURVE('',#468,#469,#374,.T.);
#593=EDGE_CURVE('',#469,#466,#323,.T.);
#594=EDGE_CURVE('',#470,#468,#146,.T.);
#595=EDGE_CURVE('',#471,#470,#78,.T.);
#596=EDGE_CURVE('',#471,#472,#79,.T.);
#597=EDGE_CURVE('',#469,#472,#80,.T.);
#598=EDGE_CURVE('',#467,#473,#147,.T.);
#599=EDGE_CURVE('',#473,#474,#324,.T.);
#600=EDGE_CURVE('',#475,#474,#375,.T.);
#601=EDGE_CURVE('',#476,#475,#376,.T.);
#602=EDGE_CURVE('',#477,#476,#377,.T.);
#603=EDGE_CURVE('',#477,#478,#325,.T.);
#604=EDGE_CURVE('',#479,#478,#378,.T.);
#605=EDGE_CURVE('',#480,#479,#379,.T.);
#606=EDGE_CURVE('',#481,#480,#380,.T.);
#607=EDGE_CURVE('',#481,#470,#326,.T.);
#608=EDGE_CURVE('',#482,#483,#381,.T.);
#609=EDGE_CURVE('',#483,#482,#382,.T.);
#610=EDGE_CURVE('',#484,#485,#383,.T.);
#611=EDGE_CURVE('',#485,#484,#384,.T.);
#612=EDGE_CURVE('',#486,#487,#385,.T.);
#613=EDGE_CURVE('',#487,#488,#327,.T.);
#614=EDGE_CURVE('',#488,#489,#386,.T.);
#615=EDGE_CURVE('',#489,#486,#328,.T.);
#616=EDGE_CURVE('',#490,#488,#148,.T.);
#617=EDGE_CURVE('',#491,#490,#81,.T.);
#618=EDGE_CURVE('',#491,#492,#82,.T.);
#619=EDGE_CURVE('',#489,#492,#83,.T.);
#620=EDGE_CURVE('',#487,#493,#149,.T.);
#621=EDGE_CURVE('',#493,#494,#329,.T.);
#622=EDGE_CURVE('',#495,#494,#387,.T.);
#623=EDGE_CURVE('',#496,#495,#388,.T.);
#624=EDGE_CURVE('',#497,#496,#389,.T.);
#625=EDGE_CURVE('',#497,#498,#330,.T.);
#626=EDGE_CURVE('',#499,#498,#390,.T.);
#627=EDGE_CURVE('',#500,#499,#391,.T.);
#628=EDGE_CURVE('',#501,#500,#392,.T.);
#629=EDGE_CURVE('',#501,#490,#331,.T.);
#630=EDGE_CURVE('',#502,#503,#393,.T.);
#631=EDGE_CURVE('',#503,#502,#394,.T.);
#632=EDGE_CURVE('',#504,#505,#395,.T.);
#633=EDGE_CURVE('',#505,#504,#396,.T.);
#634=EDGE_CURVE('',#506,#507,#397,.T.);
#635=EDGE_CURVE('',#507,#508,#398,.T.);
#636=EDGE_CURVE('',#508,#509,#399,.T.);
#637=EDGE_CURVE('',#509,#510,#400,.T.);
#638=EDGE_CURVE('',#510,#511,#401,.T.);
#639=EDGE_CURVE('',#511,#506,#402,.T.);
#640=EDGE_CURVE('',#510,#512,#403,.T.);
#641=EDGE_CURVE('',#512,#499,#404,.T.);
#642=EDGE_CURVE('',#498,#513,#405,.T.);
#643=EDGE_CURVE('',#513,#511,#406,.T.);
#644=EDGE_CURVE('',#512,#514,#407,.T.);
#645=EDGE_CURVE('',#514,#515,#408,.T.);
#646=EDGE_CURVE('',#515,#500,#409,.T.);
#647=EDGE_CURVE('',#516,#501,#410,.T.);
#648=EDGE_CURVE('',#515,#509,#411,.T.);
#649=EDGE_CURVE('',#508,#516,#412,.T.);
#650=EDGE_CURVE('',#513,#517,#332,.T.);
#651=EDGE_CURVE('',#518,#517,#413,.T.);
#652=EDGE_CURVE('',#519,#518,#414,.T.);
#653=EDGE_CURVE('',#520,#519,#415,.T.);
#654=EDGE_CURVE('',#521,#520,#416,.T.);
#655=EDGE_CURVE('',#522,#521,#417,.T.);
#656=EDGE_CURVE('',#522,#523,#333,.T.);
#657=EDGE_CURVE('',#524,#523,#418,.T.);
#658=EDGE_CURVE('',#525,#524,#419,.T.);
#659=EDGE_CURVE('',#526,#525,#420,.T.);
#660=EDGE_CURVE('',#527,#526,#421,.T.);
#661=EDGE_CURVE('',#528,#527,#422,.T.);
#662=EDGE_CURVE('',#528,#529,#334,.T.);
#663=EDGE_CURVE('',#530,#529,#423,.T.);
#664=EDGE_CURVE('',#531,#530,#424,.T.);
#665=EDGE_CURVE('',#532,#531,#425,.T.);
#666=EDGE_CURVE('',#533,#532,#426,.T.);
#667=EDGE_CURVE('',#534,#533,#427,.T.);
#668=EDGE_CURVE('',#534,#535,#335,.T.);
#669=EDGE_CURVE('',#535,#536,#84,.T.);
#670=EDGE_CURVE('',#536,#536,#428,.T.);
#671=EDGE_CURVE('',#535,#516,#336,.T.);
#672=EDGE_CURVE('',#517,#497,#429,.T.);
#673=EDGE_CURVE('',#537,#514,#430,.T.);
#674=EDGE_CURVE('',#537,#537,#337,.T.);
#675=EDGE_CURVE('',#538,#539,#431,.T.);
#676=EDGE_CURVE('',#539,#521,#432,.T.);
#677=EDGE_CURVE('',#518,#538,#433,.T.);
#678=EDGE_CURVE('',#494,#522,#434,.T.);
#679=EDGE_CURVE('',#539,#540,#435,.T.);
#680=EDGE_CURVE('',#540,#495,#436,.T.);
#681=EDGE_CURVE('',#540,#541,#437,.T.);
#682=EDGE_CURVE('',#541,#542,#438,.T.);
#683=EDGE_CURVE('',#542,#496,#439,.T.);
#684=EDGE_CURVE('',#542,#538,#440,.T.);
#685=EDGE_CURVE('',#543,#541,#441,.T.);
#686=EDGE_CURVE('',#543,#543,#338,.T.);
#687=EDGE_CURVE('',#524,#544,#442,.T.);
#688=EDGE_CURVE('',#544,#545,#443,.T.);
#689=EDGE_CURVE('',#545,#527,#444,.T.);
#690=EDGE_CURVE('',#546,#544,#445,.T.);
#691=EDGE_CURVE('',#523,#481,#446,.T.);
#692=EDGE_CURVE('',#546,#480,#447,.T.);
#693=EDGE_CURVE('',#478,#528,#448,.T.);
#694=EDGE_CURVE('',#545,#547,#449,.T.);
#695=EDGE_CURVE('',#547,#479,#450,.T.);
#696=EDGE_CURVE('',#547,#548,#451,.T.);
#697=EDGE_CURVE('',#548,#546,#452,.T.);
#698=EDGE_CURVE('',#549,#548,#453,.T.);
#699=EDGE_CURVE('',#549,#549,#339,.T.);
#700=EDGE_CURVE('',#529,#477,#454,.T.);
#701=EDGE_CURVE('',#530,#550,#455,.T.);
#702=EDGE_CURVE('',#550,#551,#456,.T.);
#703=EDGE_CURVE('',#551,#533,#457,.T.);
#704=EDGE_CURVE('',#552,#550,#458,.T.);
#705=EDGE_CURVE('',#552,#476,#459,.T.);
#706=EDGE_CURVE('',#474,#534,#460,.T.);
#707=EDGE_CURVE('',#551,#553,#461,.T.);
#708=EDGE_CURVE('',#553,#475,#462,.T.);
#709=EDGE_CURVE('',#553,#554,#463,.T.);
#710=EDGE_CURVE('',#554,#552,#464,.T.);
#711=EDGE_CURVE('',#555,#554,#465,.T.);
#712=EDGE_CURVE('',#555,#555,#340,.T.);
#713=EDGE_CURVE('',#473,#490,#341,.T.);
#714=EDGE_CURVE('',#556,#556,#342,.T.);
#715=EDGE_CURVE('',#493,#470,#343,.T.);
#716=EDGE_CURVE('',#557,#557,#344,.T.);
#717=EDGE_CURVE('',#557,#556,#85,.T.);
#718=EDGE_CURVE('',#558,#558,#345,.T.);
#719=EDGE_CURVE('',#559,#559,#346,.T.);
#720=EDGE_CURVE('',#559,#558,#86,.T.);
#721=EDGE_CURVE('',#560,#560,#347,.T.);
#722=EDGE_CURVE('',#561,#561,#348,.T.);
#723=EDGE_CURVE('',#561,#560,#87,.T.);
#724=EDGE_CURVE('',#562,#562,#349,.T.);
#725=EDGE_CURVE('',#563,#563,#350,.T.);
#726=EDGE_CURVE('',#563,#562,#88,.T.);
#727=EDGE_CURVE('',#564,#564,#351,.T.);
#728=EDGE_CURVE('',#564,#565,#89,.T.);
#729=EDGE_CURVE('',#565,#565,#352,.T.);
#730=EDGE_CURVE('',#566,#566,#353,.T.);
#731=EDGE_CURVE('',#566,#483,#90,.T.);
#732=EDGE_CURVE('',#567,#567,#354,.T.);
#733=EDGE_CURVE('',#568,#568,#355,.T.);
#734=EDGE_CURVE('',#568,#503,#91,.T.);
#735=EDGE_CURVE('',#569,#569,#356,.T.);
#736=EDGE_CURVE('',#570,#570,#357,.T.);
#737=EDGE_CURVE('',#570,#485,#92,.T.);
#738=EDGE_CURVE('',#571,#571,#358,.T.);
#739=EDGE_CURVE('',#572,#572,#359,.T.);
#740=EDGE_CURVE('',#572,#505,#93,.T.);
#741=EDGE_CURVE('',#573,#573,#360,.T.);
#742=EDGE_CURVE('',#571,#574,#94,.T.);
#743=EDGE_CURVE('',#574,#574,#361,.T.);
#744=EDGE_CURVE('',#575,#575,#362,.T.);
#745=EDGE_CURVE('',#575,#569,#95,.T.);
#746=EDGE_CURVE('',#567,#576,#96,.T.);
#747=EDGE_CURVE('',#576,#576,#363,.T.);
#748=EDGE_CURVE('',#577,#577,#364,.T.);
#749=EDGE_CURVE('',#577,#573,#97,.T.);
#750=EDGE_CURVE('',#578,#466,#98,.T.);
#751=EDGE_CURVE('',#579,#578,#99,.T.);
#752=EDGE_CURVE('',#473,#579,#100,.T.);
#753=EDGE_CURVE('',#580,#486,#101,.T.);
#754=EDGE_CURVE('',#581,#580,#102,.T.);
#755=EDGE_CURVE('',#493,#581,#103,.T.);
#756=EDGE_CURVE('',#492,#582,#365,.T.);
#757=EDGE_CURVE('',#582,#583,#104,.T.);
#758=EDGE_CURVE('',#583,#580,#366,.T.);
#759=EDGE_CURVE('',#581,#471,#367,.T.);
#760=EDGE_CURVE('',#579,#491,#368,.T.);
#761=EDGE_CURVE('',#472,#584,#369,.T.);
#762=EDGE_CURVE('',#584,#585,#105,.T.);
#763=EDGE_CURVE('',#585,#578,#370,.T.);
#764=EDGE_CURVE('',#582,#586,#106,.T.);
#765=EDGE_CURVE('',#586,#587,#107,.T.);
#766=EDGE_CURVE('',#587,#583,#108,.T.);
#767=EDGE_CURVE('',#585,#588,#109,.T.);
#768=EDGE_CURVE('',#588,#586,#371,.T.);
#769=EDGE_CURVE('',#584,#589,#110,.T.);
#770=EDGE_CURVE('',#589,#588,#111,.T.);
#771=EDGE_CURVE('',#587,#589,#372,.T.);
#772=ORIENTED_EDGE('',*,*,#590,.T.);
#773=ORIENTED_EDGE('',*,*,#591,.T.);
#774=ORIENTED_EDGE('',*,*,#592,.T.);
#775=ORIENTED_EDGE('',*,*,#593,.T.);
#776=ORIENTED_EDGE('',*,*,#592,.F.);
#777=ORIENTED_EDGE('',*,*,#594,.F.);
#778=ORIENTED_EDGE('',*,*,#595,.F.);
#779=ORIENTED_EDGE('',*,*,#596,.T.);
#780=ORIENTED_EDGE('',*,*,#597,.F.);
#781=ORIENTED_EDGE('',*,*,#591,.F.);
#782=ORIENTED_EDGE('',*,*,#598,.T.);
#783=ORIENTED_EDGE('',*,*,#599,.T.);
#784=ORIENTED_EDGE('',*,*,#600,.F.);
#785=ORIENTED_EDGE('',*,*,#601,.F.);
#786=ORIENTED_EDGE('',*,*,#602,.F.);
#787=ORIENTED_EDGE('',*,*,#603,.T.);
#788=ORIENTED_EDGE('',*,*,#604,.F.);
#789=ORIENTED_EDGE('',*,*,#605,.F.);
#790=ORIENTED_EDGE('',*,*,#606,.F.);
#791=ORIENTED_EDGE('',*,*,#607,.T.);
#792=ORIENTED_EDGE('',*,*,#594,.T.);
#793=ORIENTED_EDGE('',*,*,#608,.T.);
#794=ORIENTED_EDGE('',*,*,#609,.T.);
#795=ORIENTED_EDGE('',*,*,#610,.T.);
#796=ORIENTED_EDGE('',*,*,#611,.T.);
#797=ORIENTED_EDGE('',*,*,#612,.T.);
#798=ORIENTED_EDGE('',*,*,#613,.T.);
#799=ORIENTED_EDGE('',*,*,#614,.T.);
#800=ORIENTED_EDGE('',*,*,#615,.T.);
#801=ORIENTED_EDGE('',*,*,#614,.F.);
#802=ORIENTED_EDGE('',*,*,#616,.F.);
#803=ORIENTED_EDGE('',*,*,#617,.F.);
#804=ORIENTED_EDGE('',*,*,#618,.T.);
#805=ORIENTED_EDGE('',*,*,#619,.F.);
#806=ORIENTED_EDGE('',*,*,#613,.F.);
#807=ORIENTED_EDGE('',*,*,#620,.T.);
#808=ORIENTED_EDGE('',*,*,#621,.T.);
#809=ORIENTED_EDGE('',*,*,#622,.F.);
#810=ORIENTED_EDGE('',*,*,#623,.F.);
#811=ORIENTED_EDGE('',*,*,#624,.F.);
#812=ORIENTED_EDGE('',*,*,#625,.T.);
#813=ORIENTED_EDGE('',*,*,#626,.F.);
#814=ORIENTED_EDGE('',*,*,#627,.F.);
#815=ORIENTED_EDGE('',*,*,#628,.F.);
#816=ORIENTED_EDGE('',*,*,#629,.T.);
#817=ORIENTED_EDGE('',*,*,#616,.T.);
#818=ORIENTED_EDGE('',*,*,#630,.T.);
#819=ORIENTED_EDGE('',*,*,#631,.T.);
#820=ORIENTED_EDGE('',*,*,#632,.T.);
#821=ORIENTED_EDGE('',*,*,#633,.T.);
#822=ORIENTED_EDGE('',*,*,#634,.T.);
#823=ORIENTED_EDGE('',*,*,#635,.T.);
#824=ORIENTED_EDGE('',*,*,#636,.T.);
#825=ORIENTED_EDGE('',*,*,#637,.T.);
#826=ORIENTED_EDGE('',*,*,#638,.T.);
#827=ORIENTED_EDGE('',*,*,#639,.T.);
#828=ORIENTED_EDGE('',*,*,#640,.T.);
#829=ORIENTED_EDGE('',*,*,#641,.T.);
#830=ORIENTED_EDGE('',*,*,#626,.T.);
#831=ORIENTED_EDGE('',*,*,#642,.T.);
#832=ORIENTED_EDGE('',*,*,#643,.T.);
#833=ORIENTED_EDGE('',*,*,#638,.F.);
#834=ORIENTED_EDGE('',*,*,#627,.T.);
#835=ORIENTED_EDGE('',*,*,#641,.F.);
#836=ORIENTED_EDGE('',*,*,#644,.T.);
#837=ORIENTED_EDGE('',*,*,#645,.T.);
#838=ORIENTED_EDGE('',*,*,#646,.T.);
#839=ORIENTED_EDGE('',*,*,#647,.T.);
#840=ORIENTED_EDGE('',*,*,#628,.T.);
#841=ORIENTED_EDGE('',*,*,#646,.F.);
#842=ORIENTED_EDGE('',*,*,#648,.T.);
#843=ORIENTED_EDGE('',*,*,#636,.F.);
#844=ORIENTED_EDGE('',*,*,#649,.T.);
#845=ORIENTED_EDGE('',*,*,#634,.F.);
#846=ORIENTED_EDGE('',*,*,#639,.F.);
#847=ORIENTED_EDGE('',*,*,#643,.F.);
#848=ORIENTED_EDGE('',*,*,#650,.T.);
#849=ORIENTED_EDGE('',*,*,#651,.F.);
#850=ORIENTED_EDGE('',*,*,#652,.F.);
#851=ORIENTED_EDGE('',*,*,#653,.F.);
#852=ORIENTED_EDGE('',*,*,#654,.F.);
#853=ORIENTED_EDGE('',*,*,#655,.F.);
#854=ORIENTED_EDGE('',*,*,#656,.T.);
#855=ORIENTED_EDGE('',*,*,#657,.F.);
#856=ORIENTED_EDGE('',*,*,#658,.F.);
#857=ORIENTED_EDGE('',*,*,#659,.F.);
#858=ORIENTED_EDGE('',*,*,#660,.F.);
#859=ORIENTED_EDGE('',*,*,#661,.F.);
#860=ORIENTED_EDGE('',*,*,#662,.T.);
#861=ORIENTED_EDGE('',*,*,#663,.F.);
#862=ORIENTED_EDGE('',*,*,#664,.F.);
#863=ORIENTED_EDGE('',*,*,#665,.F.);
#864=ORIENTED_EDGE('',*,*,#666,.F.);
#865=ORIENTED_EDGE('',*,*,#667,.F.);
#866=ORIENTED_EDGE('',*,*,#668,.T.);
#867=ORIENTED_EDGE('',*,*,#669,.T.);
#868=ORIENTED_EDGE('',*,*,#670,.T.);
#869=ORIENTED_EDGE('',*,*,#669,.F.);
#870=ORIENTED_EDGE('',*,*,#671,.T.);
#871=ORIENTED_EDGE('',*,*,#649,.F.);
#872=ORIENTED_EDGE('',*,*,#635,.F.);
#873=ORIENTED_EDGE('',*,*,#642,.F.);
#874=ORIENTED_EDGE('',*,*,#625,.F.);
#875=ORIENTED_EDGE('',*,*,#672,.F.);
#876=ORIENTED_EDGE('',*,*,#650,.F.);
#877=ORIENTED_EDGE('',*,*,#644,.F.);
#878=ORIENTED_EDGE('',*,*,#640,.F.);
#879=ORIENTED_EDGE('',*,*,#637,.F.);
#880=ORIENTED_EDGE('',*,*,#648,.F.);
#881=ORIENTED_EDGE('',*,*,#645,.F.);
#882=ORIENTED_EDGE('',*,*,#673,.F.);
#883=ORIENTED_EDGE('',*,*,#674,.T.);
#884=ORIENTED_EDGE('',*,*,#673,.T.);
#885=ORIENTED_EDGE('',*,*,#675,.T.);
#886=ORIENTED_EDGE('',*,*,#676,.T.);
#887=ORIENTED_EDGE('',*,*,#654,.T.);
#888=ORIENTED_EDGE('',*,*,#653,.T.);
#889=ORIENTED_EDGE('',*,*,#652,.T.);
#890=ORIENTED_EDGE('',*,*,#677,.T.);
#891=ORIENTED_EDGE('',*,*,#678,.T.);
#892=ORIENTED_EDGE('',*,*,#655,.T.);
#893=ORIENTED_EDGE('',*,*,#676,.F.);
#894=ORIENTED_EDGE('',*,*,#679,.T.);
#895=ORIENTED_EDGE('',*,*,#680,.T.);
#896=ORIENTED_EDGE('',*,*,#622,.T.);
#897=ORIENTED_EDGE('',*,*,#623,.T.);
#898=ORIENTED_EDGE('',*,*,#680,.F.);
#899=ORIENTED_EDGE('',*,*,#681,.T.);
#900=ORIENTED_EDGE('',*,*,#682,.T.);
#901=ORIENTED_EDGE('',*,*,#683,.T.);
#902=ORIENTED_EDGE('',*,*,#672,.T.);
#903=ORIENTED_EDGE('',*,*,#624,.T.);
#904=ORIENTED_EDGE('',*,*,#683,.F.);
#905=ORIENTED_EDGE('',*,*,#684,.T.);
#906=ORIENTED_EDGE('',*,*,#677,.F.);
#907=ORIENTED_EDGE('',*,*,#651,.T.);
#908=ORIENTED_EDGE('',*,*,#681,.F.);
#909=ORIENTED_EDGE('',*,*,#679,.F.);
#910=ORIENTED_EDGE('',*,*,#675,.F.);
#911=ORIENTED_EDGE('',*,*,#684,.F.);
#912=ORIENTED_EDGE('',*,*,#682,.F.);
#913=ORIENTED_EDGE('',*,*,#685,.F.);
#914=ORIENTED_EDGE('',*,*,#686,.T.);
#915=ORIENTED_EDGE('',*,*,#685,.T.);
#916=ORIENTED_EDGE('',*,*,#659,.T.);
#917=ORIENTED_EDGE('',*,*,#658,.T.);
#918=ORIENTED_EDGE('',*,*,#687,.T.);
#919=ORIENTED_EDGE('',*,*,#688,.T.);
#920=ORIENTED_EDGE('',*,*,#689,.T.);
#921=ORIENTED_EDGE('',*,*,#660,.T.);
#922=ORIENTED_EDGE('',*,*,#690,.T.);
#923=ORIENTED_EDGE('',*,*,#687,.F.);
#924=ORIENTED_EDGE('',*,*,#657,.T.);
#925=ORIENTED_EDGE('',*,*,#691,.T.);
#926=ORIENTED_EDGE('',*,*,#606,.T.);
#927=ORIENTED_EDGE('',*,*,#692,.F.);
#928=ORIENTED_EDGE('',*,*,#693,.T.);
#929=ORIENTED_EDGE('',*,*,#661,.T.);
#930=ORIENTED_EDGE('',*,*,#689,.F.);
#931=ORIENTED_EDGE('',*,*,#694,.T.);
#932=ORIENTED_EDGE('',*,*,#695,.T.);
#933=ORIENTED_EDGE('',*,*,#604,.T.);
#934=ORIENTED_EDGE('',*,*,#605,.T.);
#935=ORIENTED_EDGE('',*,*,#695,.F.);
#936=ORIENTED_EDGE('',*,*,#696,.T.);
#937=ORIENTED_EDGE('',*,*,#697,.T.);
#938=ORIENTED_EDGE('',*,*,#692,.T.);
#939=ORIENTED_EDGE('',*,*,#696,.F.);
#940=ORIENTED_EDGE('',*,*,#694,.F.);
#941=ORIENTED_EDGE('',*,*,#688,.F.);
#942=ORIENTED_EDGE('',*,*,#690,.F.);
#943=ORIENTED_EDGE('',*,*,#697,.F.);
#944=ORIENTED_EDGE('',*,*,#698,.F.);
#945=ORIENTED_EDGE('',*,*,#699,.T.);
#946=ORIENTED_EDGE('',*,*,#698,.T.);
#947=ORIENTED_EDGE('',*,*,#693,.F.);
#948=ORIENTED_EDGE('',*,*,#603,.F.);
#949=ORIENTED_EDGE('',*,*,#700,.F.);
#950=ORIENTED_EDGE('',*,*,#662,.F.);
#951=ORIENTED_EDGE('',*,*,#665,.T.);
#952=ORIENTED_EDGE('',*,*,#664,.T.);
#953=ORIENTED_EDGE('',*,*,#701,.T.);
#954=ORIENTED_EDGE('',*,*,#702,.T.);
#955=ORIENTED_EDGE('',*,*,#703,.T.);
#956=ORIENTED_EDGE('',*,*,#666,.T.);
#957=ORIENTED_EDGE('',*,*,#704,.T.);
#958=ORIENTED_EDGE('',*,*,#701,.F.);
#959=ORIENTED_EDGE('',*,*,#663,.T.);
#960=ORIENTED_EDGE('',*,*,#700,.T.);
#961=ORIENTED_EDGE('',*,*,#602,.T.);
#962=ORIENTED_EDGE('',*,*,#705,.F.);
#963=ORIENTED_EDGE('',*,*,#706,.T.);
#964=ORIENTED_EDGE('',*,*,#667,.T.);
#965=ORIENTED_EDGE('',*,*,#703,.F.);
#966=ORIENTED_EDGE('',*,*,#707,.T.);
#967=ORIENTED_EDGE('',*,*,#708,.T.);
#968=ORIENTED_EDGE('',*,*,#600,.T.);
#969=ORIENTED_EDGE('',*,*,#601,.T.);
#970=ORIENTED_EDGE('',*,*,#708,.F.);
#971=ORIENTED_EDGE('',*,*,#709,.T.);
#972=ORIENTED_EDGE('',*,*,#710,.T.);
#973=ORIENTED_EDGE('',*,*,#705,.T.);
#974=ORIENTED_EDGE('',*,*,#709,.F.);
#975=ORIENTED_EDGE('',*,*,#707,.F.);
#976=ORIENTED_EDGE('',*,*,#702,.F.);
#977=ORIENTED_EDGE('',*,*,#704,.F.);
#978=ORIENTED_EDGE('',*,*,#710,.F.);
#979=ORIENTED_EDGE('',*,*,#711,.F.);
#980=ORIENTED_EDGE('',*,*,#712,.T.);
#981=ORIENTED_EDGE('',*,*,#711,.T.);
#982=ORIENTED_EDGE('',*,*,#647,.F.);
#983=ORIENTED_EDGE('',*,*,#671,.F.);
#984=ORIENTED_EDGE('',*,*,#668,.F.);
#985=ORIENTED_EDGE('',*,*,#706,.F.);
#986=ORIENTED_EDGE('',*,*,#599,.F.);
#987=ORIENTED_EDGE('',*,*,#713,.T.);
#988=ORIENTED_EDGE('',*,*,#629,.F.);
#989=ORIENTED_EDGE('',*,*,#699,.F.);
#990=ORIENTED_EDGE('',*,*,#714,.F.);
#991=ORIENTED_EDGE('',*,*,#678,.F.);
#992=ORIENTED_EDGE('',*,*,#621,.F.);
#993=ORIENTED_EDGE('',*,*,#715,.T.);
#994=ORIENTED_EDGE('',*,*,#607,.F.);
#995=ORIENTED_EDGE('',*,*,#691,.F.);
#996=ORIENTED_EDGE('',*,*,#656,.F.);
#997=ORIENTED_EDGE('',*,*,#716,.F.);
#998=ORIENTED_EDGE('',*,*,#717,.T.);
#999=ORIENTED_EDGE('',*,*,#714,.T.);
#1000=ORIENTED_EDGE('',*,*,#717,.F.);
#1001=ORIENTED_EDGE('',*,*,#686,.F.);
#1002=ORIENTED_EDGE('',*,*,#718,.F.);
#1003=ORIENTED_EDGE('',*,*,#719,.F.);
#1004=ORIENTED_EDGE('',*,*,#720,.T.);
#1005=ORIENTED_EDGE('',*,*,#718,.T.);
#1006=ORIENTED_EDGE('',*,*,#720,.F.);
#1007=ORIENTED_EDGE('',*,*,#674,.F.);
#1008=ORIENTED_EDGE('',*,*,#721,.F.);
#1009=ORIENTED_EDGE('',*,*,#722,.F.);
#1010=ORIENTED_EDGE('',*,*,#723,.T.);
#1011=ORIENTED_EDGE('',*,*,#721,.T.);
#1012=ORIENTED_EDGE('',*,*,#723,.F.);
#1013=ORIENTED_EDGE('',*,*,#712,.F.);
#1014=ORIENTED_EDGE('',*,*,#724,.F.);
#1015=ORIENTED_EDGE('',*,*,#725,.F.);
#1016=ORIENTED_EDGE('',*,*,#726,.T.);
#1017=ORIENTED_EDGE('',*,*,#724,.T.);
#1018=ORIENTED_EDGE('',*,*,#726,.F.);
#1019=ORIENTED_EDGE('',*,*,#727,.F.);
#1020=ORIENTED_EDGE('',*,*,#728,.T.);
#1021=ORIENTED_EDGE('',*,*,#729,.T.);
#1022=ORIENTED_EDGE('',*,*,#728,.F.);
#1023=ORIENTED_EDGE('',*,*,#729,.F.);
#1024=ORIENTED_EDGE('',*,*,#730,.T.);
#1025=ORIENTED_EDGE('',*,*,#731,.T.);
#1026=ORIENTED_EDGE('',*,*,#608,.F.);
#1027=ORIENTED_EDGE('',*,*,#609,.F.);
#1028=ORIENTED_EDGE('',*,*,#731,.F.);
#1029=ORIENTED_EDGE('',*,*,#730,.F.);
#1030=ORIENTED_EDGE('',*,*,#732,.F.);
#1031=ORIENTED_EDGE('',*,*,#733,.F.);
#1032=ORIENTED_EDGE('',*,*,#734,.T.);
#1033=ORIENTED_EDGE('',*,*,#630,.F.);
#1034=ORIENTED_EDGE('',*,*,#631,.F.);
#1035=ORIENTED_EDGE('',*,*,#734,.F.);
#1036=ORIENTED_EDGE('',*,*,#733,.T.);
#1037=ORIENTED_EDGE('',*,*,#735,.F.);
#1038=ORIENTED_EDGE('',*,*,#736,.T.);
#1039=ORIENTED_EDGE('',*,*,#737,.T.);
#1040=ORIENTED_EDGE('',*,*,#610,.F.);
#1041=ORIENTED_EDGE('',*,*,#611,.F.);
#1042=ORIENTED_EDGE('',*,*,#737,.F.);
#1043=ORIENTED_EDGE('',*,*,#736,.F.);
#1044=ORIENTED_EDGE('',*,*,#738,.F.);
#1045=ORIENTED_EDGE('',*,*,#739,.F.);
#1046=ORIENTED_EDGE('',*,*,#740,.T.);
#1047=ORIENTED_EDGE('',*,*,#632,.F.);
#1048=ORIENTED_EDGE('',*,*,#633,.F.);
#1049=ORIENTED_EDGE('',*,*,#740,.F.);
#1050=ORIENTED_EDGE('',*,*,#739,.T.);
#1051=ORIENTED_EDGE('',*,*,#741,.F.);
#1052=ORIENTED_EDGE('',*,*,#738,.T.);
#1053=ORIENTED_EDGE('',*,*,#742,.T.);
#1054=ORIENTED_EDGE('',*,*,#743,.F.);
#1055=ORIENTED_EDGE('',*,*,#742,.F.);
#1056=ORIENTED_EDGE('',*,*,#744,.F.);
#1057=ORIENTED_EDGE('',*,*,#745,.T.);
#1058=ORIENTED_EDGE('',*,*,#735,.T.);
#1059=ORIENTED_EDGE('',*,*,#745,.F.);
#1060=ORIENTED_EDGE('',*,*,#732,.T.);
#1061=ORIENTED_EDGE('',*,*,#746,.T.);
#1062=ORIENTED_EDGE('',*,*,#747,.F.);
#1063=ORIENTED_EDGE('',*,*,#746,.F.);
#1064=ORIENTED_EDGE('',*,*,#748,.F.);
#1065=ORIENTED_EDGE('',*,*,#749,.T.);
#1066=ORIENTED_EDGE('',*,*,#741,.T.);
#1067=ORIENTED_EDGE('',*,*,#749,.F.);
#1068=ORIENTED_EDGE('',*,*,#590,.F.);
#1069=ORIENTED_EDGE('',*,*,#750,.F.);
#1070=ORIENTED_EDGE('',*,*,#751,.F.);
#1071=ORIENTED_EDGE('',*,*,#752,.F.);
#1072=ORIENTED_EDGE('',*,*,#598,.F.);
#1073=ORIENTED_EDGE('',*,*,#612,.F.);
#1074=ORIENTED_EDGE('',*,*,#753,.F.);
#1075=ORIENTED_EDGE('',*,*,#754,.F.);
#1076=ORIENTED_EDGE('',*,*,#755,.F.);
#1077=ORIENTED_EDGE('',*,*,#620,.F.);
#1078=ORIENTED_EDGE('',*,*,#615,.F.);
#1079=ORIENTED_EDGE('',*,*,#619,.T.);
#1080=ORIENTED_EDGE('',*,*,#756,.T.);
#1081=ORIENTED_EDGE('',*,*,#757,.T.);
#1082=ORIENTED_EDGE('',*,*,#758,.T.);
#1083=ORIENTED_EDGE('',*,*,#753,.T.);
#1084=ORIENTED_EDGE('',*,*,#755,.T.);
#1085=ORIENTED_EDGE('',*,*,#759,.T.);
#1086=ORIENTED_EDGE('',*,*,#595,.T.);
#1087=ORIENTED_EDGE('',*,*,#715,.F.);
#1088=ORIENTED_EDGE('',*,*,#617,.T.);
#1089=ORIENTED_EDGE('',*,*,#713,.F.);
#1090=ORIENTED_EDGE('',*,*,#752,.T.);
#1091=ORIENTED_EDGE('',*,*,#760,.T.);
#1092=ORIENTED_EDGE('',*,*,#593,.F.);
#1093=ORIENTED_EDGE('',*,*,#597,.T.);
#1094=ORIENTED_EDGE('',*,*,#761,.T.);
#1095=ORIENTED_EDGE('',*,*,#762,.T.);
#1096=ORIENTED_EDGE('',*,*,#763,.T.);
#1097=ORIENTED_EDGE('',*,*,#750,.T.);
#1098=ORIENTED_EDGE('',*,*,#764,.T.);
#1099=ORIENTED_EDGE('',*,*,#765,.T.);
#1100=ORIENTED_EDGE('',*,*,#766,.T.);
#1101=ORIENTED_EDGE('',*,*,#757,.F.);
#1102=ORIENTED_EDGE('',*,*,#744,.T.);
#1103=ORIENTED_EDGE('',*,*,#748,.T.);
#1104=ORIENTED_EDGE('',*,*,#767,.T.);
#1105=ORIENTED_EDGE('',*,*,#768,.T.);
#1106=ORIENTED_EDGE('',*,*,#764,.F.);
#1107=ORIENTED_EDGE('',*,*,#756,.F.);
#1108=ORIENTED_EDGE('',*,*,#618,.F.);
#1109=ORIENTED_EDGE('',*,*,#760,.F.);
#1110=ORIENTED_EDGE('',*,*,#751,.T.);
#1111=ORIENTED_EDGE('',*,*,#763,.F.);
#1112=ORIENTED_EDGE('',*,*,#769,.T.);
#1113=ORIENTED_EDGE('',*,*,#770,.T.);
#1114=ORIENTED_EDGE('',*,*,#767,.F.);
#1115=ORIENTED_EDGE('',*,*,#762,.F.);
#1116=ORIENTED_EDGE('',*,*,#743,.T.);
#1117=ORIENTED_EDGE('',*,*,#747,.T.);
#1118=ORIENTED_EDGE('',*,*,#766,.F.);
#1119=ORIENTED_EDGE('',*,*,#771,.T.);
#1120=ORIENTED_EDGE('',*,*,#769,.F.);
#1121=ORIENTED_EDGE('',*,*,#761,.F.);
#1122=ORIENTED_EDGE('',*,*,#596,.F.);
#1123=ORIENTED_EDGE('',*,*,#759,.F.);
#1124=ORIENTED_EDGE('',*,*,#754,.T.);
#1125=ORIENTED_EDGE('',*,*,#758,.F.);
#1126=ORIENTED_EDGE('',*,*,#771,.F.);
#1127=ORIENTED_EDGE('',*,*,#765,.F.);
#1128=ORIENTED_EDGE('',*,*,#768,.F.);
#1129=ORIENTED_EDGE('',*,*,#770,.F.);
#1130=ORIENTED_EDGE('',*,*,#670,.F.);
#1131=ORIENTED_EDGE('',*,*,#716,.T.);
#1132=ORIENTED_EDGE('',*,*,#719,.T.);
#1133=ORIENTED_EDGE('',*,*,#722,.T.);
#1134=ORIENTED_EDGE('',*,*,#725,.T.);
#1135=ORIENTED_EDGE('',*,*,#727,.T.);
#1136=TOROIDAL_SURFACE('',#1217,10.2344355629254,2.);
#1137=TOROIDAL_SURFACE('',#1225,10.2344355629254,2.);
#1138=ADVANCED_FACE('',(#171),#1136,.T.);
#1139=ADVANCED_FACE('',(#172),#150,.T.);
#1140=ADVANCED_FACE('',(#173,#55,#56),#76,.T.);
#1141=ADVANCED_FACE('',(#174),#1137,.T.);
#1142=ADVANCED_FACE('',(#175),#151,.T.);
#1143=ADVANCED_FACE('',(#176,#57,#58),#77,.T.);
#1144=ADVANCED_FACE('',(#177),#34,.F.);
#1145=ADVANCED_FACE('',(#178),#35,.F.);
#1146=ADVANCED_FACE('',(#179),#36,.F.);
#1147=ADVANCED_FACE('',(#180),#37,.F.);
#1148=ADVANCED_FACE('',(#181),#38,.F.);
#1149=ADVANCED_FACE('',(#182),#15,.T.);
#1150=ADVANCED_FACE('',(#183),#39,.F.);
#1151=ADVANCED_FACE('',(#184),#40,.F.);
#1152=ADVANCED_FACE('',(#185),#41,.F.);
#1153=ADVANCED_FACE('',(#186),#42,.F.);
#1154=ADVANCED_FACE('',(#187),#43,.F.);
#1155=ADVANCED_FACE('',(#188),#44,.F.);
#1156=ADVANCED_FACE('',(#189),#45,.F.);
#1157=ADVANCED_FACE('',(#190),#46,.F.);
#1158=ADVANCED_FACE('',(#191),#47,.F.);
#1159=ADVANCED_FACE('',(#192),#48,.F.);
#1160=ADVANCED_FACE('',(#193),#49,.F.);
#1161=ADVANCED_FACE('',(#194),#16,.T.);
#1162=ADVANCED_FACE('',(#195),#50,.F.);
#1163=ADVANCED_FACE('',(#196),#51,.F.);
#1164=ADVANCED_FACE('',(#197),#52,.F.);
#1165=ADVANCED_FACE('',(#198),#53,.F.);
#1166=ADVANCED_FACE('',(#199),#54,.F.);
#1167=ADVANCED_FACE('',(#200),#17,.T.);
#1168=ADVANCED_FACE('',(#201,#59),#152,.F.);
#1169=ADVANCED_FACE('',(#202),#18,.T.);
#1170=ADVANCED_FACE('',(#203),#19,.F.);
#1171=ADVANCED_FACE('',(#204,#60),#153,.F.);
#1172=ADVANCED_FACE('',(#205),#20,.F.);
#1173=ADVANCED_FACE('',(#206,#61),#154,.F.);
#1174=ADVANCED_FACE('',(#207),#21,.F.);
#1175=ADVANCED_FACE('',(#208,#62),#155,.F.);
#1176=ADVANCED_FACE('',(#209),#22,.F.);
#1177=ADVANCED_FACE('',(#210),#23,.F.);
#1178=ADVANCED_FACE('',(#211),#156,.T.);
#1179=ADVANCED_FACE('',(#212),#24,.F.);
#1180=ADVANCED_FACE('',(#213,#63),#157,.F.);
#1181=ADVANCED_FACE('',(#214),#25,.F.);
#1182=ADVANCED_FACE('',(#215,#64),#158,.T.);
#1183=ADVANCED_FACE('',(#216),#26,.F.);
#1184=ADVANCED_FACE('',(#217,#65),#159,.F.);
#1185=ADVANCED_FACE('',(#218),#27,.F.);
#1186=ADVANCED_FACE('',(#219,#66),#160,.T.);
#1187=ADVANCED_FACE('',(#220),#28,.F.);
#1188=ADVANCED_FACE('',(#221),#29,.F.);
#1189=ADVANCED_FACE('',(#222),#30,.F.);
#1190=ADVANCED_FACE('',(#223),#31,.F.);
#1191=ADVANCED_FACE('',(#224),#161,.T.);
#1192=ADVANCED_FACE('',(#225),#162,.T.);
#1193=ADVANCED_FACE('',(#226),#163,.T.);
#1194=ADVANCED_FACE('',(#227),#164,.F.);
#1195=ADVANCED_FACE('',(#228),#165,.F.);
#1196=ADVANCED_FACE('',(#229),#166,.T.);
#1197=ADVANCED_FACE('',(#230,#67,#68),#167,.F.);
#1198=ADVANCED_FACE('',(#231),#32,.F.);
#1199=ADVANCED_FACE('',(#232,#69,#70),#168,.F.);
#1200=ADVANCED_FACE('',(#233),#33,.F.);
#1201=ADVANCED_FACE('',(#234),#169,.T.);
#1202=ADVANCED_FACE('',(#235,#71,#72,#73,#74,#75),#170,.T.);
#1203=CLOSED_SHELL('',(#1138,#1139,#1140,#1141,#1142,#1143,#1144,#1145,
#1146,#1147,#1148,#1149,#1150,#1151,#1152,#1153,#1154,#1155,#1156,#1157,
#1158,#1159,#1160,#1161,#1162,#1163,#1164,#1165,#1166,#1167,#1168,#1169,
#1170,#1171,#1172,#1173,#1174,#1175,#1176,#1177,#1178,#1179,#1180,#1181,
#1182,#1183,#1184,#1185,#1186,#1187,#1188,#1189,#1190,#1191,#1192,#1193,
#1194,#1195,#1196,#1197,#1198,#1199,#1200,#1201,#1202));
#1204=DERIVED_UNIT_ELEMENT(#1206,1.);
#1205=DERIVED_UNIT_ELEMENT(#6291,-3.);
#1206=(
MASS_UNIT()
NAMED_UNIT(*)
SI_UNIT(.KILO.,.GRAM.)
);
#1207=DERIVED_UNIT((#1204,#1205));
#1208=MEASURE_REPRESENTATION_ITEM('density measure',
POSITIVE_RATIO_MEASURE(7850.),#1207);
#1209=PROPERTY_DEFINITION_REPRESENTATION(#1214,#1211);
#1210=PROPERTY_DEFINITION_REPRESENTATION(#1215,#1212);
#1211=REPRESENTATION('material name',(#1213),#6288);
#1212=REPRESENTATION('density',(#1208),#6288);
#1213=DESCRIPTIVE_REPRESENTATION_ITEM('Steel','Steel');
#1214=PROPERTY_DEFINITION('material property','material name',#6298);
#1215=PROPERTY_DEFINITION('material property','density of part',#6298);
#1216=AXIS2_PLACEMENT_3D('',#1538,#1312,#1313);
#1217=AXIS2_PLACEMENT_3D('',#1539,#1314,#1315);
#1218=AXIS2_PLACEMENT_3D('',#1553,#1316,#1317);
#1219=AXIS2_PLACEMENT_3D('',#1565,#1318,#1319);
#1220=AXIS2_PLACEMENT_3D('',#1566,#1320,#1321);
#1221=AXIS2_PLACEMENT_3D('',#1576,#1325,#1326);
#1222=AXIS2_PLACEMENT_3D('',#1582,#1327,#1328);
#1223=AXIS2_PLACEMENT_3D('',#1737,#1329,#1330);
#1224=AXIS2_PLACEMENT_3D('',#1879,#1331,#1332);
#1225=AXIS2_PLACEMENT_3D('',#1956,#1333,#1334);
#1226=AXIS2_PLACEMENT_3D('',#1970,#1335,#1336);
#1227=AXIS2_PLACEMENT_3D('',#1982,#1337,#1338);
#1228=AXIS2_PLACEMENT_3D('',#1983,#1339,#1340);
#1229=AXIS2_PLACEMENT_3D('',#1993,#1344,#1345);
#1230=AXIS2_PLACEMENT_3D('',#1999,#1346,#1347);
#1231=AXIS2_PLACEMENT_3D('',#2142,#1348,#1349);
#1232=AXIS2_PLACEMENT_3D('',#2278,#1350,#1351);
#1233=AXIS2_PLACEMENT_3D('',#3231,#1352,#1353);
#1234=AXIS2_PLACEMENT_3D('',#3294,#1354,#1355);
#1235=AXIS2_PLACEMENT_3D('',#3353,#1356,#1357);
#1236=AXIS2_PLACEMENT_3D('',#3399,#1358,#1359);
#1237=AXIS2_PLACEMENT_3D('',#3431,#1361,#1362);
#1238=AXIS2_PLACEMENT_3D('',#3432,#1363,#1364);
#1239=AXIS2_PLACEMENT_3D('',#3588,#1365,#1366);
#1240=AXIS2_PLACEMENT_3D('',#4498,#1367,#1368);
#1241=AXIS2_PLACEMENT_3D('',#5369,#1369,#1370);
#1242=AXIS2_PLACEMENT_3D('',#5370,#1371,#1372);
#1243=AXIS2_PLACEMENT_3D('',#6156,#1373,#1374);
#1244=AXIS2_PLACEMENT_3D('',#6157,#1375,#1376);
#1245=AXIS2_PLACEMENT_3D('',#6158,#1377,#1378);
#1246=AXIS2_PLACEMENT_3D('',#6159,#1379,#1380);
#1247=AXIS2_PLACEMENT_3D('',#6161,#1381,#1382);
#1248=AXIS2_PLACEMENT_3D('',#6162,#1383,#1384);
#1249=AXIS2_PLACEMENT_3D('',#6163,#1385,#1386);
#1250=AXIS2_PLACEMENT_3D('',#6164,#1387,#1388);
#1251=AXIS2_PLACEMENT_3D('',#6166,#1389,#1390);
#1252=AXIS2_PLACEMENT_3D('',#6168,#1392,#1393);
#1253=AXIS2_PLACEMENT_3D('',#6170,#1394,#1395);
#1254=AXIS2_PLACEMENT_3D('',#6171,#1396,#1397);
#1255=AXIS2_PLACEMENT_3D('',#6173,#1398,#1399);
#1256=AXIS2_PLACEMENT_3D('',#6175,#1401,#1402);
#1257=AXIS2_PLACEMENT_3D('',#6177,#1403,#1404);
#1258=AXIS2_PLACEMENT_3D('',#6178,#1405,#1406);
#1259=AXIS2_PLACEMENT_3D('',#6180,#1407,#1408);
#1260=AXIS2_PLACEMENT_3D('',#6182,#1410,#1411);
#1261=AXIS2_PLACEMENT_3D('',#6184,#1412,#1413);
#1262=AXIS2_PLACEMENT_3D('',#6185,#1414,#1415);
#1263=AXIS2_PLACEMENT_3D('',#6187,#1416,#1417);
#1264=AXIS2_PLACEMENT_3D('',#6189,#1419,#1420);
#1265=AXIS2_PLACEMENT_3D('',#6191,#1421,#1422);
#1266=AXIS2_PLACEMENT_3D('',#6194,#1424,#1425);
#1267=AXIS2_PLACEMENT_3D('',#6195,#1426,#1427);
#1268=AXIS2_PLACEMENT_3D('',#6196,#1428,#1429);
#1269=AXIS2_PLACEMENT_3D('',#6198,#1430,#1431);
#1270=AXIS2_PLACEMENT_3D('',#6200,#1433,#1434);
#1271=AXIS2_PLACEMENT_3D('',#6202,#1435,#1436);
#1272=AXIS2_PLACEMENT_3D('',#6203,#1437,#1438);
#1273=AXIS2_PLACEMENT_3D('',#6205,#1439,#1440);
#1274=AXIS2_PLACEMENT_3D('',#6207,#1442,#1443);
#1275=AXIS2_PLACEMENT_3D('',#6209,#1444,#1445);
#1276=AXIS2_PLACEMENT_3D('',#6210,#1446,#1447);
#1277=AXIS2_PLACEMENT_3D('',#6212,#1448,#1449);
#1278=AXIS2_PLACEMENT_3D('',#6214,#1451,#1452);
#1279=AXIS2_PLACEMENT_3D('',#6216,#1453,#1454);
#1280=AXIS2_PLACEMENT_3D('',#6217,#1455,#1456);
#1281=AXIS2_PLACEMENT_3D('',#6219,#1457,#1458);
#1282=AXIS2_PLACEMENT_3D('',#6221,#1460,#1461);
#1283=AXIS2_PLACEMENT_3D('',#6223,#1462,#1463);
#1284=AXIS2_PLACEMENT_3D('',#6224,#1464,#1465);
#1285=AXIS2_PLACEMENT_3D('',#6227,#1467,#1468);
#1286=AXIS2_PLACEMENT_3D('',#6228,#1469,#1470);
#1287=AXIS2_PLACEMENT_3D('',#6230,#1471,#1472);
#1288=AXIS2_PLACEMENT_3D('',#6232,#1474,#1475);
#1289=AXIS2_PLACEMENT_3D('',#6235,#1477,#1478);
#1290=AXIS2_PLACEMENT_3D('',#6236,#1479,#1480);
#1291=AXIS2_PLACEMENT_3D('',#6238,#1481,#1482);
#1292=AXIS2_PLACEMENT_3D('',#6240,#1484,#1485);
#1293=AXIS2_PLACEMENT_3D('',#6246,#1489,#1490);
#1294=AXIS2_PLACEMENT_3D('',#6252,#1494,#1495);
#1295=AXIS2_PLACEMENT_3D('',#6254,#1496,#1497);
#1296=AXIS2_PLACEMENT_3D('',#6257,#1499,#1500);
#1297=AXIS2_PLACEMENT_3D('',#6258,#1501,#1502);
#1298=AXIS2_PLACEMENT_3D('',#6259,#1503,#1504);
#1299=AXIS2_PLACEMENT_3D('',#6260,#1505,#1506);
#1300=AXIS2_PLACEMENT_3D('',#6261,#1507,#1508);
#1301=AXIS2_PLACEMENT_3D('',#6262,#1509,#1510);
#1302=AXIS2_PLACEMENT_3D('',#6264,#1511,#1512);
#1303=AXIS2_PLACEMENT_3D('',#6267,#1514,#1515);
#1304=AXIS2_PLACEMENT_3D('',#6268,#1516,#1517);
#1305=AXIS2_PLACEMENT_3D('',#6274,#1521,#1522);
#1306=AXIS2_PLACEMENT_3D('',#6277,#1524,#1525);
#1307=AXIS2_PLACEMENT_3D('',#6278,#1526,#1527);
#1308=AXIS2_PLACEMENT_3D('',#6282,#1530,#1531);
#1309=AXIS2_PLACEMENT_3D('',#6283,#1532,#1533);
#1310=AXIS2_PLACEMENT_3D('',#6284,#1534,#1535);
#1311=AXIS2_PLACEMENT_3D('',#6285,#1536,#1537);
#1312=DIRECTION('axis',(0.,0.,1.));
#1313=DIRECTION('refdir',(1.,0.,0.));
#1314=DIRECTION('center_axis',(1.,1.03700499156733E-25,6.35033403862759E-42));
#1315=DIRECTION('ref_axis',(0.,0.,-1.));
#1316=DIRECTION('center_axis',(-1.,0.,0.));
#1317=DIRECTION('ref_axis',(0.,-6.12323426292584E-17,-1.));
#1318=DIRECTION('center_axis',(1.,1.03700499156733E-25,6.35033403862759E-42));
#1319=DIRECTION('ref_axis',(6.35033431570399E-42,-2.67189073236354E-24,
-1.));
#1320=DIRECTION('center_axis',(0.,2.79497368048734E-16,1.));
#1321=DIRECTION('ref_axis',(-1.03700499156733E-25,1.,-2.79497368048734E-16));
#1322=DIRECTION('',(1.03700499156733E-25,-1.,2.79497368048734E-16));
#1323=DIRECTION('',(-1.,0.,0.));
#1324=DIRECTION('',(-1.03700499156733E-25,1.,-2.79497368048734E-16));
#1325=DIRECTION('center_axis',(1.,1.03700499156765E-25,6.3503340385717E-42));
#1326=DIRECTION('ref_axis',(2.82237096091081E-42,-2.67189073236363E-24,
-1.));
#1327=DIRECTION('center_axis',(-1.,-1.03700499156733E-25,-6.35033403862759E-42));
#1328=DIRECTION('ref_axis',(2.77076270968897E-49,-2.67189073236363E-24,
-1.));
#1329=DIRECTION('center_axis',(-1.,-1.03700499156733E-25,-6.35033403862759E-42));
#1330=DIRECTION('ref_axis',(2.77076270968897E-49,-2.67189073236363E-24,
-1.));
#1331=DIRECTION('center_axis',(-1.,-1.03700499156733E-25,-6.35033403862759E-42));
#1332=DIRECTION('ref_axis',(2.77076270968897E-49,-2.67189073236363E-24,
-1.));
#1333=DIRECTION('center_axis',(1.,1.03700499156733E-25,6.35033403862759E-42));
#1334=DIRECTION('ref_axis',(0.,-1.22464679914735E-16,1.));
#1335=DIRECTION('center_axis',(-1.,0.,0.));
#1336=DIRECTION('ref_axis',(0.,1.16743493860516E-16,1.));
#1337=DIRECTION('center_axis',(1.,1.03700499156733E-25,6.35033403862759E-42));
#1338=DIRECTION('ref_axis',(-1.78634024985967E-41,1.11022305134406E-16,
1.));
#1339=DIRECTION('center_axis',(0.,-1.38500927917006E-16,-1.));
#1340=DIRECTION('ref_axis',(1.03700499156733E-25,-1.,1.38500927917006E-16));
#1341=DIRECTION('',(-1.03700499156733E-25,1.,-1.38500927917006E-16));
#1342=DIRECTION('',(-1.,0.,0.));
#1343=DIRECTION('',(1.03700499156733E-25,-1.,1.38500927917006E-16));
#1344=DIRECTION('center_axis',(1.,1.03700499156765E-25,6.3503340385717E-42));
#1345=DIRECTION('ref_axis',(-2.82237096091081E-42,2.67189073236363E-24,
1.));
#1346=DIRECTION('center_axis',(-1.,-1.03700499156733E-25,-6.35033403862759E-42));
#1347=DIRECTION('ref_axis',(-2.77076270968897E-49,2.67189073236363E-24,
1.));
#1348=DIRECTION('center_axis',(-1.,-1.03700499156733E-25,-6.35033403862759E-42));
#1349=DIRECTION('ref_axis',(-2.77076270968897E-49,2.67189073236363E-24,
1.));
#1350=DIRECTION('center_axis',(-1.,-1.03700499156733E-25,-6.35033403862759E-42));
#1351=DIRECTION('ref_axis',(-2.77076270968897E-49,2.67189073236363E-24,
1.));
#1352=DIRECTION('center_axis',(1.,1.03700499156733E-25,6.35033403862759E-42));
#1353=DIRECTION('ref_axis',(6.35033431570399E-42,-2.67189073236363E-24,
-1.));
#1354=DIRECTION('center_axis',(1.,1.03700499156733E-25,6.35033403862759E-42));
#1355=DIRECTION('ref_axis',(6.35033431570399E-42,-2.67189073236363E-24,
-1.));
#1356=DIRECTION('center_axis',(1.,1.03700499156733E-25,6.35033403862759E-42));
#1357=DIRECTION('ref_axis',(6.35033431570399E-42,-2.67189073236363E-24,
-1.));
#1358=DIRECTION('center_axis',(1.,1.03700499156733E-25,6.35033403862759E-42));
#1359=DIRECTION('ref_axis',(6.35033431570399E-42,-2.67189073236363E-24,
-1.));
#1360=DIRECTION('',(0.982529750045541,0.175104406015152,-0.0630375861651481));
#1361=DIRECTION('center_axis',(1.,1.03700499156733E-25,6.35033403862759E-42));
#1362=DIRECTION('ref_axis',(6.35033431570399E-42,-2.67189073236363E-24,
-1.));
#1363=DIRECTION('center_axis',(1.,1.03700449852925E-25,0.));
#1364=DIRECTION('ref_axis',(-1.04804144347892E-40,1.01064310228675E-15,
1.));
#1365=DIRECTION('center_axis',(1.,3.27025781079773E-31,1.19892735521665E-31));
#1366=DIRECTION('ref_axis',(-3.27025781079773E-31,1.,-6.12323399573677E-17));
#1367=DIRECTION('center_axis',(1.,-1.19892735521665E-31,3.27025781079773E-31));
#1368=DIRECTION('ref_axis',(-3.27025781079773E-31,1.22464679914735E-16,
1.));
#1369=DIRECTION('center_axis',(1.,-3.27025781079773E-31,-1.19892735521665E-31));
#1370=DIRECTION('ref_axis',(-3.27025781079773E-31,-1.,1.83697019872103E-16));
#1371=DIRECTION('center_axis',(1.,1.03700449852925E-25,0.));
#1372=DIRECTION('ref_axis',(2.77076270968897E-49,-2.67189073236363E-24,
-1.));
#1373=DIRECTION('center_axis',(1.,1.19892735521665E-31,-3.27025781079773E-31));
#1374=DIRECTION('ref_axis',(-3.27025781079773E-31,0.,-1.));
#1375=DIRECTION('center_axis',(1.,1.03700449852925E-25,0.));
#1376=DIRECTION('ref_axis',(2.77076270968897E-49,-2.67189073236363E-24,
-1.));
#1377=DIRECTION('center_axis',(1.,1.03700499156733E-25,6.35033403862759E-42));
#1378=DIRECTION('ref_axis',(6.35033431570399E-42,-2.67189073236363E-24,
-1.));
#1379=DIRECTION('center_axis',(1.,-3.27025781079773E-31,-1.19892735521665E-31));
#1380=DIRECTION('ref_axis',(-3.27025781079773E-31,-1.,1.83697019872103E-16));
#1381=DIRECTION('center_axis',(-1.,3.27025781079773E-31,1.19892735521665E-31));
#1382=DIRECTION('ref_axis',(-3.27025781079773E-31,-1.,1.83697019872103E-16));
#1383=DIRECTION('center_axis',(1.,1.03700449852925E-25,0.));
#1384=DIRECTION('ref_axis',(2.77076270968897E-49,-2.67189073236363E-24,
-1.));
#1385=DIRECTION('center_axis',(1.,1.03700499156733E-25,6.35033403862759E-42));
#1386=DIRECTION('ref_axis',(6.35033431570399E-42,-2.67189073236363E-24,
-1.));
#1387=DIRECTION('center_axis',(-1.,0.,0.));
#1388=DIRECTION('ref_axis',(0.,-1.,1.83697019872103E-16));
#1389=DIRECTION('center_axis',(-1.,9.2710463551533E-32,-3.83756470656115E-31));
#1390=DIRECTION('ref_axis',(0.,-1.,1.83697019872103E-16));
#1391=DIRECTION('',(-1.,0.,0.));
#1392=DIRECTION('center_axis',(1.,-1.19892735521665E-31,3.27025781079773E-31));
#1393=DIRECTION('ref_axis',(-3.27025781079773E-31,1.22464679914735E-16,
1.));
#1394=DIRECTION('center_axis',(-1.,1.19892735521665E-31,-3.27025781079773E-31));
#1395=DIRECTION('ref_axis',(-3.27025781079773E-31,1.22464679914735E-16,
1.));
#1396=DIRECTION('center_axis',(-1.,0.,0.));
#1397=DIRECTION('ref_axis',(0.,1.22464679914735E-16,1.));
#1398=DIRECTION('center_axis',(-1.,9.2710463551533E-32,-3.83756470656115E-31));
#1399=DIRECTION('ref_axis',(0.,1.22464679914735E-16,1.));
#1400=DIRECTION('',(-1.,0.,0.));
#1401=DIRECTION('center_axis',(1.,3.27025781079773E-31,1.19892735521665E-31));
#1402=DIRECTION('ref_axis',(-3.27025781079773E-31,1.,-6.12323399573677E-17));
#1403=DIRECTION('center_axis',(-1.,-3.27025781079773E-31,-1.19892735521665E-31));
#1404=DIRECTION('ref_axis',(-3.27025781079773E-31,1.,-6.12323399573677E-17));
#1405=DIRECTION('center_axis',(-1.,0.,0.));
#1406=DIRECTION('ref_axis',(0.,1.,-6.12323399573677E-17));
#1407=DIRECTION('center_axis',(-1.,9.2710463551533E-32,-3.83756470656115E-31));
#1408=DIRECTION('ref_axis',(0.,1.,-6.12323399573677E-17));
#1409=DIRECTION('',(-1.,0.,0.));
#1410=DIRECTION('center_axis',(1.,1.19892735521665E-31,-3.27025781079773E-31));
#1411=DIRECTION('ref_axis',(-3.27025781079773E-31,0.,-1.));
#1412=DIRECTION('center_axis',(-1.,-1.19892735521665E-31,3.27025781079773E-31));
#1413=DIRECTION('ref_axis',(-3.27025781079773E-31,0.,-1.));
#1414=DIRECTION('center_axis',(-1.,0.,0.));
#1415=DIRECTION('ref_axis',(0.,0.,-1.));
#1416=DIRECTION('center_axis',(-1.,9.2710463551533E-32,-3.83756470656115E-31));
#1417=DIRECTION('ref_axis',(0.,0.,-1.));
#1418=DIRECTION('',(-1.,0.,0.));
#1419=DIRECTION('center_axis',(-1.,-1.23259516440784E-31,0.));
#1420=DIRECTION('ref_axis',(0.,4.03090396395624E-62,-1.));
#1421=DIRECTION('center_axis',(-1.,9.2710463551533E-32,-3.83756470656115E-31));
#1422=DIRECTION('ref_axis',(0.,4.03090396395624E-62,-1.));
#1423=DIRECTION('',(-1.,-1.23259516440784E-31,0.));
#1424=DIRECTION('center_axis',(-1.,-1.19892735521665E-31,3.27025781079773E-31));
#1425=DIRECTION('ref_axis',(-3.27025781079773E-31,0.,-1.));
#1426=DIRECTION('center_axis',(1.,1.19892735521665E-31,-3.27025781079773E-31));
#1427=DIRECTION('ref_axis',(-3.27025781079773E-31,0.,-1.));
#1428=DIRECTION('center_axis',(0.,0.,-1.));
#1429=DIRECTION('ref_axis',(1.,0.,0.));
#1430=DIRECTION('center_axis',(0.,0.,1.));
#1431=DIRECTION('ref_axis',(1.,0.,0.));
#1432=DIRECTION('',(0.,0.,-1.));
#1433=DIRECTION('center_axis',(0.,0.,1.));
#1434=DIRECTION('ref_axis',(1.,0.,0.));
#1435=DIRECTION('center_axis',(0.,0.,-1.));
#1436=DIRECTION('ref_axis',(1.,0.,0.));
#1437=DIRECTION('center_axis',(0.,0.,1.));
#1438=DIRECTION('ref_axis',(1.,0.,0.));
#1439=DIRECTION('center_axis',(0.,0.,1.));
#1440=DIRECTION('ref_axis',(1.,0.,0.));
#1441=DIRECTION('',(0.,0.,1.));
#1442=DIRECTION('center_axis',(0.,0.,1.));
#1443=DIRECTION('ref_axis',(1.,0.,0.));
#1444=DIRECTION('center_axis',(0.,0.,1.));
#1445=DIRECTION('ref_axis',(1.,0.,0.));
#1446=DIRECTION('center_axis',(0.,0.,-1.));
#1447=DIRECTION('ref_axis',(1.,0.,0.));
#1448=DIRECTION('center_axis',(0.,0.,1.));
#1449=DIRECTION('ref_axis',(1.,0.,0.));
#1450=DIRECTION('',(0.,0.,-1.));
#1451=DIRECTION('center_axis',(0.,0.,1.));
#1452=DIRECTION('ref_axis',(1.,0.,0.));
#1453=DIRECTION('center_axis',(0.,0.,-1.));
#1454=DIRECTION('ref_axis',(1.,0.,0.));
#1455=DIRECTION('center_axis',(0.,0.,1.));
#1456=DIRECTION('ref_axis',(1.,0.,0.));
#1457=DIRECTION('center_axis',(0.,0.,1.));
#1458=DIRECTION('ref_axis',(1.,0.,0.));
#1459=DIRECTION('',(0.,0.,1.));
#1460=DIRECTION('center_axis',(0.,0.,1.));
#1461=DIRECTION('ref_axis',(1.,0.,0.));
#1462=DIRECTION('center_axis',(0.,0.,1.));
#1463=DIRECTION('ref_axis',(1.,0.,0.));
#1464=DIRECTION('center_axis',(0.,0.,1.));
#1465=DIRECTION('ref_axis',(1.,0.,0.));
#1466=DIRECTION('',(0.,0.,1.));
#1467=DIRECTION('center_axis',(0.,-3.20275707671629E-13,-1.));
#1468=DIRECTION('ref_axis',(1.,0.,0.));
#1469=DIRECTION('center_axis',(0.,0.,1.));
#1470=DIRECTION('ref_axis',(1.,0.,0.));
#1471=DIRECTION('center_axis',(0.,-8.09799513708464E-17,1.));
#1472=DIRECTION('ref_axis',(1.,0.,0.));
#1473=DIRECTION('',(0.,0.,1.));
#1474=DIRECTION('center_axis',(0.,0.,1.));
#1475=DIRECTION('ref_axis',(1.,0.,0.));
#1476=DIRECTION('',(0.,0.,1.));
#1477=DIRECTION('center_axis',(0.,-3.20275707671629E-13,-1.));
#1478=DIRECTION('ref_axis',(1.,0.,0.));
#1479=DIRECTION('center_axis',(0.,0.,1.));
#1480=DIRECTION('ref_axis',(1.,0.,0.));
#1481=DIRECTION('center_axis',(0.,-8.09799513708464E-17,1.));
#1482=DIRECTION('ref_axis',(1.,0.,0.));
#1483=DIRECTION('',(0.,0.,1.));
#1484=DIRECTION('center_axis',(0.,2.49551221472084E-17,1.));
#1485=DIRECTION('ref_axis',(-1.03700499156733E-25,1.,-2.49551221472084E-17));
#1486=DIRECTION('',(-1.03700499156733E-25,1.,-2.49551221472084E-17));
#1487=DIRECTION('',(-1.,0.,0.));
#1488=DIRECTION('',(1.03700499156733E-25,-1.,2.49551221472084E-17));
#1489=DIRECTION('center_axis',(0.,-1.68447074493656E-16,-1.));
#1490=DIRECTION('ref_axis',(1.03700499156733E-25,-1.,1.68447074493656E-16));
#1491=DIRECTION('',(1.03700499156733E-25,-1.,1.68447074493656E-16));
#1492=DIRECTION('',(-1.,0.,0.));
#1493=DIRECTION('',(-1.03700499156733E-25,1.,-1.68447074493656E-16));
#1494=DIRECTION('center_axis',(-1.,-1.03700499156733E-25,-6.35033403862759E-42));
#1495=DIRECTION('ref_axis',(-6.35033403862759E-42,4.70126578429069E-114,
1.));
#1496=DIRECTION('center_axis',(1.,1.03700499156733E-25,6.46701774515389E-42));
#1497=DIRECTION('ref_axis',(-8.66901425270183E-26,0.835966492273046,0.548780487806098));
#1498=DIRECTION('',(1.03700499156733E-25,-1.,-8.09799513708464E-17));
#1499=DIRECTION('center_axis',(1.,1.03700499156733E-25,1.59657880847685E-41));
#1500=DIRECTION('ref_axis',(8.6690142527055E-26,-0.8359664922734,-0.548780487805559));
#1501=DIRECTION('center_axis',(1.,1.03700499156733E-25,6.35033403862759E-42));
#1502=DIRECTION('ref_axis',(6.35033431570399E-42,-2.67189073236363E-24,
-1.));
#1503=DIRECTION('center_axis',(1.,1.03700499156733E-25,6.35033403862759E-42));
#1504=DIRECTION('ref_axis',(0.,-0.8359664922734,-0.548780487805559));
#1505=DIRECTION('center_axis',(1.,1.03700499156733E-25,6.35033403862759E-42));
#1506=DIRECTION('ref_axis',(6.35033431570399E-42,-2.67189073236363E-24,
-1.));
#1507=DIRECTION('center_axis',(1.,1.03700499156733E-25,6.35033403862759E-42));
#1508=DIRECTION('ref_axis',(0.,0.835966492273046,0.548780487806098));
#1509=DIRECTION('center_axis',(-1.,-1.03700499156733E-25,-6.35033403862759E-42));
#1510=DIRECTION('ref_axis',(-6.35033403862759E-42,4.70126578429069E-114,
1.));
#1511=DIRECTION('center_axis',(1.,1.03700499156733E-25,1.59657880847685E-41));
#1512=DIRECTION('ref_axis',(8.6690142527055E-26,-0.8359664922734,-0.548780487805559));
#1513=DIRECTION('',(-1.03700499156733E-25,1.,-3.20275707671629E-13));
#1514=DIRECTION('center_axis',(1.,1.03700499156733E-25,6.46701774515389E-42));
#1515=DIRECTION('ref_axis',(-8.66901425270183E-26,0.835966492273046,0.548780487806098));
#1516=DIRECTION('center_axis',(0.,-8.09799513708464E-17,1.));
#1517=DIRECTION('ref_axis',(1.03700499156733E-25,-1.,-8.09799513708464E-17));
#1518=DIRECTION('',(1.,0.,0.));
#1519=DIRECTION('',(1.03700499156733E-25,-1.,-8.09799513708464E-17));
#1520=DIRECTION('',(-1.,0.,0.));
#1521=DIRECTION('center_axis',(1.,0.,0.));
#1522=DIRECTION('ref_axis',(0.,0.835966492273046,0.548780487806098));
#1523=DIRECTION('',(1.,0.,0.));
#1524=DIRECTION('center_axis',(1.,1.03700499156733E-25,6.46701774515389E-42));
#1525=DIRECTION('ref_axis',(-8.66901425270183E-26,0.835966492273046,0.548780487806098));
#1526=DIRECTION('center_axis',(0.,-3.20275707671629E-13,-1.));
#1527=DIRECTION('ref_axis',(-1.03700499156733E-25,1.,-3.20275707671629E-13));
#1528=DIRECTION('',(1.,0.,0.));
#1529=DIRECTION('',(-1.03700499156733E-25,1.,-3.20275707671629E-13));
#1530=DIRECTION('center_axis',(1.,0.,0.));
#1531=DIRECTION('ref_axis',(0.,-0.8359664922734,-0.548780487805559));
#1532=DIRECTION('center_axis',(1.,1.03700499156733E-25,1.59657880847685E-41));
#1533=DIRECTION('ref_axis',(8.6690142527055E-26,-0.8359664922734,-0.548780487805559));
#1534=DIRECTION('center_axis',(-1.,-1.03700499156733E-25,-1.59657880847685E-41));
#1535=DIRECTION('ref_axis',(-1.59657880847685E-41,-9.97127384203441E-67,
1.));
#1536=DIRECTION('center_axis',(1.,-9.2710463551533E-32,3.83756470656115E-31));
#1537=DIRECTION('ref_axis',(3.83756470656115E-31,0.,-1.));
#1538=CARTESIAN_POINT('',(0.,0.,0.));
#1539=CARTESIAN_POINT('Origin',(199.45,-1.57977758448538E-20,4.62611243026976E-35));
#1540=CARTESIAN_POINT('',(197.45,10.2333362737512,-0.14999999999999));
#1541=CARTESIAN_POINT('',(199.201930530821,12.2180705837339,-0.14999999999999));
#1542=CARTESIAN_POINT('Ctrl Pts',(197.45,10.2333362737511,-0.14999999999999));
#1543=CARTESIAN_POINT('Ctrl Pts',(197.45,10.4801960185752,-0.14999999999999));
#1544=CARTESIAN_POINT('Ctrl Pts',(197.507787257189,10.7707366341724,-0.14999999999999));
#1545=CARTESIAN_POINT('Ctrl Pts',(197.696711166502,11.2268626021945,-0.14999999999999));
#1546=CARTESIAN_POINT('Ctrl Pts',(197.861270655166,11.4731592137503,-0.14999999999999));
#1547=CARTESIAN_POINT('Ctrl Pts',(198.21034237218,11.8222475572085,-0.14999999999999));
#1548=CARTESIAN_POINT('Ctrl Pts',(198.456615995718,11.9868116651607,-0.14999999999999));
#1549=CARTESIAN_POINT('Ctrl Pts',(198.839442284963,12.1453902440769,-0.14999999999999));
#1550=CARTESIAN_POINT('Ctrl Pts',(199.022610945546,12.1956539464228,-0.14999999999999));
#1551=CARTESIAN_POINT('Ctrl Pts',(199.201930530821,12.2180705837339,-0.14999999999999));
#1552=CARTESIAN_POINT('',(199.201930530821,-12.2180705837339,-0.14999999999999));
#1553=CARTESIAN_POINT('Origin',(199.201930530821,7.48181632417462E-16,0.));
#1554=CARTESIAN_POINT('',(197.45,-10.2333362737512,-0.14999999999999));
#1555=CARTESIAN_POINT('Ctrl Pts',(199.201930530821,-12.2180705837339,-0.14999999999999));
#1556=CARTESIAN_POINT('Ctrl Pts',(199.022610945546,-12.1956539464228,-0.14999999999999));
#1557=CARTESIAN_POINT('Ctrl Pts',(198.839442284963,-12.1453902440769,-0.14999999999999));
#1558=CARTESIAN_POINT('Ctrl Pts',(198.456615995718,-11.9868116651607,-0.14999999999999));
#1559=CARTESIAN_POINT('Ctrl Pts',(198.21034237218,-11.8222475572085,-0.14999999999999));
#1560=CARTESIAN_POINT('Ctrl Pts',(197.861270655166,-11.4731592137503,-0.14999999999999));
#1561=CARTESIAN_POINT('Ctrl Pts',(197.696711166502,-11.2268626021945,-0.14999999999999));
#1562=CARTESIAN_POINT('Ctrl Pts',(197.507787257189,-10.7707366341724,-0.14999999999999));
#1563=CARTESIAN_POINT('Ctrl Pts',(197.45,-10.4801960185752,-0.14999999999999));
#1564=CARTESIAN_POINT('Ctrl Pts',(197.45,-10.2333362737511,-0.14999999999999));
#1565=CARTESIAN_POINT('Origin',(197.45,-1.57979832458522E-20,4.62611116020295E-35));
#1566=CARTESIAN_POINT('Origin',(221.45,-14.9992499812491,-0.149999999999989));
#1567=CARTESIAN_POINT('',(221.45,-14.9992499812491,-0.149999999999989));
#1568=CARTESIAN_POINT('Ctrl Pts',(221.45,-14.9992499812491,-0.149999999999989));
#1569=CARTESIAN_POINT('Ctrl Pts',(209.189264976127,-13.4665814679234,-0.149999999999989));
#1570=CARTESIAN_POINT('Ctrl Pts',(199.201930530821,-12.2180705837339,-0.14999999999999));
#1571=CARTESIAN_POINT('',(221.45,-4.09725517876606,-0.149999999999992));
#1572=CARTESIAN_POINT('',(221.45,-7.49962499062453,-0.149999999999991));
#1573=CARTESIAN_POINT('',(197.45,-4.09725517876606,-0.149999999999992));
#1574=CARTESIAN_POINT('',(221.45,-4.09725517876606,-0.149999999999992));
#1575=CARTESIAN_POINT('',(197.45,-4.09725517876606,-0.149999999999992));
#1576=CARTESIAN_POINT('Origin',(209.45,-1.57967388398623E-20,4.62611878060379E-35));
#1577=CARTESIAN_POINT('',(221.45,14.9992499812491,-0.14999999999999));
#1578=CARTESIAN_POINT('Ctrl Pts',(199.201930530821,12.2180705837339,-0.14999999999999));
#1579=CARTESIAN_POINT('Ctrl Pts',(209.189264976131,13.4665814679238,-0.14999999999999));
#1580=CARTESIAN_POINT('Ctrl Pts',(221.45,14.9992499812491,-0.14999999999999));
#1581=CARTESIAN_POINT('',(221.45,12.6463492013184,-8.06658861466938));
#1582=CARTESIAN_POINT('Origin',(221.45,-1.57954944338724E-20,4.62612640100464E-35));
#1583=CARTESIAN_POINT('',(221.449884581919,12.6450376256862,-8.06861764042545));
#1584=CARTESIAN_POINT('Ctrl Pts',(221.449884603845,12.6450369798049,-8.06861682660542));
#1585=CARTESIAN_POINT('Ctrl Pts',(221.449961315806,12.6454760696373,-8.0679477215583));
#1586=CARTESIAN_POINT('Ctrl Pts',(221.449999999906,12.6459135095974,-8.06727167111139));
#1587=CARTESIAN_POINT('Ctrl Pts',(221.450000000021,12.6463492012776,-8.06658861472609));
#1588=CARTESIAN_POINT('',(221.449884581919,8.06861764042546,-12.6450376256862));
#1589=CARTESIAN_POINT('Ctrl Pts',(221.449884581878,8.06861764059988,-12.6450376259595));
#1590=CARTESIAN_POINT('Ctrl Pts',(220.555753687332,7.91026938689792,-12.6134966829516));
#1591=CARTESIAN_POINT('Ctrl Pts',(219.654767291313,7.797114205381,-12.5509101577686));
#1592=CARTESIAN_POINT('Ctrl Pts',(218.753244871489,7.73611365050269,-12.456087744961));
#1593=CARTESIAN_POINT('Ctrl Pts',(218.555972814538,7.72276544676265,-12.4353386077146));
#1594=CARTESIAN_POINT('Ctrl Pts',(218.358675067215,7.71191464603337,-12.4130457632613));
#1595=CARTESIAN_POINT('Ctrl Pts',(218.161417817947,7.70363438532101,-12.3891964650423));
#1596=CARTESIAN_POINT('Ctrl Pts',(217.7694650777,7.68718139873517,-12.3418075968278));
#1597=CARTESIAN_POINT('Ctrl Pts',(217.3776721525,7.68087736894103,-12.2882736244066));
#1598=CARTESIAN_POINT('Ctrl Pts',(216.987227900941,7.68604219605029,-12.2274392310314));
#1599=CARTESIAN_POINT('Ctrl Pts',(216.59561186276,7.69122252364467,-12.1664222637599));
#1600=CARTESIAN_POINT('Ctrl Pts',(216.205409791543,7.70773812061385,-12.0981983647605));
#1601=CARTESIAN_POINT('Ctrl Pts',(215.817805709347,7.73705571040842,-12.0215200712171));
#1602=CARTESIAN_POINT('Ctrl Pts',(215.508192498731,7.76047422822274,-11.9602704256664));
#1603=CARTESIAN_POINT('Ctrl Pts',(215.200237703506,7.792060855006,-11.8936266741575));
#1604=CARTESIAN_POINT('Ctrl Pts',(214.89455815988,7.83254642522716,-11.8209637503254));
#1605=CARTESIAN_POINT('Ctrl Pts',(214.546159801904,7.87868986688331,-11.7381461595617));
#1606=CARTESIAN_POINT('Ctrl Pts',(214.200716974534,7.93639460371491,-11.6475088902832));
#1607=CARTESIAN_POINT('Ctrl Pts',(213.861906663799,8.00922204672551,-11.5454673973283));
#1608=CARTESIAN_POINT('Ctrl Pts',(213.680400212242,8.04823694780148,-11.4908020323408));
#1609=CARTESIAN_POINT('Ctrl Pts',(213.500797502228,8.09159131945938,-11.4328640654616));
#1610=CARTESIAN_POINT('Ctrl Pts',(213.323665503263,8.13982738687369,-11.3711053619048));
#1611=CARTESIAN_POINT('Ctrl Pts',(213.286330740836,8.14999428008252,-11.358088252977));
#1612=CARTESIAN_POINT('Ctrl Pts',(213.249105744813,8.16037802997743,-11.3449014148949));
#1613=CARTESIAN_POINT('Ctrl Pts',(213.212007120294,8.17098852328167,-11.331535218261));
#1614=CARTESIAN_POINT('Ctrl Pts',(213.122957958201,8.19645727179688,-11.2994518559785));
#1615=CARTESIAN_POINT('Ctrl Pts',(213.03463450614,8.22321194907823,-11.2663495793697));
#1616=CARTESIAN_POINT('Ctrl Pts',(212.947267692579,8.25140453324386,-11.23208483413));
#1617=CARTESIAN_POINT('Ctrl Pts',(212.823494849778,8.29134505694943,-11.1835418605071));
#1618=CARTESIAN_POINT('Ctrl Pts',(212.701641776291,8.33417213901627,-11.1326653895639));
#1619=CARTESIAN_POINT('Ctrl Pts',(212.582048000154,8.3802415699252,-11.0790946671144));
#1620=CARTESIAN_POINT('Ctrl Pts',(212.462469125819,8.42630526042244,-11.0255306197636));
#1621=CARTESIAN_POINT('Ctrl Pts',(212.345148850143,8.47561061209919,-10.9692728673947));
#1622=CARTESIAN_POINT('Ctrl Pts',(212.231551109018,8.52911981126356,-10.9093756048411));
#1623=CARTESIAN_POINT('Ctrl Pts',(212.117990480317,8.58261152895288,-10.8494979107452));
#1624=CARTESIAN_POINT('Ctrl Pts',(212.008149982842,8.64030464768335,-10.7859827405298));
#1625=CARTESIAN_POINT('Ctrl Pts',(211.902807194374,8.70217693861509,-10.7188490741127));
#1626=CARTESIAN_POINT('Ctrl Pts',(211.852956433975,8.73145640610838,-10.6870797962346));
#1627=CARTESIAN_POINT('Ctrl Pts',(211.804112958032,8.7616714679116,-10.654500397202));
#1628=CARTESIAN_POINT('Ctrl Pts',(211.756705041638,8.79297215750914,-10.6209653887953));
#1629=CARTESIAN_POINT('Ctrl Pts',(211.696834295429,8.83250132870369,-10.5786145299049));
#1630=CARTESIAN_POINT('Ctrl Pts',(211.639043820198,8.87379751995638,-10.5346768202909));
#1631=CARTESIAN_POINT('Ctrl Pts',(211.584327250724,8.91707889043307,-10.4889516330528));
#1632=CARTESIAN_POINT('Ctrl Pts',(211.538076088065,8.95366403685681,-10.4503007619752));
#1633=CARTESIAN_POINT('Ctrl Pts',(211.494021797694,8.99166772721397,-10.4103726684068));
#1634=CARTESIAN_POINT('Ctrl Pts',(211.452731802883,9.03120888643948,-10.3690574024005));
#1635=CARTESIAN_POINT('Ctrl Pts',(211.418319783801,9.06416338624025,-10.3346243217311));
#1636=CARTESIAN_POINT('Ctrl Pts',(211.38582759973,9.09818569162787,-10.2992278291905));
#1637=CARTESIAN_POINT('Ctrl Pts',(211.355558492193,9.13333534969928,-10.2628120875477));
#1638=CARTESIAN_POINT('Ctrl Pts',(211.324444950315,9.16946559757727,-10.2253804354519));
#1639=CARTESIAN_POINT('Ctrl Pts',(211.295681301951,9.20678592883333,-10.1868729906831));
#1640=CARTESIAN_POINT('Ctrl Pts',(211.269682035637,9.24497185355,-10.1476190837471));
#1641=CARTESIAN_POINT('Ctrl Pts',(211.241332756783,9.2866093142027,-10.1048171084738));
#1642=CARTESIAN_POINT('Ctrl Pts',(211.216304360667,9.32957000610654,-10.0608651903489));
#1643=CARTESIAN_POINT('Ctrl Pts',(211.195151042368,9.37354465901357,-10.0160756177096));
#1644=CARTESIAN_POINT('Ctrl Pts',(211.174710923945,9.41603667375778,-9.97279615885856));
#1645=CARTESIAN_POINT('Ctrl Pts',(211.157888314198,9.45947589162575,-9.92873403141999));
#1646=CARTESIAN_POINT('Ctrl Pts',(211.145232777556,9.50358668221197,-9.8841702958765));
#1647=CARTESIAN_POINT('Ctrl Pts',(211.133534005524,9.54436267597899,-9.84297560000713));
#1648=CARTESIAN_POINT('Ctrl Pts',(211.125395974422,9.58571286004215,-9.80135194946996));
#1649=CARTESIAN_POINT('Ctrl Pts',(211.121300340209,9.6274170637296,-9.75952665444682));
#1650=CARTESIAN_POINT('Ctrl Pts',(211.120965385578,9.63082777265305,-9.75610604226992));
#1651=CARTESIAN_POINT('Ctrl Pts',(211.120657497259,9.63424084647904,-9.75268408602795));
#1652=CARTESIAN_POINT('Ctrl Pts',(211.120376954434,9.63765616299824,-9.74926091274166));
#1653=CARTESIAN_POINT('Ctrl Pts',(211.118849826183,9.65624735792393,-9.73062694968956));
#1654=CARTESIAN_POINT('Ctrl Pts',(211.118085093057,9.67486754135969,-9.71198562276039));
#1655=CARTESIAN_POINT('Ctrl Pts',(211.118130387054,9.69349297968154,-9.69336323117549));
#1656=CARTESIAN_POINT('Ctrl Pts',(211.118224533416,9.7322070997356,-9.65465544395175));
#1657=CARTESIAN_POINT('Ctrl Pts',(211.121820745357,9.77094574729604,-9.6160277892348));
#1658=CARTESIAN_POINT('Ctrl Pts',(211.128643193857,9.80947890928698,-9.57771845757201));
#1659=CARTESIAN_POINT('Ctrl Pts',(211.136111963317,9.85166248948623,-9.53577991214568));
#1660=CARTESIAN_POINT('Ctrl Pts',(211.14744704211,9.89359944588556,-9.49422274560042));
#1661=CARTESIAN_POINT('Ctrl Pts',(211.162241002422,9.93495458836812,-9.45339288549876));
#1662=CARTESIAN_POINT('Ctrl Pts',(211.170916575149,9.959206346425,-9.42944916703376));
#1663=CARTESIAN_POINT('Ctrl Pts',(211.180780808437,9.9832574343682,-9.4057562154201));
#1664=CARTESIAN_POINT('Ctrl Pts',(211.191745871186,10.0070365812843,-9.38238817215348));
#1665=CARTESIAN_POINT('Ctrl Pts',(211.212778161962,10.0526478052047,-9.33756549378844));
#1666=CARTESIAN_POINT('Ctrl Pts',(211.237831955442,10.0974547644709,-9.29372431497602));
#1667=CARTESIAN_POINT('Ctrl Pts',(211.266296448676,10.1411902107435,-9.25111865778961));
#1668=CARTESIAN_POINT('Ctrl Pts',(211.293250307751,10.1826045807701,-9.21077411800951));
#1669=CARTESIAN_POINT('Ctrl Pts',(211.323264115537,10.2230589804376,-9.17153668639601));
#1670=CARTESIAN_POINT('Ctrl Pts',(211.355861929556,10.2623238063159,-9.13362536567416));
#1671=CARTESIAN_POINT('Ctrl Pts',(211.393973385564,10.308229942331,-9.08930166865927));
#1672=CARTESIAN_POINT('Ctrl Pts',(211.435616937818,10.3525095857479,-9.04679119077053));
#1673=CARTESIAN_POINT('Ctrl Pts',(211.480334175351,10.3954381791096,-9.00580721342838));
#1674=CARTESIAN_POINT('Ctrl Pts',(211.531513963744,10.444570827848,-8.95890021729908));
#1675=CARTESIAN_POINT('Ctrl Pts',(211.586349781522,10.4916445591465,-8.91425538840107));
#1676=CARTESIAN_POINT('Ctrl Pts',(211.644027779404,10.5369495756025,-8.87157880090683));
#1677=CARTESIAN_POINT('Ctrl Pts',(211.705198014439,10.5849976807138,-8.82631826858351));
#1678=CARTESIAN_POINT('Ctrl Pts',(211.769565445835,10.631056014662,-8.78327148275201));
#1679=CARTESIAN_POINT('Ctrl Pts',(211.836170993109,10.6754343117516,-8.74213218456457));
#1680=CARTESIAN_POINT('Ctrl Pts',(211.858180347948,10.6900988213569,-8.72853798034789));
#1681=CARTESIAN_POINT('Ctrl Pts',(211.880434150339,10.7045796277817,-8.71515240523338));
#1682=CARTESIAN_POINT('Ctrl Pts',(211.90289792567,10.7188872084392,-8.70196539444624));
#1683=CARTESIAN_POINT('Ctrl Pts',(211.97523186663,10.7649579903683,-8.65950287665128));
#1684=CARTESIAN_POINT('Ctrl Pts',(212.049743143598,10.8092348592563,-8.61909583618536));
#1685=CARTESIAN_POINT('Ctrl Pts',(212.126180160299,10.8518111283401,-8.58068858104751));
#1686=CARTESIAN_POINT('Ctrl Pts',(212.140443268672,10.8597558384593,-8.5735218068065));
#1687=CARTESIAN_POINT('Ctrl Pts',(212.154773421872,10.8676412542293,-8.56642478555938));
#1688=CARTESIAN_POINT('Ctrl Pts',(212.16916897191,10.8754678721975,-8.55939731670641));
#1689=CARTESIAN_POINT('Ctrl Pts',(212.302316030789,10.9478576843779,-8.49439897994896));
#1690=CARTESIAN_POINT('Ctrl Pts',(212.440637492784,11.0154877616377,-8.43492171424969));
#1691=CARTESIAN_POINT('Ctrl Pts',(212.582359520745,11.0791254521005,-8.38019187212354));
#1692=CARTESIAN_POINT('Ctrl Pts',(212.772739037622,11.1646119000426,-8.30667160817673));
#1693=CARTESIAN_POINT('Ctrl Pts',(212.969255515178,11.2428944839066,-8.24171697286006));
#1694=CARTESIAN_POINT('Ctrl Pts',(213.169506082775,11.3158900948552,-8.18342071353902));
#1695=CARTESIAN_POINT('Ctrl Pts',(213.220841112626,11.33460281019,-8.16847623548638));
#1696=CARTESIAN_POINT('Ctrl Pts',(213.272421492429,11.3529679393837,-8.15396955538542));
#1697=CARTESIAN_POINT('Ctrl Pts',(213.324206640573,11.3710175112299,-8.1398689872356));
#1698=CARTESIAN_POINT('Ctrl Pts',(213.451109802068,11.415249261316,-8.10531454950209));
#1699=CARTESIAN_POINT('Ctrl Pts',(213.579242795027,11.4575862017142,-8.07319856192085));
#1700=CARTESIAN_POINT('Ctrl Pts',(213.708521173429,11.4981350896955,-8.04342842755698));
#1701=CARTESIAN_POINT('Ctrl Pts',(213.733274951478,11.5058992509236,-8.03772814489835));
#1702=CARTESIAN_POINT('Ctrl Pts',(213.758070717314,11.5135978476672,-8.03211388450152));
#1703=CARTESIAN_POINT('Ctrl Pts',(213.782905173196,11.5212336844824,-8.02658294012492));
#1704=CARTESIAN_POINT('Ctrl Pts',(213.822921110671,11.5335373632913,-8.01767088964947));
#1705=CARTESIAN_POINT('Ctrl Pts',(213.863037371905,11.545679126242,-8.008973647615));
#1706=CARTESIAN_POINT('Ctrl Pts',(213.903239871281,11.5576711503006,-8.00047916377209));
#1707=CARTESIAN_POINT('Ctrl Pts',(213.968390984412,11.5771051090901,-7.98671322666799));
#1708=CARTESIAN_POINT('Ctrl Pts',(214.033768579955,11.5961458120062,-7.97347979007155));
#1709=CARTESIAN_POINT('Ctrl Pts',(214.099357135078,11.6147892252681,-7.96077980476292));
#1710=CARTESIAN_POINT('Ctrl Pts',(214.361697223011,11.6893588611643,-7.90998260003199));
#1711=CARTESIAN_POINT('Ctrl Pts',(214.627411825501,11.7575714987251,-7.86772156240428));
#1712=CARTESIAN_POINT('Ctrl Pts',(214.894910155148,11.8211625677891,-7.83230051699149));
#1713=CARTESIAN_POINT('Ctrl Pts',(215.226568218494,11.9000060164182,-7.78838369949649));
#1714=CARTESIAN_POINT('Ctrl Pts',(215.560967428498,11.9717445344777,-7.75498213955505));
#1715=CARTESIAN_POINT('Ctrl Pts',(215.897248821808,12.0371887070714,-7.73112857033333));
#1716=CARTESIAN_POINT('Ctrl Pts',(216.245325934998,12.1049284605182,-7.70643829106375));
#1717=CARTESIAN_POINT('Ctrl Pts',(216.595419034088,12.1659247595472,-7.69197707662099));
#1718=CARTESIAN_POINT('Ctrl Pts',(216.946602019178,12.221102369153,-7.68663206419436));
#1719=CARTESIAN_POINT('Ctrl Pts',(216.981385860115,12.2265675803884,-7.68610265340299));
#1720=CARTESIAN_POINT('Ctrl Pts',(217.016180418229,12.2319757261111,-7.68566264808629));
#1721=CARTESIAN_POINT('Ctrl Pts',(217.050984810581,12.2373277164282,-7.6853109485661));
#1722=CARTESIAN_POINT('Ctrl Pts',(217.420524292116,12.2941530649916,-7.68157674004928));
#1723=CARTESIAN_POINT('Ctrl Pts',(217.791211176861,12.3444944611128,-7.68804776216658));
#1724=CARTESIAN_POINT('Ctrl Pts',(218.161973590321,12.3893241460425,-7.70360295151268));
#1725=CARTESIAN_POINT('Ctrl Pts',(219.057197913042,12.4975676542084,-7.74116173131788));
#1726=CARTESIAN_POINT('Ctrl Pts',(219.952862411525,12.573677397636,-7.83168506692993));
#1727=CARTESIAN_POINT('Ctrl Pts',(220.843894775426,12.6189552663339,-7.96843211096314));
#1728=CARTESIAN_POINT('Ctrl Pts',(221.046149781779,12.6292328679028,-7.99947225650694));
#1729=CARTESIAN_POINT('Ctrl Pts',(221.248166140747,12.6379219029756,-8.03289383136722));
#1730=CARTESIAN_POINT('Ctrl Pts',(221.449884581877,12.6450376259682,-8.06861764060541));
#1731=CARTESIAN_POINT('',(221.45,8.06658861466938,-12.6463492013184));
#1732=CARTESIAN_POINT('Ctrl Pts',(221.450000000022,8.06658861472626,-12.6463492012775));
#1733=CARTESIAN_POINT('Ctrl Pts',(221.449999999906,8.06727351953482,-12.6459123305692));
#1734=CARTESIAN_POINT('Ctrl Pts',(221.449961106073,8.06794955068537,-12.6454748693008));
#1735=CARTESIAN_POINT('Ctrl Pts',(221.449884603845,8.06861682660543,-12.6450369798047));
#1736=CARTESIAN_POINT('',(221.45,-8.06658861466939,-12.6463492013184));
#1737=CARTESIAN_POINT('Origin',(221.45,-1.57954944338724E-20,4.62612640100464E-35));
#1738=CARTESIAN_POINT('',(221.449884581919,-8.06861764042545,-12.6450376256862));
#1739=CARTESIAN_POINT('Ctrl Pts',(221.449884603845,-8.06861682660542,-12.6450369798049));
#1740=CARTESIAN_POINT('Ctrl Pts',(221.449961315806,-8.06794772155832,-12.6454760696373));
#1741=CARTESIAN_POINT('Ctrl Pts',(221.449999999906,-8.06727167111141,-12.6459135095974));
#1742=CARTESIAN_POINT('Ctrl Pts',(221.450000000021,-8.0665886147261,-12.6463492012776));
#1743=CARTESIAN_POINT('',(221.449884581919,-12.6450376256862,-8.06861764042545));
#1744=CARTESIAN_POINT('Ctrl Pts',(221.449884581869,-12.6450376258469,-8.06861764067341));
#1745=CARTESIAN_POINT('Ctrl Pts',(220.440091370003,-12.6094164817196,-7.88978599289914));
#1746=CARTESIAN_POINT('Ctrl Pts',(219.421583076732,-12.5340772341732,-7.76865040484204));
#1747=CARTESIAN_POINT('Ctrl Pts',(218.403409369745,-12.4174908170162,-7.71510470755659));
#1748=CARTESIAN_POINT('Ctrl Pts',(218.322788749457,-12.4082593183005,-7.71086487372539));
#1749=CARTESIAN_POINT('Ctrl Pts',(218.242170252136,-12.3987692058281,-7.70704881815186));
#1750=CARTESIAN_POINT('Ctrl Pts',(218.161558383479,-12.3890197175344,-7.70366145616691));
#1751=CARTESIAN_POINT('Ctrl Pts',(217.769438878814,-12.3415953793549,-7.68718434521789));
#1752=CARTESIAN_POINT('Ctrl Pts',(217.377476089178,-12.2880339336038,-7.68085065731373));
#1753=CARTESIAN_POINT('Ctrl Pts',(216.986867519991,-12.2271684011338,-7.68599618572251));
#1754=CARTESIAN_POINT('Ctrl Pts',(216.426696251053,-12.1398812158342,-7.69337538168869));
#1755=CARTESIAN_POINT('Ctrl Pts',(215.869446698463,-12.0376799692156,-7.72422380405198));
#1756=CARTESIAN_POINT('Ctrl Pts',(215.318626656287,-11.9170794328645,-7.78255548465477));
#1757=CARTESIAN_POINT('Ctrl Pts',(215.176900285983,-11.8860488330952,-7.79756426562229));
#1758=CARTESIAN_POINT('Ctrl Pts',(215.035599727299,-11.8538002580627,-7.81439236365621));
#1759=CARTESIAN_POINT('Ctrl Pts',(214.894785040429,-11.82027460236,-7.83310775220617));
#1760=CARTESIAN_POINT('Ctrl Pts',(214.403194647358,-11.7032350333268,-7.89844401377266));
#1761=CARTESIAN_POINT('Ctrl Pts',(213.91752512283,-11.5706292150839,-7.98678473034993));
#1762=CARTESIAN_POINT('Ctrl Pts',(213.448034141869,-11.4125296228079,-8.10795739962672));
#1763=CARTESIAN_POINT('Ctrl Pts',(213.406560156678,-11.3985633904101,-8.11866157434987));
#1764=CARTESIAN_POINT('Ctrl Pts',(213.365212429175,-11.3843982309433,-8.12962192886464));
#1765=CARTESIAN_POINT('Ctrl Pts',(213.323998034306,-11.3700273113162,-8.1408452202878));
#1766=CARTESIAN_POINT('Ctrl Pts',(213.286693902654,-11.3570198492528,-8.1510036890011));
#1767=CARTESIAN_POINT('Ctrl Pts',(213.249499003703,-11.3438438183495,-8.16137756854458));
#1768=CARTESIAN_POINT('Ctrl Pts',(213.212429744224,-11.3304896468097,-8.17197669562231));
#1769=CARTESIAN_POINT('Ctrl Pts',(213.123342494215,-11.2983960351389,-8.19744920565174));
#1770=CARTESIAN_POINT('Ctrl Pts',(213.034984244591,-11.2652758292657,-8.22422021946503));
#1771=CARTESIAN_POINT('Ctrl Pts',(212.947581255839,-11.2309948699311,-8.25242785540192));
#1772=CARTESIAN_POINT('Ctrl Pts',(212.82379963177,-11.1824455825248,-8.29237599719075));
#1773=CARTESIAN_POINT('Ctrl Pts',(212.701933885922,-11.131568190158,-8.33520556573868));
#1774=CARTESIAN_POINT('Ctrl Pts',(212.58233435818,-11.0779938380632,-8.38127253405759));
#1775=CARTESIAN_POINT('Ctrl Pts',(212.462735327482,-11.0244197086179,-8.42733931092703));
#1776=CARTESIAN_POINT('Ctrl Pts',(212.345402447458,-10.9681486459033,-8.47664345077454));
#1777=CARTESIAN_POINT('Ctrl Pts',(212.231720066735,-10.9083122223375,-8.53006579136499));
#1778=CARTESIAN_POINT('Ctrl Pts',(212.118048666648,-10.8484815784006,-8.58348297186574));
#1779=CARTESIAN_POINT('Ctrl Pts',(212.008027022652,-10.7850862268277,-8.64101758487634));
#1780=CARTESIAN_POINT('Ctrl Pts',(211.902541170476,-10.7179978375685,-8.70279870403246));
#1781=CARTESIAN_POINT('Ctrl Pts',(211.852851589457,-10.6863955526675,-8.73190097568681));
#1782=CARTESIAN_POINT('Ctrl Pts',(211.804168484897,-10.6539738251624,-8.76194549448562));
#1783=CARTESIAN_POINT('Ctrl Pts',(211.756898208481,-10.620606814405,-8.7930628214565));
#1784=CARTESIAN_POINT('Ctrl Pts',(211.695473345276,-10.57724840344,-8.83349790450155));
#1785=CARTESIAN_POINT('Ctrl Pts',(211.636277414807,-10.5321980088368,-8.87582917854914));
#1786=CARTESIAN_POINT('Ctrl Pts',(211.580349543609,-10.4852553937019,-8.92027571985999));
#1787=CARTESIAN_POINT('Ctrl Pts',(211.532301051093,-10.4449262725729,-8.95846042565749));
#1788=CARTESIAN_POINT('Ctrl Pts',(211.486665322657,-10.4032005529857,-8.99820632082934));
#1789=CARTESIAN_POINT('Ctrl Pts',(211.444072380686,-10.3599678883622,-9.03963348575429));
#1790=CARTESIAN_POINT('Ctrl Pts',(211.412650914715,-10.3280744891878,-9.07019494013433));
#1791=CARTESIAN_POINT('Ctrl Pts',(211.382884914197,-10.2953612747271,-9.10167104023156));
#1792=CARTESIAN_POINT('Ctrl Pts',(211.355012171384,-10.261791059916,-9.13410206566182));
#1793=CARTESIAN_POINT('Ctrl Pts',(211.324158507132,-10.2246305930176,-9.17000150967087));
#1794=CARTESIAN_POINT('Ctrl Pts',(211.295625810895,-10.1864206308306,-9.20707047254643));
#1795=CARTESIAN_POINT('Ctrl Pts',(211.269849586049,-10.1474610145405,-9.24501543898406));
#1796=CARTESIAN_POINT('Ctrl Pts',(211.239505699369,-10.101597580742,-9.28968442245765));
#1797=CARTESIAN_POINT('Ctrl Pts',(211.212907715904,-10.0544231751512,-9.33585332344237));
#1798=CARTESIAN_POINT('Ctrl Pts',(211.19079468743,-10.0063120563631,-9.38315305186498));
#1799=CARTESIAN_POINT('Ctrl Pts',(211.170228523936,-9.96156643791394,-9.42714403885633));
#1800=CARTESIAN_POINT('Ctrl Pts',(211.153541598814,-9.91601028246856,-9.47211348023924));
#1801=CARTESIAN_POINT('Ctrl Pts',(211.141372062609,-9.86994626681518,-9.51776647341233));
#1802=CARTESIAN_POINT('Ctrl Pts',(211.130830235271,-9.83004343967863,-9.55731325345339));
#1803=CARTESIAN_POINT('Ctrl Pts',(211.123678571241,-9.78975943458193,-9.59737310984665));
#1804=CARTESIAN_POINT('Ctrl Pts',(211.12036345201,-9.74929446108567,-9.63775309295963));
#1805=CARTESIAN_POINT('Ctrl Pts',(211.118868678091,-9.73104896739312,-9.65596026483042));
#1806=CARTESIAN_POINT('Ctrl Pts',(211.118072899168,-9.71278327053752,-9.67420191191302));
#1807=CARTESIAN_POINT('Ctrl Pts',(211.118036108876,-9.69452459126818,-9.69245556858752));
#1808=CARTESIAN_POINT('Ctrl Pts',(211.1179736166,-9.66351025635141,-9.72346137208554));
#1809=CARTESIAN_POINT('Ctrl Pts',(211.120102906468,-9.63251462137068,-9.75450334574816));
#1810=CARTESIAN_POINT('Ctrl Pts',(211.124333381344,-9.60169888236943,-9.78543335117339));
#1811=CARTESIAN_POINT('Ctrl Pts',(211.126117861306,-9.5887003253842,-9.79848010750972));
#1812=CARTESIAN_POINT('Ctrl Pts',(211.128275769571,-9.57573411831429,-9.81150657380122));
#1813=CARTESIAN_POINT('Ctrl Pts',(211.130798530642,-9.56281382812157,-9.82450017291863));
#1814=CARTESIAN_POINT('Ctrl Pts',(211.137412083568,-9.52894259711926,-9.85856358718352));
#1815=CARTESIAN_POINT('Ctrl Pts',(211.146711972574,-9.49542055424723,-9.89240001149632));
#1816=CARTESIAN_POINT('Ctrl Pts',(211.158321204333,-9.46237188988144,-9.92586513653256));
#1817=CARTESIAN_POINT('Ctrl Pts',(211.167819307744,-9.43533309538945,-9.95324465869687));
#1818=CARTESIAN_POINT('Ctrl Pts',(211.178863639259,-9.40861041218256,-9.98037632535266));
#1819=CARTESIAN_POINT('Ctrl Pts',(211.191257646235,-9.38225433282429,-10.0071973883779));
#1820=CARTESIAN_POINT('Ctrl Pts',(211.210725674575,-9.34085521945677,-10.0493268801633));
#1821=CARTESIAN_POINT('Ctrl Pts',(211.233646711237,-9.30029596744718,-10.0907722980168));
#1822=CARTESIAN_POINT('Ctrl Pts',(211.259517705844,-9.26078356795841,-10.1313126760818));
#1823=CARTESIAN_POINT('Ctrl Pts',(211.287985269049,-9.21730546644269,-10.1759219302857));
#1824=CARTESIAN_POINT('Ctrl Pts',(211.320025320742,-9.17509388920994,-10.2194364688023));
#1825=CARTESIAN_POINT('Ctrl Pts',(211.355026259493,-9.13441927712348,-10.2615669632565));
#1826=CARTESIAN_POINT('Ctrl Pts',(211.393408151614,-9.08981565708254,-10.3077670981904));
#1827=CARTESIAN_POINT('Ctrl Pts',(211.435351181792,-9.0470613052612,-10.3523021428971));
#1828=CARTESIAN_POINT('Ctrl Pts',(211.480365126703,-9.00580179222285,-10.3955044498658));
#1829=CARTESIAN_POINT('Ctrl Pts',(211.535135852987,-8.95559927165415,-10.4480708653298));
#1830=CARTESIAN_POINT('Ctrl Pts',(211.594133780125,-8.90803456797039,-10.4982414552901));
#1831=CARTESIAN_POINT('Ctrl Pts',(211.656324929426,-8.86271189086122,-10.5464046234291));
#1832=CARTESIAN_POINT('Ctrl Pts',(211.722694989097,-8.81434377388579,-10.5978040971373));
#1833=CARTESIAN_POINT('Ctrl Pts',(211.792702308529,-8.76852909994961,-10.6469169388425));
#1834=CARTESIAN_POINT('Ctrl Pts',(211.865106504672,-8.72483083664178,-10.6941802089168));
#1835=CARTESIAN_POINT('Ctrl Pts',(211.877380024724,-8.71742337216421,-10.7021919917124));
#1836=CARTESIAN_POINT('Ctrl Pts',(211.889722444189,-8.71007681881904,-10.7101505579793));
#1837=CARTESIAN_POINT('Ctrl Pts',(211.902127747337,-8.70278916227725,-10.7180579561856));
#1838=CARTESIAN_POINT('Ctrl Pts',(211.980650282283,-8.65666007872098,-10.7681098529071));
#1839=CARTESIAN_POINT('Ctrl Pts',(212.061692339485,-8.61288713665356,-10.8161140518174));
#1840=CARTESIAN_POINT('Ctrl Pts',(212.145003149719,-8.57150930544421,-10.862070358883));
#1841=CARTESIAN_POINT('Ctrl Pts',(212.153105167424,-8.56748529079226,-10.8665396325877));
#1842=CARTESIAN_POINT('Ctrl Pts',(212.161228641483,-8.56348396178775,-10.8709895155191));
#1843=CARTESIAN_POINT('Ctrl Pts',(212.169373340547,-8.55950537531942,-10.8754199930945));
#1844=CARTESIAN_POINT('Ctrl Pts',(212.189829382431,-8.549512847567,-10.8865474803267));
#1845=CARTESIAN_POINT('Ctrl Pts',(212.21041218035,-8.53965574790636,-10.8975577310819));
#1846=CARTESIAN_POINT('Ctrl Pts',(212.231116812198,-8.52993337890064,-10.908451465746));
#1847=CARTESIAN_POINT('Ctrl Pts',(212.344842418322,-8.47653072406231,-10.9682881528564));
#1848=CARTESIAN_POINT('Ctrl Pts',(212.462243825349,-8.42719239844435,-11.0246099175683));
#1849=CARTESIAN_POINT('Ctrl Pts',(212.58194395916,-8.3811089361396,-11.0782120100686));
#1850=CARTESIAN_POINT('Ctrl Pts',(212.787578021908,-8.30194169315038,-11.170295583426));
#1851=CARTESIAN_POINT('Ctrl Pts',(212.999996727858,-8.23237801204529,-11.2543540711074));
#1852=CARTESIAN_POINT('Ctrl Pts',(213.21666046774,-8.17045384267851,-11.3323849259385));
#1853=CARTESIAN_POINT('Ctrl Pts',(213.252225595764,-8.16028905454874,-11.3451936097699));
#1854=CARTESIAN_POINT('Ctrl Pts',(213.287905084601,-8.15033020742732,-11.3578398219746));
#1855=CARTESIAN_POINT('Ctrl Pts',(213.323687674191,-8.14056872127947,-11.3703323344524));
#1856=CARTESIAN_POINT('Ctrl Pts',(213.475151356937,-8.09924944679626,-11.4232117366494));
#1857=CARTESIAN_POINT('Ctrl Pts',(213.628462559235,-8.06146571286582,-11.4733376050455));
#1858=CARTESIAN_POINT('Ctrl Pts',(213.78327411736,-8.02692679933754,-11.5210102010248));
#1859=CARTESIAN_POINT('Ctrl Pts',(214.147155044548,-7.94574389522544,-11.6330635169174));
#1860=CARTESIAN_POINT('Ctrl Pts',(214.519120053768,-7.88233117251877,-11.7316417013944));
#1861=CARTESIAN_POINT('Ctrl Pts',(214.894520580495,-7.83254299677835,-11.8208717485917));
#1862=CARTESIAN_POINT('Ctrl Pts',(215.429692776182,-7.76156481365594,-11.9480783902452));
#1863=CARTESIAN_POINT('Ctrl Pts',(215.971848316599,-7.71827547645353,-12.0562866464051));
#1864=CARTESIAN_POINT('Ctrl Pts',(216.517579700474,-7.69806685629487,-12.1498580211906));
#1865=CARTESIAN_POINT('Ctrl Pts',(216.695130711776,-7.69149208150237,-12.1803010059867));
#1866=CARTESIAN_POINT('Ctrl Pts',(216.873060197973,-7.68736076142336,-12.2091944536373));
#1867=CARTESIAN_POINT('Ctrl Pts',(217.051256063992,-7.68557046492995,-12.2366199110609));
#1868=CARTESIAN_POINT('Ctrl Pts',(217.420720276413,-7.6818585354744,-12.2934827623359));
#1869=CARTESIAN_POINT('Ctrl Pts',(217.79130577274,-7.68820132976073,-12.3440370644293));
#1870=CARTESIAN_POINT('Ctrl Pts',(218.16198390345,-7.70367289317277,-12.389013338227));
#1871=CARTESIAN_POINT('Ctrl Pts',(219.260332653888,-7.7495163647269,-12.5222816107049));
#1872=CARTESIAN_POINT('Ctrl Pts',(220.359494494723,-7.87551242489208,-12.6065735810275));
#1873=CARTESIAN_POINT('Ctrl Pts',(221.449884581873,-8.06861764061975,-12.6450376259906));
#1874=CARTESIAN_POINT('',(221.45,-12.6463492013184,-8.06658861466938));
#1875=CARTESIAN_POINT('Ctrl Pts',(221.450000000021,-12.6463492012775,-8.06658861472625));
#1876=CARTESIAN_POINT('Ctrl Pts',(221.449999999906,-12.6459123305692,-8.06727351953481));
#1877=CARTESIAN_POINT('Ctrl Pts',(221.449961106073,-12.6454748693008,-8.06794955068537));
#1878=CARTESIAN_POINT('Ctrl Pts',(221.449884603845,-12.6450369798046,-8.06861682660543));
#1879=CARTESIAN_POINT('Origin',(221.45,-1.57954944338724E-20,4.62612640100464E-35));
#1880=CARTESIAN_POINT('',(205.377283653847,-2.74903843788258,-12.696713833187));
#1881=CARTESIAN_POINT('',(202.7,8.28201853193514E-12,-12.65625));
#1882=CARTESIAN_POINT('Ctrl Pts',(205.377283653847,-2.74903843788258,-12.696713833187));
#1883=CARTESIAN_POINT('Ctrl Pts',(205.731591531014,-2.75841043279031,-12.7399993455865));
#1884=CARTESIAN_POINT('Ctrl Pts',(206.108290236638,-2.69586241616729,-12.8023522980742));
#1885=CARTESIAN_POINT('Ctrl Pts',(206.801196585398,-2.42389956188336,-12.9447406633451));
#1886=CARTESIAN_POINT('Ctrl Pts',(207.117617348749,-2.2145772503987,-13.0239142934296));
#1887=CARTESIAN_POINT('Ctrl Pts',(207.618025526894,-1.72723061415879,-13.1605030142233));
#1888=CARTESIAN_POINT('Ctrl Pts',(207.83615794061,-1.41691398614389,-13.2270872052639));
#1889=CARTESIAN_POINT('Ctrl Pts',(208.127209511223,-0.73071495006812,-13.3191021125038));
#1890=CARTESIAN_POINT('Ctrl Pts',(208.2,-0.354673233593226,-13.3437500000003));
#1891=CARTESIAN_POINT('Ctrl Pts',(208.2,0.354673233610472,-13.3437499999998));
#1892=CARTESIAN_POINT('Ctrl Pts',(208.127209511223,0.730714950085344,-13.3191021125028));
#1893=CARTESIAN_POINT('Ctrl Pts',(207.836157940609,1.41691398616106,-13.227087205262));
#1894=CARTESIAN_POINT('Ctrl Pts',(207.618025526894,1.72723061417592,-13.160503014221));
#1895=CARTESIAN_POINT('Ctrl Pts',(207.117617348748,2.21457725041571,-13.0239142934267));
#1896=CARTESIAN_POINT('Ctrl Pts',(206.801196585398,2.42389956190031,-12.9447406633419));
#1897=CARTESIAN_POINT('Ctrl Pts',(206.108290236638,2.69586241618416,-12.8023522980706));
#1898=CARTESIAN_POINT('Ctrl Pts',(205.731591531014,2.75841043280713,-12.7399993455828));
#1899=CARTESIAN_POINT('Ctrl Pts',(205.040386775576,2.74012699101636,-12.6555554087128));
#1900=CARTESIAN_POINT('Ctrl Pts',(204.680846253817,2.66472550058426,-12.626478603211));
#1901=CARTESIAN_POINT('Ctrl Pts',(204.020233661269,2.37657893976922,-12.599853269691));
#1902=CARTESIAN_POINT('Ctrl Pts',(203.71920484646,2.16380953416556,-12.6015009508225));
#1903=CARTESIAN_POINT('Ctrl Pts',(203.244742198434,1.6777379746949,-12.6155615090911));
#1904=CARTESIAN_POINT('Ctrl Pts',(203.039242124147,1.37155243782038,-12.6287912886537));
#1905=CARTESIAN_POINT('Ctrl Pts',(202.766865179599,0.702635885142107,-12.6495170755644));
#1906=CARTESIAN_POINT('Ctrl Pts',(202.7,0.339876683529905,-12.6562499999998));
#1907=CARTESIAN_POINT('Ctrl Pts',(202.7,8.17679257636428E-12,-12.65625));
#1908=CARTESIAN_POINT('Ctrl Pts',(202.7,8.17557826993109E-12,-12.65625));
#1909=CARTESIAN_POINT('Ctrl Pts',(202.7,-0.339876683513531,-12.6562500000003));
#1910=CARTESIAN_POINT('Ctrl Pts',(202.766865179599,-0.702635885125701,-12.6495170755654));
#1911=CARTESIAN_POINT('Ctrl Pts',(203.039242124147,-1.37155243780393,-12.6287912886555));
#1912=CARTESIAN_POINT('Ctrl Pts',(203.244742198434,-1.67773797467841,-12.6155615090933));
#1913=CARTESIAN_POINT('Ctrl Pts',(203.71920484646,-2.16380953414902,-12.6015009508253));
#1914=CARTESIAN_POINT('Ctrl Pts',(204.020233661269,-2.37657893975264,-12.5998532696942));
#1915=CARTESIAN_POINT('Ctrl Pts',(204.680846253817,-2.6647255005676,-12.6264786032146));
#1916=CARTESIAN_POINT('Ctrl Pts',(205.040386775576,-2.74012699099964,-12.6555554087165));
#1917=CARTESIAN_POINT('Ctrl Pts',(205.377283653846,-2.74903843788258,-12.696713833187));
#1918=CARTESIAN_POINT('',(215.414912280702,-1.99969218929292,-14.1045648775413));
#1919=CARTESIAN_POINT('',(213.45,8.75269422898375E-12,-14.));
#1920=CARTESIAN_POINT('Ctrl Pts',(215.414912280702,-1.99969218929292,-14.1045648775413));
#1921=CARTESIAN_POINT('Ctrl Pts',(215.670052108689,-2.00416901563352,-14.1361415811482));
#1922=CARTESIAN_POINT('Ctrl Pts',(215.941811417438,-1.95720896078186,-14.17740046465));
#1923=CARTESIAN_POINT('Ctrl Pts',(216.442059572369,-1.75737404212428,-14.2665594949672));
#1924=CARTESIAN_POINT('Ctrl Pts',(216.670632628697,-1.6045355016138,-14.3140681196658));
#1925=CARTESIAN_POINT('Ctrl Pts',(217.031796496679,-1.24965322356144,-14.3947045472501));
#1926=CARTESIAN_POINT('Ctrl Pts',(217.18887854953,-1.02420044408921,-14.433218352483));
#1927=CARTESIAN_POINT('Ctrl Pts',(217.398009406847,-0.527204466652984,-14.4860591687208));
#1928=CARTESIAN_POINT('Ctrl Pts',(217.45,-0.255595794052519,-14.5000000000002));
#1929=CARTESIAN_POINT('Ctrl Pts',(217.45,0.255595794070525,-14.4999999999999));
#1930=CARTESIAN_POINT('Ctrl Pts',(217.398009406847,0.527204466670961,-14.4860591687202));
#1931=CARTESIAN_POINT('Ctrl Pts',(217.18887854953,1.02420044410714,-14.4332183524817));
#1932=CARTESIAN_POINT('Ctrl Pts',(217.031796496678,1.24965322357936,-14.3947045472485));
#1933=CARTESIAN_POINT('Ctrl Pts',(216.670632628697,1.60453550163165,-14.3140681196637));
#1934=CARTESIAN_POINT('Ctrl Pts',(216.442059572369,1.75737404214209,-14.266559494965));
#1935=CARTESIAN_POINT('Ctrl Pts',(215.941811417438,1.9572089607996,-14.1774004646475));
#1936=CARTESIAN_POINT('Ctrl Pts',(215.670052108688,2.00416901565122,-14.1361415811457));
#1937=CARTESIAN_POINT('Ctrl Pts',(215.167984197697,1.99535945084727,-14.0740044787535));
#1938=CARTESIAN_POINT('Ctrl Pts',(214.904342882681,1.94212534939705,-14.0485434497246));
#1939=CARTESIAN_POINT('Ctrl Pts',(214.419426138355,1.73421738504483,-14.0146473658322));
#1940=CARTESIAN_POINT('Ctrl Pts',(214.198187953565,1.57951752389906,-14.0058399942306));
#1941=CARTESIAN_POINT('Ctrl Pts',(213.849724862766,1.22505000361598,-13.9975594419176));
#1942=CARTESIAN_POINT('Ctrl Pts',(213.698929621,1.00168263190081,-13.9974400372641));
#1943=CARTESIAN_POINT('Ctrl Pts',(213.499067301703,0.513300277486631,-13.9988488735368));
#1944=CARTESIAN_POINT('Ctrl Pts',(213.45,0.248284371464037,-13.9999999999999));
#1945=CARTESIAN_POINT('Ctrl Pts',(213.45,8.66980098823689E-12,-14.));
#1946=CARTESIAN_POINT('Ctrl Pts',(213.45,8.6719520453471E-12,-14.));
#1947=CARTESIAN_POINT('Ctrl Pts',(213.45,-0.24828437144669,-14.0000000000002));
#1948=CARTESIAN_POINT('Ctrl Pts',(213.499067301703,-0.513300277469277,-13.9988488735374));
#1949=CARTESIAN_POINT('Ctrl Pts',(213.698929621,-1.00168263188342,-13.9974400372654));
#1950=CARTESIAN_POINT('Ctrl Pts',(213.849724862766,-1.22505000359855,-13.9975594419192));
#1951=CARTESIAN_POINT('Ctrl Pts',(214.198187953566,-1.57951752388158,-14.0058399942326));
#1952=CARTESIAN_POINT('Ctrl Pts',(214.419426138355,-1.73421738502733,-14.0146473658344));
#1953=CARTESIAN_POINT('Ctrl Pts',(214.904342882682,-1.94212534937947,-14.048543449727));
#1954=CARTESIAN_POINT('Ctrl Pts',(215.167984197697,-1.99535945082965,-14.074004478756));
#1955=CARTESIAN_POINT('Ctrl Pts',(215.414912280702,-1.99969218929292,-14.1045648775413));
#1956=CARTESIAN_POINT('Origin',(199.45,-1.57977758448538E-20,4.62611243026976E-35));
#1957=CARTESIAN_POINT('',(197.45,-10.2333362737512,0.150000000000011));
#1958=CARTESIAN_POINT('',(199.201930530821,-12.2180705837339,0.150000000000011));
#1959=CARTESIAN_POINT('Ctrl Pts',(197.45,-10.2333362737511,0.150000000000011));
#1960=CARTESIAN_POINT('Ctrl Pts',(197.45,-10.4801960185752,0.150000000000011));
#1961=CARTESIAN_POINT('Ctrl Pts',(197.507787257189,-10.7707366341724,0.150000000000011));
#1962=CARTESIAN_POINT('Ctrl Pts',(197.696711166502,-11.2268626021945,0.150000000000011));
#1963=CARTESIAN_POINT('Ctrl Pts',(197.861270655166,-11.4731592137503,0.150000000000011));
#1964=CARTESIAN_POINT('Ctrl Pts',(198.21034237218,-11.8222475572085,0.150000000000011));
#1965=CARTESIAN_POINT('Ctrl Pts',(198.456615995718,-11.9868116651607,0.150000000000011));
#1966=CARTESIAN_POINT('Ctrl Pts',(198.839442284963,-12.1453902440769,0.150000000000011));
#1967=CARTESIAN_POINT('Ctrl Pts',(199.022610945546,-12.1956539464228,0.150000000000011));
#1968=CARTESIAN_POINT('Ctrl Pts',(199.201930530821,-12.2180705837339,0.150000000000011));
#1969=CARTESIAN_POINT('',(199.201930530821,12.2180705837339,0.15000000000001));
#1970=CARTESIAN_POINT('Origin',(199.201930530821,-6.99229531651207E-17,
0.));
#1971=CARTESIAN_POINT('',(197.45,10.2333362737512,0.150000000000011));
#1972=CARTESIAN_POINT('Ctrl Pts',(199.201930530821,12.2180705837339,0.150000000000011));
#1973=CARTESIAN_POINT('Ctrl Pts',(199.022610945546,12.1956539464228,0.150000000000011));
#1974=CARTESIAN_POINT('Ctrl Pts',(198.839442284963,12.1453902440769,0.150000000000011));
#1975=CARTESIAN_POINT('Ctrl Pts',(198.456615995718,11.9868116651607,0.150000000000011));
#1976=CARTESIAN_POINT('Ctrl Pts',(198.21034237218,11.8222475572085,0.150000000000011));
#1977=CARTESIAN_POINT('Ctrl Pts',(197.861270655166,11.4731592137503,0.150000000000011));
#1978=CARTESIAN_POINT('Ctrl Pts',(197.696711166502,11.2268626021945,0.150000000000011));
#1979=CARTESIAN_POINT('Ctrl Pts',(197.507787257189,10.7707366341724,0.150000000000011));
#1980=CARTESIAN_POINT('Ctrl Pts',(197.45,10.4801960185752,0.150000000000011));
#1981=CARTESIAN_POINT('Ctrl Pts',(197.45,10.2333362737511,0.150000000000011));
#1982=CARTESIAN_POINT('Origin',(197.45,-1.57979832458522E-20,4.62611116020295E-35));
#1983=CARTESIAN_POINT('Origin',(221.45,14.9992499812491,0.15000000000001));
#1984=CARTESIAN_POINT('',(221.45,14.9992499812491,0.15000000000001));
#1985=CARTESIAN_POINT('Ctrl Pts',(221.45,14.9992499812491,0.15000000000001));
#1986=CARTESIAN_POINT('Ctrl Pts',(209.189264976208,13.4665814679335,0.15000000000001));
#1987=CARTESIAN_POINT('Ctrl Pts',(199.201930530821,12.2180705837339,0.150000000000011));
#1988=CARTESIAN_POINT('',(221.45,4.09725517876605,0.150000000000012));
#1989=CARTESIAN_POINT('',(221.45,7.49962499062453,0.150000000000011));
#1990=CARTESIAN_POINT('',(197.45,4.09725517876605,0.150000000000012));
#1991=CARTESIAN_POINT('',(221.45,4.09725517876605,0.150000000000012));
#1992=CARTESIAN_POINT('',(197.45,18.,0.15000000000001));
#1993=CARTESIAN_POINT('Origin',(209.45,-1.57967388398623E-20,4.62611878060379E-35));
#1994=CARTESIAN_POINT('',(221.45,-14.9992499812491,0.150000000000011));
#1995=CARTESIAN_POINT('Ctrl Pts',(199.201930530821,-12.2180705837339,0.150000000000011));
#1996=CARTESIAN_POINT('Ctrl Pts',(209.189264976211,-13.4665814679339,0.150000000000011));
#1997=CARTESIAN_POINT('Ctrl Pts',(221.45,-14.9992499812491,0.150000000000011));
#1998=CARTESIAN_POINT('',(221.45,-12.6463492013184,8.06658861466939));
#1999=CARTESIAN_POINT('Origin',(221.45,-1.57954944338724E-20,4.62612640100464E-35));
#2000=CARTESIAN_POINT('',(221.449884581918,-12.6450376256861,8.06861764042544));
#2001=CARTESIAN_POINT('Ctrl Pts',(221.449884603844,-12.6450369798049,8.06861682660541));
#2002=CARTESIAN_POINT('Ctrl Pts',(221.449961315806,-12.6454760696373,8.06794772155832));
#2003=CARTESIAN_POINT('Ctrl Pts',(221.449999999906,-12.6459135095974,8.06727167111142));
#2004=CARTESIAN_POINT('Ctrl Pts',(221.450000000021,-12.6463492012776,8.0665886147261));
#2005=CARTESIAN_POINT('',(221.449884581918,-8.06861764042543,12.6450376256862));
#2006=CARTESIAN_POINT('Ctrl Pts',(221.449884581869,-8.06861764067337,12.6450376258469));
#2007=CARTESIAN_POINT('Ctrl Pts',(220.440091369898,-7.88978599288047,12.6094164817159));
#2008=CARTESIAN_POINT('Ctrl Pts',(219.421583076519,-7.76865040481678,12.5340772341575));
#2009=CARTESIAN_POINT('Ctrl Pts',(218.403409369426,-7.71510470753986,12.4174908169797));
#2010=CARTESIAN_POINT('Ctrl Pts',(218.322788749244,-7.71086487371535,12.4082593182755));
#2011=CARTESIAN_POINT('Ctrl Pts',(218.242170252029,-7.7070488181474,12.3987692058152));
#2012=CARTESIAN_POINT('Ctrl Pts',(218.161558383478,-7.70366145616691,12.3890197175344));
#2013=CARTESIAN_POINT('Ctrl Pts',(217.769438878818,-7.68718434521808,12.3415953793554));
#2014=CARTESIAN_POINT('Ctrl Pts',(217.377476089186,-7.6808506573139,12.2880339336049));
#2015=CARTESIAN_POINT('Ctrl Pts',(216.986867520003,-7.68599618572239,12.2271684011357));
#2016=CARTESIAN_POINT('Ctrl Pts',(216.426696251164,-7.69337538168693,12.1398812158518));
#2017=CARTESIAN_POINT('Ctrl Pts',(215.869446698671,-7.72422380404021,12.0376799692541));
#2018=CARTESIAN_POINT('Ctrl Pts',(215.31862665659,-7.78255548462254,11.9170794329311));
#2019=CARTESIAN_POINT('Ctrl Pts',(215.176900286184,-7.7975642655982,11.8860488331413));
#2020=CARTESIAN_POINT('Ctrl Pts',(215.035599727399,-7.81439236364282,11.8538002580866));
#2021=CARTESIAN_POINT('Ctrl Pts',(214.894785040428,-7.83310775220618,11.8202746023599));
#2022=CARTESIAN_POINT('Ctrl Pts',(214.403194647413,-7.89844401376508,11.7032350333403));
#2023=CARTESIAN_POINT('Ctrl Pts',(213.917525122941,-7.98678473032942,11.5706292151145));
#2024=CARTESIAN_POINT('Ctrl Pts',(213.44803414203,-8.10795739958458,11.4125296228627));
#2025=CARTESIAN_POINT('Ctrl Pts',(213.406560156784,-8.11866157432109,11.3985633904471));
#2026=CARTESIAN_POINT('Ctrl Pts',(213.365212429227,-8.12962192884987,11.3843982309621));
#2027=CARTESIAN_POINT('Ctrl Pts',(213.323998034304,-8.14084522028774,11.3700273113161));
#2028=CARTESIAN_POINT('Ctrl Pts',(213.286693902654,-8.15100368900038,11.3570198492535));
#2029=CARTESIAN_POINT('Ctrl Pts',(213.249499003705,-8.16137756854318,11.3438438183511));
#2030=CARTESIAN_POINT('Ctrl Pts',(213.212429744229,-8.17197669562019,11.3304896468122));
#2031=CARTESIAN_POINT('Ctrl Pts',(213.123342494218,-8.19744920565024,11.2983960351406));
#2032=CARTESIAN_POINT('Ctrl Pts',(213.034984244591,-8.22422021946421,11.2652758292665));
#2033=CARTESIAN_POINT('Ctrl Pts',(212.947581255837,-8.25242785540186,11.230994869931));
#2034=CARTESIAN_POINT('Ctrl Pts',(212.823799631768,-8.2923759971907,11.1824455825247));
#2035=CARTESIAN_POINT('Ctrl Pts',(212.70193388592,-8.33520556573864,11.1315681901579));
#2036=CARTESIAN_POINT('Ctrl Pts',(212.582334358178,-8.38127253405759,11.0779938380631));
#2037=CARTESIAN_POINT('Ctrl Pts',(212.46273532748,-8.42733931092706,11.0244197086177));
#2038=CARTESIAN_POINT('Ctrl Pts',(212.345402447457,-8.47664345077463,10.9681486459031));
#2039=CARTESIAN_POINT('Ctrl Pts',(212.231720066733,-8.53006579136514,10.9083122223372));
#2040=CARTESIAN_POINT('Ctrl Pts',(212.118048666646,-8.58348297186595,10.8484815784004));
#2041=CARTESIAN_POINT('Ctrl Pts',(212.008027022651,-8.64101758487661,10.7850862268274));
#2042=CARTESIAN_POINT('Ctrl Pts',(211.902541170474,-8.70279870403281,10.7179978375681));
#2043=CARTESIAN_POINT('Ctrl Pts',(211.852851589456,-8.73190097568668,10.6863955526677));
#2044=CARTESIAN_POINT('Ctrl Pts',(211.804168484898,-8.76194549448498,10.6539738251631));
#2045=CARTESIAN_POINT('Ctrl Pts',(211.756898208482,-8.7930628214553,10.6206068144064));
#2046=CARTESIAN_POINT('Ctrl Pts',(211.695473345277,-8.83349790450066,10.577248403441));
#2047=CARTESIAN_POINT('Ctrl Pts',(211.636277414808,-8.87582917854856,10.5321980088375));
#2048=CARTESIAN_POINT('Ctrl Pts',(211.58034954361,-8.92027571985971,10.4852553937023));
#2049=CARTESIAN_POINT('Ctrl Pts',(211.532301051093,-8.95846042565703,10.4449262725735));
#2050=CARTESIAN_POINT('Ctrl Pts',(211.486665322657,-8.99820632082869,10.4032005529865));
#2051=CARTESIAN_POINT('Ctrl Pts',(211.444072380687,-9.0396334857534,10.3599678883633));
#2052=CARTESIAN_POINT('Ctrl Pts',(211.412650914715,-9.07019494013383,10.3280744891884));
#2053=CARTESIAN_POINT('Ctrl Pts',(211.382884914197,-9.10167104023145,10.2953612747272));
#2054=CARTESIAN_POINT('Ctrl Pts',(211.355012171384,-9.13410206566213,10.2617910599157));
#2055=CARTESIAN_POINT('Ctrl Pts',(211.324158507131,-9.17000150967073,10.2246305930178));
#2056=CARTESIAN_POINT('Ctrl Pts',(211.295625810895,-9.20707047254581,10.1864206308312));
#2057=CARTESIAN_POINT('Ctrl Pts',(211.269849586049,-9.24501543898293,10.1474610145416));
#2058=CARTESIAN_POINT('Ctrl Pts',(211.239505699369,-9.28968442245587,10.1015975807438));
#2059=CARTESIAN_POINT('Ctrl Pts',(211.212907715905,-9.33585332344001,10.0544231751535));
#2060=CARTESIAN_POINT('Ctrl Pts',(211.19079468743,-9.38315305186202,10.0063120563661));
#2061=CARTESIAN_POINT('Ctrl Pts',(211.170228523936,-9.42714403885507,9.96156643791521));
#2062=CARTESIAN_POINT('Ctrl Pts',(211.153541598814,-9.47211348023977,9.91601028246806));
#2063=CARTESIAN_POINT('Ctrl Pts',(211.141372062608,-9.51776647341466,9.86994626681289));
#2064=CARTESIAN_POINT('Ctrl Pts',(211.130830235271,-9.55731325345472,9.83004343967738));
#2065=CARTESIAN_POINT('Ctrl Pts',(211.123678571241,-9.59737310984696,9.78975943458172));
#2066=CARTESIAN_POINT('Ctrl Pts',(211.12036345201,-9.63775309295887,9.74929446108653));
#2067=CARTESIAN_POINT('Ctrl Pts',(211.118868678091,-9.65596026482994,9.73104896739369));
#2068=CARTESIAN_POINT('Ctrl Pts',(211.118072899168,-9.67420191191284,9.7127832705378));
#2069=CARTESIAN_POINT('Ctrl Pts',(211.118036108876,-9.69245556858762,9.69452459126817));
#2070=CARTESIAN_POINT('Ctrl Pts',(211.1179736166,-9.72346137208852,9.66351025634852));
#2071=CARTESIAN_POINT('Ctrl Pts',(211.120102906468,-9.75450334575401,9.63251462136492));
#2072=CARTESIAN_POINT('Ctrl Pts',(211.124333381345,-9.78543335118209,9.60169888236081));
#2073=CARTESIAN_POINT('Ctrl Pts',(211.126117861306,-9.79848010751525,9.58870032537873));
#2074=CARTESIAN_POINT('Ctrl Pts',(211.128275769571,-9.8115065738036,9.57573411831194));
#2075=CARTESIAN_POINT('Ctrl Pts',(211.130798530641,-9.82450017291788,9.56281382812232));
#2076=CARTESIAN_POINT('Ctrl Pts',(211.137412083565,-9.8585635871763,9.52894259712639));
#2077=CARTESIAN_POINT('Ctrl Pts',(211.146711972569,-9.89240001148275,9.4954205542606));
#2078=CARTESIAN_POINT('Ctrl Pts',(211.158321204325,-9.92586513651278,9.46237188990089));
#2079=CARTESIAN_POINT('Ctrl Pts',(211.167819307738,-9.95324465868362,9.43533309540241));
#2080=CARTESIAN_POINT('Ctrl Pts',(211.178863639255,-9.98037632534582,9.40861041218919));
#2081=CARTESIAN_POINT('Ctrl Pts',(211.191257646234,-10.0071973883773,9.38225433282476));
#2082=CARTESIAN_POINT('Ctrl Pts',(211.21072567457,-10.0493268801558,9.34085521946406));
#2083=CARTESIAN_POINT('Ctrl Pts',(211.233646711228,-10.0907722980025,9.30029596746107));
#2084=CARTESIAN_POINT('Ctrl Pts',(211.25951770583,-10.1313126760612,9.26078356797853));
#2085=CARTESIAN_POINT('Ctrl Pts',(211.287985269039,-10.1759219302722,9.21730546645575));
#2086=CARTESIAN_POINT('Ctrl Pts',(211.320025320736,-10.2194364687957,9.17509388921631));
#2087=CARTESIAN_POINT('Ctrl Pts',(211.355026259493,-10.2615669632564,9.13441927712365));
#2088=CARTESIAN_POINT('Ctrl Pts',(211.393408151613,-10.30776709819,9.08981565708298));
#2089=CARTESIAN_POINT('Ctrl Pts',(211.435351181792,-10.3523021428964,9.0470613052619));
#2090=CARTESIAN_POINT('Ctrl Pts',(211.480365126702,-10.395504449865,9.00580179222372));
#2091=CARTESIAN_POINT('Ctrl Pts',(211.535135852984,-10.4480708653268,8.9555992716571));
#2092=CARTESIAN_POINT('Ctrl Pts',(211.594133780119,-10.4982414552851,8.90803456797518));
#2093=CARTESIAN_POINT('Ctrl Pts',(211.656324929417,-10.5464046234224,8.86271189086766));
#2094=CARTESIAN_POINT('Ctrl Pts',(211.722694989083,-10.5978040971268,8.81434377389565));
#2095=CARTESIAN_POINT('Ctrl Pts',(211.792702308508,-10.6469169388287,8.76852909996249));
#2096=CARTESIAN_POINT('Ctrl Pts',(211.865106504646,-10.6941802088999,8.72483083665742));
#2097=CARTESIAN_POINT('Ctrl Pts',(211.877380024706,-10.7021919917012,8.71742337217458));
#2098=CARTESIAN_POINT('Ctrl Pts',(211.889722444179,-10.7101505579737,8.71007681882422));
#2099=CARTESIAN_POINT('Ctrl Pts',(211.902127747336,-10.7180579561855,8.70278916227733));
#2100=CARTESIAN_POINT('Ctrl Pts',(211.980650282272,-10.7681098529008,8.65666007872679));
#2101=CARTESIAN_POINT('Ctrl Pts',(212.061692339464,-10.8161140518053,8.61288713666453));
#2102=CARTESIAN_POINT('Ctrl Pts',(212.145003149687,-10.8620703588657,8.5715093054598));
#2103=CARTESIAN_POINT('Ctrl Pts',(212.153105167402,-10.866539632576,8.56748529080281));
#2104=CARTESIAN_POINT('Ctrl Pts',(212.161228641471,-10.8709895155128,8.56348396179332));
#2105=CARTESIAN_POINT('Ctrl Pts',(212.169373340545,-10.8754199930937,8.55950537532007));
#2106=CARTESIAN_POINT('Ctrl Pts',(212.189829382429,-10.8865474803262,8.54951284756743));
#2107=CARTESIAN_POINT('Ctrl Pts',(212.210412180349,-10.8975577310816,8.53965574790658));
#2108=CARTESIAN_POINT('Ctrl Pts',(212.231116812198,-10.9084514657459,8.52993337890066));
#2109=CARTESIAN_POINT('Ctrl Pts',(212.344842418321,-10.9682881528563,8.47653072406236));
#2110=CARTESIAN_POINT('Ctrl Pts',(212.462243825349,-11.0246099175683,8.42719239844443));
#2111=CARTESIAN_POINT('Ctrl Pts',(212.581943959159,-11.0782120100685,8.38110893613969));
#2112=CARTESIAN_POINT('Ctrl Pts',(212.78757802183,-11.1702955833914,8.30194169318008));
#2113=CARTESIAN_POINT('Ctrl Pts',(212.999996727699,-11.2543540710444,8.23237801209737));
#2114=CARTESIAN_POINT('Ctrl Pts',(213.216660467496,-11.3323849258509,8.17045384274798));
#2115=CARTESIAN_POINT('Ctrl Pts',(213.252225595601,-11.3451936097123,8.16028905459411));
#2116=CARTESIAN_POINT('Ctrl Pts',(213.287905084519,-11.3578398219462,8.15033020744953));
#2117=CARTESIAN_POINT('Ctrl Pts',(213.323687674191,-11.3703323344524,8.14056872127943));
#2118=CARTESIAN_POINT('Ctrl Pts',(213.475151356935,-11.4232117366489,8.09924944679658));
#2119=CARTESIAN_POINT('Ctrl Pts',(213.628462559232,-11.4733376050446,8.06146571286643));
#2120=CARTESIAN_POINT('Ctrl Pts',(213.783274117356,-11.5210102010236,8.02692679933842));
#2121=CARTESIAN_POINT('Ctrl Pts',(214.147155044544,-11.6330635169166,7.94574389522589));
#2122=CARTESIAN_POINT('Ctrl Pts',(214.519120053766,-11.7316417013941,7.88233117251893));
#2123=CARTESIAN_POINT('Ctrl Pts',(214.894520580495,-11.8208717485917,7.83254299677832));
#2124=CARTESIAN_POINT('Ctrl Pts',(215.429692776182,-11.9480783902452,7.76156481365592));
#2125=CARTESIAN_POINT('Ctrl Pts',(215.971848316598,-12.0562866464051,7.71827547645347));
#2126=CARTESIAN_POINT('Ctrl Pts',(216.517579700474,-12.1498580211907,7.6980668562948));
#2127=CARTESIAN_POINT('Ctrl Pts',(216.695130711774,-12.1803010059864,7.69149208150236));
#2128=CARTESIAN_POINT('Ctrl Pts',(216.873060197969,-12.2091944536368,7.68736076142336));
#2129=CARTESIAN_POINT('Ctrl Pts',(217.051256063987,-12.2366199110601,7.68557046492993));
#2130=CARTESIAN_POINT('Ctrl Pts',(217.420720276409,-12.2934827623354,7.68185853547425));
#2131=CARTESIAN_POINT('Ctrl Pts',(217.791305772738,-12.3440370644291,7.68820132976058));
#2132=CARTESIAN_POINT('Ctrl Pts',(218.16198390345,-12.389013338227,7.7036728931727));
#2133=CARTESIAN_POINT('Ctrl Pts',(219.260332653887,-12.5222816107048,7.74951636472684));
#2134=CARTESIAN_POINT('Ctrl Pts',(220.359494494722,-12.6065735810275,7.87551242489202));
#2135=CARTESIAN_POINT('Ctrl Pts',(221.449884581873,-12.6450376259906,8.06861764061972));
#2136=CARTESIAN_POINT('',(221.45,-8.06658861466938,12.6463492013184));
#2137=CARTESIAN_POINT('Ctrl Pts',(221.450000000021,-8.06658861472625,12.6463492012775));
#2138=CARTESIAN_POINT('Ctrl Pts',(221.449999999906,-8.06727351953481,12.6459123305692));
#2139=CARTESIAN_POINT('Ctrl Pts',(221.449961106073,-8.06794955068535,12.6454748693008));
#2140=CARTESIAN_POINT('Ctrl Pts',(221.449884603845,-8.06861682660541,12.6450369798047));
#2141=CARTESIAN_POINT('',(221.45,8.06658861466939,12.6463492013184));
#2142=CARTESIAN_POINT('Origin',(221.45,-1.57954944338724E-20,4.62612640100464E-35));
#2143=CARTESIAN_POINT('',(221.449884581918,8.06861764042543,12.6450376256862));
#2144=CARTESIAN_POINT('Ctrl Pts',(221.449884603845,8.06861682660542,12.6450369798049));
#2145=CARTESIAN_POINT('Ctrl Pts',(221.449961315806,8.06794772155833,12.6454760696373));
#2146=CARTESIAN_POINT('Ctrl Pts',(221.449999999906,8.06727167111141,12.6459135095974));
#2147=CARTESIAN_POINT('Ctrl Pts',(221.450000000021,8.06658861472611,12.6463492012776));
#2148=CARTESIAN_POINT('',(221.449884581918,12.6450376256862,8.06861764042543));
#2149=CARTESIAN_POINT('Ctrl Pts',(221.449884581873,12.6450376259902,8.06861764061943));
#2150=CARTESIAN_POINT('Ctrl Pts',(220.56377251964,12.6137795879762,7.91168952531204));
#2151=CARTESIAN_POINT('Ctrl Pts',(219.671230840265,12.5522483923278,7.79894431761487));
#2152=CARTESIAN_POINT('Ctrl Pts',(218.777826792849,12.4586498275545,7.73764810974019));
#2153=CARTESIAN_POINT('Ctrl Pts',(218.572539093918,12.4371426113725,7.72356337674147));
#2154=CARTESIAN_POINT('Ctrl Pts',(218.36720587578,12.4139423701385,7.7121949470451));
#2155=CARTESIAN_POINT('Ctrl Pts',(218.161894688325,12.3890275508125,7.70363063025182));
#2156=CARTESIAN_POINT('Ctrl Pts',(217.769820412125,12.3414487516491,7.68727570897596));
#2157=CARTESIAN_POINT('Ctrl Pts',(217.377826539474,12.2876171347465,7.6811469664809));
#2158=CARTESIAN_POINT('Ctrl Pts',(216.987341658293,12.2267253055749,7.68630125420147));
#2159=CARTESIAN_POINT('Ctrl Pts',(216.83034943455,12.2022440922677,7.68837350624005));
#2160=CARTESIAN_POINT('Ctrl Pts',(216.673597024799,12.1766210539734,7.69226956280747));
#2161=CARTESIAN_POINT('Ctrl Pts',(216.517177078103,12.1498035747261,7.69805829600981));
#2162=CARTESIAN_POINT('Ctrl Pts',(215.971681350268,12.0562808452425,7.71824580596708));
#2163=CARTESIAN_POINT('Ctrl Pts',(215.43022907012,11.9482312590281,7.76145212975588));
#2164=CARTESIAN_POINT('Ctrl Pts',(214.89519375063,11.8210588926929,7.83241120583156));
#2165=CARTESIAN_POINT('Ctrl Pts',(214.36013908713,11.6938819284863,7.90337284740723));
#2166=CARTESIAN_POINT('Ctrl Pts',(213.831502372073,11.5475803763554,8.00208967926355));
#2167=CARTESIAN_POINT('Ctrl Pts',(213.32377825513,11.3704111105977,8.1404745463311));
#2168=CARTESIAN_POINT('Ctrl Pts',(213.286533420315,11.3574146036025,8.15062596782731));
#2169=CARTESIAN_POINT('Ctrl Pts',(213.249401115604,11.3442519969369,8.16099084412245));
#2170=CARTESIAN_POINT('Ctrl Pts',(213.21239450806,11.3309135010945,8.17157886367316));
#2171=CARTESIAN_POINT('Ctrl Pts',(212.997092014701,11.2533108348921,8.23317940369261));
#2172=CARTESIAN_POINT('Ctrl Pts',(212.786130266386,11.1697856475467,8.30230935306693));
#2173=CARTESIAN_POINT('Ctrl Pts',(212.582034479059,11.0783554866563,8.38093630290228));
#2174=CARTESIAN_POINT('Ctrl Pts',(212.462433377565,11.0247769777828,8.42701206924044));
#2175=CARTESIAN_POINT('Ctrl Pts',(212.345190337764,10.9684840510894,8.47634874467202));
#2176=CARTESIAN_POINT('Ctrl Pts',(212.231550851092,10.9085991890345,8.52983122173107));
#2177=CARTESIAN_POINT('Ctrl Pts',(212.117948863157,10.8487340877758,8.58329605065176));
#2178=CARTESIAN_POINT('Ctrl Pts',(212.007947897516,10.7852792996074,8.6409040421535));
#2179=CARTESIAN_POINT('Ctrl Pts',(211.902496152038,10.7181764516288,8.70271477139618));
#2180=CARTESIAN_POINT('Ctrl Pts',(211.852813128834,10.686561305402,8.73183656431945));
#2181=CARTESIAN_POINT('Ctrl Pts',(211.804139994453,10.6541364096212,8.76189121706771));
#2182=CARTESIAN_POINT('Ctrl Pts',(211.756883436437,10.620760424469,8.79302469755507));
#2183=CARTESIAN_POINT('Ctrl Pts',(211.699748560361,10.5804076595692,8.83066619376538));
#2184=CARTESIAN_POINT('Ctrl Pts',(211.644525779765,10.538605949159,8.86992442286257));
#2185=CARTESIAN_POINT('Ctrl Pts',(211.59207459025,10.495175184372,8.91099951027524));
#2186=CARTESIAN_POINT('Ctrl Pts',(211.546471130312,10.4574144937113,8.94671206742826));
#2187=CARTESIAN_POINT('Ctrl Pts',(211.502963397331,10.4184223138377,8.98379802496715));
#2188=CARTESIAN_POINT('Ctrl Pts',(211.462088431137,10.3780970367322,9.02236933310388));
#2189=CARTESIAN_POINT('Ctrl Pts',(211.42400634627,10.3405270821122,9.05830516294431));
#2190=CARTESIAN_POINT('Ctrl Pts',(211.388209928939,10.3017999069692,9.09553035269844));
#2191=CARTESIAN_POINT('Ctrl Pts',(211.355101006358,10.2618498060232,9.13411679837172));
#2192=CARTESIAN_POINT('Ctrl Pts',(211.324284640656,10.224665964792,9.17003140773738));
#2193=CARTESIAN_POINT('Ctrl Pts',(211.295797077008,10.1864239730051,9.20712400112253));
#2194=CARTESIAN_POINT('Ctrl Pts',(211.27006585988,10.1474550156848,9.2450698552695));
#2195=CARTESIAN_POINT('Ctrl Pts',(211.243127199893,10.1066574317205,9.28479632672549));
#2196=CARTESIAN_POINT('Ctrl Pts',(211.21911679531,10.0648422731654,9.32568400746636));
#2197=CARTESIAN_POINT('Ctrl Pts',(211.198557660245,10.0222561887281,9.36749643012149));
#2198=CARTESIAN_POINT('Ctrl Pts',(211.179117750011,9.98198846072911,9.40703261394072));
#2199=CARTESIAN_POINT('Ctrl Pts',(211.162763198808,9.94103102840742,9.44739598519937));
#2200=CARTESIAN_POINT('Ctrl Pts',(211.149980554508,9.89960126893223,9.4883791541221));
#2201=CARTESIAN_POINT('Ctrl Pts',(211.137972790493,9.8606829697684,9.52687793492655));
#2202=CARTESIAN_POINT('Ctrl Pts',(211.129116858888,9.82134763071026,9.56592386440663));
#2203=CARTESIAN_POINT('Ctrl Pts',(211.123859742995,9.78178804601982,9.60533414059057));
#2204=CARTESIAN_POINT('Ctrl Pts',(211.122423465652,9.77098011704162,9.61610127753957));
#2205=CARTESIAN_POINT('Ctrl Pts',(211.121256081617,9.76015553732993,9.62689553405541));
#2206=CARTESIAN_POINT('Ctrl Pts',(211.120367343842,9.7493184501189,9.63771299784632));
#2207=CARTESIAN_POINT('Ctrl Pts',(211.118820651469,9.73045839869903,9.6565388981419));
#2208=CARTESIAN_POINT('Ctrl Pts',(211.11802031956,9.71157443140384,9.67540423439318));
#2209=CARTESIAN_POINT('Ctrl Pts',(211.118028858712,9.69269998113134,9.69427998313118));
#2210=CARTESIAN_POINT('Ctrl Pts',(211.118043156242,9.66109754188428,9.72588459646419));
#2211=CARTESIAN_POINT('Ctrl Pts',(211.120327563693,9.62952072415101,9.75751959350037));
#2212=CARTESIAN_POINT('Ctrl Pts',(211.124763953073,9.59812948831283,9.78903354139027));
#2213=CARTESIAN_POINT('Ctrl Pts',(211.126430539231,9.58633697087875,9.80087215716901));
#2214=CARTESIAN_POINT('Ctrl Pts',(211.128400373259,9.57457084229684,9.81269344464167));
#2215=CARTESIAN_POINT('Ctrl Pts',(211.130665673758,9.56284028479998,9.82448857782214));
#2216=CARTESIAN_POINT('Ctrl Pts',(211.137708998186,9.52636736554684,9.86116227727642));
#2217=CARTESIAN_POINT('Ctrl Pts',(211.147873169189,9.49029233845041,9.89757660109501));
#2218=CARTESIAN_POINT('Ctrl Pts',(211.1607217353,9.45478104343715,9.93354644879189));
#2219=CARTESIAN_POINT('Ctrl Pts',(211.169575771433,9.4303099634394,9.95833352062829));
#2220=CARTESIAN_POINT('Ctrl Pts',(211.179704817687,9.40610577950681,9.98291025256586));
#2221=CARTESIAN_POINT('Ctrl Pts',(211.190969859483,9.38221257794034,10.0072254907234));
#2222=CARTESIAN_POINT('Ctrl Pts',(211.211867484672,9.33788862602504,10.052332356955));
#2223=CARTESIAN_POINT('Ctrl Pts',(211.236716358549,9.29454305122273,10.096633161667));
#2224=CARTESIAN_POINT('Ctrl Pts',(211.264901157109,9.25241040224576,10.1398786713255));
#2225=CARTESIAN_POINT('Ctrl Pts',(211.292006697263,9.21189110577923,10.1814682145717));
#2226=CARTESIAN_POINT('Ctrl Pts',(211.322199124755,9.17249285973167,10.2220825832044));
#2227=CARTESIAN_POINT('Ctrl Pts',(211.354976455315,9.13442440642869,10.2615002194786));
#2228=CARTESIAN_POINT('Ctrl Pts',(211.393379687363,9.08982188325277,10.3076834994104));
#2229=CARTESIAN_POINT('Ctrl Pts',(211.435331372387,9.0470452278076,10.3522237675175));
#2230=CARTESIAN_POINT('Ctrl Pts',(211.48033802307,9.00578558249484,10.3954135520714));
#2231=CARTESIAN_POINT('Ctrl Pts',(211.53782665009,8.95308314131363,10.4505814300991));
#2232=CARTESIAN_POINT('Ctrl Pts',(211.600011434986,8.90328816099071,10.5031224853406));
#2233=CARTESIAN_POINT('Ctrl Pts',(211.665662639102,8.85596192975921,10.5534625216104));
#2234=CARTESIAN_POINT('Ctrl Pts',(211.740598170772,8.80194287029089,10.6109215954081));
#2235=CARTESIAN_POINT('Ctrl Pts',(211.820050568207,8.75114000162984,10.6655130836448));
#2236=CARTESIAN_POINT('Ctrl Pts',(211.902236582816,8.70294100117558,10.7178366951685));
#2237=CARTESIAN_POINT('Ctrl Pts',(211.988442369904,8.65238455564396,10.7727194892324));
#2238=CARTESIAN_POINT('Ctrl Pts',(212.07765738448,8.60469335499846,10.8251066711385));
#2239=CARTESIAN_POINT('Ctrl Pts',(212.169544249068,8.55977841331256,10.8751085314382));
#2240=CARTESIAN_POINT('Ctrl Pts',(212.190005981555,8.54977657544834,10.8862431445726));
#2241=CARTESIAN_POINT('Ctrl Pts',(212.210595387449,8.53991127576411,10.8972595857058));
#2242=CARTESIAN_POINT('Ctrl Pts',(212.231307651298,8.53018142065341,10.9081589682594));
#2243=CARTESIAN_POINT('Ctrl Pts',(212.345018810902,8.47676412568799,10.9679970158132));
#2244=CARTESIAN_POINT('Ctrl Pts',(212.462432778944,8.4274290119204,11.0243070236255));
#2245=CARTESIAN_POINT('Ctrl Pts',(212.582135803936,8.38132972891967,11.0779227846149));
#2246=CARTESIAN_POINT('Ctrl Pts',(212.701842845815,8.33522889896044,11.131540344794));
#2247=CARTESIAN_POINT('Ctrl Pts',(212.823839191638,8.29236417315424,11.1824634217803));
#2248=CARTESIAN_POINT('Ctrl Pts',(212.947645905055,8.25240974993554,11.231021287234));
#2249=CARTESIAN_POINT('Ctrl Pts',(213.071441638131,8.21245887024985,11.2795748461208));
#2250=CARTESIAN_POINT('Ctrl Pts',(213.197047460589,8.17541781205918,11.3257635781052));
#2251=CARTESIAN_POINT('Ctrl Pts',(213.323947041669,8.14085920266802,11.3700131848107));
#2252=CARTESIAN_POINT('Ctrl Pts',(213.475347399288,8.09962828782918,11.4228061587721));
#2253=CARTESIAN_POINT('Ctrl Pts',(213.628589306207,8.06193090381403,11.4728389658769));
#2254=CARTESIAN_POINT('Ctrl Pts',(213.783330276124,8.02743507500342,11.5204491176148));
#2255=CARTESIAN_POINT('Ctrl Pts',(214.147265730042,7.94630429804633,11.6324234847985));
#2256=CARTESIAN_POINT('Ctrl Pts',(214.519236053827,7.88297586707735,11.7308939864277));
#2257=CARTESIAN_POINT('Ctrl Pts',(214.894622387513,7.83308441433002,11.8202676602719));
#2258=CARTESIAN_POINT('Ctrl Pts',(215.419650698645,7.76330450274241,11.9452687719993));
#2259=CARTESIAN_POINT('Ctrl Pts',(215.951360627063,7.71981074377748,12.0524735313005));
#2260=CARTESIAN_POINT('Ctrl Pts',(216.48666059257,7.69898772636505,12.1450070646611));
#2261=CARTESIAN_POINT('Ctrl Pts',(216.674383197498,7.69168537007322,12.1774573486981));
#2262=CARTESIAN_POINT('Ctrl Pts',(216.862547779375,7.68717102109661,12.2081033635941));
#2263=CARTESIAN_POINT('Ctrl Pts',(217.051022487394,7.68528858632716,12.2370800268733));
#2264=CARTESIAN_POINT('Ctrl Pts',(217.420523247969,7.68159811195873,12.293888174943));
#2265=CARTESIAN_POINT('Ctrl Pts',(217.791154162051,7.68810386937893,12.3442204431408));
#2266=CARTESIAN_POINT('Ctrl Pts',(218.161867338228,7.7036725675681,12.3890609682384));
#2267=CARTESIAN_POINT('Ctrl Pts',(219.125430553045,7.74413896002917,12.5056111296398));
#2268=CARTESIAN_POINT('Ctrl Pts',(220.089546656088,7.84583580755188,12.5850584754671));
#2269=CARTESIAN_POINT('Ctrl Pts',(221.047836051734,8.00055398741467,12.6287759271501));
#2270=CARTESIAN_POINT('Ctrl Pts',(221.181972130086,8.02221058717552,12.6348952555607));
#2271=CARTESIAN_POINT('Ctrl Pts',(221.31599411549,8.0449059864969,12.6403145579991));
#2272=CARTESIAN_POINT('Ctrl Pts',(221.449884581881,8.06861764059439,12.6450376259011));
#2273=CARTESIAN_POINT('',(221.45,12.6463492013184,8.06658861466939));
#2274=CARTESIAN_POINT('Ctrl Pts',(221.450000000021,12.6463492012775,8.06658861472625));
#2275=CARTESIAN_POINT('Ctrl Pts',(221.449999999906,12.6459123305692,8.06727351953481));
#2276=CARTESIAN_POINT('Ctrl Pts',(221.449961106073,12.6454748693008,8.06794955068536));
#2277=CARTESIAN_POINT('Ctrl Pts',(221.449884603845,12.6450369798047,8.06861682660542));
#2278=CARTESIAN_POINT('Origin',(221.45,-1.57954944338724E-20,4.62612640100464E-35));
#2279=CARTESIAN_POINT('',(215.383662280702,2.74919975757433,13.9738377451859));
#2280=CARTESIAN_POINT('',(212.7,8.72499474444852E-12,13.90625));
#2281=CARTESIAN_POINT('Ctrl Pts',(215.383662280702,2.74919975757433,13.9738377451859));
#2282=CARTESIAN_POINT('Ctrl Pts',(215.73703115866,2.75772648807846,14.0171780474805));
#2283=CARTESIAN_POINT('Ctrl Pts',(216.112932453588,2.69465906213587,14.0780432640753));
#2284=CARTESIAN_POINT('Ctrl Pts',(216.804530306986,2.42196521661309,14.2152098954069));
#2285=CARTESIAN_POINT('Ctrl Pts',(217.120411908574,2.21242001744122,14.2907386252208));
#2286=CARTESIAN_POINT('Ctrl Pts',(217.619853373634,1.72488461099757,14.4205824327905));
#2287=CARTESIAN_POINT('Ctrl Pts',(217.837429726042,1.41463439699944,14.4835981657624));
#2288=CARTESIAN_POINT('Ctrl Pts',(218.127560550382,0.729164450795922,14.5705414350979));
#2289=CARTESIAN_POINT('Ctrl Pts',(218.2,0.353805042396427,14.5937499999998));
#2290=CARTESIAN_POINT('Ctrl Pts',(218.2,-0.353805042378297,14.5937500000003));
#2291=CARTESIAN_POINT('Ctrl Pts',(218.127560550382,-0.729164450777766,14.5705414350988));
#2292=CARTESIAN_POINT('Ctrl Pts',(217.837429726042,-1.41463439698135,14.4835981657643));
#2293=CARTESIAN_POINT('Ctrl Pts',(217.619853373634,-1.72488461097956,14.4205824327927));
#2294=CARTESIAN_POINT('Ctrl Pts',(217.120411908574,-2.21242001742332,14.2907386252236));
#2295=CARTESIAN_POINT('Ctrl Pts',(216.804530306986,-2.42196521659523,14.21520989541));
#2296=CARTESIAN_POINT('Ctrl Pts',(216.112932453588,-2.69465906211811,14.0780432640788));
#2297=CARTESIAN_POINT('Ctrl Pts',(215.73703115866,-2.75772648806075,14.0171780474841));
#2298=CARTESIAN_POINT('Ctrl Pts',(215.046105592059,-2.74105457247263,13.9324367904366));
#2299=CARTESIAN_POINT('Ctrl Pts',(214.685802306498,-2.66623495078016,13.901783161457));
#2300=CARTESIAN_POINT('Ctrl Pts',(214.023578401053,-2.37868200744305,13.8698864296434));
#2301=CARTESIAN_POINT('Ctrl Pts',(213.721705359313,-2.16591986743746,13.8679194654354));
#2302=CARTESIAN_POINT('Ctrl Pts',(213.24599770514,-1.67947228608441,13.8753130834065));
#2303=CARTESIAN_POINT('Ctrl Pts',(213.040014262292,-1.37302353342747,13.885040382658));
#2304=CARTESIAN_POINT('Ctrl Pts',(212.767011824683,-0.703419752860805,13.9008594837717));
#2305=CARTESIAN_POINT('Ctrl Pts',(212.7,-0.340245417860783,13.9062500000003));
#2306=CARTESIAN_POINT('Ctrl Pts',(212.7,8.61505311533506E-12,13.90625));
#2307=CARTESIAN_POINT('Ctrl Pts',(212.7,8.61928584061644E-12,13.90625));
#2308=CARTESIAN_POINT('Ctrl Pts',(212.7,0.340245417878035,13.9062499999998));
#2309=CARTESIAN_POINT('Ctrl Pts',(212.767011824683,0.703419752878091,13.9008594837709));
#2310=CARTESIAN_POINT('Ctrl Pts',(213.040014262292,1.3730235334448,13.8850403826562));
#2311=CARTESIAN_POINT('Ctrl Pts',(213.24599770514,1.67947228610178,13.8753130834043));
#2312=CARTESIAN_POINT('Ctrl Pts',(213.721705359312,2.16591986745488,13.8679194654327));
#2313=CARTESIAN_POINT('Ctrl Pts',(214.023578401053,2.37868200746055,13.8698864296404));
#2314=CARTESIAN_POINT('Ctrl Pts',(214.685802306497,2.66623495079773,13.9017831614536));
#2315=CARTESIAN_POINT('Ctrl Pts',(215.046105592058,2.74105457249023,13.9324367904331));
#2316=CARTESIAN_POINT('Ctrl Pts',(215.383662280702,2.74919975757433,13.9738377451859));
#2317=CARTESIAN_POINT('',(205.411538461538,1.99963014332468,12.8404245414166));
#2318=CARTESIAN_POINT('',(203.45,8.30780057216427E-12,12.75));
#2319=CARTESIAN_POINT('Ctrl Pts',(205.411538461538,1.99963014332468,12.8404245414166));
#2320=CARTESIAN_POINT('Ctrl Pts',(205.66714305692,2.0045465254912,12.8719945967274));
#2321=CARTESIAN_POINT('Ctrl Pts',(205.939315503266,1.95786960245737,12.9140170714821));
#2322=CARTESIAN_POINT('Ctrl Pts',(206.440268578442,1.75842303204847,13.0058724219611));
#2323=CARTESIAN_POINT('Ctrl Pts',(206.669145326334,1.60569540023548,13.0552717789421));
#2324=CARTESIAN_POINT('Ctrl Pts',(207.030849110245,1.25088184323992,13.1394305675886));
#2325=CARTESIAN_POINT('Ctrl Pts',(207.18822856609,1.02537540549979,13.1798143332284));
#2326=CARTESIAN_POINT('Ctrl Pts',(207.397836182749,0.527984394231731,13.2353099750321));
#2327=CARTESIAN_POINT('Ctrl Pts',(207.45,0.256025732297777,13.2499999999999));
#2328=CARTESIAN_POINT('Ctrl Pts',(207.45,-0.256025732280657,13.2500000000002));
#2329=CARTESIAN_POINT('Ctrl Pts',(207.397836182749,-0.527984394214615,13.2353099750328));
#2330=CARTESIAN_POINT('Ctrl Pts',(207.18822856609,-1.02537540548272,13.1798143332297));
#2331=CARTESIAN_POINT('Ctrl Pts',(207.030849110245,-1.25088184322288,13.1394305675902));
#2332=CARTESIAN_POINT('Ctrl Pts',(206.669145326334,-1.60569540021852,13.0552717789442));
#2333=CARTESIAN_POINT('Ctrl Pts',(206.440268578442,-1.75842303203157,13.0058724219634));
#2334=CARTESIAN_POINT('Ctrl Pts',(205.939315503266,-1.95786960244052,12.9140170714846));
#2335=CARTESIAN_POINT('Ctrl Pts',(205.66714305692,-2.00454652547439,12.8719945967301));
#2336=CARTESIAN_POINT('Ctrl Pts',(205.164987417656,-1.99488790010424,12.809972702004));
#2337=CARTESIAN_POINT('Ctrl Pts',(204.901761032878,-1.94135391562897,12.7853131109));
#2338=CARTESIAN_POINT('Ctrl Pts',(204.417686878741,-1.73313313643567,12.7541385246357));
#2339=CARTESIAN_POINT('Ctrl Pts',(204.196876516361,-1.57842104944379,12.747212979437));
#2340=CARTESIAN_POINT('Ctrl Pts',(203.849042592599,-1.22411752026665,12.7424227502979));
#2341=CARTESIAN_POINT('Ctrl Pts',(203.698499872352,-1.00087063833717,12.7441440354264));
#2342=CARTESIAN_POINT('Ctrl Pts',(203.49897826029,-0.512843939013503,12.74813860032));
#2343=CARTESIAN_POINT('Ctrl Pts',(203.45,-0.248060579046101,12.7500000000002));
#2344=CARTESIAN_POINT('Ctrl Pts',(203.45,8.22810569678367E-12,12.75));
#2345=CARTESIAN_POINT('Ctrl Pts',(203.45,8.22800161337511E-12,12.75));
#2346=CARTESIAN_POINT('Ctrl Pts',(203.45,0.248060579062564,12.7499999999999));
#2347=CARTESIAN_POINT('Ctrl Pts',(203.49897826029,0.512843939029983,12.7481386003193));
#2348=CARTESIAN_POINT('Ctrl Pts',(203.698499872352,1.00087063835369,12.7441440354251));
#2349=CARTESIAN_POINT('Ctrl Pts',(203.849042592599,1.22411752028319,12.7424227502963));
#2350=CARTESIAN_POINT('Ctrl Pts',(204.196876516361,1.57842104946039,12.7472129794349));
#2351=CARTESIAN_POINT('Ctrl Pts',(204.417686878741,1.73313313645228,12.7541385246334));
#2352=CARTESIAN_POINT('Ctrl Pts',(204.901761032878,1.94135391564567,12.7853131108974));
#2353=CARTESIAN_POINT('Ctrl Pts',(205.164987417656,1.99488790012097,12.8099727020014));
#2354=CARTESIAN_POINT('Ctrl Pts',(205.411538461538,1.99963014332468,12.8404245414166));
#2355=CARTESIAN_POINT('Ctrl Pts',(222.449180943668,12.2595404545598,8.11018397557691));
#2356=CARTESIAN_POINT('Ctrl Pts',(223.443908469267,12.2731441522288,8.28924323573292));
#2357=CARTESIAN_POINT('Ctrl Pts',(224.927227906924,12.2334730188109,8.61881427054785));
#2358=CARTESIAN_POINT('Ctrl Pts',(226.889847439395,12.0920102406394,9.11202405520874));
#2359=CARTESIAN_POINT('Ctrl Pts',(228.357324666301,11.952471371538,9.49771325478466));
#2360=CARTESIAN_POINT('Ctrl Pts',(229.449893338204,11.8264295039375,9.79540733286731));
#2361=CARTESIAN_POINT('Ctrl Pts',(230.084654247726,11.7392940843751,9.97897756809195));
#2362=CARTESIAN_POINT('Ctrl Pts',(230.265450271768,11.7130186831535,10.0324924520069));
#2363=CARTESIAN_POINT('Ctrl Pts',(230.385841956959,11.6951302161147,10.0684612270428));
#2364=CARTESIAN_POINT('Ctrl Pts',(230.596051381406,11.6627518510658,10.1322558048905));
#2365=CARTESIAN_POINT('Ctrl Pts',(230.894692966567,11.6130033075219,10.2262141515205));
#2366=CARTESIAN_POINT('Ctrl Pts',(231.248502106188,11.545628093072,10.3453222157498));
#2367=CARTESIAN_POINT('Ctrl Pts',(231.595221340542,11.4669346147853,10.4740810650875));
#2368=CARTESIAN_POINT('Ctrl Pts',(231.874493664765,11.3860371669798,10.5947484666527));
#2369=CARTESIAN_POINT('Ctrl Pts',(232.083438148425,11.3046868213304,10.7054362842197));
#2370=CARTESIAN_POINT('Ctrl Pts',(232.226685779412,11.2308730206804,10.7990758185318));
#2371=CARTESIAN_POINT('Ctrl Pts',(232.345115533266,11.1382099677599,10.9076933326126));
#2372=CARTESIAN_POINT('Ctrl Pts',(232.3923256164,11.0370073084199,11.0144532123796));
#2373=CARTESIAN_POINT('Ctrl Pts',(232.376606477382,10.9504680348018,11.0976585214703));
#2374=CARTESIAN_POINT('Ctrl Pts',(232.342441396879,10.8881584598823,11.1542684798962));
#2375=CARTESIAN_POINT('Ctrl Pts',(232.300523940445,10.8397921241919,11.195981413612));
#2376=CARTESIAN_POINT('Ctrl Pts',(232.266548005469,10.8079346303923,11.222531263165));
#2377=CARTESIAN_POINT('Ctrl Pts',(232.246057749374,10.7902450517152,11.2370370250441));
#2378=CARTESIAN_POINT('Ctrl Pts',(232.150537854077,10.7122263743195,11.3002637519616));
#2379=CARTESIAN_POINT('Ctrl Pts',(231.939399093175,10.5913562554481,11.3889811802614));
#2380=CARTESIAN_POINT('Ctrl Pts',(231.661453426843,10.4691110809761,11.469044694635));
#2381=CARTESIAN_POINT('Ctrl Pts',(231.432231425681,10.3794955232476,11.5238074114749));
#2382=CARTESIAN_POINT('Ctrl Pts',(231.083645435358,10.2516805246343,11.5985079327074));
#2383=CARTESIAN_POINT('Ctrl Pts',(230.548870047077,10.0783608379963,11.6897936087593));
#2384=CARTESIAN_POINT('Ctrl Pts',(229.584130809857,9.79457069539965,11.8230388183513));
#2385=CARTESIAN_POINT('Ctrl Pts',(227.878610598254,9.33150261568153,12.0120548845612));
#2386=CARTESIAN_POINT('Ctrl Pts',(225.42671553993,8.70505847277625,12.2138320342798));
#2387=CARTESIAN_POINT('Ctrl Pts',(223.445054615983,8.28044056236278,12.2686750904767));
#2388=CARTESIAN_POINT('Ctrl Pts',(222.448266113892,8.11013487856795,12.2595857214956));
#2389=CARTESIAN_POINT('Ctrl Pts',(222.441793359496,12.2774756674569,8.14493145237408));
#2390=CARTESIAN_POINT('Ctrl Pts',(223.435431450267,12.2878393340931,8.32726787730233));
#2391=CARTESIAN_POINT('Ctrl Pts',(224.916822026147,12.242268336113,8.66109152365148));
#2392=CARTESIAN_POINT('Ctrl Pts',(226.877108981604,12.0913429083438,9.15758169964494));
#2393=CARTESIAN_POINT('Ctrl Pts',(228.342985081911,11.9442762719216,9.54456424490253));
#2394=CARTESIAN_POINT('Ctrl Pts',(229.434201406629,11.8124044553556,9.8422515147454));
#2395=CARTESIAN_POINT('Ctrl Pts',(230.067577099746,11.7217588357408,10.0252398017087));
#2396=CARTESIAN_POINT('Ctrl Pts',(230.247899831705,11.69447216537,10.0785286950267));
#2397=CARTESIAN_POINT('Ctrl Pts',(230.367954244211,11.6759077001786,10.1143312350707));
#2398=CARTESIAN_POINT('Ctrl Pts',(230.577509178113,11.6423445173612,10.1777897578894));
#2399=CARTESIAN_POINT('Ctrl Pts',(230.874980858724,11.5908942784728,10.2711212771243));
#2400=CARTESIAN_POINT('Ctrl Pts',(231.226812580368,11.5215069231106,10.3891069065638));
#2401=CARTESIAN_POINT('Ctrl Pts',(231.570482519627,11.4409007370941,10.5161372057735));
#2402=CARTESIAN_POINT('Ctrl Pts',(231.845591934796,11.3588535363848,10.6342609605916));
#2403=CARTESIAN_POINT('Ctrl Pts',(232.048684839385,11.277607192222,10.7411550447173));
#2404=CARTESIAN_POINT('Ctrl Pts',(232.185603282429,11.2056109854584,10.8297735074483));
#2405=CARTESIAN_POINT('Ctrl Pts',(232.294004929662,11.1182173578605,10.9293073275558));
#2406=CARTESIAN_POINT('Ctrl Pts',(232.332969857643,11.0321975405302,11.0186095681586));
#2407=CARTESIAN_POINT('Ctrl Pts',(232.320013349219,10.960896185952,11.0875871777683));
#2408=CARTESIAN_POINT('Ctrl Pts',(232.290659569459,10.9075244005052,11.1369060079205));
#2409=CARTESIAN_POINT('Ctrl Pts',(232.25302262464,10.86447765639,11.1749000466635));
#2410=CARTESIAN_POINT('Ctrl Pts',(232.221762035806,10.8354500452086,11.199723738794));
#2411=CARTESIAN_POINT('Ctrl Pts',(232.202734350591,10.8191903143541,11.2134194857258));
#2412=CARTESIAN_POINT('Ctrl Pts',(232.113511511983,10.7469813757536,11.273590832874));
#2413=CARTESIAN_POINT('Ctrl Pts',(231.909312966959,10.6305064130819,11.3620833028949));
#2414=CARTESIAN_POINT('Ctrl Pts',(231.63563085007,10.5109506500785,11.443192157789));
#2415=CARTESIAN_POINT('Ctrl Pts',(231.408811813436,10.4226950086654,11.4991866663288));
#2416=CARTESIAN_POINT('Ctrl Pts',(231.063032777664,10.296482036494,11.5758206044849));
#2417=CARTESIAN_POINT('Ctrl Pts',(230.53064159282,10.1244085594299,11.6702093369095));
#2418=CARTESIAN_POINT('Ctrl Pts',(229.56828588073,9.84164008204696,11.8088211306881));
#2419=CARTESIAN_POINT('Ctrl Pts',(227.864937371348,9.37851620942201,12.0069153511211));
#2420=CARTESIAN_POINT('Ctrl Pts',(225.415865371254,8.74873621208617,12.2208659579837));
#2421=CARTESIAN_POINT('Ctrl Pts',(223.436943046112,8.31852890014409,12.2834796270059));
#2422=CARTESIAN_POINT('Ctrl Pts',(222.441281367744,8.14498176439705,12.2775427665891));
#2423=CARTESIAN_POINT('Ctrl Pts',(222.428700339718,12.3351944010223,8.20342999810617));
#2424=CARTESIAN_POINT('Ctrl Pts',(223.420705948396,12.3422172208169,8.39396830886993));
#2425=CARTESIAN_POINT('Ctrl Pts',(224.898922149958,12.2892051518332,8.73954505706629));
#2426=CARTESIAN_POINT('Ctrl Pts',(226.854394581695,12.1246030863357,9.24947832085644));
#2427=CARTESIAN_POINT('Ctrl Pts',(228.316529498237,11.9656932602258,9.64504549776406));
#2428=CARTESIAN_POINT('Ctrl Pts',(229.404453937636,11.8239679428551,9.94788250359346));
#2429=CARTESIAN_POINT('Ctrl Pts',(230.034701339826,11.7271174539547,10.1331913846184));
#2430=CARTESIAN_POINT('Ctrl Pts',(230.213973959018,11.6980234656187,10.1870725563958));
#2431=CARTESIAN_POINT('Ctrl Pts',(230.333285164782,11.6782447981634,10.2232502888636));
#2432=CARTESIAN_POINT('Ctrl Pts',(230.541414520772,11.642535154765,10.2873043560215));
#2433=CARTESIAN_POINT('Ctrl Pts',(230.836389654558,11.5879474133904,10.3812912546897));
#2434=CARTESIAN_POINT('Ctrl Pts',(231.184090969737,11.5147571625301,10.4995482500949));
#2435=CARTESIAN_POINT('Ctrl Pts',(231.521503920841,11.4304114199057,10.625954583659));
#2436=CARTESIAN_POINT('Ctrl Pts',(231.788169691361,11.3459541501372,10.7417701170397));
#2437=CARTESIAN_POINT('Ctrl Pts',(231.979465552347,11.2646114917353,10.8437170314408));
#2438=CARTESIAN_POINT('Ctrl Pts',(232.10365701025,11.1958167382425,10.9245474618759));
#2439=CARTESIAN_POINT('Ctrl Pts',(232.191935257169,11.1181755124145,11.0085072168426));
#2440=CARTESIAN_POINT('Ctrl Pts',(232.214374814181,11.0611427663088,11.0651449380724));
#2441=CARTESIAN_POINT('Ctrl Pts',(232.206956779975,11.0186784630087,11.1069862779778));
#2442=CARTESIAN_POINT('Ctrl Pts',(232.187250924789,10.9818465435983,11.1424373746572));
#2443=CARTESIAN_POINT('Ctrl Pts',(232.158201462968,10.9483313202507,11.1734115876944));
#2444=CARTESIAN_POINT('Ctrl Pts',(232.132391073637,10.924217617298,11.1950104275109));
#2445=CARTESIAN_POINT('Ctrl Pts',(232.116299962257,10.9104004115441,11.2072010565576));
#2446=CARTESIAN_POINT('Ctrl Pts',(232.03972230873,10.8479617325364,11.2617329005956));
#2447=CARTESIAN_POINT('Ctrl Pts',(231.84949685328,10.7373798328992,11.3501276360034));
#2448=CARTESIAN_POINT('Ctrl Pts',(231.584464819653,10.6204087431284,11.4334107386371));
#2449=CARTESIAN_POINT('Ctrl Pts',(231.362561693032,10.5328802504127,11.4918187522449));
#2450=CARTESIAN_POINT('Ctrl Pts',(231.022567061371,10.4070979083599,11.5721622346848));
#2451=CARTESIAN_POINT('Ctrl Pts',(230.495208549012,10.2339876982161,11.6722990586444));
#2452=CARTESIAN_POINT('Ctrl Pts',(229.538148940647,9.94785421014605,11.820420710561));
#2453=CARTESIAN_POINT('Ctrl Pts',(227.84009879726,9.47653836037556,12.0337084427445));
#2454=CARTESIAN_POINT('Ctrl Pts',(225.397262387562,8.83104775113463,12.2658992328737));
#2455=CARTESIAN_POINT('Ctrl Pts',(223.422935774769,8.38527349565832,12.3380849149255));
#2456=CARTESIAN_POINT('Ctrl Pts',(222.428995290167,8.20366372025725,12.3353315969662));
#2457=CARTESIAN_POINT('Ctrl Pts',(222.420837809662,12.4572929060217,8.22815911064357));
#2458=CARTESIAN_POINT('Ctrl Pts',(223.413389762407,12.4678623469478,8.42924871175361));
#2459=CARTESIAN_POINT('Ctrl Pts',(224.891343435567,12.4181729397073,8.79204938302573));
#2460=CARTESIAN_POINT('Ctrl Pts',(226.844253653102,12.254055058261,9.32544822056739));
#2461=CARTESIAN_POINT('Ctrl Pts',(228.303624802335,12.0937310107585,9.73856050526485));
#2462=CARTESIAN_POINT('Ctrl Pts',(229.389014946088,11.9497139736013,10.0544480467432));
#2463=CARTESIAN_POINT('Ctrl Pts',(230.017357273576,11.8510231187536,10.247613498279));
#2464=CARTESIAN_POINT('Ctrl Pts',(230.196030960487,11.8213620757768,10.303767037726));
#2465=CARTESIAN_POINT('Ctrl Pts',(230.314927845955,11.801194605245,10.3414676029824));
#2466=CARTESIAN_POINT('Ctrl Pts',(230.522288167118,11.7647766348773,10.4082094952124));
#2467=CARTESIAN_POINT('Ctrl Pts',(230.816002735822,11.7090891579922,10.5061140849785));
#2468=CARTESIAN_POINT('Ctrl Pts',(231.161789922019,11.6344379801709,10.6292141730374));
#2469=CARTESIAN_POINT('Ctrl Pts',(231.496520726563,11.548476198894,10.7606328047732));
#2470=CARTESIAN_POINT('Ctrl Pts',(231.759770143908,11.4626796049874,10.8806305583627));
#2471=CARTESIAN_POINT('Ctrl Pts',(231.94647385109,11.3806173595754,10.985447279725));
#2472=CARTESIAN_POINT('Ctrl Pts',(232.065790249035,11.3121772570398,11.0673673830032));
#2473=CARTESIAN_POINT('Ctrl Pts',(232.146464071062,11.2367607412958,11.1500936559548));
#2474=CARTESIAN_POINT('Ctrl Pts',(232.162708529244,11.1880980014653,11.1985427326498));
#2475=CARTESIAN_POINT('Ctrl Pts',(232.157363992222,11.153471265499,11.232616218624));
#2476=CARTESIAN_POINT('Ctrl Pts',(232.141278966773,11.120442570173,11.2641677590748));
#2477=CARTESIAN_POINT('Ctrl Pts',(232.115464303109,11.0885249618992,11.2932729603872));
#2478=CARTESIAN_POINT('Ctrl Pts',(232.091714201514,11.0649260667019,11.3140820247779));
#2479=CARTESIAN_POINT('Ctrl Pts',(232.076735285824,11.0512825294882,11.3259221113143));
#2480=CARTESIAN_POINT('Ctrl Pts',(232.004954142114,10.9892175453186,11.3792204483751));
#2481=CARTESIAN_POINT('Ctrl Pts',(231.820130533104,10.8756759508542,11.4683296474526));
#2482=CARTESIAN_POINT('Ctrl Pts',(231.558588761709,10.7546013243208,11.5528312111321));
#2483=CARTESIAN_POINT('Ctrl Pts',(231.338746101467,10.6636923019975,11.6123005418351));
#2484=CARTESIAN_POINT('Ctrl Pts',(231.001263655004,10.5329299099148,11.6941539387502));
#2485=CARTESIAN_POINT('Ctrl Pts',(230.476369556901,10.3526493367504,11.7962970552639));
#2486=CARTESIAN_POINT('Ctrl Pts',(229.522415376326,10.0544759899282,11.9472109210125));
#2487=CARTESIAN_POINT('Ctrl Pts',(227.828427946527,9.56293213495931,12.1637797255882));
#2488=CARTESIAN_POINT('Ctrl Pts',(225.389946047414,8.88841816478899,12.396441805639));
#2489=CARTESIAN_POINT('Ctrl Pts',(223.416267740095,8.42028927936571,12.4639284558663));
#2490=CARTESIAN_POINT('Ctrl Pts',(222.421938238831,8.22849229009842,12.4575429871002));
#2491=CARTESIAN_POINT('Ctrl Pts',(222.426392583876,12.5534565682802,8.18899031768447));
#2492=CARTESIAN_POINT('Ctrl Pts',(223.421925974698,12.5703739980845,8.39381654086033));
#2493=CARTESIAN_POINT('Ctrl Pts',(224.903768759505,12.5296348499145,8.76334127372379));
#2494=CARTESIAN_POINT('Ctrl Pts',(226.859859768937,12.3767609859943,9.30680601935168));
#2495=CARTESIAN_POINT('Ctrl Pts',(228.320919712133,12.224412490287,9.72775565186682));
#2496=CARTESIAN_POINT('Ctrl Pts',(229.407811851416,12.0860672785813,10.04987012097));
#2497=CARTESIAN_POINT('Ctrl Pts',(230.038140470597,11.9905928196196,10.2472975584271));
#2498=CARTESIAN_POINT('Ctrl Pts',(230.21752248699,11.9618382949204,10.3047477500191));
#2499=CARTESIAN_POINT('Ctrl Pts',(230.336930863122,11.9422713262477,10.3433338142006));
#2500=CARTESIAN_POINT('Ctrl Pts',(230.545300671663,11.9068881423698,10.4116889257651));
#2501=CARTESIAN_POINT('Ctrl Pts',(230.840874387392,11.8526326070187,10.5121138715324));
#2502=CARTESIAN_POINT('Ctrl Pts',(231.189906394576,11.7795153195056,10.6388298676138));
#2503=CARTESIAN_POINT('Ctrl Pts',(231.529756941337,11.6947244118462,10.7748890540747));
#2504=CARTESIAN_POINT('Ctrl Pts',(231.800095038687,11.6088859031987,10.9006795081787));
#2505=CARTESIAN_POINT('Ctrl Pts',(231.996844479081,11.5247665339931,11.0132298449313));
#2506=CARTESIAN_POINT('Ctrl Pts',(232.127058541571,11.4516051168557,11.1047834619726));
#2507=CARTESIAN_POINT('Ctrl Pts',(232.22503712765,11.3652787572572,11.2042993812389));
#2508=CARTESIAN_POINT('Ctrl Pts',(232.255525118097,11.2887524590179,11.2841463435098));
#2509=CARTESIAN_POINT('Ctrl Pts',(232.245404197161,11.2266820990952,11.3440299008382));
#2510=CARTESIAN_POINT('Ctrl Pts',(232.221005618283,11.1774984785263,11.3891285301358));
#2511=CARTESIAN_POINT('Ctrl Pts',(232.187798978202,11.1358752507922,11.4254297985348));
#2512=CARTESIAN_POINT('Ctrl Pts',(232.1593623792,11.107055032516,11.4497383156312));
#2513=CARTESIAN_POINT('Ctrl Pts',(232.141859895154,11.0907576547624,11.463266999833));
#2514=CARTESIAN_POINT('Ctrl Pts',(232.05921662767,11.0178495477963,11.5231252023086));
#2515=CARTESIAN_POINT('Ctrl Pts',(231.8624613492,10.8954491217047,11.6146491592495));
#2516=CARTESIAN_POINT('Ctrl Pts',(231.593653275578,10.768292602525,11.6993698219209));
#2517=CARTESIAN_POINT('Ctrl Pts',(231.369751612563,10.6739045595264,11.7581817951601));
#2518=CARTESIAN_POINT('Ctrl Pts',(231.027572936374,10.5386807491389,11.8387740347945));
#2519=CARTESIAN_POINT('Ctrl Pts',(230.498849486425,10.3536745854268,11.9383103896695));
#2520=CARTESIAN_POINT('Ctrl Pts',(229.541405984937,10.0488546324769,12.0843066033386));
#2521=CARTESIAN_POINT('Ctrl Pts',(227.845025199371,9.54778751016745,12.2918767354853));
#2522=CARTESIAN_POINT('Ctrl Pts',(225.403648556471,8.8609930306118,12.5108516583724));
#2523=CARTESIAN_POINT('Ctrl Pts',(223.42478321117,8.38441826048275,12.5663672039547));
#2524=CARTESIAN_POINT('Ctrl Pts',(222.427595859555,8.1892224639096,12.5537333090063));
#2525=CARTESIAN_POINT('Ctrl Pts',(222.434293993816,12.5937682288197,8.1447496751615));
#2526=CARTESIAN_POINT('Ctrl Pts',(223.43222041833,12.6138278366022,8.34943131748822));
#2527=CARTESIAN_POINT('Ctrl Pts',(224.91732334171,12.5778551086379,8.71930480027651));
#2528=CARTESIAN_POINT('Ctrl Pts',(226.876661993441,12.4310256433482,9.26307938515822));
#2529=CARTESIAN_POINT('Ctrl Pts',(228.339791899437,12.2831020451606,9.68424843275824));
#2530=CARTESIAN_POINT('Ctrl Pts',(229.428545492778,12.1479450606723,10.0065894289245));
#2531=CARTESIAN_POINT('Ctrl Pts',(230.060949813312,12.0542255855884,10.2044038818637));
#2532=CARTESIAN_POINT('Ctrl Pts',(230.241049948163,12.0259562682367,10.262000683028));
#2533=CARTESIAN_POINT('Ctrl Pts',(230.360971661863,12.0067087077756,10.3006949980498));
#2534=CARTESIAN_POINT('Ctrl Pts',(230.570339754869,11.9718701109583,10.3692749788946));
#2535=CARTESIAN_POINT('Ctrl Pts',(230.867704635395,11.9183479392103,10.4701400052682));
#2536=CARTESIAN_POINT('Ctrl Pts',(231.219776630082,11.8459316875448,10.5977347847599));
#2537=CARTESIAN_POINT('Ctrl Pts',(231.564313719417,11.7615022768427,10.7353262020591));
#2538=CARTESIAN_POINT('Ctrl Pts',(231.841037613065,11.6750580981961,10.8637561129954));
#2539=CARTESIAN_POINT('Ctrl Pts',(232.046737378,11.5887012931791,10.9808119328541));
#2540=CARTESIAN_POINT('Ctrl Pts',(232.186612642247,11.5111473449976,11.0789077304144));
#2541=CARTESIAN_POINT('Ctrl Pts',(232.299860688151,11.4151788647368,11.1910164462693));
#2542=CARTESIAN_POINT('Ctrl Pts',(232.342877220962,11.3147827121422,11.2967283960106));
#2543=CARTESIAN_POINT('Ctrl Pts',(232.328556659482,11.2297548324722,11.3785243005154));
#2544=CARTESIAN_POINT('Ctrl Pts',(232.296841345734,11.1674121632954,11.4352551571443));
#2545=CARTESIAN_POINT('Ctrl Pts',(232.257119777298,11.1181601921734,11.4778209743685));
#2546=CARTESIAN_POINT('Ctrl Pts',(232.224547371983,11.0853685553557,11.5052140313747));
#2547=CARTESIAN_POINT('Ctrl Pts',(232.204816306748,11.0670865866428,11.5202425026255));
#2548=CARTESIAN_POINT('Ctrl Pts',(232.112575721624,10.986197678208,11.5859698543081));
#2549=CARTESIAN_POINT('Ctrl Pts',(231.905210812985,10.8585078705537,11.6800912369591));
#2550=CARTESIAN_POINT('Ctrl Pts',(231.629859693731,10.7284634128002,11.7655955332008));
#2551=CARTESIAN_POINT('Ctrl Pts',(231.402262266714,10.632793971711,11.8243051035594));
#2552=CARTESIAN_POINT('Ctrl Pts',(231.055763594945,10.4961439407824,11.9044854324198));
#2553=CARTESIAN_POINT('Ctrl Pts',(230.523388947933,10.3102385569255,12.002716697982));
#2554=CARTESIAN_POINT('Ctrl Pts',(229.562361868607,10.0047356360063,12.1460876998295));
#2555=CARTESIAN_POINT('Ctrl Pts',(227.862976662826,9.50344510561709,12.3487182198128));
#2556=CARTESIAN_POINT('Ctrl Pts',(225.418139747845,8.816450939016,12.5602927644156));
#2557=CARTESIAN_POINT('Ctrl Pts',(223.434813829672,8.33975093784511,12.6096553685851));
#2558=CARTESIAN_POINT('Ctrl Pts',(222.435287188728,8.14486152335013,12.5940092531869));
#2559=CARTESIAN_POINT('Ctrl Pts',(222.43730136113,12.6047473292126,8.12843024049803));
#2560=CARTESIAN_POINT('Ctrl Pts',(223.436041555795,12.6257087108799,8.33288460425642));
#2561=CARTESIAN_POINT('Ctrl Pts',(224.922283184833,12.5910154730033,8.70245490717224));
#2562=CARTESIAN_POINT('Ctrl Pts',(226.882732631044,12.4459004648773,9.24589542234849));
#2563=CARTESIAN_POINT('Ctrl Pts',(228.346580289916,12.2992027685267,9.66678029894072));
#2564=CARTESIAN_POINT('Ctrl Pts',(229.435977568354,12.1649116814387,9.98892999555994));
#2565=CARTESIAN_POINT('Ctrl Pts',(230.069082014168,12.0716617058322,10.1867223486458));
#2566=CARTESIAN_POINT('Ctrl Pts',(230.249422959974,12.0435217480941,10.244325817575));
#2567=CARTESIAN_POINT('Ctrl Pts',(230.369516671648,12.0243588322451,10.283027894593));
#2568=CARTESIAN_POINT('Ctrl Pts',(230.579219486062,11.9896616380967,10.3516319291624));
#2569=CARTESIAN_POINT('Ctrl Pts',(230.877184798999,11.9363216039595,10.4525673021649));
#2570=CARTESIAN_POINT('Ctrl Pts',(231.230272540712,11.8640587709271,10.5803588278855));
#2571=CARTESIAN_POINT('Ctrl Pts',(231.576371177603,11.7796611173384,10.7183555658293));
#2572=CARTESIAN_POINT('Ctrl Pts',(231.855217246849,11.6929331511767,10.8475660658517));
#2573=CARTESIAN_POINT('Ctrl Pts',(232.063882850993,11.6057654536084,10.9660303636339));
#2574=CARTESIAN_POINT('Ctrl Pts',(232.206956158533,11.526704070458,11.0662244033112));
#2575=CARTESIAN_POINT('Ctrl Pts',(232.325253998938,11.4274934889742,11.1824281006923));
#2576=CARTESIAN_POINT('Ctrl Pts',(232.372411759111,11.3191854315734,11.2966479359337));
#2577=CARTESIAN_POINT('Ctrl Pts',(232.356703609632,11.226589918566,11.3856865643546));
#2578=CARTESIAN_POINT('Ctrl Pts',(232.32257024688,11.1599239055321,11.4462770952851));
#2579=CARTESIAN_POINT('Ctrl Pts',(232.280694914972,11.1081764660237,11.4909328394375));
#2580=CARTESIAN_POINT('Ctrl Pts',(232.24675489626,11.0740909985658,11.5193604507368));
#2581=CARTESIAN_POINT('Ctrl Pts',(232.226286816882,11.0551639032893,11.534893417451));
#2582=CARTESIAN_POINT('Ctrl Pts',(232.130871735632,10.9716860561816,11.6026015194226));
#2583=CARTESIAN_POINT('Ctrl Pts',(231.919991919819,10.8423334550439,11.6976606377014));
#2584=CARTESIAN_POINT('Ctrl Pts',(231.64246824365,10.7114249604194,11.7835046136706));
#2585=CARTESIAN_POINT('Ctrl Pts',(231.413642575068,10.6153987797728,11.8422377805206));
#2586=CARTESIAN_POINT('Ctrl Pts',(231.065705920541,10.4783742402503,11.9223637533781));
#2587=CARTESIAN_POINT('Ctrl Pts',(230.532105556615,10.2923121018705,12.0202814894691));
#2588=CARTESIAN_POINT('Ctrl Pts',(229.569868290804,9.98681354907352,12.1629624918913));
#2589=CARTESIAN_POINT('Ctrl Pts',(227.869451798393,9.4858301868579,12.3642355715487));
#2590=CARTESIAN_POINT('Ctrl Pts',(225.423399183877,8.79937016755987,12.573778615067));
#2591=CARTESIAN_POINT('Ctrl Pts',(223.438524005369,8.32311358921521,12.6214698102132));
#2592=CARTESIAN_POINT('Ctrl Pts',(222.438198319175,8.12849825049627,12.6049708005611));
#2593=CARTESIAN_POINT('',(222.449999999973,8.13079634213824,12.6051636579014));
#2594=CARTESIAN_POINT('',(222.449999999984,12.6050115415618,8.13103216307581));
#2595=CARTESIAN_POINT('Ctrl Pts',(222.449999994061,8.13079637828568,12.6051635878232));
#2596=CARTESIAN_POINT('Ctrl Pts',(223.446329880644,8.32498686098904,12.6212817897148));
#2597=CARTESIAN_POINT('Ctrl Pts',(225.427247052391,8.80045003308637,12.573448984349));
#2598=CARTESIAN_POINT('Ctrl Pts',(227.869451798393,9.4858301868579,12.3642355715487));
#2599=CARTESIAN_POINT('Ctrl Pts',(229.569868290804,9.98681354907352,12.1629624918913));
#2600=CARTESIAN_POINT('Ctrl Pts',(230.532105556615,10.2923121018705,12.0202814894691));
#2601=CARTESIAN_POINT('Ctrl Pts',(231.065705920541,10.4783742402503,11.9223637533781));
#2602=CARTESIAN_POINT('Ctrl Pts',(231.413642575068,10.6153987797728,11.8422377805206));
#2603=CARTESIAN_POINT('Ctrl Pts',(231.64246824365,10.7114249604194,11.7835046136706));
#2604=CARTESIAN_POINT('Ctrl Pts',(231.919991919819,10.8423334550439,11.6976606377014));
#2605=CARTESIAN_POINT('Ctrl Pts',(232.130871735632,10.9716860561816,11.6026015194226));
#2606=CARTESIAN_POINT('Ctrl Pts',(232.226286816882,11.0551639032893,11.534893417451));
#2607=CARTESIAN_POINT('Ctrl Pts',(232.24675489626,11.0740909985658,11.5193604507368));
#2608=CARTESIAN_POINT('Ctrl Pts',(232.280694914972,11.1081764660237,11.4909328394375));
#2609=CARTESIAN_POINT('Ctrl Pts',(232.32257024688,11.1599239055321,11.4462770952851));
#2610=CARTESIAN_POINT('Ctrl Pts',(232.356703609632,11.226589918566,11.3856865643546));
#2611=CARTESIAN_POINT('Ctrl Pts',(232.372411759111,11.3191854315734,11.2966479359337));
#2612=CARTESIAN_POINT('Ctrl Pts',(232.325253998938,11.4274934889742,11.1824281006923));
#2613=CARTESIAN_POINT('Ctrl Pts',(232.206956158533,11.526704070458,11.0662244033112));
#2614=CARTESIAN_POINT('Ctrl Pts',(232.063882850993,11.6057654536084,10.9660303636339));
#2615=CARTESIAN_POINT('Ctrl Pts',(231.855217246849,11.6929331511767,10.8475660658517));
#2616=CARTESIAN_POINT('Ctrl Pts',(231.576371177603,11.7796611173384,10.7183555658293));
#2617=CARTESIAN_POINT('Ctrl Pts',(231.230272540712,11.8640587709271,10.5803588278855));
#2618=CARTESIAN_POINT('Ctrl Pts',(230.877184798999,11.9363216039595,10.4525673021649));
#2619=CARTESIAN_POINT('Ctrl Pts',(230.579219486062,11.9896616380967,10.3516319291624));
#2620=CARTESIAN_POINT('Ctrl Pts',(230.369516671648,12.0243588322451,10.283027894593));
#2621=CARTESIAN_POINT('Ctrl Pts',(230.249422959974,12.0435217480941,10.244325817575));
#2622=CARTESIAN_POINT('Ctrl Pts',(230.069082014168,12.0716617058322,10.1867223486458));
#2623=CARTESIAN_POINT('Ctrl Pts',(229.435977568354,12.1649116814387,9.98892999555994));
#2624=CARTESIAN_POINT('Ctrl Pts',(228.346580289916,12.2992027685267,9.66678029894072));
#2625=CARTESIAN_POINT('Ctrl Pts',(226.882732631044,12.4459004648773,9.24589542234849));
#2626=CARTESIAN_POINT('Ctrl Pts',(224.926437732398,12.5907079480096,8.70360655608291));
#2627=CARTESIAN_POINT('Ctrl Pts',(223.444440402909,12.6255120622469,8.33497340486966));
#2628=CARTESIAN_POINT('Ctrl Pts',(222.450000003312,12.6050114797817,8.13103215305921));
#2629=CARTESIAN_POINT('',(222.449826471246,12.6050079621195,8.13099657570598));
#2630=CARTESIAN_POINT('Ctrl Pts',(222.450000003438,12.6050114797843,8.13103215308509));
#2631=CARTESIAN_POINT('Ctrl Pts',(222.449942160521,12.6050102873413,8.13102029057732));
#2632=CARTESIAN_POINT('Ctrl Pts',(222.449884317577,12.6050090947505,8.13100842820985));
#2633=CARTESIAN_POINT('Ctrl Pts',(222.449826474607,12.605007902012,8.13099656598268));
#2634=CARTESIAN_POINT('',(222.449180943789,12.2595404545614,8.11018397559866));
#2635=CARTESIAN_POINT('Ctrl Pts',(222.449826520355,12.6050068848332,8.13099516740205));
#2636=CARTESIAN_POINT('Ctrl Pts',(222.448290766244,12.5976637230143,8.14198835974851));
#2637=CARTESIAN_POINT('Ctrl Pts',(222.446850733512,12.589193151852,8.15212699305399));
#2638=CARTESIAN_POINT('Ctrl Pts',(222.445524090912,12.5797929918804,8.16134587202155));
#2639=CARTESIAN_POINT('Ctrl Pts',(222.444258417714,12.5708248413481,8.1701410728022));
#2640=CARTESIAN_POINT('Ctrl Pts',(222.443095856008,12.5610090739365,8.17809957407389));
#2641=CARTESIAN_POINT('Ctrl Pts',(222.44205251773,12.5504866088738,8.18513321381143));
#2642=CARTESIAN_POINT('Ctrl Pts',(222.44095070629,12.5393744196455,8.19256104894909));
#2643=CARTESIAN_POINT('Ctrl Pts',(222.439992817644,12.527584774414,8.19888408386624));
#2644=CARTESIAN_POINT('Ctrl Pts',(222.439191234949,12.5152988459068,8.20401980879417));
#2645=CARTESIAN_POINT('Ctrl Pts',(222.438440340586,12.5037898219084,8.20883077455959));
#2646=CARTESIAN_POINT('Ctrl Pts',(222.437826530969,12.4918438861193,8.21260010239649));
#2647=CARTESIAN_POINT('Ctrl Pts',(222.43736187961,12.4795941245344,8.21522166162114));
#2648=CARTESIAN_POINT('Ctrl Pts',(222.437092716322,12.4724980813232,8.21674027873136));
#2649=CARTESIAN_POINT('Ctrl Pts',(222.436875092217,12.4653380262798,8.21786477168836));
#2650=CARTESIAN_POINT('Ctrl Pts',(222.436710084194,12.4581412532602,8.21858068769689));
#2651=CARTESIAN_POINT('Ctrl Pts',(222.436407901558,12.4449616526296,8.21989175962482));
#2652=CARTESIAN_POINT('Ctrl Pts',(222.436281950564,12.431658715192,8.21983584264519));
#2653=CARTESIAN_POINT('Ctrl Pts',(222.436330283607,12.4184369137786,8.21847720746545));
#2654=CARTESIAN_POINT('Ctrl Pts',(222.436349830335,12.4130897859691,8.21792775162919));
#2655=CARTESIAN_POINT('Ctrl Pts',(222.436397922437,12.4077559237388,8.21716462717657));
#2656=CARTESIAN_POINT('Ctrl Pts',(222.436474607903,12.4024492459187,8.21618971838567));
#2657=CARTESIAN_POINT('Ctrl Pts',(222.436664838561,12.3892851762713,8.21377129999696));
#2658=CARTESIAN_POINT('Ctrl Pts',(222.437028826359,12.3764163358087,8.21007686911268));
#2659=CARTESIAN_POINT('Ctrl Pts',(222.437559695279,12.3640465686318,8.20517394198069));
#2660=CARTESIAN_POINT('Ctrl Pts',(222.437883770844,12.3564952897223,8.20218088886034));
#2661=CARTESIAN_POINT('Ctrl Pts',(222.438270106767,12.3491299674722,8.19873642002754));
#2662=CARTESIAN_POINT('Ctrl Pts',(222.43871787922,12.3419999855541,8.19484684726215));
#2663=CARTESIAN_POINT('Ctrl Pts',(222.438966347958,12.3380435617153,8.19268852504087));
#2664=CARTESIAN_POINT('Ctrl Pts',(222.439233744971,12.3341596686097,8.19039302681334));
#2665=CARTESIAN_POINT('Ctrl Pts',(222.439519556623,12.3303537621817,8.18796512016968));
#2666=CARTESIAN_POINT('Ctrl Pts',(222.440361811681,12.3191381804434,8.18081035009581));
#2667=CARTESIAN_POINT('Ctrl Pts',(222.441356818793,12.3086878497447,8.17256652509034));
#2668=CARTESIAN_POINT('Ctrl Pts',(222.442486536742,12.2991267747916,8.16337989526119));
#2669=CARTESIAN_POINT('Ctrl Pts',(222.442840199713,12.2961336399314,8.1605039820271));
#2670=CARTESIAN_POINT('Ctrl Pts',(222.443207095316,12.2932278843798,8.15753536172472));
#2671=CARTESIAN_POINT('Ctrl Pts',(222.443586751395,12.290414030889,8.15447776687584));
#2672=CARTESIAN_POINT('Ctrl Pts',(222.444797852866,12.2814378487973,8.14472405076545));
#2673=CARTESIAN_POINT('Ctrl Pts',(222.446130721654,12.2734514507899,8.13412992183155));
#2674=CARTESIAN_POINT('Ctrl Pts',(222.447567799408,12.2665896098347,8.12282732777843));
#2675=CARTESIAN_POINT('Ctrl Pts',(222.44802146495,12.2644234216924,8.11925925539444));
#2676=CARTESIAN_POINT('Ctrl Pts',(222.448485544615,12.2623696066747,8.11562033975702));
#2677=CARTESIAN_POINT('Ctrl Pts',(222.4489595637,12.2604333345838,8.11191416375913));
#2678=CARTESIAN_POINT('Ctrl Pts',(222.449033132436,12.2601328211737,8.11133895762331));
#2679=CARTESIAN_POINT('Ctrl Pts',(222.449106921765,12.2598351887533,8.11076222298392));
#2680=CARTESIAN_POINT('Ctrl Pts',(222.449180943628,12.2595404550034,8.11018397645827));
#2681=CARTESIAN_POINT('',(222.448266113892,8.11013487856827,12.2595857214958));
#2682=CARTESIAN_POINT('Ctrl Pts',(222.449180943668,12.2595404545598,8.11018397557691));
#2683=CARTESIAN_POINT('Ctrl Pts',(223.443908469267,12.2731441522288,8.28924323573292));
#2684=CARTESIAN_POINT('Ctrl Pts',(224.927227906924,12.2334730188109,8.61881427054785));
#2685=CARTESIAN_POINT('Ctrl Pts',(226.889847439395,12.0920102406394,9.11202405520874));
#2686=CARTESIAN_POINT('Ctrl Pts',(228.357324666301,11.952471371538,9.49771325478466));
#2687=CARTESIAN_POINT('Ctrl Pts',(229.449893338204,11.8264295039375,9.79540733286731));
#2688=CARTESIAN_POINT('Ctrl Pts',(230.084654247726,11.7392940843751,9.97897756809195));
#2689=CARTESIAN_POINT('Ctrl Pts',(230.265450271768,11.7130186831535,10.0324924520069));
#2690=CARTESIAN_POINT('Ctrl Pts',(230.385841956959,11.6951302161147,10.0684612270428));
#2691=CARTESIAN_POINT('Ctrl Pts',(230.596051381406,11.6627518510658,10.1322558048905));
#2692=CARTESIAN_POINT('Ctrl Pts',(230.894692966567,11.6130033075219,10.2262141515205));
#2693=CARTESIAN_POINT('Ctrl Pts',(231.248502106188,11.545628093072,10.3453222157498));
#2694=CARTESIAN_POINT('Ctrl Pts',(231.595221340542,11.4669346147853,10.4740810650875));
#2695=CARTESIAN_POINT('Ctrl Pts',(231.874493664765,11.3860371669798,10.5947484666527));
#2696=CARTESIAN_POINT('Ctrl Pts',(232.083438148425,11.3046868213304,10.7054362842197));
#2697=CARTESIAN_POINT('Ctrl Pts',(232.226685779412,11.2308730206804,10.7990758185318));
#2698=CARTESIAN_POINT('Ctrl Pts',(232.345115533266,11.1382099677599,10.9076933326126));
#2699=CARTESIAN_POINT('Ctrl Pts',(232.3923256164,11.0370073084199,11.0144532123796));
#2700=CARTESIAN_POINT('Ctrl Pts',(232.376606477382,10.9504680348018,11.0976585214703));
#2701=CARTESIAN_POINT('Ctrl Pts',(232.342441396879,10.8881584598823,11.1542684798962));
#2702=CARTESIAN_POINT('Ctrl Pts',(232.300523940445,10.8397921241919,11.195981413612));
#2703=CARTESIAN_POINT('Ctrl Pts',(232.266548005469,10.8079346303923,11.222531263165));
#2704=CARTESIAN_POINT('Ctrl Pts',(232.246057749374,10.7902450517152,11.2370370250441));
#2705=CARTESIAN_POINT('Ctrl Pts',(232.150537854077,10.7122263743195,11.3002637519616));
#2706=CARTESIAN_POINT('Ctrl Pts',(231.939399093175,10.5913562554481,11.3889811802614));
#2707=CARTESIAN_POINT('Ctrl Pts',(231.661453426843,10.4691110809761,11.469044694635));
#2708=CARTESIAN_POINT('Ctrl Pts',(231.432231425681,10.3794955232476,11.5238074114749));
#2709=CARTESIAN_POINT('Ctrl Pts',(231.083645435358,10.2516805246343,11.5985079327074));
#2710=CARTESIAN_POINT('Ctrl Pts',(230.548870047077,10.0783608379963,11.6897936087593));
#2711=CARTESIAN_POINT('Ctrl Pts',(229.584130809857,9.79457069539965,11.8230388183513));
#2712=CARTESIAN_POINT('Ctrl Pts',(227.878610598254,9.33150261568153,12.0120548845612));
#2713=CARTESIAN_POINT('Ctrl Pts',(225.42671553993,8.70505847277625,12.2138320342798));
#2714=CARTESIAN_POINT('Ctrl Pts',(223.445054615983,8.28044056236278,12.2686750904767));
#2715=CARTESIAN_POINT('Ctrl Pts',(222.448266113892,8.11013487856795,12.2595857214956));
#2716=CARTESIAN_POINT('',(222.449845905153,8.13076630948933,12.6051611628932));
#2717=CARTESIAN_POINT('Ctrl Pts',(222.448266113891,8.11013487856826,12.2595857214958));
#2718=CARTESIAN_POINT('Ctrl Pts',(222.448195488253,8.11071348633678,12.259880424658));
#2719=CARTESIAN_POINT('Ctrl Pts',(222.448125088293,8.11129061596453,12.2601780554735));
#2720=CARTESIAN_POINT('Ctrl Pts',(222.448054915698,8.1118662519392,12.2604785954465));
#2721=CARTESIAN_POINT('Ctrl Pts',(222.446626307657,8.12358533086489,12.2665971353197));
#2722=CARTESIAN_POINT('Ctrl Pts',(222.445296337095,8.13464856663458,12.2738972112576));
#2723=CARTESIAN_POINT('Ctrl Pts',(222.444079450992,8.14492504191905,12.2822244657113));
#2724=CARTESIAN_POINT('Ctrl Pts',(222.44368872495,8.14822468229137,12.284898237041));
#2725=CARTESIAN_POINT('Ctrl Pts',(222.443309691232,8.15144299919155,12.2876782523324));
#2726=CARTESIAN_POINT('Ctrl Pts',(222.442942945161,8.15457495700144,12.2905602794874));
#2727=CARTESIAN_POINT('Ctrl Pts',(222.441799053578,8.16434362383578,12.2995494053932));
#2728=CARTESIAN_POINT('Ctrl Pts',(222.440781561674,8.17321205600528,12.3094704010899));
#2729=CARTESIAN_POINT('Ctrl Pts',(222.439907653061,8.18103813468512,12.3201829576788));
#2730=CARTESIAN_POINT('Ctrl Pts',(222.439629421617,8.18352976955318,12.3235935775582));
#2731=CARTESIAN_POINT('Ctrl Pts',(222.439365793148,8.18591546306289,12.3270846994104));
#2732=CARTESIAN_POINT('Ctrl Pts',(222.439117480231,8.18818972948833,12.3306524434312));
#2733=CARTESIAN_POINT('Ctrl Pts',(222.438875207112,8.19040867818724,12.3341334080467));
#2734=CARTESIAN_POINT('Ctrl Pts',(222.438648110976,8.19251601009763,12.3376786276197));
#2735=CARTESIAN_POINT('Ctrl Pts',(222.438436711245,8.19450784448742,12.3412837391147));
#2736=CARTESIAN_POINT('Ctrl Pts',(222.437754359941,8.20093704281697,12.3529202370689));
#2737=CARTESIAN_POINT('Ctrl Pts',(222.437234900084,8.20616653563299,12.3651788789703));
#2738=CARTESIAN_POINT('Ctrl Pts',(222.436876911715,8.21016986402087,12.3778563277637));
#2739=CARTESIAN_POINT('Ctrl Pts',(222.436646964133,8.21274133215597,12.3859994657849));
#2740=CARTESIAN_POINT('Ctrl Pts',(222.436483797724,8.21480597933371,12.3943160523376));
#2741=CARTESIAN_POINT('Ctrl Pts',(222.436389010994,8.21634599677322,12.4027549662153));
#2742=CARTESIAN_POINT('Ctrl Pts',(222.436241514339,8.21874240203452,12.4158866731022));
#2743=CARTESIAN_POINT('Ctrl Pts',(222.436260520597,8.21984754227777,12.4291861871519));
#2744=CARTESIAN_POINT('Ctrl Pts',(222.436450182915,8.21962756157394,12.4424551735209));
#2745=CARTESIAN_POINT('Ctrl Pts',(222.436517187528,8.21954984596705,12.4471428907184));
#2746=CARTESIAN_POINT('Ctrl Pts',(222.436605575534,8.21930628692614,12.4518268906775));
#2747=CARTESIAN_POINT('Ctrl Pts',(222.436715817551,8.21889385436529,12.4564985123627));
#2748=CARTESIAN_POINT('Ctrl Pts',(222.436901627974,8.21819870862692,12.4643724248855));
#2749=CARTESIAN_POINT('Ctrl Pts',(222.437149461149,8.21702413107177,12.4722113221242));
#2750=CARTESIAN_POINT('Ctrl Pts',(222.437456174982,8.21538357500569,12.4799758004984));
#2751=CARTESIAN_POINT('Ctrl Pts',(222.437971898483,8.21262506454297,12.4930313706651));
#2752=CARTESIAN_POINT('Ctrl Pts',(222.438648451587,8.20857912788228,12.5057486532433));
#2753=CARTESIAN_POINT('Ctrl Pts',(222.43946930474,8.20334537753173,12.517948173335));
#2754=CARTESIAN_POINT('Ctrl Pts',(222.440245023336,8.19839940460316,12.5294769036095));
#2755=CARTESIAN_POINT('Ctrl Pts',(222.441149763484,8.19239171521173,12.5405444277559));
#2756=CARTESIAN_POINT('Ctrl Pts',(222.442177177334,8.18536792326432,12.5509822089261));
#2757=CARTESIAN_POINT('Ctrl Pts',(222.442666946726,8.18201967336953,12.5559579115048));
#2758=CARTESIAN_POINT('Ctrl Pts',(222.443182533874,8.17845486019612,12.5607680594992));
#2759=CARTESIAN_POINT('Ctrl Pts',(222.443723091898,8.17468164818031,12.565396479849));
#2760=CARTESIAN_POINT('Ctrl Pts',(222.444920669284,8.16632229880294,12.5756504975418));
#2761=CARTESIAN_POINT('Ctrl Pts',(222.446240281137,8.15694257979623,12.5850151264087));
#2762=CARTESIAN_POINT('Ctrl Pts',(222.447655173603,8.14671664816959,12.593382088753));
#2763=CARTESIAN_POINT('Ctrl Pts',(222.448362359842,8.14160556141984,12.5975640324561));
#2764=CARTESIAN_POINT('Ctrl Pts',(222.449093476857,8.1362824634443,12.6014961935294));
#2765=CARTESIAN_POINT('Ctrl Pts',(222.449845793957,8.13076632414568,12.6051610929211));
#2766=CARTESIAN_POINT('Ctrl Pts',(222.449845899695,8.13076634475418,12.6051610946321));
#2767=CARTESIAN_POINT('Ctrl Pts',(222.449897264607,8.13077635583682,12.6051619258038));
#2768=CARTESIAN_POINT('Ctrl Pts',(222.449948629498,8.13078636703394,12.6051627568691));
#2769=CARTESIAN_POINT('Ctrl Pts',(222.449999994368,8.13079637834555,12.6051635878282));
#2770=CARTESIAN_POINT('Ctrl Pts',(222.448266113892,8.11013487856827,12.2595857214958));
#2771=CARTESIAN_POINT('Ctrl Pts',(222.111043224603,8.09203802008074,12.2762709427381));
#2772=CARTESIAN_POINT('Ctrl Pts',(221.773904169862,8.07563202712752,12.2920258832523));
#2773=CARTESIAN_POINT('Ctrl Pts',(221.436899891219,8.06151866777455,12.3064786794029));
#2774=CARTESIAN_POINT('Ctrl Pts',(222.446656250868,8.14589824890973,12.2775908593434));
#2775=CARTESIAN_POINT('Ctrl Pts',(222.109592658348,8.12698303798319,12.2949573963969));
#2776=CARTESIAN_POINT('Ctrl Pts',(221.772617801512,8.10971689402561,12.3113557974367));
#2777=CARTESIAN_POINT('Ctrl Pts',(221.435775322044,8.09470264788865,12.326423366217));
#2778=CARTESIAN_POINT('Ctrl Pts',(222.445141530909,8.20599859344628,12.3355489883372));
#2779=CARTESIAN_POINT('Ctrl Pts',(222.108295842813,8.18515404763346,12.3535092575207));
#2780=CARTESIAN_POINT('Ctrl Pts',(221.771533130604,8.16593176883184,12.3704487611313));
#2781=CARTESIAN_POINT('Ctrl Pts',(221.434883454313,8.14890090570232,12.3859516995225));
#2782=CARTESIAN_POINT('Ctrl Pts',(222.449306373436,8.23629444075539,12.4794236863933));
#2783=CARTESIAN_POINT('Ctrl Pts',(222.112346020081,8.21295910605506,12.4961379887999));
#2784=CARTESIAN_POINT('Ctrl Pts',(221.775411719248,8.19122398311113,12.5117123942984));
#2785=CARTESIAN_POINT('Ctrl Pts',(221.438529194917,8.17174217644998,12.5257617884712));
#2786=CARTESIAN_POINT('Ctrl Pts',(222.457132948181,8.17964552871219,12.5736625324077));
#2787=CARTESIAN_POINT('Ctrl Pts',(222.119707150773,8.15633474099611,12.5887888079644));
#2788=CARTESIAN_POINT('Ctrl Pts',(221.782231448324,8.13474880598484,12.6028049271727));
#2789=CARTESIAN_POINT('Ctrl Pts',(221.444762472795,8.11538671644367,12.6152233306097));
#2790=CARTESIAN_POINT('Ctrl Pts',(222.461885335512,8.12928787968163,12.6061365441305));
#2791=CARTESIAN_POINT('Ctrl Pts',(222.124171392424,8.10647361825845,12.6208487200792));
#2792=CARTESIAN_POINT('Ctrl Pts',(221.786371058533,8.08532476614659,12.634398346752));
#2793=CARTESIAN_POINT('Ctrl Pts',(221.448541730769,8.06650737334834,12.6464010214652));
#2794=CARTESIAN_POINT('',(221.450775831754,8.06210106286811,12.3058828662827));
#2795=CARTESIAN_POINT('Ctrl Pts',(222.448266113892,8.11013487856827,12.2595857214958));
#2796=CARTESIAN_POINT('Ctrl Pts',(222.115671513845,8.09228639436999,12.2760419427727));
#2797=CARTESIAN_POINT('Ctrl Pts',(221.783158462926,8.07608268090369,12.2915932437688));
#2798=CARTESIAN_POINT('Ctrl Pts',(221.450775833866,8.06210106744895,12.3058828628397));
#2799=CARTESIAN_POINT('Ctrl Pts',(221.450775833865,8.06210106744894,12.3058828628397));
#2800=CARTESIAN_POINT('Ctrl Pts',(221.450713917408,8.06263892882832,12.3062083347335));
#2801=CARTESIAN_POINT('Ctrl Pts',(221.450652181047,8.06317517930087,12.3065364060075));
#2802=CARTESIAN_POINT('Ctrl Pts',(221.450590626744,8.06370980689176,12.3068670599301));
#2803=CARTESIAN_POINT('Ctrl Pts',(221.449293201359,8.0749785465037,12.3138364962621));
#2804=CARTESIAN_POINT('Ctrl Pts',(221.448080068552,8.08549600509638,12.3219294327663));
#2805=CARTESIAN_POINT('Ctrl Pts',(221.446965852484,8.09514722483521,12.3309930247693));
#2806=CARTESIAN_POINT('Ctrl Pts',(221.446799386966,8.09658913124358,12.3323471387306));
#2807=CARTESIAN_POINT('Ctrl Pts',(221.446635135191,8.09801164329687,12.3337229921104));
#2808=CARTESIAN_POINT('Ctrl Pts',(221.446473152167,8.09941431020351,12.3351201472413));
#2809=CARTESIAN_POINT('Ctrl Pts',(221.445385885918,8.1088293238563,12.3444981646239));
#2810=CARTESIAN_POINT('Ctrl Pts',(221.444406684089,8.1173005507114,12.3547804467846));
#2811=CARTESIAN_POINT('Ctrl Pts',(221.443550568188,8.12470149840065,12.3658244022149));
#2812=CARTESIAN_POINT('Ctrl Pts',(221.443425919814,8.12577905822659,12.3674323750301));
#2813=CARTESIAN_POINT('Ctrl Pts',(221.443303886572,8.12683385864493,12.3690565496098));
#2814=CARTESIAN_POINT('Ctrl Pts',(221.443184520917,8.1278654320233,12.3706965372725));
#2815=CARTESIAN_POINT('Ctrl Pts',(221.442712965456,8.13194067509388,12.3771753283098));
#2816=CARTESIAN_POINT('Ctrl Pts',(221.442285106121,8.13563590125317,12.383872229332));
#2817=CARTESIAN_POINT('Ctrl Pts',(221.441903248679,8.13892918690614,12.3907592764141));
#2818=CARTESIAN_POINT('Ctrl Pts',(221.441238386704,8.14466321265472,12.4027504941406));
#2819=CARTESIAN_POINT('Ctrl Pts',(221.44071278877,8.14918172240943,12.415317462834));
#2820=CARTESIAN_POINT('Ctrl Pts',(221.440332123371,8.15244825997216,12.4282504749025));
#2821=CARTESIAN_POINT('Ctrl Pts',(221.440189034633,8.1536761223912,12.4331118791199));
#2822=CARTESIAN_POINT('Ctrl Pts',(221.440066457947,8.15472658565641,12.4380251639282));
#2823=CARTESIAN_POINT('Ctrl Pts',(221.439964810149,8.15559582927841,12.4429794714169));
#2824=CARTESIAN_POINT('Ctrl Pts',(221.439695212217,8.15790130257047,12.4561196582494));
#2825=CARTESIAN_POINT('Ctrl Pts',(221.439575304016,8.15891323867082,12.4694202988213));
#2826=CARTESIAN_POINT('Ctrl Pts',(221.439606358547,8.15860006501557,12.4826731245527));
#2827=CARTESIAN_POINT('Ctrl Pts',(221.439623131988,8.15843091096086,12.4898313550463));
#2828=CARTESIAN_POINT('Ctrl Pts',(221.43968400418,8.15787431573851,12.4969758885296));
#2829=CARTESIAN_POINT('Ctrl Pts',(221.439789536703,8.15691894589309,12.5040740006302));
#2830=CARTESIAN_POINT('Ctrl Pts',(221.439869892702,8.15619149528264,12.5094787410094));
#2831=CARTESIAN_POINT('Ctrl Pts',(221.439976148152,8.15523272995113,12.5148565655424));
#2832=CARTESIAN_POINT('Ctrl Pts',(221.440108034414,8.15404890174967,12.5201958763169));
#2833=CARTESIAN_POINT('Ctrl Pts',(221.440430392986,8.15115536938875,12.5332463075298));
#2834=CARTESIAN_POINT('Ctrl Pts',(221.440902540728,8.14694963807794,12.5459389053327));
#2835=CARTESIAN_POINT('Ctrl Pts',(221.441513390152,8.14156323098935,12.5581143912567));
#2836=CARTESIAN_POINT('Ctrl Pts',(221.44208710469,8.13650427548156,12.5695497025063));
#2837=CARTESIAN_POINT('Ctrl Pts',(221.442783269526,8.13040270067502,12.5805299059216));
#2838=CARTESIAN_POINT('Ctrl Pts',(221.443594248927,8.12332921814101,12.5909062381806));
#2839=CARTESIAN_POINT('Ctrl Pts',(221.444452177945,8.11584623408953,12.601883282152));
#2840=CARTESIAN_POINT('Ctrl Pts',(221.445430118927,8.10734954648628,12.6120766733009));
#2841=CARTESIAN_POINT('Ctrl Pts',(221.446512986656,8.09794402798556,12.6213253547656));
#2842=CARTESIAN_POINT('Ctrl Pts',(221.447545529541,8.08897561851086,12.630144215998));
#2843=CARTESIAN_POINT('Ctrl Pts',(221.448673562974,8.07917990046641,12.638105126053));
#2844=CARTESIAN_POINT('Ctrl Pts',(221.449884603844,8.06861682660541,12.6450369798049));
#2845=CARTESIAN_POINT('',(222.45,8.1284856533715,12.6066538376737));
#2846=CARTESIAN_POINT('Ctrl Pts',(221.450000000021,8.06658861472611,12.6463492012776));
#2847=CARTESIAN_POINT('Ctrl Pts',(221.783380035196,8.08516480215344,12.6345002094285));
#2848=CARTESIAN_POINT('Ctrl Pts',(222.11673175474,8.1060105093966,12.621145282628));
#2849=CARTESIAN_POINT('Ctrl Pts',(222.449999999743,8.12848565702126,12.6066538349611));
#2850=CARTESIAN_POINT('Ctrl Pts',(222.45,8.12848565337148,12.6066538376737));
#2851=CARTESIAN_POINT('Ctrl Pts',(222.45,8.12925185601718,12.6061598075137));
#2852=CARTESIAN_POINT('Ctrl Pts',(222.449948766148,8.13001210922649,12.6056622427031));
#2853=CARTESIAN_POINT('Ctrl Pts',(222.449845905153,8.13076630948931,12.6051611628932));
#2854=CARTESIAN_POINT('Ctrl Pts',(221.464455616856,8.06423462753208,12.3062211626208));
#2855=CARTESIAN_POINT('Ctrl Pts',(220.378267679203,7.89455619776987,12.2795353525807));
#2856=CARTESIAN_POINT('Ctrl Pts',(218.192524760459,7.68286353126106,12.1429539327278));
#2857=CARTESIAN_POINT('Ctrl Pts',(215.471068640887,7.79123211421224,11.7533178390878));
#2858=CARTESIAN_POINT('Ctrl Pts',(213.772005484725,8.10857024151115,11.3344340077343));
#2859=CARTESIAN_POINT('Ctrl Pts',(213.026138399215,8.32382208163317,11.0869546440547));
#2860=CARTESIAN_POINT('Ctrl Pts',(212.663974861597,8.44752743017022,10.9499881934959));
#2861=CARTESIAN_POINT('Ctrl Pts',(212.315464276873,8.5890661348744,10.7979429012443));
#2862=CARTESIAN_POINT('Ctrl Pts',(211.880213161021,8.80764215534885,10.5688166748022));
#2863=CARTESIAN_POINT('Ctrl Pts',(211.403208362206,9.13911399165604,10.230264038143));
#2864=CARTESIAN_POINT('Ctrl Pts',(211.123202051077,9.68244259689366,9.68523552385944));
#2865=CARTESIAN_POINT('Ctrl Pts',(211.403226043895,10.2314653766399,9.13792346023217));
#2866=CARTESIAN_POINT('Ctrl Pts',(211.880089696103,10.5691658842553,8.80731114686913));
#2867=CARTESIAN_POINT('Ctrl Pts',(212.315677510132,10.7984980516314,8.588538283648));
#2868=CARTESIAN_POINT('Ctrl Pts',(212.779822468571,11.0010768963164,8.39996634017204));
#2869=CARTESIAN_POINT('Ctrl Pts',(213.64103317283,11.3025714478666,8.13259523782911));
#2870=CARTESIAN_POINT('Ctrl Pts',(214.949472904156,11.6257259229069,7.88786419610223));
#2871=CARTESIAN_POINT('Ctrl Pts',(216.558971322726,11.9078841420959,7.74887834597484));
#2872=CARTESIAN_POINT('Ctrl Pts',(218.739292783662,12.177703144112,7.73527521006196));
#2873=CARTESIAN_POINT('Ctrl Pts',(220.378908002727,12.2795510829955,7.89465622760803));
#2874=CARTESIAN_POINT('Ctrl Pts',(221.464455567775,12.306221161415,8.06423461986495));
#2875=CARTESIAN_POINT('Ctrl Pts',(221.458035547241,8.09670638336025,12.3259846066965));
#2876=CARTESIAN_POINT('Ctrl Pts',(220.373257679304,7.92295935928265,12.3022824246425));
#2877=CARTESIAN_POINT('Ctrl Pts',(218.189252436147,7.70218965949592,12.1692185774934));
#2878=CARTESIAN_POINT('Ctrl Pts',(215.467166806649,7.79926137259757,11.7778043253742));
#2879=CARTESIAN_POINT('Ctrl Pts',(213.766534224752,8.11104861999513,11.3542733643144));
#2880=CARTESIAN_POINT('Ctrl Pts',(213.019792662958,8.32443765152331,11.1038755371823));
#2881=CARTESIAN_POINT('Ctrl Pts',(212.657168798685,8.44739056996545,10.9652838566743));
#2882=CARTESIAN_POINT('Ctrl Pts',(212.308181865567,8.5883872173158,10.8114411884514));
#2883=CARTESIAN_POINT('Ctrl Pts',(211.872298108824,8.80662255307838,10.5796765991538));
#2884=CARTESIAN_POINT('Ctrl Pts',(211.394534811845,9.13846041017049,10.2373969121411));
#2885=CARTESIAN_POINT('Ctrl Pts',(211.114048044072,9.68465725211854,9.6874761615528));
#2886=CARTESIAN_POINT('Ctrl Pts',(211.394552414516,10.2386112845758,9.13725635666031));
#2887=CARTESIAN_POINT('Ctrl Pts',(211.872174237956,10.5800300275732,8.80628539807276));
#2888=CARTESIAN_POINT('Ctrl Pts',(212.308395172854,10.8120031094719,8.58785289451752));
#2889=CARTESIAN_POINT('Ctrl Pts',(212.773174354029,11.0169758431405,8.40000221870796));
#2890=CARTESIAN_POINT('Ctrl Pts',(213.635441415181,11.3220616312719,8.13463442263998));
#2891=CARTESIAN_POINT('Ctrl Pts',(214.945085493387,11.6487871641246,7.89418569421927));
#2892=CARTESIAN_POINT('Ctrl Pts',(216.555322971572,11.9330721639764,7.76143444082088));
#2893=CARTESIAN_POINT('Ctrl Pts',(218.735582998134,12.2030778207532,7.75688660236852));
#2894=CARTESIAN_POINT('Ctrl Pts',(220.373897171555,12.3022963961274,7.92306178760213));
#2895=CARTESIAN_POINT('Ctrl Pts',(221.458035498224,12.3259846056239,8.09670637550998));
#2896=CARTESIAN_POINT('Ctrl Pts',(221.448016584081,8.14306929582561,12.3777735362731));
#2897=CARTESIAN_POINT('Ctrl Pts',(220.365060076164,7.96125098283092,12.3559472169844));
#2898=CARTESIAN_POINT('Ctrl Pts',(218.182803146692,7.72444665949955,12.222922123213));
#2899=CARTESIAN_POINT('Ctrl Pts',(215.458831780104,7.8050529853066,11.8228480125035));
#2900=CARTESIAN_POINT('Ctrl Pts',(213.755585860893,8.10993523260525,11.3892508932914));
#2901=CARTESIAN_POINT('Ctrl Pts',(213.007479933473,8.32138896963661,11.1331736270029));
#2902=CARTESIAN_POINT('Ctrl Pts',(212.644153242749,8.44367641336478,10.9915214393206));
#2903=CARTESIAN_POINT('Ctrl Pts',(212.294452722397,8.58435326083701,10.8343876376353));
#2904=CARTESIAN_POINT('Ctrl Pts',(211.857636245479,8.8027770566001,10.5978982406379));
#2905=CARTESIAN_POINT('Ctrl Pts',(211.378780456358,9.13610110040467,10.2491183214857));
#2906=CARTESIAN_POINT('Ctrl Pts',(211.097615223752,9.68783514956182,9.69069703765255));
#2907=CARTESIAN_POINT('Ctrl Pts',(211.378797947994,10.2503472263042,9.13488292277952));
#2908=CARTESIAN_POINT('Ctrl Pts',(211.857511825587,10.5982532882693,8.80243737478871));
#2909=CARTESIAN_POINT('Ctrl Pts',(212.294666207439,10.834955378343,8.58381583771641));
#2910=CARTESIAN_POINT('Ctrl Pts',(212.760395501372,11.044311925784,8.39639024757246));
#2911=CARTESIAN_POINT('Ctrl Pts',(213.62429120885,11.3562637591132,8.13298866531133));
#2912=CARTESIAN_POINT('Ctrl Pts',(214.935947528206,11.6907558924382,7.89784586474358));
#2913=CARTESIAN_POINT('Ctrl Pts',(216.547743992389,11.9815656810572,7.77381813383675));
#2914=CARTESIAN_POINT('Ctrl Pts',(218.728699544555,12.2567946905016,7.78313514767251));
#2915=CARTESIAN_POINT('Ctrl Pts',(220.365698494668,12.3559600825651,7.96135816929509));
#2916=CARTESIAN_POINT('Ctrl Pts',(221.448016535146,12.3777735352866,8.14306928761019));
#2917=CARTESIAN_POINT('Ctrl Pts',(221.439881857522,8.16765015965235,12.4832855405845));
#2918=CARTESIAN_POINT('Ctrl Pts',(220.356878168827,7.97600773920862,12.4572438402918));
#2919=CARTESIAN_POINT('Ctrl Pts',(218.172704429136,7.72244947776295,12.3126161841704));
#2920=CARTESIAN_POINT('Ctrl Pts',(215.443421976674,7.79077050368751,11.8914889944795));
#2921=CARTESIAN_POINT('Ctrl Pts',(213.736084328196,8.09346353074126,11.440555757357));
#2922=CARTESIAN_POINT('Ctrl Pts',(212.986077054421,8.30558081747708,11.1754765212802));
#2923=CARTESIAN_POINT('Ctrl Pts',(212.621808642336,8.42859824482923,11.0290904876779));
#2924=CARTESIAN_POINT('Ctrl Pts',(212.271185265806,8.57045386522872,10.866967775501));
#2925=CARTESIAN_POINT('Ctrl Pts',(211.833198331609,8.79123188430338,10.6234152109187));
#2926=CARTESIAN_POINT('Ctrl Pts',(211.353030749229,9.12907204430689,10.2650452253855));
#2927=CARTESIAN_POINT('Ctrl Pts',(211.071080979494,9.69078992402437,9.69371028988055));
#2928=CARTESIAN_POINT('Ctrl Pts',(211.353048238794,10.2662996401856,9.12782908484842));
#2929=CARTESIAN_POINT('Ctrl Pts',(211.833073498839,10.6237772629658,8.79088482496243));
#2930=CARTESIAN_POINT('Ctrl Pts',(212.271399264989,10.8675486222469,8.56990670027339));
#2931=CARTESIAN_POINT('Ctrl Pts',(212.738357493455,11.0835511755744,8.38090980187963));
#2932=CARTESIAN_POINT('Ctrl Pts',(213.604473731298,11.4062424603592,8.11633976596759));
#2933=CARTESIAN_POINT('Ctrl Pts',(214.919283148514,11.7540945724567,7.88287433986818));
#2934=CARTESIAN_POINT('Ctrl Pts',(216.534456190416,12.0585966051798,7.76446518004348));
#2935=CARTESIAN_POINT('Ctrl Pts',(218.719083229642,12.3493995768322,7.78531391705558));
#2936=CARTESIAN_POINT('Ctrl Pts',(220.357516615117,12.4572591908532,7.97612071717136));
#2937=CARTESIAN_POINT('Ctrl Pts',(221.439881808585,12.4832855394072,8.16765015099259));
#2938=CARTESIAN_POINT('Ctrl Pts',(221.441093323519,8.14084982734307,12.5799918667853));
#2939=CARTESIAN_POINT('Ctrl Pts',(220.355201781284,7.94544350924449,12.5467118359178));
#2940=CARTESIAN_POINT('Ctrl Pts',(218.165028803448,7.68752130133764,12.3871659008814));
#2941=CARTESIAN_POINT('Ctrl Pts',(215.4287227205,7.75777584633217,11.9462384358934));
#2942=CARTESIAN_POINT('Ctrl Pts',(213.717386538014,8.06599837126976,11.48098866738));
#2943=CARTESIAN_POINT('Ctrl Pts',(212.965690855536,8.28186054327701,11.2086620709185));
#2944=CARTESIAN_POINT('Ctrl Pts',(212.600615967813,8.40703445507673,11.0584871622903));
#2945=CARTESIAN_POINT('Ctrl Pts',(212.249229033918,8.55136482267283,10.8923821041993));
#2946=CARTESIAN_POINT('Ctrl Pts',(211.810302980509,8.77599309059486,10.6431671239134));
#2947=CARTESIAN_POINT('Ctrl Pts',(211.329131447979,9.1197381457979,10.2770272648089));
#2948=CARTESIAN_POINT('Ctrl Pts',(211.04660631332,9.69157400978744,9.69454338444709));
#2949=CARTESIAN_POINT('Ctrl Pts',(211.329149104967,10.2783032147368,9.11847355995809));
#2950=CARTESIAN_POINT('Ctrl Pts',(211.810178127043,10.6435351012115,8.77563942290667));
#2951=CARTESIAN_POINT('Ctrl Pts',(212.249443773091,10.8929735660051,8.55080769907202));
#2952=CARTESIAN_POINT('Ctrl Pts',(212.717418984515,11.1142816143283,8.35851334090006));
#2953=CARTESIAN_POINT('Ctrl Pts',(213.585467666586,11.4455775656763,8.08929213580961));
#2954=CARTESIAN_POINT('Ctrl Pts',(214.903359014683,11.8044714136541,7.85156290780742));
#2955=CARTESIAN_POINT('Ctrl Pts',(216.522561555357,12.121238973237,7.73071806116903));
#2956=CARTESIAN_POINT('Ctrl Pts',(218.712908846228,12.4276992720012,7.7514703472436));
#2957=CARTESIAN_POINT('Ctrl Pts',(220.355841930003,12.5467314535744,7.94555870612805));
#2958=CARTESIAN_POINT('Ctrl Pts',(221.441093274451,12.5799918652816,8.14084981851374));
#2959=CARTESIAN_POINT('Ctrl Pts',(221.447750298459,8.0928167599272,12.6292795987366));
#2960=CARTESIAN_POINT('Ctrl Pts',(220.358412829082,7.89864989780458,12.5919874716481));
#2961=CARTESIAN_POINT('Ctrl Pts',(218.161914784825,7.64461140230111,12.4248139543993));
#2962=CARTESIAN_POINT('Ctrl Pts',(215.419302716085,7.72349108543822,11.9747231782029));
#2963=CARTESIAN_POINT('Ctrl Pts',(213.704701600279,8.03959680946118,11.5026877985835));
#2964=CARTESIAN_POINT('Ctrl Pts',(212.951672503065,8.25978634549412,11.2267514127794));
#2965=CARTESIAN_POINT('Ctrl Pts',(212.585969729323,8.38728516146929,11.0746415890229));
#2966=CARTESIAN_POINT('Ctrl Pts',(212.233996563261,8.53412068554309,10.9064449690095));
#2967=CARTESIAN_POINT('Ctrl Pts',(211.79435854216,8.76239717441674,10.6541418013997));
#2968=CARTESIAN_POINT('Ctrl Pts',(211.312441223495,9.11129865756981,10.2835317099786));
#2969=CARTESIAN_POINT('Ctrl Pts',(211.029496446372,9.69081076674296,9.69381437352502));
#2970=CARTESIAN_POINT('Ctrl Pts',(211.312458898527,10.2848222453159,9.11002069071854));
#2971=CARTESIAN_POINT('Ctrl Pts',(211.794233510088,10.6545143589879,8.76204114985017));
#2972=CARTESIAN_POINT('Ctrl Pts',(212.234211676837,10.9070436840364,8.53355829614326));
#2973=CARTESIAN_POINT('Ctrl Pts',(212.702967687809,11.13113883563,8.33792667463881));
#2974=CARTESIAN_POINT('Ctrl Pts',(213.572530033537,11.4667592246845,8.06349944910951));
#2975=CARTESIAN_POINT('Ctrl Pts',(214.89294061921,11.8308865256403,7.81968021183121));
#2976=CARTESIAN_POINT('Ctrl Pts',(216.51566092537,12.1533691405306,7.6929960868821));
#2977=CARTESIAN_POINT('Ctrl Pts',(218.711381677006,12.467260166074,7.70755998607073));
#2978=CARTESIAN_POINT('Ctrl Pts',(220.359055009235,12.5920094545003,7.89876436403155));
#2979=CARTESIAN_POINT('Ctrl Pts',(221.447750249236,12.6292795970517,8.09281675115232));
#2980=CARTESIAN_POINT('Ctrl Pts',(221.451383658094,8.06888316653845,12.6450904778305));
#2981=CARTESIAN_POINT('Ctrl Pts',(220.360498342073,7.87562698964244,12.6066508920977));
#2982=CARTESIAN_POINT('Ctrl Pts',(218.16112023814,7.6240058787048,12.4373307108878));
#2983=CARTESIAN_POINT('Ctrl Pts',(215.415616099256,7.70728419552852,11.9846580566866));
#2984=CARTESIAN_POINT('Ctrl Pts',(213.699492685634,8.02724922046123,11.5105247603973));
#2985=CARTESIAN_POINT('Ctrl Pts',(212.945841043192,8.24949769743357,11.2333886341642));
#2986=CARTESIAN_POINT('Ctrl Pts',(212.579844393149,8.37809425093153,11.0806164894668));
#2987=CARTESIAN_POINT('Ctrl Pts',(212.227596207827,8.52610367235833,10.9116821156578));
#2988=CARTESIAN_POINT('Ctrl Pts',(211.787623508503,8.75607155395475,10.6582511047251));
#2989=CARTESIAN_POINT('Ctrl Pts',(211.305354259021,9.10733107531868,10.2859341423566));
#2990=CARTESIAN_POINT('Ctrl Pts',(211.022210916789,9.69022050881732,9.69323876202456));
#2991=CARTESIAN_POINT('Ctrl Pts',(211.305372058652,10.2872323089407,9.10604474972835));
#2992=CARTESIAN_POINT('Ctrl Pts',(211.787498572984,10.6586263444835,8.75571187489193));
#2993=CARTESIAN_POINT('Ctrl Pts',(212.227811691448,10.9122844802794,8.52553608374548));
#2994=CARTESIAN_POINT('Ctrl Pts',(212.696934051598,11.1373626147256,8.3283404309066));
#2995=CARTESIAN_POINT('Ctrl Pts',(213.567204301631,11.4744374866265,8.05144155051055));
#2996=CARTESIAN_POINT('Ctrl Pts',(214.888786461447,11.8401839713427,7.80465717127));
#2997=CARTESIAN_POINT('Ctrl Pts',(216.513128788327,12.1643292811034,7.6750401235507));
#2998=CARTESIAN_POINT('Ctrl Pts',(218.71130487571,12.4803173764327,7.68636277293117));
#2999=CARTESIAN_POINT('Ctrl Pts',(220.361141434706,12.6066735513956,7.87574091901628));
#3000=CARTESIAN_POINT('Ctrl Pts',(221.451383608801,12.6450904760936,8.06888315780593));
#3001=CARTESIAN_POINT('',(213.591551275843,8.16833120273558,11.2683312027356));
#3002=CARTESIAN_POINT('Ctrl Pts',(221.4507758189,8.06210107383932,12.3058828818734));
#3003=CARTESIAN_POINT('Ctrl Pts',(220.369091972001,7.89366882695679,12.2789612124402));
#3004=CARTESIAN_POINT('Ctrl Pts',(218.187954893225,7.68304550371063,12.1422996560687));
#3005=CARTESIAN_POINT('Ctrl Pts',(215.539857691336,7.78849292916124,11.7631664994095));
#3006=CARTESIAN_POINT('Ctrl Pts',(214.034960127781,8.05988342382562,11.3989628035829));
#3007=CARTESIAN_POINT('Ctrl Pts',(213.591768098851,8.16929330935004,11.2673464642534));
#3008=CARTESIAN_POINT('',(221.450775823903,12.3058828666202,8.06210106253784));
#3009=CARTESIAN_POINT('Ctrl Pts',(213.591768098851,8.16929330935003,11.2673464642534));
#3010=CARTESIAN_POINT('Ctrl Pts',(213.527653231375,8.18512121204933,11.2483060402318));
#3011=CARTESIAN_POINT('Ctrl Pts',(213.337603942935,8.23393538100936,11.1902991890353));
#3012=CARTESIAN_POINT('Ctrl Pts',(213.026138399215,8.32382208163317,11.0869546440547));
#3013=CARTESIAN_POINT('Ctrl Pts',(212.663974861597,8.44752743017022,10.9499881934959));
#3014=CARTESIAN_POINT('Ctrl Pts',(212.315464276873,8.5890661348744,10.7979429012443));
#3015=CARTESIAN_POINT('Ctrl Pts',(211.880213161021,8.80764215534885,10.5688166748022));
#3016=CARTESIAN_POINT('Ctrl Pts',(211.403208362206,9.13911399165604,10.230264038143));
#3017=CARTESIAN_POINT('Ctrl Pts',(211.123202051077,9.68244259689366,9.68523552385944));
#3018=CARTESIAN_POINT('Ctrl Pts',(211.403226043895,10.2314653766399,9.13792346023217));
#3019=CARTESIAN_POINT('Ctrl Pts',(211.880089696103,10.5691658842553,8.80731114686913));
#3020=CARTESIAN_POINT('Ctrl Pts',(212.315677510132,10.7984980516314,8.588538283648));
#3021=CARTESIAN_POINT('Ctrl Pts',(212.779822468571,11.0010768963164,8.39996634017204));
#3022=CARTESIAN_POINT('Ctrl Pts',(213.64103317283,11.3025714478666,8.13259523782911));
#3023=CARTESIAN_POINT('Ctrl Pts',(214.949472904156,11.6257259229069,7.88786419610223));
#3024=CARTESIAN_POINT('Ctrl Pts',(216.558971322726,11.9078841420959,7.74887834597484));
#3025=CARTESIAN_POINT('Ctrl Pts',(218.734713614567,12.1771364630709,7.73530377972963));
#3026=CARTESIAN_POINT('Ctrl Pts',(220.369725201104,12.2789798847807,7.89376492742824));
#3027=CARTESIAN_POINT('Ctrl Pts',(221.450775794814,12.3058828996278,8.06210105432162));
#3028=CARTESIAN_POINT('Ctrl Pts',(221.45077579468,12.3058828996245,8.06210105430076));
#3029=CARTESIAN_POINT('Ctrl Pts',(221.450714401975,12.3062056405664,8.06263438409789));
#3030=CARTESIAN_POINT('Ctrl Pts',(221.450653198913,12.306530959806,8.06316613655322));
#3031=CARTESIAN_POINT('Ctrl Pts',(221.450592170916,12.3068588406821,8.06369629879367));
#3032=CARTESIAN_POINT('Ctrl Pts',(221.449298303966,12.3138103096719,8.07493637603601));
#3033=CARTESIAN_POINT('Ctrl Pts',(221.448090128569,12.3218893103521,8.0854318035367));
#3034=CARTESIAN_POINT('Ctrl Pts',(221.446979820793,12.3309374220977,8.0950688323385));
#3035=CARTESIAN_POINT('Ctrl Pts',(221.446809603888,12.3323245524135,8.09654624720492));
#3036=CARTESIAN_POINT('Ctrl Pts',(221.446641695182,12.3337345370012,8.09800342538506));
#3037=CARTESIAN_POINT('Ctrl Pts',(221.44647614843,12.3351668830046,8.09943988442745));
#3038=CARTESIAN_POINT('Ctrl Pts',(221.445391816863,12.3445487522691,8.10884869410592));
#3039=CARTESIAN_POINT('Ctrl Pts',(221.444414436713,12.3548345066067,8.11731894010435));
#3040=CARTESIAN_POINT('Ctrl Pts',(221.443558483211,12.3658756387499,8.124724767172));
#3041=CARTESIAN_POINT('Ctrl Pts',(221.443431203797,12.3675174438565,8.12582600611566));
#3042=CARTESIAN_POINT('Ctrl Pts',(221.443306619986,12.3691760089462,8.12690363581137));
#3043=CARTESIAN_POINT('Ctrl Pts',(221.44318479163,12.3708509002976,8.12795716059899));
#3044=CARTESIAN_POINT('Ctrl Pts',(221.442733009562,12.3770619820372,8.13186399823662));
#3045=CARTESIAN_POINT('Ctrl Pts',(221.442320949849,12.3834712694637,8.13542322260152));
#3046=CARTESIAN_POINT('Ctrl Pts',(221.441951082356,12.3900531419453,8.13861570125131));
#3047=CARTESIAN_POINT('Ctrl Pts',(221.441280804591,12.4019808805504,8.14440114467086));
#3048=CARTESIAN_POINT('Ctrl Pts',(221.440748601462,12.4144746446505,8.14898516186491));
#3049=CARTESIAN_POINT('Ctrl Pts',(221.440359399098,12.42733503755,8.15231863289816));
#3050=CARTESIAN_POINT('Ctrl Pts',(221.440202148848,12.4325310491633,8.15366546221642));
#3051=CARTESIAN_POINT('Ctrl Pts',(221.440068330999,12.4377870994869,8.15480759479368));
#3052=CARTESIAN_POINT('Ctrl Pts',(221.439958663871,12.4430904114495,8.15573942782658));
#3053=CARTESIAN_POINT('Ctrl Pts',(221.439748737808,12.4532420715781,8.15752315322558));
#3054=CARTESIAN_POINT('Ctrl Pts',(221.439628652375,12.46349062845,8.15852400396095));
#3055=CARTESIAN_POINT('Ctrl Pts',(221.439601812736,12.4737433654619,8.15872372782226));
#3056=CARTESIAN_POINT('Ctrl Pts',(221.439567035774,12.4870281582915,8.15898251629187));
#3057=CARTESIAN_POINT('Ctrl Pts',(221.439688469625,12.5003211140705,8.15789802793039));
#3058=CARTESIAN_POINT('Ctrl Pts',(221.439957353123,12.513432520765,8.15551915206385));
#3059=CARTESIAN_POINT('Ctrl Pts',(221.440004533825,12.5157331653629,8.15510173324382));
#3060=CARTESIAN_POINT('Ctrl Pts',(221.44005627679,12.5180281914763,8.15464433671382));
#3061=CARTESIAN_POINT('Ctrl Pts',(221.440112563185,12.5203165239418,8.15414707114626));
#3062=CARTESIAN_POINT('Ctrl Pts',(221.440433201742,12.5333521361878,8.15131437038289));
#3063=CARTESIAN_POINT('Ctrl Pts',(221.440897376491,12.5460436454004,8.14721972016053));
#3064=CARTESIAN_POINT('Ctrl Pts',(221.441498631093,12.5582046783252,8.14192812157443));
#3065=CARTESIAN_POINT('Ctrl Pts',(221.441932903518,12.5669883138116,8.13810612114007));
#3066=CARTESIAN_POINT('Ctrl Pts',(221.442438880591,12.5754953604505,8.13365854697672));
#3067=CARTESIAN_POINT('Ctrl Pts',(221.443017032919,12.5836492304112,8.12859444852209));
#3068=CARTESIAN_POINT('Ctrl Pts',(221.443196519157,12.5861805830872,8.12702230925126));
#3069=CARTESIAN_POINT('Ctrl Pts',(221.443382979222,12.5886778340458,8.12539066156261));
#3070=CARTESIAN_POINT('Ctrl Pts',(221.443576189327,12.5911392520306,8.12370101166925));
#3071=CARTESIAN_POINT('Ctrl Pts',(221.444436831421,12.6021034815385,8.11617457392757));
#3072=CARTESIAN_POINT('Ctrl Pts',(221.445422282566,12.6122513712942,8.10757476886176));
#3073=CARTESIAN_POINT('Ctrl Pts',(221.446510771414,12.621458064092,8.09807181254217));
#3074=CARTESIAN_POINT('Ctrl Pts',(221.447546060788,12.630214783318,8.08903330956014));
#3075=CARTESIAN_POINT('Ctrl Pts',(221.448674768489,12.6381208310016,8.07917643075426));
#3076=CARTESIAN_POINT('Ctrl Pts',(221.449884581562,12.6450376261264,8.06861764033358));
#3077=CARTESIAN_POINT('Ctrl Pts',(221.43689994128,12.306478677256,8.06151866987104));
#3078=CARTESIAN_POINT('Ctrl Pts',(221.774210490951,12.2920127462103,8.07564485573535));
#3079=CARTESIAN_POINT('Ctrl Pts',(222.111655412211,12.2762423150985,8.09206783978366));
#3080=CARTESIAN_POINT('Ctrl Pts',(222.449180943764,12.2595404549967,8.11018397646556));
#3081=CARTESIAN_POINT('Ctrl Pts',(221.435775372081,12.3264233639793,8.0947026501188));
#3082=CARTESIAN_POINT('Ctrl Pts',(221.772923975533,12.3113421015919,8.10973054149331));
#3083=CARTESIAN_POINT('Ctrl Pts',(222.110204545878,12.2949275903752,8.12701442191703));
#3084=CARTESIAN_POINT('Ctrl Pts',(222.447570650075,12.2775437541286,8.14594956519566));
#3085=CARTESIAN_POINT('Ctrl Pts',(221.434883504322,12.3859516972097,8.14890090820419));
#3086=CARTESIAN_POINT('Ctrl Pts',(221.771839129375,12.3704346695371,8.16594724927848));
#3087=CARTESIAN_POINT('Ctrl Pts',(222.108907343505,12.3534784853863,8.18518900595398));
#3088=CARTESIAN_POINT('Ctrl Pts',(222.446055340174,12.3355002548052,8.20605511883769));
#3089=CARTESIAN_POINT('Ctrl Pts',(221.438529244962,12.5257617863583,8.17174217929641));
#3090=CARTESIAN_POINT('Ctrl Pts',(221.775717929661,12.5116996238815,8.19124169133436));
#3091=CARTESIAN_POINT('Ctrl Pts',(222.112957833086,12.4961096808465,8.21299860488709));
#3092=CARTESIAN_POINT('Ctrl Pts',(222.450220491793,12.4793783456617,8.23635774810326));
#3093=CARTESIAN_POINT('Ctrl Pts',(221.444762522925,12.6152233287624,8.11538671931586));
#3094=CARTESIAN_POINT('Ctrl Pts',(221.782538191787,12.6027936392715,8.13476640543948));
#3095=CARTESIAN_POINT('Ctrl Pts',(222.120319942124,12.5887633814165,8.15637404128605));
#3096=CARTESIAN_POINT('Ctrl Pts',(222.458048333771,12.5736214489943,8.17970869380104));
#3097=CARTESIAN_POINT('Ctrl Pts',(221.448541780952,12.6464010196823,8.0665073761436));
#3098=CARTESIAN_POINT('Ctrl Pts',(221.786678129537,12.6343874367312,8.08534187050387));
#3099=CARTESIAN_POINT('Ctrl Pts',(222.124784778578,12.6208240943246,8.10651205142826));
#3100=CARTESIAN_POINT('Ctrl Pts',(222.462801497115,12.6060966296066,8.12934977504485));
#3101=CARTESIAN_POINT('',(222.45,12.6066538376737,8.12848565337149));
#3102=CARTESIAN_POINT('Ctrl Pts',(222.449999999646,12.6066538345269,8.12848565760465));
#3103=CARTESIAN_POINT('Ctrl Pts',(222.116734104567,12.6211451684159,8.1060106840587));
#3104=CARTESIAN_POINT('Ctrl Pts',(221.783381529462,12.6345001562698,8.08516488548232));
#3105=CARTESIAN_POINT('Ctrl Pts',(221.450000000021,12.6463492012775,8.06658861472626));
#3106=CARTESIAN_POINT('Ctrl Pts',(221.450775826029,12.305882863168,8.06210106713187));
#3107=CARTESIAN_POINT('Ctrl Pts',(221.783464730563,12.2915800764699,8.07609556457101));
#3108=CARTESIAN_POINT('Ctrl Pts',(222.116283629783,12.2760132958535,8.0923162518719));
#3109=CARTESIAN_POINT('Ctrl Pts',(222.449180943764,12.2595404549967,8.11018397646556));
#3110=CARTESIAN_POINT('Ctrl Pts',(222.449826471192,12.6050079618621,8.13099657609239));
#3111=CARTESIAN_POINT('Ctrl Pts',(222.449942326282,12.6055610740777,8.13016657784746));
#3112=CARTESIAN_POINT('Ctrl Pts',(222.45,12.6061097071556,8.12932955780547));
#3113=CARTESIAN_POINT('Ctrl Pts',(222.45,12.6066538376737,8.1284856533715));
#3114=CARTESIAN_POINT('Ctrl Pts',(222.449826471192,14.113280252085,-5.08078089076031));
#3115=CARTESIAN_POINT('Ctrl Pts',(229.116550980794,15.301410011277,-5.50850760406737));
#3116=CARTESIAN_POINT('Ctrl Pts',(235.783275490397,16.4895397704691,-5.93623431737443));
#3117=CARTESIAN_POINT('Ctrl Pts',(242.45,17.6776695296611,-6.36396103068149));
#3118=CARTESIAN_POINT('Ctrl Pts',(222.449826471192,13.4071069245731,-7.04240255242815));
#3119=CARTESIAN_POINT('Ctrl Pts',(229.116550980794,14.2013029071824,-7.44401901157439));
#3120=CARTESIAN_POINT('Ctrl Pts',(235.783275490397,14.9978554638895,-7.8479626546975));
#3121=CARTESIAN_POINT('Ctrl Pts',(242.45,15.7920514464989,-8.24957911384374));
#3122=CARTESIAN_POINT('Ctrl Pts',(222.449826471192,11.1643654698349,-10.6656761158149));
#3123=CARTESIAN_POINT('Ctrl Pts',(229.116550980794,11.4500021220485,-11.1184956950615));
#3124=CARTESIAN_POINT('Ctrl Pts',(235.783275490397,11.7353629214218,-11.5696621655723));
#3125=CARTESIAN_POINT('Ctrl Pts',(242.45,12.0209995736353,-12.0224817448189));
#3126=CARTESIAN_POINT('Ctrl Pts',(222.449826471192,7.64804079733079,-13.0718097268318));
#3127=CARTESIAN_POINT('Ctrl Pts',(229.116550980794,7.8482278104043,-13.9774644413779));
#3128=CARTESIAN_POINT('Ctrl Pts',(235.783275490397,8.04962320174558,-14.8866701718935));
#3129=CARTESIAN_POINT('Ctrl Pts',(242.45,8.24981021481909,-15.7923248864396));
#3130=CARTESIAN_POINT('Ctrl Pts',(222.449826471192,4.65625839110717,-14.3055982636253));
#3131=CARTESIAN_POINT('Ctrl Pts',(229.116550980794,4.87844802474438,-15.7782449004227));
#3132=CARTESIAN_POINT('Ctrl Pts',(235.783275490397,5.10089013519453,-17.2500917781829));
#3133=CARTESIAN_POINT('Ctrl Pts',(242.45,5.32307976883173,-18.7227384149803));
#3134=CARTESIAN_POINT('Ctrl Pts',(222.449826471192,2.87236711968958,-14.8102310335808));
#3135=CARTESIAN_POINT('Ctrl Pts',(229.116550980794,2.99558978713892,-16.5264402478515));
#3136=CARTESIAN_POINT('Ctrl Pts',(235.783275490397,3.11907474829177,-18.2426484255535));
#3137=CARTESIAN_POINT('Ctrl Pts',(242.45,3.2422974157411,-19.9588576398241));
#3138=CARTESIAN_POINT('Ctrl Pts',(222.449826471192,-0.805416279502688,-15.1507175758159));
#3139=CARTESIAN_POINT('Ctrl Pts',(229.116550980794,-1.02943536336114,-16.992415543078));
#3140=CARTESIAN_POINT('Ctrl Pts',(235.783275490397,-1.25273415087366,-18.8306386275613));
#3141=CARTESIAN_POINT('Ctrl Pts',(242.45,-1.47675323473211,-20.6723365948234));
#3142=CARTESIAN_POINT('Ctrl Pts',(222.449826471192,-3.34770298392121,-14.7379805103451));
#3143=CARTESIAN_POINT('Ctrl Pts',(229.116550980794,-3.79949159852046,-16.2770555136557));
#3144=CARTESIAN_POINT('Ctrl Pts',(235.783275490397,-4.25103575679039,-17.8156842202514));
#3145=CARTESIAN_POINT('Ctrl Pts',(242.45,-4.70282437138964,-19.354759223562));
#3146=CARTESIAN_POINT('Ctrl Pts',(222.449826471192,-7.0427680848915,-13.4078276178477));
#3147=CARTESIAN_POINT('Ctrl Pts',(229.116550980794,-7.44385765243259,-14.2002574947045));
#3148=CARTESIAN_POINT('Ctrl Pts',(235.783275490397,-7.84684633458069,-14.9956785000136));
#3149=CARTESIAN_POINT('Ctrl Pts',(242.45,-8.24793590212177,-15.7881083768705));
#3150=CARTESIAN_POINT('Ctrl Pts',(222.449826471192,-10.6657156123883,-11.1650993828495));
#3151=CARTESIAN_POINT('Ctrl Pts',(229.116550980794,-11.1193720676202,-11.4531976166129));
#3152=CARTESIAN_POINT('Ctrl Pts',(235.783275490397,-11.5717675180652,-11.7384393340895));
#3153=CARTESIAN_POINT('Ctrl Pts',(242.45,-12.0254239732972,-12.0265375678529));
#3154=CARTESIAN_POINT('Ctrl Pts',(222.449826471192,-13.0719370756948,-7.64831400250752));
#3155=CARTESIAN_POINT('Ctrl Pts',(229.116550980794,-13.976867595435,-7.84668586524659));
#3156=CARTESIAN_POINT('Ctrl Pts',(235.783275490397,-14.8841644662789,-8.04832801439328));
#3157=CARTESIAN_POINT('Ctrl Pts',(242.45,-15.7890949860191,-8.24669987713235));
#3158=CARTESIAN_POINT('Ctrl Pts',(222.449826471192,-14.5694128639134,-4.01809828944066));
#3159=CARTESIAN_POINT('Ctrl Pts',(229.116550980794,-16.1641202806833,-4.24765114202278));
#3160=CARTESIAN_POINT('Ctrl Pts',(235.783275490397,-17.7585628294914,-4.47537659362115));
#3161=CARTESIAN_POINT('Ctrl Pts',(242.45,-19.3532702462614,-4.70492944620327));
#3162=CARTESIAN_POINT('Ctrl Pts',(222.449826471192,-15.3390865986369,-0.350863877721491));
#3163=CARTESIAN_POINT('Ctrl Pts',(229.116550980794,-17.3197565222105,-0.233864024811182));
#3164=CARTESIAN_POINT('Ctrl Pts',(235.783275490397,-19.2974812991085,-0.116943065340992));
#3165=CARTESIAN_POINT('Ctrl Pts',(242.45,-21.2781512226821,5.67875693170496E-5));
#3166=CARTESIAN_POINT('Ctrl Pts',(222.449826471192,-14.7378979907945,3.34772193296071));
#3167=CARTESIAN_POINT('Ctrl Pts',(229.116550980794,-16.2765033317446,3.80067720873764));
#3168=CARTESIAN_POINT('Ctrl Pts',(235.783275490397,-17.814673184202,4.25202089542184));
#3169=CARTESIAN_POINT('Ctrl Pts',(242.45,-19.3532785251521,4.70497617119877));
#3170=CARTESIAN_POINT('Ctrl Pts',(222.449826471192,-13.4079574744562,7.04263001172276));
#3171=CARTESIAN_POINT('Ctrl Pts',(229.116550980794,-14.200677992014,7.44299824519589));
#3172=CARTESIAN_POINT('Ctrl Pts',(235.783275490397,-14.9961633399504,7.84653209441906));
#3173=CARTESIAN_POINT('Ctrl Pts',(242.45,-15.7888838575082,8.2469003278922));
#3174=CARTESIAN_POINT('Ctrl Pts',(222.449826471192,-11.1650949627615,10.6656971775818));
#3175=CARTESIAN_POINT('Ctrl Pts',(229.116550980794,-11.4529376544898,11.1199880184193));
#3176=CARTESIAN_POINT('Ctrl Pts',(235.783275490397,-11.7382557254265,11.5718011765429));
#3177=CARTESIAN_POINT('Ctrl Pts',(242.45,-12.0260984171548,12.0260920173803));
#3178=CARTESIAN_POINT('Ctrl Pts',(222.449826471192,-7.64837414176142,13.0718649170547));
#3179=CARTESIAN_POINT('Ctrl Pts',(229.116550980794,-7.84682427758477,13.9766008743426));
#3180=CARTESIAN_POINT('Ctrl Pts',(235.783275490397,-8.04843361046791,14.884146759638));
#3181=CARTESIAN_POINT('Ctrl Pts',(242.45,-8.24688374629125,15.788882716926));
#3182=CARTESIAN_POINT('Ctrl Pts',(222.449826471192,-4.01815038381859,14.5693564509953));
#3183=CARTESIAN_POINT('Ctrl Pts',(229.116550980794,-4.24767806020935,16.1641268925747));
#3184=CARTESIAN_POINT('Ctrl Pts',(235.783275490397,-4.47545774943854,17.758496445305));
#3185=CARTESIAN_POINT('Ctrl Pts',(242.45,-4.7049854258293,19.3532668868845));
#3186=CARTESIAN_POINT('Ctrl Pts',(222.449826471192,-0.350909995737015,15.3390051655241));
#3187=CARTESIAN_POINT('Ctrl Pts',(229.116550980794,-0.233912437814023,17.3196680364404));
#3188=CARTESIAN_POINT('Ctrl Pts',(235.783275490397,-0.116946796465997,19.2974859197023));
#3189=CARTESIAN_POINT('Ctrl Pts',(242.45,5.07614569953764E-5,21.2781487906186));
#3190=CARTESIAN_POINT('Ctrl Pts',(222.449826471192,3.34763942859485,14.7378369601828));
#3191=CARTESIAN_POINT('Ctrl Pts',(229.116550980794,3.80057289651261,16.2763892140344));
#3192=CARTESIAN_POINT('Ctrl Pts',(235.783275490397,4.2518980561556,17.814689258606));
#3193=CARTESIAN_POINT('Ctrl Pts',(242.45,4.70483152407336,19.3532415124576));
#3194=CARTESIAN_POINT('Ctrl Pts',(222.449826471192,7.04258385240391,13.4077716683834));
#3195=CARTESIAN_POINT('Ctrl Pts',(229.116550980794,7.44302048226881,14.2006654108329));
#3196=CARTESIAN_POINT('Ctrl Pts',(235.783275490397,7.84674065797601,14.9962162260503));
#3197=CARTESIAN_POINT('Ctrl Pts',(242.45,8.24717728784091,15.7891099684998));
#3198=CARTESIAN_POINT('Ctrl Pts',(222.449826471192,10.6652433078723,11.1652502103635));
#3199=CARTESIAN_POINT('Ctrl Pts',(229.116550980794,11.1193552297088,11.4525665928749));
#3200=CARTESIAN_POINT('Ctrl Pts',(235.783275490397,11.5696964011775,11.7376484400345));
#3201=CARTESIAN_POINT('Ctrl Pts',(242.45,12.023808323014,12.024964822546));
#3202=CARTESIAN_POINT('Ctrl Pts',(222.449826471192,13.0717053582438,7.64823118132478));
#3203=CARTESIAN_POINT('Ctrl Pts',(229.116550980794,13.9768831697474,7.84744903531024));
#3204=CARTESIAN_POINT('Ctrl Pts',(235.783275490397,14.8865314151181,8.05001751594973));
#3205=CARTESIAN_POINT('Ctrl Pts',(242.45,15.7917092266218,8.24923536993519));
#3206=CARTESIAN_POINT('Ctrl Pts',(222.449826471192,14.2177631166187,4.86947675039576));
#3207=CARTESIAN_POINT('Ctrl Pts',(229.116550980794,15.6494405988585,5.09045451043024));
#3208=CARTESIAN_POINT('Ctrl Pts',(235.783275490397,17.079002273346,5.31005248509613));
#3209=CARTESIAN_POINT('Ctrl Pts',(242.45,18.5106797555858,5.53103024513062));
#3210=CARTESIAN_POINT('Ctrl Pts',(222.449826471192,14.7629449512721,3.10166205962591));
#3211=CARTESIAN_POINT('Ctrl Pts',(229.116550980794,16.4568100733881,3.24557848666668));
#3212=CARTESIAN_POINT('Ctrl Pts',(235.783275490397,18.1509873932391,3.3899078375211));
#3213=CARTESIAN_POINT('Ctrl Pts',(242.45,19.8448525153552,3.53382426456187));
#3214=CARTESIAN_POINT('Ctrl Pts',(222.449826471192,15.0813017199008,0.345031294446196));
#3215=CARTESIAN_POINT('Ctrl Pts',(229.116550980794,16.9039354701654,0.230132390459288));
#3216=CARTESIAN_POINT('Ctrl Pts',(235.783275490397,18.726457094569,0.114936666546414));
#3217=CARTESIAN_POINT('Ctrl Pts',(242.45,20.5490908448336,3.77625595059664E-5));
#3218=CARTESIAN_POINT('Ctrl Pts',(222.449826471192,14.8891849179908,-2.42327966982937));
#3219=CARTESIAN_POINT('Ctrl Pts',(229.116550980794,16.5410702562701,-2.79349948897409));
#3220=CARTESIAN_POINT('Ctrl Pts',(235.783275490397,18.1930096376926,-3.16359566917782));
#3221=CARTESIAN_POINT('Ctrl Pts',(242.45,19.8448949759719,-3.53381548832254));
#3222=CARTESIAN_POINT('Ctrl Pts',(222.449826471192,14.4252580714737,-4.21416298743465));
#3223=CARTESIAN_POINT('Ctrl Pts',(229.116550980794,15.7872976332329,-4.65324211958067));
#3224=CARTESIAN_POINT('Ctrl Pts',(235.783275490397,17.148670518807,-5.09184134763044));
#3225=CARTESIAN_POINT('Ctrl Pts',(242.45,18.5107100805662,-5.53092047977646));
#3226=CARTESIAN_POINT('Ctrl Pts',(222.449826471192,14.113280252085,-5.08078089076031));
#3227=CARTESIAN_POINT('Ctrl Pts',(229.116550980794,15.301410011277,-5.50850760406737));
#3228=CARTESIAN_POINT('Ctrl Pts',(235.783275490397,16.4895397704691,-5.93623431737443));
#3229=CARTESIAN_POINT('Ctrl Pts',(242.45,17.6776695296611,-6.36396103068148));
#3230=CARTESIAN_POINT('',(222.45,-8.12848565337148,12.6066538376737));
#3231=CARTESIAN_POINT('Origin',(222.45,-1.57953907334225E-20,4.62612640100464E-35));
#3232=CARTESIAN_POINT('',(222.449826471246,-8.13099657570602,12.6050079621196));
#3233=CARTESIAN_POINT('Ctrl Pts',(222.449826471192,-8.13099657609262,12.6050079618619));
#3234=CARTESIAN_POINT('Ctrl Pts',(222.449942326282,-8.13016657784813,12.6055610740773));
#3235=CARTESIAN_POINT('Ctrl Pts',(222.45,-8.1293295578066,12.6061097071549));
#3236=CARTESIAN_POINT('Ctrl Pts',(222.45,-8.12848565337149,12.6066538376737));
#3237=CARTESIAN_POINT('',(222.449999999984,-8.1310321630758,12.6050115415618));
#3238=CARTESIAN_POINT('Ctrl Pts',(222.449999999551,-8.13103216751838,12.6050115220444));
#3239=CARTESIAN_POINT('Ctrl Pts',(222.449942156658,-8.13102030487761,12.6050103292169));
#3240=CARTESIAN_POINT('Ctrl Pts',(222.449884313749,-8.13100844238022,12.6050091362445));
#3241=CARTESIAN_POINT('Ctrl Pts',(222.449826470824,-8.13099658002623,12.6050079431272));
#3242=CARTESIAN_POINT('',(222.449999999973,-12.6051636579014,8.13079634213828));
#3243=CARTESIAN_POINT('Ctrl Pts',(222.450000000711,-12.6051636107077,8.13079634226828));
#3244=CARTESIAN_POINT('Ctrl Pts',(223.446333371108,-12.6212857088383,8.32498121355045));
#3245=CARTESIAN_POINT('Ctrl Pts',(224.931704879012,-12.586177751597,8.68027298903981));
#3246=CARTESIAN_POINT('Ctrl Pts',(226.890162884228,-12.4475057242115,9.21190616409588));
#3247=CARTESIAN_POINT('Ctrl Pts',(228.355249241606,-12.3071328992818,9.62850017043436));
#3248=CARTESIAN_POINT('Ctrl Pts',(229.387163965637,-12.1844668652035,9.93313318222509));
#3249=CARTESIAN_POINT('Ctrl Pts',(229.990025016522,-12.0996490908661,10.121024418799));
#3250=CARTESIAN_POINT('Ctrl Pts',(230.230648354913,-12.0643057658898,10.1972315633567));
#3251=CARTESIAN_POINT('Ctrl Pts',(230.530325183058,-12.0172868506197,10.2946508514535));
#3252=CARTESIAN_POINT('Ctrl Pts',(230.887109491464,-11.9547784122636,10.4164658926846));
#3253=CARTESIAN_POINT('Ctrl Pts',(231.240016284363,-11.8839529486001,10.545355554256));
#3254=CARTESIAN_POINT('Ctrl Pts',(231.586159171105,-11.8005627505571,10.685233741967));
#3255=CARTESIAN_POINT('Ctrl Pts',(231.864227418014,-11.7150318665491,10.8159088757633));
#3256=CARTESIAN_POINT('Ctrl Pts',(232.072380311938,-11.6282788075223,10.9365101040265));
#3257=CARTESIAN_POINT('Ctrl Pts',(232.225883518658,-11.543261291995,11.0466489196281));
#3258=CARTESIAN_POINT('Ctrl Pts',(232.339563495303,-11.4405214137376,11.168405454092));
#3259=CARTESIAN_POINT('Ctrl Pts',(232.371126847285,-11.3304915075384,11.2847214741887));
#3260=CARTESIAN_POINT('Ctrl Pts',(232.353993800384,-11.2506628004688,11.3628806973357));
#3261=CARTESIAN_POINT('Ctrl Pts',(232.317786654107,-11.1851518861472,11.4235715060418));
#3262=CARTESIAN_POINT('Ctrl Pts',(232.266271143092,-11.1243173314663,11.4771359721686));
#3263=CARTESIAN_POINT('Ctrl Pts',(232.142034221772,-11.0121471127149,11.5713172410385));
#3264=CARTESIAN_POINT('Ctrl Pts',(231.910851741954,-10.8734820392497,11.6754945825803));
#3265=CARTESIAN_POINT('Ctrl Pts',(231.577234884193,-10.7182807027128,11.7798734943965));
#3266=CARTESIAN_POINT('Ctrl Pts',(231.115206858031,-10.5344708617747,11.892129870847));
#3267=CARTESIAN_POINT('Ctrl Pts',(230.521408068647,-10.329284367395,12.0032450750507));
#3268=CARTESIAN_POINT('Ctrl Pts',(229.919006336646,-10.1387662394192,12.0951983755288));
#3269=CARTESIAN_POINT('Ctrl Pts',(229.496142744974,-10.0096764105369,12.1532178378164));
#3270=CARTESIAN_POINT('Ctrl Pts',(229.254198510522,-9.93679039341494,12.1848712741067));
#3271=CARTESIAN_POINT('Ctrl Pts',(228.89102899456,-9.82821449572722,12.2309640305049));
#3272=CARTESIAN_POINT('Ctrl Pts',(228.103038856511,-9.59657715621298,12.3237871017893));
#3273=CARTESIAN_POINT('Ctrl Pts',(227.126921727854,-9.31609627091681,12.421471123348));
#3274=CARTESIAN_POINT('Ctrl Pts',(226.269834096961,-9.07627961057126,12.4904741621833));
#3275=CARTESIAN_POINT('Ctrl Pts',(225.840619012369,-8.95856725305615,12.5201883800566));
#3276=CARTESIAN_POINT('Ctrl Pts',(225.625792108349,-8.90032042220078,12.5337968193583));
#3277=CARTESIAN_POINT('Ctrl Pts',(225.518322671403,-8.87136711097026,12.5402754903035));
#3278=CARTESIAN_POINT('Ctrl Pts',(225.456894703857,-8.85487136351279,12.5438842866347));
#3279=CARTESIAN_POINT('Ctrl Pts',(224.934646328325,-8.71494904020765,12.574018876263));
#3280=CARTESIAN_POINT('Ctrl Pts',(223.937237965104,-8.45762391245979,12.6144030471299));
#3281=CARTESIAN_POINT('Ctrl Pts',(222.945117278116,-8.23257270497727,12.6152217566168));
#3282=CARTESIAN_POINT('Ctrl Pts',(222.449999999479,-8.13103216750364,12.6050115220429));
#3283=CARTESIAN_POINT('',(222.449845905153,-12.6051611628932,8.13076630948932));
#3284=CARTESIAN_POINT('Ctrl Pts',(222.449845905985,-12.6051611169208,8.13076630963327));
#3285=CARTESIAN_POINT('Ctrl Pts',(222.449897270952,-12.6051619482887,8.1307763204065));
#3286=CARTESIAN_POINT('Ctrl Pts',(222.449948635899,-12.6051627795516,8.13078633129233));
#3287=CARTESIAN_POINT('Ctrl Pts',(222.450000000826,-12.6051636107096,8.13079634229076));
#3288=CARTESIAN_POINT('',(222.45,-12.6066538376737,8.12848565337149));
#3289=CARTESIAN_POINT('Ctrl Pts',(222.45,-12.6066538376737,8.12848565337148));
#3290=CARTESIAN_POINT('Ctrl Pts',(222.45,-12.6061598075137,8.12925185601708));
#3291=CARTESIAN_POINT('Ctrl Pts',(222.449948766148,-12.6056622427032,8.13001210922643));
#3292=CARTESIAN_POINT('Ctrl Pts',(222.449845905153,-12.6051611628932,8.1307663094893));
#3293=CARTESIAN_POINT('',(222.45,-12.6066538376737,-8.12848565337149));
#3294=CARTESIAN_POINT('Origin',(222.45,-1.57953907334225E-20,4.62612640100464E-35));
#3295=CARTESIAN_POINT('',(222.449826471246,-12.6050079621196,-8.13099657570599));
#3296=CARTESIAN_POINT('Ctrl Pts',(222.449826520355,-12.6050068848332,-8.13099516740203));
#3297=CARTESIAN_POINT('Ctrl Pts',(222.449941487861,-12.6055565975324,-8.13017221162595));
#3298=CARTESIAN_POINT('Ctrl Pts',(222.450000000908,-12.606105668276,-8.12933578779052));
#3299=CARTESIAN_POINT('Ctrl Pts',(222.449999999646,-12.6066538345269,-8.12848565760463));
#3300=CARTESIAN_POINT('',(222.449999999988,-12.605011541562,-8.13103216307715));
#3301=CARTESIAN_POINT('Ctrl Pts',(222.450000007801,-12.6050114904591,-8.13103213011422));
#3302=CARTESIAN_POINT('Ctrl Pts',(222.449942164827,-12.6050102979189,-8.13102026781135));
#3303=CARTESIAN_POINT('Ctrl Pts',(222.449884321842,-12.605009105232,-8.1310084056507));
#3304=CARTESIAN_POINT('Ctrl Pts',(222.449826478848,-12.6050079123983,-8.13099654363232));
#3305=CARTESIAN_POINT('',(222.449999999979,-8.13079634214047,-12.6051636579016));
#3306=CARTESIAN_POINT('Ctrl Pts',(222.450000000937,-8.13079634066407,-12.6051636164295));
#3307=CARTESIAN_POINT('Ctrl Pts',(223.446335290375,-8.32498130783839,-12.6212867095732));
#3308=CARTESIAN_POINT('Ctrl Pts',(224.559667980118,-8.59123157642018,-12.5951209970259));
#3309=CARTESIAN_POINT('Ctrl Pts',(225.785707780411,-8.91410645637694,-12.5227422578328));
#3310=CARTESIAN_POINT('Ctrl Pts',(226.276918230507,-9.04586217298568,-12.4901395945793));
#3311=CARTESIAN_POINT('Ctrl Pts',(226.889524361436,-9.21408530901077,-12.4429962481655));
#3312=CARTESIAN_POINT('Ctrl Pts',(227.6228347001,-9.42029606887731,-12.3772878453989));
#3313=CARTESIAN_POINT('Ctrl Pts',(228.232475724694,-9.59515925627563,-12.3154557850898));
#3314=CARTESIAN_POINT('Ctrl Pts',(228.71912568365,-9.73699263581338,-12.2616768799313));
#3315=CARTESIAN_POINT('Ctrl Pts',(229.204873975226,-9.88037546157701,-12.2047931788281));
#3316=CARTESIAN_POINT('Ctrl Pts',(229.749665145514,-10.0448248487882,-12.1351156857256));
#3317=CARTESIAN_POINT('Ctrl Pts',(230.201078504173,-10.187338057799,-12.0692366695302));
#3318=CARTESIAN_POINT('Ctrl Pts',(230.440557937869,-10.2657347214673,-12.0310612561651));
#3319=CARTESIAN_POINT('Ctrl Pts',(230.619820492335,-10.3251347248872,-12.0016794921592));
#3320=CARTESIAN_POINT('Ctrl Pts',(230.88762281556,-10.4162874909365,-11.9550367722659));
#3321=CARTESIAN_POINT('Ctrl Pts',(231.357536785156,-10.5888094246157,-11.8598457059417));
#3322=CARTESIAN_POINT('Ctrl Pts',(231.817225264209,-10.7800633709553,-11.743234932711));
#3323=CARTESIAN_POINT('Ctrl Pts',(232.174775235877,-10.9989846760151,-11.5824547259151));
#3324=CARTESIAN_POINT('Ctrl Pts',(232.330084299614,-11.1572311389938,-11.4501047980839));
#3325=CARTESIAN_POINT('Ctrl Pts',(232.373060427611,-11.2732449672897,-11.3421276596107));
#3326=CARTESIAN_POINT('Ctrl Pts',(232.353537185308,-11.3628099304869,-11.2506664090819));
#3327=CARTESIAN_POINT('Ctrl Pts',(232.305211677298,-11.4437169066333,-11.1633248874673));
#3328=CARTESIAN_POINT('Ctrl Pts',(232.167262843427,-11.5598128718273,-11.027417852446));
#3329=CARTESIAN_POINT('Ctrl Pts',(231.807451172613,-11.7211367010208,-10.8124077874705));
#3330=CARTESIAN_POINT('Ctrl Pts',(231.404860579432,-11.824635873156,-10.6470363152851));
#3331=CARTESIAN_POINT('Ctrl Pts',(231.053837137557,-11.9001504429776,-10.5165273057517));
#3332=CARTESIAN_POINT('Ctrl Pts',(230.817592131783,-11.9469054235214,-10.4324719388241));
#3333=CARTESIAN_POINT('Ctrl Pts',(230.519663311752,-12.0002610474088,-10.3315272692829));
#3334=CARTESIAN_POINT('Ctrl Pts',(230.159463239968,-12.0582159095757,-10.2151001381791));
#3335=CARTESIAN_POINT('Ctrl Pts',(229.677232107435,-12.1293737970388,-10.0643185926058));
#3336=CARTESIAN_POINT('Ctrl Pts',(229.193326698663,-12.1932702307629,-9.91839319866437));
#3337=CARTESIAN_POINT('Ctrl Pts',(228.708706441666,-12.2522157947146,-9.77484580408654));
#3338=CARTESIAN_POINT('Ctrl Pts',(227.494476198512,-12.3912148623631,-9.41978982279115));
#3339=CARTESIAN_POINT('Ctrl Pts',(225.421003244458,-12.5786455971217,-8.82702157373975));
#3340=CARTESIAN_POINT('Ctrl Pts',(223.444436825063,-12.6255102423544,-8.3349742038462));
#3341=CARTESIAN_POINT('Ctrl Pts',(222.450000001617,-12.6050114686492,-8.13103216245833));
#3342=CARTESIAN_POINT('',(222.449845905153,-8.13076630948935,-12.6051611628932));
#3343=CARTESIAN_POINT('Ctrl Pts',(222.449845906181,-8.13076630806578,-12.6051611224939));
#3344=CARTESIAN_POINT('Ctrl Pts',(222.44989727115,-8.13077631882543,-12.6051619539109));
#3345=CARTESIAN_POINT('Ctrl Pts',(222.449948636101,-8.13078632969772,-12.6051627852233));
#3346=CARTESIAN_POINT('Ctrl Pts',(222.450000001033,-8.13079634068264,-12.605163616431));
#3347=CARTESIAN_POINT('',(222.45,-8.12848565337149,-12.6066538376737));
#3348=CARTESIAN_POINT('Ctrl Pts',(222.449999999743,-8.12848565702126,-12.6066538349611));
#3349=CARTESIAN_POINT('Ctrl Pts',(222.450000000809,-8.12925726106372,-12.6061563039288));
#3350=CARTESIAN_POINT('Ctrl Pts',(222.449948054213,-8.1300170246628,-12.6056583818327));
#3351=CARTESIAN_POINT('Ctrl Pts',(222.449845945826,-8.13076514492872,-12.605160271628));
#3352=CARTESIAN_POINT('',(222.45,8.12848565337149,-12.6066538376737));
#3353=CARTESIAN_POINT('Origin',(222.45,-1.57953907334225E-20,4.62612640100464E-35));
#3354=CARTESIAN_POINT('',(222.449826471246,8.13099657570602,-12.6050079621196));
#3355=CARTESIAN_POINT('Ctrl Pts',(222.449826520356,8.13099516740207,-12.6050068848332));
#3356=CARTESIAN_POINT('Ctrl Pts',(222.449941487861,8.13017221162599,-12.6055565975323));
#3357=CARTESIAN_POINT('Ctrl Pts',(222.450000000908,8.12933578779054,-12.606105668276));
#3358=CARTESIAN_POINT('Ctrl Pts',(222.449999999646,8.12848565760465,-12.6066538345269));
#3359=CARTESIAN_POINT('',(222.45,8.13103216308219,-12.6050115415625));
#3360=CARTESIAN_POINT('Ctrl Pts',(222.450000000237,8.13103217042214,-12.6050114686762));
#3361=CARTESIAN_POINT('Ctrl Pts',(222.449942157345,8.131020307756,-12.6050102763341));
#3362=CARTESIAN_POINT('Ctrl Pts',(222.449884314424,8.13100844523098,-12.6050090838435));
#3363=CARTESIAN_POINT('Ctrl Pts',(222.449826471477,8.13099658284708,-12.6050078912044));
#3364=CARTESIAN_POINT('',(222.45,12.6051636579023,-8.13079634214878));
#3365=CARTESIAN_POINT('Ctrl Pts',(222.449999995074,12.605163584417,-8.13079637352335));
#3366=CARTESIAN_POINT('Ctrl Pts',(223.446329142182,12.6212811974736,-8.32498587556362));
#3367=CARTESIAN_POINT('Ctrl Pts',(225.427107779471,12.5732995327051,-8.80020860188045));
#3368=CARTESIAN_POINT('Ctrl Pts',(227.869365039848,12.36464830303,-9.4855525997007));
#3369=CARTESIAN_POINT('Ctrl Pts',(229.812242367288,12.1336264599685,-10.0588263269648));
#3370=CARTESIAN_POINT('Ctrl Pts',(230.833145600188,11.9752756273245,-10.387482112049));
#3371=CARTESIAN_POINT('Ctrl Pts',(231.41333933067,11.8421515678344,-10.6154603699991));
#3372=CARTESIAN_POINT('Ctrl Pts',(231.642139545317,11.7834052052083,-10.7114984145364));
#3373=CARTESIAN_POINT('Ctrl Pts',(231.919615198059,11.6974314717042,-10.842528645902));
#3374=CARTESIAN_POINT('Ctrl Pts',(232.175325123542,11.58256052055,-10.9989790129147));
#3375=CARTESIAN_POINT('Ctrl Pts',(232.310812610346,11.4665281660866,-11.1376101953501));
#3376=CARTESIAN_POINT('Ctrl Pts',(232.356365593395,11.3856428430556,-11.2266039306883));
#3377=CARTESIAN_POINT('Ctrl Pts',(232.372119007553,11.2965568992834,-11.3192542408947));
#3378=CARTESIAN_POINT('Ctrl Pts',(232.325001818411,11.1825342930041,-11.4273693600702));
#3379=CARTESIAN_POINT('Ctrl Pts',(232.166724000668,11.027625015193,-11.5595355146147));
#3380=CARTESIAN_POINT('Ctrl Pts',(231.961480533413,10.9043840290396,-11.6521614085813));
#3381=CARTESIAN_POINT('Ctrl Pts',(231.633907862564,10.7418754977538,-11.7650051293336));
#3382=CARTESIAN_POINT('Ctrl Pts',(230.942555480901,10.4628547448658,-11.9373859241529));
#3383=CARTESIAN_POINT('Ctrl Pts',(229.799219123254,10.0960954363347,-12.1203389894454));
#3384=CARTESIAN_POINT('Ctrl Pts',(227.861270873862,9.52362921066486,-12.3589860756438));
#3385=CARTESIAN_POINT('Ctrl Pts',(225.420988565317,8.82732372142633,-12.5786484499779));
#3386=CARTESIAN_POINT('Ctrl Pts',(223.444436380922,8.33497540972671,-12.6255102430517));
#3387=CARTESIAN_POINT('Ctrl Pts',(222.450000000007,8.13103217037501,-12.6050114686715));
#3388=CARTESIAN_POINT('',(222.449845905153,12.6051611628932,-8.13076630948933));
#3389=CARTESIAN_POINT('Ctrl Pts',(222.449845900644,12.6051610913136,-8.1307663401081));
#3390=CARTESIAN_POINT('Ctrl Pts',(222.449897265574,12.6051619224561,-8.13077635115168));
#3391=CARTESIAN_POINT('Ctrl Pts',(222.449948630483,12.6051627534922,-8.13078636230943));
#3392=CARTESIAN_POINT('Ctrl Pts',(222.449999995371,12.6051635844218,-8.13079637358134));
#3393=CARTESIAN_POINT('',(222.45,12.6066538376737,-8.12848565337149));
#3394=CARTESIAN_POINT('Ctrl Pts',(222.449999999743,12.6066538349611,-8.12848565702124));
#3395=CARTESIAN_POINT('Ctrl Pts',(222.450000000809,12.6061563039288,-8.12925726106371));
#3396=CARTESIAN_POINT('Ctrl Pts',(222.449948054213,12.6056583818327,-8.1300170246628));
#3397=CARTESIAN_POINT('Ctrl Pts',(222.449845945825,12.605160271628,-8.13076514492871));
#3398=CARTESIAN_POINT('',(222.45,14.1133111780278,-5.08079202409973));
#3399=CARTESIAN_POINT('Origin',(222.45,-1.57953907334225E-20,4.62612640100464E-35));
#3400=CARTESIAN_POINT('',(242.45,17.6776695296611,-6.36396103068149));
#3401=CARTESIAN_POINT('',(222.45,14.1133111780278,-5.08079202409973));
#3402=CARTESIAN_POINT('Ctrl Pts',(242.45,17.6776695296611,-6.36396103068149));
#3403=CARTESIAN_POINT('Ctrl Pts',(242.45,15.7920514464989,-8.24957911384374));
#3404=CARTESIAN_POINT('Ctrl Pts',(242.45,12.0209995736353,-12.0224817448189));
#3405=CARTESIAN_POINT('Ctrl Pts',(242.45,8.24981021481909,-15.7923248864396));
#3406=CARTESIAN_POINT('Ctrl Pts',(242.45,5.32307976883173,-18.7227384149803));
#3407=CARTESIAN_POINT('Ctrl Pts',(242.45,3.2422974157411,-19.9588576398241));
#3408=CARTESIAN_POINT('Ctrl Pts',(242.45,-1.47675323473211,-20.6723365948234));
#3409=CARTESIAN_POINT('Ctrl Pts',(242.45,-4.70282437138964,-19.354759223562));
#3410=CARTESIAN_POINT('Ctrl Pts',(242.45,-8.24793590212177,-15.7881083768705));
#3411=CARTESIAN_POINT('Ctrl Pts',(242.45,-12.0254239732972,-12.0265375678529));
#3412=CARTESIAN_POINT('Ctrl Pts',(242.45,-15.7890949860191,-8.24669987713235));
#3413=CARTESIAN_POINT('Ctrl Pts',(242.45,-19.3532702462614,-4.70492944620327));
#3414=CARTESIAN_POINT('Ctrl Pts',(242.45,-21.2781512226821,5.67875693170496E-5));
#3415=CARTESIAN_POINT('Ctrl Pts',(242.45,-19.3532785251521,4.70497617119877));
#3416=CARTESIAN_POINT('Ctrl Pts',(242.45,-15.7888838575082,8.2469003278922));
#3417=CARTESIAN_POINT('Ctrl Pts',(242.45,-12.0260984171548,12.0260920173803));
#3418=CARTESIAN_POINT('Ctrl Pts',(242.45,-8.24688374629125,15.788882716926));
#3419=CARTESIAN_POINT('Ctrl Pts',(242.45,-4.7049854258293,19.3532668868845));
#3420=CARTESIAN_POINT('Ctrl Pts',(242.45,5.07614569953764E-5,21.2781487906186));
#3421=CARTESIAN_POINT('Ctrl Pts',(242.45,4.70483152407336,19.3532415124576));
#3422=CARTESIAN_POINT('Ctrl Pts',(242.45,8.24717728784091,15.7891099684998));
#3423=CARTESIAN_POINT('Ctrl Pts',(242.45,12.023808323014,12.024964822546));
#3424=CARTESIAN_POINT('Ctrl Pts',(242.45,15.7917092266218,8.24923536993519));
#3425=CARTESIAN_POINT('Ctrl Pts',(242.45,18.5106797555858,5.53103024513062));
#3426=CARTESIAN_POINT('Ctrl Pts',(242.45,19.8448525153552,3.53382426456187));
#3427=CARTESIAN_POINT('Ctrl Pts',(242.45,20.5490908448336,3.77625595059664E-5));
#3428=CARTESIAN_POINT('Ctrl Pts',(242.45,19.8448949759719,-3.53381548832254));
#3429=CARTESIAN_POINT('Ctrl Pts',(242.45,18.5107100805662,-5.53092047977646));
#3430=CARTESIAN_POINT('Ctrl Pts',(242.45,17.6776695296611,-6.36396103068148));
#3431=CARTESIAN_POINT('Origin',(222.45,-1.57953907334225E-20,4.62612640100464E-35));
#3432=CARTESIAN_POINT('Origin',(221.45,-1.57954944338724E-20,4.62612640100464E-35));
#3433=CARTESIAN_POINT('Ctrl Pts',(222.449999999646,-8.12848565760463,12.6066538345269));
#3434=CARTESIAN_POINT('Ctrl Pts',(222.116734105028,-8.10601068408975,12.6211451683959));
#3435=CARTESIAN_POINT('Ctrl Pts',(221.783381530065,-8.08516488551586,12.6345001562484));
#3436=CARTESIAN_POINT('Ctrl Pts',(221.450000000022,-8.06658861472625,12.6463492012775));
#3437=CARTESIAN_POINT('Ctrl Pts',(235.45,5.73883476483184,8.83883476483184));
#3438=CARTESIAN_POINT('Ctrl Pts',(234.604142714698,5.73883476483184,8.83883476483184));
#3439=CARTESIAN_POINT('Ctrl Pts',(231.968148447631,5.72939507190759,8.82939507190759));
#3440=CARTESIAN_POINT('Ctrl Pts',(226.794739232313,5.73929950853255,8.83929950853256));
#3441=CARTESIAN_POINT('Ctrl Pts',(219.505002739844,6.66175330024122,9.7617533002412));
#3442=CARTESIAN_POINT('Ctrl Pts',(214.26248565522,7.95422155074784,11.0542215507478));
#3443=CARTESIAN_POINT('Ctrl Pts',(211.552417584054,8.73104456490895,11.831044564909));
#3444=CARTESIAN_POINT('Ctrl Pts',(235.45,5.73883476483184,9.30259368036176));
#3445=CARTESIAN_POINT('Ctrl Pts',(234.603033595439,5.73883476483184,9.30259368036176));
#3446=CARTESIAN_POINT('Ctrl Pts',(231.963095709169,5.72928604854264,9.29304496407256));
#3447=CARTESIAN_POINT('Ctrl Pts',(226.822353261834,5.73969083369813,9.30344974922806));
#3448=CARTESIAN_POINT('Ctrl Pts',(219.595254584857,6.65413645073878,10.2178953662687));
#3449=CARTESIAN_POINT('Ctrl Pts',(214.375480096163,7.94016035911487,11.5039192746448));
#3450=CARTESIAN_POINT('Ctrl Pts',(211.675613505472,8.71405918664909,12.277818102179));
#3451=CARTESIAN_POINT('Ctrl Pts',(235.45,5.95258344487003,10.226686873647));
#3452=CARTESIAN_POINT('Ctrl Pts',(234.600311525689,5.95258344487003,10.226686873647));
#3453=CARTESIAN_POINT('Ctrl Pts',(231.950680502129,5.94276892820693,10.2168723569839));
#3454=CARTESIAN_POINT('Ctrl Pts',(226.890087750342,5.95440466676525,10.2285080955423));
#3455=CARTESIAN_POINT('Ctrl Pts',(219.816697774427,6.84919884390216,11.1233022726791));
#3456=CARTESIAN_POINT('Ctrl Pts',(214.652706669095,8.11941179169558,12.3935152204726));
#3457=CARTESIAN_POINT('Ctrl Pts',(211.977877188861,8.88613389779715,13.1602373265741));
#3458=CARTESIAN_POINT('Ctrl Pts',(235.45,7.13133201948871,11.7264424593656));
#3459=CARTESIAN_POINT('Ctrl Pts',(234.593908338656,7.13133201948871,11.7264424593656));
#3460=CARTESIAN_POINT('Ctrl Pts',(231.921557117825,7.12088230779532,11.7159927476722));
#3461=CARTESIAN_POINT('Ctrl Pts',(227.049632177152,7.13539698884416,11.730507428721));
#3462=CARTESIAN_POINT('Ctrl Pts',(220.337932255548,7.98394934807076,12.5790597879476));
#3463=CARTESIAN_POINT('Ctrl Pts',(215.305346490538,9.21694091647339,13.8120513563502));
#3464=CARTESIAN_POINT('Ctrl Pts',(212.689412378816,9.96678105633423,14.5618914962111));
#3465=CARTESIAN_POINT('Ctrl Pts',(235.45,9.62635715697582,12.297947819089));
#3466=CARTESIAN_POINT('Ctrl Pts',(234.586564318531,9.62635715697582,12.297947819089));
#3467=CARTESIAN_POINT('Ctrl Pts',(231.887922189663,9.61520738927724,12.2867980513904));
#3468=CARTESIAN_POINT('Ctrl Pts',(227.232014753928,9.63307169840455,12.3046623605178));
#3469=CARTESIAN_POINT('Ctrl Pts',(220.93481226346,10.4286315873218,13.100222249435));
#3470=CARTESIAN_POINT('Ctrl Pts',(216.052410526369,11.61901546662,14.2906061287332));
#3471=CARTESIAN_POINT('Ctrl Pts',(213.504025397584,12.3494931391364,15.0210838012496));
#3472=CARTESIAN_POINT('Ctrl Pts',(235.45,12.0374311791956,10.379012711936));
#3473=CARTESIAN_POINT('Ctrl Pts',(234.585398290277,12.0374311791956,10.379012711936));
#3474=CARTESIAN_POINT('Ctrl Pts',(231.882802791364,12.0261431992877,10.3677247320281));
#3475=CARTESIAN_POINT('Ctrl Pts',(227.261546268893,12.044494016466,10.3860755492063));
#3476=CARTESIAN_POINT('Ctrl Pts',(221.030474400961,12.8315985712848,11.1731801040252));
#3477=CARTESIAN_POINT('Ctrl Pts',(216.17242057542,14.0151389072365,12.3567204399768));
#3478=CARTESIAN_POINT('Ctrl Pts',(213.634760365856,14.742542352886,13.0841238856263));
#3479=CARTESIAN_POINT('Ctrl Pts',(235.45,12.0344693173029,7.29902980168373));
#3480=CARTESIAN_POINT('Ctrl Pts',(234.592762334046,12.0344693173029,7.29902980168373));
#3481=CARTESIAN_POINT('Ctrl Pts',(231.916191103038,12.0239247497821,7.28848523416292));
#3482=CARTESIAN_POINT('Ctrl Pts',(227.077787034412,12.0389862168808,7.30354670126159));
#3483=CARTESIAN_POINT('Ctrl Pts',(220.430597748776,12.8792914219051,8.14385190628596));
#3484=CARTESIAN_POINT('Ctrl Pts',(215.42118031919,14.1056760206436,9.37023650502442));
#3485=CARTESIAN_POINT('Ctrl Pts',(212.815786952802,14.8524947258588,10.1170552102396));
#3486=CARTESIAN_POINT('Ctrl Pts',(235.45,9.63019640330266,5.37773720679046));
#3487=CARTESIAN_POINT('Ctrl Pts',(234.60311866538,9.63019640330266,5.37773720679046));
#3488=CARTESIAN_POINT('Ctrl Pts',(231.963570456673,9.62064536632711,5.36818616981492));
#3489=CARTESIAN_POINT('Ctrl Pts',(226.820461909024,9.63099388439997,5.37853468788779));
#3490=CARTESIAN_POINT('Ctrl Pts',(219.588685138808,10.5460373151715,6.29357811865934));
#3491=CARTESIAN_POINT('Ctrl Pts',(214.367364769363,11.8325244745264,7.58006527801419));
#3492=CARTESIAN_POINT('Ctrl Pts',(211.666715720579,12.6066475884766,8.35418839196445));
#3493=CARTESIAN_POINT('Ctrl Pts',(235.45,6.6265638661236,6.06638487639118));
#3494=CARTESIAN_POINT('Ctrl Pts',(234.608647026494,6.6265638661236,6.06638487639118));
#3495=CARTESIAN_POINT('Ctrl Pts',(231.988612927395,6.61757373440741,6.05739474467499));
#3496=CARTESIAN_POINT('Ctrl Pts',(226.682449945043,6.62545756246466,6.06527857273225));
#3497=CARTESIAN_POINT('Ctrl Pts',(219.138250840698,7.58044428976329,7.02026530003087));
#3498=CARTESIAN_POINT('Ctrl Pts',(213.803246074577,8.89910380363299,8.33892481390058));
#3499=CARTESIAN_POINT('Ctrl Pts',(211.051748149541,9.68780241025704,9.12762342052462));
#3500=CARTESIAN_POINT('Ctrl Pts',(235.45,5.73883476483184,7.911316933772));
#3501=CARTESIAN_POINT('Ctrl Pts',(234.606376957011,5.73883476483184,7.911316933772));
#3502=CARTESIAN_POINT('Ctrl Pts',(231.978607953474,5.72958025179751,7.90206242073767));
#3503=CARTESIAN_POINT('Ctrl Pts',(226.739843429049,5.73841909637382,7.91090126531399));
#3504=CARTESIAN_POINT('Ctrl Pts',(219.324334515996,6.67695186401741,8.84943403295755));
#3505=CARTESIAN_POINT('Ctrl Pts',(214.036643973372,7.98230174010036,10.1547839090405));
#3506=CARTESIAN_POINT('Ctrl Pts',(211.306025741218,8.76501532142868,10.9374974903688));
#3507=CARTESIAN_POINT('Ctrl Pts',(235.45,5.73883476483184,8.83883476483184));
#3508=CARTESIAN_POINT('Ctrl Pts',(234.604142714698,5.73883476483184,8.83883476483184));
#3509=CARTESIAN_POINT('Ctrl Pts',(231.968148447631,5.72939507190759,8.82939507190759));
#3510=CARTESIAN_POINT('Ctrl Pts',(226.794739232313,5.73929950853255,8.83929950853256));
#3511=CARTESIAN_POINT('Ctrl Pts',(219.505002739844,6.66175330024122,9.7617533002412));
#3512=CARTESIAN_POINT('Ctrl Pts',(214.26248565522,7.95422155074784,11.0542215507478));
#3513=CARTESIAN_POINT('Ctrl Pts',(211.552417584054,8.73104456490895,11.831044564909));
#3514=CARTESIAN_POINT('',(235.45,5.73883476483184,8.83883476483184));
#3515=CARTESIAN_POINT('Ctrl Pts',(235.45,5.73883476483184,8.83883476483184));
#3516=CARTESIAN_POINT('Ctrl Pts',(235.267814399383,5.73883476483184,8.83883476483184));
#3517=CARTESIAN_POINT('Ctrl Pts',(235.084014009763,5.73869128323347,8.83869128323347));
#3518=CARTESIAN_POINT('Ctrl Pts',(234.898419837026,5.73842073149016,8.83842073149016));
#3519=CARTESIAN_POINT('Ctrl Pts',(234.70852713461,5.73814391352263,8.83814391352263));
#3520=CARTESIAN_POINT('Ctrl Pts',(234.516756663669,5.73773415773342,8.83773415773342));
#3521=CARTESIAN_POINT('Ctrl Pts',(234.322947788361,5.73724208677507,8.83724208677508));
#3522=CARTESIAN_POINT('Ctrl Pts',(234.124339862005,5.73673783126819,8.83673783126819));
#3523=CARTESIAN_POINT('Ctrl Pts',(233.923591391332,5.73614722666292,8.83614722666292));
#3524=CARTESIAN_POINT('Ctrl Pts',(233.720560812146,5.73555770364833,8.83555770364833));
#3525=CARTESIAN_POINT('Ctrl Pts',(233.512165363879,5.73495260310937,8.83495260310937));
#3526=CARTESIAN_POINT('Ctrl Pts',(233.301365630375,5.73434876745124,8.83434876745125));
#3527=CARTESIAN_POINT('Ctrl Pts',(233.088040382979,5.73387339350507,8.83387339350507));
#3528=CARTESIAN_POINT('Ctrl Pts',(232.868003271098,5.73338306284119,8.83338306284119));
#3529=CARTESIAN_POINT('Ctrl Pts',(232.645279171441,5.7330295859436,8.8330295859436));
#3530=CARTESIAN_POINT('Ctrl Pts',(232.419769051169,5.73298453039066,8.83298453039067));
#3531=CARTESIAN_POINT('Ctrl Pts',(232.18559842726,5.73293774452168,8.83293774452168));
#3532=CARTESIAN_POINT('Ctrl Pts',(231.948423578631,5.73322379593594,8.83322379593594));
#3533=CARTESIAN_POINT('Ctrl Pts',(231.708170971843,5.73406531080367,8.83406531080367));
#3534=CARTESIAN_POINT('Ctrl Pts',(231.453686354157,5.73495667507337,8.83495667507337));
#3535=CARTESIAN_POINT('Ctrl Pts',(231.195748404052,5.73647165698384,8.83647165698384));
#3536=CARTESIAN_POINT('Ctrl Pts',(230.934313602179,5.7389033712088,8.8389033712088));
#3537=CARTESIAN_POINT('Ctrl Pts',(230.657709035617,5.74147618574757,8.84147618574757));
#3538=CARTESIAN_POINT('Ctrl Pts',(230.377189883265,5.74507584014688,8.84507584014688));
#3539=CARTESIAN_POINT('Ctrl Pts',(230.092751467317,5.75007235480566,8.85007235480566));
#3540=CARTESIAN_POINT('Ctrl Pts',(229.800621763414,5.75520397650647,8.85520397650647));
#3541=CARTESIAN_POINT('Ctrl Pts',(229.504357820866,5.76181006819887,8.86181006819887));
#3542=CARTESIAN_POINT('Ctrl Pts',(229.204005560714,5.77030171506813,8.87030171506813));
#3543=CARTESIAN_POINT('Ctrl Pts',(228.922425316822,5.77826263400805,8.87826263400805));
#3544=CARTESIAN_POINT('Ctrl Pts',(228.637251135689,5.78788181204145,8.88788181204145));
#3545=CARTESIAN_POINT('Ctrl Pts',(228.348566274842,5.79949208187823,8.89949208187823));
#3546=CARTESIAN_POINT('Ctrl Pts',(228.077924217798,5.81037670985022,8.91037670985022));
#3547=CARTESIAN_POINT('Ctrl Pts',(227.804197121366,5.8230121757616,8.9230121757616));
#3548=CARTESIAN_POINT('Ctrl Pts',(227.527499360872,5.83765366870916,8.93765366870916));
#3549=CARTESIAN_POINT('Ctrl Pts',(227.268095210408,5.8513800683475,8.9513800683475));
#3550=CARTESIAN_POINT('Ctrl Pts',(227.00608061267,5.86687005298709,8.96687005298709));
#3551=CARTESIAN_POINT('Ctrl Pts',(226.741584083809,5.88430759525201,8.98430759525201));
#3552=CARTESIAN_POINT('Ctrl Pts',(226.476527371641,5.90178206889033,9.00178206889033));
#3553=CARTESIAN_POINT('Ctrl Pts',(226.208980044253,5.92121280893768,9.02121280893768));
#3554=CARTESIAN_POINT('Ctrl Pts',(225.939096064015,5.94274969709533,9.04274969709533));
#3555=CARTESIAN_POINT('Ctrl Pts',(225.667874073047,5.96439335923567,9.06439335923567));
#3556=CARTESIAN_POINT('Ctrl Pts',(225.394292508234,5.98816408583245,9.08816408583245));
#3557=CARTESIAN_POINT('Ctrl Pts',(225.118506403729,6.01417657447607,9.11417657447607));
#3558=CARTESIAN_POINT('Ctrl Pts',(224.840814364465,6.04036883325844,9.14036883325844));
#3559=CARTESIAN_POINT('Ctrl Pts',(224.560887258532,6.06883392204691,9.16883392204691));
#3560=CARTESIAN_POINT('Ctrl Pts',(224.278880437642,6.09965135419514,9.19965135419513));
#3561=CARTESIAN_POINT('Ctrl Pts',(223.991865946388,6.13101601970882,9.23101601970881));
#3562=CARTESIAN_POINT('Ctrl Pts',(223.702697805135,6.16481724328352,9.26481724328351));
#3563=CARTESIAN_POINT('Ctrl Pts',(223.411534144254,6.20110030978185,9.30110030978185));
#3564=CARTESIAN_POINT('Ctrl Pts',(223.107584500718,6.23897668863761,9.33897668863761));
#3565=CARTESIAN_POINT('Ctrl Pts',(222.80146090599,6.2795572439818,9.3795572439818));
#3566=CARTESIAN_POINT('Ctrl Pts',(222.49331794038,6.32285638878661,9.42285638878661));
#3567=CARTESIAN_POINT('Ctrl Pts',(222.166080238173,6.3688386575215,9.4688386575215));
#3568=CARTESIAN_POINT('Ctrl Pts',(221.836565385362,6.4178863970049,9.5178863970049));
#3569=CARTESIAN_POINT('Ctrl Pts',(221.504925231145,6.46998282734424,9.56998282734424));
#3570=CARTESIAN_POINT('Ctrl Pts',(221.123264167664,6.52993690333305,9.62993690333304));
#3571=CARTESIAN_POINT('Ctrl Pts',(220.738788174324,6.59392839744379,9.69392839744379));
#3572=CARTESIAN_POINT('Ctrl Pts',(220.351679333728,6.6618949103239,9.76189491032391));
#3573=CARTESIAN_POINT('Ctrl Pts',(219.936447520775,6.73479910522641,9.83479910522641));
#3574=CARTESIAN_POINT('Ctrl Pts',(219.518186372219,6.81227632197351,9.91227632197351));
#3575=CARTESIAN_POINT('Ctrl Pts',(219.097082010568,6.89421539305305,9.99421539305305));
#3576=CARTESIAN_POINT('Ctrl Pts',(218.638436491986,6.98345927454631,10.0834592745463));
#3577=CARTESIAN_POINT('Ctrl Pts',(218.176418825314,7.0779950365792,10.1779950365792));
#3578=CARTESIAN_POINT('Ctrl Pts',(217.711219217587,7.17765214172283,10.2776521417228));
#3579=CARTESIAN_POINT('Ctrl Pts',(217.246184342745,7.27727395706385,10.3772739570638));
#3580=CARTESIAN_POINT('Ctrl Pts',(216.777969716465,7.38201211273243,10.4820121127324));
#3581=CARTESIAN_POINT('Ctrl Pts',(216.306714485867,7.49168934151563,10.5916893415156));
#3582=CARTESIAN_POINT('Ctrl Pts',(215.845271194904,7.59908299596742,10.6990829959674));
#3583=CARTESIAN_POINT('Ctrl Pts',(215.380912457259,7.71121102957633,10.8112110295763));
#3584=CARTESIAN_POINT('Ctrl Pts',(214.913721447916,7.82791918414499,10.927919184145));
#3585=CARTESIAN_POINT('Ctrl Pts',(214.475478562528,7.93739585938844,11.0373958593884));
#3586=CARTESIAN_POINT('Ctrl Pts',(214.034742549985,8.05090247036594,11.1509024703659));
#3587=CARTESIAN_POINT('Ctrl Pts',(213.591551275843,8.1683312027356,11.2683312027356));
#3588=CARTESIAN_POINT('Origin',(235.45,8.83883476483184,8.83883476483184));
#3589=CARTESIAN_POINT('Ctrl Pts',(222.449180943669,-8.1101839755772,12.2595404545598));
#3590=CARTESIAN_POINT('Ctrl Pts',(222.946544730405,-8.19971360996401,12.2663423037217));
#3591=CARTESIAN_POINT('Ctrl Pts',(223.939898186503,-8.39951066479465,12.2603164902302));
#3592=CARTESIAN_POINT('Ctrl Pts',(224.940582681304,-8.63140831093651,12.2181597193072));
#3593=CARTESIAN_POINT('Ctrl Pts',(225.462894022294,-8.7577322217156,12.188117718519));
#3594=CARTESIAN_POINT('Ctrl Pts',(225.524333102443,-8.77263002230835,12.1845264542258));
#3595=CARTESIAN_POINT('Ctrl Pts',(225.631831741705,-8.79879216598373,12.1780956802429));
#3596=CARTESIAN_POINT('Ctrl Pts',(225.846755470568,-8.85147782038386,12.1646516861981));
#3597=CARTESIAN_POINT('Ctrl Pts',(226.276313208553,-8.95816467796355,12.1355351053855));
#3598=CARTESIAN_POINT('Ctrl Pts',(227.134639698033,-9.17635462959841,12.0687732854429));
#3599=CARTESIAN_POINT('Ctrl Pts',(228.11317728874,-9.43337777849551,11.9758528489597));
#3600=CARTESIAN_POINT('Ctrl Pts',(228.903379349465,-9.64699509435173,11.8884821518188));
#3601=CARTESIAN_POINT('Ctrl Pts',(229.267563535303,-9.74736483160285,11.8452322114904));
#3602=CARTESIAN_POINT('Ctrl Pts',(229.510179598803,-9.81480511377235,11.8155638875171));
#3603=CARTESIAN_POINT('Ctrl Pts',(229.934197998724,-9.93441090052352,11.7612628714836));
#3604=CARTESIAN_POINT('Ctrl Pts',(230.53814347505,-10.1113763539177,11.6754003341907));
#3605=CARTESIAN_POINT('Ctrl Pts',(231.13322989814,-10.3025060160909,11.5718017429751));
#3606=CARTESIAN_POINT('Ctrl Pts',(231.596085516526,-10.4740111801406,11.4671333399842));
#3607=CARTESIAN_POINT('Ctrl Pts',(231.930213233661,-10.6189507207493,11.369770657208));
#3608=CARTESIAN_POINT('Ctrl Pts',(232.161687506582,-10.7485322269661,11.2725345492237));
#3609=CARTESIAN_POINT('Ctrl Pts',(232.286066743462,-10.8533760812931,11.1845762677396));
#3610=CARTESIAN_POINT('Ctrl Pts',(232.33763965278,-10.9102387320146,11.1345403765438));
#3611=CARTESIAN_POINT('Ctrl Pts',(232.373886943513,-10.9714713402847,11.0778363369544));
#3612=CARTESIAN_POINT('Ctrl Pts',(232.391041030437,-11.0460810611472,11.0047988133364));
#3613=CARTESIAN_POINT('Ctrl Pts',(232.359452247686,-11.1488978947503,10.896086879057));
#3614=CARTESIAN_POINT('Ctrl Pts',(232.245657930802,-11.2448584943201,10.7822832147522));
#3615=CARTESIAN_POINT('Ctrl Pts',(232.091974992737,-11.3242271165466,10.679356739229));
#3616=CARTESIAN_POINT('Ctrl Pts',(231.883549897677,-11.4051829079367,10.5666799941537));
#3617=CARTESIAN_POINT('Ctrl Pts',(231.605059216038,-11.4849535169424,10.4446527138721));
#3618=CARTESIAN_POINT('Ctrl Pts',(231.258292979996,-11.5626982060904,10.3141431546639));
#3619=CARTESIAN_POINT('Ctrl Pts',(230.904657778375,-11.6287263225789,10.1940125341714));
#3620=CARTESIAN_POINT('Ctrl Pts',(230.54705211096,-11.6870233290529,10.0806136074946));
#3621=CARTESIAN_POINT('Ctrl Pts',(230.246624096228,-11.7309103836853,9.99004960716497));
#3622=CARTESIAN_POINT('Ctrl Pts',(230.005367294307,-11.7639305953927,9.91928491826925));
#3623=CARTESIAN_POINT('Ctrl Pts',(229.400877162326,-11.8432325696823,9.74495124502895));
#3624=CARTESIAN_POINT('Ctrl Pts',(228.365872757215,-11.9584365814542,9.46338005574401));
#3625=CARTESIAN_POINT('Ctrl Pts',(226.896951805904,-12.0922326849722,9.08151325499113));
#3626=CARTESIAN_POINT('Ctrl Pts',(224.932021623311,-12.2282757937327,8.59793933730316));
#3627=CARTESIAN_POINT('Ctrl Pts',(223.44505463677,-12.2686750906662,8.28044056591402));
#3628=CARTESIAN_POINT('Ctrl Pts',(222.448266113891,-12.2595857214956,8.11013487856792));
#3629=CARTESIAN_POINT('Ctrl Pts',(222.441793359498,-8.14493145237438,12.2774756674569));
#3630=CARTESIAN_POINT('Ctrl Pts',(222.938612428793,-8.23609966922616,12.2826575010244));
#3631=CARTESIAN_POINT('Ctrl Pts',(223.930770168269,-8.43895967902055,12.273038768537));
#3632=CARTESIAN_POINT('Ctrl Pts',(224.930180543232,-8.67330264268512,12.2265923541537));
#3633=CARTESIAN_POINT('Ctrl Pts',(225.451850783244,-8.80068416789762,12.194160376464));
#3634=CARTESIAN_POINT('Ctrl Pts',(225.513214791037,-8.8157042520272,12.1902865006632));
#3635=CARTESIAN_POINT('Ctrl Pts',(225.620582156621,-8.84207738466037,12.1833592594879));
#3636=CARTESIAN_POINT('Ctrl Pts',(225.835244652218,-8.89516992841849,12.1689128827642));
#3637=CARTESIAN_POINT('Ctrl Pts',(226.264284899352,-9.00261539067285,12.1377588057532));
#3638=CARTESIAN_POINT('Ctrl Pts',(227.121602383706,-9.22207703660839,12.0667926044853));
#3639=CARTESIAN_POINT('Ctrl Pts',(228.099058673348,-9.47998819641873,11.9688507551991));
#3640=CARTESIAN_POINT('Ctrl Pts',(228.888272254967,-9.6937803913563,11.8772991366147));
#3641=CARTESIAN_POINT('Ctrl Pts',(229.251928451035,-9.79408823513249,11.8320893078528));
#3642=CARTESIAN_POINT('Ctrl Pts',(229.494163544515,-9.86145356335055,11.8011061258039));
#3643=CARTESIAN_POINT('Ctrl Pts',(229.917426061277,-9.98082542289007,11.7444980442101));
#3644=CARTESIAN_POINT('Ctrl Pts',(230.519875528208,-10.1571641999988,11.6552393919985));
#3645=CARTESIAN_POINT('Ctrl Pts',(231.112382268616,-10.3468421239251,11.5482824264461));
#3646=CARTESIAN_POINT('Ctrl Pts',(231.5712107115,-10.5161378067048,11.4409616893353));
#3647=CARTESIAN_POINT('Ctrl Pts',(231.900281467837,-10.6578458947313,11.3424114699223));
#3648=CARTESIAN_POINT('Ctrl Pts',(232.124348494303,-10.7828042765062,11.2453530870502));
#3649=CARTESIAN_POINT('Ctrl Pts',(232.239911177672,-10.8794340220594,11.1620158579772));
#3650=CARTESIAN_POINT('Ctrl Pts',(232.286368193474,-10.9302082961419,11.1162701262161));
#3651=CARTESIAN_POINT('Ctrl Pts',(232.317726062006,-10.9828762256085,11.0666338706648));
#3652=CARTESIAN_POINT('Ctrl Pts',(232.331763914892,-11.0444850462528,11.0058308870782));
#3653=CARTESIAN_POINT('Ctrl Pts',(232.3061574246,-11.1306020052892,10.9157916570124));
#3654=CARTESIAN_POINT('Ctrl Pts',(232.203822642778,-11.2201785712703,10.8126532954818));
#3655=CARTESIAN_POINT('Ctrl Pts',(232.056879138663,-11.2976414561447,10.7151705641986));
#3656=CARTESIAN_POINT('Ctrl Pts',(231.85457741319,-11.3784217439563,10.6064804018035));
#3657=CARTESIAN_POINT('Ctrl Pts',(231.580210359208,-11.4594111874186,10.486955737399));
#3658=CARTESIAN_POINT('Ctrl Pts',(231.23662740674,-11.5390476426557,10.3582392601528));
#3659=CARTESIAN_POINT('Ctrl Pts',(230.884962345134,-11.6071161876172,10.2391982935943));
#3660=CARTESIAN_POINT('Ctrl Pts',(230.528801199809,-11.6674512644794,10.1265470897994));
#3661=CARTESIAN_POINT('Ctrl Pts',(230.22924550911,-11.7130297008178,10.0363946433055));
#3662=CARTESIAN_POINT('Ctrl Pts',(229.988579193053,-11.7473906680413,9.96587710043114));
#3663=CARTESIAN_POINT('Ctrl Pts',(229.385386755353,-11.8300223989746,9.79201782795216));
#3664=CARTESIAN_POINT('Ctrl Pts',(228.351710330719,-11.9507064960727,9.51037644343791));
#3665=CARTESIAN_POINT('Ctrl Pts',(226.884450210294,-12.0919458212284,9.12714497030214));
#3666=CARTESIAN_POINT('Ctrl Pts',(224.921944555358,-12.2373063911556,8.64026400076739));
#3667=CARTESIAN_POINT('Ctrl Pts',(223.436943066875,-12.2834796271296,8.31852890376292));
#3668=CARTESIAN_POINT('Ctrl Pts',(222.441281367744,-12.2775427665891,8.14498176439701));
#3669=CARTESIAN_POINT('Ctrl Pts',(222.428700339719,-8.20342999810647,12.3351944010223));
#3670=CARTESIAN_POINT('Ctrl Pts',(222.924703167929,-8.29869915807337,12.3387058110886));
#3671=CARTESIAN_POINT('Ctrl Pts',(223.914967997985,-8.5096042250235,12.324924979008));
#3672=CARTESIAN_POINT('Ctrl Pts',(224.912089513199,-8.75154072051748,12.2727975611742));
#3673=CARTESIAN_POINT('Ctrl Pts',(225.4325164953,-8.88269448320382,12.2370595661273));
#3674=CARTESIAN_POINT('Ctrl Pts',(225.493733969979,-8.89815728417112,12.2327947387893));
#3675=CARTESIAN_POINT('Ctrl Pts',(225.600843969196,-8.92530065063358,12.2251764497716));
#3676=CARTESIAN_POINT('Ctrl Pts',(225.814988103498,-8.97991721829619,12.2093223333404));
#3677=CARTESIAN_POINT('Ctrl Pts',(226.242980283119,-9.09033940983782,12.1752499818755));
#3678=CARTESIAN_POINT('Ctrl Pts',(227.098154707884,-9.3154660335782,12.0980570147865));
#3679=CARTESIAN_POINT('Ctrl Pts',(228.073106013132,-9.57910705041471,11.9921979480323));
#3680=CARTESIAN_POINT('Ctrl Pts',(228.859957283589,-9.7968393366806,11.893681711923));
#3681=CARTESIAN_POINT('Ctrl Pts',(229.222355353575,-9.89881696301134,11.8451532783977));
#3682=CARTESIAN_POINT('Ctrl Pts',(229.463692440132,-9.96725314184252,11.8119219446185));
#3683=CARTESIAN_POINT('Ctrl Pts',(229.885208535166,-10.0883535223019,11.7513101562369));
#3684=CARTESIAN_POINT('Ctrl Pts',(230.484347908863,-10.2668036542435,11.6559651317475));
#3685=CARTESIAN_POINT('Ctrl Pts',(231.071411841454,-10.4574688734104,11.5427392160718));
#3686=CARTESIAN_POINT('Ctrl Pts',(231.521968388482,-10.6261237440498,11.4302412517818));
#3687=CARTESIAN_POINT('Ctrl Pts',(231.840781224957,-10.7646943584873,11.3291742833477));
#3688=CARTESIAN_POINT('Ctrl Pts',(232.049928491555,-10.8835378340913,11.2320692686095));
#3689=CARTESIAN_POINT('Ctrl Pts',(232.147790839926,-10.9662387594628,11.1572701195402));
#3690=CARTESIAN_POINT('Ctrl Pts',(232.183983872477,-11.006151631501,11.1196051536888));
#3691=CARTESIAN_POINT('Ctrl Pts',(232.205537183612,-11.0430196457476,11.0833976044381));
#3692=CARTESIAN_POINT('Ctrl Pts',(232.213327783621,-11.0800702627342,11.0459328155841));
#3693=CARTESIAN_POINT('Ctrl Pts',(232.199713900146,-11.1343081067769,10.9910754176319));
#3694=CARTESIAN_POINT('Ctrl Pts',(232.12036678013,-11.2119478493523,10.9065657631545));
#3695=CARTESIAN_POINT('Ctrl Pts',(231.98697697956,-11.286053218121,10.8175154116505));
#3696=CARTESIAN_POINT('Ctrl Pts',(231.797015500506,-11.366764947298,10.7141276550289));
#3697=CARTESIAN_POINT('Ctrl Pts',(231.531022627897,-11.4502643015491,10.5968110807258));
#3698=CARTESIAN_POINT('Ctrl Pts',(231.193964935511,-11.5335672497275,10.4688286814586));
#3699=CARTESIAN_POINT('Ctrl Pts',(230.846416201816,-11.605463862564,10.3494489988665));
#3700=CARTESIAN_POINT('Ctrl Pts',(230.493330183339,-11.669529894011,10.2360076217133));
#3701=CARTESIAN_POINT('Ctrl Pts',(230.195684413021,-11.7181372597754,10.1449114857845));
#3702=CARTESIAN_POINT('Ctrl Pts',(229.956336433917,-11.7548610955703,10.073534065174));
#3703=CARTESIAN_POINT('Ctrl Pts',(229.35607947854,-11.8433099818615,9.89735374051237));
#3704=CARTESIAN_POINT('Ctrl Pts',(228.325584913757,-11.9732171001353,9.61078447144796));
#3705=CARTESIAN_POINT('Ctrl Pts',(226.862171770102,-12.1260720586515,9.21892473365002));
#3706=CARTESIAN_POINT('Ctrl Pts',(224.904677180369,-12.2847477056745,8.71864363907234));
#3707=CARTESIAN_POINT('Ctrl Pts',(223.422935795496,-12.3380849149828,8.38527349944529));
#3708=CARTESIAN_POINT('Ctrl Pts',(222.428995290167,-12.3353315969662,8.20366372025722));
#3709=CARTESIAN_POINT('Ctrl Pts',(222.420837809664,-8.22815911064389,12.4572929060217));
#3710=CARTESIAN_POINT('Ctrl Pts',(222.91711380992,-8.32870391603783,12.4625776267391));
#3711=CARTESIAN_POINT('Ctrl Pts',(223.907573281164,-8.55064414257792,12.4516837066735));
#3712=CARTESIAN_POINT('Ctrl Pts',(224.904116853027,-8.80430510592561,12.401116779538));
#3713=CARTESIAN_POINT('Ctrl Pts',(225.424047858311,-8.94163875925078,12.3658367485462));
#3714=CARTESIAN_POINT('Ctrl Pts',(225.485205707956,-8.95782869184632,12.3616230231608));
#3715=CARTESIAN_POINT('Ctrl Pts',(225.592207659117,-8.98624583797664,12.3540879101721));
#3716=CARTESIAN_POINT('Ctrl Pts',(225.806121332023,-9.04341381547803,12.3383741178764));
#3717=CARTESIAN_POINT('Ctrl Pts',(226.23359612611,-9.15895241890868,12.3044808991021));
#3718=CARTESIAN_POINT('Ctrl Pts',(227.087520145419,-9.39434631215808,12.2272409589364));
#3719=CARTESIAN_POINT('Ctrl Pts',(228.060622770115,-9.66969419741483,12.1204406009441));
#3720=CARTESIAN_POINT('Ctrl Pts',(228.845697868169,-9.89688356393126,12.0204857665872));
#3721=CARTESIAN_POINT('Ctrl Pts',(229.20720534789,-10.0032450712952,11.9711572793648));
#3722=CARTESIAN_POINT('Ctrl Pts',(229.447924528498,-10.0746152170963,11.9373552962119));
#3723=CARTESIAN_POINT('Ctrl Pts',(229.868291041258,-10.2008804208417,11.8756560897262));
#3724=CARTESIAN_POINT('Ctrl Pts',(230.465491874856,-10.3869043314608,11.7784368918731));
#3725=CARTESIAN_POINT('Ctrl Pts',(231.049877908922,-10.5854678208557,11.6629417747206));
#3726=CARTESIAN_POINT('Ctrl Pts',(231.496885101104,-10.7608739654581,11.548230884406));
#3727=CARTESIAN_POINT('Ctrl Pts',(231.8115531502,-10.9043220417011,11.4456752462305));
#3728=CARTESIAN_POINT('Ctrl Pts',(232.01492519083,-11.0264528592022,11.3476981589109));
#3729=CARTESIAN_POINT('Ctrl Pts',(232.106079295566,-11.1083756202207,11.2748000710021));
#3730=CARTESIAN_POINT('Ctrl Pts',(232.138402693426,-11.1465609857268,11.2392536924377));
#3731=CARTESIAN_POINT('Ctrl Pts',(232.156272432122,-11.1798904435918,11.206796543345));
#3732=CARTESIAN_POINT('Ctrl Pts',(232.161721421715,-11.2103502284987,11.1760199790478));
#3733=CARTESIAN_POINT('Ctrl Pts',(232.15259635244,-11.2554082617808,11.1304381504481));
#3734=CARTESIAN_POINT('Ctrl Pts',(232.081911014906,-11.3300815609885,11.048107979007));
#3735=CARTESIAN_POINT('Ctrl Pts',(231.953711748492,-11.4038201454645,10.9578520378263));
#3736=CARTESIAN_POINT('Ctrl Pts',(231.768542421162,-11.4851528264399,10.8516689404013));
#3737=CARTESIAN_POINT('Ctrl Pts',(231.505937272592,-11.5699816186247,10.730115055387));
#3738=CARTESIAN_POINT('Ctrl Pts',(231.171662723343,-11.654823525791,10.59712264868));
#3739=CARTESIAN_POINT('Ctrl Pts',(230.826025143505,-11.7281382683554,10.4728663665045));
#3740=CARTESIAN_POINT('Ctrl Pts',(230.474484493049,-11.7934613559664,10.3547248165301));
#3741=CARTESIAN_POINT('Ctrl Pts',(230.177897578608,-11.8430036871902,10.2598111550405));
#3742=CARTESIAN_POINT('Ctrl Pts',(229.939324196134,-11.8804111839862,10.1854288249186));
#3743=CARTESIAN_POINT('Ctrl Pts',(229.340877479806,-11.9704645073861,10.0018004039864));
#3744=CARTESIAN_POINT('Ctrl Pts',(228.312838468674,-12.1023482913665,9.70291576785926));
#3745=CARTESIAN_POINT('Ctrl Pts',(226.852291043366,-12.256322092202,9.29370789538446));
#3746=CARTESIAN_POINT('Ctrl Pts',(224.897558930611,-12.4141373738522,8.7703998467634));
#3747=CARTESIAN_POINT('Ctrl Pts',(223.416267760831,-12.4639284559994,8.42028928336511));
#3748=CARTESIAN_POINT('Ctrl Pts',(222.421938238831,-12.4575429871002,8.22849229009839));
#3749=CARTESIAN_POINT('Ctrl Pts',(222.426392583877,-8.18899031768481,12.5534565682803));
#3750=CARTESIAN_POINT('Ctrl Pts',(222.924159303244,-8.29140343420157,12.5619152835895));
#3751=CARTESIAN_POINT('Ctrl Pts',(223.917440063322,-8.51746444258845,12.5572018566059));
#3752=CARTESIAN_POINT('Ctrl Pts',(224.916285855249,-8.77587412269597,12.5126045103219));
#3753=CARTESIAN_POINT('Ctrl Pts',(225.437238469976,-8.91580249568402,12.480386038525));
#3754=CARTESIAN_POINT('Ctrl Pts',(225.498515079536,-8.93229906839506,12.4765325193701));
#3755=CARTESIAN_POINT('Ctrl Pts',(225.605721884653,-8.96125366976699,12.4696257420985));
#3756=CARTESIAN_POINT('Ctrl Pts',(225.820032806169,-9.01950301528557,12.4551628370896));
#3757=CARTESIAN_POINT('Ctrl Pts',(226.248253079141,-9.13722093332224,12.4237447611971));
#3758=CARTESIAN_POINT('Ctrl Pts',(227.103484398059,-9.37705638461291,12.3513620394663));
#3759=CARTESIAN_POINT('Ctrl Pts',(228.077728412479,-9.65759404590678,12.2498878475377));
#3760=CARTESIAN_POINT('Ctrl Pts',(228.863909862237,-9.88921639967009,12.1540901990957));
#3761=CARTESIAN_POINT('Ctrl Pts',(229.226068486463,-9.997740247815,12.1066588055518));
#3762=CARTESIAN_POINT('Ctrl Pts',(229.467274810139,-10.0705789454596,12.0741168497269));
#3763=CARTESIAN_POINT('Ctrl Pts',(229.888655192669,-10.199515997642,12.0145826705614));
#3764=CARTESIAN_POINT('Ctrl Pts',(230.488054913239,-10.3896631573709,11.9204631842881));
#3765=CARTESIAN_POINT('Ctrl Pts',(231.07658131548,-10.5935653592873,11.8076849570438));
#3766=CARTESIAN_POINT('Ctrl Pts',(231.530351183445,-10.7749926108005,11.6947103285564));
#3767=CARTESIAN_POINT('Ctrl Pts',(231.853633725642,-10.9257103964005,11.5917703467557));
#3768=CARTESIAN_POINT('Ctrl Pts',(232.069737188904,-11.057168701863,11.4912778950995));
#3769=CARTESIAN_POINT('Ctrl Pts',(232.176098491546,-11.1543495567776,11.4086492978484));
#3770=CARTESIAN_POINT('Ctrl Pts',(232.21725348879,-11.2036505267676,11.3647651756854));
#3771=CARTESIAN_POINT('Ctrl Pts',(232.243567951947,-11.25246691267,11.3191396957626));
#3772=CARTESIAN_POINT('Ctrl Pts',(232.254400452337,-11.3063322761425,11.2661303502863));
#3773=CARTESIAN_POINT('Ctrl Pts',(232.234933540604,-11.3818272537007,11.1869477045382));
#3774=CARTESIAN_POINT('Ctrl Pts',(232.144461071362,-11.469386270403,11.0850362115895));
#3775=CARTESIAN_POINT('Ctrl Pts',(232.004654455465,-11.5481269241506,10.9843041760125));
#3776=CARTESIAN_POINT('Ctrl Pts',(231.808967284731,-11.6316456873535,10.8700204589376));
#3777=CARTESIAN_POINT('Ctrl Pts',(231.539336093239,-11.7163931554518,10.7427114791169));
#3778=CARTESIAN_POINT('Ctrl Pts',(231.199712517304,-11.8000968210738,10.6049306044718));
#3779=CARTESIAN_POINT('Ctrl Pts',(230.850847039043,-11.8718141030132,10.4770876817158));
#3780=CARTESIAN_POINT('Ctrl Pts',(230.497012304528,-11.9354042952399,10.3559111871028));
#3781=CARTESIAN_POINT('Ctrl Pts',(230.199104203815,-11.9834277353131,10.2587876198617));
#3782=CARTESIAN_POINT('Ctrl Pts',(229.959668540235,-12.0196008022787,10.1827462853213));
#3783=CARTESIAN_POINT('Ctrl Pts',(229.359392697429,-12.1065391271138,9.99515473049145));
#3784=CARTESIAN_POINT('Ctrl Pts',(228.329907878074,-12.2330126953487,9.69050969469997));
#3785=CARTESIAN_POINT('Ctrl Pts',(226.867673140846,-12.3789553701943,9.27372352736997));
#3786=CARTESIAN_POINT('Ctrl Pts',(224.909793471234,-12.5254897490348,8.74078024736535));
#3787=CARTESIAN_POINT('Ctrl Pts',(223.424783231965,-12.566367204218,8.38441826455302));
#3788=CARTESIAN_POINT('Ctrl Pts',(222.427595859555,-12.5537333090063,8.18922246390956));
#3789=CARTESIAN_POINT('Ctrl Pts',(222.434293993818,-8.14474967516184,12.5937682288198));
#3790=CARTESIAN_POINT('Ctrl Pts',(222.933257230088,-8.24709050125055,12.6037980331937));
#3791=CARTESIAN_POINT('Ctrl Pts',(223.928849516273,-8.47319192681149,12.6022586419216));
#3792=CARTESIAN_POINT('Ctrl Pts',(224.929735229444,-8.73177936096913,12.5608253355165));
#3793=CARTESIAN_POINT('Ctrl Pts',(225.451654355804,-8.87178767423514,12.53022855549));
#3794=CARTESIAN_POINT('Ctrl Pts',(225.513043972491,-8.8882931413279,12.526565149027));
#3795=CARTESIAN_POINT('Ctrl Pts',(225.620446738051,-8.91726390693491,12.5199913144169));
#3796=CARTESIAN_POINT('Ctrl Pts',(225.835142618944,-8.97554580300672,12.5061930427309));
#3797=CARTESIAN_POINT('Ctrl Pts',(226.264103974523,-9.09333211122206,12.4761031578309));
#3798=CARTESIAN_POINT('Ctrl Pts',(227.120716792693,-9.33330317204743,12.4063587562408));
#3799=CARTESIAN_POINT('Ctrl Pts',(228.096348482945,-9.61398473104985,12.3078589232738));
#3800=CARTESIAN_POINT('Ctrl Pts',(228.88387276474,-9.84576837862967,12.2144017545089));
#3801=CARTESIAN_POINT('Ctrl Pts',(229.246786460866,-9.95439225656059,12.1680186749672));
#3802=CARTESIAN_POINT('Ctrl Pts',(229.488544026783,-10.0273075987745,12.1361734133452));
#3803=CARTESIAN_POINT('Ctrl Pts',(229.911031677311,-10.1564346838578,12.077832438873));
#3804=CARTESIAN_POINT('Ctrl Pts',(230.512672736788,-10.3469772790733,11.9854312718231));
#3805=CARTESIAN_POINT('Ctrl Pts',(231.105144177902,-10.5519680140986,11.8740052771922));
#3806=CARTESIAN_POINT('Ctrl Pts',(231.565109320406,-10.7352875478398,11.7616563586302));
#3807=CARTESIAN_POINT('Ctrl Pts',(231.896149123474,-10.889459167128,11.6577087367551));
#3808=CARTESIAN_POINT('Ctrl Pts',(232.123579584478,-11.0264048005312,11.5545094581089));
#3809=CARTESIAN_POINT('Ctrl Pts',(232.243373415136,-11.1349013067929,11.4632387841908));
#3810=CARTESIAN_POINT('Ctrl Pts',(232.292314664526,-11.1928945816768,11.4120966024907));
#3811=CARTESIAN_POINT('Ctrl Pts',(232.326064233044,-11.2542787912944,11.3551601003917));
#3812=CARTESIAN_POINT('Ctrl Pts',(232.3416323827,-11.327672533107,11.2832505035836));
#3813=CARTESIAN_POINT('Ctrl Pts',(232.313073116376,-11.4291167834596,11.1761339445581));
#3814=CARTESIAN_POINT('Ctrl Pts',(232.205159747253,-11.528043164984,11.059255890207));
#3815=CARTESIAN_POINT('Ctrl Pts',(232.055062483034,-11.6114566970903,10.9514023177087));
#3816=CARTESIAN_POINT('Ctrl Pts',(231.8500118992,-11.6973517922374,10.8323098818792));
#3817=CARTESIAN_POINT('Ctrl Pts',(231.574046293274,-11.7826288486629,10.7024034685865));
#3818=CARTESIAN_POINT('Ctrl Pts',(231.229532297361,-11.8660308812722,10.5629706907669));
#3819=CARTESIAN_POINT('Ctrl Pts',(230.877637611691,-11.9370193723401,10.4342710727592));
#3820=CARTESIAN_POINT('Ctrl Pts',(230.521594017328,-11.9997417264282,10.3125473551603));
#3821=CARTESIAN_POINT('Ctrl Pts',(230.222362252231,-12.046968334446,10.2151480180526));
#3822=CARTESIAN_POINT('Ctrl Pts',(229.982037749221,-12.0824866167519,10.1389410158138));
#3823=CARTESIAN_POINT('Ctrl Pts',(229.379829260439,-12.167752653657,9.95101999052975));
#3824=CARTESIAN_POINT('Ctrl Pts',(228.348545751087,-12.2912173506601,9.64618525664301));
#3825=CARTESIAN_POINT('Ctrl Pts',(226.884198187676,-12.4327888569263,9.22927945078516));
#3826=CARTESIAN_POINT('Ctrl Pts',(224.923014829169,-12.5734058061222,8.69622365807797));
#3827=CARTESIAN_POINT('Ctrl Pts',(223.434813850516,-12.6096553689113,8.33975094190897));
#3828=CARTESIAN_POINT('Ctrl Pts',(222.435287188728,-12.5940092531869,8.14486152335009));
#3829=CARTESIAN_POINT('Ctrl Pts',(222.437301361132,-8.12843024049836,12.6047473292127));
#3830=CARTESIAN_POINT('Ctrl Pts',(222.936671482497,-8.23065742729745,12.6152280205507));
#3831=CARTESIAN_POINT('Ctrl Pts',(223.933058239005,-8.45654556923358,12.6145722804942));
#3832=CARTESIAN_POINT('Ctrl Pts',(224.934646328325,-8.71494904020765,12.574018876263));
#3833=CARTESIAN_POINT('Ctrl Pts',(225.456894703857,-8.85487136351279,12.5438842866347));
#3834=CARTESIAN_POINT('Ctrl Pts',(225.518322671403,-8.87136711097026,12.5402754903035));
#3835=CARTESIAN_POINT('Ctrl Pts',(225.625792108349,-8.90032042220078,12.5337968193583));
#3836=CARTESIAN_POINT('Ctrl Pts',(225.840619012369,-8.95856725305615,12.5201883800566));
#3837=CARTESIAN_POINT('Ctrl Pts',(226.269834096961,-9.07627961057126,12.4904741621833));
#3838=CARTESIAN_POINT('Ctrl Pts',(227.126921727854,-9.31609627091681,12.421471123348));
#3839=CARTESIAN_POINT('Ctrl Pts',(228.103038856511,-9.59657715621298,12.3237871017893));
#3840=CARTESIAN_POINT('Ctrl Pts',(228.89102899456,-9.82821449572722,12.2309640305049));
#3841=CARTESIAN_POINT('Ctrl Pts',(229.254198510522,-9.93679039341494,12.1848712741067));
#3842=CARTESIAN_POINT('Ctrl Pts',(229.496142744974,-10.0096764105369,12.1532178378164));
#3843=CARTESIAN_POINT('Ctrl Pts',(229.919006336646,-10.1387662394192,12.0951983755288));
#3844=CARTESIAN_POINT('Ctrl Pts',(230.521408068647,-10.329284367395,12.0032450750507));
#3845=CARTESIAN_POINT('Ctrl Pts',(231.115206858031,-10.5344708617747,11.892129870847));
#3846=CARTESIAN_POINT('Ctrl Pts',(231.577234884193,-10.7182807027128,11.7798734943965));
#3847=CARTESIAN_POINT('Ctrl Pts',(231.910851741954,-10.8734820392497,11.6754945825803));
#3848=CARTESIAN_POINT('Ctrl Pts',(232.142034221772,-11.0121471127149,11.5713172410385));
#3849=CARTESIAN_POINT('Ctrl Pts',(232.266271143092,-11.1243173314663,11.4771359721686));
#3850=CARTESIAN_POINT('Ctrl Pts',(232.317786654107,-11.1851518861472,11.4235715060418));
#3851=CARTESIAN_POINT('Ctrl Pts',(232.353993800384,-11.2506628004688,11.3628806973357));
#3852=CARTESIAN_POINT('Ctrl Pts',(232.371126847285,-11.3304915075384,11.2847214741887));
#3853=CARTESIAN_POINT('Ctrl Pts',(232.339563495303,-11.4405214137376,11.168405454092));
#3854=CARTESIAN_POINT('Ctrl Pts',(232.225883518658,-11.543261291995,11.0466489196281));
#3855=CARTESIAN_POINT('Ctrl Pts',(232.072380311938,-11.6282788075223,10.9365101040265));
#3856=CARTESIAN_POINT('Ctrl Pts',(231.864227418014,-11.7150318665491,10.8159088757633));
#3857=CARTESIAN_POINT('Ctrl Pts',(231.586159171105,-11.8005627505571,10.685233741967));
#3858=CARTESIAN_POINT('Ctrl Pts',(231.240016284363,-11.8839529486001,10.545355554256));
#3859=CARTESIAN_POINT('Ctrl Pts',(230.887109491464,-11.9547784122636,10.4164658926846));
#3860=CARTESIAN_POINT('Ctrl Pts',(230.530325183058,-12.0172868506197,10.2946508514535));
#3861=CARTESIAN_POINT('Ctrl Pts',(230.230648354913,-12.0643057658898,10.1972315633567));
#3862=CARTESIAN_POINT('Ctrl Pts',(229.990025016522,-12.0996490908661,10.121024418799));
#3863=CARTESIAN_POINT('Ctrl Pts',(229.387163965637,-12.1844668652035,9.93313318222509));
#3864=CARTESIAN_POINT('Ctrl Pts',(228.355249241606,-12.3071328992818,9.62850017043436));
#3865=CARTESIAN_POINT('Ctrl Pts',(226.890162884228,-12.4475057242115,9.21190616409588));
#3866=CARTESIAN_POINT('Ctrl Pts',(224.927846250157,-12.5864509685283,8.67922554502817));
#3867=CARTESIAN_POINT('Ctrl Pts',(223.43852402623,-12.6214698105571,8.32311359327336));
#3868=CARTESIAN_POINT('Ctrl Pts',(222.438198319175,-12.6049708005611,8.12849825049623));
#3869=CARTESIAN_POINT('',(222.449180943791,-8.11018397559902,12.2595404545614));
#3870=CARTESIAN_POINT('',(222.448266113891,-12.2595857214958,8.11013487856824));
#3871=CARTESIAN_POINT('Ctrl Pts',(222.449180943669,-8.1101839755772,12.2595404545598));
#3872=CARTESIAN_POINT('Ctrl Pts',(222.946544730405,-8.19971360996401,12.2663423037217));
#3873=CARTESIAN_POINT('Ctrl Pts',(223.939898186503,-8.39951066479465,12.2603164902302));
#3874=CARTESIAN_POINT('Ctrl Pts',(224.940582681304,-8.63140831093651,12.2181597193072));
#3875=CARTESIAN_POINT('Ctrl Pts',(225.462894022294,-8.7577322217156,12.188117718519));
#3876=CARTESIAN_POINT('Ctrl Pts',(225.524333102443,-8.77263002230835,12.1845264542258));
#3877=CARTESIAN_POINT('Ctrl Pts',(225.631831741705,-8.79879216598373,12.1780956802429));
#3878=CARTESIAN_POINT('Ctrl Pts',(225.846755470568,-8.85147782038386,12.1646516861981));
#3879=CARTESIAN_POINT('Ctrl Pts',(226.276313208553,-8.95816467796355,12.1355351053855));
#3880=CARTESIAN_POINT('Ctrl Pts',(227.134639698033,-9.17635462959841,12.0687732854429));
#3881=CARTESIAN_POINT('Ctrl Pts',(228.11317728874,-9.43337777849551,11.9758528489597));
#3882=CARTESIAN_POINT('Ctrl Pts',(228.903379349465,-9.64699509435173,11.8884821518188));
#3883=CARTESIAN_POINT('Ctrl Pts',(229.267563535303,-9.74736483160285,11.8452322114904));
#3884=CARTESIAN_POINT('Ctrl Pts',(229.510179598803,-9.81480511377235,11.8155638875171));
#3885=CARTESIAN_POINT('Ctrl Pts',(229.934197998724,-9.93441090052352,11.7612628714836));
#3886=CARTESIAN_POINT('Ctrl Pts',(230.53814347505,-10.1113763539177,11.6754003341907));
#3887=CARTESIAN_POINT('Ctrl Pts',(231.13322989814,-10.3025060160909,11.5718017429751));
#3888=CARTESIAN_POINT('Ctrl Pts',(231.596085516526,-10.4740111801406,11.4671333399842));
#3889=CARTESIAN_POINT('Ctrl Pts',(231.930213233661,-10.6189507207493,11.369770657208));
#3890=CARTESIAN_POINT('Ctrl Pts',(232.161687506582,-10.7485322269661,11.2725345492237));
#3891=CARTESIAN_POINT('Ctrl Pts',(232.286066743462,-10.8533760812931,11.1845762677396));
#3892=CARTESIAN_POINT('Ctrl Pts',(232.33763965278,-10.9102387320146,11.1345403765438));
#3893=CARTESIAN_POINT('Ctrl Pts',(232.373886943513,-10.9714713402847,11.0778363369544));
#3894=CARTESIAN_POINT('Ctrl Pts',(232.391041030437,-11.0460810611472,11.0047988133364));
#3895=CARTESIAN_POINT('Ctrl Pts',(232.359452247686,-11.1488978947503,10.896086879057));
#3896=CARTESIAN_POINT('Ctrl Pts',(232.245657930802,-11.2448584943201,10.7822832147522));
#3897=CARTESIAN_POINT('Ctrl Pts',(232.091974992737,-11.3242271165466,10.679356739229));
#3898=CARTESIAN_POINT('Ctrl Pts',(231.883549897677,-11.4051829079367,10.5666799941537));
#3899=CARTESIAN_POINT('Ctrl Pts',(231.605059216038,-11.4849535169424,10.4446527138721));
#3900=CARTESIAN_POINT('Ctrl Pts',(231.258292979996,-11.5626982060904,10.3141431546639));
#3901=CARTESIAN_POINT('Ctrl Pts',(230.904657778375,-11.6287263225789,10.1940125341714));
#3902=CARTESIAN_POINT('Ctrl Pts',(230.54705211096,-11.6870233290529,10.0806136074946));
#3903=CARTESIAN_POINT('Ctrl Pts',(230.246624096228,-11.7309103836853,9.99004960716497));
#3904=CARTESIAN_POINT('Ctrl Pts',(230.005367294307,-11.7639305953927,9.91928491826925));
#3905=CARTESIAN_POINT('Ctrl Pts',(229.400877162326,-11.8432325696823,9.74495124502895));
#3906=CARTESIAN_POINT('Ctrl Pts',(228.365872757215,-11.9584365814542,9.46338005574401));
#3907=CARTESIAN_POINT('Ctrl Pts',(226.896951805904,-12.0922326849722,9.08151325499113));
#3908=CARTESIAN_POINT('Ctrl Pts',(224.932021623311,-12.2282757937327,8.59793933730316));
#3909=CARTESIAN_POINT('Ctrl Pts',(223.44505463677,-12.2686750906662,8.28044056591402));
#3910=CARTESIAN_POINT('Ctrl Pts',(222.448266113891,-12.2595857214956,8.11013487856792));
#3911=CARTESIAN_POINT('Ctrl Pts',(222.448266113891,-12.2595857214958,8.11013487856826));
#3912=CARTESIAN_POINT('Ctrl Pts',(222.448195488253,-12.2598804246578,8.11071348633651));
#3913=CARTESIAN_POINT('Ctrl Pts',(222.448125088293,-12.2601780554747,8.1112906159635));
#3914=CARTESIAN_POINT('Ctrl Pts',(222.4480549157,-12.2604785954494,8.11186625193546));
#3915=CARTESIAN_POINT('Ctrl Pts',(222.446626307092,-12.2665971379831,8.12358533583339));
#3916=CARTESIAN_POINT('Ctrl Pts',(222.445296336436,-12.2738972179975,8.13464857550508));
#3917=CARTESIAN_POINT('Ctrl Pts',(222.44407945084,-12.2822244777603,8.14492505350112));
#3918=CARTESIAN_POINT('Ctrl Pts',(222.443688725649,-12.2848982460805,8.14822468892649));
#3919=CARTESIAN_POINT('Ctrl Pts',(222.443309692803,-12.2876782581145,8.15144300104301));
#3920=CARTESIAN_POINT('Ctrl Pts',(222.442942947623,-12.2905602817795,8.15457495425404));
#3921=CARTESIAN_POINT('Ctrl Pts',(222.441799056748,-12.2995494130751,8.16434362443125));
#3922=CARTESIAN_POINT('Ctrl Pts',(222.440781566178,-12.3094704154256,8.17321205864854));
#3923=CARTESIAN_POINT('Ctrl Pts',(222.439907659464,-12.320182979626,8.18103813796697));
#3924=CARTESIAN_POINT('Ctrl Pts',(222.439629429173,-12.3235935952063,8.18352976812726));
#3925=CARTESIAN_POINT('Ctrl Pts',(222.439365801857,-12.3270847125395,8.18591545720381));
#3926=CARTESIAN_POINT('Ctrl Pts',(222.439117490082,-12.3306524518347,8.18818971950001));
#3927=CARTESIAN_POINT('Ctrl Pts',(222.438875217714,-12.3341334170438,8.19040866748755));
#3928=CARTESIAN_POINT('Ctrl Pts',(222.438648122362,-12.3376786372304,8.19251599866064));
#3929=CARTESIAN_POINT('Ctrl Pts',(222.438436723439,-12.3412837493551,8.19450783229334));
#3930=CARTESIAN_POINT('Ctrl Pts',(222.43775437472,-12.3529202497311,8.20093702839431));
#3931=CARTESIAN_POINT('Ctrl Pts',(222.437234917714,-12.3651788942663,8.20616651869632));
#3932=CARTESIAN_POINT('Ctrl Pts',(222.436876932176,-12.3778563457104,8.21016984446391));
#3933=CARTESIAN_POINT('Ctrl Pts',(222.436646986432,-12.3859994847376,8.21274131069596));
#3934=CARTESIAN_POINT('Ctrl Pts',(222.43648382184,-12.3943160722728,8.21480595601336));
#3935=CARTESIAN_POINT('Ctrl Pts',(222.436389036821,-12.4027549870653,8.21634597168428));
#3936=CARTESIAN_POINT('Ctrl Pts',(222.43624154286,-12.4158866927285,8.21874237371044));
#3937=CARTESIAN_POINT('Ctrl Pts',(222.43626055146,-12.4291862053133,8.21984751148985));
#3938=CARTESIAN_POINT('Ctrl Pts',(222.436450215501,-12.4424551899419,8.21962752927054));
#3939=CARTESIAN_POINT('Ctrl Pts',(222.436517220788,-12.4471429110797,8.21954981305274));
#3940=CARTESIAN_POINT('Ctrl Pts',(222.436605609433,-12.4518269149375,8.21930625319727));
#3941=CARTESIAN_POINT('Ctrl Pts',(222.436715852046,-12.4564985404542,8.21889381961733));
#3942=CARTESIAN_POINT('Ctrl Pts',(222.43690166334,-12.4643724537812,8.21819867266045));
#3943=CARTESIAN_POINT('Ctrl Pts',(222.437149497174,-12.4722113516827,8.2170240939942));
#3944=CARTESIAN_POINT('Ctrl Pts',(222.437456211429,-12.4799758305672,8.21538353696598));
#3945=CARTESIAN_POINT('Ctrl Pts',(222.43797193546,-12.4930313970689,8.2126250258411));
#3946=CARTESIAN_POINT('Ctrl Pts',(222.438648488299,-12.5057486757726,8.20857908984848));
#3947=CARTESIAN_POINT('Ctrl Pts',(222.439469340438,-12.5179481920076,8.20334534155196));
#3948=CARTESIAN_POINT('Ctrl Pts',(222.440245058629,-12.5294769268577,8.1983993670379));
#3949=CARTESIAN_POINT('Ctrl Pts',(222.44114979789,-12.5405444549418,8.19239167579219));
#3950=CARTESIAN_POINT('Ctrl Pts',(222.442177210492,-12.5509822393029,8.18536788184196));
#3951=CARTESIAN_POINT('Ctrl Pts',(222.44266697911,-12.5559579415786,8.18201963221986));
#3952=CARTESIAN_POINT('Ctrl Pts',(222.443182565386,-12.5607680892066,8.17845481945175));
#3953=CARTESIAN_POINT('Ctrl Pts',(222.443723122464,-12.5653965091365,8.17468160796984));
#3954=CARTESIAN_POINT('Ctrl Pts',(222.444920700109,-12.5756505460772,8.16632224332569));
#3955=CARTESIAN_POINT('Ctrl Pts',(222.446240312339,-12.5850151904223,8.1569425056607));
#3956=CARTESIAN_POINT('Ctrl Pts',(222.44765520553,-12.5933821635815,8.14671655246247));
#3957=CARTESIAN_POINT('Ctrl Pts',(222.448362387956,-12.5975640879962,8.14160548511122));
#3958=CARTESIAN_POINT('Ctrl Pts',(222.449093500961,-12.6014962315624,8.13628240830759));
#3959=CARTESIAN_POINT('Ctrl Pts',(222.449845813923,-12.6051611154307,8.13076629169068));
#3960=CARTESIAN_POINT('Ctrl Pts',(222.449826520355,-8.13099516740206,12.6050068848332));
#3961=CARTESIAN_POINT('Ctrl Pts',(222.448290766244,-8.14198835974866,12.5976637230142));
#3962=CARTESIAN_POINT('Ctrl Pts',(222.446850733512,-8.15212699305424,12.5891931518518));
#3963=CARTESIAN_POINT('Ctrl Pts',(222.445524090912,-8.1613458720219,12.57979299188));
#3964=CARTESIAN_POINT('Ctrl Pts',(222.444258417714,-8.1701410728024,12.5708248413478));
#3965=CARTESIAN_POINT('Ctrl Pts',(222.443095856008,-8.17809957407398,12.5610090739364));
#3966=CARTESIAN_POINT('Ctrl Pts',(222.442052517729,-8.18513321381143,12.5504866088738));
#3967=CARTESIAN_POINT('Ctrl Pts',(222.44095070629,-8.19256104894938,12.5393744196451));
#3968=CARTESIAN_POINT('Ctrl Pts',(222.439992817644,-8.19888408386672,12.527584774413));
#3969=CARTESIAN_POINT('Ctrl Pts',(222.439191234949,-8.20401980879476,12.5152988459053));
#3970=CARTESIAN_POINT('Ctrl Pts',(222.438440340586,-8.2088307745599,12.5037898219074));
#3971=CARTESIAN_POINT('Ctrl Pts',(222.437826530969,-8.21260010239661,12.4918438861187));
#3972=CARTESIAN_POINT('Ctrl Pts',(222.43736187961,-8.21522166162115,12.4795941245343));
#3973=CARTESIAN_POINT('Ctrl Pts',(222.437092716321,-8.21674027873136,12.4724980813231));
#3974=CARTESIAN_POINT('Ctrl Pts',(222.436875092217,-8.21786477168835,12.4653380262798));
#3975=CARTESIAN_POINT('Ctrl Pts',(222.436710084194,-8.21858068769689,12.4581412532602));
#3976=CARTESIAN_POINT('Ctrl Pts',(222.436407901558,-8.21989175962482,12.4449616526295));
#3977=CARTESIAN_POINT('Ctrl Pts',(222.436281950564,-8.21983584264518,12.4316587151917));
#3978=CARTESIAN_POINT('Ctrl Pts',(222.436330283607,-8.21847720746539,12.4184369137781));
#3979=CARTESIAN_POINT('Ctrl Pts',(222.436349830335,-8.21792775162914,12.4130897859688));
#3980=CARTESIAN_POINT('Ctrl Pts',(222.436397922437,-8.21716462717655,12.4077559237387));
#3981=CARTESIAN_POINT('Ctrl Pts',(222.436474607903,-8.21618971838568,12.4024492459188));
#3982=CARTESIAN_POINT('Ctrl Pts',(222.436664838561,-8.21377129999696,12.3892851762713));
#3983=CARTESIAN_POINT('Ctrl Pts',(222.437028826359,-8.21007686911265,12.3764163358086));
#3984=CARTESIAN_POINT('Ctrl Pts',(222.437559695279,-8.20517394198061,12.3640465686316));
#3985=CARTESIAN_POINT('Ctrl Pts',(222.437883770844,-8.20218088886028,12.3564952897221));
#3986=CARTESIAN_POINT('Ctrl Pts',(222.438270106767,-8.19873642002751,12.3491299674722));
#3987=CARTESIAN_POINT('Ctrl Pts',(222.438717879221,-8.19484684726216,12.341999985554));
#3988=CARTESIAN_POINT('Ctrl Pts',(222.438966347958,-8.1926885250409,12.3380435617154));
#3989=CARTESIAN_POINT('Ctrl Pts',(222.439233744972,-8.19039302681339,12.3341596686097));
#3990=CARTESIAN_POINT('Ctrl Pts',(222.439519556623,-8.18796512016976,12.3303537621818));
#3991=CARTESIAN_POINT('Ctrl Pts',(222.440361811681,-8.18081035009837,12.3191381804474));
#3992=CARTESIAN_POINT('Ctrl Pts',(222.441356818793,-8.17256652509608,12.308687849752));
#3993=CARTESIAN_POINT('Ctrl Pts',(222.44248653674,-8.16337989527064,12.2991267748015));
#3994=CARTESIAN_POINT('Ctrl Pts',(222.442840199712,-8.16050398203461,12.2961336399388));
#3995=CARTESIAN_POINT('Ctrl Pts',(222.443207095315,-8.15753536173015,12.293227884385));
#3996=CARTESIAN_POINT('Ctrl Pts',(222.443586751395,-8.15447776687903,12.2904140308919));
#3997=CARTESIAN_POINT('Ctrl Pts',(222.444797852861,-8.14472405079992,12.2814378488286));
#3998=CARTESIAN_POINT('Ctrl Pts',(222.446130721652,-8.13412992190341,12.2734514508433));
#3999=CARTESIAN_POINT('Ctrl Pts',(222.447567799398,-8.12282732789084,12.2665896099027));
#4000=CARTESIAN_POINT('Ctrl Pts',(222.448021464943,-8.1192592554734,12.2644234217368));
#4001=CARTESIAN_POINT('Ctrl Pts',(222.448485544611,-8.11562033980102,12.2623696066978));
#4002=CARTESIAN_POINT('Ctrl Pts',(222.448959563697,-8.11191416376669,12.2604333345878));
#4003=CARTESIAN_POINT('Ctrl Pts',(222.449033132434,-8.11133895762827,12.2601328211764));
#4004=CARTESIAN_POINT('Ctrl Pts',(222.449106921767,-8.11076222298658,12.2598351887545));
#4005=CARTESIAN_POINT('Ctrl Pts',(222.44918094363,-8.11018397645836,12.2595404550033));
#4006=CARTESIAN_POINT('Ctrl Pts',(222.448266113891,-12.2595857214958,8.11013487856825));
#4007=CARTESIAN_POINT('Ctrl Pts',(222.111043225061,-12.2762709427154,8.09203802010532));
#4008=CARTESIAN_POINT('Ctrl Pts',(221.773904170472,-12.2920258832261,8.07563202715304));
#4009=CARTESIAN_POINT('Ctrl Pts',(221.436899891219,-12.3064786794029,8.06151866777455));
#4010=CARTESIAN_POINT('Ctrl Pts',(222.446656250868,-12.2775908593434,8.14589824890971));
#4011=CARTESIAN_POINT('Ctrl Pts',(222.109592658806,-12.2949573963733,8.12698303800887));
#4012=CARTESIAN_POINT('Ctrl Pts',(221.772617802121,-12.3113557974095,8.10971689405276));
#4013=CARTESIAN_POINT('Ctrl Pts',(221.435775322044,-12.326423366217,8.09470264788865));
#4014=CARTESIAN_POINT('Ctrl Pts',(222.445141530909,-12.3355489883372,8.20599859344625));
#4015=CARTESIAN_POINT('Ctrl Pts',(222.108295843271,-12.3535092574963,8.18515404766177));
#4016=CARTESIAN_POINT('Ctrl Pts',(221.771533131213,-12.3704487611033,8.16593176886263));
#4017=CARTESIAN_POINT('Ctrl Pts',(221.434883454313,-12.3859516995225,8.14890090570232));
#4018=CARTESIAN_POINT('Ctrl Pts',(222.449306373435,-12.4794236863933,8.23629444075536));
#4019=CARTESIAN_POINT('Ctrl Pts',(222.112346020539,-12.4961379887771,8.21295910608675));
#4020=CARTESIAN_POINT('Ctrl Pts',(221.775411719857,-12.511712394273,8.19122398314635));
#4021=CARTESIAN_POINT('Ctrl Pts',(221.438529194917,-12.5257617884712,8.17174217644998));
#4022=CARTESIAN_POINT('Ctrl Pts',(222.457132948181,-12.5736625324077,8.17964552871217));
#4023=CARTESIAN_POINT('Ctrl Pts',(222.119707151231,-12.5887888079438,8.15633474102777));
#4024=CARTESIAN_POINT('Ctrl Pts',(221.782231448934,-12.6028049271502,8.13474880601986));
#4025=CARTESIAN_POINT('Ctrl Pts',(221.444762472795,-12.6152233306096,8.11538671644368));
#4026=CARTESIAN_POINT('Ctrl Pts',(222.461885335512,-12.6061365441305,8.1292878796816));
#4027=CARTESIAN_POINT('Ctrl Pts',(222.124171392883,-12.6208487200592,8.10647361828943));
#4028=CARTESIAN_POINT('Ctrl Pts',(221.786371059144,-12.6343983467302,8.08532476618062));
#4029=CARTESIAN_POINT('Ctrl Pts',(221.448541730769,-12.6464010214652,8.06650737334835));
#4030=CARTESIAN_POINT('Ctrl Pts',(221.450000000021,-12.6463492012776,8.0665886147261));
#4031=CARTESIAN_POINT('Ctrl Pts',(221.783380035792,-12.6345002094073,8.08516480218665));
#4032=CARTESIAN_POINT('Ctrl Pts',(222.11673175519,-12.6211452826084,8.10601050942688));
#4033=CARTESIAN_POINT('Ctrl Pts',(222.449999999743,-12.6066538349611,8.12848565702124));
#4034=CARTESIAN_POINT('',(221.450775831754,-12.3058828662827,8.0621010628681));
#4035=CARTESIAN_POINT('Ctrl Pts',(222.448266113891,-12.2595857214958,8.11013487856825));
#4036=CARTESIAN_POINT('Ctrl Pts',(222.115671514288,-12.2760419427507,8.09228639439378));
#4037=CARTESIAN_POINT('Ctrl Pts',(221.783158463514,-12.2915932437435,8.07608268092836));
#4038=CARTESIAN_POINT('Ctrl Pts',(221.450775833865,-12.3058828628397,8.06210106744893));
#4039=CARTESIAN_POINT('Ctrl Pts',(221.450775833865,-12.3058828628397,8.06210106744893));
#4040=CARTESIAN_POINT('Ctrl Pts',(221.450713917408,-12.3062083347337,8.06263892882858));
#4041=CARTESIAN_POINT('Ctrl Pts',(221.450652181047,-12.3065364060073,8.06317517930059));
#4042=CARTESIAN_POINT('Ctrl Pts',(221.450590626744,-12.3068670599301,8.06370980689175));
#4043=CARTESIAN_POINT('Ctrl Pts',(221.449293201359,-12.3138364962603,8.0749785465008));
#4044=CARTESIAN_POINT('Ctrl Pts',(221.448080068552,-12.3219294327622,8.08549600509095));
#4045=CARTESIAN_POINT('Ctrl Pts',(221.446965852485,-12.3309930247623,8.09514722482772));
#4046=CARTESIAN_POINT('Ctrl Pts',(221.446799386967,-12.3323471387259,8.09658913123866));
#4047=CARTESIAN_POINT('Ctrl Pts',(221.446635135191,-12.333722992108,8.09801164329444));
#4048=CARTESIAN_POINT('Ctrl Pts',(221.446473152167,-12.3351201472413,8.09941431020351));
#4049=CARTESIAN_POINT('Ctrl Pts',(221.445385885918,-12.3444981646229,8.10882932385535));
#4050=CARTESIAN_POINT('Ctrl Pts',(221.44440668409,-12.3547804467825,8.11730055070965));
#4051=CARTESIAN_POINT('Ctrl Pts',(221.443550568189,-12.3658244022115,8.12470149839835));
#4052=CARTESIAN_POINT('Ctrl Pts',(221.443425919814,-12.3674323750278,8.12577905822509));
#4053=CARTESIAN_POINT('Ctrl Pts',(221.443303886572,-12.3690565496086,8.12683385864419));
#4054=CARTESIAN_POINT('Ctrl Pts',(221.443184520917,-12.3706965372725,8.12786543202329));
#4055=CARTESIAN_POINT('Ctrl Pts',(221.442712965456,-12.3771753283098,8.13194067509387));
#4056=CARTESIAN_POINT('Ctrl Pts',(221.442285106121,-12.383872229332,8.13563590125317));
#4057=CARTESIAN_POINT('Ctrl Pts',(221.441903248679,-12.3907592764141,8.13892918690614));
#4058=CARTESIAN_POINT('Ctrl Pts',(221.441238386704,-12.4027504941405,8.14466321265469));
#4059=CARTESIAN_POINT('Ctrl Pts',(221.44071278877,-12.4153174628339,8.14918172240938));
#4060=CARTESIAN_POINT('Ctrl Pts',(221.440332123371,-12.4282504749023,8.15244825997211));
#4061=CARTESIAN_POINT('Ctrl Pts',(221.440189034633,-12.4331118791198,8.15367612239117));
#4062=CARTESIAN_POINT('Ctrl Pts',(221.440066457947,-12.4380251639281,8.15472658565639));
#4063=CARTESIAN_POINT('Ctrl Pts',(221.439964810149,-12.4429794714169,8.1555958292784));
#4064=CARTESIAN_POINT('Ctrl Pts',(221.439695212217,-12.4561196582495,8.15790130257049));
#4065=CARTESIAN_POINT('Ctrl Pts',(221.439575304016,-12.4694202988216,8.15891323867084));
#4066=CARTESIAN_POINT('Ctrl Pts',(221.439606358547,-12.4826731245531,8.15860006501555));
#4067=CARTESIAN_POINT('Ctrl Pts',(221.439623131988,-12.4898313550466,8.15843091096082));
#4068=CARTESIAN_POINT('Ctrl Pts',(221.439684004179,-12.4969758885297,8.15787431573847));
#4069=CARTESIAN_POINT('Ctrl Pts',(221.439789536702,-12.5040740006302,8.15691894589307));
#4070=CARTESIAN_POINT('Ctrl Pts',(221.439869892701,-12.5094787410094,8.15619149528263));
#4071=CARTESIAN_POINT('Ctrl Pts',(221.439976148152,-12.5148565655424,8.15523272995111));
#4072=CARTESIAN_POINT('Ctrl Pts',(221.440108034414,-12.5201958763169,8.15404890174966));
#4073=CARTESIAN_POINT('Ctrl Pts',(221.440430392985,-12.5332463075292,8.15115536938888));
#4074=CARTESIAN_POINT('Ctrl Pts',(221.440902540728,-12.5459389053315,8.14694963807835));
#4075=CARTESIAN_POINT('Ctrl Pts',(221.441513390152,-12.5581143912548,8.14156323099017));
#4076=CARTESIAN_POINT('Ctrl Pts',(221.44208710469,-12.5695497025051,8.13650427548222));
#4077=CARTESIAN_POINT('Ctrl Pts',(221.442783269526,-12.580529905921,8.13040270067541));
#4078=CARTESIAN_POINT('Ctrl Pts',(221.443594248927,-12.5909062381806,8.12332921814101));
#4079=CARTESIAN_POINT('Ctrl Pts',(221.444452177945,-12.6018832821513,8.11584623409001));
#4080=CARTESIAN_POINT('Ctrl Pts',(221.445430118927,-12.6120766732996,8.10734954648736));
#4081=CARTESIAN_POINT('Ctrl Pts',(221.446512986656,-12.6213253547639,8.09794402798733));
#4082=CARTESIAN_POINT('Ctrl Pts',(221.447545529541,-12.6301442159969,8.08897561851216));
#4083=CARTESIAN_POINT('Ctrl Pts',(221.448673562974,-12.6381051260526,8.07917990046712));
#4084=CARTESIAN_POINT('Ctrl Pts',(221.449884603844,-12.6450369798049,8.06861682660541));
#4085=CARTESIAN_POINT('Ctrl Pts',(221.464455616856,-12.3062211626209,8.06423462753209));
#4086=CARTESIAN_POINT('Ctrl Pts',(220.378267697344,-12.2795353530264,7.89455620060382));
#4087=CARTESIAN_POINT('Ctrl Pts',(218.739033841301,-12.1775921348927,7.73540079393629));
#4088=CARTESIAN_POINT('Ctrl Pts',(216.559883345623,-11.9080332446112,7.74881792807374));
#4089=CARTESIAN_POINT('Ctrl Pts',(214.94818259219,-11.6254713993406,7.88801798489574));
#4090=CARTESIAN_POINT('Ctrl Pts',(213.640975676205,-11.302531225962,8.13264028661691));
#4091=CARTESIAN_POINT('Ctrl Pts',(212.779808356769,-11.0011001759936,8.39993833189723));
#4092=CARTESIAN_POINT('Ctrl Pts',(212.315205684581,-10.7982849805973,8.58873679135647));
#4093=CARTESIAN_POINT('Ctrl Pts',(211.87990351437,-10.5690553922409,8.80741685651846));
#4094=CARTESIAN_POINT('Ctrl Pts',(211.402960490437,-10.2312116712575,9.13817196153016));
#4095=CARTESIAN_POINT('Ctrl Pts',(211.123183061466,-9.68222719685035,9.68544759793355));
#4096=CARTESIAN_POINT('Ctrl Pts',(211.403449398036,-9.13885995500876,10.2305169810041));
#4097=CARTESIAN_POINT('Ctrl Pts',(211.880413392145,-8.80751705656764,10.5689414041221));
#4098=CARTESIAN_POINT('Ctrl Pts',(212.315885741762,-8.58886616353894,10.7981499268076));
#4099=CARTESIAN_POINT('Ctrl Pts',(212.664188424608,-8.4474579992817,10.950061952673));
#4100=CARTESIAN_POINT('Ctrl Pts',(213.02597076101,-8.3238689922638,11.0868969146543));
#4101=CARTESIAN_POINT('Ctrl Pts',(213.772308890772,-8.10848168671475,11.3345310188846));
#4102=CARTESIAN_POINT('Ctrl Pts',(215.471233735067,-7.79127592179457,11.753304520783));
#4103=CARTESIAN_POINT('Ctrl Pts',(218.191617260223,-7.68281073860334,12.1428748191791));
#4104=CARTESIAN_POINT('Ctrl Pts',(220.378907643563,-7.89465617150141,12.2795510741715));
#4105=CARTESIAN_POINT('Ctrl Pts',(221.464455567775,-8.06423461986494,12.306221161415));
#4106=CARTESIAN_POINT('Ctrl Pts',(221.458035547241,-12.3259846066965,8.09670638336025));
#4107=CARTESIAN_POINT('Ctrl Pts',(220.373257697422,-12.3022824250383,7.92295936218455));
#4108=CARTESIAN_POINT('Ctrl Pts',(218.735323265631,-12.2029647486635,7.75701146384734));
#4109=CARTESIAN_POINT('Ctrl Pts',(216.556235294361,-11.9332220891993,7.76137775366316));
#4110=CARTESIAN_POINT('Ctrl Pts',(214.943794364978,-11.6485301924996,7.89433482185126));
#4111=CARTESIAN_POINT('Ctrl Pts',(213.635383735661,-11.3220206576058,8.13467965568254));
#4112=CARTESIAN_POINT('Ctrl Pts',(212.773160288398,-11.0169992480975,8.39997409546155));
#4113=CARTESIAN_POINT('Ctrl Pts',(212.307922707818,-10.8117873867558,8.58805089477047));
#4114=CARTESIAN_POINT('Ctrl Pts',(211.8719877907,-10.5799181281623,8.80639125073255));
#4115=CARTESIAN_POINT('Ctrl Pts',(211.394286458424,-10.2383548540716,9.13750574332785));
#4116=CARTESIAN_POINT('Ctrl Pts',(211.114029069871,-9.6844400554289,9.68768996813022));
#4117=CARTESIAN_POINT('Ctrl Pts',(211.394776299909,-9.13820542935288,10.237652600862));
#4118=CARTESIAN_POINT('Ctrl Pts',(211.872498708669,-8.80649732141986,10.5798029496457));
#4119=CARTESIAN_POINT('Ctrl Pts',(212.308603990458,-8.58818758921799,10.8116508271669));
#4120=CARTESIAN_POINT('Ctrl Pts',(212.657382685783,-8.44732153337766,10.9653587045344));
#4121=CARTESIAN_POINT('Ctrl Pts',(213.01962488086,-8.32448404900849,11.1038173223382));
#4122=CARTESIAN_POINT('Ctrl Pts',(213.766838060631,-8.11096076520336,11.3543717494262));
#4123=CARTESIAN_POINT('Ctrl Pts',(215.467331682855,-7.79930592165192,11.7777904464419));
#4124=CARTESIAN_POINT('Ctrl Pts',(218.188345462428,-7.70213323744933,12.1691404868096));
#4125=CARTESIAN_POINT('Ctrl Pts',(220.373896812858,-7.92306173015017,12.3022963882899));
#4126=CARTESIAN_POINT('Ctrl Pts',(221.458035498224,-8.09670637550997,12.3259846056239));
#4127=CARTESIAN_POINT('Ctrl Pts',(221.448016584081,-12.3777735362731,8.14306929582562));
#4128=CARTESIAN_POINT('Ctrl Pts',(220.365060094251,-12.3559472173489,7.96125098586762));
#4129=CARTESIAN_POINT('Ctrl Pts',(218.72843861665,-12.2566782219697,7.78325977384375));
#4130=CARTESIAN_POINT('Ctrl Pts',(216.548657059337,-11.981718856558,7.77376673334701));
#4131=CARTESIAN_POINT('Ctrl Pts',(214.934654867675,-11.6904927272354,7.89798869605536));
#4132=CARTESIAN_POINT('Ctrl Pts',(213.624233283116,-11.3562216799027,8.13303429239194));
#4133=CARTESIAN_POINT('Ctrl Pts',(212.760381482604,-11.044335557548,8.39636180812211));
#4134=CARTESIAN_POINT('Ctrl Pts',(212.29419278272,-10.834734931894,8.58401367755081));
#4135=CARTESIAN_POINT('Ctrl Pts',(211.857324986758,-10.5981390130925,8.80254367058762));
#4136=CARTESIAN_POINT('Ctrl Pts',(211.378531407106,-10.2500861435531,9.13513418821369));
#4137=CARTESIAN_POINT('Ctrl Pts',(211.097596257713,-9.68761487221659,9.69091375987994));
#4138=CARTESIAN_POINT('Ctrl Pts',(211.379022572864,-9.13584408998535,10.2493786213796));
#4139=CARTESIAN_POINT('Ctrl Pts',(211.857837361576,-8.80265128277696,10.5980272773492));
#4140=CARTESIAN_POINT('Ctrl Pts',(212.29487580437,-8.5841535126676,10.8346018243995));
#4141=CARTESIAN_POINT('Ctrl Pts',(212.644367604643,-8.44360772131061,10.9915981811175));
#4142=CARTESIAN_POINT('Ctrl Pts',(213.007311902849,-8.32143481235203,11.1331142891331));
#4143=CARTESIAN_POINT('Ctrl Pts',(213.755890343268,-8.10984807309743,11.38935176298));
#4144=CARTESIAN_POINT('Ctrl Pts',(215.458996385728,-7.80509898751001,11.8228336553061));
#4145=CARTESIAN_POINT('Ctrl Pts',(218.181896658538,-7.72438405742518,12.2228434150318));
#4146=CARTESIAN_POINT('Ctrl Pts',(220.365698136573,-7.96135810917423,12.3559600753479));
#4147=CARTESIAN_POINT('Ctrl Pts',(221.448016535146,-8.14306928761017,12.3777735352866));
#4148=CARTESIAN_POINT('Ctrl Pts',(221.439881857522,-12.4832855405845,8.16765015965236));
#4149=CARTESIAN_POINT('Ctrl Pts',(220.356878186915,-12.4572438407268,7.9760077424094));
#4150=CARTESIAN_POINT('Ctrl Pts',(218.718821096709,-12.3492790655885,7.78543997893343));
#4151=CARTESIAN_POINT('Ctrl Pts',(216.535371104002,-12.0587572628364,7.76441738093461));
#4152=CARTESIAN_POINT('Ctrl Pts',(214.917987621438,-11.7538197264017,7.88301361448807));
#4153=CARTESIAN_POINT('Ctrl Pts',(213.604415583182,-11.4061991834828,8.11638607672471));
#4154=CARTESIAN_POINT('Ctrl Pts',(212.738343473498,-11.0835752307238,8.38088070449107));
#4155=CARTESIAN_POINT('Ctrl Pts',(212.270924593678,-10.8673212580188,8.570106292998));
#4156=CARTESIAN_POINT('Ctrl Pts',(211.832886163855,-10.6236596936888,8.79099239600394));
#4157=CARTESIAN_POINT('Ctrl Pts',(211.352780978816,-10.2660318388361,9.12808422036584));
#4158=CARTESIAN_POINT('Ctrl Pts',(211.071061984059,-9.69056500995685,9.69393138803969));
#4159=CARTESIAN_POINT('Ctrl Pts',(211.353273561028,-9.12881092355405,10.2653121084101));
#4160=CARTESIAN_POINT('Ctrl Pts',(211.833400024167,-8.79110449956685,10.6235479237601));
#4161=CARTESIAN_POINT('Ctrl Pts',(212.271609504653,-8.57025207311817,10.8671885041573));
#4162=CARTESIAN_POINT('Ctrl Pts',(212.622023586642,-8.4285291857178,11.0291698900987));
#4163=CARTESIAN_POINT('Ctrl Pts',(212.985908619791,-8.3056267689387,11.1754151291035));
#4164=CARTESIAN_POINT('Ctrl Pts',(213.736389633876,-8.09337606430702,11.4406602443726));
#4165=CARTESIAN_POINT('Ctrl Pts',(215.443586605097,-7.79081837388133,11.8914749271986));
#4166=CARTESIAN_POINT('Ctrl Pts',(218.171797036053,-7.72238071230742,12.3125321347529));
#4167=CARTESIAN_POINT('Ctrl Pts',(220.357516257007,-7.97612065380203,12.4572591822421));
#4168=CARTESIAN_POINT('Ctrl Pts',(221.439881808585,-8.16765015099257,12.4832855394072));
#4169=CARTESIAN_POINT('Ctrl Pts',(221.441093323519,-12.5799918667853,8.14084982734308));
#4170=CARTESIAN_POINT('Ctrl Pts',(220.35520179942,-12.5467118364736,7.94544351250813));
#4171=CARTESIAN_POINT('Ctrl Pts',(218.712646184191,-12.4275763490185,7.75159870298227));
#4172=CARTESIAN_POINT('Ctrl Pts',(216.523478797749,-12.12140658913,7.73066910815961));
#4173=CARTESIAN_POINT('Ctrl Pts',(214.902060326158,-11.8041865622367,7.85170475732412));
#4174=CARTESIAN_POINT('Ctrl Pts',(213.585409426072,-11.445533597693,8.089339098252));
#4175=CARTESIAN_POINT('Ctrl Pts',(212.717404909381,-11.1143061299106,8.35848359522157));
#4176=CARTESIAN_POINT('Ctrl Pts',(212.248968065422,-10.8927408208713,8.55101062053578));
#4177=CARTESIAN_POINT('Ctrl Pts',(211.809990388234,-10.6434150357768,8.77574870334136));
#4178=CARTESIAN_POINT('Ctrl Pts',(211.328881278147,-10.2780299871978,9.11873304424105));
#4179=CARTESIAN_POINT('Ctrl Pts',(211.046587259723,-9.69134504922238,9.69476836769681));
#4180=CARTESIAN_POINT('Ctrl Pts',(211.329374739499,-9.1194725179126,10.2772994677185));
#4181=CARTESIAN_POINT('Ctrl Pts',(211.810505074319,-8.77586360495657,10.6433026238745));
#4182=CARTESIAN_POINT('Ctrl Pts',(212.249654162698,-8.55115962327459,10.8926079043043));
#4183=CARTESIAN_POINT('Ctrl Pts',(212.600831366702,-8.40696429272889,11.058568529451));
#4184=CARTESIAN_POINT('Ctrl Pts',(212.965522018887,-8.28190741432969,11.2085988728671));
#4185=CARTESIAN_POINT('Ctrl Pts',(213.71769250635,-8.06590945761737,11.4810958774566));
#4186=CARTESIAN_POINT('Ctrl Pts',(215.428887796634,-7.7578246459242,11.9462251083342));
#4187=CARTESIAN_POINT('Ctrl Pts',(218.16411900358,-7.68745134604342,12.387075399398));
#4188=CARTESIAN_POINT('Ctrl Pts',(220.355841570937,-7.94555864151412,12.5467314425698));
#4189=CARTESIAN_POINT('Ctrl Pts',(221.441093274451,-8.14084981851373,12.5799918652816));
#4190=CARTESIAN_POINT('Ctrl Pts',(221.447750298459,-12.6292795987366,8.0928167599272));
#4191=CARTESIAN_POINT('Ctrl Pts',(220.358412847276,-12.5919874722709,7.89864990104752));
#4192=CARTESIAN_POINT('Ctrl Pts',(218.71111882697,-12.4671362922154,7.7076902609488));
#4193=CARTESIAN_POINT('Ctrl Pts',(216.516580230946,-12.1535400386835,7.69294391271966));
#4194=CARTESIAN_POINT('Ctrl Pts',(214.891639234893,-11.8305970569293,7.81982707699669));
#4195=CARTESIAN_POINT('Ctrl Pts',(213.572471755081,-11.4667149378265,8.06354692858347));
#4196=CARTESIAN_POINT('Ctrl Pts',(212.702953552344,-11.1311637130523,8.33789650615352));
#4197=CARTESIAN_POINT('Ctrl Pts',(212.23373517178,-10.9068081391507,8.53376457161505));
#4198=CARTESIAN_POINT('Ctrl Pts',(211.794045462857,-10.6543929456511,8.7621520106411));
#4199=CARTESIAN_POINT('Ctrl Pts',(211.312190644634,-10.2845457825286,9.11028376921075));
#4200=CARTESIAN_POINT('Ctrl Pts',(211.029477337424,-9.69057903981227,9.69404209771903));
#4201=CARTESIAN_POINT('Ctrl Pts',(211.312684854044,-9.11102938752704,10.2838071291879));
#4202=CARTESIAN_POINT('Ctrl Pts',(211.794560920452,-8.76226581536845,10.6542788277267));
#4203=CARTESIAN_POINT('Ctrl Pts',(212.234422354481,-8.53391220287463,10.906673455061));
#4204=CARTESIAN_POINT('Ctrl Pts',(212.586185468642,-8.38721377300865,11.0747238908232));
#4205=CARTESIAN_POINT('Ctrl Pts',(212.951503336978,-8.25983426983109,11.2266872637024));
#4206=CARTESIAN_POINT('Ctrl Pts',(213.705008068966,-8.03950622691718,11.5027962930271));
#4207=CARTESIAN_POINT('Ctrl Pts',(215.419468317429,-7.72353995495456,11.974710197148));
#4208=CARTESIAN_POINT('Ctrl Pts',(218.161002468505,-7.6445434586766,12.4247201572356));
#4209=CARTESIAN_POINT('Ctrl Pts',(220.35905464903,-7.89876429982747,12.5920094421691));
#4210=CARTESIAN_POINT('Ctrl Pts',(221.447750249236,-8.09281675115231,12.6292795970517));
#4211=CARTESIAN_POINT('Ctrl Pts',(221.451383658094,-12.6450904778306,8.06888316653846));
#4212=CARTESIAN_POINT('Ctrl Pts',(220.360498360292,-12.6066508927397,7.87562699287017));
#4213=CARTESIAN_POINT('Ctrl Pts',(218.711041926498,-12.4801932028192,7.68649391875077));
#4214=CARTESIAN_POINT('Ctrl Pts',(216.514049041481,-12.164501133939,7.67498634101669));
#4215=CARTESIAN_POINT('Ctrl Pts',(214.887483832729,-11.8398931420241,7.8048065234328));
#4216=CARTESIAN_POINT('Ctrl Pts',(213.56714600313,-11.4743930792765,8.05148927676825));
#4217=CARTESIAN_POINT('Ctrl Pts',(212.696919889244,-11.1373876478758,8.32831009106941));
#4218=CARTESIAN_POINT('Ctrl Pts',(212.22733481261,-10.912047941785,8.5257439401945));
#4219=CARTESIAN_POINT('Ctrl Pts',(211.787310380996,-10.6585044273946,8.75582347797193));
#4220=CARTESIAN_POINT('Ctrl Pts',(211.305103603824,-10.2869545674918,9.10630945915445));
#4221=CARTESIAN_POINT('Ctrl Pts',(211.022191782755,-9.68998759672677,9.69346767423414));
#4222=CARTESIAN_POINT('Ctrl Pts',(211.30559805096,-9.10706016146137,10.2862108418842));
#4223=CARTESIAN_POINT('Ctrl Pts',(211.787826022111,-8.75593932375911,10.6583887036891));
#4224=CARTESIAN_POINT('Ctrl Pts',(212.228022311407,-8.52589365302396,10.9119115689781));
#4225=CARTESIAN_POINT('Ctrl Pts',(212.580060292817,-8.37802227091441,11.0806990995579));
#4226=CARTESIAN_POINT('Ctrl Pts',(212.945671724321,-8.24954611154744,11.2333241618904));
#4227=CARTESIAN_POINT('Ctrl Pts',(213.699799389426,-8.02715783453345,11.5106336703179));
#4228=CARTESIAN_POINT('Ctrl Pts',(215.415781936517,-7.70733303780177,11.984645139197));
#4229=CARTESIAN_POINT('Ctrl Pts',(218.160206781901,-7.62393906794107,12.4372359663998));
#4230=CARTESIAN_POINT('Ctrl Pts',(220.361141073989,-7.87574085511334,12.606673538685));
#4231=CARTESIAN_POINT('Ctrl Pts',(221.451383608801,-8.06888315780592,12.6450904760936));
#4232=CARTESIAN_POINT('',(213.591551275843,-11.2683312027356,8.16833120273566));
#4233=CARTESIAN_POINT('Ctrl Pts',(221.450775821466,-12.3058828991632,8.06210106029931));
#4234=CARTESIAN_POINT('Ctrl Pts',(220.369092400807,-12.2789639580556,7.89366668049871));
#4235=CARTESIAN_POINT('Ctrl Pts',(218.734459806212,-12.1770263310049,7.73542895648975));
#4236=CARTESIAN_POINT('Ctrl Pts',(216.559883345623,-11.9080332446112,7.74881792807374));
#4237=CARTESIAN_POINT('Ctrl Pts',(215.01607956045,-11.6373750313262,7.88215383063534));
#4238=CARTESIAN_POINT('Ctrl Pts',(214.034698218629,-11.3994910411279,8.05939391279422));
#4239=CARTESIAN_POINT('Ctrl Pts',(213.591483518633,-11.2677399319188,8.16891738228021));
#4240=CARTESIAN_POINT('',(221.450775823805,-8.06210106253374,12.3058828666244));
#4241=CARTESIAN_POINT('Ctrl Pts',(213.591692232808,-11.2683145960022,8.16888189032044));
#4242=CARTESIAN_POINT('Ctrl Pts',(213.527454800179,-11.2492161842425,8.18474851151724));
#4243=CARTESIAN_POINT('Ctrl Pts',(213.211034097607,-11.1525308826174,8.26606819553246));
#4244=CARTESIAN_POINT('Ctrl Pts',(212.779643890443,-11.0014931273234,8.39993878826617));
#4245=CARTESIAN_POINT('Ctrl Pts',(212.315025542587,-10.7986186663145,8.58871950656887));
#4246=CARTESIAN_POINT('Ctrl Pts',(211.87970775182,-10.5693238156893,8.8073912657278));
#4247=CARTESIAN_POINT('Ctrl Pts',(211.402746010603,-10.2313881536259,9.13815535299453));
#4248=CARTESIAN_POINT('Ctrl Pts',(211.122956736392,-9.68228181516574,9.68550294543398));
#4249=CARTESIAN_POINT('Ctrl Pts',(211.40323494125,-9.13884363431139,10.2306932773484));
#4250=CARTESIAN_POINT('Ctrl Pts',(211.880217655265,-8.80749160987971,10.5692097987859));
#4251=CARTESIAN_POINT('Ctrl Pts',(212.315705630014,-8.58884905862738,10.7984835760089));
#4252=CARTESIAN_POINT('Ctrl Pts',(212.664020065445,-8.44745422158414,10.9504400103237));
#4253=CARTESIAN_POINT('Ctrl Pts',(213.025813757135,-8.32388371569582,11.0873151324367));
#4254=CARTESIAN_POINT('Ctrl Pts',(213.772173497906,-8.10854233252229,11.3350214904228));
#4255=CARTESIAN_POINT('Ctrl Pts',(215.471137105306,-7.79147345356187,11.7539100413061));
#4256=CARTESIAN_POINT('Ctrl Pts',(218.186965557316,-7.68346879596941,12.1428703566921));
#4257=CARTESIAN_POINT('Ctrl Pts',(220.369596505731,-7.89446752809395,12.279540415424));
#4258=CARTESIAN_POINT('Ctrl Pts',(221.450617702733,-8.06290125947491,12.3063743311652));
#4259=CARTESIAN_POINT('Ctrl Pts',(221.450775764602,-8.06210107174202,12.3058828764616));
#4260=CARTESIAN_POINT('Ctrl Pts',(221.450714372084,-8.06263440142339,12.3062056175556));
#4261=CARTESIAN_POINT('Ctrl Pts',(221.450653169298,-8.06316615376937,12.3065309369435));
#4262=CARTESIAN_POINT('Ctrl Pts',(221.45059214149,-8.06369631589619,12.3068588179698));
#4263=CARTESIAN_POINT('Ctrl Pts',(221.44929827793,-8.07493639601784,12.3138102934135));
#4264=CARTESIAN_POINT('Ctrl Pts',(221.448090105478,-8.08543182609465,12.3218893011679));
#4265=CARTESIAN_POINT('Ctrl Pts',(221.44697980033,-8.09506885689005,12.3309374204907));
#4266=CARTESIAN_POINT('Ctrl Pts',(221.446809584438,-8.09654626676751,12.3323245469972));
#4267=CARTESIAN_POINT('Ctrl Pts',(221.44664167672,-8.09800344009004,12.3337345276234));
#4268=CARTESIAN_POINT('Ctrl Pts',(221.446476130932,-8.09943989441041,12.3351668695183));
#4269=CARTESIAN_POINT('Ctrl Pts',(221.445391802095,-8.10884870431575,12.3445487429391));
#4270=CARTESIAN_POINT('Ctrl Pts',(221.444414424256,-8.11731895045314,12.3548345014415));
#4271=CARTESIAN_POINT('Ctrl Pts',(221.443558472702,-8.12472477742608,12.3658756377278));
#4272=CARTESIAN_POINT('Ctrl Pts',(221.443431193778,-8.12582601461965,12.3675174408623));
#4273=CARTESIAN_POINT('Ctrl Pts',(221.44330661044,-8.12690364263454,12.3691760039267));
#4274=CARTESIAN_POINT('Ctrl Pts',(221.443184782541,-8.12795716581247,12.3708508932013));
#4275=CARTESIAN_POINT('Ctrl Pts',(221.442733001549,-8.13186400284242,12.3770619757632));
#4276=CARTESIAN_POINT('Ctrl Pts',(221.442320942784,-8.13542322667062,12.3834712639184));
#4277=CARTESIAN_POINT('Ctrl Pts',(221.441951076123,-8.13861570484616,12.3900531370446));
#4278=CARTESIAN_POINT('Ctrl Pts',(221.441280799924,-8.14440114692191,12.4019808758192));
#4279=CARTESIAN_POINT('Ctrl Pts',(221.440748597963,-8.14898516317935,12.4144746397158));
#4280=CARTESIAN_POINT('Ctrl Pts',(221.44035939646,-8.15231863365123,12.4273350321482));
#4281=CARTESIAN_POINT('Ctrl Pts',(221.440202146512,-8.15366546313452,12.4325310450844));
#4282=CARTESIAN_POINT('Ctrl Pts',(221.440068328929,-8.15480759581906,12.4377870967231));
#4283=CARTESIAN_POINT('Ctrl Pts',(221.439958662039,-8.1557394288946,12.4430904099898));
#4284=CARTESIAN_POINT('Ctrl Pts',(221.439748736472,-8.15752315400561,12.4532420705111));
#4285=CARTESIAN_POINT('Ctrl Pts',(221.439628651389,-8.15852400453726,12.4634906276611));
#4286=CARTESIAN_POINT('Ctrl Pts',(221.439601812003,-8.15872372825094,12.4737433648746));
#4287=CARTESIAN_POINT('Ctrl Pts',(221.439567035367,-8.15898251654727,12.4870281588904));
#4288=CARTESIAN_POINT('Ctrl Pts',(221.439688469404,-8.15789802791948,12.5003211157297));
#4289=CARTESIAN_POINT('Ctrl Pts',(221.439957353037,-8.15551915165045,12.5134325233887));
#4290=CARTESIAN_POINT('Ctrl Pts',(221.440004533741,-8.15510173295448,12.5157331670828));
#4291=CARTESIAN_POINT('Ctrl Pts',(221.440056276702,-8.15464433658164,12.5180281922946));
#4292=CARTESIAN_POINT('Ctrl Pts',(221.440112563087,-8.15414707120398,12.5203165238623));
#4293=CARTESIAN_POINT('Ctrl Pts',(221.440433201746,-8.15131437012999,12.5333521374015));
#4294=CARTESIAN_POINT('Ctrl Pts',(221.440897376567,-8.14721971939262,12.5460436477957));
#4295=CARTESIAN_POINT('Ctrl Pts',(221.441498631258,-8.14192812007363,12.5582046817774));
#4296=CARTESIAN_POINT('Ctrl Pts',(221.44193290365,-8.13810611997347,12.5669883160426));
#4297=CARTESIAN_POINT('Ctrl Pts',(221.442438880666,-8.13365854631294,12.5754953615194));
#4298=CARTESIAN_POINT('Ctrl Pts',(221.443017032917,-8.12859444852294,12.58364923041));
#4299=CARTESIAN_POINT('Ctrl Pts',(221.443196519155,-8.1270223092522,12.5861805830858));
#4300=CARTESIAN_POINT('Ctrl Pts',(221.44338297922,-8.12539066156373,12.5886778340443));
#4301=CARTESIAN_POINT('Ctrl Pts',(221.443576189324,-8.12370101167072,12.5911392520286));
#4302=CARTESIAN_POINT('Ctrl Pts',(221.444436831386,-8.11617457419876,12.6021034811437));
#4303=CARTESIAN_POINT('Ctrl Pts',(221.445422282487,-8.10757476948,12.6122513705631));
#4304=CARTESIAN_POINT('Ctrl Pts',(221.446510771243,-8.0980718135915,12.6214580630626));
#4305=CARTESIAN_POINT('Ctrl Pts',(221.447546060605,-8.0890333103588,12.6302147826449));
#4306=CARTESIAN_POINT('Ctrl Pts',(221.448674768265,-8.0791764312605,12.6381208305946));
#4307=CARTESIAN_POINT('Ctrl Pts',(221.449884581199,-8.06861764055475,12.6450376258233));
#4308=CARTESIAN_POINT('Ctrl Pts',(221.43689994128,-8.06151866987104,12.306478677256));
#4309=CARTESIAN_POINT('Ctrl Pts',(221.774210491568,-8.0756448557612,12.2920127461838));
#4310=CARTESIAN_POINT('Ctrl Pts',(222.111655412683,-8.09206783980897,12.2762423150752));
#4311=CARTESIAN_POINT('Ctrl Pts',(222.449180943766,-8.11018397646565,12.2595404549966));
#4312=CARTESIAN_POINT('Ctrl Pts',(221.435775372081,-8.0947026501188,12.3264233639793));
#4313=CARTESIAN_POINT('Ctrl Pts',(221.77292397615,-8.1097305415208,12.3113421015643));
#4314=CARTESIAN_POINT('Ctrl Pts',(222.110204546349,-8.12701442194348,12.2949275903509));
#4315=CARTESIAN_POINT('Ctrl Pts',(222.447570650077,-8.14594956519576,12.2775437541285));
#4316=CARTESIAN_POINT('Ctrl Pts',(221.434883504322,-8.14890090820418,12.3859516972097));
#4317=CARTESIAN_POINT('Ctrl Pts',(221.771839129992,-8.16594724930967,12.3704346695087));
#4318=CARTESIAN_POINT('Ctrl Pts',(222.108907343976,-8.18518900598313,12.3534784853611));
#4319=CARTESIAN_POINT('Ctrl Pts',(222.446055340176,-8.20605511883779,12.3355002548051));
#4320=CARTESIAN_POINT('Ctrl Pts',(221.438529244961,-8.17174217929639,12.5257617863584));
#4321=CARTESIAN_POINT('Ctrl Pts',(221.775717930278,-8.19124169137003,12.5116996238558));
#4322=CARTESIAN_POINT('Ctrl Pts',(222.112957833557,-8.21299860491973,12.4961096808232));
#4323=CARTESIAN_POINT('Ctrl Pts',(222.450220491794,-8.23635774810338,12.4793783456616));
#4324=CARTESIAN_POINT('Ctrl Pts',(221.444762522925,-8.11538671931585,12.6152233287624));
#4325=CARTESIAN_POINT('Ctrl Pts',(221.782538192405,-8.13476640547493,12.6027936392487));
#4326=CARTESIAN_POINT('Ctrl Pts',(222.120319942596,-8.15637404131865,12.5887633813953));
#4327=CARTESIAN_POINT('Ctrl Pts',(222.458048333773,-8.17970869380117,12.5736214489942));
#4328=CARTESIAN_POINT('Ctrl Pts',(221.448541780952,-8.06650737614359,12.6464010196823));
#4329=CARTESIAN_POINT('Ctrl Pts',(221.786678130156,-8.08534187053832,12.6343874367092));
#4330=CARTESIAN_POINT('Ctrl Pts',(222.12478477905,-8.10651205146017,12.6208240943041));
#4331=CARTESIAN_POINT('Ctrl Pts',(222.462801497117,-8.12934977504498,12.6060966296065));
#4332=CARTESIAN_POINT('Ctrl Pts',(221.450775825931,-8.06210106712776,12.3058828631722));
#4333=CARTESIAN_POINT('Ctrl Pts',(221.783464731094,-8.07609556459286,12.2915800764474));
#4334=CARTESIAN_POINT('Ctrl Pts',(222.116283630207,-8.09231625189467,12.2760132958325));
#4335=CARTESIAN_POINT('Ctrl Pts',(222.449180943766,-8.11018397646565,12.2595404549966));
#4336=CARTESIAN_POINT('Ctrl Pts',(235.45,-8.83883476483184,5.73883476483184));
#4337=CARTESIAN_POINT('Ctrl Pts',(234.604142795555,-8.83883476483184,5.73883476483184));
#4338=CARTESIAN_POINT('Ctrl Pts',(232.83933320589,-8.83285251782866,5.73285251782867));
#4339=CARTESIAN_POINT('Ctrl Pts',(228.927588392105,-8.83248228684463,5.73248228684462));
#4340=CARTESIAN_POINT('Ctrl Pts',(224.383981404761,-9.09332915135431,5.99332915135432));
#4341=CARTESIAN_POINT('Ctrl Pts',(218.199196771053,-10.0950098311365,6.99500983113655));
#4342=CARTESIAN_POINT('Ctrl Pts',(214.26248805691,-11.0542209375041,7.95422093750412));
#4343=CARTESIAN_POINT('Ctrl Pts',(211.55242030417,-11.8310437852059,8.73104378520594));
#4344=CARTESIAN_POINT('Ctrl Pts',(235.45,-9.30259368036176,5.73883476483184));
#4345=CARTESIAN_POINT('Ctrl Pts',(234.603033676401,-9.30259368036176,5.73883476483184));
#4346=CARTESIAN_POINT('Ctrl Pts',(232.836662476331,-9.29652144025525,5.73276252472533));
#4347=CARTESIAN_POINT('Ctrl Pts',(228.937910978848,-9.29642275376737,5.73266383823744));
#4348=CARTESIAN_POINT('Ctrl Pts',(224.434903692009,-9.55507955241579,5.99132063688587));
#4349=CARTESIAN_POINT('Ctrl Pts',(218.293928324296,-10.5493576586489,6.98559874311901));
#4350=CARTESIAN_POINT('Ctrl Pts',(214.375482487348,-11.5039186641293,7.94015974859937));
#4351=CARTESIAN_POINT('Ctrl Pts',(211.675616215347,-12.2778173254114,8.7140584098815));
#4352=CARTESIAN_POINT('Ctrl Pts',(235.45,-10.226686873647,5.95258344487003));
#4353=CARTESIAN_POINT('Ctrl Pts',(234.600311606912,-10.226686873647,5.95258344487003));
#4354=CARTESIAN_POINT('Ctrl Pts',(232.830094732185,-10.2203953960159,5.94629196723893));
#4355=CARTESIAN_POINT('Ctrl Pts',(228.963226610645,-10.2209637468537,5.94686031807668));
#4356=CARTESIAN_POINT('Ctrl Pts',(224.559828722538,-10.4742498727606,6.20014644398356));
#4357=CARTESIAN_POINT('Ctrl Pts',(218.526367072242,-11.4503608205387,7.17625739176174));
#4358=CARTESIAN_POINT('Ctrl Pts',(214.652709034505,-12.3935146166507,8.11941118787368));
#4359=CARTESIAN_POINT('Ctrl Pts',(211.97787987361,-13.1602365570087,8.88613312823168));
#4360=CARTESIAN_POINT('Ctrl Pts',(235.45,-11.7264424593656,7.13133201948871));
#4361=CARTESIAN_POINT('Ctrl Pts',(234.593908420491,-11.7264424593656,7.13133201948871));
#4362=CARTESIAN_POINT('Ctrl Pts',(232.814718676344,-11.7196261171228,7.12451567724597));
#4363=CARTESIAN_POINT('Ctrl Pts',(229.022882173921,-11.721760209588,7.12664976971119));
#4364=CARTESIAN_POINT('Ctrl Pts',(224.853982598903,-11.9623885032638,7.36727806338696));
#4365=CARTESIAN_POINT('Ctrl Pts',(219.073460039369,-12.8957604987131,8.30065005883624));
#4366=CARTESIAN_POINT('Ctrl Pts',(215.305348795275,-13.8120507682861,9.21694032840924));
#4367=CARTESIAN_POINT('Ctrl Pts',(212.689415004419,-14.5618907435995,9.9667803037227));
#4368=CARTESIAN_POINT('Ctrl Pts',(235.45,-12.297947819089,9.62635715697582));
#4369=CARTESIAN_POINT('Ctrl Pts',(234.586564401068,-12.297947819089,9.62635715697582));
#4370=CARTESIAN_POINT('Ctrl Pts',(232.796873302729,-12.2905556738244,9.6189650117112));
#4371=CARTESIAN_POINT('Ctrl Pts',(229.091002452816,-12.2944951411163,9.62290447900308));
#4372=CARTESIAN_POINT('Ctrl Pts',(225.190527441567,-12.5206752438319,9.84908458171871));
#4373=CARTESIAN_POINT('Ctrl Pts',(219.700016914074,-13.4050398135364,10.7334491514232));
#4374=CARTESIAN_POINT('Ctrl Pts',(216.05241276164,-14.2906055587071,11.6190148965939));
#4375=CARTESIAN_POINT('Ctrl Pts',(213.504027955472,-15.0210830680481,12.3494924059349));
#4376=CARTESIAN_POINT('Ctrl Pts',(235.45,-10.379012711936,12.0374311791956));
#4377=CARTESIAN_POINT('Ctrl Pts',(234.585398372926,-10.379012711936,12.0374311791956));
#4378=CARTESIAN_POINT('Ctrl Pts',(232.794239649712,-10.3715042578261,12.0299227250858));
#4379=CARTESIAN_POINT('Ctrl Pts',(229.102103818884,-10.3757212665147,12.0341397337744));
#4380=CARTESIAN_POINT('Ctrl Pts',(225.244750150935,-10.5995413459695,12.2579598132292));
#4381=CARTESIAN_POINT('Ctrl Pts',(219.800372915579,-11.4761141947356,13.1345326619953));
#4382=CARTESIAN_POINT('Ctrl Pts',(216.172422799545,-12.3567198728479,14.0151383401076));
#4383=CARTESIAN_POINT('Ctrl Pts',(213.634762912876,-13.0841231555398,14.7425416227995));
#4384=CARTESIAN_POINT('Ctrl Pts',(235.45,-7.29902980168373,12.0344693173029));
#4385=CARTESIAN_POINT('Ctrl Pts',(234.59276241599,-7.29902980168373,12.0344693173029));
#4386=CARTESIAN_POINT('Ctrl Pts',(232.811827827187,-7.29213683645233,12.0275763520715));
#4387=CARTESIAN_POINT('Ctrl Pts',(229.033360182576,-7.29455748873611,12.0299970043553));
#4388=CARTESIAN_POINT('Ctrl Pts',(224.906079852524,-7.53296630853869,12.2684058241579));
#4389=CARTESIAN_POINT('Ctrl Pts',(219.170766058369,-8.45869657619198,13.1941360918112));
#4390=CARTESIAN_POINT('Ctrl Pts',(215.421182613148,-9.37023591975735,14.1056754353765));
#4391=CARTESIAN_POINT('Ctrl Pts',(212.8157895679,-10.1170544606393,14.8524939762585));
#4392=CARTESIAN_POINT('Ctrl Pts',(235.45,-5.37773720679046,9.63019640330265));
#4393=CARTESIAN_POINT('Ctrl Pts',(234.603118746334,-5.37773720679046,9.63019640330265));
#4394=CARTESIAN_POINT('Ctrl Pts',(232.836946153549,-5.371662045101,9.62412124161319));
#4395=CARTESIAN_POINT('Ctrl Pts',(228.937232026666,-5.37153893788703,9.62399813439921));
#4396=CARTESIAN_POINT('Ctrl Pts',(224.431309246416,-5.63033764334045,9.88279683985264));
#4397=CARTESIAN_POINT('Ctrl Pts',(218.287008175008,-6.62517931017756,10.8776385066898));
#4398=CARTESIAN_POINT('Ctrl Pts',(214.367367161308,-7.58006466730258,11.8325238638148));
#4399=CARTESIAN_POINT('Ctrl Pts',(211.666718431193,-8.35418761498485,12.606646811497));
#4400=CARTESIAN_POINT('Ctrl Pts',(235.45,-6.06638487639118,6.6265638661236));
#4401=CARTESIAN_POINT('Ctrl Pts',(234.608647106919,-6.06638487639118,6.6265638661236));
#4402=CARTESIAN_POINT('Ctrl Pts',(232.85012929126,-6.0607743590449,6.62095334877732));
#4403=CARTESIAN_POINT('Ctrl Pts',(228.885594910611,-6.05930362925267,6.61948261898508));
#4404=CARTESIAN_POINT('Ctrl Pts',(224.176979644047,-6.32906129901598,6.88924028874841));
#4405=CARTESIAN_POINT('Ctrl Pts',(217.814256580002,-7.36080770737653,7.92098669710896));
#4406=CARTESIAN_POINT('Ctrl Pts',(213.80324851896,-8.33892418956874,8.89910317930117));
#4407=CARTESIAN_POINT('Ctrl Pts',(211.051750911275,-9.12762262889203,9.68780161862445));
#4408=CARTESIAN_POINT('Ctrl Pts',(235.45,-7.911316933772,5.73883476483184));
#4409=CARTESIAN_POINT('Ctrl Pts',(234.606377037654,-7.911316933772,5.73883476483184));
#4410=CARTESIAN_POINT('Ctrl Pts',(232.844967342279,-7.90548429997967,5.73300213103952));
#4411=CARTESIAN_POINT('Ctrl Pts',(228.907157906119,-7.90455547801309,5.73207330907293));
#4412=CARTESIAN_POINT('Ctrl Pts',(224.282405699945,-8.16973002205722,5.99724785311707));
#4413=CARTESIAN_POINT('Ctrl Pts',(218.009481577772,-9.18630905779117,7.01382688885103));
#4414=CARTESIAN_POINT('Ctrl Pts',(214.036646396077,-10.1547832903433,7.98230112140318));
#4415=CARTESIAN_POINT('Ctrl Pts',(211.306028481815,-10.937496704795,8.76501453585483));
#4416=CARTESIAN_POINT('Ctrl Pts',(235.45,-8.83883476483184,5.73883476483184));
#4417=CARTESIAN_POINT('Ctrl Pts',(234.604142795555,-8.83883476483184,5.73883476483184));
#4418=CARTESIAN_POINT('Ctrl Pts',(232.83933320589,-8.83285251782866,5.73285251782867));
#4419=CARTESIAN_POINT('Ctrl Pts',(228.927588392105,-8.83248228684463,5.73248228684462));
#4420=CARTESIAN_POINT('Ctrl Pts',(224.383981404761,-9.09332915135431,5.99332915135432));
#4421=CARTESIAN_POINT('Ctrl Pts',(218.199196771053,-10.0950098311365,6.99500983113655));
#4422=CARTESIAN_POINT('Ctrl Pts',(214.26248805691,-11.0542209375041,7.95422093750412));
#4423=CARTESIAN_POINT('Ctrl Pts',(211.55242030417,-11.8310437852059,8.73104378520594));
#4424=CARTESIAN_POINT('',(235.45,-8.83883476483184,5.73883476483184));
#4425=CARTESIAN_POINT('Ctrl Pts',(235.45,-8.83883476483184,5.73883476483184));
#4426=CARTESIAN_POINT('Ctrl Pts',(235.267814399359,-8.83883476483184,5.73883476483184));
#4427=CARTESIAN_POINT('Ctrl Pts',(235.084014009716,-8.83869128323343,5.73869128323343));
#4428=CARTESIAN_POINT('Ctrl Pts',(234.898419836955,-8.83842073149005,5.73842073149005));
#4429=CARTESIAN_POINT('Ctrl Pts',(234.708527134577,-8.83814391352255,5.73814391352255));
#4430=CARTESIAN_POINT('Ctrl Pts',(234.516756663676,-8.83773415773342,5.73773415773342));
#4431=CARTESIAN_POINT('Ctrl Pts',(234.322947788408,-8.83724208677519,5.7372420867752));
#4432=CARTESIAN_POINT('Ctrl Pts',(234.124339862071,-8.83673783126837,5.73673783126838));
#4433=CARTESIAN_POINT('Ctrl Pts',(233.923591391418,-8.83614722666317,5.73614722666317));
#4434=CARTESIAN_POINT('Ctrl Pts',(233.720560812251,-8.83555770364863,5.73555770364863));
#4435=CARTESIAN_POINT('Ctrl Pts',(233.512165363977,-8.83495260310965,5.73495260310966));
#4436=CARTESIAN_POINT('Ctrl Pts',(233.301365630466,-8.83434876745148,5.73434876745148));
#4437=CARTESIAN_POINT('Ctrl Pts',(233.088040383062,-8.83387339350526,5.73387339350526));
#4438=CARTESIAN_POINT('Ctrl Pts',(232.868003271214,-8.83338306284141,5.73338306284141));
#4439=CARTESIAN_POINT('Ctrl Pts',(232.645279171591,-8.8330295859438,5.7330295859438));
#4440=CARTESIAN_POINT('Ctrl Pts',(232.419769051352,-8.8329845303907,5.7329845303907));
#4441=CARTESIAN_POINT('Ctrl Pts',(232.185598427369,-8.83293774452153,5.73293774452153));
#4442=CARTESIAN_POINT('Ctrl Pts',(231.948423578663,-8.83322379593575,5.73322379593576));
#4443=CARTESIAN_POINT('Ctrl Pts',(231.708170971798,-8.83406531080383,5.73406531080383));
#4444=CARTESIAN_POINT('Ctrl Pts',(231.453686353773,-8.83495667507479,5.73495667507479));
#4445=CARTESIAN_POINT('Ctrl Pts',(231.195748403321,-8.83647165698818,5.73647165698818));
#4446=CARTESIAN_POINT('Ctrl Pts',(230.934313601092,-8.83890337121891,5.73890337121891));
#4447=CARTESIAN_POINT('Ctrl Pts',(230.657709034568,-8.84147618575992,5.74147618575992));
#4448=CARTESIAN_POINT('Ctrl Pts',(230.377189882255,-8.84507584016159,5.74507584016159));
#4449=CARTESIAN_POINT('Ctrl Pts',(230.092751466349,-8.85007235482267,5.75007235482267));
#4450=CARTESIAN_POINT('Ctrl Pts',(229.800621762457,-8.85520397652638,5.75520397652638));
#4451=CARTESIAN_POINT('Ctrl Pts',(229.50435781992,-8.86181006822194,5.76181006822194));
#4452=CARTESIAN_POINT('Ctrl Pts',(229.204005559781,-8.87030171509451,5.77030171509451));
#4453=CARTESIAN_POINT('Ctrl Pts',(228.9224253159,-8.87826263403755,5.77826263403755));
#4454=CARTESIAN_POINT('Ctrl Pts',(228.63725113478,-8.88788181207421,5.78788181207421));
#4455=CARTESIAN_POINT('Ctrl Pts',(228.348566273945,-8.89949208191431,5.79949208191432));
#4456=CARTESIAN_POINT('Ctrl Pts',(228.077924216913,-8.91037670988941,5.81037670988941));
#4457=CARTESIAN_POINT('Ctrl Pts',(227.804197120493,-8.92301217580396,5.82301217580396));
#4458=CARTESIAN_POINT('Ctrl Pts',(227.527499360012,-8.93765366875466,5.83765366875466));
#4459=CARTESIAN_POINT('Ctrl Pts',(227.268095209561,-8.95138006839594,5.85138006839594));
#4460=CARTESIAN_POINT('Ctrl Pts',(227.006080611835,-8.96687005303846,5.86687005303846));
#4461=CARTESIAN_POINT('Ctrl Pts',(226.741584082987,-8.98430759530619,5.8843075953062));
#4462=CARTESIAN_POINT('Ctrl Pts',(226.476527370842,-9.00178206894669,5.90178206894669));
#4463=CARTESIAN_POINT('Ctrl Pts',(226.208980043478,-9.02121280899599,5.92121280899599));
#4464=CARTESIAN_POINT('Ctrl Pts',(225.939096063264,-9.04274969715525,5.94274969715525));
#4465=CARTESIAN_POINT('Ctrl Pts',(225.667874072288,-9.06439335929981,5.96439335929981));
#4466=CARTESIAN_POINT('Ctrl Pts',(225.394292507467,-9.08816408590098,5.98816408590099));
#4467=CARTESIAN_POINT('Ctrl Pts',(225.118506402954,-9.11417657454916,6.01417657454916));
#4468=CARTESIAN_POINT('Ctrl Pts',(224.840814363677,-9.14036883333658,6.04036883333658));
#4469=CARTESIAN_POINT('Ctrl Pts',(224.560887257731,-9.16883392213035,6.06883392213035));
#4470=CARTESIAN_POINT('Ctrl Pts',(224.278880436828,-9.19965135428408,6.09965135428408));
#4471=CARTESIAN_POINT('Ctrl Pts',(223.991865945606,-9.2310160197984,6.1310160197984));
#4472=CARTESIAN_POINT('Ctrl Pts',(223.702697804386,-9.2648172433732,6.1648172433732));
#4473=CARTESIAN_POINT('Ctrl Pts',(223.411534143538,-9.30110030987102,6.20110030987102));
#4474=CARTESIAN_POINT('Ctrl Pts',(223.107584499996,-9.33897668873139,6.23897668873139));
#4475=CARTESIAN_POINT('Ctrl Pts',(222.801460905262,-9.37955724408024,6.27955724408025));
#4476=CARTESIAN_POINT('Ctrl Pts',(222.493317939646,-9.42285638888979,6.32285638888979));
#4477=CARTESIAN_POINT('Ctrl Pts',(222.166080237492,-9.46883865762135,6.36883865762135));
#4478=CARTESIAN_POINT('Ctrl Pts',(221.836565384735,-9.51788639710034,6.41788639710034));
#4479=CARTESIAN_POINT('Ctrl Pts',(221.504925230572,-9.56998282743421,6.46998282743421));
#4480=CARTESIAN_POINT('Ctrl Pts',(221.123264167034,-9.62993690343558,6.52993690343558));
#4481=CARTESIAN_POINT('Ctrl Pts',(220.738788173636,-9.69392839756004,6.59392839756004));
#4482=CARTESIAN_POINT('Ctrl Pts',(220.351679332982,-9.76189491045493,6.66189491045493));
#4483=CARTESIAN_POINT('Ctrl Pts',(219.936447519982,-9.83479910537058,6.73479910537058));
#4484=CARTESIAN_POINT('Ctrl Pts',(219.518186371377,-9.91227632213173,6.81227632213174));
#4485=CARTESIAN_POINT('Ctrl Pts',(219.097082009678,-9.99421539322617,6.89421539322617));
#4486=CARTESIAN_POINT('Ctrl Pts',(218.638436491139,-10.083459274717,6.98345927471698));
#4487=CARTESIAN_POINT('Ctrl Pts',(218.176418824512,-10.1779950367462,7.07799503674625));
#4488=CARTESIAN_POINT('Ctrl Pts',(217.71121921683,-10.277652141885,7.17765214188505));
#4489=CARTESIAN_POINT('Ctrl Pts',(217.246184342294,-10.3772739571653,7.27727395716528));
#4490=CARTESIAN_POINT('Ctrl Pts',(216.777969716324,-10.4820121127662,7.38201211276617));
#4491=CARTESIAN_POINT('Ctrl Pts',(216.306714486041,-10.5916893414751,7.49168934147515));
#4492=CARTESIAN_POINT('Ctrl Pts',(215.845271195166,-10.6990829959056,7.59908299590556));
#4493=CARTESIAN_POINT('Ctrl Pts',(215.380912457609,-10.8112110294913,7.71121102949131));
#4494=CARTESIAN_POINT('Ctrl Pts',(214.913721448356,-10.9279191840351,7.82791918403514));
#4495=CARTESIAN_POINT('Ctrl Pts',(214.475478562823,-11.0373958593125,7.93739585931253));
#4496=CARTESIAN_POINT('Ctrl Pts',(214.034742550133,-11.1509024703267,8.0509024703267));
#4497=CARTESIAN_POINT('Ctrl Pts',(213.591551275843,-11.2683312027356,8.16833120273564));
#4498=CARTESIAN_POINT('Origin',(235.45,-8.83883476483184,8.83883476483184));
#4499=CARTESIAN_POINT('Ctrl Pts',(222.449180943635,-12.2595404545593,-8.11018397557108));
#4500=CARTESIAN_POINT('Ctrl Pts',(223.443908414725,-12.2731441514838,-8.28924322591405));
#4501=CARTESIAN_POINT('Ctrl Pts',(225.4208333236,-12.2198366815447,-8.72884604744259));
#4502=CARTESIAN_POINT('Ctrl Pts',(227.502958011641,-12.0395118517843,-9.27067476111262));
#4503=CARTESIAN_POINT('Ctrl Pts',(228.720543713792,-11.9084837361007,-9.59777741140569));
#4504=CARTESIAN_POINT('Ctrl Pts',(229.206519539025,-11.8530710958433,-9.73028396934244));
#4505=CARTESIAN_POINT('Ctrl Pts',(229.691775375611,-11.7932189235012,-9.86537227583957));
#4506=CARTESIAN_POINT('Ctrl Pts',(230.175269562831,-11.7267267381865,-10.005312910333));
#4507=CARTESIAN_POINT('Ctrl Pts',(230.536357526343,-11.672634698013,-10.1135386382171));
#4508=CARTESIAN_POINT('Ctrl Pts',(230.834962691372,-11.6228717465762,-10.2075059074687));
#4509=CARTESIAN_POINT('Ctrl Pts',(231.071703849197,-11.5792761143727,-10.2858259781957));
#4510=CARTESIAN_POINT('Ctrl Pts',(231.423423348606,-11.5088673778223,-10.4075022562791));
#4511=CARTESIAN_POINT('Ctrl Pts',(231.82668117593,-11.4123687153294,-10.5618762263008));
#4512=CARTESIAN_POINT('Ctrl Pts',(232.186946719005,-11.2617952402118,-10.7628011201858));
#4513=CARTESIAN_POINT('Ctrl Pts',(232.325049518956,-11.1533608075619,-10.8898358463301));
#4514=CARTESIAN_POINT('Ctrl Pts',(232.373428598687,-11.0777686373689,-10.9714733838489));
#4515=CARTESIAN_POINT('Ctrl Pts',(232.392975859227,-10.9940726210762,-11.0569552660066));
#4516=CARTESIAN_POINT('Ctrl Pts',(232.349963003854,-10.88564018082,-11.1578488838233));
#4517=CARTESIAN_POINT('Ctrl Pts',(232.194494136695,-10.7377330987073,-11.2814594312103));
#4518=CARTESIAN_POINT('Ctrl Pts',(231.836505354301,-10.5331684566243,-11.431512635642));
#4519=CARTESIAN_POINT('Ctrl Pts',(231.376055329181,-10.3546444914333,-11.540221526604));
#4520=CARTESIAN_POINT('Ctrl Pts',(230.905170223466,-10.1938449663681,-11.6289672886294));
#4521=CARTESIAN_POINT('Ctrl Pts',(230.636751886484,-10.1089907263308,-11.672466899552));
#4522=CARTESIAN_POINT('Ctrl Pts',(230.457053586331,-10.0537412691127,-11.6998826807031));
#4523=CARTESIAN_POINT('Ctrl Pts',(230.216980461529,-9.98084849956143,-11.7355118733703));
#4524=CARTESIAN_POINT('Ctrl Pts',(229.764374570124,-9.84851196695702,-11.7970568935188));
#4525=CARTESIAN_POINT('Ctrl Pts',(229.21802665101,-9.69624781982668,-11.8623534695773));
#4526=CARTESIAN_POINT('Ctrl Pts',(228.730874301424,-9.56385982624696,-11.9158682342189));
#4527=CARTESIAN_POINT('Ctrl Pts',(228.242834732842,-9.43316164547717,-11.9666211438001));
#4528=CARTESIAN_POINT('Ctrl Pts',(227.631537612195,-9.27252998272206,-12.0253031471664));
#4529=CARTESIAN_POINT('Ctrl Pts',(226.896545738194,-9.08395173762708,-12.0882728699408));
#4530=CARTESIAN_POINT('Ctrl Pts',(226.282927934269,-8.93085394104959,-12.1340529251313));
#4531=CARTESIAN_POINT('Ctrl Pts',(225.791209541458,-8.81140946284228,-12.1661538283209));
#4532=CARTESIAN_POINT('Ctrl Pts',(224.560552939547,-8.51857417559243,-12.2385102839907));
#4533=CARTESIAN_POINT('Ctrl Pts',(223.445054591758,-8.28044055822367,-12.2686750902559));
#4534=CARTESIAN_POINT('Ctrl Pts',(222.448266113889,-8.11013487856749,-12.2595857214956));
#4535=CARTESIAN_POINT('Ctrl Pts',(222.441793359464,-12.2774756674565,-8.14493145236815));
#4536=CARTESIAN_POINT('Ctrl Pts',(223.435431395785,-12.2878393335257,-8.32726786730379));
#4537=CARTESIAN_POINT('Ctrl Pts',(225.409751459781,-12.226565657488,-8.7724410629764));
#4538=CARTESIAN_POINT('Ctrl Pts',(227.489513904786,-12.0356943226915,-9.31704032220079));
#4539=CARTESIAN_POINT('Ctrl Pts',(228.705646185832,-11.8982570032405,-9.64453832093136));
#4540=CARTESIAN_POINT('Ctrl Pts',(229.190979439658,-11.8402472869503,-9.77705912722336));
#4541=CARTESIAN_POINT('Ctrl Pts',(229.675465848538,-11.7777664095463,-9.91198258483338));
#4542=CARTESIAN_POINT('Ctrl Pts',(230.157889428117,-11.7085954443585,-10.0514768448375));
#4543=CARTESIAN_POINT('Ctrl Pts',(230.517942679082,-11.6524732690189,-10.1591911314743));
#4544=CARTESIAN_POINT('Ctrl Pts',(230.81537058078,-11.6010059111733,-10.2525320174524));
#4545=CARTESIAN_POINT('Ctrl Pts',(231.050891581563,-11.5560589176809,-10.3301668056453));
#4546=CARTESIAN_POINT('Ctrl Pts',(231.400318687448,-11.4836503585513,-10.4505619155056));
#4547=CARTESIAN_POINT('Ctrl Pts',(231.799814794939,-11.3849425524847,-10.6027086202179));
#4548=CARTESIAN_POINT('Ctrl Pts',(232.148923573382,-11.234595642848,-10.7965805273694));
#4549=CARTESIAN_POINT('Ctrl Pts',(232.275521130872,-11.1327480439903,-10.9126237264463));
#4550=CARTESIAN_POINT('Ctrl Pts',(232.317246818845,-11.0665436349357,-10.9828489209447));
#4551=CARTESIAN_POINT('Ctrl Pts',(232.333372455225,-10.9969981837155,-11.0533353795928));
#4552=CARTESIAN_POINT('Ctrl Pts',(232.298145941975,-10.9065538796644,-11.1387653457242));
#4553=CARTESIAN_POINT('Ctrl Pts',(232.1563129165,-10.7714206746978,-11.254973701268));
#4554=CARTESIAN_POINT('Ctrl Pts',(231.809641694654,-10.5744531205541,-11.4043960997467));
#4555=CARTESIAN_POINT('Ctrl Pts',(231.353630353418,-10.3982586201101,-11.5158997180307));
#4556=CARTESIAN_POINT('Ctrl Pts',(230.88551659668,-10.239041713556,-11.6072779950367));
#4557=CARTESIAN_POINT('Ctrl Pts',(230.618139441928,-10.1547069298349,-11.6523357177141));
#4558=CARTESIAN_POINT('Ctrl Pts',(230.439041946416,-10.0997574940087,-11.6807663828871));
#4559=CARTESIAN_POINT('Ctrl Pts',(230.1997086332,-10.0272209375088,-11.7177516530062));
#4560=CARTESIAN_POINT('Ctrl Pts',(229.748168896115,-9.89531697345026,-11.7818065706304));
#4561=CARTESIAN_POINT('Ctrl Pts',(229.20270679674,-9.7432061685926,-11.8500500582712));
#4562=CARTESIAN_POINT('Ctrl Pts',(228.716220686331,-9.6107739888819,-11.9061474421497));
#4563=CARTESIAN_POINT('Ctrl Pts',(228.228792065438,-9.47990891480033,-11.9594563262425));
#4564=CARTESIAN_POINT('Ctrl Pts',(227.618203770913,-9.31884582683304,-12.0212769921707));
#4565=CARTESIAN_POINT('Ctrl Pts',(226.884063656563,-9.12944733651747,-12.0879172598023));
#4566=CARTESIAN_POINT('Ctrl Pts',(226.271185071307,-8.97542949332356,-12.136656197391));
#4567=CARTESIAN_POINT('Ctrl Pts',(225.780077683483,-8.85511486278226,-12.171049998321));
#4568=CARTESIAN_POINT('Ctrl Pts',(224.550973683047,-8.55987765989033,-12.2489994032312));
#4569=CARTESIAN_POINT('Ctrl Pts',(223.436943021914,-8.3185288959262,-12.2834796268617));
#4570=CARTESIAN_POINT('Ctrl Pts',(222.441281367741,-8.14498176439658,-12.2775427665891));
#4571=CARTESIAN_POINT('Ctrl Pts',(222.428700339686,-12.3351944010221,-8.20342999809996));
#4572=CARTESIAN_POINT('Ctrl Pts',(223.420705894003,-12.3422172204327,-8.39396829842167));
#4573=CARTESIAN_POINT('Ctrl Pts',(225.390659144752,-12.2710274384599,-8.85490420847371));
#4574=CARTESIAN_POINT('Ctrl Pts',(227.465211864536,-12.0642413431927,-9.41292655292621));
#4575=CARTESIAN_POINT('Ctrl Pts',(228.677841265598,-11.9162394951977,-9.74668304881586));
#4576=CARTESIAN_POINT('Ctrl Pts',(229.161626657213,-11.8538960589955,-9.8815585670478));
#4577=CARTESIAN_POINT('Ctrl Pts',(229.644306445719,-11.7868893686812,-10.0185804973766));
#4578=CARTESIAN_POINT('Ctrl Pts',(230.124315510575,-11.7129842645862,-10.1598404279113));
#4579=CARTESIAN_POINT('Ctrl Pts',(230.482098188081,-11.6532026530218,-10.2686561874612));
#4580=CARTESIAN_POINT('Ctrl Pts',(230.777012693508,-11.5985942282605,-10.3626521075681));
#4581=CARTESIAN_POINT('Ctrl Pts',(231.009968975606,-11.551114265386,-10.4405606143905));
#4582=CARTESIAN_POINT('Ctrl Pts',(231.354630556673,-11.4748996926386,-10.5610035112389));
#4583=CARTESIAN_POINT('Ctrl Pts',(231.746441323954,-11.3718185456874,-10.7121189406428));
#4584=CARTESIAN_POINT('Ctrl Pts',(232.073073486092,-11.221304584923,-10.8967315943698));
#4585=CARTESIAN_POINT('Ctrl Pts',(232.176582396635,-11.1317053030741,-10.993817933905));
#4586=CARTESIAN_POINT('Ctrl Pts',(232.204966304421,-11.0833368694506,-11.0429936705791));
#4587=CARTESIAN_POINT('Ctrl Pts',(232.214232410763,-11.0407939940001,-11.0851402993116));
#4588=CARTESIAN_POINT('Ctrl Pts',(232.194615316469,-10.9840776445813,-11.1410348990503));
#4589=CARTESIAN_POINT('Ctrl Pts',(232.08014362413,-10.8709924928444,-11.2434796619256));
#4590=CARTESIAN_POINT('Ctrl Pts',(231.756273075776,-10.684322144892,-11.3922350464384));
#4591=CARTESIAN_POINT('Ctrl Pts',(231.309320614984,-10.5088560115229,-11.5092304359036));
#4592=CARTESIAN_POINT('Ctrl Pts',(230.846991526312,-10.349421344003,-11.6055415844347));
#4593=CARTESIAN_POINT('Ctrl Pts',(230.581835087139,-10.2644201396927,-11.6534537028586));
#4594=CARTESIAN_POINT('Ctrl Pts',(230.404039055922,-10.2089741960056,-11.6837145940847));
#4595=CARTESIAN_POINT('Ctrl Pts',(230.166320816437,-10.1357129682839,-11.7231317702982));
#4596=CARTESIAN_POINT('Ctrl Pts',(229.717159973736,-10.0021781544428,-11.7916198836102));
#4597=CARTESIAN_POINT('Ctrl Pts',(229.173760480543,-9.84766939044632,-11.8649058646191));
#4598=CARTESIAN_POINT('Ctrl Pts',(228.688863061534,-9.71285543625453,-11.9252895062483));
#4599=CARTESIAN_POINT('Ctrl Pts',(228.202896317793,-9.57945470687069,-11.9827636714995));
#4600=CARTESIAN_POINT('Ctrl Pts',(227.59397673698,-9.41496221287878,-12.0495702013688));
#4601=CARTESIAN_POINT('Ctrl Pts',(226.861755413063,-9.22106493558699,-12.1218179238047));
#4602=CARTESIAN_POINT('Ctrl Pts',(226.250448383658,-9.06300695383515,-12.1748895537275));
#4603=CARTESIAN_POINT('Ctrl Pts',(225.760583253296,-8.93930156346603,-12.2125264784483));
#4604=CARTESIAN_POINT('Ctrl Pts',(224.534540599156,-8.63534497981187,-12.2982028969351));
#4605=CARTESIAN_POINT('Ctrl Pts',(223.422935750612,-8.38527349124448,-12.3380849148587));
#4606=CARTESIAN_POINT('Ctrl Pts',(222.428995290164,-8.20366372025676,-12.3353315969662));
#4607=CARTESIAN_POINT('Ctrl Pts',(222.42083780963,-12.4572929060213,-8.22815911063703));
#4608=CARTESIAN_POINT('Ctrl Pts',(223.413389707985,-12.4678623463692,-8.4292487007268));
#4609=CARTESIAN_POINT('Ctrl Pts',(225.382958743878,-12.401046180172,-8.9131205328941));
#4610=CARTESIAN_POINT('Ctrl Pts',(227.454000788301,-12.1934128759637,-9.49625856072975));
#4611=CARTESIAN_POINT('Ctrl Pts',(228.663980670222,-12.0433680022684,-9.84455546365274));
#4612=CARTESIAN_POINT('Ctrl Pts',(229.14663728819,-11.9800622353042,-9.98525658442625));
#4613=CARTESIAN_POINT('Ctrl Pts',(229.628069201755,-11.9118847478614,-10.128148689821));
#4614=CARTESIAN_POINT('Ctrl Pts',(230.106615015884,-11.8365732109188,-10.2753982300886));
#4615=CARTESIAN_POINT('Ctrl Pts',(230.463139358167,-11.7756109698124,-10.3887940573986));
#4616=CARTESIAN_POINT('Ctrl Pts',(230.756787238447,-11.7199009588285,-10.4867085384461));
#4617=CARTESIAN_POINT('Ctrl Pts',(230.988535013356,-11.6714693682935,-10.5678216142225));
#4618=CARTESIAN_POINT('Ctrl Pts',(231.331053467224,-11.5937423884424,-10.6931546480994));
#4619=CARTESIAN_POINT('Ctrl Pts',(231.719602089893,-11.4887117052239,-10.8502356858392));
#4620=CARTESIAN_POINT('Ctrl Pts',(232.037523290611,-11.336808260129,-11.0400133194055));
#4621=CARTESIAN_POINT('Ctrl Pts',(232.132304874958,-11.2501097738559,-11.1353740298419));
#4622=CARTESIAN_POINT('Ctrl Pts',(232.155677334858,-11.2067209515519,-11.1798421932575));
#4623=CARTESIAN_POINT('Ctrl Pts',(232.162371476381,-11.1719321033321,-11.2143579465943));
#4624=CARTESIAN_POINT('Ctrl Pts',(232.14859972862,-11.1238037945689,-11.261715817993));
#4625=CARTESIAN_POINT('Ctrl Pts',(232.044457667301,-11.0127599598879,-11.3609006406207));
#4626=CARTESIAN_POINT('Ctrl Pts',(231.729412355801,-10.8212267387381,-11.5106958843703));
#4627=CARTESIAN_POINT('Ctrl Pts',(231.286290919635,-10.6387288532114,-11.6300205429331));
#4628=CARTESIAN_POINT('Ctrl Pts',(230.826619141736,-10.4728532958629,-11.7281760327037));
#4629=CARTESIAN_POINT('Ctrl Pts',(230.562590030711,-10.3843067437619,-11.7770463354493));
#4630=CARTESIAN_POINT('Ctrl Pts',(230.385483581552,-10.3265503003784,-11.8078927448339));
#4631=CARTESIAN_POINT('Ctrl Pts',(230.148642510755,-10.250225511322,-11.8480706838277));
#4632=CARTESIAN_POINT('Ctrl Pts',(229.700903237844,-10.1110587254698,-11.9178346059066));
#4633=CARTESIAN_POINT('Ctrl Pts',(229.158931328537,-9.94995356401062,-11.9923419239));
#4634=CARTESIAN_POINT('Ctrl Pts',(228.675194692347,-9.80933423594353,-12.0535978145883));
#4635=CARTESIAN_POINT('Ctrl Pts',(228.190322286785,-9.67014643164024,-12.111801923829));
#4636=CARTESIAN_POINT('Ctrl Pts',(227.582658947066,-9.49842834315566,-12.1792526159608));
#4637=CARTESIAN_POINT('Ctrl Pts',(226.851771632,-9.29586459073928,-12.2518415510088));
#4638=CARTESIAN_POINT('Ctrl Pts',(226.241409647378,-9.1306017297381,-12.3048276910198));
#4639=CARTESIAN_POINT('Ctrl Pts',(225.752184890671,-9.00116175727931,-12.3421677870381));
#4640=CARTESIAN_POINT('Ctrl Pts',(224.527543205083,-8.68293540826189,-12.4267161485061));
#4641=CARTESIAN_POINT('Ctrl Pts',(223.41626771593,-8.42028927470429,-12.4639284557112));
#4642=CARTESIAN_POINT('Ctrl Pts',(222.421938238828,-8.22849229009791,-12.4575429871002));
#4643=CARTESIAN_POINT('Ctrl Pts',(222.426392583843,-12.5534565682797,-8.18899031767781));
#4644=CARTESIAN_POINT('Ctrl Pts',(223.421925920112,-12.5703739971579,-8.39381652962862));
#4645=CARTESIAN_POINT('Ctrl Pts',(225.396765096567,-12.5156173730845,-8.88675352195621));
#4646=CARTESIAN_POINT('Ctrl Pts',(227.470389839999,-12.3196178750881,-9.48078640194306));
#4647=CARTESIAN_POINT('Ctrl Pts',(228.681969239686,-12.1760201533865,-9.83585161490049));
#4648=CARTESIAN_POINT('Ctrl Pts',(229.165380987055,-12.1152694687221,-9.97936550495166));
#4649=CARTESIAN_POINT('Ctrl Pts',(229.647797247781,-12.0495978759678,-10.1251912766738));
#4650=CARTESIAN_POINT('Ctrl Pts',(230.127882572141,-11.9767419001679,-10.275692816154));
#4651=CARTESIAN_POINT('Ctrl Pts',(230.485980906216,-11.9175772253506,-10.3917595532026));
#4652=CARTESIAN_POINT('Ctrl Pts',(230.781501713228,-11.8633026904026,-10.492194621533));
#4653=CARTESIAN_POINT('Ctrl Pts',(231.015241856494,-11.8159316503955,-10.5756174305215));
#4654=CARTESIAN_POINT('Ctrl Pts',(231.361559710784,-11.7396634629882,-10.7048354201118));
#4655=CARTESIAN_POINT('Ctrl Pts',(231.756440708743,-11.6358772528607,-10.8676755410626));
#4656=CARTESIAN_POINT('Ctrl Pts',(232.093534233033,-11.4801604373084,-11.0717230638777));
#4657=CARTESIAN_POINT('Ctrl Pts',(232.208168870422,-11.3799720506039,-11.1873589683344));
#4658=CARTESIAN_POINT('Ctrl Pts',(232.243033202148,-11.3190862983115,-11.2524622924335));
#4659=CARTESIAN_POINT('Ctrl Pts',(232.255637996878,-11.2585962322396,-11.3139687391056));
#4660=CARTESIAN_POINT('Ctrl Pts',(232.228407391253,-11.1781074572613,-11.3896594055689));
#4661=CARTESIAN_POINT('Ctrl Pts',(232.10072688015,-11.0434807217717,-11.5040480326142));
#4662=CARTESIAN_POINT('Ctrl Pts',(231.766224054259,-10.8366693816824,-11.6583611703844));
#4663=CARTESIAN_POINT('Ctrl Pts',(231.315627494788,-10.6479156859388,-11.7757906550312));
#4664=CARTESIAN_POINT('Ctrl Pts',(230.851398630892,-10.4770303801024,-11.8719798069889));
#4665=CARTESIAN_POINT('Ctrl Pts',(230.585722465175,-10.386279846668,-11.9194960664439));
#4666=CARTESIAN_POINT('Ctrl Pts',(230.407684117005,-10.3271167167745,-11.9494515898802));
#4667=CARTESIAN_POINT('Ctrl Pts',(230.169709641627,-10.2489831929588,-11.9884196156985));
#4668=CARTESIAN_POINT('Ctrl Pts',(229.720430863252,-10.1067550111337,-12.055868180845));
#4669=CARTESIAN_POINT('Ctrl Pts',(229.177341615446,-9.94239903054167,-12.1275270628243));
#4670=CARTESIAN_POINT('Ctrl Pts',(228.692835516982,-9.79902534884048,-12.1862022587426));
#4671=CARTESIAN_POINT('Ctrl Pts',(228.207296464572,-9.65716508501195,-12.2417947991282));
#4672=CARTESIAN_POINT('Ctrl Pts',(227.598899134017,-9.48223103826446,-12.3059299391345));
#4673=CARTESIAN_POINT('Ctrl Pts',(226.867079567358,-9.27591964016194,-12.3744417981182));
#4674=CARTESIAN_POINT('Ctrl Pts',(226.255807048019,-9.10761286500088,-12.4239465498564));
#4675=CARTESIAN_POINT('Ctrl Pts',(225.76574571916,-8.97578899657658,-12.4584502120393));
#4676=CARTESIAN_POINT('Ctrl Pts',(224.538838121721,-8.65171367677418,-12.5358289299814));
#4677=CARTESIAN_POINT('Ctrl Pts',(223.424783186934,-8.38441825573872,-12.5663672036477));
#4678=CARTESIAN_POINT('Ctrl Pts',(222.427595859553,-8.18922246390907,-12.5537333090063));
#4679=CARTESIAN_POINT('Ctrl Pts',(222.434293993784,-12.5937682288191,-8.14474967515485));
#4680=CARTESIAN_POINT('Ctrl Pts',(223.432220363613,-12.6138278355032,-8.34943130626443));
#4681=CARTESIAN_POINT('Ctrl Pts',(225.411509882089,-12.5653811560372,-8.84273516328643));
#4682=CARTESIAN_POINT('Ctrl Pts',(227.488098110537,-12.3757887457045,-9.43709044657959));
#4683=CARTESIAN_POINT('Ctrl Pts',(228.701648901003,-12.2357990270183,-9.79237086642973));
#4684=CARTESIAN_POINT('Ctrl Pts',(229.185963343929,-12.1764589738014,-9.93598921778636));
#4685=CARTESIAN_POINT('Ctrl Pts',(229.669489965661,-12.1121847036528,-10.0819779553458));
#4686=CARTESIAN_POINT('Ctrl Pts',(230.151180108822,-12.0406680249078,-10.2327754386522));
#4687=CARTESIAN_POINT('Ctrl Pts',(230.51085179021,-11.9824622701573,-10.3491785191166));
#4688=CARTESIAN_POINT('Ctrl Pts',(230.808176450772,-11.9289231163651,-10.4500533232725));
#4689=CARTESIAN_POINT('Ctrl Pts',(231.043794823497,-11.8820515977478,-10.5339972631814));
#4690=CARTESIAN_POINT('Ctrl Pts',(231.393642601033,-11.8064069251031,-10.6642559773291));
#4691=CARTESIAN_POINT('Ctrl Pts',(231.794303672699,-11.7029224945535,-10.8290924012942));
#4692=CARTESIAN_POINT('Ctrl Pts',(232.148462218042,-11.5430882177885,-11.0414883565432));
#4693=CARTESIAN_POINT('Ctrl Pts',(232.280616883439,-11.4309918116058,-11.1724188698644));
#4694=CARTESIAN_POINT('Ctrl Pts',(232.325598422743,-11.3550742615789,-11.2542634373943));
#4695=CARTESIAN_POINT('Ctrl Pts',(232.343403222732,-11.2727338575857,-11.3383003693908));
#4696=CARTESIAN_POINT('Ctrl Pts',(232.304337610925,-11.1655151401416,-11.4382443358297));
#4697=CARTESIAN_POINT('Ctrl Pts',(232.155894346081,-11.0130687657342,-11.5660771054806));
#4698=CARTESIAN_POINT('Ctrl Pts',(231.804078288159,-10.7970478478406,-11.7251547105772));
#4699=CARTESIAN_POINT('Ctrl Pts',(231.34666522774,-10.6063072369097,-11.8418694624984));
#4700=CARTESIAN_POINT('Ctrl Pts',(230.878173046724,-10.4340998600948,-11.937232558396));
#4701=CARTESIAN_POINT('Ctrl Pts',(230.610905121502,-10.3429961544566,-11.9840505808433));
#4702=CARTESIAN_POINT('Ctrl Pts',(230.431949720184,-10.2836231200347,-12.0135499659708));
#4703=CARTESIAN_POINT('Ctrl Pts',(230.192847906212,-10.2052501998165,-12.0518900623223));
#4704=CARTESIAN_POINT('Ctrl Pts',(229.741974424226,-10.0627251334453,-12.118095287034));
#4705=CARTESIAN_POINT('Ctrl Pts',(229.197618177242,-9.898198787425,-12.1881902925577));
#4706=CARTESIAN_POINT('Ctrl Pts',(228.712186227623,-9.75473694398101,-12.2454607894238));
#4707=CARTESIAN_POINT('Ctrl Pts',(228.22581999456,-9.61281566269136,-12.2996327678273));
#4708=CARTESIAN_POINT('Ctrl Pts',(227.616499598874,-9.43782767458046,-12.3619615726934));
#4709=CARTESIAN_POINT('Ctrl Pts',(226.883572958756,-9.23146595245597,-12.4282789453867));
#4710=CARTESIAN_POINT('Ctrl Pts',(226.27130866057,-9.06312097218404,-12.4759389897196));
#4711=CARTESIAN_POINT('Ctrl Pts',(225.780391482252,-8.93127114066652,-12.508960374261));
#4712=CARTESIAN_POINT('Ctrl Pts',(224.551247906328,-8.60714081471644,-12.5826192110369));
#4713=CARTESIAN_POINT('Ctrl Pts',(223.43481380538,-8.33975093310851,-12.6096553682049));
#4714=CARTESIAN_POINT('Ctrl Pts',(222.435287188725,-8.1448615233496,-12.5940092531869));
#4715=CARTESIAN_POINT('Ctrl Pts',(222.437301361098,-12.604747329212,-8.12843024049138));
#4716=CARTESIAN_POINT('Ctrl Pts',(223.436041501033,-12.6257087097315,-8.33288459304509));
#4717=CARTESIAN_POINT('Ctrl Pts',(225.416859381953,-12.5790201798682,-8.8258369187308));
#4718=CARTESIAN_POINT('Ctrl Pts',(227.494476198512,-12.3912148623631,-9.41978982279115));
#4719=CARTESIAN_POINT('Ctrl Pts',(228.708706441666,-12.2522157947146,-9.77484580408654));
#4720=CARTESIAN_POINT('Ctrl Pts',(229.193326698663,-12.1932702307629,-9.91839319866437));
#4721=CARTESIAN_POINT('Ctrl Pts',(229.677232107435,-12.1293737970388,-10.0643185926058));
#4722=CARTESIAN_POINT('Ctrl Pts',(230.159463239968,-12.0582159095757,-10.2151001381791));
#4723=CARTESIAN_POINT('Ctrl Pts',(230.519663311752,-12.0002610474088,-10.3315272692829));
#4724=CARTESIAN_POINT('Ctrl Pts',(230.817592131783,-11.9469054235214,-10.4324719388241));
#4725=CARTESIAN_POINT('Ctrl Pts',(231.053837137557,-11.9001504429776,-10.5165273057517));
#4726=CARTESIAN_POINT('Ctrl Pts',(231.404860579432,-11.824635873156,-10.6470363152851));
#4727=CARTESIAN_POINT('Ctrl Pts',(231.807451172613,-11.7211367010208,-10.8124077874705));
#4728=CARTESIAN_POINT('Ctrl Pts',(232.167262843427,-11.5598128718273,-11.027417852446));
#4729=CARTESIAN_POINT('Ctrl Pts',(232.305211677298,-11.4437169066333,-11.1633248874673));
#4730=CARTESIAN_POINT('Ctrl Pts',(232.353537185308,-11.3628099304869,-11.2506664090819));
#4731=CARTESIAN_POINT('Ctrl Pts',(232.373060427611,-11.2732449672897,-11.3421276596107));
#4732=CARTESIAN_POINT('Ctrl Pts',(232.330084299614,-11.1572311389938,-11.4501047980839));
#4733=CARTESIAN_POINT('Ctrl Pts',(232.174775235877,-10.9989846760151,-11.5824547259151));
#4734=CARTESIAN_POINT('Ctrl Pts',(231.817225264209,-10.7800633709553,-11.743234932711));
#4735=CARTESIAN_POINT('Ctrl Pts',(231.357536785156,-10.5888094246157,-11.8598457059417));
#4736=CARTESIAN_POINT('Ctrl Pts',(230.88762281556,-10.4162874909365,-11.9550367722659));
#4737=CARTESIAN_POINT('Ctrl Pts',(230.619820492335,-10.3251347248872,-12.0016794921592));
#4738=CARTESIAN_POINT('Ctrl Pts',(230.440557937869,-10.2657347214673,-12.0310612561651));
#4739=CARTESIAN_POINT('Ctrl Pts',(230.201078504173,-10.187338057799,-12.0692366695302));
#4740=CARTESIAN_POINT('Ctrl Pts',(229.749665145514,-10.0448248487882,-12.1351156857256));
#4741=CARTESIAN_POINT('Ctrl Pts',(229.204873975226,-9.88037546157701,-12.2047931788281));
#4742=CARTESIAN_POINT('Ctrl Pts',(228.71912568365,-9.73699263581338,-12.2616768799313));
#4743=CARTESIAN_POINT('Ctrl Pts',(228.232475724694,-9.59515925627563,-12.3154557850898));
#4744=CARTESIAN_POINT('Ctrl Pts',(227.6228347001,-9.42029606887731,-12.3772878453989));
#4745=CARTESIAN_POINT('Ctrl Pts',(226.889524361436,-9.21408530901077,-12.4429962481655));
#4746=CARTESIAN_POINT('Ctrl Pts',(226.276918230507,-9.04586217298568,-12.4901395945793));
#4747=CARTESIAN_POINT('Ctrl Pts',(225.785707780411,-8.91410645637694,-12.5227422578328));
#4748=CARTESIAN_POINT('Ctrl Pts',(224.555798464569,-8.59021254802632,-12.5953494322339));
#4749=CARTESIAN_POINT('Ctrl Pts',(223.438523981058,-8.32311358448528,-12.6214698098122));
#4750=CARTESIAN_POINT('Ctrl Pts',(222.438198319172,-8.12849825049574,-12.604970800561));
#4751=CARTESIAN_POINT('',(222.449180943757,-12.259540454561,-8.11018397559299));
#4752=CARTESIAN_POINT('Ctrl Pts',(222.449826520355,-12.6050068848332,-8.13099516740203));
#4753=CARTESIAN_POINT('Ctrl Pts',(222.448290766244,-12.5976637230146,-8.14198835974812));
#4754=CARTESIAN_POINT('Ctrl Pts',(222.446850733512,-12.5891931518526,-8.15212699305328));
#4755=CARTESIAN_POINT('Ctrl Pts',(222.445524090913,-12.5797929918814,-8.16134587202059));
#4756=CARTESIAN_POINT('Ctrl Pts',(222.444258417715,-12.5708248413488,-8.17014107280161));
#4757=CARTESIAN_POINT('Ctrl Pts',(222.443095856008,-12.5610090739369,-8.17809957407362));
#4758=CARTESIAN_POINT('Ctrl Pts',(222.44205251773,-12.5504866088738,-8.18513321381142));
#4759=CARTESIAN_POINT('Ctrl Pts',(222.44095070629,-12.539374419646,-8.19256104894875));
#4760=CARTESIAN_POINT('Ctrl Pts',(222.439992817644,-12.527584774415,-8.19888408386566));
#4761=CARTESIAN_POINT('Ctrl Pts',(222.43919123495,-12.5152988459084,-8.20401980879346));
#4762=CARTESIAN_POINT('Ctrl Pts',(222.438440340586,-12.5037898219095,-8.20883077455926));
#4763=CARTESIAN_POINT('Ctrl Pts',(222.437826530969,-12.4918438861197,-8.21260010239642));
#4764=CARTESIAN_POINT('Ctrl Pts',(222.43736187961,-12.479594124534,-8.2152216616212));
#4765=CARTESIAN_POINT('Ctrl Pts',(222.437092716322,-12.4724980813229,-8.21674027873138));
#4766=CARTESIAN_POINT('Ctrl Pts',(222.436875092217,-12.4653380262797,-8.21786477168835));
#4767=CARTESIAN_POINT('Ctrl Pts',(222.436710084194,-12.4581412532602,-8.21858068769688));
#4768=CARTESIAN_POINT('Ctrl Pts',(222.436407901558,-12.4449616526298,-8.21989175962478));
#4769=CARTESIAN_POINT('Ctrl Pts',(222.436281950564,-12.4316587151924,-8.21983584264517));
#4770=CARTESIAN_POINT('Ctrl Pts',(222.436330283607,-12.4184369137791,-8.21847720746548));
#4771=CARTESIAN_POINT('Ctrl Pts',(222.436349830335,-12.4130897859693,-8.2179277516292));
#4772=CARTESIAN_POINT('Ctrl Pts',(222.436397922437,-12.4077559237387,-8.21716462717654));
#4773=CARTESIAN_POINT('Ctrl Pts',(222.436474607903,-12.4024492459182,-8.21618971838556));
#4774=CARTESIAN_POINT('Ctrl Pts',(222.436664838561,-12.3892851762708,-8.21377129999681));
#4775=CARTESIAN_POINT('Ctrl Pts',(222.437028826359,-12.3764163358082,-8.2100768691125));
#4776=CARTESIAN_POINT('Ctrl Pts',(222.437559695279,-12.3640465686313,-8.20517394198048));
#4777=CARTESIAN_POINT('Ctrl Pts',(222.437883770844,-12.3564952897219,-8.20218088886018));
#4778=CARTESIAN_POINT('Ctrl Pts',(222.438270106767,-12.3491299674721,-8.19873642002744));
#4779=CARTESIAN_POINT('Ctrl Pts',(222.43871787922,-12.341999985554,-8.19484684726215));
#4780=CARTESIAN_POINT('Ctrl Pts',(222.438966347958,-12.3380435617152,-8.19268852504078));
#4781=CARTESIAN_POINT('Ctrl Pts',(222.439233744972,-12.3341596686094,-8.19039302681317));
#4782=CARTESIAN_POINT('Ctrl Pts',(222.439519556623,-12.3303537621813,-8.18796512016941));
#4783=CARTESIAN_POINT('Ctrl Pts',(222.440361811681,-12.3191381804436,-8.18081035009587));
#4784=CARTESIAN_POINT('Ctrl Pts',(222.441356818793,-12.3086878497453,-8.17256652509079));
#4785=CARTESIAN_POINT('Ctrl Pts',(222.442486536742,-12.2991267747926,-8.16337989526211));
#4786=CARTESIAN_POINT('Ctrl Pts',(222.442840199713,-12.2961336399331,-8.16050398202879));
#4787=CARTESIAN_POINT('Ctrl Pts',(222.443207095316,-12.2932278843823,-8.15753536172723));
#4788=CARTESIAN_POINT('Ctrl Pts',(222.443586751395,-12.2904140308921,-8.15447776687922));
#4789=CARTESIAN_POINT('Ctrl Pts',(222.444797852872,-12.2814378487558,-8.14472405072087));
#4790=CARTESIAN_POINT('Ctrl Pts',(222.446130721668,-12.2734514507134,-8.1341299217304));
#4791=CARTESIAN_POINT('Ctrl Pts',(222.44756779943,-12.2665896097355,-8.12282732761497));
#4792=CARTESIAN_POINT('Ctrl Pts',(222.448021464964,-12.2644234216313,-8.11925925528597));
#4793=CARTESIAN_POINT('Ctrl Pts',(222.448485544621,-12.2623696066483,-8.11562033970595));
#4794=CARTESIAN_POINT('Ctrl Pts',(222.448959563698,-12.2604333345883,-8.11191416376771));
#4795=CARTESIAN_POINT('Ctrl Pts',(222.449033132435,-12.2601328211774,-8.11133895763047));
#4796=CARTESIAN_POINT('Ctrl Pts',(222.449106921733,-12.2598351887556,-8.1107622229836));
#4797=CARTESIAN_POINT('Ctrl Pts',(222.449180943596,-12.259540455005,-8.11018397645651));
#4798=CARTESIAN_POINT('',(222.448266113889,-8.11013487856813,-12.2595857214959));
#4799=CARTESIAN_POINT('Ctrl Pts',(222.449180943635,-12.2595404545593,-8.11018397557108));
#4800=CARTESIAN_POINT('Ctrl Pts',(223.443908414725,-12.2731441514838,-8.28924322591405));
#4801=CARTESIAN_POINT('Ctrl Pts',(225.4208333236,-12.2198366815447,-8.72884604744259));
#4802=CARTESIAN_POINT('Ctrl Pts',(227.502958011641,-12.0395118517843,-9.27067476111262));
#4803=CARTESIAN_POINT('Ctrl Pts',(228.720543713792,-11.9084837361007,-9.59777741140569));
#4804=CARTESIAN_POINT('Ctrl Pts',(229.206519539025,-11.8530710958433,-9.73028396934244));
#4805=CARTESIAN_POINT('Ctrl Pts',(229.691775375611,-11.7932189235012,-9.86537227583957));
#4806=CARTESIAN_POINT('Ctrl Pts',(230.175269562831,-11.7267267381865,-10.005312910333));
#4807=CARTESIAN_POINT('Ctrl Pts',(230.536357526343,-11.672634698013,-10.1135386382171));
#4808=CARTESIAN_POINT('Ctrl Pts',(230.834962691372,-11.6228717465762,-10.2075059074687));
#4809=CARTESIAN_POINT('Ctrl Pts',(231.071703849197,-11.5792761143727,-10.2858259781957));
#4810=CARTESIAN_POINT('Ctrl Pts',(231.423423348606,-11.5088673778223,-10.4075022562791));
#4811=CARTESIAN_POINT('Ctrl Pts',(231.82668117593,-11.4123687153294,-10.5618762263008));
#4812=CARTESIAN_POINT('Ctrl Pts',(232.186946719005,-11.2617952402118,-10.7628011201858));
#4813=CARTESIAN_POINT('Ctrl Pts',(232.325049518956,-11.1533608075619,-10.8898358463301));
#4814=CARTESIAN_POINT('Ctrl Pts',(232.373428598687,-11.0777686373689,-10.9714733838489));
#4815=CARTESIAN_POINT('Ctrl Pts',(232.392975859227,-10.9940726210762,-11.0569552660066));
#4816=CARTESIAN_POINT('Ctrl Pts',(232.349963003854,-10.88564018082,-11.1578488838233));
#4817=CARTESIAN_POINT('Ctrl Pts',(232.194494136695,-10.7377330987073,-11.2814594312103));
#4818=CARTESIAN_POINT('Ctrl Pts',(231.836505354301,-10.5331684566243,-11.431512635642));
#4819=CARTESIAN_POINT('Ctrl Pts',(231.376055329181,-10.3546444914333,-11.540221526604));
#4820=CARTESIAN_POINT('Ctrl Pts',(230.905170223466,-10.1938449663681,-11.6289672886294));
#4821=CARTESIAN_POINT('Ctrl Pts',(230.636751886484,-10.1089907263308,-11.672466899552));
#4822=CARTESIAN_POINT('Ctrl Pts',(230.457053586331,-10.0537412691127,-11.6998826807031));
#4823=CARTESIAN_POINT('Ctrl Pts',(230.216980461529,-9.98084849956143,-11.7355118733703));
#4824=CARTESIAN_POINT('Ctrl Pts',(229.764374570124,-9.84851196695702,-11.7970568935188));
#4825=CARTESIAN_POINT('Ctrl Pts',(229.21802665101,-9.69624781982668,-11.8623534695773));
#4826=CARTESIAN_POINT('Ctrl Pts',(228.730874301424,-9.56385982624696,-11.9158682342189));
#4827=CARTESIAN_POINT('Ctrl Pts',(228.242834732842,-9.43316164547717,-11.9666211438001));
#4828=CARTESIAN_POINT('Ctrl Pts',(227.631537612195,-9.27252998272206,-12.0253031471664));
#4829=CARTESIAN_POINT('Ctrl Pts',(226.896545738194,-9.08395173762708,-12.0882728699408));
#4830=CARTESIAN_POINT('Ctrl Pts',(226.282927934269,-8.93085394104959,-12.1340529251313));
#4831=CARTESIAN_POINT('Ctrl Pts',(225.791209541458,-8.81140946284228,-12.1661538283209));
#4832=CARTESIAN_POINT('Ctrl Pts',(224.560552939547,-8.51857417559243,-12.2385102839907));
#4833=CARTESIAN_POINT('Ctrl Pts',(223.445054591758,-8.28044055822367,-12.2686750902559));
#4834=CARTESIAN_POINT('Ctrl Pts',(222.448266113889,-8.11013487856749,-12.2595857214956));
#4835=CARTESIAN_POINT('Ctrl Pts',(222.448266113889,-8.11013487856751,-12.2595857214956));
#4836=CARTESIAN_POINT('Ctrl Pts',(222.44819548825,-8.11071348633624,-12.2598804246579));
#4837=CARTESIAN_POINT('Ctrl Pts',(222.448125088292,-8.11129061596271,-12.2601780554746));
#4838=CARTESIAN_POINT('Ctrl Pts',(222.4480549157,-8.11186625193522,-12.26047859545));
#4839=CARTESIAN_POINT('Ctrl Pts',(222.44662630708,-8.12358533614773,-12.2665971381565));
#4840=CARTESIAN_POINT('Ctrl Pts',(222.445296336605,-8.1346485761162,-12.27389721851));
#4841=CARTESIAN_POINT('Ctrl Pts',(222.444079451394,-8.1449250544096,-12.2822244787542));
#4842=CARTESIAN_POINT('Ctrl Pts',(222.443688726371,-8.1482246895678,-12.2848982469351));
#4843=CARTESIAN_POINT('Ctrl Pts',(222.443309693709,-8.15144300143447,-12.2876782588209));
#4844=CARTESIAN_POINT('Ctrl Pts',(222.442942948733,-8.15457495441387,-12.2905602823281));
#4845=CARTESIAN_POINT('Ctrl Pts',(222.44179905839,-8.16434362473414,-12.2995494139283));
#4846=CARTESIAN_POINT('Ctrl Pts',(222.440781568542,-8.17321205912045,-12.3094704166644));
#4847=CARTESIAN_POINT('Ctrl Pts',(222.439907662698,-8.18103813861489,-12.3201829812912));
#4848=CARTESIAN_POINT('Ctrl Pts',(222.43962943269,-8.18352976877543,-12.3235935969308));
#4849=CARTESIAN_POINT('Ctrl Pts',(222.43936580567,-8.18591545785781,-12.327084714324));
#4850=CARTESIAN_POINT('Ctrl Pts',(222.439117494204,-8.18818972016581,-12.33065245368));
#4851=CARTESIAN_POINT('Ctrl Pts',(222.438875222133,-8.19040866820256,-12.3341334190074));
#4852=CARTESIAN_POINT('Ctrl Pts',(222.438648127088,-8.19251599942682,-12.337678639315));
#4853=CARTESIAN_POINT('Ctrl Pts',(222.438436728482,-8.19450783311329,-12.3412837515637));
#4854=CARTESIAN_POINT('Ctrl Pts',(222.437754380846,-8.20093702878776,-12.3529202512537));
#4855=CARTESIAN_POINT('Ctrl Pts',(222.437234924983,-8.20616651891616,-12.3651788950189));
#4856=CARTESIAN_POINT('Ctrl Pts',(222.436876940557,-8.21016984475367,-12.3778563456431));
#4857=CARTESIAN_POINT('Ctrl Pts',(222.436646995472,-8.21274131164424,-12.3859994860868));
#4858=CARTESIAN_POINT('Ctrl Pts',(222.436483831558,-8.21480595747893,-12.3943160751002));
#4859=CARTESIAN_POINT('Ctrl Pts',(222.436389047212,-8.21634597350777,-12.4027549914005));
#4860=CARTESIAN_POINT('Ctrl Pts',(222.436241554326,-8.2187423756477,-12.4158866969814));
#4861=CARTESIAN_POINT('Ctrl Pts',(222.436260563914,-8.21984751362365,-12.4291862094522));
#4862=CARTESIAN_POINT('Ctrl Pts',(222.436450228775,-8.21962753163329,-12.4424551939095));
#4863=CARTESIAN_POINT('Ctrl Pts',(222.436517234363,-8.21954981548458,-12.4471429156986));
#4864=CARTESIAN_POINT('Ctrl Pts',(222.436605623292,-8.21930625565189,-12.4518269201993));
#4865=CARTESIAN_POINT('Ctrl Pts',(222.436715866174,-8.21889382204489,-12.4564985463451));
#4866=CARTESIAN_POINT('Ctrl Pts',(222.436901677899,-8.21819867512039,-12.4643724598491));
#4867=CARTESIAN_POINT('Ctrl Pts',(222.437149512102,-8.21702409645204,-12.4722113578962));
#4868=CARTESIAN_POINT('Ctrl Pts',(222.43745622665,-8.2153835393939,-12.4799758368979));
#4869=CARTESIAN_POINT('Ctrl Pts',(222.43797195116,-8.21262502829909,-12.493031403216));
#4870=CARTESIAN_POINT('Ctrl Pts',(222.438648504248,-8.20857909233261,-12.5057486816733));
#4871=CARTESIAN_POINT('Ctrl Pts',(222.439469356392,-8.20334534411497,-12.517948197651));
#4872=CARTESIAN_POINT('Ctrl Pts',(222.440245074635,-8.19839936937875,-12.5294769329495));
#4873=CARTESIAN_POINT('Ctrl Pts',(222.441149813744,-8.19239167783323,-12.5405444614186));
#4874=CARTESIAN_POINT('Ctrl Pts',(222.442177226003,-8.18536788356586,-12.5509822461131));
#4875=CARTESIAN_POINT('Ctrl Pts',(222.442666994442,-8.18201963389584,-12.5559579483943));
#4876=CARTESIAN_POINT('Ctrl Pts',(222.443182580496,-8.17845482109014,-12.5607680960247));
#4877=CARTESIAN_POINT('Ctrl Pts',(222.443723137311,-8.17468160958464,-12.5653965159552));
#4878=CARTESIAN_POINT('Ctrl Pts',(222.444920716547,-8.16632222973849,-12.5756505714807));
#4879=CARTESIAN_POINT('Ctrl Pts',(222.446240330617,-8.156942473232,-12.5850152311733));
#4880=CARTESIAN_POINT('Ctrl Pts',(222.44765522588,-8.14671649813008,-12.5933822155423));
#4881=CARTESIAN_POINT('Ctrl Pts',(222.448362405496,-8.14160544762646,-12.5975641228173));
#4882=CARTESIAN_POINT('Ctrl Pts',(222.449093515489,-8.13628238920992,-12.6014962509231));
#4883=CARTESIAN_POINT('Ctrl Pts',(222.449845825279,-8.13076629229848,-12.6051611211844));
#4884=CARTESIAN_POINT('Ctrl Pts',(221.43689994128,-12.306478677256,-8.06151866987105));
#4885=CARTESIAN_POINT('Ctrl Pts',(221.774210491557,-12.2920127461843,-8.07564485576073));
#4886=CARTESIAN_POINT('Ctrl Pts',(222.11165541266,-12.2762423150762,-8.09206783980787));
#4887=CARTESIAN_POINT('Ctrl Pts',(222.449180943732,-12.2595404549983,-8.11018397646384));
#4888=CARTESIAN_POINT('Ctrl Pts',(221.435775372081,-12.3264233639793,-8.09470265011881));
#4889=CARTESIAN_POINT('Ctrl Pts',(221.772923976139,-12.3113421015648,-8.10973054152031));
#4890=CARTESIAN_POINT('Ctrl Pts',(222.110204546327,-12.294927590352,-8.12701442194232));
#4891=CARTESIAN_POINT('Ctrl Pts',(222.447570650043,-12.2775437541302,-8.14594956519386));
#4892=CARTESIAN_POINT('Ctrl Pts',(221.434883504322,-12.3859516972097,-8.14890090820419));
#4893=CARTESIAN_POINT('Ctrl Pts',(221.77183912998,-12.3704346695092,-8.16594724930911));
#4894=CARTESIAN_POINT('Ctrl Pts',(222.108907343953,-12.3534784853623,-8.18518900598184));
#4895=CARTESIAN_POINT('Ctrl Pts',(222.446055340142,-12.3355002548069,-8.2060551188357));
#4896=CARTESIAN_POINT('Ctrl Pts',(221.438529244962,-12.5257617863583,-8.1717421792964));
#4897=CARTESIAN_POINT('Ctrl Pts',(221.775717930267,-12.5116996238562,-8.19124169136939));
#4898=CARTESIAN_POINT('Ctrl Pts',(222.112957833535,-12.4961096808242,-8.21299860491827));
#4899=CARTESIAN_POINT('Ctrl Pts',(222.450220491761,-12.4793783456632,-8.23635774810104));
#4900=CARTESIAN_POINT('Ctrl Pts',(221.444762522925,-12.6152233287624,-8.11538671931586));
#4901=CARTESIAN_POINT('Ctrl Pts',(221.782538192394,-12.6027936392491,-8.1347664054743));
#4902=CARTESIAN_POINT('Ctrl Pts',(222.120319942574,-12.5887633813963,-8.15637404131721));
#4903=CARTESIAN_POINT('Ctrl Pts',(222.458048333739,-12.5736214489957,-8.17970869379884));
#4904=CARTESIAN_POINT('Ctrl Pts',(221.448541780952,-12.6464010196823,-8.0665073761436));
#4905=CARTESIAN_POINT('Ctrl Pts',(221.786678130145,-12.6343874367096,-8.0853418705377));
#4906=CARTESIAN_POINT('Ctrl Pts',(222.124784779028,-12.620824094305,-8.10651205145875));
#4907=CARTESIAN_POINT('Ctrl Pts',(222.462801497084,-12.606096629608,-8.12934977504269));
#4908=CARTESIAN_POINT('',(221.450775823805,-12.3058828666244,-8.06210106253373));
#4909=CARTESIAN_POINT('Ctrl Pts',(221.450775825931,-12.3058828631722,-8.06210106712775));
#4910=CARTESIAN_POINT('Ctrl Pts',(221.783464731083,-12.2915800764479,-8.07609556459237));
#4911=CARTESIAN_POINT('Ctrl Pts',(222.116283630185,-12.2760132958336,-8.09231625189356));
#4912=CARTESIAN_POINT('Ctrl Pts',(222.449180943732,-12.2595404549983,-8.11018397646384));
#4913=CARTESIAN_POINT('Ctrl Pts',(222.449999999646,-12.6066538345269,-8.12848565760462));
#4914=CARTESIAN_POINT('Ctrl Pts',(222.116734105028,-12.6211451683959,-8.10601068408974));
#4915=CARTESIAN_POINT('Ctrl Pts',(221.783381530065,-12.6345001562484,-8.08516488551586));
#4916=CARTESIAN_POINT('Ctrl Pts',(221.450000000022,-12.6463492012775,-8.06658861472625));
#4917=CARTESIAN_POINT('Ctrl Pts',(221.450775764602,-12.3058828764616,-8.062101071742));
#4918=CARTESIAN_POINT('Ctrl Pts',(221.450714372084,-12.3062056175557,-8.06263440142352));
#4919=CARTESIAN_POINT('Ctrl Pts',(221.450653169307,-12.3065309369436,-8.06316615377044));
#4920=CARTESIAN_POINT('Ctrl Pts',(221.450592141496,-12.30685881797,-8.06369631589718));
#4921=CARTESIAN_POINT('Ctrl Pts',(221.449298277922,-12.3138102932513,-8.07493639575113));
#4922=CARTESIAN_POINT('Ctrl Pts',(221.448090105525,-12.3218893007912,-8.08543182560359));
#4923=CARTESIAN_POINT('Ctrl Pts',(221.446979800406,-12.3309374198575,-8.09506885621539));
#4924=CARTESIAN_POINT('Ctrl Pts',(221.446809584488,-12.3323245465681,-8.09654626632398));
#4925=CARTESIAN_POINT('Ctrl Pts',(221.446641676745,-12.3337345274055,-8.0980034398715));
#4926=CARTESIAN_POINT('Ctrl Pts',(221.446476130933,-12.3351668695183,-8.09943989441044));
#4927=CARTESIAN_POINT('Ctrl Pts',(221.445391802095,-12.3445487429403,-8.10884870431691));
#4928=CARTESIAN_POINT('Ctrl Pts',(221.444414424256,-12.354834501444,-8.11731895045521));
#4929=CARTESIAN_POINT('Ctrl Pts',(221.443558472702,-12.3658756377319,-8.12472477742878));
#4930=CARTESIAN_POINT('Ctrl Pts',(221.443431193778,-12.367517440865,-8.12582601462142));
#4931=CARTESIAN_POINT('Ctrl Pts',(221.44330661044,-12.3691760039281,-8.12690364263541));
#4932=CARTESIAN_POINT('Ctrl Pts',(221.443184782542,-12.3708508932013,-8.12795716581248));
#4933=CARTESIAN_POINT('Ctrl Pts',(221.442733001549,-12.3770619757632,-8.13186400284243));
#4934=CARTESIAN_POINT('Ctrl Pts',(221.442320942784,-12.3834712639184,-8.13542322667062));
#4935=CARTESIAN_POINT('Ctrl Pts',(221.441951076123,-12.3900531370446,-8.13861570484616));
#4936=CARTESIAN_POINT('Ctrl Pts',(221.441280799924,-12.4019808758192,-8.14440114692194));
#4937=CARTESIAN_POINT('Ctrl Pts',(221.440748597963,-12.414474639716,-8.14898516317939));
#4938=CARTESIAN_POINT('Ctrl Pts',(221.44035939646,-12.4273350321484,-8.15231863365127));
#4939=CARTESIAN_POINT('Ctrl Pts',(221.440202146512,-12.4325310450846,-8.15366546313453));
#4940=CARTESIAN_POINT('Ctrl Pts',(221.440068328929,-12.4377870967232,-8.15480759581905));
#4941=CARTESIAN_POINT('Ctrl Pts',(221.439958662039,-12.4430904099898,-8.15573942889457));
#4942=CARTESIAN_POINT('Ctrl Pts',(221.439748736472,-12.4532420705111,-8.15752315400558));
#4943=CARTESIAN_POINT('Ctrl Pts',(221.439628651389,-12.4634906276611,-8.15852400453725));
#4944=CARTESIAN_POINT('Ctrl Pts',(221.439601812003,-12.4737433648746,-8.15872372825092));
#4945=CARTESIAN_POINT('Ctrl Pts',(221.439567035368,-12.4870281588905,-8.15898251654727));
#4946=CARTESIAN_POINT('Ctrl Pts',(221.439688469404,-12.50032111573,-8.15789802791947));
#4947=CARTESIAN_POINT('Ctrl Pts',(221.439957353037,-12.5134325233891,-8.15551915165039));
#4948=CARTESIAN_POINT('Ctrl Pts',(221.440004533741,-12.515733167083,-8.15510173295445));
#4949=CARTESIAN_POINT('Ctrl Pts',(221.440056276702,-12.5180281922947,-8.15464433658162));
#4950=CARTESIAN_POINT('Ctrl Pts',(221.440112563087,-12.5203165238623,-8.15414707120399));
#4951=CARTESIAN_POINT('Ctrl Pts',(221.440433201746,-12.5333521374013,-8.15131437013004));
#4952=CARTESIAN_POINT('Ctrl Pts',(221.440897376567,-12.5460436477953,-8.14721971939276));
#4953=CARTESIAN_POINT('Ctrl Pts',(221.441498631258,-12.5582046817768,-8.1419281200739));
#4954=CARTESIAN_POINT('Ctrl Pts',(221.44193290365,-12.5669883160423,-8.13810611997368));
#4955=CARTESIAN_POINT('Ctrl Pts',(221.442438880666,-12.5754953615192,-8.13365854631308));
#4956=CARTESIAN_POINT('Ctrl Pts',(221.443017032918,-12.58364923041,-8.12859444852297));
#4957=CARTESIAN_POINT('Ctrl Pts',(221.443196519155,-12.5861805830858,-8.12702230925223));
#4958=CARTESIAN_POINT('Ctrl Pts',(221.44338297922,-12.5886778340443,-8.12539066156375));
#4959=CARTESIAN_POINT('Ctrl Pts',(221.443576189324,-12.5911392520286,-8.12370101167074));
#4960=CARTESIAN_POINT('Ctrl Pts',(221.444436831386,-12.6021034811432,-8.1161745741991));
#4961=CARTESIAN_POINT('Ctrl Pts',(221.445422282487,-12.6122513705623,-8.10757476948076));
#4962=CARTESIAN_POINT('Ctrl Pts',(221.446510771243,-12.6214580630614,-8.09807181359273));
#4963=CARTESIAN_POINT('Ctrl Pts',(221.447546060606,-12.6302147826442,-8.08903331035971));
#4964=CARTESIAN_POINT('Ctrl Pts',(221.448674768266,-12.6381208305942,-8.07917643126102));
#4965=CARTESIAN_POINT('Ctrl Pts',(221.449884581199,-12.6450376258233,-8.06861764055479));
#4966=CARTESIAN_POINT('Ctrl Pts',(222.448266113889,-8.11013487856813,-12.2595857214959));
#4967=CARTESIAN_POINT('Ctrl Pts',(222.11104322506,-8.09203802010525,-12.2762709427155));
#4968=CARTESIAN_POINT('Ctrl Pts',(221.773904170471,-8.075632027153,-12.2920258832261));
#4969=CARTESIAN_POINT('Ctrl Pts',(221.436899891219,-8.06151866777455,-12.3064786794029));
#4970=CARTESIAN_POINT('Ctrl Pts',(222.446656250866,-8.14589824890959,-12.2775908593435));
#4971=CARTESIAN_POINT('Ctrl Pts',(222.109592658805,-8.1269830380088,-12.2949573963734));
#4972=CARTESIAN_POINT('Ctrl Pts',(221.77261780212,-8.10971689405272,-12.3113557974095));
#4973=CARTESIAN_POINT('Ctrl Pts',(221.435775322044,-8.09470264788864,-12.326423366217));
#4974=CARTESIAN_POINT('Ctrl Pts',(222.445141530907,-8.20599859344612,-12.3355489883373));
#4975=CARTESIAN_POINT('Ctrl Pts',(222.108295843269,-8.18515404766169,-12.3535092574964));
#4976=CARTESIAN_POINT('Ctrl Pts',(221.771533131212,-8.1659317688626,-12.3704487611033));
#4977=CARTESIAN_POINT('Ctrl Pts',(221.434883454313,-8.14890090570233,-12.3859516995225));
#4978=CARTESIAN_POINT('Ctrl Pts',(222.449306373433,-8.23629444075521,-12.4794236863934));
#4979=CARTESIAN_POINT('Ctrl Pts',(222.112346020538,-8.21295910608666,-12.4961379887772));
#4980=CARTESIAN_POINT('Ctrl Pts',(221.775411719856,-8.19122398314631,-12.511712394273));
#4981=CARTESIAN_POINT('Ctrl Pts',(221.438529194917,-8.17174217644998,-12.5257617884712));
#4982=CARTESIAN_POINT('Ctrl Pts',(222.457132948179,-8.17964552871202,-12.5736625324078));
#4983=CARTESIAN_POINT('Ctrl Pts',(222.119707151229,-8.15633474102768,-12.5887888079439));
#4984=CARTESIAN_POINT('Ctrl Pts',(221.782231448933,-8.13474880601981,-12.6028049271502));
#4985=CARTESIAN_POINT('Ctrl Pts',(221.444762472795,-8.11538671644367,-12.6152233306097));
#4986=CARTESIAN_POINT('Ctrl Pts',(222.46188533551,-8.12928787968145,-12.6061365441306));
#4987=CARTESIAN_POINT('Ctrl Pts',(222.124171392881,-8.10647361828934,-12.6208487200593));
#4988=CARTESIAN_POINT('Ctrl Pts',(221.786371059144,-8.08532476618057,-12.6343983467303));
#4989=CARTESIAN_POINT('Ctrl Pts',(221.448541730769,-8.06650737334834,-12.6464010214652));
#4990=CARTESIAN_POINT('Ctrl Pts',(221.450000000021,-8.0665886147261,-12.6463492012776));
#4991=CARTESIAN_POINT('Ctrl Pts',(221.783380035792,-8.08516480218666,-12.6345002094073));
#4992=CARTESIAN_POINT('Ctrl Pts',(222.116731755191,-8.10601050942689,-12.6211452826084));
#4993=CARTESIAN_POINT('Ctrl Pts',(222.449999999743,-8.12848565702126,-12.6066538349611));
#4994=CARTESIAN_POINT('',(221.450775831754,-8.06210106286811,-12.3058828662827));
#4995=CARTESIAN_POINT('Ctrl Pts',(222.448266113889,-8.11013487856813,-12.2595857214959));
#4996=CARTESIAN_POINT('Ctrl Pts',(222.115671514287,-8.09228639439371,-12.2760419427508));
#4997=CARTESIAN_POINT('Ctrl Pts',(221.783158463514,-8.07608268092834,-12.2915932437436));
#4998=CARTESIAN_POINT('Ctrl Pts',(221.450775833865,-8.06210106744894,-12.3058828628397));
#4999=CARTESIAN_POINT('Ctrl Pts',(221.450775833865,-8.06210106744893,-12.3058828628397));
#5000=CARTESIAN_POINT('Ctrl Pts',(221.450713917408,-8.06263892882839,-12.3062083347335));
#5001=CARTESIAN_POINT('Ctrl Pts',(221.450652181047,-8.06317517930079,-12.3065364060074));
#5002=CARTESIAN_POINT('Ctrl Pts',(221.450590626744,-8.06370980689176,-12.3068670599301));
#5003=CARTESIAN_POINT('Ctrl Pts',(221.449293201359,-8.07497854650361,-12.3138364962621));
#5004=CARTESIAN_POINT('Ctrl Pts',(221.448080068552,-8.08549600509622,-12.3219294327662));
#5005=CARTESIAN_POINT('Ctrl Pts',(221.446965852484,-8.09514722483498,-12.3309930247691));
#5006=CARTESIAN_POINT('Ctrl Pts',(221.446799386966,-8.09658913124344,-12.3323471387305));
#5007=CARTESIAN_POINT('Ctrl Pts',(221.446635135191,-8.09801164329681,-12.3337229921103));
#5008=CARTESIAN_POINT('Ctrl Pts',(221.446473152167,-8.09941431020352,-12.3351201472413));
#5009=CARTESIAN_POINT('Ctrl Pts',(221.445385885919,-8.10882932385394,-12.3444981646215));
#5010=CARTESIAN_POINT('Ctrl Pts',(221.44440668409,-8.11730055070709,-12.3547804467793));
#5011=CARTESIAN_POINT('Ctrl Pts',(221.443550568189,-8.12470149839498,-12.3658244022064));
#5012=CARTESIAN_POINT('Ctrl Pts',(221.443425919814,-8.1257790582229,-12.3674323750244));
#5013=CARTESIAN_POINT('Ctrl Pts',(221.443303886572,-8.12683385864312,-12.3690565496069));
#5014=CARTESIAN_POINT('Ctrl Pts',(221.443184520917,-8.12786543202331,-12.3706965372725));
#5015=CARTESIAN_POINT('Ctrl Pts',(221.442712965456,-8.13194067509389,-12.3771753283098));
#5016=CARTESIAN_POINT('Ctrl Pts',(221.442285106121,-8.13563590125318,-12.383872229332));
#5017=CARTESIAN_POINT('Ctrl Pts',(221.441903248679,-8.13892918690615,-12.3907592764141));
#5018=CARTESIAN_POINT('Ctrl Pts',(221.441238386704,-8.14466321265468,-12.4027504941405));
#5019=CARTESIAN_POINT('Ctrl Pts',(221.44071278877,-8.14918172240936,-12.4153174628338));
#5020=CARTESIAN_POINT('Ctrl Pts',(221.440332123371,-8.15244825997209,-12.4282504749022));
#5021=CARTESIAN_POINT('Ctrl Pts',(221.440189034633,-8.15367612239116,-12.4331118791198));
#5022=CARTESIAN_POINT('Ctrl Pts',(221.440066457947,-8.15472658565639,-12.4380251639281));
#5023=CARTESIAN_POINT('Ctrl Pts',(221.439964810149,-8.15559582927841,-12.4429794714169));
#5024=CARTESIAN_POINT('Ctrl Pts',(221.439695212217,-8.1579013025705,-12.4561196582495));
#5025=CARTESIAN_POINT('Ctrl Pts',(221.439575304016,-8.15891323867085,-12.4694202988217));
#5026=CARTESIAN_POINT('Ctrl Pts',(221.439606358547,-8.15860006501555,-12.4826731245532));
#5027=CARTESIAN_POINT('Ctrl Pts',(221.439623131988,-8.15843091096082,-12.4898313550467));
#5028=CARTESIAN_POINT('Ctrl Pts',(221.439684004179,-8.15787431573847,-12.4969758885298));
#5029=CARTESIAN_POINT('Ctrl Pts',(221.439789536702,-8.15691894589308,-12.5040740006302));
#5030=CARTESIAN_POINT('Ctrl Pts',(221.439869892701,-8.15619149528263,-12.5094787410094));
#5031=CARTESIAN_POINT('Ctrl Pts',(221.439976148152,-8.15523272995112,-12.5148565655424));
#5032=CARTESIAN_POINT('Ctrl Pts',(221.440108034414,-8.15404890174966,-12.5201958763169));
#5033=CARTESIAN_POINT('Ctrl Pts',(221.440430392985,-8.15115536938879,-12.5332463075296));
#5034=CARTESIAN_POINT('Ctrl Pts',(221.440902540728,-8.14694963807809,-12.5459389053323));
#5035=CARTESIAN_POINT('Ctrl Pts',(221.441513390152,-8.14156323098966,-12.558114391256));
#5036=CARTESIAN_POINT('Ctrl Pts',(221.44208710469,-8.13650427548181,-12.5695497025058));
#5037=CARTESIAN_POINT('Ctrl Pts',(221.442783269525,-8.13040270067517,-12.5805299059214));
#5038=CARTESIAN_POINT('Ctrl Pts',(221.443594248927,-8.123329218141,-12.5909062381806));
#5039=CARTESIAN_POINT('Ctrl Pts',(221.444452177945,-8.11584623408967,-12.6018832821518));
#5040=CARTESIAN_POINT('Ctrl Pts',(221.445430118927,-8.10734954648662,-12.6120766733005));
#5041=CARTESIAN_POINT('Ctrl Pts',(221.446512986656,-8.09794402798611,-12.6213253547651));
#5042=CARTESIAN_POINT('Ctrl Pts',(221.447545529541,-8.08897561851127,-12.6301442159976));
#5043=CARTESIAN_POINT('Ctrl Pts',(221.448673562974,-8.07917990046664,-12.6381051260529));
#5044=CARTESIAN_POINT('Ctrl Pts',(221.449884603845,-8.06861682660542,-12.6450369798049));
#5045=CARTESIAN_POINT('Ctrl Pts',(221.464455616856,-8.0642346275321,-12.3062211626209));
#5046=CARTESIAN_POINT('Ctrl Pts',(220.378267697345,-7.89455620060387,-12.2795353530264));
#5047=CARTESIAN_POINT('Ctrl Pts',(218.739033841302,-7.73540079393634,-12.1775921348927));
#5048=CARTESIAN_POINT('Ctrl Pts',(216.559883345623,-7.74881792807381,-11.9080332446111));
#5049=CARTESIAN_POINT('Ctrl Pts',(214.948182592191,-7.88801798489584,-11.6254713993406));
#5050=CARTESIAN_POINT('Ctrl Pts',(213.640975676206,-8.13264028661696,-11.302531225962));
#5051=CARTESIAN_POINT('Ctrl Pts',(212.77980835677,-8.39993833189732,-11.0011001759936));
#5052=CARTESIAN_POINT('Ctrl Pts',(212.315205684581,-8.58873679135658,-10.7982849805972));
#5053=CARTESIAN_POINT('Ctrl Pts',(211.879903514371,-8.80741685651857,-10.5690553922409));
#5054=CARTESIAN_POINT('Ctrl Pts',(211.402960490438,-9.13817196153031,-10.2312116712574));
#5055=CARTESIAN_POINT('Ctrl Pts',(211.123183061467,-9.68544759793366,-9.68222719685035));
#5056=CARTESIAN_POINT('Ctrl Pts',(211.403449398037,-10.2305169810042,-9.13885995500877));
#5057=CARTESIAN_POINT('Ctrl Pts',(211.880413392146,-10.5689414041222,-8.80751705656774));
#5058=CARTESIAN_POINT('Ctrl Pts',(212.315885741764,-10.7981499268077,-8.58886616353899));
#5059=CARTESIAN_POINT('Ctrl Pts',(212.66418842461,-10.9500619526731,-8.44745799928176));
#5060=CARTESIAN_POINT('Ctrl Pts',(213.025970761012,-11.0868969146544,-8.32386899226387));
#5061=CARTESIAN_POINT('Ctrl Pts',(213.772308890773,-11.3345310188847,-8.10848168671481));
#5062=CARTESIAN_POINT('Ctrl Pts',(215.471233735069,-11.753304520783,-7.79127592179462));
#5063=CARTESIAN_POINT('Ctrl Pts',(218.191617260223,-12.1428748191791,-7.68281073860341));
#5064=CARTESIAN_POINT('Ctrl Pts',(220.378907643563,-12.2795510741715,-7.89465617150142));
#5065=CARTESIAN_POINT('Ctrl Pts',(221.464455567775,-12.306221161415,-8.06423461986496));
#5066=CARTESIAN_POINT('Ctrl Pts',(221.458035547241,-8.09670638336027,-12.3259846066965));
#5067=CARTESIAN_POINT('Ctrl Pts',(220.373257697422,-7.9229593621846,-12.3022824250383));
#5068=CARTESIAN_POINT('Ctrl Pts',(218.735323265632,-7.7570114638474,-12.2029647486635));
#5069=CARTESIAN_POINT('Ctrl Pts',(216.556235294361,-7.76137775366323,-11.9332220891992));
#5070=CARTESIAN_POINT('Ctrl Pts',(214.943794364979,-7.89433482185136,-11.6485301924995));
#5071=CARTESIAN_POINT('Ctrl Pts',(213.635383735661,-8.13467965568261,-11.3220206576058));
#5072=CARTESIAN_POINT('Ctrl Pts',(212.773160288399,-8.39997409546165,-11.0169992480974));
#5073=CARTESIAN_POINT('Ctrl Pts',(212.307922707819,-8.58805089477057,-10.8117873867557));
#5074=CARTESIAN_POINT('Ctrl Pts',(211.871987790701,-8.80639125073266,-10.5799181281623));
#5075=CARTESIAN_POINT('Ctrl Pts',(211.394286458424,-9.13750574332799,-10.2383548540715));
#5076=CARTESIAN_POINT('Ctrl Pts',(211.114029069873,-9.68768996813033,-9.68444005542889));
#5077=CARTESIAN_POINT('Ctrl Pts',(211.39477629991,-10.2376526008621,-9.13820542935289));
#5078=CARTESIAN_POINT('Ctrl Pts',(211.872498708671,-10.5798029496458,-8.80649732141996));
#5079=CARTESIAN_POINT('Ctrl Pts',(212.30860399046,-10.811650827167,-8.58818758921804));
#5080=CARTESIAN_POINT('Ctrl Pts',(212.657382685785,-10.9653587045345,-8.44732153337772));
#5081=CARTESIAN_POINT('Ctrl Pts',(213.019624880862,-11.1038173223382,-8.32448404900856));
#5082=CARTESIAN_POINT('Ctrl Pts',(213.766838060633,-11.3543717494263,-8.11096076520341));
#5083=CARTESIAN_POINT('Ctrl Pts',(215.467331682856,-11.777790446442,-7.79930592165197));
#5084=CARTESIAN_POINT('Ctrl Pts',(218.188345462429,-12.1691404868096,-7.70213323744939));
#5085=CARTESIAN_POINT('Ctrl Pts',(220.373896812858,-12.3022963882899,-7.92306173015018));
#5086=CARTESIAN_POINT('Ctrl Pts',(221.458035498224,-12.3259846056239,-8.09670637550999));
#5087=CARTESIAN_POINT('Ctrl Pts',(221.448016584081,-8.14306929582563,-12.3777735362731));
#5088=CARTESIAN_POINT('Ctrl Pts',(220.365060094251,-7.96125098586768,-12.3559472173489));
#5089=CARTESIAN_POINT('Ctrl Pts',(218.728438616651,-7.78325977384381,-12.2566782219698));
#5090=CARTESIAN_POINT('Ctrl Pts',(216.548657059337,-7.77376673334709,-11.9817188565579));
#5091=CARTESIAN_POINT('Ctrl Pts',(214.934654867676,-7.89798869605546,-11.6904927272354));
#5092=CARTESIAN_POINT('Ctrl Pts',(213.624233283117,-8.13303429239203,-11.3562216799026));
#5093=CARTESIAN_POINT('Ctrl Pts',(212.760381482605,-8.3963618081222,-11.044335557548));
#5094=CARTESIAN_POINT('Ctrl Pts',(212.294192782721,-8.58401367755092,-10.8347349318939));
#5095=CARTESIAN_POINT('Ctrl Pts',(211.857324986759,-8.80254367058774,-10.5981390130925));
#5096=CARTESIAN_POINT('Ctrl Pts',(211.378531407107,-9.13513418821382,-10.2500861435531));
#5097=CARTESIAN_POINT('Ctrl Pts',(211.097596257714,-9.69091375988006,-9.68761487221658));
#5098=CARTESIAN_POINT('Ctrl Pts',(211.379022572865,-10.2493786213797,-9.13584408998538));
#5099=CARTESIAN_POINT('Ctrl Pts',(211.857837361577,-10.5980272773492,-8.80265128277705));
#5100=CARTESIAN_POINT('Ctrl Pts',(212.294875804372,-10.8346018243996,-8.58415351266765));
#5101=CARTESIAN_POINT('Ctrl Pts',(212.644367604645,-10.9915981811176,-8.44360772131067));
#5102=CARTESIAN_POINT('Ctrl Pts',(213.007311902851,-11.1331142891332,-8.3214348123521));
#5103=CARTESIAN_POINT('Ctrl Pts',(213.755890343269,-11.3893517629801,-8.10984807309749));
#5104=CARTESIAN_POINT('Ctrl Pts',(215.45899638573,-11.8228336553062,-7.80509898751006));
#5105=CARTESIAN_POINT('Ctrl Pts',(218.181896658539,-12.2228434150318,-7.72438405742524));
#5106=CARTESIAN_POINT('Ctrl Pts',(220.365698136573,-12.3559600753479,-7.96135810917425));
#5107=CARTESIAN_POINT('Ctrl Pts',(221.448016535146,-12.3777735352866,-8.1430692876102));
#5108=CARTESIAN_POINT('Ctrl Pts',(221.439881857523,-8.16765015965238,-12.4832855405845));
#5109=CARTESIAN_POINT('Ctrl Pts',(220.356878186915,-7.97600774240946,-12.4572438407268));
#5110=CARTESIAN_POINT('Ctrl Pts',(218.71882109671,-7.78543997893349,-12.3492790655885));
#5111=CARTESIAN_POINT('Ctrl Pts',(216.535371104002,-7.76441738093469,-12.0587572628363));
#5112=CARTESIAN_POINT('Ctrl Pts',(214.917987621438,-7.88301361448817,-11.7538197264016));
#5113=CARTESIAN_POINT('Ctrl Pts',(213.604415583182,-8.11638607672482,-11.4061991834827));
#5114=CARTESIAN_POINT('Ctrl Pts',(212.738343473499,-8.38088070449116,-11.0835752307238));
#5115=CARTESIAN_POINT('Ctrl Pts',(212.270924593679,-8.5701062929981,-10.8673212580188));
#5116=CARTESIAN_POINT('Ctrl Pts',(211.832886163856,-8.79099239600405,-10.6236596936887));
#5117=CARTESIAN_POINT('Ctrl Pts',(211.352780978817,-9.12808422036595,-10.2660318388361));
#5118=CARTESIAN_POINT('Ctrl Pts',(211.071061984061,-9.69393138803982,-9.69056500995684));
#5119=CARTESIAN_POINT('Ctrl Pts',(211.35327356103,-10.2653121084102,-9.1288109235541));
#5120=CARTESIAN_POINT('Ctrl Pts',(211.833400024169,-10.6235479237602,-8.79110449956694));
#5121=CARTESIAN_POINT('Ctrl Pts',(212.271609504655,-10.8671885041574,-8.57025207311823));
#5122=CARTESIAN_POINT('Ctrl Pts',(212.622023586644,-11.0291698900988,-8.42852918571787));
#5123=CARTESIAN_POINT('Ctrl Pts',(212.985908619793,-11.1754151291036,-8.30562676893878));
#5124=CARTESIAN_POINT('Ctrl Pts',(213.736389633878,-11.4406602443727,-8.09337606430708));
#5125=CARTESIAN_POINT('Ctrl Pts',(215.443586605098,-11.8914749271987,-7.79081837388139));
#5126=CARTESIAN_POINT('Ctrl Pts',(218.171797036054,-12.3125321347529,-7.72238071230749));
#5127=CARTESIAN_POINT('Ctrl Pts',(220.357516257007,-12.4572591822421,-7.97612065380204));
#5128=CARTESIAN_POINT('Ctrl Pts',(221.439881808586,-12.4832855394072,-8.1676501509926));
#5129=CARTESIAN_POINT('Ctrl Pts',(221.441093323519,-8.1408498273431,-12.5799918667853));
#5130=CARTESIAN_POINT('Ctrl Pts',(220.355201799421,-7.9454435125082,-12.5467118364736));
#5131=CARTESIAN_POINT('Ctrl Pts',(218.712646184192,-7.75159870298234,-12.4275763490186));
#5132=CARTESIAN_POINT('Ctrl Pts',(216.523478797749,-7.7306691081597,-12.1214065891299));
#5133=CARTESIAN_POINT('Ctrl Pts',(214.902060326158,-7.85170475732423,-11.8041865622367));
#5134=CARTESIAN_POINT('Ctrl Pts',(213.585409426072,-8.08933909825214,-11.445533597693));
#5135=CARTESIAN_POINT('Ctrl Pts',(212.717404909382,-8.35848359522166,-11.1143061299106));
#5136=CARTESIAN_POINT('Ctrl Pts',(212.248968065423,-8.55101062053589,-10.8927408208713));
#5137=CARTESIAN_POINT('Ctrl Pts',(211.809990388235,-8.77574870334147,-10.6434150357768));
#5138=CARTESIAN_POINT('Ctrl Pts',(211.328881278148,-9.11873304424114,-10.2780299871978));
#5139=CARTESIAN_POINT('Ctrl Pts',(211.046587259724,-9.69476836769695,-9.69134504922235));
#5140=CARTESIAN_POINT('Ctrl Pts',(211.3293747395,-10.2772994677186,-9.11947251791267));
#5141=CARTESIAN_POINT('Ctrl Pts',(211.810505074321,-10.6433026238745,-8.77586360495666));
#5142=CARTESIAN_POINT('Ctrl Pts',(212.249654162699,-10.8926079043044,-8.55115962327465));
#5143=CARTESIAN_POINT('Ctrl Pts',(212.600831366704,-11.0585685294511,-8.40696429272896));
#5144=CARTESIAN_POINT('Ctrl Pts',(212.965522018889,-11.2085988728672,-8.28190741432976));
#5145=CARTESIAN_POINT('Ctrl Pts',(213.717692506352,-11.4810958774567,-8.06590945761743));
#5146=CARTESIAN_POINT('Ctrl Pts',(215.428887796635,-11.9462251083343,-7.75782464592425));
#5147=CARTESIAN_POINT('Ctrl Pts',(218.164119003581,-12.387075399398,-7.68745134604348));
#5148=CARTESIAN_POINT('Ctrl Pts',(220.355841570938,-12.5467314425698,-7.94555864151414));
#5149=CARTESIAN_POINT('Ctrl Pts',(221.441093274451,-12.5799918652816,-8.14084981851375));
#5150=CARTESIAN_POINT('Ctrl Pts',(221.447750298459,-8.09281675992722,-12.6292795987366));
#5151=CARTESIAN_POINT('Ctrl Pts',(220.358412847276,-7.89864990104758,-12.5919874722709));
#5152=CARTESIAN_POINT('Ctrl Pts',(218.711118826971,-7.70769026094887,-12.4671362922155));
#5153=CARTESIAN_POINT('Ctrl Pts',(216.516580230946,-7.69294391271974,-12.1535400386834));
#5154=CARTESIAN_POINT('Ctrl Pts',(214.891639234893,-7.8198270769968,-11.8305970569292));
#5155=CARTESIAN_POINT('Ctrl Pts',(213.572471755081,-8.06354692858361,-11.4667149378265));
#5156=CARTESIAN_POINT('Ctrl Pts',(212.702953552345,-8.33789650615359,-11.1311637130523));
#5157=CARTESIAN_POINT('Ctrl Pts',(212.233735171781,-8.53376457161515,-10.9068081391507));
#5158=CARTESIAN_POINT('Ctrl Pts',(211.794045462858,-8.7621520106412,-10.6543929456511));
#5159=CARTESIAN_POINT('Ctrl Pts',(211.312190644635,-9.11028376921083,-10.2845457825286));
#5160=CARTESIAN_POINT('Ctrl Pts',(211.029477337425,-9.69404209771917,-9.69057903981225));
#5161=CARTESIAN_POINT('Ctrl Pts',(211.312684854046,-10.2838071291879,-9.11102938752711));
#5162=CARTESIAN_POINT('Ctrl Pts',(211.794560920453,-10.6542788277268,-8.76226581536853));
#5163=CARTESIAN_POINT('Ctrl Pts',(212.234422354483,-10.9066734550611,-8.53391220287468));
#5164=CARTESIAN_POINT('Ctrl Pts',(212.586185468643,-11.0747238908233,-8.38721377300871));
#5165=CARTESIAN_POINT('Ctrl Pts',(212.95150333698,-11.2266872637025,-8.25983426983115));
#5166=CARTESIAN_POINT('Ctrl Pts',(213.705008068968,-11.5027962930272,-8.03950622691723));
#5167=CARTESIAN_POINT('Ctrl Pts',(215.41946831743,-11.974710197148,-7.7235399549546));
#5168=CARTESIAN_POINT('Ctrl Pts',(218.161002468506,-12.4247201572356,-7.64454345867666));
#5169=CARTESIAN_POINT('Ctrl Pts',(220.35905464903,-12.5920094421691,-7.89876429982748));
#5170=CARTESIAN_POINT('Ctrl Pts',(221.447750249236,-12.6292795970517,-8.09281675115233));
#5171=CARTESIAN_POINT('Ctrl Pts',(221.451383658094,-8.06888316653847,-12.6450904778306));
#5172=CARTESIAN_POINT('Ctrl Pts',(220.360498360293,-7.87562699287023,-12.6066508927397));
#5173=CARTESIAN_POINT('Ctrl Pts',(218.711041926499,-7.68649391875084,-12.4801932028192));
#5174=CARTESIAN_POINT('Ctrl Pts',(216.514049041481,-7.67498634101678,-12.1645011339389));
#5175=CARTESIAN_POINT('Ctrl Pts',(214.887483832729,-7.8048065234329,-11.839893142024));
#5176=CARTESIAN_POINT('Ctrl Pts',(213.567146003131,-8.05148927676839,-11.4743930792764));
#5177=CARTESIAN_POINT('Ctrl Pts',(212.696919889244,-8.32831009106949,-11.1373876478758));
#5178=CARTESIAN_POINT('Ctrl Pts',(212.227334812611,-8.5257439401946,-10.912047941785));
#5179=CARTESIAN_POINT('Ctrl Pts',(211.787310380996,-8.75582347797202,-10.6585044273946));
#5180=CARTESIAN_POINT('Ctrl Pts',(211.305103603825,-9.10630945915452,-10.2869545674918));
#5181=CARTESIAN_POINT('Ctrl Pts',(211.022191782756,-9.69346767423428,-9.68998759672674));
#5182=CARTESIAN_POINT('Ctrl Pts',(211.305598050961,-10.2862108418842,-9.10706016146145));
#5183=CARTESIAN_POINT('Ctrl Pts',(211.787826022113,-10.6583887036891,-8.75593932375919));
#5184=CARTESIAN_POINT('Ctrl Pts',(212.228022311409,-10.9119115689782,-8.52589365302402));
#5185=CARTESIAN_POINT('Ctrl Pts',(212.580060292819,-11.080699099558,-8.37802227091446));
#5186=CARTESIAN_POINT('Ctrl Pts',(212.945671724323,-11.2333241618905,-8.24954611154751));
#5187=CARTESIAN_POINT('Ctrl Pts',(213.699799389428,-11.510633670318,-8.0271578345335));
#5188=CARTESIAN_POINT('Ctrl Pts',(215.415781936519,-11.9846451391971,-7.70733303780181));
#5189=CARTESIAN_POINT('Ctrl Pts',(218.160206781902,-12.4372359663998,-7.62393906794112));
#5190=CARTESIAN_POINT('Ctrl Pts',(220.36114107399,-12.606673538685,-7.87574085511335));
#5191=CARTESIAN_POINT('Ctrl Pts',(221.451383608801,-12.6450904760936,-8.06888315780594));
#5192=CARTESIAN_POINT('',(213.591551275843,-8.16833120273562,-11.2683312027356));
#5193=CARTESIAN_POINT('Ctrl Pts',(221.450775821466,-8.06210106029934,-12.3058828991633));
#5194=CARTESIAN_POINT('Ctrl Pts',(220.369092400807,-7.89366668049876,-12.2789639580556));
#5195=CARTESIAN_POINT('Ctrl Pts',(218.734459806213,-7.7354289564898,-12.1770263310049));
#5196=CARTESIAN_POINT('Ctrl Pts',(216.559883345623,-7.74881792807381,-11.9080332446111));
#5197=CARTESIAN_POINT('Ctrl Pts',(215.01607956045,-7.88215383063543,-11.6373750313261));
#5198=CARTESIAN_POINT('Ctrl Pts',(214.03469821863,-8.05939391279427,-11.3994910411279));
#5199=CARTESIAN_POINT('Ctrl Pts',(213.591483518634,-8.16891738228023,-11.2677399319188));
#5200=CARTESIAN_POINT('Ctrl Pts',(213.591692232808,-8.16888189032064,-11.2683145960023));
#5201=CARTESIAN_POINT('Ctrl Pts',(213.527454800179,-8.18474851151741,-11.2492161842426));
#5202=CARTESIAN_POINT('Ctrl Pts',(213.211034097607,-8.26606819553259,-11.1525308826175));
#5203=CARTESIAN_POINT('Ctrl Pts',(212.779643890444,-8.39993878826626,-11.0014931273235));
#5204=CARTESIAN_POINT('Ctrl Pts',(212.315025542588,-8.58871950656897,-10.7986186663146));
#5205=CARTESIAN_POINT('Ctrl Pts',(211.879707751821,-8.8073912657279,-10.5693238156894));
#5206=CARTESIAN_POINT('Ctrl Pts',(211.402746010604,-9.13815535299468,-10.2313881536259));
#5207=CARTESIAN_POINT('Ctrl Pts',(211.122956736393,-9.68550294543412,-9.68228181516577));
#5208=CARTESIAN_POINT('Ctrl Pts',(211.403234941252,-10.2306932773486,-9.13884363431139));
#5209=CARTESIAN_POINT('Ctrl Pts',(211.880217655266,-10.5692097987861,-8.8074916098798));
#5210=CARTESIAN_POINT('Ctrl Pts',(212.315705630015,-10.7984835760092,-8.58884905862742));
#5211=CARTESIAN_POINT('Ctrl Pts',(212.664020065447,-10.9504400103239,-8.4474542215842));
#5212=CARTESIAN_POINT('Ctrl Pts',(213.025813757137,-11.087315132437,-8.3238837156959));
#5213=CARTESIAN_POINT('Ctrl Pts',(213.772173497907,-11.3350214904232,-8.10854233252237));
#5214=CARTESIAN_POINT('Ctrl Pts',(215.471137105307,-11.7539100413064,-7.79147345356201));
#5215=CARTESIAN_POINT('Ctrl Pts',(218.186965557316,-12.1428703566924,-7.68346879596969));
#5216=CARTESIAN_POINT('Ctrl Pts',(220.369596505731,-12.2795404154242,-7.89446752809424));
#5217=CARTESIAN_POINT('Ctrl Pts',(221.450617702732,-12.3063743311654,-8.06290125947519));
#5218=CARTESIAN_POINT('Ctrl Pts',(235.45,-5.73883476483184,-8.83883476483184));
#5219=CARTESIAN_POINT('Ctrl Pts',(234.604142795555,-5.73883476483184,-8.83883476483184));
#5220=CARTESIAN_POINT('Ctrl Pts',(231.968148787855,-5.7293950765346,-8.8293950765346));
#5221=CARTESIAN_POINT('Ctrl Pts',(226.794740180885,-5.73929948793567,-8.83929948793565));
#5222=CARTESIAN_POINT('Ctrl Pts',(219.50500454336,-6.66175298012754,-9.76175298012756));
#5223=CARTESIAN_POINT('Ctrl Pts',(214.26248805691,-7.95422093750409,-11.0542209375041));
#5224=CARTESIAN_POINT('Ctrl Pts',(211.55242030417,-8.73104378520593,-11.8310437852059));
#5225=CARTESIAN_POINT('Ctrl Pts',(235.45,-5.73883476483184,-9.30259368036176));
#5226=CARTESIAN_POINT('Ctrl Pts',(234.603033676401,-5.73883476483184,-9.30259368036176));
#5227=CARTESIAN_POINT('Ctrl Pts',(231.963096050124,-5.72928605309722,-9.29304496862714));
#5228=CARTESIAN_POINT('Ctrl Pts',(226.82235420145,-5.73969081329557,-9.30344972882547));
#5229=CARTESIAN_POINT('Ctrl Pts',(219.595256375801,-6.65413613312781,-10.2178950486577));
#5230=CARTESIAN_POINT('Ctrl Pts',(214.375482487348,-7.94015974859934,-11.5039186641292));
#5231=CARTESIAN_POINT('Ctrl Pts',(211.675616215347,-8.71405840988149,-12.2778173254114));
#5232=CARTESIAN_POINT('Ctrl Pts',(235.45,-5.95258344487003,-10.226686873647));
#5233=CARTESIAN_POINT('Ctrl Pts',(234.600311606912,-5.95258344487003,-10.226686873647));
#5234=CARTESIAN_POINT('Ctrl Pts',(231.950680844881,-5.94276893258353,-10.2168723613605));
#5235=CARTESIAN_POINT('Ctrl Pts',(226.890088667981,-5.95440464683889,-10.2285080756159));
#5236=CARTESIAN_POINT('Ctrl Pts',(219.816699534519,-6.84919853243226,-11.1233019612093));
#5237=CARTESIAN_POINT('Ctrl Pts',(214.652709034505,-8.11941118787366,-12.3935146166506));
#5238=CARTESIAN_POINT('Ctrl Pts',(211.97787987361,-8.88613312823167,-13.1602365570087));
#5239=CARTESIAN_POINT('Ctrl Pts',(235.45,-7.13133201948871,-11.7264424593656));
#5240=CARTESIAN_POINT('Ctrl Pts',(234.593908420491,-7.13133201948871,-11.7264424593656));
#5241=CARTESIAN_POINT('Ctrl Pts',(231.921557464795,-7.12088231175456,-11.7159927516314));
#5242=CARTESIAN_POINT('Ctrl Pts',(227.049633043076,-7.135396970042,-11.7305074099188));
#5243=CARTESIAN_POINT('Ctrl Pts',(220.337933943039,-7.98394905105355,-12.5790594909304));
#5244=CARTESIAN_POINT('Ctrl Pts',(215.305348795275,-9.21694032840926,-13.8120507682861));
#5245=CARTESIAN_POINT('Ctrl Pts',(212.689415004419,-9.96678030372269,-14.5618907435995));
#5246=CARTESIAN_POINT('Ctrl Pts',(235.45,-9.62635715697582,-12.297947819089));
#5247=CARTESIAN_POINT('Ctrl Pts',(234.586564401068,-9.62635715697582,-12.297947819089));
#5248=CARTESIAN_POINT('Ctrl Pts',(231.887922541491,-9.61520739275405,-12.2867980548672));
#5249=CARTESIAN_POINT('Ctrl Pts',(227.232015560592,-9.63307168088025,-12.3046623429934));
#5250=CARTESIAN_POINT('Ctrl Pts',(220.934813867767,-10.4286313068611,-13.1002219689743));
#5251=CARTESIAN_POINT('Ctrl Pts',(216.052412761639,-11.6190148965939,-14.2906055587071));
#5252=CARTESIAN_POINT('Ctrl Pts',(213.504027955472,-12.3494924059349,-15.0210830680481));
#5253=CARTESIAN_POINT('Ctrl Pts',(235.45,-12.0374311791956,-10.379012711936));
#5254=CARTESIAN_POINT('Ctrl Pts',(234.585398372926,-12.0374311791956,-10.379012711936));
#5255=CARTESIAN_POINT('Ctrl Pts',(231.882803143946,-12.0261432026915,-10.3677247354318));
#5256=CARTESIAN_POINT('Ctrl Pts',(227.261547066098,-12.0444939991555,-10.3860755318959));
#5257=CARTESIAN_POINT('Ctrl Pts',(221.03047599198,-12.8315982934716,-11.173179826212));
#5258=CARTESIAN_POINT('Ctrl Pts',(216.172422799545,-14.0151383401077,-12.356719872848));
#5259=CARTESIAN_POINT('Ctrl Pts',(213.634762912876,-14.7425416227995,-13.0841231555398));
#5260=CARTESIAN_POINT('Ctrl Pts',(235.45,-12.0344693173029,-7.29902980168373));
#5261=CARTESIAN_POINT('Ctrl Pts',(234.59276241599,-12.0344693173029,-7.29902980168373));
#5262=CARTESIAN_POINT('Ctrl Pts',(231.916191450776,-12.0239247536642,-7.28848523804498));
#5263=CARTESIAN_POINT('Ctrl Pts',(227.077787891115,-12.0389861982722,-7.303546682653));
#5264=CARTESIAN_POINT('Ctrl Pts',(220.430599423329,-12.8792911274615,-8.14385161184238));
#5265=CARTESIAN_POINT('Ctrl Pts',(215.421182613148,-14.1056754353766,-9.37023591975738));
#5266=CARTESIAN_POINT('Ctrl Pts',(212.8157895679,-14.8524939762584,-10.1170544606393));
#5267=CARTESIAN_POINT('Ctrl Pts',(235.45,-9.63019640330265,-5.37773720679046));
#5268=CARTESIAN_POINT('Ctrl Pts',(234.603118746334,-9.63019640330265,-5.37773720679046));
#5269=CARTESIAN_POINT('Ctrl Pts',(231.963570797565,-9.62064537088865,-5.36818617437646));
#5270=CARTESIAN_POINT('Ctrl Pts',(226.820462849307,-9.63099386398684,-5.37853466747463));
#5271=CARTESIAN_POINT('Ctrl Pts',(219.588686930684,-10.546036997376,-6.29357780086386));
#5272=CARTESIAN_POINT('Ctrl Pts',(214.367367161308,-11.8325238638148,-7.58006466730257));
#5273=CARTESIAN_POINT('Ctrl Pts',(211.666718431193,-12.606646811497,-8.35418761498484));
#5274=CARTESIAN_POINT('Ctrl Pts',(235.45,-6.6265638661236,-6.06638487639118));
#5275=CARTESIAN_POINT('Ctrl Pts',(234.608647106919,-6.6265638661236,-6.06638487639118));
#5276=CARTESIAN_POINT('Ctrl Pts',(231.988613264652,-6.61757373932765,-6.05739474959523));
#5277=CARTESIAN_POINT('Ctrl Pts',(226.682450929999,-6.62545754107587,-6.06527855134343));
#5278=CARTESIAN_POINT('Ctrl Pts',(219.138252695294,-7.58044395948101,-7.02026496974862));
#5279=CARTESIAN_POINT('Ctrl Pts',(213.80324851896,-8.89910317930113,-8.33892418956868));
#5280=CARTESIAN_POINT('Ctrl Pts',(211.051750911275,-9.68780161862444,-9.12762262889202));
#5281=CARTESIAN_POINT('Ctrl Pts',(235.45,-5.73883476483184,-7.911316933772));
#5282=CARTESIAN_POINT('Ctrl Pts',(234.606377037654,-5.73883476483184,-7.911316933772));
#5283=CARTESIAN_POINT('Ctrl Pts',(231.978608292202,-5.72958025657495,-7.9020624255151));
#5284=CARTESIAN_POINT('Ctrl Pts',(226.739844395599,-5.73841907539944,-7.91090124433958));
#5285=CARTESIAN_POINT('Ctrl Pts',(219.324336344736,-6.67695153888608,-8.84943370782625));
#5286=CARTESIAN_POINT('Ctrl Pts',(214.036646396077,-7.98230112140314,-10.1547832903433));
#5287=CARTESIAN_POINT('Ctrl Pts',(211.306028481815,-8.76501453585482,-10.937496704795));
#5288=CARTESIAN_POINT('Ctrl Pts',(235.45,-5.73883476483184,-8.83883476483184));
#5289=CARTESIAN_POINT('Ctrl Pts',(234.604142795555,-5.73883476483184,-8.83883476483184));
#5290=CARTESIAN_POINT('Ctrl Pts',(231.968148787855,-5.7293950765346,-8.8293950765346));
#5291=CARTESIAN_POINT('Ctrl Pts',(226.794740180885,-5.73929948793567,-8.83929948793565));
#5292=CARTESIAN_POINT('Ctrl Pts',(219.50500454336,-6.66175298012754,-9.76175298012756));
#5293=CARTESIAN_POINT('Ctrl Pts',(214.26248805691,-7.95422093750409,-11.0542209375041));
#5294=CARTESIAN_POINT('Ctrl Pts',(211.55242030417,-8.73104378520593,-11.8310437852059));
#5295=CARTESIAN_POINT('',(235.45,-5.73883476483184,-8.83883476483184));
#5296=CARTESIAN_POINT('Ctrl Pts',(235.45,-5.73883476483184,-8.83883476483184));
#5297=CARTESIAN_POINT('Ctrl Pts',(235.267814399371,-5.73883476483184,-8.83883476483184));
#5298=CARTESIAN_POINT('Ctrl Pts',(235.084014009739,-5.73869128323344,-8.83869128323344));
#5299=CARTESIAN_POINT('Ctrl Pts',(234.89841983699,-5.7384207314901,-8.8384207314901));
#5300=CARTESIAN_POINT('Ctrl Pts',(234.708527134595,-5.73814391352259,-8.83814391352259));
#5301=CARTESIAN_POINT('Ctrl Pts',(234.516756663676,-5.73773415773343,-8.83773415773343));
#5302=CARTESIAN_POINT('Ctrl Pts',(234.322947788391,-5.73724208677515,-8.83724208677515));
#5303=CARTESIAN_POINT('Ctrl Pts',(234.124339862011,-5.73673783126822,-8.83673783126822));
#5304=CARTESIAN_POINT('Ctrl Pts',(233.923591391313,-5.73614722666286,-8.83614722666286));
#5305=CARTESIAN_POINT('Ctrl Pts',(233.720560812102,-5.7355577036482,-8.8355577036482));
#5306=CARTESIAN_POINT('Ctrl Pts',(233.512165363813,-5.73495260310918,-8.83495260310918));
#5307=CARTESIAN_POINT('Ctrl Pts',(233.301365630287,-5.734348767451,-8.834348767451));
#5308=CARTESIAN_POINT('Ctrl Pts',(233.088040382868,-5.73387339350483,-8.83387339350482));
#5309=CARTESIAN_POINT('Ctrl Pts',(232.868003271027,-5.73338306284108,-8.83338306284108));
#5310=CARTESIAN_POINT('Ctrl Pts',(232.645279171412,-5.73302958594361,-8.83302958594361));
#5311=CARTESIAN_POINT('Ctrl Pts',(232.419769051183,-5.73298453039067,-8.83298453039067));
#5312=CARTESIAN_POINT('Ctrl Pts',(232.185598427189,-5.73293774452166,-8.83293774452165));
#5313=CARTESIAN_POINT('Ctrl Pts',(231.948423578472,-5.73322379593612,-8.83322379593612));
#5314=CARTESIAN_POINT('Ctrl Pts',(231.708170971595,-5.73406531080454,-8.83406531080454));
#5315=CARTESIAN_POINT('Ctrl Pts',(231.453686353945,-5.73495667507451,-8.83495667507451));
#5316=CARTESIAN_POINT('Ctrl Pts',(231.195748403876,-5.73647165698516,-8.83647165698516));
#5317=CARTESIAN_POINT('Ctrl Pts',(230.934313602041,-5.73890337121008,-8.83890337121008));
#5318=CARTESIAN_POINT('Ctrl Pts',(230.65770903554,-5.74147618574861,-8.84147618574861));
#5319=CARTESIAN_POINT('Ctrl Pts',(230.37718988325,-5.74507584014729,-8.84507584014729));
#5320=CARTESIAN_POINT('Ctrl Pts',(230.092751467367,-5.75007235480479,-8.85007235480478));
#5321=CARTESIAN_POINT('Ctrl Pts',(229.800621763464,-5.75520397650544,-8.85520397650544));
#5322=CARTESIAN_POINT('Ctrl Pts',(229.504357820915,-5.76181006819768,-8.86181006819768));
#5323=CARTESIAN_POINT('Ctrl Pts',(229.204005560762,-5.77030171506677,-8.87030171506677));
#5324=CARTESIAN_POINT('Ctrl Pts',(228.92242531687,-5.77826263400653,-8.87826263400653));
#5325=CARTESIAN_POINT('Ctrl Pts',(228.637251135736,-5.78788181203977,-8.88788181203977));
#5326=CARTESIAN_POINT('Ctrl Pts',(228.348566274888,-5.79949208187638,-8.89949208187638));
#5327=CARTESIAN_POINT('Ctrl Pts',(228.077924217844,-5.8103767098482,-8.9103767098482));
#5328=CARTESIAN_POINT('Ctrl Pts',(227.804197121411,-5.82301217575942,-8.92301217575942));
#5329=CARTESIAN_POINT('Ctrl Pts',(227.527499360916,-5.83765366870682,-8.93765366870682));
#5330=CARTESIAN_POINT('Ctrl Pts',(227.268095210452,-5.851380068345,-8.951380068345));
#5331=CARTESIAN_POINT('Ctrl Pts',(227.006080612713,-5.86687005298446,-8.96687005298445));
#5332=CARTESIAN_POINT('Ctrl Pts',(226.741584083851,-5.88430759524923,-8.98430759524922));
#5333=CARTESIAN_POINT('Ctrl Pts',(226.4765273717,-5.9017820688863,-9.0017820688863));
#5334=CARTESIAN_POINT('Ctrl Pts',(226.208980044328,-5.92121280893218,-9.02121280893217));
#5335=CARTESIAN_POINT('Ctrl Pts',(225.939096064106,-5.94274969708807,-9.04274969708807));
#5336=CARTESIAN_POINT('Ctrl Pts',(225.667874073139,-5.96439335922784,-9.06439335922783));
#5337=CARTESIAN_POINT('Ctrl Pts',(225.394292508329,-5.98816408582401,-9.088164085824));
#5338=CARTESIAN_POINT('Ctrl Pts',(225.118506403826,-6.01417657446699,-9.11417657446699));
#5339=CARTESIAN_POINT('Ctrl Pts',(224.840814364526,-6.04036883325226,-9.14036883325225));
#5340=CARTESIAN_POINT('Ctrl Pts',(224.560887258556,-6.0688339220442,-9.1688339220442));
#5341=CARTESIAN_POINT('Ctrl Pts',(224.278880437629,-6.09965135419653,-9.19965135419652));
#5342=CARTESIAN_POINT('Ctrl Pts',(223.991865946405,-6.13101601970701,-9.231016019707));
#5343=CARTESIAN_POINT('Ctrl Pts',(223.702697805183,-6.16481724327799,-9.26481724327799));
#5344=CARTESIAN_POINT('Ctrl Pts',(223.411534144332,-6.2011003097721,-9.3011003097721));
#5345=CARTESIAN_POINT('Ctrl Pts',(223.107584500782,-6.23897668862912,-9.33897668862912));
#5346=CARTESIAN_POINT('Ctrl Pts',(222.801460906041,-6.27955724397481,-9.37955724397481));
#5347=CARTESIAN_POINT('Ctrl Pts',(222.493317940417,-6.32285638878136,-9.42285638878135));
#5348=CARTESIAN_POINT('Ctrl Pts',(222.166080238383,-6.36883865749183,-9.46883865749183));
#5349=CARTESIAN_POINT('Ctrl Pts',(221.836565385747,-6.41788639694758,-9.51788639694758));
#5350=CARTESIAN_POINT('Ctrl Pts',(221.504925231706,-6.46998282725609,-9.56998282725608));
#5351=CARTESIAN_POINT('Ctrl Pts',(221.123264168236,-6.52993690323964,-9.62993690323964));
#5352=CARTESIAN_POINT('Ctrl Pts',(220.738788174907,-6.59392839734502,-9.69392839734502));
#5353=CARTESIAN_POINT('Ctrl Pts',(220.351679334322,-6.6618949102196,-9.7618949102196));
#5354=CARTESIAN_POINT('Ctrl Pts',(219.936447521486,-6.73479910509782,-9.83479910509782));
#5355=CARTESIAN_POINT('Ctrl Pts',(219.518186373047,-6.81227632181819,-9.91227632181819));
#5356=CARTESIAN_POINT('Ctrl Pts',(219.097082011516,-6.89421539286865,-9.99421539286865));
#5357=CARTESIAN_POINT('Ctrl Pts',(218.638436493026,-6.98345927433755,-10.0834592743376));
#5358=CARTESIAN_POINT('Ctrl Pts',(218.176418826447,-7.07799503634419,-10.1779950363442));
#5359=CARTESIAN_POINT('Ctrl Pts',(217.711219218816,-7.17765214145974,-10.2776521414597));
#5360=CARTESIAN_POINT('Ctrl Pts',(217.246184344139,-7.27727395675746,-10.3772739567575));
#5361=CARTESIAN_POINT('Ctrl Pts',(216.777969718026,-7.38201211237939,-10.4820121123794));
#5362=CARTESIAN_POINT('Ctrl Pts',(216.306714487598,-7.49168934111277,-10.5916893411128));
#5363=CARTESIAN_POINT('Ctrl Pts',(215.845271197026,-7.59908299546352,-10.6990829954635));
#5364=CARTESIAN_POINT('Ctrl Pts',(215.380912459776,-7.71121102896368,-10.8112110289637));
#5365=CARTESIAN_POINT('Ctrl Pts',(214.913721450833,-7.8279191834163,-10.9279191834163));
#5366=CARTESIAN_POINT('Ctrl Pts',(214.475478564483,-7.93739585888477,-11.0373958588848));
#5367=CARTESIAN_POINT('Ctrl Pts',(214.034742550968,-8.0509024701054,-11.1509024701054));
#5368=CARTESIAN_POINT('Ctrl Pts',(213.591551275843,-8.16833120273561,-11.2683312027356));
#5369=CARTESIAN_POINT('Origin',(235.45,-8.83883476483184,-8.83883476483184));
#5370=CARTESIAN_POINT('Origin',(221.45,-1.57954944338724E-20,4.62612640100464E-35));
#5371=CARTESIAN_POINT('Ctrl Pts',(222.449999999646,8.12848565760465,-12.6066538345269));
#5372=CARTESIAN_POINT('Ctrl Pts',(222.116734104567,8.1060106840587,-12.6211451684159));
#5373=CARTESIAN_POINT('Ctrl Pts',(221.783381529462,8.08516488548232,-12.6345001562698));
#5374=CARTESIAN_POINT('Ctrl Pts',(221.450000000021,8.06658861472626,-12.6463492012775));
#5375=CARTESIAN_POINT('Ctrl Pts',(222.449180943935,8.11018397562505,-12.2595404545634));
#5376=CARTESIAN_POINT('Ctrl Pts',(223.443908031049,8.28924315685756,-12.2731441462289));
#5377=CARTESIAN_POINT('Ctrl Pts',(225.420784194752,8.72910868017705,-12.2198269705516));
#5378=CARTESIAN_POINT('Ctrl Pts',(227.870559021704,9.36538985693637,-12.0085510335856));
#5379=CARTESIAN_POINT('Ctrl Pts',(229.814198247889,9.89444034534193,-11.7845977795061));
#5380=CARTESIAN_POINT('Ctrl Pts',(230.960306217941,10.2356261995331,-11.6139884868052));
#5381=CARTESIAN_POINT('Ctrl Pts',(231.65285012312,10.4960332060737,-11.4532668917626));
#5382=CARTESIAN_POINT('Ctrl Pts',(231.980903367383,10.647824425445,-11.3479880190018));
#5383=CARTESIAN_POINT('Ctrl Pts',(232.186406047766,10.7629923793751,-11.2615337368771));
#5384=CARTESIAN_POINT('Ctrl Pts',(232.344860177188,10.9077887774936,-11.1380902585318));
#5385=CARTESIAN_POINT('Ctrl Pts',(232.392029633566,11.0143642605296,-11.037068038122));
#5386=CARTESIAN_POINT('Ctrl Pts',(232.37626520224,11.0976137821442,-10.950477495174));
#5387=CARTESIAN_POINT('Ctrl Pts',(232.330669890063,11.1731853061362,-10.8672992032779));
#5388=CARTESIAN_POINT('Ctrl Pts',(232.195042905834,11.2815560875904,-10.7377258075687));
#5389=CARTESIAN_POINT('Ctrl Pts',(231.939019080775,11.3887630306176,-10.5915350827059));
#5390=CARTESIAN_POINT('Ctrl Pts',(231.661121170508,11.4689476247647,-10.4691757962413));
#5391=CARTESIAN_POINT('Ctrl Pts',(231.431924887317,11.5237228932632,-10.3795494028019));
#5392=CARTESIAN_POINT('Ctrl Pts',(230.850646766976,11.6478299961474,-10.1668924929613));
#5393=CARTESIAN_POINT('Ctrl Pts',(229.827241534753,11.7954917611693,-9.86114137268439));
#5394=CARTESIAN_POINT('Ctrl Pts',(227.878500973344,12.0124252277919,-9.33122309943536));
#5395=CARTESIAN_POINT('Ctrl Pts',(225.426621880243,12.2137045183913,-8.7048593040658));
#5396=CARTESIAN_POINT('Ctrl Pts',(223.445054420472,12.268675088694,-8.28044052895885));
#5397=CARTESIAN_POINT('Ctrl Pts',(222.448266113889,12.2595857214956,-8.11013487856751));
#5398=CARTESIAN_POINT('Ctrl Pts',(222.441793359763,8.14493145242311,-12.2774756674597));
#5399=CARTESIAN_POINT('Ctrl Pts',(223.43543101253,8.32726779698316,-12.2878393295204));
#5400=CARTESIAN_POINT('Ctrl Pts',(225.409717470097,8.77272876108127,-12.2265905246356));
#5401=CARTESIAN_POINT('Ctrl Pts',(227.856840903523,9.41222010929396,-12.0029350956567));
#5402=CARTESIAN_POINT('Ctrl Pts',(229.798071476058,9.94124578738024,-11.768613928127));
#5403=CARTESIAN_POINT('Ctrl Pts',(230.941209079499,10.2808388230049,-11.591561933367));
#5404=CARTESIAN_POINT('Ctrl Pts',(231.627638116013,10.5377873090606,-11.426864094727));
#5405=CARTESIAN_POINT('Ctrl Pts',(231.949423556204,10.6856608405644,-11.3206940117711));
#5406=CARTESIAN_POINT('Ctrl Pts',(232.148564120426,10.7966272738238,-11.2345408826475));
#5407=CARTESIAN_POINT('Ctrl Pts',(232.293730770422,10.9293077787564,-11.1181323186364));
#5408=CARTESIAN_POINT('Ctrl Pts',(232.332644519515,11.0186289697172,-11.0320819731333));
#5409=CARTESIAN_POINT('Ctrl Pts',(232.319637921643,11.0875650211734,-10.9608161752525));
#5410=CARTESIAN_POINT('Ctrl Pts',(232.280546854068,11.1534089114943,-10.889580228543));
#5411=CARTESIAN_POINT('Ctrl Pts',(232.156618647125,11.2548876883817,-10.771544897138));
#5412=CARTESIAN_POINT('Ctrl Pts',(231.908800669645,11.3619694724287,-10.6304925497232));
#5413=CARTESIAN_POINT('Ctrl Pts',(231.635263210139,11.4431172778449,-10.5109227655444));
#5414=CARTESIAN_POINT('Ctrl Pts',(231.408452005543,11.4991403120658,-10.4226382934493));
#5415=CARTESIAN_POINT('Ctrl Pts',(230.831815753329,11.6264739983927,-10.2126293977097));
#5416=CARTESIAN_POINT('Ctrl Pts',(229.81100409608,11.7800089115483,-9.90806471970052));
#5417=CARTESIAN_POINT('Ctrl Pts',(227.864908347866,12.0072152457148,-9.37819085483037));
#5418=CARTESIAN_POINT('Ctrl Pts',(225.415755490479,12.2207467784999,-8.74846569881342));
#5419=CARTESIAN_POINT('Ctrl Pts',(223.436942850822,12.2834796258415,-8.31852886610438));
#5420=CARTESIAN_POINT('Ctrl Pts',(222.441281367741,12.2775427665891,-8.1449817643966));
#5421=CARTESIAN_POINT('Ctrl Pts',(222.428700339984,8.20342999815739,-12.3351944010242));
#5422=CARTESIAN_POINT('Ctrl Pts',(223.420705511377,8.39396822493745,-12.3422172177156));
#5423=CARTESIAN_POINT('Ctrl Pts',(225.390704689032,8.85514890133994,-12.2710898466203));
#5424=CARTESIAN_POINT('Ctrl Pts',(227.831919719017,9.51042067898218,-12.0288205055851));
#5425=CARTESIAN_POINT('Ctrl Pts',(229.76725638622,10.048573450393,-11.776947461712));
#5426=CARTESIAN_POINT('Ctrl Pts',(230.903820143444,10.3916954587755,-11.5882334435514));
#5427=CARTESIAN_POINT('Ctrl Pts',(231.57769296792,10.647512320781,-11.4157357743365));
#5428=CARTESIAN_POINT('Ctrl Pts',(231.886789634366,10.7911018532445,-11.3075570852474));
#5429=CARTESIAN_POINT('Ctrl Pts',(232.073112277854,10.8964436059156,-11.2216445284677));
#5430=CARTESIAN_POINT('Ctrl Pts',(232.1916119791,11.0083523254784,-11.1182650891407));
#5431=CARTESIAN_POINT('Ctrl Pts',(232.213975243422,11.0654119428062,-11.0607904155079));
#5432=CARTESIAN_POINT('Ctrl Pts',(232.206497293467,11.1070409416712,-11.0185344898603));
#5433=CARTESIAN_POINT('Ctrl Pts',(232.180448301671,11.1543823365064,-10.9693994674434));
#5434=CARTESIAN_POINT('Ctrl Pts',(232.079996320032,11.2429996018914,-10.8713812921061));
#5435=CARTESIAN_POINT('Ctrl Pts',(231.848704951142,11.3502528646826,-10.7371027197463));
#5436=CARTESIAN_POINT('Ctrl Pts',(231.584013279913,11.433413958489,-10.6203152061177));
#5437=CARTESIAN_POINT('Ctrl Pts',(231.362083075536,11.4918818700891,-10.5327205016923));
#5438=CARTESIAN_POINT('Ctrl Pts',(230.795015025018,11.6254078585802,-10.3234003427432));
#5439=CARTESIAN_POINT('Ctrl Pts',(229.779909397949,11.7895681365357,-10.0153230696161));
#5440=CARTESIAN_POINT('Ctrl Pts',(227.840192876002,12.0340144688465,-9.47634880377783));
#5441=CARTESIAN_POINT('Ctrl Pts',(225.397092720643,12.2658381017885,-8.83072193025246));
#5442=CARTESIAN_POINT('Ctrl Pts',(223.422935579816,12.3380849143856,-8.3852734600372));
#5443=CARTESIAN_POINT('Ctrl Pts',(222.428995290164,12.3353315969662,-8.20366372025678));
#5444=CARTESIAN_POINT('Ctrl Pts',(222.420837809929,8.22815911069764,-12.4572929060245));
#5445=CARTESIAN_POINT('Ctrl Pts',(223.413389325148,8.42924862317304,-12.4678623422839));
#5446=CARTESIAN_POINT('Ctrl Pts',(225.383040868003,8.91338205526294,-12.4011368099833));
#5447=CARTESIAN_POINT('Ctrl Pts',(227.820193179406,9.59811576337152,-12.1578951493404));
#5448=CARTESIAN_POINT('Ctrl Pts',(229.750980657538,10.1594652378604,-11.9019291303353));
#5449=CARTESIAN_POINT('Ctrl Pts',(230.883788226866,10.5170165136054,-11.7093921321563));
#5450=CARTESIAN_POINT('Ctrl Pts',(231.552294623311,10.7830587565208,-11.5335036897396));
#5451=CARTESIAN_POINT('Ctrl Pts',(231.856351086744,10.9314331995412,-11.4238826623305));
#5452=CARTESIAN_POINT('Ctrl Pts',(232.037705630587,11.0396168341537,-11.3372890017455));
#5453=CARTESIAN_POINT('Ctrl Pts',(232.146127007162,11.1498799554576,-11.2368922608095));
#5454=CARTESIAN_POINT('Ctrl Pts',(232.162286481197,11.1988933516277,-11.1876410425574));
#5455=CARTESIAN_POINT('Ctrl Pts',(232.156878476841,11.232692086903,-11.1532842708947));
#5456=CARTESIAN_POINT('Ctrl Pts',(232.135723629182,11.2748291911094,-11.1092311970275));
#5457=CARTESIAN_POINT('Ctrl Pts',(232.044136512101,11.3603117482122,-11.0132762541775));
#5458=CARTESIAN_POINT('Ctrl Pts',(231.819239832794,11.468531966388,-10.8752899999202));
#5459=CARTESIAN_POINT('Ctrl Pts',(231.558111042043,11.5528542159322,-10.7544667506826));
#5460=CARTESIAN_POINT('Ctrl Pts',(231.338228057478,11.6123951695034,-10.6634776665125));
#5461=CARTESIAN_POINT('Ctrl Pts',(230.775321160118,11.7484334102504,-10.4458621337336));
#5462=CARTESIAN_POINT('Ctrl Pts',(229.763524110262,11.9159056784676,-10.1247713325754));
#5463=CARTESIAN_POINT('Ctrl Pts',(227.828589542537,12.1640621176303,-9.56271857872345));
#5464=CARTESIAN_POINT('Ctrl Pts',(225.389738577745,12.3963798907395,-8.88804878059286));
#5465=CARTESIAN_POINT('Ctrl Pts',(223.416267545067,12.463928454614,-8.42028924174646));
#5466=CARTESIAN_POINT('Ctrl Pts',(222.421938238828,12.4575429871002,-8.22849229009792));
#5467=CARTESIAN_POINT('Ctrl Pts',(222.426392584143,8.18899031773955,-12.5534565682848));
#5468=CARTESIAN_POINT('Ctrl Pts',(223.421925536125,8.39381645063377,-12.570373990624));
#5469=CARTESIAN_POINT('Ctrl Pts',(225.396808419635,8.88701084295751,-12.515653595911));
#5470=CARTESIAN_POINT('Ctrl Pts',(227.836780957602,9.58458723016822,-12.2860568744834));
#5471=CARTESIAN_POINT('Ctrl Pts',(229.770248805893,10.1570030171346,-12.0401832790326));
#5472=CARTESIAN_POINT('Ctrl Pts',(230.907528265761,10.5228040920599,-11.8533526147626));
#5473=CARTESIAN_POINT('Ctrl Pts',(231.586322566832,10.7981055891622,-11.6799972225465));
#5474=CARTESIAN_POINT('Ctrl Pts',(231.901098832717,10.9549577711712,-11.5693510199172));
#5475=CARTESIAN_POINT('Ctrl Pts',(232.093386442015,11.0715947095388,-11.4802762407953));
#5476=CARTESIAN_POINT('Ctrl Pts',(232.22473771366,11.2042510551259,-11.365315583976));
#5477=CARTESIAN_POINT('Ctrl Pts',(232.255160949449,11.2843113946167,-11.2885635343446));
#5478=CARTESIAN_POINT('Ctrl Pts',(232.244984984857,11.3440691551409,-11.2266125497743));
#5479=CARTESIAN_POINT('Ctrl Pts',(232.212591356402,11.4042820376118,-11.1609753314618));
#5480=CARTESIAN_POINT('Ctrl Pts',(232.100809770955,11.5037833303879,-11.043755355241));
#5481=CARTESIAN_POINT('Ctrl Pts',(231.861806189336,11.6146717495557,-10.8953583178861));
#5482=CARTESIAN_POINT('Ctrl Pts',(231.593242642691,11.699356701836,-10.7682789153306));
#5483=CARTESIAN_POINT('Ctrl Pts',(231.36933109965,11.7582131810637,-10.6738416830366));
#5484=CARTESIAN_POINT('Ctrl Pts',(230.798660262536,11.8921348520304,-10.4488307634613));
#5485=CARTESIAN_POINT('Ctrl Pts',(229.783012199348,12.0542174428793,-10.1207252124596));
#5486=CARTESIAN_POINT('Ctrl Pts',(227.845069372697,12.2922686105276,-9.54759394547478));
#5487=CARTESIAN_POINT('Ctrl Pts',(225.403467379421,12.5107647755359,-8.86070153033089));
#5488=CARTESIAN_POINT('Ctrl Pts',(223.424783015581,12.5663672014768,-8.38441822219686));
#5489=CARTESIAN_POINT('Ctrl Pts',(222.427595859553,12.5537333090063,-8.18922246390908));
#5490=CARTESIAN_POINT('Ctrl Pts',(222.434293994085,8.14474967521654,-12.5937682288251));
#5491=CARTESIAN_POINT('Ctrl Pts',(223.432219978703,8.34943122732541,-12.6138278277574));
#5492=CARTESIAN_POINT('Ctrl Pts',(225.411501417995,8.84304518365866,-12.5654057866286));
#5493=CARTESIAN_POINT('Ctrl Pts',(227.854783353182,9.54098250772655,-12.3432707952392));
#5494=CARTESIAN_POINT('Ctrl Pts',(229.79158136229,10.113796628095,-12.103079969346));
#5495=CARTESIAN_POINT('Ctrl Pts',(230.933391456417,10.4805245170102,-11.9193219554218));
#5496=CARTESIAN_POINT('Ctrl Pts',(231.621608099606,10.7587742969445,-11.7468271624712));
#5497=CARTESIAN_POINT('Ctrl Pts',(231.945994507124,10.9199618146014,-11.6346014929265));
#5498=CARTESIAN_POINT('Ctrl Pts',(232.148014148443,11.0416248987843,-11.542912719342));
#5499=CARTESIAN_POINT('Ctrl Pts',(232.299600513704,11.1910736713827,-11.4150748901809));
#5500=CARTESIAN_POINT('Ctrl Pts',(232.342571230169,11.2966910196416,-11.3147653013788));
#5501=CARTESIAN_POINT('Ctrl Pts',(232.328203028178,11.3784911606936,-11.22972574294));
#5502=CARTESIAN_POINT('Ctrl Pts',(232.285918795908,11.4542261196654,-11.1465075971051));
#5503=CARTESIAN_POINT('Ctrl Pts',(232.156322224084,11.5661043506143,-11.0131366794926));
#5504=CARTESIAN_POINT('Ctrl Pts',(231.904769377975,11.6799150295138,-10.8586086551784));
#5505=CARTESIAN_POINT('Ctrl Pts',(231.629514819738,11.7655081124116,-10.7284913046533));
#5506=CARTESIAN_POINT('Ctrl Pts',(231.401933881998,11.8242390144436,-10.6328008386077));
#5507=CARTESIAN_POINT('Ctrl Pts',(230.824118691057,11.957457888239,-10.4054370883908));
#5508=CARTESIAN_POINT('Ctrl Pts',(229.804549680393,12.116573091472,-10.0767194182805));
#5509=CARTESIAN_POINT('Ctrl Pts',(227.86293509253,12.3490905437788,-9.50313604935802));
#5510=CARTESIAN_POINT('Ctrl Pts',(225.417994402399,12.5601460773678,-8.81617902232453));
#5511=CARTESIAN_POINT('Ctrl Pts',(223.434813633624,12.6096553655164,-8.3397508996193));
#5512=CARTESIAN_POINT('Ctrl Pts',(222.435287188725,12.5940092531869,-8.14486152334962));
#5513=CARTESIAN_POINT('Ctrl Pts',(222.437301361399,8.128430240553,-12.6047473292183));
#5514=CARTESIAN_POINT('Ctrl Pts',(223.436041115809,8.33288451419375,-12.6257087016379));
#5515=CARTESIAN_POINT('Ctrl Pts',(225.41684441116,8.82614123640095,-12.5790214866297));
#5516=CARTESIAN_POINT('Ctrl Pts',(227.861270873862,9.52362921066486,-12.3589860756438));
#5517=CARTESIAN_POINT('Ctrl Pts',(229.799219123254,10.0960954363347,-12.1203389894454));
#5518=CARTESIAN_POINT('Ctrl Pts',(230.942555480901,10.4628547448658,-11.9373859241529));
#5519=CARTESIAN_POINT('Ctrl Pts',(231.633907862564,10.7418754977538,-11.7650051293336));
#5520=CARTESIAN_POINT('Ctrl Pts',(231.961480533413,10.9043840290396,-11.6521614085813));
#5521=CARTESIAN_POINT('Ctrl Pts',(232.166724000668,11.027625015193,-11.5595355146147));
#5522=CARTESIAN_POINT('Ctrl Pts',(232.325001818411,11.1825342930041,-11.4273693600702));
#5523=CARTESIAN_POINT('Ctrl Pts',(232.372119007553,11.2965568992834,-11.3192542408947));
#5524=CARTESIAN_POINT('Ctrl Pts',(232.356365593395,11.3856428430556,-11.2266039306883));
#5525=CARTESIAN_POINT('Ctrl Pts',(232.310812610346,11.4665281660866,-11.1376101953501));
#5526=CARTESIAN_POINT('Ctrl Pts',(232.175325123542,11.58256052055,-10.9989790129147));
#5527=CARTESIAN_POINT('Ctrl Pts',(231.919615198059,11.6974314717042,-10.842528645902));
#5528=CARTESIAN_POINT('Ctrl Pts',(231.642139545317,11.7834052052083,-10.7114984145364));
#5529=CARTESIAN_POINT('Ctrl Pts',(231.41333933067,11.8421515678344,-10.6154603699991));
#5530=CARTESIAN_POINT('Ctrl Pts',(230.833145600188,11.9752756273245,-10.387482112049));
#5531=CARTESIAN_POINT('Ctrl Pts',(229.812242367288,12.1336264599685,-10.0588263269648));
#5532=CARTESIAN_POINT('Ctrl Pts',(227.869365039848,12.36464830303,-9.4855525997007));
#5533=CARTESIAN_POINT('Ctrl Pts',(225.42325982608,12.5736282778458,-8.79912879272069));
#5534=CARTESIAN_POINT('Ctrl Pts',(223.438523809165,12.6214698069771,-8.32311355104317));
#5535=CARTESIAN_POINT('Ctrl Pts',(222.438198319172,12.604970800561,-8.12849825049576));
#5536=CARTESIAN_POINT('',(222.449180944052,8.11018397564604,-12.259540454565));
#5537=CARTESIAN_POINT('Ctrl Pts',(222.449826520356,8.13099516740206,-12.6050068848332));
#5538=CARTESIAN_POINT('Ctrl Pts',(222.448290766244,8.1419883597482,-12.5976637230145));
#5539=CARTESIAN_POINT('Ctrl Pts',(222.446850733512,8.15212699305338,-12.5891931518525));
#5540=CARTESIAN_POINT('Ctrl Pts',(222.445524090913,8.1613458720207,-12.5797929918813));
#5541=CARTESIAN_POINT('Ctrl Pts',(222.444258417715,8.17014107280169,-12.5708248413487));
#5542=CARTESIAN_POINT('Ctrl Pts',(222.443095856008,8.17809957407367,-12.5610090739368));
#5543=CARTESIAN_POINT('Ctrl Pts',(222.44205251773,8.18513321381144,-12.5504866088738));
#5544=CARTESIAN_POINT('Ctrl Pts',(222.44095070629,8.19256104894837,-12.5393744196466));
#5545=CARTESIAN_POINT('Ctrl Pts',(222.439992817644,8.198884083865,-12.5275847744163));
#5546=CARTESIAN_POINT('Ctrl Pts',(222.43919123495,8.20401980879267,-12.5152988459103));
#5547=CARTESIAN_POINT('Ctrl Pts',(222.438440340586,8.20883077455879,-12.5037898219109));
#5548=CARTESIAN_POINT('Ctrl Pts',(222.437826530969,8.2126001023962,-12.4918438861206));
#5549=CARTESIAN_POINT('Ctrl Pts',(222.43736187961,8.21522166162113,-12.4795941245344));
#5550=CARTESIAN_POINT('Ctrl Pts',(222.437092716321,8.21674027873135,-12.4724980813232));
#5551=CARTESIAN_POINT('Ctrl Pts',(222.436875092217,8.21786477168835,-12.4653380262798));
#5552=CARTESIAN_POINT('Ctrl Pts',(222.436710084194,8.21858068769689,-12.4581412532602));
#5553=CARTESIAN_POINT('Ctrl Pts',(222.436407901558,8.2198917596249,-12.4449616526288));
#5554=CARTESIAN_POINT('Ctrl Pts',(222.436281950564,8.21983584264518,-12.4316587151903));
#5555=CARTESIAN_POINT('Ctrl Pts',(222.436330283607,8.21847720746518,-12.418436913776));
#5556=CARTESIAN_POINT('Ctrl Pts',(222.436349830335,8.21792775162894,-12.4130897859674));
#5557=CARTESIAN_POINT('Ctrl Pts',(222.436397922437,8.21716462717641,-12.407755923738));
#5558=CARTESIAN_POINT('Ctrl Pts',(222.436474607903,8.21618971838567,-12.4024492459187));
#5559=CARTESIAN_POINT('Ctrl Pts',(222.436664838561,8.21377129999688,-12.3892851762709));
#5560=CARTESIAN_POINT('Ctrl Pts',(222.437028826359,8.21007686911246,-12.376416335808));
#5561=CARTESIAN_POINT('Ctrl Pts',(222.437559695279,8.20517394198028,-12.3640465686308));
#5562=CARTESIAN_POINT('Ctrl Pts',(222.437883770844,8.20218088886002,-12.3564952897216));
#5563=CARTESIAN_POINT('Ctrl Pts',(222.438270106767,8.19873642002736,-12.3491299674719));
#5564=CARTESIAN_POINT('Ctrl Pts',(222.43871787922,8.19484684726217,-12.341999985554));
#5565=CARTESIAN_POINT('Ctrl Pts',(222.438966347958,8.19268852504088,-12.3380435617153));
#5566=CARTESIAN_POINT('Ctrl Pts',(222.439233744972,8.19039302681336,-12.3341596686096));
#5567=CARTESIAN_POINT('Ctrl Pts',(222.439519556623,8.1879651201697,-12.3303537621817));
#5568=CARTESIAN_POINT('Ctrl Pts',(222.440361811681,8.18081035009817,-12.3191381804471));
#5569=CARTESIAN_POINT('Ctrl Pts',(222.441356818793,8.1725665250957,-12.3086878497515));
#5570=CARTESIAN_POINT('Ctrl Pts',(222.442486536741,8.16337989527007,-12.2991267748008));
#5571=CARTESIAN_POINT('Ctrl Pts',(222.442840199712,8.16050398203267,-12.2961336399368));
#5572=CARTESIAN_POINT('Ctrl Pts',(222.443207095316,8.15753536172674,-12.2932278843816));
#5573=CARTESIAN_POINT('Ctrl Pts',(222.443586751396,8.15447776687409,-12.2904140308873));
#5574=CARTESIAN_POINT('Ctrl Pts',(222.444797852866,8.144724050767,-12.2814378487989));
#5575=CARTESIAN_POINT('Ctrl Pts',(222.446130721658,8.13412992183728,-12.273451450794));
#5576=CARTESIAN_POINT('Ctrl Pts',(222.44756779941,8.12282732778848,-12.2665896098406));
#5577=CARTESIAN_POINT('Ctrl Pts',(222.448021464951,8.11925925539993,-12.2644234216953));
#5578=CARTESIAN_POINT('Ctrl Pts',(222.448485544616,8.11562033975773,-12.2623696066749));
#5579=CARTESIAN_POINT('Ctrl Pts',(222.4489595637,8.11191416375484,-12.2604333345816));
#5580=CARTESIAN_POINT('Ctrl Pts',(222.449033132437,8.11133895761104,-12.2601328211674));
#5581=CARTESIAN_POINT('Ctrl Pts',(222.449106922034,8.11076222300635,-12.259835188744));
#5582=CARTESIAN_POINT('Ctrl Pts',(222.449180943897,8.11018397647272,-12.2595404549901));
#5583=CARTESIAN_POINT('',(222.448266113889,12.2595857214959,-8.11013487856812));
#5584=CARTESIAN_POINT('Ctrl Pts',(222.449180943935,8.11018397562505,-12.2595404545634));
#5585=CARTESIAN_POINT('Ctrl Pts',(223.443908031049,8.28924315685756,-12.2731441462289));
#5586=CARTESIAN_POINT('Ctrl Pts',(225.420784194752,8.72910868017705,-12.2198269705516));
#5587=CARTESIAN_POINT('Ctrl Pts',(227.870559021704,9.36538985693637,-12.0085510335856));
#5588=CARTESIAN_POINT('Ctrl Pts',(229.814198247889,9.89444034534193,-11.7845977795061));
#5589=CARTESIAN_POINT('Ctrl Pts',(230.960306217941,10.2356261995331,-11.6139884868052));
#5590=CARTESIAN_POINT('Ctrl Pts',(231.65285012312,10.4960332060737,-11.4532668917626));
#5591=CARTESIAN_POINT('Ctrl Pts',(231.980903367383,10.647824425445,-11.3479880190018));
#5592=CARTESIAN_POINT('Ctrl Pts',(232.186406047766,10.7629923793751,-11.2615337368771));
#5593=CARTESIAN_POINT('Ctrl Pts',(232.344860177188,10.9077887774936,-11.1380902585318));
#5594=CARTESIAN_POINT('Ctrl Pts',(232.392029633566,11.0143642605296,-11.037068038122));
#5595=CARTESIAN_POINT('Ctrl Pts',(232.37626520224,11.0976137821442,-10.950477495174));
#5596=CARTESIAN_POINT('Ctrl Pts',(232.330669890063,11.1731853061362,-10.8672992032779));
#5597=CARTESIAN_POINT('Ctrl Pts',(232.195042905834,11.2815560875904,-10.7377258075687));
#5598=CARTESIAN_POINT('Ctrl Pts',(231.939019080775,11.3887630306176,-10.5915350827059));
#5599=CARTESIAN_POINT('Ctrl Pts',(231.661121170508,11.4689476247647,-10.4691757962413));
#5600=CARTESIAN_POINT('Ctrl Pts',(231.431924887317,11.5237228932632,-10.3795494028019));
#5601=CARTESIAN_POINT('Ctrl Pts',(230.850646766976,11.6478299961474,-10.1668924929613));
#5602=CARTESIAN_POINT('Ctrl Pts',(229.827241534753,11.7954917611693,-9.86114137268439));
#5603=CARTESIAN_POINT('Ctrl Pts',(227.878500973344,12.0124252277919,-9.33122309943536));
#5604=CARTESIAN_POINT('Ctrl Pts',(225.426621880243,12.2137045183913,-8.7048593040658));
#5605=CARTESIAN_POINT('Ctrl Pts',(223.445054420472,12.268675088694,-8.28044052895885));
#5606=CARTESIAN_POINT('Ctrl Pts',(222.448266113889,12.2595857214956,-8.11013487856751));
#5607=CARTESIAN_POINT('Ctrl Pts',(222.448266113889,12.2595857214956,-8.11013487856751));
#5608=CARTESIAN_POINT('Ctrl Pts',(222.44819548825,12.2598804246579,-8.11071348633629));
#5609=CARTESIAN_POINT('Ctrl Pts',(222.448125088292,12.2601780554732,-8.11129061596377));
#5610=CARTESIAN_POINT('Ctrl Pts',(222.448054915697,12.260478595446,-8.11186625193833));
#5611=CARTESIAN_POINT('Ctrl Pts',(222.446626307486,12.2665971360511,-8.12358533226815));
#5612=CARTESIAN_POINT('Ctrl Pts',(222.445296336732,12.2738972129518,-8.13464856919319));
#5613=CARTESIAN_POINT('Ctrl Pts',(222.444079450407,12.2822244685724,-8.14492504529374));
#5614=CARTESIAN_POINT('Ctrl Pts',(222.443688724488,12.2848982389523,-8.14822468429356));
#5615=CARTESIAN_POINT('Ctrl Pts',(222.443309690877,12.28767825321,-8.15144299986722));
#5616=CARTESIAN_POINT('Ctrl Pts',(222.442942944898,12.2905602792533,-8.15457495640206));
#5617=CARTESIAN_POINT('Ctrl Pts',(222.441799053006,12.2995494063614,-8.16434362433429));
#5618=CARTESIAN_POINT('Ctrl Pts',(222.440781560762,12.3094704035167,-8.1732120572128));
#5619=CARTESIAN_POINT('Ctrl Pts',(222.439907651779,12.3201829617824,-8.18103813617243));
#5620=CARTESIAN_POINT('Ctrl Pts',(222.439629420384,12.3235935801546,-8.18352976963846));
#5621=CARTESIAN_POINT('Ctrl Pts',(222.439365791944,12.3270847004253,-8.18591546182939));
#5622=CARTESIAN_POINT('Ctrl Pts',(222.439117479036,12.3306524427956,-8.18818972702771));
#5623=CARTESIAN_POINT('Ctrl Pts',(222.438875205814,12.3341334073807,-8.19040867553661));
#5624=CARTESIAN_POINT('Ctrl Pts',(222.43864810957,12.3376786269241,-8.19251600724848));
#5625=CARTESIAN_POINT('Ctrl Pts',(222.438436709727,12.3412837383895,-8.19450784143236));
#5626=CARTESIAN_POINT('Ctrl Pts',(222.437754357988,12.352920237437,-8.20093703975422));
#5627=CARTESIAN_POINT('Ctrl Pts',(222.437234897676,12.3651788805594,-8.20616653223865));
#5628=CARTESIAN_POINT('Ctrl Pts',(222.436876908871,12.3778563306317,-8.21016986003107));
#5629=CARTESIAN_POINT('Ctrl Pts',(222.436646961069,12.3859994673469,-8.21274132711188));
#5630=CARTESIAN_POINT('Ctrl Pts',(222.436483794414,12.3943160525271,-8.21480597339122));
#5631=CARTESIAN_POINT('Ctrl Pts',(222.436389007423,12.4027549649888,-8.21634599012019));
#5632=CARTESIAN_POINT('Ctrl Pts',(222.436241510349,12.4158866710393,-8.21874239452531));
#5633=CARTESIAN_POINT('Ctrl Pts',(222.436260516194,12.4291861842235,-8.21984753411338));
#5634=CARTESIAN_POINT('Ctrl Pts',(222.436450178153,12.4424551697343,-8.21962755305398));
#5635=CARTESIAN_POINT('Ctrl Pts',(222.436517182654,12.4471428876158,-8.21954983730511));
#5636=CARTESIAN_POINT('Ctrl Pts',(222.436605570563,12.4518268882583,-8.21930627808984));
#5637=CARTESIAN_POINT('Ctrl Pts',(222.436715812501,12.4564985106227,-8.21889384532448));
#5638=CARTESIAN_POINT('Ctrl Pts',(222.436901622762,12.4643724230652,-8.21819869934957));
#5639=CARTESIAN_POINT('Ctrl Pts',(222.437149455807,12.4722113202231,-8.21702412162201));
#5640=CARTESIAN_POINT('Ctrl Pts',(222.437456169548,12.4799757985137,-8.21538356544966));
#5641=CARTESIAN_POINT('Ctrl Pts',(222.437971892858,12.4930313676606,-8.21262505499398));
#5642=CARTESIAN_POINT('Ctrl Pts',(222.43864844586,12.505748649257,-8.2085791187038));
#5643=CARTESIAN_POINT('Ctrl Pts',(222.439469299005,12.5179481684342,-8.20334536902688));
#5644=CARTESIAN_POINT('Ctrl Pts',(222.4402450177,12.529476899442,-8.19839939604952));
#5645=CARTESIAN_POINT('Ctrl Pts',(222.441149758066,12.5405444242538,-8.1923917065849));
#5646=CARTESIAN_POINT('Ctrl Pts',(222.442177172234,12.5509822059916,-8.185367914494));
#5647=CARTESIAN_POINT('Ctrl Pts',(222.442666941743,12.5559579084864,-8.18201966476935));
#5648=CARTESIAN_POINT('Ctrl Pts',(222.443182529025,12.5607680563955,-8.17845485178196));
#5649=CARTESIAN_POINT('Ctrl Pts',(222.443723087197,12.5653964766606,-8.17468163996159));
#5650=CARTESIAN_POINT('Ctrl Pts',(222.444920663677,12.57565048359,-8.1663222996389));
#5651=CARTESIAN_POINT('Ctrl Pts',(222.44624027444,12.5850151035334,-8.15694259184331));
#5652=CARTESIAN_POINT('Ctrl Pts',(222.447655165616,12.593382059323,-8.14671667320339));
#5653=CARTESIAN_POINT('Ctrl Pts',(222.448362353399,12.5975640126926,-8.14160557712627));
#5654=CARTESIAN_POINT('Ctrl Pts',(222.449093472056,12.6014961824804,-8.13628246895547));
#5655=CARTESIAN_POINT('Ctrl Pts',(222.449845790872,12.6051610895373,-8.13076631871341));
#5656=CARTESIAN_POINT('Ctrl Pts',(221.43689994128,8.06151866987104,-12.306478677256));
#5657=CARTESIAN_POINT('Ctrl Pts',(221.774210491039,8.07564485573903,-12.2920127462065));
#5658=CARTESIAN_POINT('Ctrl Pts',(222.111655412387,8.09206783979223,-12.2762423150903));
#5659=CARTESIAN_POINT('Ctrl Pts',(222.449180944028,8.11018397647972,-12.2595404549836));
#5660=CARTESIAN_POINT('Ctrl Pts',(221.435775372081,8.0947026501188,-12.3264233639793));
#5661=CARTESIAN_POINT('Ctrl Pts',(221.772923975621,8.10973054149722,-12.311342101588));
#5662=CARTESIAN_POINT('Ctrl Pts',(222.110204546053,8.12701442192604,-12.2949275903667));
#5663=CARTESIAN_POINT('Ctrl Pts',(222.447570650339,8.14594956521047,-12.277543754115));
#5664=CARTESIAN_POINT('Ctrl Pts',(221.434883504322,8.14890090820419,-12.3859516972097));
#5665=CARTESIAN_POINT('Ctrl Pts',(221.771839129463,8.16594724928292,-12.370434669533));
#5666=CARTESIAN_POINT('Ctrl Pts',(222.10890734368,8.18518900596401,-12.3534784853774));
#5667=CARTESIAN_POINT('Ctrl Pts',(222.446055340438,8.20605511885399,-12.3355002547911));
#5668=CARTESIAN_POINT('Ctrl Pts',(221.438529244961,8.1717421792964,-12.5257617863583));
#5669=CARTESIAN_POINT('Ctrl Pts',(221.775717929749,8.19124169133944,-12.5116996238778));
#5670=CARTESIAN_POINT('Ctrl Pts',(222.112957833262,8.21299860489844,-12.4961096808384));
#5671=CARTESIAN_POINT('Ctrl Pts',(222.450220492056,8.23635774812152,-12.4793783456486));
#5672=CARTESIAN_POINT('Ctrl Pts',(221.444762522925,8.11538671931586,-12.6152233287624));
#5673=CARTESIAN_POINT('Ctrl Pts',(221.782538191875,8.13476640544453,-12.6027936392682));
#5674=CARTESIAN_POINT('Ctrl Pts',(222.1203199423,8.15637404129733,-12.5887633814092));
#5675=CARTESIAN_POINT('Ctrl Pts',(222.458048334035,8.17970869381927,-12.5736214489825));
#5676=CARTESIAN_POINT('Ctrl Pts',(221.448541780952,8.0665073761436,-12.6464010196823));
#5677=CARTESIAN_POINT('Ctrl Pts',(221.786678129625,8.08534187050877,-12.634387436728));
#5678=CARTESIAN_POINT('Ctrl Pts',(222.124784778754,8.1065120514393,-12.6208240943176));
#5679=CARTESIAN_POINT('Ctrl Pts',(222.46280149738,8.12934977506271,-12.6060966295951));
#5680=CARTESIAN_POINT('',(221.450775823903,8.06210106253784,-12.3058828666202));
#5681=CARTESIAN_POINT('Ctrl Pts',(221.450775826029,8.06210106713188,-12.305882863168));
#5682=CARTESIAN_POINT('Ctrl Pts',(221.783464730651,8.07609556457471,-12.2915800764662));
#5683=CARTESIAN_POINT('Ctrl Pts',(222.116283629959,8.09231625188048,-12.2760132958453));
#5684=CARTESIAN_POINT('Ctrl Pts',(222.449180944028,8.11018397647972,-12.2595404549836));
#5685=CARTESIAN_POINT('Ctrl Pts',(221.450775760004,8.06210105919964,-12.3058828889252));
#5686=CARTESIAN_POINT('Ctrl Pts',(221.450714367515,8.06263438895394,-12.3062056299413));
#5687=CARTESIAN_POINT('Ctrl Pts',(221.450653164669,8.0631661413665,-12.3065309492543));
#5688=CARTESIAN_POINT('Ctrl Pts',(221.450592136887,8.06369630356538,-12.3068588302034));
#5689=CARTESIAN_POINT('Ctrl Pts',(221.44929827375,8.0749363865023,-12.3138103048061));
#5690=CARTESIAN_POINT('Ctrl Pts',(221.448090101754,8.08543181909183,-12.3218893121208));
#5691=CARTESIAN_POINT('Ctrl Pts',(221.446979796995,8.09506885202658,-12.3309374313717));
#5692=CARTESIAN_POINT('Ctrl Pts',(221.446809581302,8.09654626102161,-12.3323245567307));
#5693=CARTESIAN_POINT('Ctrl Pts',(221.446641673778,8.0980034334861,-12.3337345361808));
#5694=CARTESIAN_POINT('Ctrl Pts',(221.446476128179,8.09943988697376,-12.3351668768717));
#5695=CARTESIAN_POINT('Ctrl Pts',(221.445391799682,8.10884869916993,-12.3445487501293));
#5696=CARTESIAN_POINT('Ctrl Pts',(221.444414422137,8.11731894720716,-12.3548345088535));
#5697=CARTESIAN_POINT('Ctrl Pts',(221.443558470841,8.12472477565232,-12.3658756456878));
#5698=CARTESIAN_POINT('Ctrl Pts',(221.443431192066,8.12582601210514,-12.367517447473));
#5699=CARTESIAN_POINT('Ctrl Pts',(221.443306608872,8.12690363941097,-12.3691760091661));
#5700=CARTESIAN_POINT('Ctrl Pts',(221.443184781111,8.1279571619127,-12.3708508970484));
#5701=CARTESIAN_POINT('Ctrl Pts',(221.442733000289,8.13186399939889,-12.3770619791589));
#5702=CARTESIAN_POINT('Ctrl Pts',(221.442320941672,8.13542322363038,-12.3834712669154));
#5703=CARTESIAN_POINT('Ctrl Pts',(221.441951075143,8.13861570216141,-12.3900531396904));
#5704=CARTESIAN_POINT('Ctrl Pts',(221.441280799161,8.14440114505472,-12.4019808781858));
#5705=CARTESIAN_POINT('Ctrl Pts',(221.440748597367,8.14898516190071,-12.4144746419933));
#5706=CARTESIAN_POINT('Ctrl Pts',(221.440359395996,8.15231863276455,-12.427335034471));
#5707=CARTESIAN_POINT('Ctrl Pts',(221.440202146117,8.15366546226599,-12.4325310468847));
#5708=CARTESIAN_POINT('Ctrl Pts',(221.440068328592,8.15480759497919,-12.4377870980101));
#5709=CARTESIAN_POINT('Ctrl Pts',(221.439958661751,8.1557394280978,-12.4430904107732));
#5710=CARTESIAN_POINT('Ctrl Pts',(221.439748736262,8.15752315342352,-12.4532420710831));
#5711=CARTESIAN_POINT('Ctrl Pts',(221.439628651234,8.15852400410706,-12.4634906280837));
#5712=CARTESIAN_POINT('Ctrl Pts',(221.439601811888,8.15872372793087,-12.473743365189));
#5713=CARTESIAN_POINT('Ctrl Pts',(221.439567035305,8.15898251636063,-12.4870281585883));
#5714=CARTESIAN_POINT('Ctrl Pts',(221.439688469358,8.1578980278927,-12.500321114879));
#5715=CARTESIAN_POINT('Ctrl Pts',(221.439957352986,8.15551915184393,-12.5134325220399));
#5716=CARTESIAN_POINT('Ctrl Pts',(221.4400045337,8.15510173308638,-12.5157331661991));
#5717=CARTESIAN_POINT('Ctrl Pts',(221.440056276673,8.1546443366346,-12.5180281918748));
#5718=CARTESIAN_POINT('Ctrl Pts',(221.440112563072,8.1541470711609,-12.5203165239046));
#5719=CARTESIAN_POINT('Ctrl Pts',(221.440433201726,8.15131437025788,-12.5333521367713));
#5720=CARTESIAN_POINT('Ctrl Pts',(221.440897376519,8.14721971978988,-12.5460436465516));
#5721=CARTESIAN_POINT('Ctrl Pts',(221.441498631169,8.14192812085246,-12.5582046799843));
#5722=CARTESIAN_POINT('Ctrl Pts',(221.441932903581,8.13810612057934,-12.5669883148838));
#5723=CARTESIAN_POINT('Ctrl Pts',(221.442438880627,8.13365854665762,-12.5754953609642));
#5724=CARTESIAN_POINT('Ctrl Pts',(221.443017032917,8.12859444852233,-12.5836492304106));
#5725=CARTESIAN_POINT('Ctrl Pts',(221.443196519155,8.12702230925153,-12.5861805830865));
#5726=CARTESIAN_POINT('Ctrl Pts',(221.44338297922,8.12539066156292,-12.5886778340451));
#5727=CARTESIAN_POINT('Ctrl Pts',(221.443576189324,8.12370101166966,-12.5911392520297));
#5728=CARTESIAN_POINT('Ctrl Pts',(221.444436831391,8.11617457414874,-12.6021034812155));
#5729=CARTESIAN_POINT('Ctrl Pts',(221.445422282498,8.10757476936662,-12.6122513706962));
#5730=CARTESIAN_POINT('Ctrl Pts',(221.446510771255,8.098071813386,-12.621458063262));
#5731=CARTESIAN_POINT('Ctrl Pts',(221.447546060605,8.08903331018358,-12.6302147827932));
#5732=CARTESIAN_POINT('Ctrl Pts',(221.448674768246,8.07917643111053,-12.6381208307187));
#5733=CARTESIAN_POINT('Ctrl Pts',(221.449884581143,8.06861764039216,-12.645037625983));
#5734=CARTESIAN_POINT('Ctrl Pts',(222.448266113889,12.2595857214959,-8.11013487856812));
#5735=CARTESIAN_POINT('Ctrl Pts',(222.111043224602,12.2762709427381,-8.09203802008065));
#5736=CARTESIAN_POINT('Ctrl Pts',(221.773904169861,12.2920258832523,-8.07563202712747));
#5737=CARTESIAN_POINT('Ctrl Pts',(221.436899891219,12.3064786794029,-8.06151866777455));
#5738=CARTESIAN_POINT('Ctrl Pts',(222.446656250866,12.2775908593435,-8.14589824890958));
#5739=CARTESIAN_POINT('Ctrl Pts',(222.109592658347,12.294957396397,-8.12698303798308));
#5740=CARTESIAN_POINT('Ctrl Pts',(221.772617801511,12.3113557974367,-8.10971689402556));
#5741=CARTESIAN_POINT('Ctrl Pts',(221.435775322044,12.326423366217,-8.09470264788864));
#5742=CARTESIAN_POINT('Ctrl Pts',(222.445141530907,12.3355489883373,-8.20599859344611));
#5743=CARTESIAN_POINT('Ctrl Pts',(222.108295842812,12.3535092575208,-8.18515404763335));
#5744=CARTESIAN_POINT('Ctrl Pts',(221.771533130603,12.3704487611314,-8.16593176883179));
#5745=CARTESIAN_POINT('Ctrl Pts',(221.434883454313,12.3859516995225,-8.14890090570232));
#5746=CARTESIAN_POINT('Ctrl Pts',(222.449306373433,12.4794236863934,-8.23629444075519));
#5747=CARTESIAN_POINT('Ctrl Pts',(222.11234602008,12.4961379887999,-8.21295910605493));
#5748=CARTESIAN_POINT('Ctrl Pts',(221.775411719247,12.5117123942985,-8.19122398311107));
#5749=CARTESIAN_POINT('Ctrl Pts',(221.438529194917,12.5257617884712,-8.17174217644997));
#5750=CARTESIAN_POINT('Ctrl Pts',(222.457132948179,12.5736625324078,-8.179645528712));
#5751=CARTESIAN_POINT('Ctrl Pts',(222.119707150771,12.5887888079644,-8.15633474099599));
#5752=CARTESIAN_POINT('Ctrl Pts',(221.782231448323,12.6028049271727,-8.13474880598478));
#5753=CARTESIAN_POINT('Ctrl Pts',(221.444762472795,12.6152233306097,-8.11538671644366));
#5754=CARTESIAN_POINT('Ctrl Pts',(222.461885335509,12.6061365441306,-8.12928787968144));
#5755=CARTESIAN_POINT('Ctrl Pts',(222.124171392422,12.6208487200793,-8.10647361825833));
#5756=CARTESIAN_POINT('Ctrl Pts',(221.786371058532,12.634398346752,-8.08532476614653));
#5757=CARTESIAN_POINT('Ctrl Pts',(221.448541730769,12.6464010214652,-8.06650737334833));
#5758=CARTESIAN_POINT('Ctrl Pts',(221.450000000021,12.6463492012776,-8.06658861472609));
#5759=CARTESIAN_POINT('Ctrl Pts',(221.783380035196,12.6345002094285,-8.08516480215343));
#5760=CARTESIAN_POINT('Ctrl Pts',(222.11673175474,12.621145282628,-8.10601050939658));
#5761=CARTESIAN_POINT('Ctrl Pts',(222.449999999743,12.6066538349611,-8.12848565702124));
#5762=CARTESIAN_POINT('',(221.450775831754,12.3058828662827,-8.0621010628681));
#5763=CARTESIAN_POINT('Ctrl Pts',(222.448266113889,12.2595857214959,-8.11013487856812));
#5764=CARTESIAN_POINT('Ctrl Pts',(222.115671513843,12.2760419427728,-8.09228639436989));
#5765=CARTESIAN_POINT('Ctrl Pts',(221.783158462925,12.2915932437689,-8.07608268090364));
#5766=CARTESIAN_POINT('Ctrl Pts',(221.450775833865,12.3058828628397,-8.06210106744893));
#5767=CARTESIAN_POINT('Ctrl Pts',(221.450775833865,12.3058828628397,-8.06210106744894));
#5768=CARTESIAN_POINT('Ctrl Pts',(221.450713917408,12.3062083347335,-8.06263892882836));
#5769=CARTESIAN_POINT('Ctrl Pts',(221.450652181047,12.3065364060074,-8.06317517930082));
#5770=CARTESIAN_POINT('Ctrl Pts',(221.450590626744,12.3068670599301,-8.06370980689176));
#5771=CARTESIAN_POINT('Ctrl Pts',(221.449293201359,12.3138364962601,-8.07497854650041));
#5772=CARTESIAN_POINT('Ctrl Pts',(221.448080068552,12.3219294327616,-8.08549600509023));
#5773=CARTESIAN_POINT('Ctrl Pts',(221.446965852485,12.3309930247614,-8.09514722482673));
#5774=CARTESIAN_POINT('Ctrl Pts',(221.446799386967,12.3323471387253,-8.09658913123801));
#5775=CARTESIAN_POINT('Ctrl Pts',(221.446635135191,12.3337229921076,-8.09801164329412));
#5776=CARTESIAN_POINT('Ctrl Pts',(221.446473152167,12.3351201472413,-8.09941431020351));
#5777=CARTESIAN_POINT('Ctrl Pts',(221.445385885918,12.3444981646227,-8.10882932385513));
#5778=CARTESIAN_POINT('Ctrl Pts',(221.44440668409,12.354780446782,-8.11730055070926));
#5779=CARTESIAN_POINT('Ctrl Pts',(221.443550568189,12.3658244022107,-8.12470149839784));
#5780=CARTESIAN_POINT('Ctrl Pts',(221.443425919814,12.3674323750273,-8.12577905822476));
#5781=CARTESIAN_POINT('Ctrl Pts',(221.443303886572,12.3690565496083,-8.12683385864402));
#5782=CARTESIAN_POINT('Ctrl Pts',(221.443184520917,12.3706965372725,-8.12786543202329));
#5783=CARTESIAN_POINT('Ctrl Pts',(221.442712965456,12.3771753283098,-8.13194067509387));
#5784=CARTESIAN_POINT('Ctrl Pts',(221.442285106121,12.383872229332,-8.13563590125316));
#5785=CARTESIAN_POINT('Ctrl Pts',(221.441903248679,12.3907592764141,-8.13892918690614));
#5786=CARTESIAN_POINT('Ctrl Pts',(221.441238386704,12.4027504941406,-8.14466321265473));
#5787=CARTESIAN_POINT('Ctrl Pts',(221.440712788769,12.4153174628341,-8.14918172240946));
#5788=CARTESIAN_POINT('Ctrl Pts',(221.440332123371,12.4282504749027,-8.15244825997219));
#5789=CARTESIAN_POINT('Ctrl Pts',(221.440189034633,12.43311187912,-8.15367612239121));
#5790=CARTESIAN_POINT('Ctrl Pts',(221.440066457947,12.4380251639282,-8.15472658565641));
#5791=CARTESIAN_POINT('Ctrl Pts',(221.439964810149,12.4429794714169,-8.1555958292784));
#5792=CARTESIAN_POINT('Ctrl Pts',(221.439695212217,12.456119658249,-8.15790130257041));
#5793=CARTESIAN_POINT('Ctrl Pts',(221.439575304016,12.4694202988207,-8.15891323867076));
#5794=CARTESIAN_POINT('Ctrl Pts',(221.439606358547,12.4826731245517,-8.15860006501558));
#5795=CARTESIAN_POINT('Ctrl Pts',(221.439623131988,12.4898313550456,-8.1584309109609));
#5796=CARTESIAN_POINT('Ctrl Pts',(221.439684004179,12.4969758885293,-8.15787431573854));
#5797=CARTESIAN_POINT('Ctrl Pts',(221.439789536702,12.5040740006302,-8.15691894589308));
#5798=CARTESIAN_POINT('Ctrl Pts',(221.439869892701,12.5094787410093,-8.15619149528263));
#5799=CARTESIAN_POINT('Ctrl Pts',(221.439976148152,12.5148565655424,-8.15523272995112));
#5800=CARTESIAN_POINT('Ctrl Pts',(221.440108034414,12.5201958763169,-8.15404890174966));
#5801=CARTESIAN_POINT('Ctrl Pts',(221.440430392985,12.53324630753,-8.15115536938869));
#5802=CARTESIAN_POINT('Ctrl Pts',(221.440902540728,12.5459389053332,-8.14694963807778));
#5803=CARTESIAN_POINT('Ctrl Pts',(221.441513390152,12.5581143912573,-8.14156323098905));
#5804=CARTESIAN_POINT('Ctrl Pts',(221.44208710469,12.5695497025067,-8.13650427548132));
#5805=CARTESIAN_POINT('Ctrl Pts',(221.442783269525,12.5805299059218,-8.13040270067488));
#5806=CARTESIAN_POINT('Ctrl Pts',(221.443594248927,12.5909062381806,-8.123329218141));
#5807=CARTESIAN_POINT('Ctrl Pts',(221.444452177945,12.6018832821517,-8.11584623408973));
#5808=CARTESIAN_POINT('Ctrl Pts',(221.445430118927,12.6120766733003,-8.10734954648676));
#5809=CARTESIAN_POINT('Ctrl Pts',(221.446512986656,12.6213253547648,-8.09794402798634));
#5810=CARTESIAN_POINT('Ctrl Pts',(221.447545529541,12.6301442159975,-8.08897561851144));
#5811=CARTESIAN_POINT('Ctrl Pts',(221.448673562974,12.6381051260528,-8.07917990046673));
#5812=CARTESIAN_POINT('Ctrl Pts',(221.449884603844,12.6450369798049,-8.06861682660542));
#5813=CARTESIAN_POINT('Ctrl Pts',(221.464455616856,12.3062211626209,-8.06423462753209));
#5814=CARTESIAN_POINT('Ctrl Pts',(220.378267679203,12.2795353525808,-7.89455619776989));
#5815=CARTESIAN_POINT('Ctrl Pts',(218.19272752948,12.1435709712718,-7.68227839657033));
#5816=CARTESIAN_POINT('Ctrl Pts',(215.743136684582,11.7930844816734,-7.77958887247496));
#5817=CARTESIAN_POINT('Ctrl Pts',(214.361889518069,11.4773080124106,-8.00243900897252));
#5818=CARTESIAN_POINT('Ctrl Pts',(213.973549264176,11.3761088692914,-8.08082416314964));
#5819=CARTESIAN_POINT('Ctrl Pts',(213.716454307579,11.3057444946956,-8.13699427860754));
#5820=CARTESIAN_POINT('Ctrl Pts',(213.272493505631,11.1739757716661,-8.24654158694116));
#5821=CARTESIAN_POINT('Ctrl Pts',(212.656629833331,10.9593907895029,-8.43673063210696));
#5822=CARTESIAN_POINT('Ctrl Pts',(211.975701995258,10.6379275563176,-8.73992464951749));
#5823=CARTESIAN_POINT('Ctrl Pts',(211.403979786258,10.2313486060165,-9.13800233058302));
#5824=CARTESIAN_POINT('Ctrl Pts',(211.124402764432,9.6842757160322,-9.68336315204201));
#5825=CARTESIAN_POINT('Ctrl Pts',(211.402097998592,9.13655166315003,-10.2328279089169));
#5826=CARTESIAN_POINT('Ctrl Pts',(211.880100671996,8.80640852785129,-10.5700402427135));
#5827=CARTESIAN_POINT('Ctrl Pts',(212.315357571357,8.58758313608753,-10.7994269048742));
#5828=CARTESIAN_POINT('Ctrl Pts',(212.663753293599,8.44629095826884,-10.9512221736921));
#5829=CARTESIAN_POINT('Ctrl Pts',(213.025518153428,8.32269598026105,-11.0880635481024));
#5830=CARTESIAN_POINT('Ctrl Pts',(213.771888156279,8.10736370172077,-11.3356426279742));
#5831=CARTESIAN_POINT('Ctrl Pts',(215.470960264419,7.79056027278803,-11.7540163738355));
#5832=CARTESIAN_POINT('Ctrl Pts',(218.191439966708,7.68233537548307,-12.1433465852844));
#5833=CARTESIAN_POINT('Ctrl Pts',(220.378908002727,7.89465622760803,-12.2795510829955));
#5834=CARTESIAN_POINT('Ctrl Pts',(221.464455567775,8.06423461986497,-12.306221161415));
#5835=CARTESIAN_POINT('Ctrl Pts',(221.458035547241,12.3259846066965,-8.09670638336025));
#5836=CARTESIAN_POINT('Ctrl Pts',(220.373257679304,12.3022824246425,-7.92295935928267));
#5837=CARTESIAN_POINT('Ctrl Pts',(218.189454292935,12.1698390715182,-7.70160259175697));
#5838=CARTESIAN_POINT('Ctrl Pts',(215.739296163652,11.8177495952202,-7.78874786219834));
#5839=CARTESIAN_POINT('Ctrl Pts',(214.356938263496,11.4986967481148,-8.00686874280924));
#5840=CARTESIAN_POINT('Ctrl Pts',(213.968234732588,11.3963817648406,-8.08403026645494));
#5841=CARTESIAN_POINT('Ctrl Pts',(213.710885264038,11.3252246334569,-8.1394212847542));
#5842=CARTESIAN_POINT('Ctrl Pts',(213.266449874252,11.1919356403918,-8.24771698090307));
#5843=CARTESIAN_POINT('Ctrl Pts',(212.649830667222,10.9747901603979,-8.43646611848065));
#5844=CARTESIAN_POINT('Ctrl Pts',(211.967938716448,10.6495474801134,-8.73881760639423));
#5845=CARTESIAN_POINT('Ctrl Pts',(211.395307642628,10.238496563682,-9.13733934349056));
#5846=CARTESIAN_POINT('Ctrl Pts',(211.115251105137,9.68651257311677,-9.68559126871362));
#5847=CARTESIAN_POINT('Ctrl Pts',(211.39342207791,9.13587045050865,-10.2399800479881));
#5848=CARTESIAN_POINT('Ctrl Pts',(211.872185244596,8.8053768760409,-10.5809115384525));
#5849=CARTESIAN_POINT('Ctrl Pts',(212.308074641934,8.58689034886595,-10.8129381789863));
#5850=CARTESIAN_POINT('Ctrl Pts',(212.656946561211,8.44614169052275,-10.9665285963422));
#5851=CARTESIAN_POINT('Ctrl Pts',(213.019171244329,8.32329813208839,-11.1049935909294));
#5852=CARTESIAN_POINT('Ctrl Pts',(213.766416357141,8.10983051391521,-11.3554925829966));
#5853=CARTESIAN_POINT('Ctrl Pts',(215.467057536696,7.79858244124814,-11.7785080665758));
#5854=CARTESIAN_POINT('Ctrl Pts',(218.188167640565,7.70165268876964,-12.1696158550962));
#5855=CARTESIAN_POINT('Ctrl Pts',(220.373897171555,7.92306178760214,-12.3022963961274));
#5856=CARTESIAN_POINT('Ctrl Pts',(221.458035498224,8.09670637551,-12.3259846056239));
#5857=CARTESIAN_POINT('Ctrl Pts',(221.448016584081,12.3777735362731,-8.14306929582562));
#5858=CARTESIAN_POINT('Ctrl Pts',(220.365060076164,12.3559472169844,-7.96125098283094));
#5859=CARTESIAN_POINT('Ctrl Pts',(218.18300610531,12.223554884498,-7.72385098271112));
#5860=CARTESIAN_POINT('Ctrl Pts',(215.731150640157,11.8636760814711,-7.79616835261971));
#5861=CARTESIAN_POINT('Ctrl Pts',(214.346869815135,11.5370937588639,-8.00820427721731));
#5862=CARTESIAN_POINT('Ctrl Pts',(213.957563162304,11.4323851116922,-8.08387873452878));
#5863=CARTESIAN_POINT('Ctrl Pts',(213.699797980057,11.359569686136,-8.13834566657466));
#5864=CARTESIAN_POINT('Ctrl Pts',(213.254603512929,11.2232065422241,-8.24522311291397));
#5865=CARTESIAN_POINT('Ctrl Pts',(212.636819539713,11.0011659827739,-8.43255120065193));
#5866=CARTESIAN_POINT('Ctrl Pts',(211.953496054849,10.6690897198014,-8.73465565261009));
#5867=CARTESIAN_POINT('Ctrl Pts',(211.379555731928,10.2502365716168,-9.13496989268797));
#5868=CARTESIAN_POINT('Ctrl Pts',(211.098822003733,9.6897253275647,-9.68879010443714));
#5869=CARTESIAN_POINT('Ctrl Pts',(211.377664986811,9.13346793070521,-10.2517326644529));
#5870=CARTESIAN_POINT('Ctrl Pts',(211.857523337358,8.80151349909465,-10.5991497654141));
#5871=CARTESIAN_POINT('Ctrl Pts',(212.294345300144,8.58283500155789,-10.8359047069369));
#5872=CARTESIAN_POINT('Ctrl Pts',(212.643930571607,8.44240885179044,-10.992782363845));
#5873=CARTESIAN_POINT('Ctrl Pts',(213.006857307461,8.32022966065424,-11.1343048720775));
#5874=CARTESIAN_POINT('Ctrl Pts',(213.755467764495,8.10869956284341,-11.3904862909263));
#5875=CARTESIAN_POINT('Ctrl Pts',(215.45872169813,7.8043637730882,-11.8235601207287));
#5876=CARTESIAN_POINT('Ctrl Pts',(218.181718576054,7.72389573774684,-12.2233248850821));
#5877=CARTESIAN_POINT('Ctrl Pts',(220.365698494668,7.96135816929509,-12.3559600825651));
#5878=CARTESIAN_POINT('Ctrl Pts',(221.448016535146,8.1430692876102,-12.3777735352866));
#5879=CARTESIAN_POINT('Ctrl Pts',(221.439881857522,12.4832855405845,-8.16765015965236));
#5880=CARTESIAN_POINT('Ctrl Pts',(220.356878168826,12.4572438402918,-7.97600773920863));
#5881=CARTESIAN_POINT('Ctrl Pts',(218.17290862164,12.3132619624848,-7.72184167600727));
#5882=CARTESIAN_POINT('Ctrl Pts',(215.716272098625,11.934436397822,-7.78309502145068));
#5883=CARTESIAN_POINT('Ctrl Pts',(214.328774329479,11.5943521981855,-7.99258088388803));
#5884=CARTESIAN_POINT('Ctrl Pts',(213.938530384734,11.4855680496988,-8.06787871585696));
#5885=CARTESIAN_POINT('Ctrl Pts',(213.680136472959,11.4099787861314,-8.12218848864569));
#5886=CARTESIAN_POINT('Ctrl Pts',(213.233835752921,11.2685979871504,-8.22906388817014));
#5887=CARTESIAN_POINT('Ctrl Pts',(212.614463878443,11.0388988337966,-8.41720624708868));
#5888=CARTESIAN_POINT('Ctrl Pts',(211.929320731606,10.6965542365494,-8.72217752249304));
#5889=CARTESIAN_POINT('Ctrl Pts',(211.353808211766,10.2661899408167,-9.12792113880072));
#5890=CARTESIAN_POINT('Ctrl Pts',(211.072291282689,9.69272422447467,-9.6917698781835));
#5891=CARTESIAN_POINT('Ctrl Pts',(211.351911984723,9.12637905575888,-10.2677071172393));
#5892=CARTESIAN_POINT('Ctrl Pts',(211.833085061968,8.7899415017539,-10.6246914095657));
#5893=CARTESIAN_POINT('Ctrl Pts',(212.271077434159,8.56890359424022,-10.868515005747));
#5894=CARTESIAN_POINT('Ctrl Pts',(212.621585261955,8.42730326249244,-11.0303757369952));
#5895=CARTESIAN_POINT('Ctrl Pts',(212.985452682265,8.3043943518151,-11.1766274231328));
#5896=CARTESIAN_POINT('Ctrl Pts',(213.735965808676,8.09220160983139,-11.4418155027185));
#5897=CARTESIAN_POINT('Ctrl Pts',(215.443311114213,7.79006649354487,-11.8922146185716));
#5898=CARTESIAN_POINT('Ctrl Pts',(218.171618445042,7.7218812572987,-12.3130223308056));
#5899=CARTESIAN_POINT('Ctrl Pts',(220.357516615117,7.97612071717137,-12.4572591908532));
#5900=CARTESIAN_POINT('Ctrl Pts',(221.439881808585,8.1676501509926,-12.4832855394072));
#5901=CARTESIAN_POINT('Ctrl Pts',(221.441093323519,12.5799918667853,-8.14084982734309));
#5902=CARTESIAN_POINT('Ctrl Pts',(220.355201781284,12.5467118359178,-7.94544350924451));
#5903=CARTESIAN_POINT('Ctrl Pts',(218.1652337842,12.3878251338716,-7.68690437298505));
#5904=CARTESIAN_POINT('Ctrl Pts',(215.702274514058,11.9911840784838,-7.74989465684941));
#5905=CARTESIAN_POINT('Ctrl Pts',(214.31147267955,11.6397355651812,-7.96326776054893));
#5906=CARTESIAN_POINT('Ctrl Pts',(213.920317007344,11.5275834544237,-8.03993074902501));
#5907=CARTESIAN_POINT('Ctrl Pts',(213.661324428059,11.4497181846991,-8.09521812866313));
#5908=CARTESIAN_POINT('Ctrl Pts',(213.214002183703,11.3042575940243,-8.20399992564907));
#5909=CARTESIAN_POINT('Ctrl Pts',(212.593248443012,11.0684242921754,-8.39544961825571));
#5910=CARTESIAN_POINT('Ctrl Pts',(211.906626065762,10.717885286573,-8.70573324417489));
#5911=CARTESIAN_POINT('Ctrl Pts',(211.329910150796,10.2781927377286,-9.11856945023408));
#5912=CARTESIAN_POINT('Ctrl Pts',(211.047818605017,9.69354303734254,-9.69257282661965));
#5913=CARTESIAN_POINT('Ctrl Pts',(211.328010264983,9.116997739611,-10.2797338321697));
#5914=CARTESIAN_POINT('Ctrl Pts',(211.810189258544,8.77468082468235,-10.6444656376601));
#5915=CARTESIAN_POINT('Ctrl Pts',(212.249120830359,8.54978786631709,-10.8939567323648));
#5916=CARTESIAN_POINT('Ctrl Pts',(212.600391968294,8.4057173107744,-11.0597947747351));
#5917=CARTESIAN_POINT('Ctrl Pts',(212.965064976801,8.28065379747442,-11.2098316463362));
#5918=CARTESIAN_POINT('Ctrl Pts',(213.717267645281,8.06471483308597,-11.482270683766));
#5919=CARTESIAN_POINT('Ctrl Pts',(215.428611631934,7.7570598932409,-11.9469773643746));
#5920=CARTESIAN_POINT('Ctrl Pts',(218.163939949839,7.68694346832791,-12.3875740176286));
#5921=CARTESIAN_POINT('Ctrl Pts',(220.355841930003,7.94555870612806,-12.5467314535744));
#5922=CARTESIAN_POINT('Ctrl Pts',(221.441093274451,8.14084981851376,-12.5799918652816));
#5923=CARTESIAN_POINT('Ctrl Pts',(221.447750298459,12.6292795987366,-8.09281675992721));
#5924=CARTESIAN_POINT('Ctrl Pts',(220.358412829082,12.5919874716481,-7.89864989780459));
#5925=CARTESIAN_POINT('Ctrl Pts',(218.16212162464,12.4254796730481,-7.64398213064975));
#5926=CARTESIAN_POINT('Ctrl Pts',(215.693487019891,12.0205931327662,-7.71472710569689));
#5927=CARTESIAN_POINT('Ctrl Pts',(214.299936635799,11.6637783718455,-7.93416120017053));
#5928=CARTESIAN_POINT('Ctrl Pts',(213.908035839316,11.5500108277367,-8.01270385138128));
#5929=CARTESIAN_POINT('Ctrl Pts',(213.648557820403,11.4710467612777,-8.06928148105767));
#5930=CARTESIAN_POINT('Ctrl Pts',(213.200416761785,11.3235918326957,-8.18042990175732));
#5931=CARTESIAN_POINT('Ctrl Pts',(212.578580695781,11.0846793464283,-8.37558857992275));
#5932=CARTESIAN_POINT('Ctrl Pts',(211.890831043617,10.7297702324147,-8.69108829516521));
#5933=CARTESIAN_POINT('Ctrl Pts',(211.313221123499,10.2847084624467,-9.11011577518466));
#5934=CARTESIAN_POINT('Ctrl Pts',(211.030710559827,9.69280003550271,-9.69181852393081));
#5935=CARTESIAN_POINT('Ctrl Pts',(211.31131874308,9.10852629881795,-10.2862703282066));
#5936=CARTESIAN_POINT('Ctrl Pts',(211.794244880578,8.76106888973957,-10.6554545334434));
#5937=CARTESIAN_POINT('Ctrl Pts',(212.23388850528,8.53252426811782,-10.908037492016));
#5938=CARTESIAN_POINT('Ctrl Pts',(212.585745680171,8.38595199153013,-11.0759638170375));
#5939=CARTESIAN_POINT('Ctrl Pts',(212.9510458806,8.25856579137633,-11.2279338336253));
#5940=CARTESIAN_POINT('Ctrl Pts',(213.704582839151,8.03829739994615,-11.5039842089822));
#5941=CARTESIAN_POINT('Ctrl Pts',(215.419191958459,7.72276599432578,-11.9754708528781));
#5942=CARTESIAN_POINT('Ctrl Pts',(218.160823389393,7.64402925120204,-12.4252243497762));
#5943=CARTESIAN_POINT('Ctrl Pts',(220.359055009235,7.89876436403156,-12.5920094545003));
#5944=CARTESIAN_POINT('Ctrl Pts',(221.447750249236,8.09281675115234,-12.6292795970517));
#5945=CARTESIAN_POINT('Ctrl Pts',(221.451383658094,12.6450904778306,-8.06888316653846));
#5946=CARTESIAN_POINT('Ctrl Pts',(220.360498342072,12.6066508920977,-7.87562698964245));
#5947=CARTESIAN_POINT('Ctrl Pts',(218.161326513515,12.4380004565425,-7.62337645109182));
#5948=CARTESIAN_POINT('Ctrl Pts',(215.690087998319,12.0307918453204,-7.69808368458222));
#5949=CARTESIAN_POINT('Ctrl Pts',(214.295260730697,11.672340542578,-7.92049552989775));
#5950=CARTESIAN_POINT('Ctrl Pts',(213.903013920816,11.5580650716864,-7.9999458657303));
#5951=CARTESIAN_POINT('Ctrl Pts',(213.643310148988,11.4787517079804,-8.05714484033596));
#5952=CARTESIAN_POINT('Ctrl Pts',(213.194787606363,11.3306506834236,-8.16942752073132));
#5953=CARTESIAN_POINT('Ctrl Pts',(212.572445292937,11.0907036158919,-8.36634871822924));
#5954=CARTESIAN_POINT('Ctrl Pts',(211.884166105048,10.7342293160279,-8.68428324017463));
#5955=CARTESIAN_POINT('Ctrl Pts',(211.306134343653,10.2871175802114,-9.10614117360062));
#5956=CARTESIAN_POINT('Ctrl Pts',(211.023425399932,9.69221936966614,-9.69123312805529));
#5957=CARTESIAN_POINT('Ctrl Pts',(211.30423074179,9.10454605473103,-10.2886884803187));
#5958=CARTESIAN_POINT('Ctrl Pts',(211.787509471806,8.75473693119777,-10.6595716874383));
#5959=CARTESIAN_POINT('Ctrl Pts',(212.227487821449,8.52449952798045,-10.9132838995385));
#5960=CARTESIAN_POINT('Ctrl Pts',(212.579619928806,8.37675484412177,-11.0819466142521));
#5961=CARTESIAN_POINT('Ctrl Pts',(212.945213683861,8.24827197451533,-11.2345783487201));
#5962=CARTESIAN_POINT('Ctrl Pts',(213.699373599395,8.02594362498623,-11.5118288582075));
#5963=CARTESIAN_POINT('Ctrl Pts',(215.415505182893,7.70655572752971,-11.9854104492047));
#5964=CARTESIAN_POINT('Ctrl Pts',(218.160027357975,7.62342280709628,-12.4377432142869));
#5965=CARTESIAN_POINT('Ctrl Pts',(220.361141434706,7.87574091901629,-12.6066735513956));
#5966=CARTESIAN_POINT('Ctrl Pts',(221.451383608801,8.06888315780595,-12.6450904760936));
#5967=CARTESIAN_POINT('',(213.591551275843,11.2683312027356,-8.16833120273561));
#5968=CARTESIAN_POINT('Ctrl Pts',(221.450775824244,12.3058828981535,-8.06210105840023));
#5969=CARTESIAN_POINT('Ctrl Pts',(220.369092821234,12.2789638007768,-7.89366637227389));
#5970=CARTESIAN_POINT('Ctrl Pts',(218.188157139199,12.1429170416373,-7.68245995621907));
#5971=CARTESIAN_POINT('Ctrl Pts',(215.743136684582,11.7930844816734,-7.77958887247496));
#5972=CARTESIAN_POINT('Ctrl Pts',(214.361889518069,11.4773080124106,-8.00243900897252));
#5973=CARTESIAN_POINT('Ctrl Pts',(213.973549264176,11.3761088692914,-8.08082416314964));
#5974=CARTESIAN_POINT('Ctrl Pts',(213.781439070009,11.323530188461,-8.12279640535084));
#5975=CARTESIAN_POINT('Ctrl Pts',(213.654724457554,11.2869167248928,-8.15284526203128));
#5976=CARTESIAN_POINT('Ctrl Pts',(213.592007778989,11.2682962838057,-8.16832253583339));
#5977=CARTESIAN_POINT('Ctrl Pts',(213.592007778989,11.2682962838057,-8.16832253583339));
#5978=CARTESIAN_POINT('Ctrl Pts',(213.527887981696,11.2492592599175,-8.18414607243585));
#5979=CARTESIAN_POINT('Ctrl Pts',(213.211588432837,11.1527546564308,-8.26535009629378));
#5980=CARTESIAN_POINT('Ctrl Pts',(212.656629833331,10.9593907895029,-8.43673063210696));
#5981=CARTESIAN_POINT('Ctrl Pts',(211.975701995258,10.6379275563176,-8.73992464951749));
#5982=CARTESIAN_POINT('Ctrl Pts',(211.403979786258,10.2313486060165,-9.13800233058302));
#5983=CARTESIAN_POINT('Ctrl Pts',(211.124402764432,9.6842757160322,-9.68336315204201));
#5984=CARTESIAN_POINT('Ctrl Pts',(211.402097998592,9.13655166315003,-10.2328279089169));
#5985=CARTESIAN_POINT('Ctrl Pts',(211.880100671996,8.80640852785129,-10.5700402427135));
#5986=CARTESIAN_POINT('Ctrl Pts',(212.315357571357,8.58758313608753,-10.7994269048742));
#5987=CARTESIAN_POINT('Ctrl Pts',(212.663753293599,8.44629095826884,-10.9512221736921));
#5988=CARTESIAN_POINT('Ctrl Pts',(213.025518153428,8.32269598026105,-11.0880635481024));
#5989=CARTESIAN_POINT('Ctrl Pts',(213.771888156279,8.10736370172077,-11.3356426279742));
#5990=CARTESIAN_POINT('Ctrl Pts',(215.470960264419,7.79056027278803,-11.7540163738355));
#5991=CARTESIAN_POINT('Ctrl Pts',(218.186869067673,7.68251721292822,-12.1426924399562));
#5992=CARTESIAN_POINT('Ctrl Pts',(220.369719694575,7.89376570224872,-12.2789781893195));
#5993=CARTESIAN_POINT('Ctrl Pts',(221.450775760138,8.0621010592205,-12.3058828889285));
#5994=CARTESIAN_POINT('Ctrl Pts',(235.45,8.83883476483184,-5.73883476483184));
#5995=CARTESIAN_POINT('Ctrl Pts',(234.604142714698,8.83883476483184,-5.73883476483184));
#5996=CARTESIAN_POINT('Ctrl Pts',(232.839332949538,8.83285251710977,-5.73285251710977));
#5997=CARTESIAN_POINT('Ctrl Pts',(228.92758770237,8.83248229122719,-5.73248229122718));
#5998=CARTESIAN_POINT('Ctrl Pts',(224.383980168818,9.09332926405832,-5.99332926405832));
#5999=CARTESIAN_POINT('Ctrl Pts',(218.199194821913,10.0950102259482,-6.9950102259482));
#6000=CARTESIAN_POINT('Ctrl Pts',(214.26248565522,11.0542215507478,-7.9542215507478));
#6001=CARTESIAN_POINT('Ctrl Pts',(211.552417584054,11.8310445649089,-8.73104456490893));
#6002=CARTESIAN_POINT('Ctrl Pts',(235.45,9.30259368036176,-5.73883476483184));
#6003=CARTESIAN_POINT('Ctrl Pts',(234.603033595439,9.30259368036176,-5.73883476483184));
#6004=CARTESIAN_POINT('Ctrl Pts',(232.836662219726,9.29652143949702,-5.73276252396709));
#6005=CARTESIAN_POINT('Ctrl Pts',(228.937910293105,9.29642275822386,-5.73266384269394));
#6006=CARTESIAN_POINT('Ctrl Pts',(224.434902467195,9.55507966402053,-5.99132074849061));
#6007=CARTESIAN_POINT('Ctrl Pts',(218.293926386577,10.5493580509605,-6.98559913543057));
#6008=CARTESIAN_POINT('Ctrl Pts',(214.375480096163,11.5039192746448,-7.94016035911483));
#6009=CARTESIAN_POINT('Ctrl Pts',(211.675613505473,12.277818102179,-8.71405918664906));
#6010=CARTESIAN_POINT('Ctrl Pts',(235.45,10.226686873647,-5.95258344487003));
#6011=CARTESIAN_POINT('Ctrl Pts',(234.600311525689,10.226686873647,-5.95258344487003));
#6012=CARTESIAN_POINT('Ctrl Pts',(232.830094474959,10.2203953951614,-5.94629196638437));
#6013=CARTESIAN_POINT('Ctrl Pts',(228.963225934699,10.2209637514919,-5.94686032271494));
#6014=CARTESIAN_POINT('Ctrl Pts',(224.559827525033,10.4742499816685,-6.20014655289147));
#6015=CARTESIAN_POINT('Ctrl Pts',(218.526365162547,11.4503612067156,-7.1762577779386));
#6016=CARTESIAN_POINT('Ctrl Pts',(214.652706669095,12.3935152204725,-8.11941179169555));
#6017=CARTESIAN_POINT('Ctrl Pts',(211.977877188861,13.1602373265741,-8.88613389779712));
#6018=CARTESIAN_POINT('Ctrl Pts',(235.45,11.7264424593656,-7.13133201948871));
#6019=CARTESIAN_POINT('Ctrl Pts',(234.593908338656,11.7264424593656,-7.13133201948871));
#6020=CARTESIAN_POINT('Ctrl Pts',(232.814718417664,11.7196261160404,-7.12451567616357));
#6021=CARTESIAN_POINT('Ctrl Pts',(229.022881521028,11.7217602146521,-7.12664977477529));
#6022=CARTESIAN_POINT('Ctrl Pts',(224.853981465665,11.9623886058219,-7.36727816594509));
#6023=CARTESIAN_POINT('Ctrl Pts',(219.073458195625,12.8957608704523,-8.30065043057548));
#6024=CARTESIAN_POINT('Ctrl Pts',(215.305346490538,13.8120513563502,-9.21694091647339));
#6025=CARTESIAN_POINT('Ctrl Pts',(212.689412378816,14.561891496211,-9.9667810563342));
#6026=CARTESIAN_POINT('Ctrl Pts',(235.45,12.297947819089,-9.62635715697582));
#6027=CARTESIAN_POINT('Ctrl Pts',(234.586564318531,12.297947819089,-9.62635715697582));
#6028=CARTESIAN_POINT('Ctrl Pts',(232.796873042364,12.2905556724843,-9.61896501037109));
#6029=CARTESIAN_POINT('Ctrl Pts',(229.091001826337,12.2944951466737,-9.62290448456051));
#6030=CARTESIAN_POINT('Ctrl Pts',(225.190526381962,12.5206753391243,-9.8490846770111));
#6031=CARTESIAN_POINT('Ctrl Pts',(219.700015145885,13.4050401687363,-10.7334495066231));
#6032=CARTESIAN_POINT('Ctrl Pts',(216.052410526369,14.2906061287332,-11.61901546662));
#6033=CARTESIAN_POINT('Ctrl Pts',(213.504025397585,15.0210838012496,-12.3494931391364));
#6034=CARTESIAN_POINT('Ctrl Pts',(235.45,10.379012711936,-12.0374311791956));
#6035=CARTESIAN_POINT('Ctrl Pts',(234.585398290277,10.379012711936,-12.0374311791956));
#6036=CARTESIAN_POINT('Ctrl Pts',(232.794239389095,10.3715042564416,-12.0299227237013));
#6037=CARTESIAN_POINT('Ctrl Pts',(229.102103196624,10.3757212721458,-12.0341397394055));
#6038=CARTESIAN_POINT('Ctrl Pts',(225.244749103092,10.5995414400921,-12.2579599073518));
#6039=CARTESIAN_POINT('Ctrl Pts',(219.800371159469,11.4761145472908,-13.1345330145505));
#6040=CARTESIAN_POINT('Ctrl Pts',(216.17242057542,12.3567204399768,-14.0151389072365));
#6041=CARTESIAN_POINT('Ctrl Pts',(213.634760365856,13.0841238856262,-14.7425423528859));
#6042=CARTESIAN_POINT('Ctrl Pts',(235.45,7.29902980168373,-12.0344693173029));
#6043=CARTESIAN_POINT('Ctrl Pts',(234.592762334046,7.29902980168373,-12.0344693173029));
#6044=CARTESIAN_POINT('Ctrl Pts',(232.811827568235,7.29213683533154,-12.0275763509507));
#6045=CARTESIAN_POINT('Ctrl Pts',(229.033359533792,7.29455749387966,-12.0299970094988));
#6046=CARTESIAN_POINT('Ctrl Pts',(224.906078730738,7.53296640997163,-12.2684059255908));
#6047=CARTESIAN_POINT('Ctrl Pts',(219.170764226371,8.45869694536018,-13.1941364609794));
#6048=CARTESIAN_POINT('Ctrl Pts',(215.42118031919,9.37023650502441,-14.1056760206436));
#6049=CARTESIAN_POINT('Ctrl Pts',(212.815786952802,10.1170552102396,-14.8524947258588));
#6050=CARTESIAN_POINT('Ctrl Pts',(235.45,5.37773720679046,-9.63019640330266));
#6051=CARTESIAN_POINT('Ctrl Pts',(234.60311866538,5.37773720679046,-9.63019640330266));
#6052=CARTESIAN_POINT('Ctrl Pts',(232.836945896969,5.37166204434442,-9.62412124085662));
#6053=CARTESIAN_POINT('Ctrl Pts',(228.937231340626,5.37153894233598,-9.62399813884818));
#6054=CARTESIAN_POINT('Ctrl Pts',(224.431308020777,5.63033775502311,-9.88279695153531));
#6055=CARTESIAN_POINT('Ctrl Pts',(218.287006236446,6.62517970267352,-10.8776388991857));
#6056=CARTESIAN_POINT('Ctrl Pts',(214.367364769363,7.58006527801415,-11.8325244745263));
#6057=CARTESIAN_POINT('Ctrl Pts',(211.666715720579,8.35418839196442,-12.6066475884766));
#6058=CARTESIAN_POINT('Ctrl Pts',(235.45,6.06638487639118,-6.6265638661236));
#6059=CARTESIAN_POINT('Ctrl Pts',(234.608647026494,6.06638487639118,-6.6265638661236));
#6060=CARTESIAN_POINT('Ctrl Pts',(232.85012903593,6.06077435848662,-6.62095334821904));
#6061=CARTESIAN_POINT('Ctrl Pts',(228.885594204657,6.05930363333614,-6.61948262306855));
#6062=CARTESIAN_POINT('Ctrl Pts',(224.176978362889,6.32906141618837,-6.88924040592079));
#6063=CARTESIAN_POINT('Ctrl Pts',(217.814254584461,7.36080811234618,-7.9209871020786));
#6064=CARTESIAN_POINT('Ctrl Pts',(213.803246074577,8.33892481390053,-8.89910380363294));
#6065=CARTESIAN_POINT('Ctrl Pts',(211.051748149541,9.1276234205246,-9.68780241025702));
#6066=CARTESIAN_POINT('Ctrl Pts',(235.45,7.911316933772,-5.73883476483184));
#6067=CARTESIAN_POINT('Ctrl Pts',(234.606376957011,7.911316933772,-5.73883476483184));
#6068=CARTESIAN_POINT('Ctrl Pts',(232.844967086455,7.90548429933565,-5.73300213039549));
#6069=CARTESIAN_POINT('Ctrl Pts',(228.907157208374,7.90455548224074,-5.73207331330059));
#6070=CARTESIAN_POINT('Ctrl Pts',(224.282404441674,8.16973013695503,-5.99724796801488));
#6071=CARTESIAN_POINT('Ctrl Pts',(218.009479605731,9.18630945761545,-7.0138272886753));
#6072=CARTESIAN_POINT('Ctrl Pts',(214.036643973372,10.1547839090405,-7.98230174010031));
#6073=CARTESIAN_POINT('Ctrl Pts',(211.306025741218,10.9374974903688,-8.76501532142866));
#6074=CARTESIAN_POINT('Ctrl Pts',(235.45,8.83883476483184,-5.73883476483184));
#6075=CARTESIAN_POINT('Ctrl Pts',(234.604142714698,8.83883476483184,-5.73883476483184));
#6076=CARTESIAN_POINT('Ctrl Pts',(232.839332949538,8.83285251710977,-5.73285251710977));
#6077=CARTESIAN_POINT('Ctrl Pts',(228.92758770237,8.83248229122719,-5.73248229122718));
#6078=CARTESIAN_POINT('Ctrl Pts',(224.383980168818,9.09332926405832,-5.99332926405832));
#6079=CARTESIAN_POINT('Ctrl Pts',(218.199194821913,10.0950102259482,-6.9950102259482));
#6080=CARTESIAN_POINT('Ctrl Pts',(214.26248565522,11.0542215507478,-7.9542215507478));
#6081=CARTESIAN_POINT('Ctrl Pts',(211.552417584054,11.8310445649089,-8.73104456490893));
#6082=CARTESIAN_POINT('',(235.45,8.83883476483184,-5.73883476483184));
#6083=CARTESIAN_POINT('Ctrl Pts',(235.45,8.83883476483184,-5.73883476483184));
#6084=CARTESIAN_POINT('Ctrl Pts',(235.267814399358,8.83883476483184,-5.73883476483184));
#6085=CARTESIAN_POINT('Ctrl Pts',(235.084014009713,8.83869128323343,-5.73869128323343));
#6086=CARTESIAN_POINT('Ctrl Pts',(234.89841983695,8.83842073149004,-5.73842073149004));
#6087=CARTESIAN_POINT('Ctrl Pts',(234.708527134579,8.83814391352255,-5.73814391352255));
#6088=CARTESIAN_POINT('Ctrl Pts',(234.516756663685,8.83773415773344,-5.73773415773344));
#6089=CARTESIAN_POINT('Ctrl Pts',(234.322947788426,8.83724208677524,-5.73724208677524));
#6090=CARTESIAN_POINT('Ctrl Pts',(234.124339861982,8.83673783126815,-5.73673783126815));
#6091=CARTESIAN_POINT('Ctrl Pts',(233.92359139122,8.83614722666258,-5.73614722666258));
#6092=CARTESIAN_POINT('Ctrl Pts',(233.720560811942,8.83555770364773,-5.73555770364773));
#6093=CARTESIAN_POINT('Ctrl Pts',(233.512165363581,8.83495260310852,-5.73495260310851));
#6094=CARTESIAN_POINT('Ctrl Pts',(233.301365629981,8.83434876745016,-5.73434876745016));
#6095=CARTESIAN_POINT('Ctrl Pts',(233.088040382486,8.83387339350398,-5.73387339350398));
#6096=CARTESIAN_POINT('Ctrl Pts',(232.868003270634,8.83338306284037,-5.73338306284037));
#6097=CARTESIAN_POINT('Ctrl Pts',(232.645279171008,8.83302958594315,-5.73302958594315));
#6098=CARTESIAN_POINT('Ctrl Pts',(232.419769050766,8.83298453039059,-5.73298453039059));
#6099=CARTESIAN_POINT('Ctrl Pts',(232.185598426731,8.83293774452196,-5.73293774452196));
#6100=CARTESIAN_POINT('Ctrl Pts',(231.948423577973,8.83322379593705,-5.73322379593705));
#6101=CARTESIAN_POINT('Ctrl Pts',(231.708170971053,8.83406531080644,-5.73406531080644));
#6102=CARTESIAN_POINT('Ctrl Pts',(231.453686353075,8.83495667507843,-5.73495667507843));
#6103=CARTESIAN_POINT('Ctrl Pts',(231.19574840267,8.83647165699288,-5.73647165699288));
#6104=CARTESIAN_POINT('Ctrl Pts',(230.93431360049,8.83890337122451,-5.73890337122451));
#6105=CARTESIAN_POINT('Ctrl Pts',(230.657709033949,8.84147618576712,-5.74147618576712));
#6106=CARTESIAN_POINT('Ctrl Pts',(230.37718988162,8.84507584017072,-5.74507584017072));
#6107=CARTESIAN_POINT('Ctrl Pts',(230.092751465698,8.85007235483412,-5.75007235483412));
#6108=CARTESIAN_POINT('Ctrl Pts',(229.800621761813,8.85520397653979,-5.75520397653978));
#6109=CARTESIAN_POINT('Ctrl Pts',(229.504357819284,8.86181006823746,-5.76181006823746));
#6110=CARTESIAN_POINT('Ctrl Pts',(229.204005559153,8.87030171511227,-5.77030171511227));
#6111=CARTESIAN_POINT('Ctrl Pts',(228.92242531528,8.8782626340574,-5.7782626340574));
#6112=CARTESIAN_POINT('Ctrl Pts',(228.637251134167,8.88788181209625,-5.78788181209625));
#6113=CARTESIAN_POINT('Ctrl Pts',(228.348566273342,8.89949208193859,-5.79949208193859));
#6114=CARTESIAN_POINT('Ctrl Pts',(228.077924216317,8.91037670991578,-5.81037670991578));
#6115=CARTESIAN_POINT('Ctrl Pts',(227.804197119906,8.92301217583246,-5.82301217583246));
#6116=CARTESIAN_POINT('Ctrl Pts',(227.527499359433,8.93765366878528,-5.83765366878527));
#6117=CARTESIAN_POINT('Ctrl Pts',(227.26809520899,8.95138006842854,-5.85138006842854));
#6118=CARTESIAN_POINT('Ctrl Pts',(227.006080611273,8.96687005307302,-5.86687005307302));
#6119=CARTESIAN_POINT('Ctrl Pts',(226.741584082434,8.98430759534266,-5.88430759534266));
#6120=CARTESIAN_POINT('Ctrl Pts',(226.476527370266,9.00178206898719,-5.90178206898719));
#6121=CARTESIAN_POINT('Ctrl Pts',(226.208980042878,9.02121280904093,-5.92121280904093));
#6122=CARTESIAN_POINT('Ctrl Pts',(225.93909606264,9.04274969720504,-5.94274969720504));
#6123=CARTESIAN_POINT('Ctrl Pts',(225.667874071663,9.06439335935261,-5.9643933593526));
#6124=CARTESIAN_POINT('Ctrl Pts',(225.394292506843,9.08816408595684,-5.98816408595684));
#6125=CARTESIAN_POINT('Ctrl Pts',(225.11850640233,9.11417657460808,-6.01417657460808));
#6126=CARTESIAN_POINT('Ctrl Pts',(224.84081436306,9.14036883339792,-6.04036883339792));
#6127=CARTESIAN_POINT('Ctrl Pts',(224.560887257121,9.168833922194,-6.068833922194));
#6128=CARTESIAN_POINT('Ctrl Pts',(224.278880436226,9.19965135434991,-6.09965135434991));
#6129=CARTESIAN_POINT('Ctrl Pts',(223.99186594503,9.23101601986451,-6.13101601986451));
#6130=CARTESIAN_POINT('Ctrl Pts',(223.702697803836,9.26481724343913,-6.16481724343913));
#6131=CARTESIAN_POINT('Ctrl Pts',(223.411534143014,9.30110030993631,-6.20110030993631));
#6132=CARTESIAN_POINT('Ctrl Pts',(223.107584499496,9.33897668879639,-6.23897668879639));
#6133=CARTESIAN_POINT('Ctrl Pts',(222.801460904788,9.3795572441445,-6.2795572441445));
#6134=CARTESIAN_POINT('Ctrl Pts',(222.493317939197,9.42285638895281,-6.3228563889528));
#6135=CARTESIAN_POINT('Ctrl Pts',(222.166080236972,9.46883865769692,-6.36883865769691));
#6136=CARTESIAN_POINT('Ctrl Pts',(221.836565384142,9.51788639718976,-6.41788639718976));
#6137=CARTESIAN_POINT('Ctrl Pts',(221.504925229907,9.56998282753876,-6.46998282753876));
#6138=CARTESIAN_POINT('Ctrl Pts',(221.123264166346,9.62993690354785,-6.52993690354785));
#6139=CARTESIAN_POINT('Ctrl Pts',(220.738788172926,9.69392839768041,-6.59392839768041));
#6140=CARTESIAN_POINT('Ctrl Pts',(220.351679332248,9.76189491058376,-6.66189491058375));
#6141=CARTESIAN_POINT('Ctrl Pts',(219.936447519105,9.83479910552928,-6.73479910552927));
#6142=CARTESIAN_POINT('Ctrl Pts',(219.518186370356,9.91227632232331,-6.81227632232331));
#6143=CARTESIAN_POINT('Ctrl Pts',(219.09708200851,9.9942153934535,-6.8942153934535));
#6144=CARTESIAN_POINT('Ctrl Pts',(218.638436489909,10.0834592749643,-6.9834592749643));
#6145=CARTESIAN_POINT('Ctrl Pts',(218.176418823218,10.1779950370147,-7.07799503701471));
#6146=CARTESIAN_POINT('Ctrl Pts',(217.711219215473,10.2776521421758,-7.17765214217578));
#6147=CARTESIAN_POINT('Ctrl Pts',(217.246184340667,10.3772739575223,-7.27727395752234));
#6148=CARTESIAN_POINT('Ctrl Pts',(216.777969714425,10.4820121131952,-7.38201211319517));
#6149=CARTESIAN_POINT('Ctrl Pts',(216.306714483866,10.5916893419814,-7.49168934198141));
#6150=CARTESIAN_POINT('Ctrl Pts',(215.84527119326,10.6990829963618,-7.59908299636182));
#6151=CARTESIAN_POINT('Ctrl Pts',(215.380912455977,10.8112110298916,-7.71121102989161));
#6152=CARTESIAN_POINT('Ctrl Pts',(214.913721447,10.9279191843738,-7.8279191843738));
#6153=CARTESIAN_POINT('Ctrl Pts',(214.475478561914,11.0373958595466,-7.93739585954661));
#6154=CARTESIAN_POINT('Ctrl Pts',(214.034742549676,11.1509024704477,-8.05090247044775));
#6155=CARTESIAN_POINT('Ctrl Pts',(213.591551275843,11.2683312027356,-8.16833120273561));
#6156=CARTESIAN_POINT('Origin',(235.45,8.83883476483184,-8.83883476483184));
#6157=CARTESIAN_POINT('Origin',(221.45,-1.57954944338724E-20,4.62612640100464E-35));
#6158=CARTESIAN_POINT('Origin',(221.45,-1.57954944338724E-20,4.62612640100464E-35));
#6159=CARTESIAN_POINT('Origin',(235.45,-8.83883476483184,-8.83883476483184));
#6160=CARTESIAN_POINT('',(235.45,-7.13883476483184,-8.83883476483184));
#6161=CARTESIAN_POINT('Origin',(235.45,-8.83883476483184,-8.83883476483184));
#6162=CARTESIAN_POINT('Origin',(221.45,-1.57954944338724E-20,4.62612640100464E-35));
#6163=CARTESIAN_POINT('Origin',(221.45,-1.57954944338724E-20,4.62612640100464E-35));
#6164=CARTESIAN_POINT('Origin',(242.45,-8.83883476483184,-8.83883476483184));
#6165=CARTESIAN_POINT('',(242.45,-7.13883476483184,-8.83883476483184));
#6166=CARTESIAN_POINT('Origin',(242.45,-8.83883476483184,-8.83883476483184));
#6167=CARTESIAN_POINT('',(242.45,-7.13883476483184,-8.83883476483184));
#6168=CARTESIAN_POINT('Origin',(235.45,-8.83883476483184,8.83883476483184));
#6169=CARTESIAN_POINT('',(235.45,-8.83883476483184,7.13883476483184));
#6170=CARTESIAN_POINT('Origin',(235.45,-8.83883476483184,8.83883476483184));
#6171=CARTESIAN_POINT('Origin',(242.45,-8.83883476483184,8.83883476483184));
#6172=CARTESIAN_POINT('',(242.45,-8.83883476483184,7.13883476483184));
#6173=CARTESIAN_POINT('Origin',(242.45,-8.83883476483184,8.83883476483184));
#6174=CARTESIAN_POINT('',(242.45,-8.83883476483184,7.13883476483184));
#6175=CARTESIAN_POINT('Origin',(235.45,8.83883476483184,8.83883476483184));
#6176=CARTESIAN_POINT('',(235.45,7.13883476483184,8.83883476483184));
#6177=CARTESIAN_POINT('Origin',(235.45,8.83883476483184,8.83883476483184));
#6178=CARTESIAN_POINT('Origin',(242.45,8.83883476483184,8.83883476483184));
#6179=CARTESIAN_POINT('',(242.45,7.13883476483184,8.83883476483184));
#6180=CARTESIAN_POINT('Origin',(242.45,8.83883476483184,8.83883476483184));
#6181=CARTESIAN_POINT('',(242.45,7.13883476483184,8.83883476483184));
#6182=CARTESIAN_POINT('Origin',(235.45,8.83883476483184,-8.83883476483184));
#6183=CARTESIAN_POINT('',(235.45,8.83883476483184,-7.13883476483184));
#6184=CARTESIAN_POINT('Origin',(235.45,8.83883476483184,-8.83883476483184));
#6185=CARTESIAN_POINT('Origin',(242.45,8.83883476483184,-8.83883476483184));
#6186=CARTESIAN_POINT('',(242.45,8.83883476483184,-7.13883476483184));
#6187=CARTESIAN_POINT('Origin',(242.45,8.83883476483184,-8.83883476483184));
#6188=CARTESIAN_POINT('',(242.45,8.83883476483184,-7.13883476483184));
#6189=CARTESIAN_POINT('Origin',(242.45,2.90679937272277E-29,-7.92874006227909E-29));
#6190=CARTESIAN_POINT('',(242.45,-6.73555739531015E-16,5.5));
#6191=CARTESIAN_POINT('Origin',(242.45,2.90679937272277E-29,-7.92874006227909E-29));
#6192=CARTESIAN_POINT('',(238.45,-6.73555739531016E-16,5.5));
#6193=CARTESIAN_POINT('',(242.45,6.73555739531073E-16,5.5));
#6194=CARTESIAN_POINT('Origin',(238.45,2.85749556614646E-29,-7.92874006227909E-29));
#6195=CARTESIAN_POINT('Origin',(238.45,2.85749556614646E-29,-7.92874006227909E-29));
#6196=CARTESIAN_POINT('Origin',(205.45,8.38798323819134E-12,-8.5));
#6197=CARTESIAN_POINT('',(202.7,8.38764646032158E-12,-8.5));
#6198=CARTESIAN_POINT('Origin',(205.45,8.38798323819134E-12,-8.5));
#6199=CARTESIAN_POINT('',(202.7,8.38832001606111E-12,-8.5));
#6200=CARTESIAN_POINT('Origin',(205.45,8.38773495104306E-12,-8.5));
#6201=CARTESIAN_POINT('',(203.85,8.38778729470348E-12,-8.5));
#6202=CARTESIAN_POINT('Origin',(205.45,8.38798323819134E-12,-8.5));
#6203=CARTESIAN_POINT('Origin',(215.45,8.8318037044798E-12,8.5));
#6204=CARTESIAN_POINT('',(212.7,8.83146692661003E-12,8.5));
#6205=CARTESIAN_POINT('Origin',(215.45,8.8318037044798E-12,8.5));
#6206=CARTESIAN_POINT('',(212.7,8.83146692661003E-12,8.5));
#6207=CARTESIAN_POINT('Origin',(215.45,8.83182416089312E-12,8.5));
#6208=CARTESIAN_POINT('',(213.85,8.83160776099193E-12,8.5));
#6209=CARTESIAN_POINT('Origin',(215.45,8.8318037044798E-12,8.5));
#6210=CARTESIAN_POINT('Origin',(215.45,8.8318037044798E-12,-5.));
#6211=CARTESIAN_POINT('',(213.45,8.83155877511997E-12,-5.));
#6212=CARTESIAN_POINT('Origin',(215.45,8.8318037044798E-12,-5.));
#6213=CARTESIAN_POINT('',(213.45,8.83204863383963E-12,-5.));
#6214=CARTESIAN_POINT('Origin',(215.45,8.83182416089312E-12,-5.));
#6215=CARTESIAN_POINT('',(213.85,8.83160776099193E-12,-5.));
#6216=CARTESIAN_POINT('Origin',(215.45,8.8318037044798E-12,-5.));
#6217=CARTESIAN_POINT('Origin',(205.45,8.38798323819134E-12,5.));
#6218=CARTESIAN_POINT('',(203.45,8.38773830883151E-12,5.));
#6219=CARTESIAN_POINT('Origin',(205.45,8.38798323819134E-12,5.));
#6220=CARTESIAN_POINT('',(203.45,8.38773830883151E-12,5.));
#6221=CARTESIAN_POINT('Origin',(205.45,8.38801250679921E-12,5.));
#6222=CARTESIAN_POINT('',(203.85,8.38778729470348E-12,5.));
#6223=CARTESIAN_POINT('Origin',(205.45,8.38798323819134E-12,5.));
#6224=CARTESIAN_POINT('Origin',(215.45,8.8318037044798E-12,0.));
#6225=CARTESIAN_POINT('',(213.85,8.83199964796766E-12,-2.24999999999779));
#6226=CARTESIAN_POINT('',(213.85,8.83160776099193E-12,0.));
#6227=CARTESIAN_POINT('Origin',(215.45,8.8318037044798E-12,-2.24999999999779));
#6228=CARTESIAN_POINT('Origin',(215.45,8.8318037044798E-12,0.));
#6229=CARTESIAN_POINT('',(213.85,8.83160776099193E-12,2.25));
#6230=CARTESIAN_POINT('Origin',(215.45,8.8318037044798E-12,2.25));
#6231=CARTESIAN_POINT('',(213.85,8.83160776099193E-12,0.));
#6232=CARTESIAN_POINT('Origin',(205.45,8.38798323819134E-12,0.));
#6233=CARTESIAN_POINT('',(203.85,8.3881791816792E-12,-2.24999999999779));
#6234=CARTESIAN_POINT('',(203.85,8.38778729470348E-12,0.));
#6235=CARTESIAN_POINT('Origin',(205.45,8.38798323819134E-12,-2.24999999999779));
#6236=CARTESIAN_POINT('Origin',(205.45,8.38798323819134E-12,0.));
#6237=CARTESIAN_POINT('',(203.85,8.38778729470348E-12,2.25));
#6238=CARTESIAN_POINT('Origin',(205.45,8.38798323819134E-12,2.25));
#6239=CARTESIAN_POINT('',(203.85,8.38778729470348E-12,0.));
#6240=CARTESIAN_POINT('Origin',(221.45,4.09725517876605,-0.14999999999999));
#6241=CARTESIAN_POINT('',(197.45,4.09725517876605,-0.14999999999999));
#6242=CARTESIAN_POINT('',(197.45,4.09725517876605,-0.14999999999999));
#6243=CARTESIAN_POINT('',(221.45,4.09725517876605,-0.14999999999999));
#6244=CARTESIAN_POINT('',(221.45,4.09725517876605,-0.14999999999999));
#6245=CARTESIAN_POINT('',(221.45,2.04862758938303,-0.14999999999999));
#6246=CARTESIAN_POINT('Origin',(221.45,-4.09725517876606,0.15000000000001));
#6247=CARTESIAN_POINT('',(197.45,-4.09725517876606,0.15000000000001));
#6248=CARTESIAN_POINT('',(197.45,-18.,0.150000000000012));
#6249=CARTESIAN_POINT('',(221.45,-4.09725517876606,0.15000000000001));
#6250=CARTESIAN_POINT('',(221.45,-4.09725517876606,0.15000000000001));
#6251=CARTESIAN_POINT('',(221.45,-2.04862758938303,0.150000000000009));
#6252=CARTESIAN_POINT('Origin',(197.45,2.29644755382586E-23,7.575));
#6253=CARTESIAN_POINT('',(197.45,3.42746261831187,2.25));
#6254=CARTESIAN_POINT('Origin',(197.45,-2.77555753859842E-15,-2.77555756156289E-16));
#6255=CARTESIAN_POINT('',(197.45,-3.42746261831187,2.25));
#6256=CARTESIAN_POINT('',(197.45,3.42746261831187,2.25));
#6257=CARTESIAN_POINT('Origin',(197.45,-2.77555753859842E-15,-2.77555756156289E-16));
#6258=CARTESIAN_POINT('Origin',(221.45,-1.57954944338724E-20,4.62612640100464E-35));
#6259=CARTESIAN_POINT('Origin',(221.45,-2.77555753859842E-15,-2.77555756156289E-16));
#6260=CARTESIAN_POINT('Origin',(221.45,-1.57954944338724E-20,4.62612640100464E-35));
#6261=CARTESIAN_POINT('Origin',(221.45,-2.77555753859842E-15,-2.77555756156289E-16));
#6262=CARTESIAN_POINT('Origin',(197.45,2.29644755382586E-23,-7.57499999999999));
#6263=CARTESIAN_POINT('',(197.45,-3.42746261831332,-2.24999999999779));
#6264=CARTESIAN_POINT('Origin',(197.45,-2.77555753859842E-15,-2.77555756156289E-16));
#6265=CARTESIAN_POINT('',(197.45,3.42746261831188,-2.24999999999999));
#6266=CARTESIAN_POINT('',(197.45,-3.42746261831332,-2.24999999999779));
#6267=CARTESIAN_POINT('Origin',(197.45,-2.77555753859842E-15,-2.77555756156289E-16));
#6268=CARTESIAN_POINT('Origin',(221.45,3.42746261831187,2.25));
#6269=CARTESIAN_POINT('',(222.45,3.42746261831187,2.25));
#6270=CARTESIAN_POINT('',(221.45,3.42746261831187,2.25));
#6271=CARTESIAN_POINT('',(222.45,-3.42746261831187,2.25));
#6272=CARTESIAN_POINT('',(222.45,3.42746261831187,2.25));
#6273=CARTESIAN_POINT('',(221.45,-3.42746261831187,2.25));
#6274=CARTESIAN_POINT('Origin',(221.45,-2.77555753859842E-15,-2.77555756156289E-16));
#6275=CARTESIAN_POINT('',(222.45,3.42746261831188,-2.24999999999999));
#6276=CARTESIAN_POINT('',(221.45,3.42746261831188,-2.24999999999999));
#6277=CARTESIAN_POINT('Origin',(222.45,-2.77555753859842E-15,-2.77555756156289E-16));
#6278=CARTESIAN_POINT('Origin',(221.45,-3.42746261831332,-2.24999999999779));
#6279=CARTESIAN_POINT('',(222.45,-3.42746261831332,-2.24999999999779));
#6280=CARTESIAN_POINT('',(221.45,-3.42746261831332,-2.24999999999779));
#6281=CARTESIAN_POINT('',(222.45,-3.42746261831332,-2.24999999999779));
#6282=CARTESIAN_POINT('Origin',(221.45,-2.77555753859842E-15,-2.77555756156289E-16));
#6283=CARTESIAN_POINT('Origin',(222.45,-2.77555753859842E-15,-2.77555756156289E-16));
#6284=CARTESIAN_POINT('Origin',(222.45,-2.77555753859842E-15,6.38378239159465E-15));
#6285=CARTESIAN_POINT('Origin',(242.45,1.60706086633797,-0.578541911873414));
#6286=UNCERTAINTY_MEASURE_WITH_UNIT(LENGTH_MEASURE(0.01),#6290,
'DISTANCE_ACCURACY_VALUE',
'Maximum model space distance between geometric entities at asserted c
onnectivities');
#6287=UNCERTAINTY_MEASURE_WITH_UNIT(LENGTH_MEASURE(0.01),#6290,
'DISTANCE_ACCURACY_VALUE',
'Maximum model space distance between geometric entities at asserted c
onnectivities');
#6288=(
GEOMETRIC_REPRESENTATION_CONTEXT(3)
GLOBAL_UNCERTAINTY_ASSIGNED_CONTEXT((#6286))
GLOBAL_UNIT_ASSIGNED_CONTEXT((#6290,#6292,#6293))
REPRESENTATION_CONTEXT('','3D')
);
#6289=(
GEOMETRIC_REPRESENTATION_CONTEXT(3)
GLOBAL_UNCERTAINTY_ASSIGNED_CONTEXT((#6287))
GLOBAL_UNIT_ASSIGNED_CONTEXT((#6290,#6292,#6293))
REPRESENTATION_CONTEXT('','3D')
);
#6290=(
LENGTH_UNIT()
NAMED_UNIT(*)
SI_UNIT(.MILLI.,.METRE.)
);
#6291=(
LENGTH_UNIT()
NAMED_UNIT(*)
SI_UNIT($,.METRE.)
);
#6292=(
NAMED_UNIT(*)
PLANE_ANGLE_UNIT()
SI_UNIT($,.RADIAN.)
);
#6293=(
NAMED_UNIT(*)
SI_UNIT($,.STERADIAN.)
SOLID_ANGLE_UNIT()
);
#6294=SHAPE_DEFINITION_REPRESENTATION(#6295,#6296);
#6295=PRODUCT_DEFINITION_SHAPE('',$,#6298);
#6296=SHAPE_REPRESENTATION('',(#1216),#6288);
#6297=PRODUCT_DEFINITION_CONTEXT('part definition',#6302,'design');
#6298=PRODUCT_DEFINITION('MAD Polar Mount','MAD Polar Mount',#6299,#6297);
#6299=PRODUCT_DEFINITION_FORMATION('',$,#6304);
#6300=PRODUCT_RELATED_PRODUCT_CATEGORY('MAD Polar Mount',
'MAD Polar Mount',(#6304));
#6301=APPLICATION_PROTOCOL_DEFINITION('international standard',
'automotive_design',2009,#6302);
#6302=APPLICATION_CONTEXT(
'Core Data for Automotive Mechanical Design Process');
#6303=PRODUCT_CONTEXT('part definition',#6302,'mechanical');
#6304=PRODUCT('MAD Polar Mount','MAD Polar Mount',$,(#6303));
#6305=PRESENTATION_STYLE_ASSIGNMENT((#6306));
#6306=SURFACE_STYLE_USAGE(.BOTH.,#6307);
#6307=SURFACE_SIDE_STYLE('',(#6308));
#6308=SURFACE_STYLE_FILL_AREA(#6309);
#6309=FILL_AREA_STYLE('Steel - Satin',(#6310));
#6310=FILL_AREA_STYLE_COLOUR('Steel - Satin',#6311);
#6311=COLOUR_RGB('Steel - Satin',0.627450980392157,0.627450980392157,0.627450980392157);
ENDSEC;
END-ISO-10303-21;
