ISO-10303-21;
HEADER;
/* Generated by software containing ST-Developer
 * from STEP Tools, Inc. (www.steptools.com) 
 */

FILE_DESCRIPTION(
/* description */ (''),
/* implementation_level */ '2;1');

FILE_NAME(
/* name */ 'Shaft Grind Guide Top.step',
/* time_stamp */ '2025-05-01T08:27:30+01:00',
/* author */ (''),
/* organization */ (''),
/* preprocessor_version */ 'ST-DEVELOPER v20.1',
/* originating_system */ 'Autodesk Translation Framework v14.4.0.0',
/* authorisation */ '');

FILE_SCHEMA (('AUTOMOTIVE_DESIGN { 1 0 10303 214 3 1 1 }'));
ENDSEC;

DATA;
#10=MECHANICAL_DESIGN_GEOMETRIC_PRESENTATION_REPRESENTATION('',(#13),#2348);
#11=SHAPE_REPRESENTATION_RELATIONSHIP('SRR','None',#2355,#12);
#12=ADVANCED_BREP_SHAPE_REPRESENTATION('',(#14),#2347);
#13=STYLED_ITEM('',(#2364),#14);
#14=MANIFOLD_SOLID_BREP('Shaft Grind Guide Top',#1380);
#15=FACE_BOUND('',#436,.T.);
#16=FACE_BOUND('',#437,.T.);
#17=FACE_BOUND('',#438,.T.);
#18=FACE_BOUND('',#440,.T.);
#19=FACE_BOUND('',#441,.T.);
#20=FACE_BOUND('',#442,.T.);
#21=FACE_BOUND('',#444,.T.);
#22=FACE_BOUND('',#445,.T.);
#23=FACE_BOUND('',#446,.T.);
#24=FACE_BOUND('',#448,.T.);
#25=FACE_BOUND('',#449,.T.);
#26=FACE_BOUND('',#450,.T.);
#27=FACE_BOUND('',#452,.T.);
#28=FACE_BOUND('',#453,.T.);
#29=FACE_BOUND('',#454,.T.);
#30=FACE_BOUND('',#456,.T.);
#31=FACE_BOUND('',#457,.T.);
#32=FACE_BOUND('',#458,.T.);
#33=FACE_BOUND('',#489,.T.);
#34=FACE_BOUND('',#490,.T.);
#35=FACE_BOUND('',#491,.T.);
#36=FACE_BOUND('',#492,.T.);
#37=FACE_BOUND('',#493,.T.);
#38=FACE_BOUND('',#494,.T.);
#39=FACE_BOUND('',#495,.T.);
#40=FACE_BOUND('',#496,.T.);
#41=FACE_BOUND('',#497,.T.);
#42=FACE_BOUND('',#498,.T.);
#43=FACE_BOUND('',#499,.T.);
#44=FACE_BOUND('',#500,.T.);
#45=FACE_BOUND('',#501,.T.);
#46=FACE_BOUND('',#502,.T.);
#47=FACE_BOUND('',#503,.T.);
#48=FACE_BOUND('',#504,.T.);
#49=FACE_BOUND('',#505,.T.);
#50=FACE_BOUND('',#506,.T.);
#51=LINE('',#1990,#166);
#52=LINE('',#1997,#167);
#53=LINE('',#2004,#168);
#54=LINE('',#2011,#169);
#55=LINE('',#2018,#170);
#56=LINE('',#2025,#171);
#57=LINE('',#2032,#172);
#58=LINE('',#2039,#173);
#59=LINE('',#2046,#174);
#60=LINE('',#2052,#175);
#61=LINE('',#2057,#176);
#62=LINE('',#2063,#177);
#63=LINE('',#2069,#178);
#64=LINE('',#2075,#179);
#65=LINE('',#2080,#180);
#66=LINE('',#2084,#181);
#67=LINE('',#2089,#182);
#68=LINE('',#2095,#183);
#69=LINE('',#2101,#184);
#70=LINE('',#2106,#185);
#71=LINE('',#2110,#186);
#72=LINE('',#2114,#187);
#73=LINE('',#2118,#188);
#74=LINE('',#2123,#189);
#75=LINE('',#2129,#190);
#76=LINE('',#2134,#191);
#77=LINE('',#2138,#192);
#78=LINE('',#2142,#193);
#79=LINE('',#2144,#194);
#80=LINE('',#2146,#195);
#81=LINE('',#2147,#196);
#82=LINE('',#2151,#197);
#83=LINE('',#2153,#198);
#84=LINE('',#2155,#199);
#85=LINE('',#2156,#200);
#86=LINE('',#2160,#201);
#87=LINE('',#2162,#202);
#88=LINE('',#2164,#203);
#89=LINE('',#2165,#204);
#90=LINE('',#2169,#205);
#91=LINE('',#2171,#206);
#92=LINE('',#2173,#207);
#93=LINE('',#2174,#208);
#94=LINE('',#2178,#209);
#95=LINE('',#2180,#210);
#96=LINE('',#2182,#211);
#97=LINE('',#2183,#212);
#98=LINE('',#2187,#213);
#99=LINE('',#2189,#214);
#100=LINE('',#2191,#215);
#101=LINE('',#2192,#216);
#102=LINE('',#2195,#217);
#103=LINE('',#2197,#218);
#104=LINE('',#2199,#219);
#105=LINE('',#2203,#220);
#106=LINE('',#2204,#221);
#107=LINE('',#2207,#222);
#108=LINE('',#2209,#223);
#109=LINE('',#2211,#224);
#110=LINE('',#2215,#225);
#111=LINE('',#2217,#226);
#112=LINE('',#2219,#227);
#113=LINE('',#2223,#228);
#114=LINE('',#2225,#229);
#115=LINE('',#2227,#230);
#116=LINE('',#2231,#231);
#117=LINE('',#2233,#232);
#118=LINE('',#2235,#233);
#119=LINE('',#2239,#234);
#120=LINE('',#2243,#235);
#121=LINE('',#2246,#236);
#122=LINE('',#2251,#237);
#123=LINE('',#2254,#238);
#124=LINE('',#2258,#239);
#125=LINE('',#2261,#240);
#126=LINE('',#2264,#241);
#127=LINE('',#2268,#242);
#128=LINE('',#2270,#243);
#129=LINE('',#2271,#244);
#130=LINE('',#2274,#245);
#131=LINE('',#2275,#246);
#132=LINE('',#2278,#247);
#133=LINE('',#2279,#248);
#134=LINE('',#2282,#249);
#135=LINE('',#2283,#250);
#136=LINE('',#2286,#251);
#137=LINE('',#2287,#252);
#138=LINE('',#2290,#253);
#139=LINE('',#2291,#254);
#140=LINE('',#2294,#255);
#141=LINE('',#2295,#256);
#142=LINE('',#2297,#257);
#143=LINE('',#2300,#258);
#144=LINE('',#2301,#259);
#145=LINE('',#2304,#260);
#146=LINE('',#2305,#261);
#147=LINE('',#2307,#262);
#148=LINE('',#2310,#263);
#149=LINE('',#2311,#264);
#150=LINE('',#2314,#265);
#151=LINE('',#2315,#266);
#152=LINE('',#2317,#267);
#153=LINE('',#2320,#268);
#154=LINE('',#2322,#269);
#155=LINE('',#2323,#270);
#156=LINE('',#2325,#271);
#157=LINE('',#2328,#272);
#158=LINE('',#2329,#273);
#159=LINE('',#2331,#274);
#160=LINE('',#2334,#275);
#161=LINE('',#2335,#276);
#162=LINE('',#2338,#277);
#163=LINE('',#2339,#278);
#164=LINE('',#2341,#279);
#165=LINE('',#2343,#280);
#166=VECTOR('',#1585,2.75);
#167=VECTOR('',#1594,2.75);
#168=VECTOR('',#1603,2.75);
#169=VECTOR('',#1612,2.75);
#170=VECTOR('',#1621,2.74999999999999);
#171=VECTOR('',#1630,2.75);
#172=VECTOR('',#1639,2.75);
#173=VECTOR('',#1648,2.75);
#174=VECTOR('',#1657,2.74999999999999);
#175=VECTOR('',#1666,1.40000000000001);
#176=VECTOR('',#1671,1.40000000000001);
#177=VECTOR('',#1678,1.40000000000001);
#178=VECTOR('',#1685,1.4);
#179=VECTOR('',#1692,1.4);
#180=VECTOR('',#1699,1.4);
#181=VECTOR('',#1704,1.40000000000001);
#182=VECTOR('',#1709,1.40000000000001);
#183=VECTOR('',#1716,1.40000000000001);
#184=VECTOR('',#1723,1.40000000000001);
#185=VECTOR('',#1730,1.40000000000001);
#186=VECTOR('',#1735,1.40000000000001);
#187=VECTOR('',#1740,1.4);
#188=VECTOR('',#1745,1.4);
#189=VECTOR('',#1750,1.4);
#190=VECTOR('',#1757,1.40000000000001);
#191=VECTOR('',#1764,1.40000000000001);
#192=VECTOR('',#1769,1.40000000000001);
#193=VECTOR('',#1772,10.);
#194=VECTOR('',#1773,10.);
#195=VECTOR('',#1774,10.);
#196=VECTOR('',#1775,10.);
#197=VECTOR('',#1778,10.);
#198=VECTOR('',#1779,10.);
#199=VECTOR('',#1780,10.);
#200=VECTOR('',#1781,10.);
#201=VECTOR('',#1784,10.);
#202=VECTOR('',#1785,10.);
#203=VECTOR('',#1786,10.);
#204=VECTOR('',#1787,10.);
#205=VECTOR('',#1790,10.);
#206=VECTOR('',#1791,10.);
#207=VECTOR('',#1792,10.);
#208=VECTOR('',#1793,10.);
#209=VECTOR('',#1796,10.);
#210=VECTOR('',#1797,10.);
#211=VECTOR('',#1798,10.);
#212=VECTOR('',#1799,10.);
#213=VECTOR('',#1802,10.);
#214=VECTOR('',#1803,10.);
#215=VECTOR('',#1804,10.);
#216=VECTOR('',#1805,10.);
#217=VECTOR('',#1808,10.);
#218=VECTOR('',#1809,10.);
#219=VECTOR('',#1810,10.);
#220=VECTOR('',#1815,10.);
#221=VECTOR('',#1816,10.);
#222=VECTOR('',#1819,10.);
#223=VECTOR('',#1820,10.);
#224=VECTOR('',#1821,10.);
#225=VECTOR('',#1826,10.);
#226=VECTOR('',#1827,10.);
#227=VECTOR('',#1828,10.);
#228=VECTOR('',#1833,10.);
#229=VECTOR('',#1834,10.);
#230=VECTOR('',#1835,10.);
#231=VECTOR('',#1840,10.);
#232=VECTOR('',#1841,10.);
#233=VECTOR('',#1842,10.);
#234=VECTOR('',#1847,10.);
#235=VECTOR('',#1850,10.);
#236=VECTOR('',#1853,10.);
#237=VECTOR('',#1858,10.);
#238=VECTOR('',#1861,10.);
#239=VECTOR('',#1864,10.);
#240=VECTOR('',#1867,10.);
#241=VECTOR('',#1870,10.);
#242=VECTOR('',#1875,10.);
#243=VECTOR('',#1876,10.);
#244=VECTOR('',#1877,10.);
#245=VECTOR('',#1880,10.);
#246=VECTOR('',#1881,10.);
#247=VECTOR('',#1884,10.);
#248=VECTOR('',#1885,10.);
#249=VECTOR('',#1888,10.);
#250=VECTOR('',#1889,10.);
#251=VECTOR('',#1892,10.);
#252=VECTOR('',#1893,10.);
#253=VECTOR('',#1896,10.);
#254=VECTOR('',#1897,10.);
#255=VECTOR('',#1900,10.);
#256=VECTOR('',#1901,10.);
#257=VECTOR('',#1904,10.);
#258=VECTOR('',#1907,10.);
#259=VECTOR('',#1908,10.);
#260=VECTOR('',#1911,10.);
#261=VECTOR('',#1912,10.);
#262=VECTOR('',#1915,10.);
#263=VECTOR('',#1918,10.);
#264=VECTOR('',#1919,10.);
#265=VECTOR('',#1922,10.);
#266=VECTOR('',#1923,10.);
#267=VECTOR('',#1926,10.);
#268=VECTOR('',#1929,10.);
#269=VECTOR('',#1930,10.);
#270=VECTOR('',#1931,10.);
#271=VECTOR('',#1934,10.);
#272=VECTOR('',#1937,10.);
#273=VECTOR('',#1938,10.);
#274=VECTOR('',#1941,10.);
#275=VECTOR('',#1944,10.);
#276=VECTOR('',#1945,10.);
#277=VECTOR('',#1948,10.);
#278=VECTOR('',#1949,10.);
#279=VECTOR('',#1952,10.);
#280=VECTOR('',#1955,10.);
#281=CYLINDRICAL_SURFACE('',#1412,2.75);
#282=CYLINDRICAL_SURFACE('',#1416,2.75);
#283=CYLINDRICAL_SURFACE('',#1420,2.75);
#284=CYLINDRICAL_SURFACE('',#1424,2.75);
#285=CYLINDRICAL_SURFACE('',#1428,2.74999999999999);
#286=CYLINDRICAL_SURFACE('',#1432,2.75);
#287=CYLINDRICAL_SURFACE('',#1436,2.75);
#288=CYLINDRICAL_SURFACE('',#1440,2.75);
#289=CYLINDRICAL_SURFACE('',#1444,2.74999999999999);
#290=CYLINDRICAL_SURFACE('',#1448,1.40000000000001);
#291=CYLINDRICAL_SURFACE('',#1450,1.40000000000001);
#292=CYLINDRICAL_SURFACE('',#1453,1.40000000000001);
#293=CYLINDRICAL_SURFACE('',#1456,1.4);
#294=CYLINDRICAL_SURFACE('',#1459,1.4);
#295=CYLINDRICAL_SURFACE('',#1462,1.4);
#296=CYLINDRICAL_SURFACE('',#1464,1.40000000000001);
#297=CYLINDRICAL_SURFACE('',#1466,1.40000000000001);
#298=CYLINDRICAL_SURFACE('',#1469,1.40000000000001);
#299=CYLINDRICAL_SURFACE('',#1472,1.40000000000001);
#300=CYLINDRICAL_SURFACE('',#1475,1.40000000000001);
#301=CYLINDRICAL_SURFACE('',#1477,1.40000000000001);
#302=CYLINDRICAL_SURFACE('',#1479,1.4);
#303=CYLINDRICAL_SURFACE('',#1481,1.4);
#304=CYLINDRICAL_SURFACE('',#1483,1.4);
#305=CYLINDRICAL_SURFACE('',#1486,1.40000000000001);
#306=CYLINDRICAL_SURFACE('',#1489,1.40000000000001);
#307=CYLINDRICAL_SURFACE('',#1491,1.40000000000001);
#308=CYLINDRICAL_SURFACE('',#1510,3.99999999999533);
#309=FACE_OUTER_BOUND('',#390,.T.);
#310=FACE_OUTER_BOUND('',#391,.T.);
#311=FACE_OUTER_BOUND('',#392,.T.);
#312=FACE_OUTER_BOUND('',#393,.T.);
#313=FACE_OUTER_BOUND('',#394,.T.);
#314=FACE_OUTER_BOUND('',#395,.T.);
#315=FACE_OUTER_BOUND('',#396,.T.);
#316=FACE_OUTER_BOUND('',#397,.T.);
#317=FACE_OUTER_BOUND('',#398,.T.);
#318=FACE_OUTER_BOUND('',#399,.T.);
#319=FACE_OUTER_BOUND('',#400,.T.);
#320=FACE_OUTER_BOUND('',#401,.T.);
#321=FACE_OUTER_BOUND('',#402,.T.);
#322=FACE_OUTER_BOUND('',#403,.T.);
#323=FACE_OUTER_BOUND('',#404,.T.);
#324=FACE_OUTER_BOUND('',#405,.T.);
#325=FACE_OUTER_BOUND('',#406,.T.);
#326=FACE_OUTER_BOUND('',#407,.T.);
#327=FACE_OUTER_BOUND('',#408,.T.);
#328=FACE_OUTER_BOUND('',#409,.T.);
#329=FACE_OUTER_BOUND('',#410,.T.);
#330=FACE_OUTER_BOUND('',#411,.T.);
#331=FACE_OUTER_BOUND('',#412,.T.);
#332=FACE_OUTER_BOUND('',#413,.T.);
#333=FACE_OUTER_BOUND('',#414,.T.);
#334=FACE_OUTER_BOUND('',#415,.T.);
#335=FACE_OUTER_BOUND('',#416,.T.);
#336=FACE_OUTER_BOUND('',#417,.T.);
#337=FACE_OUTER_BOUND('',#418,.T.);
#338=FACE_OUTER_BOUND('',#419,.T.);
#339=FACE_OUTER_BOUND('',#420,.T.);
#340=FACE_OUTER_BOUND('',#421,.T.);
#341=FACE_OUTER_BOUND('',#422,.T.);
#342=FACE_OUTER_BOUND('',#423,.T.);
#343=FACE_OUTER_BOUND('',#424,.T.);
#344=FACE_OUTER_BOUND('',#425,.T.);
#345=FACE_OUTER_BOUND('',#426,.T.);
#346=FACE_OUTER_BOUND('',#427,.T.);
#347=FACE_OUTER_BOUND('',#428,.T.);
#348=FACE_OUTER_BOUND('',#429,.T.);
#349=FACE_OUTER_BOUND('',#430,.T.);
#350=FACE_OUTER_BOUND('',#431,.T.);
#351=FACE_OUTER_BOUND('',#432,.T.);
#352=FACE_OUTER_BOUND('',#433,.T.);
#353=FACE_OUTER_BOUND('',#434,.T.);
#354=FACE_OUTER_BOUND('',#435,.T.);
#355=FACE_OUTER_BOUND('',#439,.T.);
#356=FACE_OUTER_BOUND('',#443,.T.);
#357=FACE_OUTER_BOUND('',#447,.T.);
#358=FACE_OUTER_BOUND('',#451,.T.);
#359=FACE_OUTER_BOUND('',#455,.T.);
#360=FACE_OUTER_BOUND('',#459,.T.);
#361=FACE_OUTER_BOUND('',#460,.T.);
#362=FACE_OUTER_BOUND('',#461,.T.);
#363=FACE_OUTER_BOUND('',#462,.T.);
#364=FACE_OUTER_BOUND('',#463,.T.);
#365=FACE_OUTER_BOUND('',#464,.T.);
#366=FACE_OUTER_BOUND('',#465,.T.);
#367=FACE_OUTER_BOUND('',#466,.T.);
#368=FACE_OUTER_BOUND('',#467,.T.);
#369=FACE_OUTER_BOUND('',#468,.T.);
#370=FACE_OUTER_BOUND('',#469,.T.);
#371=FACE_OUTER_BOUND('',#470,.T.);
#372=FACE_OUTER_BOUND('',#471,.T.);
#373=FACE_OUTER_BOUND('',#472,.T.);
#374=FACE_OUTER_BOUND('',#473,.T.);
#375=FACE_OUTER_BOUND('',#474,.T.);
#376=FACE_OUTER_BOUND('',#475,.T.);
#377=FACE_OUTER_BOUND('',#476,.T.);
#378=FACE_OUTER_BOUND('',#477,.T.);
#379=FACE_OUTER_BOUND('',#478,.T.);
#380=FACE_OUTER_BOUND('',#479,.T.);
#381=FACE_OUTER_BOUND('',#480,.T.);
#382=FACE_OUTER_BOUND('',#481,.T.);
#383=FACE_OUTER_BOUND('',#482,.T.);
#384=FACE_OUTER_BOUND('',#483,.T.);
#385=FACE_OUTER_BOUND('',#484,.T.);
#386=FACE_OUTER_BOUND('',#485,.T.);
#387=FACE_OUTER_BOUND('',#486,.T.);
#388=FACE_OUTER_BOUND('',#487,.T.);
#389=FACE_OUTER_BOUND('',#488,.T.);
#390=EDGE_LOOP('',(#880));
#391=EDGE_LOOP('',(#881));
#392=EDGE_LOOP('',(#882));
#393=EDGE_LOOP('',(#883));
#394=EDGE_LOOP('',(#884));
#395=EDGE_LOOP('',(#885));
#396=EDGE_LOOP('',(#886));
#397=EDGE_LOOP('',(#887));
#398=EDGE_LOOP('',(#888));
#399=EDGE_LOOP('',(#889,#890,#891,#892));
#400=EDGE_LOOP('',(#893));
#401=EDGE_LOOP('',(#894,#895,#896,#897));
#402=EDGE_LOOP('',(#898));
#403=EDGE_LOOP('',(#899,#900,#901,#902));
#404=EDGE_LOOP('',(#903));
#405=EDGE_LOOP('',(#904,#905,#906,#907));
#406=EDGE_LOOP('',(#908));
#407=EDGE_LOOP('',(#909,#910,#911,#912));
#408=EDGE_LOOP('',(#913));
#409=EDGE_LOOP('',(#914,#915,#916,#917));
#410=EDGE_LOOP('',(#918));
#411=EDGE_LOOP('',(#919,#920,#921,#922));
#412=EDGE_LOOP('',(#923));
#413=EDGE_LOOP('',(#924,#925,#926,#927));
#414=EDGE_LOOP('',(#928));
#415=EDGE_LOOP('',(#929,#930,#931,#932));
#416=EDGE_LOOP('',(#933));
#417=EDGE_LOOP('',(#934,#935,#936,#937));
#418=EDGE_LOOP('',(#938,#939,#940,#941));
#419=EDGE_LOOP('',(#942,#943,#944,#945));
#420=EDGE_LOOP('',(#946,#947,#948,#949));
#421=EDGE_LOOP('',(#950,#951,#952,#953));
#422=EDGE_LOOP('',(#954,#955,#956,#957));
#423=EDGE_LOOP('',(#958,#959,#960,#961));
#424=EDGE_LOOP('',(#962,#963,#964,#965));
#425=EDGE_LOOP('',(#966,#967,#968,#969));
#426=EDGE_LOOP('',(#970,#971,#972,#973));
#427=EDGE_LOOP('',(#974,#975,#976,#977));
#428=EDGE_LOOP('',(#978,#979,#980,#981));
#429=EDGE_LOOP('',(#982,#983,#984,#985));
#430=EDGE_LOOP('',(#986,#987,#988,#989));
#431=EDGE_LOOP('',(#990,#991,#992,#993));
#432=EDGE_LOOP('',(#994,#995,#996,#997));
#433=EDGE_LOOP('',(#998,#999,#1000,#1001));
#434=EDGE_LOOP('',(#1002,#1003,#1004,#1005));
#435=EDGE_LOOP('',(#1006,#1007,#1008,#1009));
#436=EDGE_LOOP('',(#1010));
#437=EDGE_LOOP('',(#1011));
#438=EDGE_LOOP('',(#1012));
#439=EDGE_LOOP('',(#1013,#1014,#1015,#1016));
#440=EDGE_LOOP('',(#1017));
#441=EDGE_LOOP('',(#1018));
#442=EDGE_LOOP('',(#1019));
#443=EDGE_LOOP('',(#1020,#1021,#1022,#1023));
#444=EDGE_LOOP('',(#1024));
#445=EDGE_LOOP('',(#1025));
#446=EDGE_LOOP('',(#1026));
#447=EDGE_LOOP('',(#1027,#1028,#1029,#1030));
#448=EDGE_LOOP('',(#1031));
#449=EDGE_LOOP('',(#1032));
#450=EDGE_LOOP('',(#1033));
#451=EDGE_LOOP('',(#1034,#1035,#1036,#1037));
#452=EDGE_LOOP('',(#1038));
#453=EDGE_LOOP('',(#1039));
#454=EDGE_LOOP('',(#1040));
#455=EDGE_LOOP('',(#1041,#1042,#1043,#1044));
#456=EDGE_LOOP('',(#1045));
#457=EDGE_LOOP('',(#1046));
#458=EDGE_LOOP('',(#1047));
#459=EDGE_LOOP('',(#1048,#1049,#1050,#1051,#1052));
#460=EDGE_LOOP('',(#1053,#1054,#1055,#1056));
#461=EDGE_LOOP('',(#1057,#1058,#1059,#1060,#1061));
#462=EDGE_LOOP('',(#1062,#1063,#1064,#1065,#1066));
#463=EDGE_LOOP('',(#1067,#1068,#1069,#1070,#1071));
#464=EDGE_LOOP('',(#1072,#1073,#1074,#1075,#1076));
#465=EDGE_LOOP('',(#1077,#1078,#1079,#1080,#1081,#1082,#1083,#1084,#1085,
#1086,#1087,#1088,#1089,#1090,#1091,#1092,#1093,#1094,#1095,#1096,#1097,
#1098,#1099,#1100,#1101,#1102,#1103,#1104));
#466=EDGE_LOOP('',(#1105,#1106,#1107,#1108,#1109));
#467=EDGE_LOOP('',(#1110,#1111,#1112,#1113));
#468=EDGE_LOOP('',(#1114,#1115,#1116,#1117));
#469=EDGE_LOOP('',(#1118,#1119,#1120,#1121));
#470=EDGE_LOOP('',(#1122,#1123,#1124,#1125));
#471=EDGE_LOOP('',(#1126,#1127,#1128,#1129));
#472=EDGE_LOOP('',(#1130,#1131,#1132,#1133));
#473=EDGE_LOOP('',(#1134,#1135,#1136,#1137,#1138));
#474=EDGE_LOOP('',(#1139,#1140,#1141,#1142));
#475=EDGE_LOOP('',(#1143,#1144,#1145,#1146));
#476=EDGE_LOOP('',(#1147,#1148,#1149,#1150,#1151));
#477=EDGE_LOOP('',(#1152,#1153,#1154,#1155));
#478=EDGE_LOOP('',(#1156,#1157,#1158,#1159,#1160));
#479=EDGE_LOOP('',(#1161,#1162,#1163,#1164));
#480=EDGE_LOOP('',(#1165,#1166,#1167,#1168));
#481=EDGE_LOOP('',(#1169,#1170,#1171,#1172,#1173));
#482=EDGE_LOOP('',(#1174,#1175,#1176,#1177,#1178));
#483=EDGE_LOOP('',(#1179,#1180,#1181,#1182));
#484=EDGE_LOOP('',(#1183,#1184,#1185,#1186,#1187));
#485=EDGE_LOOP('',(#1188,#1189,#1190,#1191));
#486=EDGE_LOOP('',(#1192,#1193,#1194,#1195));
#487=EDGE_LOOP('',(#1196,#1197,#1198,#1199));
#488=EDGE_LOOP('',(#1200,#1201,#1202,#1203,#1204,#1205,#1206,#1207,#1208,
#1209,#1210,#1211,#1212,#1213,#1214,#1215,#1216,#1217,#1218,#1219,#1220,
#1221,#1222,#1223,#1224,#1225,#1226,#1227));
#489=EDGE_LOOP('',(#1228));
#490=EDGE_LOOP('',(#1229));
#491=EDGE_LOOP('',(#1230));
#492=EDGE_LOOP('',(#1231));
#493=EDGE_LOOP('',(#1232));
#494=EDGE_LOOP('',(#1233));
#495=EDGE_LOOP('',(#1234));
#496=EDGE_LOOP('',(#1235));
#497=EDGE_LOOP('',(#1236));
#498=EDGE_LOOP('',(#1237));
#499=EDGE_LOOP('',(#1238));
#500=EDGE_LOOP('',(#1239));
#501=EDGE_LOOP('',(#1240));
#502=EDGE_LOOP('',(#1241));
#503=EDGE_LOOP('',(#1242));
#504=EDGE_LOOP('',(#1243));
#505=EDGE_LOOP('',(#1244));
#506=EDGE_LOOP('',(#1245));
#507=CIRCLE('',#1395,1.4);
#508=CIRCLE('',#1397,1.40000000000001);
#509=CIRCLE('',#1399,1.40000000000001);
#510=CIRCLE('',#1401,1.40000000000001);
#511=CIRCLE('',#1403,1.4);
#512=CIRCLE('',#1405,1.40000000000001);
#513=CIRCLE('',#1407,1.40000000000001);
#514=CIRCLE('',#1409,1.40000000000001);
#515=CIRCLE('',#1411,1.4);
#516=CIRCLE('',#1413,2.75);
#517=CIRCLE('',#1414,2.75);
#518=CIRCLE('',#1417,2.75);
#519=CIRCLE('',#1418,2.75);
#520=CIRCLE('',#1421,2.75);
#521=CIRCLE('',#1422,2.75);
#522=CIRCLE('',#1425,2.75);
#523=CIRCLE('',#1426,2.75);
#524=CIRCLE('',#1429,2.74999999999999);
#525=CIRCLE('',#1430,2.74999999999999);
#526=CIRCLE('',#1433,2.75);
#527=CIRCLE('',#1434,2.75);
#528=CIRCLE('',#1437,2.75);
#529=CIRCLE('',#1438,2.75);
#530=CIRCLE('',#1441,2.75);
#531=CIRCLE('',#1442,2.75);
#532=CIRCLE('',#1445,2.74999999999999);
#533=CIRCLE('',#1446,2.74999999999999);
#534=CIRCLE('',#1449,1.40000000000001);
#535=CIRCLE('',#1451,1.40000000000001);
#536=CIRCLE('',#1452,1.40000000000001);
#537=CIRCLE('',#1454,1.40000000000001);
#538=CIRCLE('',#1455,1.40000000000001);
#539=CIRCLE('',#1457,1.4);
#540=CIRCLE('',#1458,1.4);
#541=CIRCLE('',#1460,1.4);
#542=CIRCLE('',#1461,1.4);
#543=CIRCLE('',#1463,1.4);
#544=CIRCLE('',#1465,1.40000000000001);
#545=CIRCLE('',#1467,1.40000000000001);
#546=CIRCLE('',#1468,1.40000000000001);
#547=CIRCLE('',#1470,1.40000000000001);
#548=CIRCLE('',#1471,1.40000000000001);
#549=CIRCLE('',#1473,1.40000000000001);
#550=CIRCLE('',#1474,1.40000000000001);
#551=CIRCLE('',#1476,1.40000000000001);
#552=CIRCLE('',#1478,1.40000000000001);
#553=CIRCLE('',#1480,1.4);
#554=CIRCLE('',#1482,1.4);
#555=CIRCLE('',#1484,1.4);
#556=CIRCLE('',#1485,1.4);
#557=CIRCLE('',#1487,1.40000000000001);
#558=CIRCLE('',#1488,1.40000000000001);
#559=CIRCLE('',#1490,1.40000000000001);
#560=CIRCLE('',#1492,1.40000000000001);
#561=CIRCLE('',#1500,3.99999999999533);
#562=CIRCLE('',#1503,3.99999999999533);
#563=CIRCLE('',#1505,3.99999999999533);
#564=CIRCLE('',#1507,3.99999999999533);
#565=CIRCLE('',#1509,3.99999999999533);
#566=CIRCLE('',#1511,3.99999999999533);
#567=CIRCLE('',#1512,3.99999999999533);
#568=CIRCLE('',#1513,3.99999999999533);
#569=CIRCLE('',#1514,3.99999999999533);
#570=CIRCLE('',#1515,3.99999999999533);
#571=CIRCLE('',#1516,3.99999999999533);
#572=CIRCLE('',#1517,3.99999999999533);
#573=CIRCLE('',#1518,3.99999999999533);
#574=CIRCLE('',#1519,3.99999999999533);
#575=VERTEX_POINT('',#1960);
#576=VERTEX_POINT('',#1963);
#577=VERTEX_POINT('',#1966);
#578=VERTEX_POINT('',#1969);
#579=VERTEX_POINT('',#1972);
#580=VERTEX_POINT('',#1975);
#581=VERTEX_POINT('',#1978);
#582=VERTEX_POINT('',#1981);
#583=VERTEX_POINT('',#1984);
#584=VERTEX_POINT('',#1987);
#585=VERTEX_POINT('',#1989);
#586=VERTEX_POINT('',#1994);
#587=VERTEX_POINT('',#1996);
#588=VERTEX_POINT('',#2001);
#589=VERTEX_POINT('',#2003);
#590=VERTEX_POINT('',#2008);
#591=VERTEX_POINT('',#2010);
#592=VERTEX_POINT('',#2015);
#593=VERTEX_POINT('',#2017);
#594=VERTEX_POINT('',#2022);
#595=VERTEX_POINT('',#2024);
#596=VERTEX_POINT('',#2029);
#597=VERTEX_POINT('',#2031);
#598=VERTEX_POINT('',#2036);
#599=VERTEX_POINT('',#2038);
#600=VERTEX_POINT('',#2043);
#601=VERTEX_POINT('',#2045);
#602=VERTEX_POINT('',#2050);
#603=VERTEX_POINT('',#2054);
#604=VERTEX_POINT('',#2056);
#605=VERTEX_POINT('',#2060);
#606=VERTEX_POINT('',#2062);
#607=VERTEX_POINT('',#2066);
#608=VERTEX_POINT('',#2068);
#609=VERTEX_POINT('',#2072);
#610=VERTEX_POINT('',#2074);
#611=VERTEX_POINT('',#2078);
#612=VERTEX_POINT('',#2082);
#613=VERTEX_POINT('',#2086);
#614=VERTEX_POINT('',#2088);
#615=VERTEX_POINT('',#2092);
#616=VERTEX_POINT('',#2094);
#617=VERTEX_POINT('',#2098);
#618=VERTEX_POINT('',#2100);
#619=VERTEX_POINT('',#2104);
#620=VERTEX_POINT('',#2108);
#621=VERTEX_POINT('',#2112);
#622=VERTEX_POINT('',#2116);
#623=VERTEX_POINT('',#2120);
#624=VERTEX_POINT('',#2122);
#625=VERTEX_POINT('',#2126);
#626=VERTEX_POINT('',#2128);
#627=VERTEX_POINT('',#2132);
#628=VERTEX_POINT('',#2136);
#629=VERTEX_POINT('',#2140);
#630=VERTEX_POINT('',#2141);
#631=VERTEX_POINT('',#2143);
#632=VERTEX_POINT('',#2145);
#633=VERTEX_POINT('',#2149);
#634=VERTEX_POINT('',#2150);
#635=VERTEX_POINT('',#2152);
#636=VERTEX_POINT('',#2154);
#637=VERTEX_POINT('',#2158);
#638=VERTEX_POINT('',#2159);
#639=VERTEX_POINT('',#2161);
#640=VERTEX_POINT('',#2163);
#641=VERTEX_POINT('',#2167);
#642=VERTEX_POINT('',#2168);
#643=VERTEX_POINT('',#2170);
#644=VERTEX_POINT('',#2172);
#645=VERTEX_POINT('',#2176);
#646=VERTEX_POINT('',#2177);
#647=VERTEX_POINT('',#2179);
#648=VERTEX_POINT('',#2181);
#649=VERTEX_POINT('',#2185);
#650=VERTEX_POINT('',#2186);
#651=VERTEX_POINT('',#2188);
#652=VERTEX_POINT('',#2190);
#653=VERTEX_POINT('',#2194);
#654=VERTEX_POINT('',#2196);
#655=VERTEX_POINT('',#2198);
#656=VERTEX_POINT('',#2202);
#657=VERTEX_POINT('',#2206);
#658=VERTEX_POINT('',#2208);
#659=VERTEX_POINT('',#2210);
#660=VERTEX_POINT('',#2214);
#661=VERTEX_POINT('',#2216);
#662=VERTEX_POINT('',#2218);
#663=VERTEX_POINT('',#2222);
#664=VERTEX_POINT('',#2224);
#665=VERTEX_POINT('',#2226);
#666=VERTEX_POINT('',#2230);
#667=VERTEX_POINT('',#2232);
#668=VERTEX_POINT('',#2234);
#669=VERTEX_POINT('',#2238);
#670=VERTEX_POINT('',#2240);
#671=VERTEX_POINT('',#2242);
#672=VERTEX_POINT('',#2245);
#673=VERTEX_POINT('',#2248);
#674=VERTEX_POINT('',#2250);
#675=VERTEX_POINT('',#2253);
#676=VERTEX_POINT('',#2255);
#677=VERTEX_POINT('',#2257);
#678=VERTEX_POINT('',#2260);
#679=VERTEX_POINT('',#2263);
#680=VERTEX_POINT('',#2267);
#681=VERTEX_POINT('',#2269);
#682=VERTEX_POINT('',#2273);
#683=VERTEX_POINT('',#2277);
#684=VERTEX_POINT('',#2281);
#685=VERTEX_POINT('',#2285);
#686=VERTEX_POINT('',#2289);
#687=VERTEX_POINT('',#2293);
#688=VERTEX_POINT('',#2299);
#689=VERTEX_POINT('',#2303);
#690=VERTEX_POINT('',#2309);
#691=VERTEX_POINT('',#2313);
#692=VERTEX_POINT('',#2319);
#693=VERTEX_POINT('',#2321);
#694=VERTEX_POINT('',#2327);
#695=VERTEX_POINT('',#2333);
#696=VERTEX_POINT('',#2337);
#697=EDGE_CURVE('',#575,#575,#507,.T.);
#698=EDGE_CURVE('',#576,#576,#508,.T.);
#699=EDGE_CURVE('',#577,#577,#509,.T.);
#700=EDGE_CURVE('',#578,#578,#510,.T.);
#701=EDGE_CURVE('',#579,#579,#511,.T.);
#702=EDGE_CURVE('',#580,#580,#512,.T.);
#703=EDGE_CURVE('',#581,#581,#513,.T.);
#704=EDGE_CURVE('',#582,#582,#514,.T.);
#705=EDGE_CURVE('',#583,#583,#515,.T.);
#706=EDGE_CURVE('',#584,#584,#516,.T.);
#707=EDGE_CURVE('',#584,#585,#51,.T.);
#708=EDGE_CURVE('',#585,#585,#517,.T.);
#709=EDGE_CURVE('',#586,#586,#518,.T.);
#710=EDGE_CURVE('',#586,#587,#52,.T.);
#711=EDGE_CURVE('',#587,#587,#519,.T.);
#712=EDGE_CURVE('',#588,#588,#520,.T.);
#713=EDGE_CURVE('',#588,#589,#53,.T.);
#714=EDGE_CURVE('',#589,#589,#521,.T.);
#715=EDGE_CURVE('',#590,#590,#522,.T.);
#716=EDGE_CURVE('',#590,#591,#54,.T.);
#717=EDGE_CURVE('',#591,#591,#523,.T.);
#718=EDGE_CURVE('',#592,#592,#524,.T.);
#719=EDGE_CURVE('',#592,#593,#55,.T.);
#720=EDGE_CURVE('',#593,#593,#525,.T.);
#721=EDGE_CURVE('',#594,#594,#526,.T.);
#722=EDGE_CURVE('',#594,#595,#56,.T.);
#723=EDGE_CURVE('',#595,#595,#527,.T.);
#724=EDGE_CURVE('',#596,#596,#528,.T.);
#725=EDGE_CURVE('',#596,#597,#57,.T.);
#726=EDGE_CURVE('',#597,#597,#529,.T.);
#727=EDGE_CURVE('',#598,#598,#530,.T.);
#728=EDGE_CURVE('',#598,#599,#58,.T.);
#729=EDGE_CURVE('',#599,#599,#531,.T.);
#730=EDGE_CURVE('',#600,#600,#532,.T.);
#731=EDGE_CURVE('',#600,#601,#59,.T.);
#732=EDGE_CURVE('',#601,#601,#533,.T.);
#733=EDGE_CURVE('',#602,#602,#534,.T.);
#734=EDGE_CURVE('',#602,#582,#60,.T.);
#735=EDGE_CURVE('',#603,#603,#535,.T.);
#736=EDGE_CURVE('',#603,#604,#61,.T.);
#737=EDGE_CURVE('',#604,#604,#536,.T.);
#738=EDGE_CURVE('',#605,#605,#537,.T.);
#739=EDGE_CURVE('',#605,#606,#62,.T.);
#740=EDGE_CURVE('',#606,#606,#538,.T.);
#741=EDGE_CURVE('',#607,#607,#539,.T.);
#742=EDGE_CURVE('',#607,#608,#63,.T.);
#743=EDGE_CURVE('',#608,#608,#540,.T.);
#744=EDGE_CURVE('',#609,#609,#541,.T.);
#745=EDGE_CURVE('',#609,#610,#64,.T.);
#746=EDGE_CURVE('',#610,#610,#542,.T.);
#747=EDGE_CURVE('',#611,#611,#543,.T.);
#748=EDGE_CURVE('',#611,#583,#65,.T.);
#749=EDGE_CURVE('',#612,#612,#544,.T.);
#750=EDGE_CURVE('',#612,#578,#66,.T.);
#751=EDGE_CURVE('',#613,#613,#545,.T.);
#752=EDGE_CURVE('',#613,#614,#67,.T.);
#753=EDGE_CURVE('',#614,#614,#546,.T.);
#754=EDGE_CURVE('',#615,#615,#547,.T.);
#755=EDGE_CURVE('',#615,#616,#68,.T.);
#756=EDGE_CURVE('',#616,#616,#548,.T.);
#757=EDGE_CURVE('',#617,#617,#549,.T.);
#758=EDGE_CURVE('',#617,#618,#69,.T.);
#759=EDGE_CURVE('',#618,#618,#550,.T.);
#760=EDGE_CURVE('',#619,#619,#551,.T.);
#761=EDGE_CURVE('',#619,#576,#70,.T.);
#762=EDGE_CURVE('',#620,#620,#552,.T.);
#763=EDGE_CURVE('',#620,#580,#71,.T.);
#764=EDGE_CURVE('',#621,#621,#553,.T.);
#765=EDGE_CURVE('',#621,#575,#72,.T.);
#766=EDGE_CURVE('',#622,#622,#554,.T.);
#767=EDGE_CURVE('',#622,#579,#73,.T.);
#768=EDGE_CURVE('',#623,#623,#555,.T.);
#769=EDGE_CURVE('',#623,#624,#74,.T.);
#770=EDGE_CURVE('',#624,#624,#556,.T.);
#771=EDGE_CURVE('',#625,#625,#557,.T.);
#772=EDGE_CURVE('',#625,#626,#75,.T.);
#773=EDGE_CURVE('',#626,#626,#558,.T.);
#774=EDGE_CURVE('',#627,#627,#559,.T.);
#775=EDGE_CURVE('',#627,#577,#76,.T.);
#776=EDGE_CURVE('',#628,#628,#560,.T.);
#777=EDGE_CURVE('',#628,#581,#77,.T.);
#778=EDGE_CURVE('',#629,#630,#78,.T.);
#779=EDGE_CURVE('',#631,#629,#79,.T.);
#780=EDGE_CURVE('',#632,#631,#80,.T.);
#781=EDGE_CURVE('',#630,#632,#81,.T.);
#782=EDGE_CURVE('',#633,#634,#82,.T.);
#783=EDGE_CURVE('',#635,#633,#83,.T.);
#784=EDGE_CURVE('',#636,#635,#84,.T.);
#785=EDGE_CURVE('',#634,#636,#85,.T.);
#786=EDGE_CURVE('',#637,#638,#86,.T.);
#787=EDGE_CURVE('',#639,#637,#87,.T.);
#788=EDGE_CURVE('',#640,#639,#88,.T.);
#789=EDGE_CURVE('',#638,#640,#89,.T.);
#790=EDGE_CURVE('',#641,#642,#90,.T.);
#791=EDGE_CURVE('',#643,#641,#91,.T.);
#792=EDGE_CURVE('',#644,#643,#92,.T.);
#793=EDGE_CURVE('',#642,#644,#93,.T.);
#794=EDGE_CURVE('',#645,#646,#94,.T.);
#795=EDGE_CURVE('',#647,#645,#95,.T.);
#796=EDGE_CURVE('',#648,#647,#96,.T.);
#797=EDGE_CURVE('',#646,#648,#97,.T.);
#798=EDGE_CURVE('',#649,#650,#98,.T.);
#799=EDGE_CURVE('',#651,#649,#99,.T.);
#800=EDGE_CURVE('',#652,#651,#100,.T.);
#801=EDGE_CURVE('',#650,#652,#101,.T.);
#802=EDGE_CURVE('',#653,#648,#102,.T.);
#803=EDGE_CURVE('',#654,#653,#103,.T.);
#804=EDGE_CURVE('',#655,#654,#104,.T.);
#805=EDGE_CURVE('',#646,#655,#561,.T.);
#806=EDGE_CURVE('',#647,#656,#105,.T.);
#807=EDGE_CURVE('',#656,#653,#106,.T.);
#808=EDGE_CURVE('',#657,#649,#107,.T.);
#809=EDGE_CURVE('',#658,#657,#108,.T.);
#810=EDGE_CURVE('',#659,#658,#109,.T.);
#811=EDGE_CURVE('',#651,#659,#562,.T.);
#812=EDGE_CURVE('',#660,#637,#110,.T.);
#813=EDGE_CURVE('',#661,#660,#111,.T.);
#814=EDGE_CURVE('',#662,#661,#112,.T.);
#815=EDGE_CURVE('',#639,#662,#563,.T.);
#816=EDGE_CURVE('',#663,#644,#113,.T.);
#817=EDGE_CURVE('',#664,#663,#114,.T.);
#818=EDGE_CURVE('',#665,#664,#115,.T.);
#819=EDGE_CURVE('',#642,#665,#564,.T.);
#820=EDGE_CURVE('',#666,#633,#116,.T.);
#821=EDGE_CURVE('',#667,#666,#117,.T.);
#822=EDGE_CURVE('',#668,#667,#118,.T.);
#823=EDGE_CURVE('',#635,#668,#565,.T.);
#824=EDGE_CURVE('',#659,#669,#119,.T.);
#825=EDGE_CURVE('',#670,#669,#566,.T.);
#826=EDGE_CURVE('',#670,#671,#120,.T.);
#827=EDGE_CURVE('',#671,#636,#567,.T.);
#828=EDGE_CURVE('',#668,#672,#121,.T.);
#829=EDGE_CURVE('',#672,#632,#568,.T.);
#830=EDGE_CURVE('',#631,#673,#569,.T.);
#831=EDGE_CURVE('',#673,#674,#122,.T.);
#832=EDGE_CURVE('',#674,#641,#570,.T.);
#833=EDGE_CURVE('',#665,#675,#123,.T.);
#834=EDGE_CURVE('',#676,#675,#571,.T.);
#835=EDGE_CURVE('',#676,#677,#124,.T.);
#836=EDGE_CURVE('',#677,#645,#572,.T.);
#837=EDGE_CURVE('',#655,#678,#125,.T.);
#838=EDGE_CURVE('',#678,#640,#573,.T.);
#839=EDGE_CURVE('',#662,#679,#126,.T.);
#840=EDGE_CURVE('',#679,#652,#574,.T.);
#841=EDGE_CURVE('',#680,#629,#127,.T.);
#842=EDGE_CURVE('',#681,#680,#128,.T.);
#843=EDGE_CURVE('',#673,#681,#129,.T.);
#844=EDGE_CURVE('',#650,#682,#130,.T.);
#845=EDGE_CURVE('',#682,#657,#131,.T.);
#846=EDGE_CURVE('',#638,#683,#132,.T.);
#847=EDGE_CURVE('',#683,#660,#133,.T.);
#848=EDGE_CURVE('',#643,#684,#134,.T.);
#849=EDGE_CURVE('',#684,#663,#135,.T.);
#850=EDGE_CURVE('',#634,#685,#136,.T.);
#851=EDGE_CURVE('',#685,#666,#137,.T.);
#852=EDGE_CURVE('',#630,#686,#138,.T.);
#853=EDGE_CURVE('',#686,#680,#139,.T.);
#854=EDGE_CURVE('',#687,#667,#140,.T.);
#855=EDGE_CURVE('',#672,#687,#141,.T.);
#856=EDGE_CURVE('',#686,#687,#142,.T.);
#857=EDGE_CURVE('',#688,#664,#143,.T.);
#858=EDGE_CURVE('',#675,#688,#144,.T.);
#859=EDGE_CURVE('',#689,#681,#145,.T.);
#860=EDGE_CURVE('',#674,#689,#146,.T.);
#861=EDGE_CURVE('',#684,#689,#147,.T.);
#862=EDGE_CURVE('',#690,#658,#148,.T.);
#863=EDGE_CURVE('',#669,#690,#149,.T.);
#864=EDGE_CURVE('',#679,#691,#150,.T.);
#865=EDGE_CURVE('',#682,#691,#151,.T.);
#866=EDGE_CURVE('',#691,#661,#152,.T.);
#867=EDGE_CURVE('',#692,#676,#153,.T.);
#868=EDGE_CURVE('',#693,#692,#154,.T.);
#869=EDGE_CURVE('',#677,#693,#155,.T.);
#870=EDGE_CURVE('',#656,#693,#156,.T.);
#871=EDGE_CURVE('',#678,#694,#157,.T.);
#872=EDGE_CURVE('',#683,#694,#158,.T.);
#873=EDGE_CURVE('',#694,#654,#159,.T.);
#874=EDGE_CURVE('',#671,#695,#160,.T.);
#875=EDGE_CURVE('',#685,#695,#161,.T.);
#876=EDGE_CURVE('',#696,#670,#162,.T.);
#877=EDGE_CURVE('',#695,#696,#163,.T.);
#878=EDGE_CURVE('',#688,#692,#164,.T.);
#879=EDGE_CURVE('',#696,#690,#165,.T.);
#880=ORIENTED_EDGE('',*,*,#697,.F.);
#881=ORIENTED_EDGE('',*,*,#698,.F.);
#882=ORIENTED_EDGE('',*,*,#699,.F.);
#883=ORIENTED_EDGE('',*,*,#700,.F.);
#884=ORIENTED_EDGE('',*,*,#701,.F.);
#885=ORIENTED_EDGE('',*,*,#702,.F.);
#886=ORIENTED_EDGE('',*,*,#703,.F.);
#887=ORIENTED_EDGE('',*,*,#704,.F.);
#888=ORIENTED_EDGE('',*,*,#705,.F.);
#889=ORIENTED_EDGE('',*,*,#706,.F.);
#890=ORIENTED_EDGE('',*,*,#707,.T.);
#891=ORIENTED_EDGE('',*,*,#708,.T.);
#892=ORIENTED_EDGE('',*,*,#707,.F.);
#893=ORIENTED_EDGE('',*,*,#708,.F.);
#894=ORIENTED_EDGE('',*,*,#709,.F.);
#895=ORIENTED_EDGE('',*,*,#710,.T.);
#896=ORIENTED_EDGE('',*,*,#711,.T.);
#897=ORIENTED_EDGE('',*,*,#710,.F.);
#898=ORIENTED_EDGE('',*,*,#711,.F.);
#899=ORIENTED_EDGE('',*,*,#712,.F.);
#900=ORIENTED_EDGE('',*,*,#713,.T.);
#901=ORIENTED_EDGE('',*,*,#714,.T.);
#902=ORIENTED_EDGE('',*,*,#713,.F.);
#903=ORIENTED_EDGE('',*,*,#714,.F.);
#904=ORIENTED_EDGE('',*,*,#715,.F.);
#905=ORIENTED_EDGE('',*,*,#716,.T.);
#906=ORIENTED_EDGE('',*,*,#717,.T.);
#907=ORIENTED_EDGE('',*,*,#716,.F.);
#908=ORIENTED_EDGE('',*,*,#717,.F.);
#909=ORIENTED_EDGE('',*,*,#718,.F.);
#910=ORIENTED_EDGE('',*,*,#719,.T.);
#911=ORIENTED_EDGE('',*,*,#720,.T.);
#912=ORIENTED_EDGE('',*,*,#719,.F.);
#913=ORIENTED_EDGE('',*,*,#720,.F.);
#914=ORIENTED_EDGE('',*,*,#721,.F.);
#915=ORIENTED_EDGE('',*,*,#722,.T.);
#916=ORIENTED_EDGE('',*,*,#723,.T.);
#917=ORIENTED_EDGE('',*,*,#722,.F.);
#918=ORIENTED_EDGE('',*,*,#723,.F.);
#919=ORIENTED_EDGE('',*,*,#724,.F.);
#920=ORIENTED_EDGE('',*,*,#725,.T.);
#921=ORIENTED_EDGE('',*,*,#726,.T.);
#922=ORIENTED_EDGE('',*,*,#725,.F.);
#923=ORIENTED_EDGE('',*,*,#726,.F.);
#924=ORIENTED_EDGE('',*,*,#727,.F.);
#925=ORIENTED_EDGE('',*,*,#728,.T.);
#926=ORIENTED_EDGE('',*,*,#729,.T.);
#927=ORIENTED_EDGE('',*,*,#728,.F.);
#928=ORIENTED_EDGE('',*,*,#729,.F.);
#929=ORIENTED_EDGE('',*,*,#730,.F.);
#930=ORIENTED_EDGE('',*,*,#731,.T.);
#931=ORIENTED_EDGE('',*,*,#732,.T.);
#932=ORIENTED_EDGE('',*,*,#731,.F.);
#933=ORIENTED_EDGE('',*,*,#732,.F.);
#934=ORIENTED_EDGE('',*,*,#733,.F.);
#935=ORIENTED_EDGE('',*,*,#734,.T.);
#936=ORIENTED_EDGE('',*,*,#704,.T.);
#937=ORIENTED_EDGE('',*,*,#734,.F.);
#938=ORIENTED_EDGE('',*,*,#735,.F.);
#939=ORIENTED_EDGE('',*,*,#736,.T.);
#940=ORIENTED_EDGE('',*,*,#737,.F.);
#941=ORIENTED_EDGE('',*,*,#736,.F.);
#942=ORIENTED_EDGE('',*,*,#738,.F.);
#943=ORIENTED_EDGE('',*,*,#739,.T.);
#944=ORIENTED_EDGE('',*,*,#740,.F.);
#945=ORIENTED_EDGE('',*,*,#739,.F.);
#946=ORIENTED_EDGE('',*,*,#741,.F.);
#947=ORIENTED_EDGE('',*,*,#742,.T.);
#948=ORIENTED_EDGE('',*,*,#743,.F.);
#949=ORIENTED_EDGE('',*,*,#742,.F.);
#950=ORIENTED_EDGE('',*,*,#744,.F.);
#951=ORIENTED_EDGE('',*,*,#745,.T.);
#952=ORIENTED_EDGE('',*,*,#746,.F.);
#953=ORIENTED_EDGE('',*,*,#745,.F.);
#954=ORIENTED_EDGE('',*,*,#747,.F.);
#955=ORIENTED_EDGE('',*,*,#748,.T.);
#956=ORIENTED_EDGE('',*,*,#705,.T.);
#957=ORIENTED_EDGE('',*,*,#748,.F.);
#958=ORIENTED_EDGE('',*,*,#749,.F.);
#959=ORIENTED_EDGE('',*,*,#750,.T.);
#960=ORIENTED_EDGE('',*,*,#700,.T.);
#961=ORIENTED_EDGE('',*,*,#750,.F.);
#962=ORIENTED_EDGE('',*,*,#751,.F.);
#963=ORIENTED_EDGE('',*,*,#752,.T.);
#964=ORIENTED_EDGE('',*,*,#753,.F.);
#965=ORIENTED_EDGE('',*,*,#752,.F.);
#966=ORIENTED_EDGE('',*,*,#754,.F.);
#967=ORIENTED_EDGE('',*,*,#755,.T.);
#968=ORIENTED_EDGE('',*,*,#756,.F.);
#969=ORIENTED_EDGE('',*,*,#755,.F.);
#970=ORIENTED_EDGE('',*,*,#757,.F.);
#971=ORIENTED_EDGE('',*,*,#758,.T.);
#972=ORIENTED_EDGE('',*,*,#759,.F.);
#973=ORIENTED_EDGE('',*,*,#758,.F.);
#974=ORIENTED_EDGE('',*,*,#760,.F.);
#975=ORIENTED_EDGE('',*,*,#761,.T.);
#976=ORIENTED_EDGE('',*,*,#698,.T.);
#977=ORIENTED_EDGE('',*,*,#761,.F.);
#978=ORIENTED_EDGE('',*,*,#762,.F.);
#979=ORIENTED_EDGE('',*,*,#763,.T.);
#980=ORIENTED_EDGE('',*,*,#702,.T.);
#981=ORIENTED_EDGE('',*,*,#763,.F.);
#982=ORIENTED_EDGE('',*,*,#764,.F.);
#983=ORIENTED_EDGE('',*,*,#765,.T.);
#984=ORIENTED_EDGE('',*,*,#697,.T.);
#985=ORIENTED_EDGE('',*,*,#765,.F.);
#986=ORIENTED_EDGE('',*,*,#766,.F.);
#987=ORIENTED_EDGE('',*,*,#767,.T.);
#988=ORIENTED_EDGE('',*,*,#701,.T.);
#989=ORIENTED_EDGE('',*,*,#767,.F.);
#990=ORIENTED_EDGE('',*,*,#768,.F.);
#991=ORIENTED_EDGE('',*,*,#769,.T.);
#992=ORIENTED_EDGE('',*,*,#770,.F.);
#993=ORIENTED_EDGE('',*,*,#769,.F.);
#994=ORIENTED_EDGE('',*,*,#771,.F.);
#995=ORIENTED_EDGE('',*,*,#772,.T.);
#996=ORIENTED_EDGE('',*,*,#773,.F.);
#997=ORIENTED_EDGE('',*,*,#772,.F.);
#998=ORIENTED_EDGE('',*,*,#774,.F.);
#999=ORIENTED_EDGE('',*,*,#775,.T.);
#1000=ORIENTED_EDGE('',*,*,#699,.T.);
#1001=ORIENTED_EDGE('',*,*,#775,.F.);
#1002=ORIENTED_EDGE('',*,*,#776,.F.);
#1003=ORIENTED_EDGE('',*,*,#777,.T.);
#1004=ORIENTED_EDGE('',*,*,#703,.T.);
#1005=ORIENTED_EDGE('',*,*,#777,.F.);
#1006=ORIENTED_EDGE('',*,*,#778,.F.);
#1007=ORIENTED_EDGE('',*,*,#779,.F.);
#1008=ORIENTED_EDGE('',*,*,#780,.F.);
#1009=ORIENTED_EDGE('',*,*,#781,.F.);
#1010=ORIENTED_EDGE('',*,*,#738,.T.);
#1011=ORIENTED_EDGE('',*,*,#749,.T.);
#1012=ORIENTED_EDGE('',*,*,#762,.T.);
#1013=ORIENTED_EDGE('',*,*,#782,.F.);
#1014=ORIENTED_EDGE('',*,*,#783,.F.);
#1015=ORIENTED_EDGE('',*,*,#784,.F.);
#1016=ORIENTED_EDGE('',*,*,#785,.F.);
#1017=ORIENTED_EDGE('',*,*,#751,.T.);
#1018=ORIENTED_EDGE('',*,*,#757,.T.);
#1019=ORIENTED_EDGE('',*,*,#774,.T.);
#1020=ORIENTED_EDGE('',*,*,#786,.F.);
#1021=ORIENTED_EDGE('',*,*,#787,.F.);
#1022=ORIENTED_EDGE('',*,*,#788,.F.);
#1023=ORIENTED_EDGE('',*,*,#789,.F.);
#1024=ORIENTED_EDGE('',*,*,#735,.T.);
#1025=ORIENTED_EDGE('',*,*,#760,.T.);
#1026=ORIENTED_EDGE('',*,*,#771,.T.);
#1027=ORIENTED_EDGE('',*,*,#790,.F.);
#1028=ORIENTED_EDGE('',*,*,#791,.F.);
#1029=ORIENTED_EDGE('',*,*,#792,.F.);
#1030=ORIENTED_EDGE('',*,*,#793,.F.);
#1031=ORIENTED_EDGE('',*,*,#744,.T.);
#1032=ORIENTED_EDGE('',*,*,#766,.T.);
#1033=ORIENTED_EDGE('',*,*,#768,.T.);
#1034=ORIENTED_EDGE('',*,*,#794,.F.);
#1035=ORIENTED_EDGE('',*,*,#795,.F.);
#1036=ORIENTED_EDGE('',*,*,#796,.F.);
#1037=ORIENTED_EDGE('',*,*,#797,.F.);
#1038=ORIENTED_EDGE('',*,*,#741,.T.);
#1039=ORIENTED_EDGE('',*,*,#747,.T.);
#1040=ORIENTED_EDGE('',*,*,#764,.T.);
#1041=ORIENTED_EDGE('',*,*,#798,.F.);
#1042=ORIENTED_EDGE('',*,*,#799,.F.);
#1043=ORIENTED_EDGE('',*,*,#800,.F.);
#1044=ORIENTED_EDGE('',*,*,#801,.F.);
#1045=ORIENTED_EDGE('',*,*,#733,.T.);
#1046=ORIENTED_EDGE('',*,*,#754,.T.);
#1047=ORIENTED_EDGE('',*,*,#776,.T.);
#1048=ORIENTED_EDGE('',*,*,#797,.T.);
#1049=ORIENTED_EDGE('',*,*,#802,.F.);
#1050=ORIENTED_EDGE('',*,*,#803,.F.);
#1051=ORIENTED_EDGE('',*,*,#804,.F.);
#1052=ORIENTED_EDGE('',*,*,#805,.F.);
#1053=ORIENTED_EDGE('',*,*,#796,.T.);
#1054=ORIENTED_EDGE('',*,*,#806,.T.);
#1055=ORIENTED_EDGE('',*,*,#807,.T.);
#1056=ORIENTED_EDGE('',*,*,#802,.T.);
#1057=ORIENTED_EDGE('',*,*,#799,.T.);
#1058=ORIENTED_EDGE('',*,*,#808,.F.);
#1059=ORIENTED_EDGE('',*,*,#809,.F.);
#1060=ORIENTED_EDGE('',*,*,#810,.F.);
#1061=ORIENTED_EDGE('',*,*,#811,.F.);
#1062=ORIENTED_EDGE('',*,*,#787,.T.);
#1063=ORIENTED_EDGE('',*,*,#812,.F.);
#1064=ORIENTED_EDGE('',*,*,#813,.F.);
#1065=ORIENTED_EDGE('',*,*,#814,.F.);
#1066=ORIENTED_EDGE('',*,*,#815,.F.);
#1067=ORIENTED_EDGE('',*,*,#793,.T.);
#1068=ORIENTED_EDGE('',*,*,#816,.F.);
#1069=ORIENTED_EDGE('',*,*,#817,.F.);
#1070=ORIENTED_EDGE('',*,*,#818,.F.);
#1071=ORIENTED_EDGE('',*,*,#819,.F.);
#1072=ORIENTED_EDGE('',*,*,#783,.T.);
#1073=ORIENTED_EDGE('',*,*,#820,.F.);
#1074=ORIENTED_EDGE('',*,*,#821,.F.);
#1075=ORIENTED_EDGE('',*,*,#822,.F.);
#1076=ORIENTED_EDGE('',*,*,#823,.F.);
#1077=ORIENTED_EDGE('',*,*,#800,.T.);
#1078=ORIENTED_EDGE('',*,*,#811,.T.);
#1079=ORIENTED_EDGE('',*,*,#824,.T.);
#1080=ORIENTED_EDGE('',*,*,#825,.F.);
#1081=ORIENTED_EDGE('',*,*,#826,.T.);
#1082=ORIENTED_EDGE('',*,*,#827,.T.);
#1083=ORIENTED_EDGE('',*,*,#784,.T.);
#1084=ORIENTED_EDGE('',*,*,#823,.T.);
#1085=ORIENTED_EDGE('',*,*,#828,.T.);
#1086=ORIENTED_EDGE('',*,*,#829,.T.);
#1087=ORIENTED_EDGE('',*,*,#780,.T.);
#1088=ORIENTED_EDGE('',*,*,#830,.T.);
#1089=ORIENTED_EDGE('',*,*,#831,.T.);
#1090=ORIENTED_EDGE('',*,*,#832,.T.);
#1091=ORIENTED_EDGE('',*,*,#790,.T.);
#1092=ORIENTED_EDGE('',*,*,#819,.T.);
#1093=ORIENTED_EDGE('',*,*,#833,.T.);
#1094=ORIENTED_EDGE('',*,*,#834,.F.);
#1095=ORIENTED_EDGE('',*,*,#835,.T.);
#1096=ORIENTED_EDGE('',*,*,#836,.T.);
#1097=ORIENTED_EDGE('',*,*,#794,.T.);
#1098=ORIENTED_EDGE('',*,*,#805,.T.);
#1099=ORIENTED_EDGE('',*,*,#837,.T.);
#1100=ORIENTED_EDGE('',*,*,#838,.T.);
#1101=ORIENTED_EDGE('',*,*,#788,.T.);
#1102=ORIENTED_EDGE('',*,*,#815,.T.);
#1103=ORIENTED_EDGE('',*,*,#839,.T.);
#1104=ORIENTED_EDGE('',*,*,#840,.T.);
#1105=ORIENTED_EDGE('',*,*,#779,.T.);
#1106=ORIENTED_EDGE('',*,*,#841,.F.);
#1107=ORIENTED_EDGE('',*,*,#842,.F.);
#1108=ORIENTED_EDGE('',*,*,#843,.F.);
#1109=ORIENTED_EDGE('',*,*,#830,.F.);
#1110=ORIENTED_EDGE('',*,*,#798,.T.);
#1111=ORIENTED_EDGE('',*,*,#844,.T.);
#1112=ORIENTED_EDGE('',*,*,#845,.T.);
#1113=ORIENTED_EDGE('',*,*,#808,.T.);
#1114=ORIENTED_EDGE('',*,*,#786,.T.);
#1115=ORIENTED_EDGE('',*,*,#846,.T.);
#1116=ORIENTED_EDGE('',*,*,#847,.T.);
#1117=ORIENTED_EDGE('',*,*,#812,.T.);
#1118=ORIENTED_EDGE('',*,*,#792,.T.);
#1119=ORIENTED_EDGE('',*,*,#848,.T.);
#1120=ORIENTED_EDGE('',*,*,#849,.T.);
#1121=ORIENTED_EDGE('',*,*,#816,.T.);
#1122=ORIENTED_EDGE('',*,*,#782,.T.);
#1123=ORIENTED_EDGE('',*,*,#850,.T.);
#1124=ORIENTED_EDGE('',*,*,#851,.T.);
#1125=ORIENTED_EDGE('',*,*,#820,.T.);
#1126=ORIENTED_EDGE('',*,*,#778,.T.);
#1127=ORIENTED_EDGE('',*,*,#852,.T.);
#1128=ORIENTED_EDGE('',*,*,#853,.T.);
#1129=ORIENTED_EDGE('',*,*,#841,.T.);
#1130=ORIENTED_EDGE('',*,*,#828,.F.);
#1131=ORIENTED_EDGE('',*,*,#822,.T.);
#1132=ORIENTED_EDGE('',*,*,#854,.F.);
#1133=ORIENTED_EDGE('',*,*,#855,.F.);
#1134=ORIENTED_EDGE('',*,*,#781,.T.);
#1135=ORIENTED_EDGE('',*,*,#829,.F.);
#1136=ORIENTED_EDGE('',*,*,#855,.T.);
#1137=ORIENTED_EDGE('',*,*,#856,.F.);
#1138=ORIENTED_EDGE('',*,*,#852,.F.);
#1139=ORIENTED_EDGE('',*,*,#833,.F.);
#1140=ORIENTED_EDGE('',*,*,#818,.T.);
#1141=ORIENTED_EDGE('',*,*,#857,.F.);
#1142=ORIENTED_EDGE('',*,*,#858,.F.);
#1143=ORIENTED_EDGE('',*,*,#831,.F.);
#1144=ORIENTED_EDGE('',*,*,#843,.T.);
#1145=ORIENTED_EDGE('',*,*,#859,.F.);
#1146=ORIENTED_EDGE('',*,*,#860,.F.);
#1147=ORIENTED_EDGE('',*,*,#791,.T.);
#1148=ORIENTED_EDGE('',*,*,#832,.F.);
#1149=ORIENTED_EDGE('',*,*,#860,.T.);
#1150=ORIENTED_EDGE('',*,*,#861,.F.);
#1151=ORIENTED_EDGE('',*,*,#848,.F.);
#1152=ORIENTED_EDGE('',*,*,#824,.F.);
#1153=ORIENTED_EDGE('',*,*,#810,.T.);
#1154=ORIENTED_EDGE('',*,*,#862,.F.);
#1155=ORIENTED_EDGE('',*,*,#863,.F.);
#1156=ORIENTED_EDGE('',*,*,#801,.T.);
#1157=ORIENTED_EDGE('',*,*,#840,.F.);
#1158=ORIENTED_EDGE('',*,*,#864,.T.);
#1159=ORIENTED_EDGE('',*,*,#865,.F.);
#1160=ORIENTED_EDGE('',*,*,#844,.F.);
#1161=ORIENTED_EDGE('',*,*,#839,.F.);
#1162=ORIENTED_EDGE('',*,*,#814,.T.);
#1163=ORIENTED_EDGE('',*,*,#866,.F.);
#1164=ORIENTED_EDGE('',*,*,#864,.F.);
#1165=ORIENTED_EDGE('',*,*,#835,.F.);
#1166=ORIENTED_EDGE('',*,*,#867,.F.);
#1167=ORIENTED_EDGE('',*,*,#868,.F.);
#1168=ORIENTED_EDGE('',*,*,#869,.F.);
#1169=ORIENTED_EDGE('',*,*,#795,.T.);
#1170=ORIENTED_EDGE('',*,*,#836,.F.);
#1171=ORIENTED_EDGE('',*,*,#869,.T.);
#1172=ORIENTED_EDGE('',*,*,#870,.F.);
#1173=ORIENTED_EDGE('',*,*,#806,.F.);
#1174=ORIENTED_EDGE('',*,*,#789,.T.);
#1175=ORIENTED_EDGE('',*,*,#838,.F.);
#1176=ORIENTED_EDGE('',*,*,#871,.T.);
#1177=ORIENTED_EDGE('',*,*,#872,.F.);
#1178=ORIENTED_EDGE('',*,*,#846,.F.);
#1179=ORIENTED_EDGE('',*,*,#837,.F.);
#1180=ORIENTED_EDGE('',*,*,#804,.T.);
#1181=ORIENTED_EDGE('',*,*,#873,.F.);
#1182=ORIENTED_EDGE('',*,*,#871,.F.);
#1183=ORIENTED_EDGE('',*,*,#785,.T.);
#1184=ORIENTED_EDGE('',*,*,#827,.F.);
#1185=ORIENTED_EDGE('',*,*,#874,.T.);
#1186=ORIENTED_EDGE('',*,*,#875,.F.);
#1187=ORIENTED_EDGE('',*,*,#850,.F.);
#1188=ORIENTED_EDGE('',*,*,#826,.F.);
#1189=ORIENTED_EDGE('',*,*,#876,.F.);
#1190=ORIENTED_EDGE('',*,*,#877,.F.);
#1191=ORIENTED_EDGE('',*,*,#874,.F.);
#1192=ORIENTED_EDGE('',*,*,#858,.T.);
#1193=ORIENTED_EDGE('',*,*,#878,.T.);
#1194=ORIENTED_EDGE('',*,*,#867,.T.);
#1195=ORIENTED_EDGE('',*,*,#834,.T.);
#1196=ORIENTED_EDGE('',*,*,#863,.T.);
#1197=ORIENTED_EDGE('',*,*,#879,.F.);
#1198=ORIENTED_EDGE('',*,*,#876,.T.);
#1199=ORIENTED_EDGE('',*,*,#825,.T.);
#1200=ORIENTED_EDGE('',*,*,#856,.T.);
#1201=ORIENTED_EDGE('',*,*,#854,.T.);
#1202=ORIENTED_EDGE('',*,*,#821,.T.);
#1203=ORIENTED_EDGE('',*,*,#851,.F.);
#1204=ORIENTED_EDGE('',*,*,#875,.T.);
#1205=ORIENTED_EDGE('',*,*,#877,.T.);
#1206=ORIENTED_EDGE('',*,*,#879,.T.);
#1207=ORIENTED_EDGE('',*,*,#862,.T.);
#1208=ORIENTED_EDGE('',*,*,#809,.T.);
#1209=ORIENTED_EDGE('',*,*,#845,.F.);
#1210=ORIENTED_EDGE('',*,*,#865,.T.);
#1211=ORIENTED_EDGE('',*,*,#866,.T.);
#1212=ORIENTED_EDGE('',*,*,#813,.T.);
#1213=ORIENTED_EDGE('',*,*,#847,.F.);
#1214=ORIENTED_EDGE('',*,*,#872,.T.);
#1215=ORIENTED_EDGE('',*,*,#873,.T.);
#1216=ORIENTED_EDGE('',*,*,#803,.T.);
#1217=ORIENTED_EDGE('',*,*,#807,.F.);
#1218=ORIENTED_EDGE('',*,*,#870,.T.);
#1219=ORIENTED_EDGE('',*,*,#868,.T.);
#1220=ORIENTED_EDGE('',*,*,#878,.F.);
#1221=ORIENTED_EDGE('',*,*,#857,.T.);
#1222=ORIENTED_EDGE('',*,*,#817,.T.);
#1223=ORIENTED_EDGE('',*,*,#849,.F.);
#1224=ORIENTED_EDGE('',*,*,#861,.T.);
#1225=ORIENTED_EDGE('',*,*,#859,.T.);
#1226=ORIENTED_EDGE('',*,*,#842,.T.);
#1227=ORIENTED_EDGE('',*,*,#853,.F.);
#1228=ORIENTED_EDGE('',*,*,#706,.T.);
#1229=ORIENTED_EDGE('',*,*,#709,.T.);
#1230=ORIENTED_EDGE('',*,*,#712,.T.);
#1231=ORIENTED_EDGE('',*,*,#715,.T.);
#1232=ORIENTED_EDGE('',*,*,#718,.T.);
#1233=ORIENTED_EDGE('',*,*,#721,.T.);
#1234=ORIENTED_EDGE('',*,*,#724,.T.);
#1235=ORIENTED_EDGE('',*,*,#727,.T.);
#1236=ORIENTED_EDGE('',*,*,#730,.T.);
#1237=ORIENTED_EDGE('',*,*,#737,.T.);
#1238=ORIENTED_EDGE('',*,*,#740,.T.);
#1239=ORIENTED_EDGE('',*,*,#743,.T.);
#1240=ORIENTED_EDGE('',*,*,#746,.T.);
#1241=ORIENTED_EDGE('',*,*,#753,.T.);
#1242=ORIENTED_EDGE('',*,*,#756,.T.);
#1243=ORIENTED_EDGE('',*,*,#759,.T.);
#1244=ORIENTED_EDGE('',*,*,#770,.T.);
#1245=ORIENTED_EDGE('',*,*,#773,.T.);
#1246=PLANE('',#1394);
#1247=PLANE('',#1396);
#1248=PLANE('',#1398);
#1249=PLANE('',#1400);
#1250=PLANE('',#1402);
#1251=PLANE('',#1404);
#1252=PLANE('',#1406);
#1253=PLANE('',#1408);
#1254=PLANE('',#1410);
#1255=PLANE('',#1415);
#1256=PLANE('',#1419);
#1257=PLANE('',#1423);
#1258=PLANE('',#1427);
#1259=PLANE('',#1431);
#1260=PLANE('',#1435);
#1261=PLANE('',#1439);
#1262=PLANE('',#1443);
#1263=PLANE('',#1447);
#1264=PLANE('',#1493);
#1265=PLANE('',#1494);
#1266=PLANE('',#1495);
#1267=PLANE('',#1496);
#1268=PLANE('',#1497);
#1269=PLANE('',#1498);
#1270=PLANE('',#1499);
#1271=PLANE('',#1501);
#1272=PLANE('',#1502);
#1273=PLANE('',#1504);
#1274=PLANE('',#1506);
#1275=PLANE('',#1508);
#1276=PLANE('',#1520);
#1277=PLANE('',#1521);
#1278=PLANE('',#1522);
#1279=PLANE('',#1523);
#1280=PLANE('',#1524);
#1281=PLANE('',#1525);
#1282=PLANE('',#1526);
#1283=PLANE('',#1527);
#1284=PLANE('',#1528);
#1285=PLANE('',#1529);
#1286=PLANE('',#1530);
#1287=PLANE('',#1531);
#1288=PLANE('',#1532);
#1289=PLANE('',#1533);
#1290=PLANE('',#1534);
#1291=PLANE('',#1535);
#1292=PLANE('',#1536);
#1293=PLANE('',#1537);
#1294=PLANE('',#1538);
#1295=PLANE('',#1539);
#1296=PLANE('',#1540);
#1297=PLANE('',#1541);
#1298=PLANE('',#1542);
#1299=ADVANCED_FACE('',(#309),#1246,.F.);
#1300=ADVANCED_FACE('',(#310),#1247,.F.);
#1301=ADVANCED_FACE('',(#311),#1248,.F.);
#1302=ADVANCED_FACE('',(#312),#1249,.F.);
#1303=ADVANCED_FACE('',(#313),#1250,.F.);
#1304=ADVANCED_FACE('',(#314),#1251,.F.);
#1305=ADVANCED_FACE('',(#315),#1252,.F.);
#1306=ADVANCED_FACE('',(#316),#1253,.F.);
#1307=ADVANCED_FACE('',(#317),#1254,.F.);
#1308=ADVANCED_FACE('',(#318),#281,.F.);
#1309=ADVANCED_FACE('',(#319),#1255,.F.);
#1310=ADVANCED_FACE('',(#320),#282,.F.);
#1311=ADVANCED_FACE('',(#321),#1256,.F.);
#1312=ADVANCED_FACE('',(#322),#283,.F.);
#1313=ADVANCED_FACE('',(#323),#1257,.F.);
#1314=ADVANCED_FACE('',(#324),#284,.F.);
#1315=ADVANCED_FACE('',(#325),#1258,.F.);
#1316=ADVANCED_FACE('',(#326),#285,.F.);
#1317=ADVANCED_FACE('',(#327),#1259,.F.);
#1318=ADVANCED_FACE('',(#328),#286,.F.);
#1319=ADVANCED_FACE('',(#329),#1260,.F.);
#1320=ADVANCED_FACE('',(#330),#287,.F.);
#1321=ADVANCED_FACE('',(#331),#1261,.F.);
#1322=ADVANCED_FACE('',(#332),#288,.F.);
#1323=ADVANCED_FACE('',(#333),#1262,.F.);
#1324=ADVANCED_FACE('',(#334),#289,.F.);
#1325=ADVANCED_FACE('',(#335),#1263,.F.);
#1326=ADVANCED_FACE('',(#336),#290,.F.);
#1327=ADVANCED_FACE('',(#337),#291,.F.);
#1328=ADVANCED_FACE('',(#338),#292,.F.);
#1329=ADVANCED_FACE('',(#339),#293,.F.);
#1330=ADVANCED_FACE('',(#340),#294,.F.);
#1331=ADVANCED_FACE('',(#341),#295,.F.);
#1332=ADVANCED_FACE('',(#342),#296,.F.);
#1333=ADVANCED_FACE('',(#343),#297,.F.);
#1334=ADVANCED_FACE('',(#344),#298,.F.);
#1335=ADVANCED_FACE('',(#345),#299,.F.);
#1336=ADVANCED_FACE('',(#346),#300,.F.);
#1337=ADVANCED_FACE('',(#347),#301,.F.);
#1338=ADVANCED_FACE('',(#348),#302,.F.);
#1339=ADVANCED_FACE('',(#349),#303,.F.);
#1340=ADVANCED_FACE('',(#350),#304,.F.);
#1341=ADVANCED_FACE('',(#351),#305,.F.);
#1342=ADVANCED_FACE('',(#352),#306,.F.);
#1343=ADVANCED_FACE('',(#353),#307,.F.);
#1344=ADVANCED_FACE('',(#354,#15,#16,#17),#1264,.F.);
#1345=ADVANCED_FACE('',(#355,#18,#19,#20),#1265,.F.);
#1346=ADVANCED_FACE('',(#356,#21,#22,#23),#1266,.F.);
#1347=ADVANCED_FACE('',(#357,#24,#25,#26),#1267,.F.);
#1348=ADVANCED_FACE('',(#358,#27,#28,#29),#1268,.F.);
#1349=ADVANCED_FACE('',(#359,#30,#31,#32),#1269,.F.);
#1350=ADVANCED_FACE('',(#360),#1270,.F.);
#1351=ADVANCED_FACE('',(#361),#1271,.T.);
#1352=ADVANCED_FACE('',(#362),#1272,.F.);
#1353=ADVANCED_FACE('',(#363),#1273,.F.);
#1354=ADVANCED_FACE('',(#364),#1274,.F.);
#1355=ADVANCED_FACE('',(#365),#1275,.F.);
#1356=ADVANCED_FACE('',(#366),#308,.F.);
#1357=ADVANCED_FACE('',(#367),#1276,.F.);
#1358=ADVANCED_FACE('',(#368),#1277,.T.);
#1359=ADVANCED_FACE('',(#369),#1278,.T.);
#1360=ADVANCED_FACE('',(#370),#1279,.T.);
#1361=ADVANCED_FACE('',(#371),#1280,.T.);
#1362=ADVANCED_FACE('',(#372),#1281,.T.);
#1363=ADVANCED_FACE('',(#373),#1282,.F.);
#1364=ADVANCED_FACE('',(#374),#1283,.F.);
#1365=ADVANCED_FACE('',(#375),#1284,.F.);
#1366=ADVANCED_FACE('',(#376),#1285,.F.);
#1367=ADVANCED_FACE('',(#377),#1286,.F.);
#1368=ADVANCED_FACE('',(#378),#1287,.F.);
#1369=ADVANCED_FACE('',(#379),#1288,.F.);
#1370=ADVANCED_FACE('',(#380),#1289,.F.);
#1371=ADVANCED_FACE('',(#381),#1290,.F.);
#1372=ADVANCED_FACE('',(#382),#1291,.F.);
#1373=ADVANCED_FACE('',(#383),#1292,.F.);
#1374=ADVANCED_FACE('',(#384),#1293,.F.);
#1375=ADVANCED_FACE('',(#385),#1294,.F.);
#1376=ADVANCED_FACE('',(#386),#1295,.F.);
#1377=ADVANCED_FACE('',(#387),#1296,.F.);
#1378=ADVANCED_FACE('',(#388),#1297,.T.);
#1379=ADVANCED_FACE('',(#389,#33,#34,#35,#36,#37,#38,#39,#40,#41,#42,#43,
#44,#45,#46,#47,#48,#49,#50),#1298,.T.);
#1380=CLOSED_SHELL('',(#1299,#1300,#1301,#1302,#1303,#1304,#1305,#1306,
#1307,#1308,#1309,#1310,#1311,#1312,#1313,#1314,#1315,#1316,#1317,#1318,
#1319,#1320,#1321,#1322,#1323,#1324,#1325,#1326,#1327,#1328,#1329,#1330,
#1331,#1332,#1333,#1334,#1335,#1336,#1337,#1338,#1339,#1340,#1341,#1342,
#1343,#1344,#1345,#1346,#1347,#1348,#1349,#1350,#1351,#1352,#1353,#1354,
#1355,#1356,#1357,#1358,#1359,#1360,#1361,#1362,#1363,#1364,#1365,#1366,
#1367,#1368,#1369,#1370,#1371,#1372,#1373,#1374,#1375,#1376,#1377,#1378,
#1379));
#1381=DERIVED_UNIT_ELEMENT(#1383,1.);
#1382=DERIVED_UNIT_ELEMENT(#2350,-3.);
#1383=(
MASS_UNIT()
NAMED_UNIT(*)
SI_UNIT(.KILO.,.GRAM.)
);
#1384=DERIVED_UNIT((#1381,#1382));
#1385=MEASURE_REPRESENTATION_ITEM('density measure',
POSITIVE_RATIO_MEASURE(7850.),#1384);
#1386=PROPERTY_DEFINITION_REPRESENTATION(#1391,#1388);
#1387=PROPERTY_DEFINITION_REPRESENTATION(#1392,#1389);
#1388=REPRESENTATION('material name',(#1390),#2347);
#1389=REPRESENTATION('density',(#1385),#2347);
#1390=DESCRIPTIVE_REPRESENTATION_ITEM('Steel','Steel');
#1391=PROPERTY_DEFINITION('material property','material name',#2357);
#1392=PROPERTY_DEFINITION('material property','density of part',#2357);
#1393=AXIS2_PLACEMENT_3D('',#1958,#1543,#1544);
#1394=AXIS2_PLACEMENT_3D('',#1959,#1545,#1546);
#1395=AXIS2_PLACEMENT_3D('',#1961,#1547,#1548);
#1396=AXIS2_PLACEMENT_3D('',#1962,#1549,#1550);
#1397=AXIS2_PLACEMENT_3D('',#1964,#1551,#1552);
#1398=AXIS2_PLACEMENT_3D('',#1965,#1553,#1554);
#1399=AXIS2_PLACEMENT_3D('',#1967,#1555,#1556);
#1400=AXIS2_PLACEMENT_3D('',#1968,#1557,#1558);
#1401=AXIS2_PLACEMENT_3D('',#1970,#1559,#1560);
#1402=AXIS2_PLACEMENT_3D('',#1971,#1561,#1562);
#1403=AXIS2_PLACEMENT_3D('',#1973,#1563,#1564);
#1404=AXIS2_PLACEMENT_3D('',#1974,#1565,#1566);
#1405=AXIS2_PLACEMENT_3D('',#1976,#1567,#1568);
#1406=AXIS2_PLACEMENT_3D('',#1977,#1569,#1570);
#1407=AXIS2_PLACEMENT_3D('',#1979,#1571,#1572);
#1408=AXIS2_PLACEMENT_3D('',#1980,#1573,#1574);
#1409=AXIS2_PLACEMENT_3D('',#1982,#1575,#1576);
#1410=AXIS2_PLACEMENT_3D('',#1983,#1577,#1578);
#1411=AXIS2_PLACEMENT_3D('',#1985,#1579,#1580);
#1412=AXIS2_PLACEMENT_3D('',#1986,#1581,#1582);
#1413=AXIS2_PLACEMENT_3D('',#1988,#1583,#1584);
#1414=AXIS2_PLACEMENT_3D('',#1991,#1586,#1587);
#1415=AXIS2_PLACEMENT_3D('',#1992,#1588,#1589);
#1416=AXIS2_PLACEMENT_3D('',#1993,#1590,#1591);
#1417=AXIS2_PLACEMENT_3D('',#1995,#1592,#1593);
#1418=AXIS2_PLACEMENT_3D('',#1998,#1595,#1596);
#1419=AXIS2_PLACEMENT_3D('',#1999,#1597,#1598);
#1420=AXIS2_PLACEMENT_3D('',#2000,#1599,#1600);
#1421=AXIS2_PLACEMENT_3D('',#2002,#1601,#1602);
#1422=AXIS2_PLACEMENT_3D('',#2005,#1604,#1605);
#1423=AXIS2_PLACEMENT_3D('',#2006,#1606,#1607);
#1424=AXIS2_PLACEMENT_3D('',#2007,#1608,#1609);
#1425=AXIS2_PLACEMENT_3D('',#2009,#1610,#1611);
#1426=AXIS2_PLACEMENT_3D('',#2012,#1613,#1614);
#1427=AXIS2_PLACEMENT_3D('',#2013,#1615,#1616);
#1428=AXIS2_PLACEMENT_3D('',#2014,#1617,#1618);
#1429=AXIS2_PLACEMENT_3D('',#2016,#1619,#1620);
#1430=AXIS2_PLACEMENT_3D('',#2019,#1622,#1623);
#1431=AXIS2_PLACEMENT_3D('',#2020,#1624,#1625);
#1432=AXIS2_PLACEMENT_3D('',#2021,#1626,#1627);
#1433=AXIS2_PLACEMENT_3D('',#2023,#1628,#1629);
#1434=AXIS2_PLACEMENT_3D('',#2026,#1631,#1632);
#1435=AXIS2_PLACEMENT_3D('',#2027,#1633,#1634);
#1436=AXIS2_PLACEMENT_3D('',#2028,#1635,#1636);
#1437=AXIS2_PLACEMENT_3D('',#2030,#1637,#1638);
#1438=AXIS2_PLACEMENT_3D('',#2033,#1640,#1641);
#1439=AXIS2_PLACEMENT_3D('',#2034,#1642,#1643);
#1440=AXIS2_PLACEMENT_3D('',#2035,#1644,#1645);
#1441=AXIS2_PLACEMENT_3D('',#2037,#1646,#1647);
#1442=AXIS2_PLACEMENT_3D('',#2040,#1649,#1650);
#1443=AXIS2_PLACEMENT_3D('',#2041,#1651,#1652);
#1444=AXIS2_PLACEMENT_3D('',#2042,#1653,#1654);
#1445=AXIS2_PLACEMENT_3D('',#2044,#1655,#1656);
#1446=AXIS2_PLACEMENT_3D('',#2047,#1658,#1659);
#1447=AXIS2_PLACEMENT_3D('',#2048,#1660,#1661);
#1448=AXIS2_PLACEMENT_3D('',#2049,#1662,#1663);
#1449=AXIS2_PLACEMENT_3D('',#2051,#1664,#1665);
#1450=AXIS2_PLACEMENT_3D('',#2053,#1667,#1668);
#1451=AXIS2_PLACEMENT_3D('',#2055,#1669,#1670);
#1452=AXIS2_PLACEMENT_3D('',#2058,#1672,#1673);
#1453=AXIS2_PLACEMENT_3D('',#2059,#1674,#1675);
#1454=AXIS2_PLACEMENT_3D('',#2061,#1676,#1677);
#1455=AXIS2_PLACEMENT_3D('',#2064,#1679,#1680);
#1456=AXIS2_PLACEMENT_3D('',#2065,#1681,#1682);
#1457=AXIS2_PLACEMENT_3D('',#2067,#1683,#1684);
#1458=AXIS2_PLACEMENT_3D('',#2070,#1686,#1687);
#1459=AXIS2_PLACEMENT_3D('',#2071,#1688,#1689);
#1460=AXIS2_PLACEMENT_3D('',#2073,#1690,#1691);
#1461=AXIS2_PLACEMENT_3D('',#2076,#1693,#1694);
#1462=AXIS2_PLACEMENT_3D('',#2077,#1695,#1696);
#1463=AXIS2_PLACEMENT_3D('',#2079,#1697,#1698);
#1464=AXIS2_PLACEMENT_3D('',#2081,#1700,#1701);
#1465=AXIS2_PLACEMENT_3D('',#2083,#1702,#1703);
#1466=AXIS2_PLACEMENT_3D('',#2085,#1705,#1706);
#1467=AXIS2_PLACEMENT_3D('',#2087,#1707,#1708);
#1468=AXIS2_PLACEMENT_3D('',#2090,#1710,#1711);
#1469=AXIS2_PLACEMENT_3D('',#2091,#1712,#1713);
#1470=AXIS2_PLACEMENT_3D('',#2093,#1714,#1715);
#1471=AXIS2_PLACEMENT_3D('',#2096,#1717,#1718);
#1472=AXIS2_PLACEMENT_3D('',#2097,#1719,#1720);
#1473=AXIS2_PLACEMENT_3D('',#2099,#1721,#1722);
#1474=AXIS2_PLACEMENT_3D('',#2102,#1724,#1725);
#1475=AXIS2_PLACEMENT_3D('',#2103,#1726,#1727);
#1476=AXIS2_PLACEMENT_3D('',#2105,#1728,#1729);
#1477=AXIS2_PLACEMENT_3D('',#2107,#1731,#1732);
#1478=AXIS2_PLACEMENT_3D('',#2109,#1733,#1734);
#1479=AXIS2_PLACEMENT_3D('',#2111,#1736,#1737);
#1480=AXIS2_PLACEMENT_3D('',#2113,#1738,#1739);
#1481=AXIS2_PLACEMENT_3D('',#2115,#1741,#1742);
#1482=AXIS2_PLACEMENT_3D('',#2117,#1743,#1744);
#1483=AXIS2_PLACEMENT_3D('',#2119,#1746,#1747);
#1484=AXIS2_PLACEMENT_3D('',#2121,#1748,#1749);
#1485=AXIS2_PLACEMENT_3D('',#2124,#1751,#1752);
#1486=AXIS2_PLACEMENT_3D('',#2125,#1753,#1754);
#1487=AXIS2_PLACEMENT_3D('',#2127,#1755,#1756);
#1488=AXIS2_PLACEMENT_3D('',#2130,#1758,#1759);
#1489=AXIS2_PLACEMENT_3D('',#2131,#1760,#1761);
#1490=AXIS2_PLACEMENT_3D('',#2133,#1762,#1763);
#1491=AXIS2_PLACEMENT_3D('',#2135,#1765,#1766);
#1492=AXIS2_PLACEMENT_3D('',#2137,#1767,#1768);
#1493=AXIS2_PLACEMENT_3D('',#2139,#1770,#1771);
#1494=AXIS2_PLACEMENT_3D('',#2148,#1776,#1777);
#1495=AXIS2_PLACEMENT_3D('',#2157,#1782,#1783);
#1496=AXIS2_PLACEMENT_3D('',#2166,#1788,#1789);
#1497=AXIS2_PLACEMENT_3D('',#2175,#1794,#1795);
#1498=AXIS2_PLACEMENT_3D('',#2184,#1800,#1801);
#1499=AXIS2_PLACEMENT_3D('',#2193,#1806,#1807);
#1500=AXIS2_PLACEMENT_3D('',#2200,#1811,#1812);
#1501=AXIS2_PLACEMENT_3D('',#2201,#1813,#1814);
#1502=AXIS2_PLACEMENT_3D('',#2205,#1817,#1818);
#1503=AXIS2_PLACEMENT_3D('',#2212,#1822,#1823);
#1504=AXIS2_PLACEMENT_3D('',#2213,#1824,#1825);
#1505=AXIS2_PLACEMENT_3D('',#2220,#1829,#1830);
#1506=AXIS2_PLACEMENT_3D('',#2221,#1831,#1832);
#1507=AXIS2_PLACEMENT_3D('',#2228,#1836,#1837);
#1508=AXIS2_PLACEMENT_3D('',#2229,#1838,#1839);
#1509=AXIS2_PLACEMENT_3D('',#2236,#1843,#1844);
#1510=AXIS2_PLACEMENT_3D('',#2237,#1845,#1846);
#1511=AXIS2_PLACEMENT_3D('',#2241,#1848,#1849);
#1512=AXIS2_PLACEMENT_3D('',#2244,#1851,#1852);
#1513=AXIS2_PLACEMENT_3D('',#2247,#1854,#1855);
#1514=AXIS2_PLACEMENT_3D('',#2249,#1856,#1857);
#1515=AXIS2_PLACEMENT_3D('',#2252,#1859,#1860);
#1516=AXIS2_PLACEMENT_3D('',#2256,#1862,#1863);
#1517=AXIS2_PLACEMENT_3D('',#2259,#1865,#1866);
#1518=AXIS2_PLACEMENT_3D('',#2262,#1868,#1869);
#1519=AXIS2_PLACEMENT_3D('',#2265,#1871,#1872);
#1520=AXIS2_PLACEMENT_3D('',#2266,#1873,#1874);
#1521=AXIS2_PLACEMENT_3D('',#2272,#1878,#1879);
#1522=AXIS2_PLACEMENT_3D('',#2276,#1882,#1883);
#1523=AXIS2_PLACEMENT_3D('',#2280,#1886,#1887);
#1524=AXIS2_PLACEMENT_3D('',#2284,#1890,#1891);
#1525=AXIS2_PLACEMENT_3D('',#2288,#1894,#1895);
#1526=AXIS2_PLACEMENT_3D('',#2292,#1898,#1899);
#1527=AXIS2_PLACEMENT_3D('',#2296,#1902,#1903);
#1528=AXIS2_PLACEMENT_3D('',#2298,#1905,#1906);
#1529=AXIS2_PLACEMENT_3D('',#2302,#1909,#1910);
#1530=AXIS2_PLACEMENT_3D('',#2306,#1913,#1914);
#1531=AXIS2_PLACEMENT_3D('',#2308,#1916,#1917);
#1532=AXIS2_PLACEMENT_3D('',#2312,#1920,#1921);
#1533=AXIS2_PLACEMENT_3D('',#2316,#1924,#1925);
#1534=AXIS2_PLACEMENT_3D('',#2318,#1927,#1928);
#1535=AXIS2_PLACEMENT_3D('',#2324,#1932,#1933);
#1536=AXIS2_PLACEMENT_3D('',#2326,#1935,#1936);
#1537=AXIS2_PLACEMENT_3D('',#2330,#1939,#1940);
#1538=AXIS2_PLACEMENT_3D('',#2332,#1942,#1943);
#1539=AXIS2_PLACEMENT_3D('',#2336,#1946,#1947);
#1540=AXIS2_PLACEMENT_3D('',#2340,#1950,#1951);
#1541=AXIS2_PLACEMENT_3D('',#2342,#1953,#1954);
#1542=AXIS2_PLACEMENT_3D('',#2344,#1956,#1957);
#1543=DIRECTION('axis',(0.,0.,1.));
#1544=DIRECTION('refdir',(1.,0.,0.));
#1545=DIRECTION('center_axis',(0.,-1.,2.67189073236363E-24));
#1546=DIRECTION('ref_axis',(1.,0.,0.));
#1547=DIRECTION('center_axis',(0.,-1.,2.67189073236363E-24));
#1548=DIRECTION('ref_axis',(-1.,0.,0.));
#1549=DIRECTION('center_axis',(0.,-1.,2.67189073236363E-24));
#1550=DIRECTION('ref_axis',(1.,0.,0.));
#1551=DIRECTION('center_axis',(0.,-1.,2.67189073236363E-24));
#1552=DIRECTION('ref_axis',(-1.,0.,0.));
#1553=DIRECTION('center_axis',(0.,-1.,2.67189073236363E-24));
#1554=DIRECTION('ref_axis',(1.,0.,0.));
#1555=DIRECTION('center_axis',(0.,-1.,2.67189073236363E-24));
#1556=DIRECTION('ref_axis',(-1.,0.,0.));
#1557=DIRECTION('center_axis',(0.,-1.,2.67189073236363E-24));
#1558=DIRECTION('ref_axis',(1.,0.,0.));
#1559=DIRECTION('center_axis',(0.,-1.,2.67189073236363E-24));
#1560=DIRECTION('ref_axis',(-1.,0.,0.));
#1561=DIRECTION('center_axis',(0.,-1.,2.67189073236363E-24));
#1562=DIRECTION('ref_axis',(1.,0.,0.));
#1563=DIRECTION('center_axis',(0.,-1.,2.67189073236363E-24));
#1564=DIRECTION('ref_axis',(-1.,0.,0.));
#1565=DIRECTION('center_axis',(0.,-1.,2.67189073236363E-24));
#1566=DIRECTION('ref_axis',(1.,0.,0.));
#1567=DIRECTION('center_axis',(0.,-1.,2.67189073236363E-24));
#1568=DIRECTION('ref_axis',(-1.,0.,0.));
#1569=DIRECTION('center_axis',(0.,-1.,2.67189073236363E-24));
#1570=DIRECTION('ref_axis',(1.,0.,0.));
#1571=DIRECTION('center_axis',(0.,-1.,2.67189073236363E-24));
#1572=DIRECTION('ref_axis',(-1.,0.,0.));
#1573=DIRECTION('center_axis',(0.,-1.,2.67189073236363E-24));
#1574=DIRECTION('ref_axis',(1.,0.,0.));
#1575=DIRECTION('center_axis',(0.,-1.,2.67189073236363E-24));
#1576=DIRECTION('ref_axis',(-1.,0.,0.));
#1577=DIRECTION('center_axis',(0.,-1.,2.67189073236363E-24));
#1578=DIRECTION('ref_axis',(1.,0.,0.));
#1579=DIRECTION('center_axis',(0.,-1.,2.67189073236363E-24));
#1580=DIRECTION('ref_axis',(-1.,0.,0.));
#1581=DIRECTION('center_axis',(0.,1.,0.));
#1582=DIRECTION('ref_axis',(-1.,0.,0.));
#1583=DIRECTION('center_axis',(0.,1.,-2.67189073236363E-24));
#1584=DIRECTION('ref_axis',(-1.,0.,0.));
#1585=DIRECTION('',(0.,1.,0.));
#1586=DIRECTION('center_axis',(0.,1.,-2.67189073236363E-24));
#1587=DIRECTION('ref_axis',(-1.,0.,0.));
#1588=DIRECTION('center_axis',(0.,1.,-2.67189073236363E-24));
#1589=DIRECTION('ref_axis',(-1.,0.,0.));
#1590=DIRECTION('center_axis',(0.,1.,0.));
#1591=DIRECTION('ref_axis',(-1.,0.,0.));
#1592=DIRECTION('center_axis',(0.,1.,-2.67189073236363E-24));
#1593=DIRECTION('ref_axis',(-1.,0.,0.));
#1594=DIRECTION('',(0.,1.,0.));
#1595=DIRECTION('center_axis',(0.,1.,-2.67189073236363E-24));
#1596=DIRECTION('ref_axis',(-1.,0.,0.));
#1597=DIRECTION('center_axis',(0.,1.,-2.67189073236363E-24));
#1598=DIRECTION('ref_axis',(-1.,0.,0.));
#1599=DIRECTION('center_axis',(0.,1.,0.));
#1600=DIRECTION('ref_axis',(-1.,0.,0.));
#1601=DIRECTION('center_axis',(0.,1.,-2.67189073236363E-24));
#1602=DIRECTION('ref_axis',(-1.,0.,0.));
#1603=DIRECTION('',(0.,1.,0.));
#1604=DIRECTION('center_axis',(0.,1.,-2.67189073236363E-24));
#1605=DIRECTION('ref_axis',(-1.,0.,0.));
#1606=DIRECTION('center_axis',(0.,1.,-2.67189073236363E-24));
#1607=DIRECTION('ref_axis',(-1.,0.,0.));
#1608=DIRECTION('center_axis',(0.,1.,0.));
#1609=DIRECTION('ref_axis',(-1.,0.,0.));
#1610=DIRECTION('center_axis',(0.,1.,-2.67189073236363E-24));
#1611=DIRECTION('ref_axis',(-1.,0.,0.));
#1612=DIRECTION('',(0.,1.,0.));
#1613=DIRECTION('center_axis',(0.,1.,-2.67189073236363E-24));
#1614=DIRECTION('ref_axis',(-1.,0.,0.));
#1615=DIRECTION('center_axis',(0.,1.,-2.67189073236363E-24));
#1616=DIRECTION('ref_axis',(-1.,0.,0.));
#1617=DIRECTION('center_axis',(0.,1.,0.));
#1618=DIRECTION('ref_axis',(-1.,0.,0.));
#1619=DIRECTION('center_axis',(0.,1.,-2.67189073236363E-24));
#1620=DIRECTION('ref_axis',(-1.,0.,0.));
#1621=DIRECTION('',(0.,1.,0.));
#1622=DIRECTION('center_axis',(0.,1.,-2.67189073236363E-24));
#1623=DIRECTION('ref_axis',(-1.,0.,0.));
#1624=DIRECTION('center_axis',(0.,1.,-2.67189073236363E-24));
#1625=DIRECTION('ref_axis',(-1.,0.,0.));
#1626=DIRECTION('center_axis',(0.,1.,0.));
#1627=DIRECTION('ref_axis',(-1.,0.,0.));
#1628=DIRECTION('center_axis',(0.,1.,-2.67189073236363E-24));
#1629=DIRECTION('ref_axis',(-1.,0.,0.));
#1630=DIRECTION('',(0.,1.,0.));
#1631=DIRECTION('center_axis',(0.,1.,-2.67189073236363E-24));
#1632=DIRECTION('ref_axis',(-1.,0.,0.));
#1633=DIRECTION('center_axis',(0.,1.,-2.67189073236363E-24));
#1634=DIRECTION('ref_axis',(-1.,0.,0.));
#1635=DIRECTION('center_axis',(0.,1.,0.));
#1636=DIRECTION('ref_axis',(-1.,0.,0.));
#1637=DIRECTION('center_axis',(0.,1.,-2.67189073236363E-24));
#1638=DIRECTION('ref_axis',(-1.,0.,0.));
#1639=DIRECTION('',(0.,1.,0.));
#1640=DIRECTION('center_axis',(0.,1.,-2.67189073236363E-24));
#1641=DIRECTION('ref_axis',(-1.,0.,0.));
#1642=DIRECTION('center_axis',(0.,1.,-2.67189073236363E-24));
#1643=DIRECTION('ref_axis',(-1.,0.,0.));
#1644=DIRECTION('center_axis',(0.,1.,0.));
#1645=DIRECTION('ref_axis',(-1.,0.,0.));
#1646=DIRECTION('center_axis',(0.,1.,-2.67189073236363E-24));
#1647=DIRECTION('ref_axis',(-1.,0.,0.));
#1648=DIRECTION('',(0.,1.,0.));
#1649=DIRECTION('center_axis',(0.,1.,-2.67189073236363E-24));
#1650=DIRECTION('ref_axis',(-1.,0.,0.));
#1651=DIRECTION('center_axis',(0.,1.,-2.67189073236363E-24));
#1652=DIRECTION('ref_axis',(-1.,0.,0.));
#1653=DIRECTION('center_axis',(0.,1.,0.));
#1654=DIRECTION('ref_axis',(-1.,0.,0.));
#1655=DIRECTION('center_axis',(0.,1.,-2.67189073236363E-24));
#1656=DIRECTION('ref_axis',(-1.,0.,0.));
#1657=DIRECTION('',(0.,1.,0.));
#1658=DIRECTION('center_axis',(0.,1.,-2.67189073236363E-24));
#1659=DIRECTION('ref_axis',(-1.,0.,0.));
#1660=DIRECTION('center_axis',(0.,1.,-2.67189073236363E-24));
#1661=DIRECTION('ref_axis',(-1.,0.,0.));
#1662=DIRECTION('center_axis',(0.,-1.,0.));
#1663=DIRECTION('ref_axis',(-1.,0.,0.));
#1664=DIRECTION('center_axis',(1.89363754868149E-29,-1.,6.41216944256899E-17));
#1665=DIRECTION('ref_axis',(-1.,0.,0.));
#1666=DIRECTION('',(0.,-1.,0.));
#1667=DIRECTION('center_axis',(0.,-1.,0.));
#1668=DIRECTION('ref_axis',(-1.,0.,0.));
#1669=DIRECTION('center_axis',(1.89363754868149E-29,-1.,6.41216944256899E-17));
#1670=DIRECTION('ref_axis',(-1.,0.,0.));
#1671=DIRECTION('',(0.,-1.,0.));
#1672=DIRECTION('center_axis',(0.,1.,-2.67189073236363E-24));
#1673=DIRECTION('ref_axis',(-1.,0.,0.));
#1674=DIRECTION('center_axis',(0.,-1.,0.));
#1675=DIRECTION('ref_axis',(-1.,0.,0.));
#1676=DIRECTION('center_axis',(1.89363754868149E-29,-1.,6.41216944256899E-17));
#1677=DIRECTION('ref_axis',(-1.,0.,0.));
#1678=DIRECTION('',(0.,-1.,0.));
#1679=DIRECTION('center_axis',(0.,1.,-2.67189073236363E-24));
#1680=DIRECTION('ref_axis',(-1.,0.,0.));
#1681=DIRECTION('center_axis',(0.,-1.,0.));
#1682=DIRECTION('ref_axis',(-1.,0.,0.));
#1683=DIRECTION('center_axis',(1.89363754868149E-29,-1.,6.41216944256899E-17));
#1684=DIRECTION('ref_axis',(-1.,0.,0.));
#1685=DIRECTION('',(0.,-1.,0.));
#1686=DIRECTION('center_axis',(0.,1.,-2.67189073236363E-24));
#1687=DIRECTION('ref_axis',(-1.,0.,0.));
#1688=DIRECTION('center_axis',(0.,-1.,0.));
#1689=DIRECTION('ref_axis',(-1.,0.,0.));
#1690=DIRECTION('center_axis',(1.89363754868149E-29,-1.,6.41216944256899E-17));
#1691=DIRECTION('ref_axis',(-1.,0.,0.));
#1692=DIRECTION('',(0.,-1.,0.));
#1693=DIRECTION('center_axis',(0.,1.,-2.67189073236363E-24));
#1694=DIRECTION('ref_axis',(-1.,0.,0.));
#1695=DIRECTION('center_axis',(0.,-1.,0.));
#1696=DIRECTION('ref_axis',(-1.,0.,0.));
#1697=DIRECTION('center_axis',(1.89363754868149E-29,-1.,6.41216944256899E-17));
#1698=DIRECTION('ref_axis',(-1.,0.,0.));
#1699=DIRECTION('',(0.,-1.,0.));
#1700=DIRECTION('center_axis',(0.,-1.,0.));
#1701=DIRECTION('ref_axis',(-1.,0.,0.));
#1702=DIRECTION('center_axis',(1.89363754868149E-29,-1.,6.41216944256899E-17));
#1703=DIRECTION('ref_axis',(-1.,0.,0.));
#1704=DIRECTION('',(0.,-1.,0.));
#1705=DIRECTION('center_axis',(0.,-1.,0.));
#1706=DIRECTION('ref_axis',(-1.,0.,0.));
#1707=DIRECTION('center_axis',(1.89363754868149E-29,-1.,6.41216944256899E-17));
#1708=DIRECTION('ref_axis',(-1.,0.,0.));
#1709=DIRECTION('',(0.,-1.,0.));
#1710=DIRECTION('center_axis',(0.,1.,-2.67189073236363E-24));
#1711=DIRECTION('ref_axis',(-1.,0.,0.));
#1712=DIRECTION('center_axis',(0.,-1.,0.));
#1713=DIRECTION('ref_axis',(-1.,0.,0.));
#1714=DIRECTION('center_axis',(1.89363754868149E-29,-1.,6.41216944256899E-17));
#1715=DIRECTION('ref_axis',(-1.,0.,0.));
#1716=DIRECTION('',(0.,-1.,0.));
#1717=DIRECTION('center_axis',(0.,1.,-2.67189073236363E-24));
#1718=DIRECTION('ref_axis',(-1.,0.,0.));
#1719=DIRECTION('center_axis',(0.,-1.,0.));
#1720=DIRECTION('ref_axis',(-1.,0.,0.));
#1721=DIRECTION('center_axis',(1.89363754868149E-29,-1.,6.41216944256899E-17));
#1722=DIRECTION('ref_axis',(-1.,0.,0.));
#1723=DIRECTION('',(0.,-1.,0.));
#1724=DIRECTION('center_axis',(0.,1.,-2.67189073236363E-24));
#1725=DIRECTION('ref_axis',(-1.,0.,0.));
#1726=DIRECTION('center_axis',(0.,-1.,0.));
#1727=DIRECTION('ref_axis',(-1.,0.,0.));
#1728=DIRECTION('center_axis',(1.89363754868149E-29,-1.,6.41216944256899E-17));
#1729=DIRECTION('ref_axis',(-1.,0.,0.));
#1730=DIRECTION('',(0.,-1.,0.));
#1731=DIRECTION('center_axis',(0.,-1.,0.));
#1732=DIRECTION('ref_axis',(-1.,0.,0.));
#1733=DIRECTION('center_axis',(1.89363754868149E-29,-1.,6.41216944256899E-17));
#1734=DIRECTION('ref_axis',(-1.,0.,0.));
#1735=DIRECTION('',(0.,-1.,0.));
#1736=DIRECTION('center_axis',(0.,-1.,0.));
#1737=DIRECTION('ref_axis',(-1.,0.,0.));
#1738=DIRECTION('center_axis',(1.89363754868149E-29,-1.,6.41216944256899E-17));
#1739=DIRECTION('ref_axis',(-1.,0.,0.));
#1740=DIRECTION('',(0.,-1.,0.));
#1741=DIRECTION('center_axis',(0.,-1.,0.));
#1742=DIRECTION('ref_axis',(-1.,0.,0.));
#1743=DIRECTION('center_axis',(1.89363754868149E-29,-1.,6.41216944256899E-17));
#1744=DIRECTION('ref_axis',(-1.,0.,0.));
#1745=DIRECTION('',(0.,-1.,0.));
#1746=DIRECTION('center_axis',(0.,-1.,0.));
#1747=DIRECTION('ref_axis',(-1.,0.,0.));
#1748=DIRECTION('center_axis',(1.89363754868149E-29,-1.,6.41216944256899E-17));
#1749=DIRECTION('ref_axis',(-1.,0.,0.));
#1750=DIRECTION('',(0.,-1.,0.));
#1751=DIRECTION('center_axis',(0.,1.,-2.67189073236363E-24));
#1752=DIRECTION('ref_axis',(-1.,0.,0.));
#1753=DIRECTION('center_axis',(0.,-1.,0.));
#1754=DIRECTION('ref_axis',(-1.,0.,0.));
#1755=DIRECTION('center_axis',(1.89363754868149E-29,-1.,6.41216944256899E-17));
#1756=DIRECTION('ref_axis',(-1.,0.,0.));
#1757=DIRECTION('',(0.,-1.,0.));
#1758=DIRECTION('center_axis',(0.,1.,-2.67189073236363E-24));
#1759=DIRECTION('ref_axis',(-1.,0.,0.));
#1760=DIRECTION('center_axis',(0.,-1.,0.));
#1761=DIRECTION('ref_axis',(-1.,0.,0.));
#1762=DIRECTION('center_axis',(1.89363754868149E-29,-1.,6.41216944256899E-17));
#1763=DIRECTION('ref_axis',(-1.,0.,0.));
#1764=DIRECTION('',(0.,-1.,0.));
#1765=DIRECTION('center_axis',(0.,-1.,0.));
#1766=DIRECTION('ref_axis',(-1.,0.,0.));
#1767=DIRECTION('center_axis',(1.89363754868149E-29,-1.,6.41216944256899E-17));
#1768=DIRECTION('ref_axis',(-1.,0.,0.));
#1769=DIRECTION('',(0.,-1.,0.));
#1770=DIRECTION('center_axis',(1.89363754868149E-29,-1.,6.41216944256899E-17));
#1771=DIRECTION('ref_axis',(-2.95319324550981E-13,-6.41216944256899E-17,
-1.));
#1772=DIRECTION('',(1.,1.89363754868149E-29,0.));
#1773=DIRECTION('',(-3.81916720471946E-13,-6.41216944256899E-17,-1.));
#1774=DIRECTION('',(-1.,0.,0.));
#1775=DIRECTION('',(-2.22044604923588E-14,6.41216944256899E-17,1.));
#1776=DIRECTION('center_axis',(1.89363754868149E-29,-1.,6.41216944256899E-17));
#1777=DIRECTION('ref_axis',(-2.95319324550981E-13,-6.41216944256899E-17,
-1.));
#1778=DIRECTION('',(1.,1.89363754868149E-29,0.));
#1779=DIRECTION('',(-5.68434188609408E-13,-6.41216944256899E-17,-1.));
#1780=DIRECTION('',(-1.,0.,0.));
#1781=DIRECTION('',(-1.77635683939921E-14,6.41216944256899E-17,1.));
#1782=DIRECTION('center_axis',(1.89363754868149E-29,-1.,6.41216944256899E-17));
#1783=DIRECTION('ref_axis',(-2.95319324550981E-13,-6.41216944256899E-17,
-1.));
#1784=DIRECTION('',(-1.,-1.89363754868149E-29,0.));
#1785=DIRECTION('',(-8.88178419702199E-15,6.41216944256899E-17,1.));
#1786=DIRECTION('',(1.,0.,0.));
#1787=DIRECTION('',(0.,-6.41216944256899E-17,-1.));
#1788=DIRECTION('center_axis',(1.89363754868149E-29,-1.,6.41216944256899E-17));
#1789=DIRECTION('ref_axis',(-2.95319324550981E-13,-6.41216944256899E-17,
-1.));
#1790=DIRECTION('',(-1.,0.,0.));
#1791=DIRECTION('',(-2.22044604923088E-14,6.41216944256899E-17,1.));
#1792=DIRECTION('',(1.,1.89363754868149E-29,0.));
#1793=DIRECTION('',(-2.95319324550981E-13,-6.41216944256899E-17,-1.));
#1794=DIRECTION('center_axis',(1.89363754868149E-29,-1.,6.41216944256899E-17));
#1795=DIRECTION('ref_axis',(-2.95319324550981E-13,-6.41216944256899E-17,
-1.));
#1796=DIRECTION('',(1.,0.,0.));
#1797=DIRECTION('',(-2.15383266777783E-13,-6.41216944256899E-17,-1.));
#1798=DIRECTION('',(-1.,-1.89363754868149E-29,0.));
#1799=DIRECTION('',(-4.440892098511E-15,6.41216944256899E-17,1.));
#1800=DIRECTION('center_axis',(1.89363754868149E-29,-1.,6.41216944256899E-17));
#1801=DIRECTION('ref_axis',(-2.95319324550981E-13,-6.41216944256899E-17,
-1.));
#1802=DIRECTION('',(-1.,-1.89363754868149E-29,0.));
#1803=DIRECTION('',(-4.97379915033232E-13,6.41216944256899E-17,1.));
#1804=DIRECTION('',(1.,0.,0.));
#1805=DIRECTION('',(-4.79616346639188E-13,-6.41216944256899E-17,-1.));
#1806=DIRECTION('center_axis',(-1.,0.,-4.440892098511E-15));
#1807=DIRECTION('ref_axis',(4.440892098511E-15,0.,-1.));
#1808=DIRECTION('',(1.18655784414384E-38,1.,-2.67189073236363E-24));
#1809=DIRECTION('',(0.,0.,1.));
#1810=DIRECTION('',(0.,-1.,0.));
#1811=DIRECTION('center_axis',(1.,0.,4.440892098511E-15));
#1812=DIRECTION('ref_axis',(0.,-0.866025403784101,-0.500000000000584));
#1813=DIRECTION('center_axis',(0.,0.,1.));
#1814=DIRECTION('ref_axis',(1.,0.,0.));
#1815=DIRECTION('',(5.75480554409763E-37,-1.,2.67189073236363E-24));
#1816=DIRECTION('',(1.,0.,0.));
#1817=DIRECTION('center_axis',(-1.,0.,-4.97379915033232E-13));
#1818=DIRECTION('ref_axis',(4.97379915033232E-13,-7.3468396926393E-40,-1.));
#1819=DIRECTION('',(1.3289447854411E-36,1.,-2.67189073236363E-24));
#1820=DIRECTION('',(0.,0.,1.));
#1821=DIRECTION('',(0.,-1.,0.));
#1822=DIRECTION('center_axis',(1.,0.,4.97379915033232E-13));
#1823=DIRECTION('ref_axis',(0.,-0.866025403784101,-0.500000000000584));
#1824=DIRECTION('center_axis',(-1.,0.,-8.88178419702199E-15));
#1825=DIRECTION('ref_axis',(8.88178419702199E-15,0.,-1.));
#1826=DIRECTION('',(2.37311568828768E-38,1.,-2.67189073236363E-24));
#1827=DIRECTION('',(0.,0.,1.));
#1828=DIRECTION('',(0.,-1.,0.));
#1829=DIRECTION('center_axis',(1.,0.,8.88178419702199E-15));
#1830=DIRECTION('ref_axis',(0.,-0.866025403784101,-0.500000000000584));
#1831=DIRECTION('center_axis',(1.,0.,-2.95319324550981E-13));
#1832=DIRECTION('ref_axis',(2.95319324550981E-13,-5.55111512313875E-16,
1.));
#1833=DIRECTION('',(-7.89060966355654E-37,1.,-2.67189073236363E-24));
#1834=DIRECTION('',(-2.95319324550981E-13,-2.67189073236363E-24,-1.));
#1835=DIRECTION('',(0.,-1.,0.));
#1836=DIRECTION('center_axis',(-1.,0.,2.95319324550981E-13));
#1837=DIRECTION('ref_axis',(0.,-0.866025403784101,-0.500000000000584));
#1838=DIRECTION('center_axis',(1.,0.,-5.68434188609408E-13));
#1839=DIRECTION('ref_axis',(5.68434188609408E-13,-5.55111512313875E-16,
1.));
#1840=DIRECTION('',(-1.51879404050412E-36,1.,-2.67189073236363E-24));
#1841=DIRECTION('',(-5.68434188609408E-13,-2.67189073236363E-24,-1.));
#1842=DIRECTION('',(0.,-1.,0.));
#1843=DIRECTION('center_axis',(-1.,0.,5.68434188609408E-13));
#1844=DIRECTION('ref_axis',(0.,-0.866025403784101,-0.500000000000584));
#1845=DIRECTION('center_axis',(-1.,0.,0.));
#1846=DIRECTION('ref_axis',(0.,-0.866025403784101,-0.500000000000584));
#1847=DIRECTION('',(1.,0.,0.));
#1848=DIRECTION('center_axis',(-1.,-1.0370102452507E-25,1.51847467345526E-30));
#1849=DIRECTION('ref_axis',(8.98069623998118E-26,-0.866025403784101,-0.500000000000584));
#1850=DIRECTION('',(-1.,0.,0.));
#1851=DIRECTION('center_axis',(1.,0.,1.77635683939921E-14));
#1852=DIRECTION('ref_axis',(0.,-0.866025403784101,-0.500000000000584));
#1853=DIRECTION('',(-1.,0.,0.));
#1854=DIRECTION('center_axis',(1.,0.,2.22044604923588E-14));
#1855=DIRECTION('ref_axis',(0.,-0.866025403784101,-0.500000000000584));
#1856=DIRECTION('center_axis',(-1.,0.,3.81916720471946E-13));
#1857=DIRECTION('ref_axis',(0.,-0.866025403784101,-0.500000000000584));
#1858=DIRECTION('',(-1.,0.,0.));
#1859=DIRECTION('center_axis',(1.,0.,2.22044604923088E-14));
#1860=DIRECTION('ref_axis',(0.,-0.866025403784101,-0.500000000000584));
#1861=DIRECTION('',(-1.,0.,0.));
#1862=DIRECTION('center_axis',(1.,1.0370102452507E-25,-1.51847467345526E-30));
#1863=DIRECTION('ref_axis',(8.98069623998118E-26,-0.866025403784101,-0.500000000000584));
#1864=DIRECTION('',(1.,0.,0.));
#1865=DIRECTION('center_axis',(-1.,0.,2.15383266777783E-13));
#1866=DIRECTION('ref_axis',(0.,-0.866025403784101,-0.500000000000584));
#1867=DIRECTION('',(1.,0.,0.));
#1868=DIRECTION('center_axis',(-1.,0.,0.));
#1869=DIRECTION('ref_axis',(0.,-0.866025403784101,-0.500000000000584));
#1870=DIRECTION('',(1.,0.,0.));
#1871=DIRECTION('center_axis',(-1.,0.,4.79616346639188E-13));
#1872=DIRECTION('ref_axis',(0.,-0.866025403784101,-0.500000000000584));
#1873=DIRECTION('center_axis',(1.,0.,-3.81916720471946E-13));
#1874=DIRECTION('ref_axis',(3.81916720471946E-13,-5.55111512313875E-16,
1.));
#1875=DIRECTION('',(-1.0204397459637E-36,1.,-2.67189073236363E-24));
#1876=DIRECTION('',(-3.81916720471946E-13,-2.67189073236363E-24,-1.));
#1877=DIRECTION('',(0.,-1.,0.));
#1878=DIRECTION('center_axis',(0.,0.,1.));
#1879=DIRECTION('ref_axis',(1.,0.,0.));
#1880=DIRECTION('',(1.28148247167535E-36,-1.,2.67189073236363E-24));
#1881=DIRECTION('',(1.,0.,0.));
#1882=DIRECTION('center_axis',(0.,0.,1.));
#1883=DIRECTION('ref_axis',(1.,0.,0.));
#1884=DIRECTION('',(0.,-1.,2.67189073236363E-24));
#1885=DIRECTION('',(1.,0.,0.));
#1886=DIRECTION('center_axis',(0.,0.,-1.));
#1887=DIRECTION('ref_axis',(-1.,0.,0.));
#1888=DIRECTION('',(-5.93278922065344E-38,-1.,2.67189073236363E-24));
#1889=DIRECTION('',(-1.,0.,0.));
#1890=DIRECTION('center_axis',(0.,0.,-1.));
#1891=DIRECTION('ref_axis',(-1.,0.,0.));
#1892=DIRECTION('',(-4.74623137656151E-38,-1.,2.67189073236363E-24));
#1893=DIRECTION('',(-1.,0.,0.));
#1894=DIRECTION('center_axis',(0.,0.,-1.));
#1895=DIRECTION('ref_axis',(-1.,0.,0.));
#1896=DIRECTION('',(-5.93278922066678E-38,-1.,2.67189073236363E-24));
#1897=DIRECTION('',(-1.,0.,0.));
#1898=DIRECTION('center_axis',(2.77555756156293E-17,0.,1.));
#1899=DIRECTION('ref_axis',(-1.,3.70074339760463E-17,2.77555756156293E-17));
#1900=DIRECTION('',(1.,-7.41598652588179E-41,-2.77555756156293E-17));
#1901=DIRECTION('',(0.,-1.,0.));
#1902=DIRECTION('center_axis',(-1.,0.,-2.22044604923588E-14));
#1903=DIRECTION('ref_axis',(2.22044604923588E-14,-2.00391804927863E-24,
-1.));
#1904=DIRECTION('',(-2.22044604923588E-14,2.67189073236363E-24,1.));
#1905=DIRECTION('center_axis',(-2.77625145095329E-13,0.,1.));
#1906=DIRECTION('ref_axis',(-1.,1.3877787941409E-16,-2.77625145095329E-13));
#1907=DIRECTION('',(1.,7.41784052251318E-37,2.77625145095329E-13));
#1908=DIRECTION('',(1.03700499156733E-25,-1.,2.87898661248462E-38));
#1909=DIRECTION('center_axis',(3.96508223080414E-17,0.,1.));
#1910=DIRECTION('ref_axis',(-1.,5.28677628229228E-17,3.96508223080414E-17));
#1911=DIRECTION('',(1.,-1.05942664655453E-40,-3.96508223080414E-17));
#1912=DIRECTION('',(0.,-1.,0.));
#1913=DIRECTION('center_axis',(-1.,0.,-2.22044604923088E-14));
#1914=DIRECTION('ref_axis',(2.22044604923088E-14,-5.46669689015401E-24,
-1.));
#1915=DIRECTION('',(-2.22044604923088E-14,2.67189073236363E-24,1.));
#1916=DIRECTION('center_axis',(1.11022302462515E-16,0.,-1.));
#1917=DIRECTION('ref_axis',(1.,-1.07712280289361E-24,1.11022302462515E-16));
#1918=DIRECTION('',(-1.,-2.96639461035265E-40,-1.11022302462515E-16));
#1919=DIRECTION('',(1.03700499156733E-25,-1.,1.15130681828926E-41));
#1920=DIRECTION('center_axis',(1.,0.,-4.79616346639188E-13));
#1921=DIRECTION('ref_axis',(4.79616346639188E-13,2.67189073236363E-24,1.));
#1922=DIRECTION('',(0.,-1.,0.));
#1923=DIRECTION('',(-4.79616346639188E-13,-2.67189073236363E-24,-1.));
#1924=DIRECTION('center_axis',(-1.85037170770854E-17,0.,-1.));
#1925=DIRECTION('ref_axis',(1.,-4.94399101725433E-41,-1.85037170770854E-17));
#1926=DIRECTION('',(-1.,4.94399101725433E-41,1.85037170770854E-17));
#1927=DIRECTION('center_axis',(4.53050275913094E-89,0.,-1.));
#1928=DIRECTION('ref_axis',(1.,-1.69561677962898E-65,4.53050275913094E-89));
#1929=DIRECTION('',(-1.03700499156733E-25,1.,-4.69815397552836E-114));
#1930=DIRECTION('',(-1.,-1.21050083350698E-112,-4.53050275913094E-89));
#1931=DIRECTION('',(0.,-1.,0.));
#1932=DIRECTION('center_axis',(1.,0.,-2.15383266777783E-13));
#1933=DIRECTION('ref_axis',(2.15383266777783E-13,2.67189073236363E-24,1.));
#1934=DIRECTION('',(-2.15383266777783E-13,-2.67189073236363E-24,-1.));
#1935=DIRECTION('center_axis',(1.,0.,0.));
#1936=DIRECTION('ref_axis',(0.,-7.90888108510214E-25,1.));
#1937=DIRECTION('',(0.,-1.,0.));
#1938=DIRECTION('',(0.,-2.67189073236363E-24,-1.));
#1939=DIRECTION('center_axis',(-2.64338815386936E-17,0.,-1.));
#1940=DIRECTION('ref_axis',(1.,-7.06284431036336E-41,-2.64338815386936E-17));
#1941=DIRECTION('',(-1.,7.06284431036336E-41,2.64338815386936E-17));
#1942=DIRECTION('center_axis',(-1.,0.,-1.77635683939921E-14));
#1943=DIRECTION('ref_axis',(1.77635683939921E-14,-2.00391804927467E-24,
-1.));
#1944=DIRECTION('',(0.,-1.,0.));
#1945=DIRECTION('',(-1.77635683939921E-14,2.67189073236363E-24,1.));
#1946=DIRECTION('center_axis',(-8.54444720105745E-14,0.,1.));
#1947=DIRECTION('ref_axis',(-1.,-4.11060112671099E-25,-8.54444720105745E-14));
#1948=DIRECTION('',(-1.03700499156733E-25,1.,-8.86063439768011E-39));
#1949=DIRECTION('',(1.,2.28298292896758E-37,8.54444720105745E-14));
#1950=DIRECTION('center_axis',(1.,1.03700499156733E-25,6.35033403862759E-42));
#1951=DIRECTION('ref_axis',(6.35033431570399E-42,-2.67189073236363E-24,
-1.));
#1952=DIRECTION('',(-6.35033431570399E-42,2.67189073236363E-24,1.));
#1953=DIRECTION('center_axis',(1.,1.03700499156733E-25,6.35033403862759E-42));
#1954=DIRECTION('ref_axis',(6.35033431570399E-42,-2.67189073236363E-24,
-1.));
#1955=DIRECTION('',(-6.35033431570399E-42,2.67189073236363E-24,1.));
#1956=DIRECTION('center_axis',(0.,-1.,2.67189073236363E-24));
#1957=DIRECTION('ref_axis',(-6.35033431570399E-42,2.67189073236363E-24,
1.));
#1958=CARTESIAN_POINT('',(0.,0.,0.));
#1959=CARTESIAN_POINT('Origin',(34.4499999999989,-3.8,6.47994974841985));
#1960=CARTESIAN_POINT('',(35.8499999999989,-3.8,6.47994974841985));
#1961=CARTESIAN_POINT('Origin',(34.4499999999989,-3.8,6.47994974841985));
#1962=CARTESIAN_POINT('Origin',(108.849999999999,-3.8,6.47994974842018));
#1963=CARTESIAN_POINT('',(110.249999999999,-3.8,6.47994974842018));
#1964=CARTESIAN_POINT('Origin',(108.849999999999,-3.8,6.47994974842018));
#1965=CARTESIAN_POINT('Origin',(176.449999999999,-3.8,-6.47994974842179));
#1966=CARTESIAN_POINT('',(177.849999999999,-3.8,-6.47994974842179));
#1967=CARTESIAN_POINT('Origin',(176.449999999999,-3.8,-6.47994974842179));
#1968=CARTESIAN_POINT('Origin',(123.649999999999,-3.8,-6.47994974842179));
#1969=CARTESIAN_POINT('',(125.049999999999,-3.8,-6.47994974842179));
#1970=CARTESIAN_POINT('Origin',(123.649999999999,-3.8,-6.47994974842179));
#1971=CARTESIAN_POINT('Origin',(49.2499999999989,-3.8,-6.47994974842179));
#1972=CARTESIAN_POINT('',(50.6499999999989,-3.8,-6.47994974842179));
#1973=CARTESIAN_POINT('Origin',(49.2499999999989,-3.8,-6.47994974842179));
#1974=CARTESIAN_POINT('Origin',(94.0499999999991,-3.8,-6.47994974842179));
#1975=CARTESIAN_POINT('',(95.4499999999991,-3.8,-6.47994974842179));
#1976=CARTESIAN_POINT('Origin',(94.0499999999991,-3.8,-6.47994974842179));
#1977=CARTESIAN_POINT('Origin',(191.249999999999,-3.8,6.47994974842051));
#1978=CARTESIAN_POINT('',(192.649999999999,-3.8,6.47994974842051));
#1979=CARTESIAN_POINT('Origin',(191.249999999999,-3.8,6.47994974842051));
#1980=CARTESIAN_POINT('Origin',(161.649999999999,-3.8,6.47994974841985));
#1981=CARTESIAN_POINT('',(163.049999999999,-3.8,6.47994974841985));
#1982=CARTESIAN_POINT('Origin',(161.649999999999,-3.8,6.47994974841985));
#1983=CARTESIAN_POINT('Origin',(64.0499999999986,-3.8,6.47994974842051));
#1984=CARTESIAN_POINT('',(65.4499999999986,-3.8,6.47994974842051));
#1985=CARTESIAN_POINT('Origin',(64.0499999999986,-3.8,6.47994974842051));
#1986=CARTESIAN_POINT('Origin',(161.649999999999,-8.,6.47994974841985));
#1987=CARTESIAN_POINT('',(164.399999999999,-8.,6.47994974841985));
#1988=CARTESIAN_POINT('Origin',(161.649999999999,-8.,6.47994974841985));
#1989=CARTESIAN_POINT('',(164.399999999999,-4.,6.47994974841985));
#1990=CARTESIAN_POINT('',(164.399999999999,-8.,6.47994974841985));
#1991=CARTESIAN_POINT('Origin',(161.649999999999,-4.,6.47994974841985));
#1992=CARTESIAN_POINT('Origin',(161.649999999999,-4.,6.47994974841985));
#1993=CARTESIAN_POINT('Origin',(64.0499999999986,-8.,6.47994974842051));
#1994=CARTESIAN_POINT('',(66.7999999999986,-8.,6.47994974842051));
#1995=CARTESIAN_POINT('Origin',(64.0499999999986,-8.,6.47994974842051));
#1996=CARTESIAN_POINT('',(66.7999999999986,-4.,6.47994974842051));
#1997=CARTESIAN_POINT('',(66.7999999999986,-8.,6.47994974842051));
#1998=CARTESIAN_POINT('Origin',(64.0499999999986,-4.,6.47994974842051));
#1999=CARTESIAN_POINT('Origin',(64.0499999999986,-4.,6.47994974842051));
#2000=CARTESIAN_POINT('Origin',(49.2499999999989,-8.,-6.47994974842179));
#2001=CARTESIAN_POINT('',(51.9999999999989,-8.,-6.47994974842179));
#2002=CARTESIAN_POINT('Origin',(49.2499999999989,-8.,-6.47994974842179));
#2003=CARTESIAN_POINT('',(51.9999999999989,-4.,-6.47994974842179));
#2004=CARTESIAN_POINT('',(51.9999999999989,-8.,-6.47994974842179));
#2005=CARTESIAN_POINT('Origin',(49.2499999999989,-4.,-6.47994974842179));
#2006=CARTESIAN_POINT('Origin',(49.2499999999989,-4.,-6.47994974842179));
#2007=CARTESIAN_POINT('Origin',(123.649999999999,-8.,-6.47994974842179));
#2008=CARTESIAN_POINT('',(126.399999999999,-8.,-6.47994974842179));
#2009=CARTESIAN_POINT('Origin',(123.649999999999,-8.,-6.47994974842179));
#2010=CARTESIAN_POINT('',(126.399999999999,-4.,-6.47994974842179));
#2011=CARTESIAN_POINT('',(126.399999999999,-8.,-6.47994974842179));
#2012=CARTESIAN_POINT('Origin',(123.649999999999,-4.,-6.47994974842179));
#2013=CARTESIAN_POINT('Origin',(123.649999999999,-4.,-6.47994974842179));
#2014=CARTESIAN_POINT('Origin',(176.449999999999,-8.,-6.47994974842179));
#2015=CARTESIAN_POINT('',(179.199999999999,-8.,-6.47994974842179));
#2016=CARTESIAN_POINT('Origin',(176.449999999999,-8.,-6.47994974842179));
#2017=CARTESIAN_POINT('',(179.199999999999,-4.,-6.47994974842179));
#2018=CARTESIAN_POINT('',(179.199999999999,-8.,-6.47994974842179));
#2019=CARTESIAN_POINT('Origin',(176.449999999999,-4.,-6.47994974842179));
#2020=CARTESIAN_POINT('Origin',(176.449999999999,-4.,-6.47994974842179));
#2021=CARTESIAN_POINT('Origin',(94.0499999999991,-8.,-6.47994974842179));
#2022=CARTESIAN_POINT('',(96.7999999999991,-8.,-6.47994974842179));
#2023=CARTESIAN_POINT('Origin',(94.0499999999991,-8.,-6.47994974842179));
#2024=CARTESIAN_POINT('',(96.7999999999991,-4.,-6.47994974842179));
#2025=CARTESIAN_POINT('',(96.7999999999991,-8.,-6.47994974842179));
#2026=CARTESIAN_POINT('Origin',(94.0499999999991,-4.,-6.47994974842179));
#2027=CARTESIAN_POINT('Origin',(94.0499999999991,-4.,-6.47994974842179));
#2028=CARTESIAN_POINT('Origin',(34.4499999999989,-8.,6.47994974841985));
#2029=CARTESIAN_POINT('',(37.1999999999989,-8.,6.47994974841985));
#2030=CARTESIAN_POINT('Origin',(34.4499999999989,-8.,6.47994974841985));
#2031=CARTESIAN_POINT('',(37.1999999999989,-4.,6.47994974841985));
#2032=CARTESIAN_POINT('',(37.1999999999989,-8.,6.47994974841985));
#2033=CARTESIAN_POINT('Origin',(34.4499999999989,-4.,6.47994974841985));
#2034=CARTESIAN_POINT('Origin',(34.4499999999989,-4.,6.47994974841985));
#2035=CARTESIAN_POINT('Origin',(108.849999999999,-8.,6.47994974842018));
#2036=CARTESIAN_POINT('',(111.599999999999,-8.,6.47994974842018));
#2037=CARTESIAN_POINT('Origin',(108.849999999999,-8.,6.47994974842018));
#2038=CARTESIAN_POINT('',(111.599999999999,-4.,6.47994974842018));
#2039=CARTESIAN_POINT('',(111.599999999999,-8.,6.47994974842018));
#2040=CARTESIAN_POINT('Origin',(108.849999999999,-4.,6.47994974842018));
#2041=CARTESIAN_POINT('Origin',(108.849999999999,-4.,6.47994974842018));
#2042=CARTESIAN_POINT('Origin',(191.249999999999,-8.,6.47994974842051));
#2043=CARTESIAN_POINT('',(193.999999999999,-8.,6.47994974842051));
#2044=CARTESIAN_POINT('Origin',(191.249999999999,-8.,6.47994974842051));
#2045=CARTESIAN_POINT('',(193.999999999999,-4.,6.47994974842051));
#2046=CARTESIAN_POINT('',(193.999999999999,-8.,6.47994974842051));
#2047=CARTESIAN_POINT('Origin',(191.249999999999,-4.,6.47994974842051));
#2048=CARTESIAN_POINT('Origin',(191.249999999999,-4.,6.47994974842051));
#2049=CARTESIAN_POINT('Origin',(161.649999999999,8.,6.47994974841985));
#2050=CARTESIAN_POINT('',(163.049999999999,-0.399999999999998,6.47994974841985));
#2051=CARTESIAN_POINT('Origin',(161.649999999999,-0.399999999999998,6.47994974841985));
#2052=CARTESIAN_POINT('',(163.049999999999,8.,6.47994974841985));
#2053=CARTESIAN_POINT('Origin',(94.0499999999989,8.,6.47994974841985));
#2054=CARTESIAN_POINT('',(95.449999999999,-0.399999999999998,6.47994974841985));
#2055=CARTESIAN_POINT('Origin',(94.0499999999989,-0.399999999999998,6.47994974841985));
#2056=CARTESIAN_POINT('',(95.449999999999,-8.,6.47994974841985));
#2057=CARTESIAN_POINT('',(95.449999999999,8.,6.47994974841985));
#2058=CARTESIAN_POINT('Origin',(94.0499999999989,-8.,6.47994974841985));
#2059=CARTESIAN_POINT('Origin',(108.849999999999,8.,-6.47994974842179));
#2060=CARTESIAN_POINT('',(110.249999999999,-0.399999999999998,-6.47994974842179));
#2061=CARTESIAN_POINT('Origin',(108.849999999999,-0.399999999999998,-6.47994974842179));
#2062=CARTESIAN_POINT('',(110.249999999999,-8.,-6.47994974842179));
#2063=CARTESIAN_POINT('',(110.249999999999,8.,-6.47994974842179));
#2064=CARTESIAN_POINT('Origin',(108.849999999999,-8.,-6.47994974842179));
#2065=CARTESIAN_POINT('Origin',(49.2499999999988,8.,6.47994974842018));
#2066=CARTESIAN_POINT('',(50.6499999999988,-0.399999999999998,6.47994974842018));
#2067=CARTESIAN_POINT('Origin',(49.2499999999988,-0.399999999999998,6.47994974842018));
#2068=CARTESIAN_POINT('',(50.6499999999988,-8.,6.47994974842018));
#2069=CARTESIAN_POINT('',(50.6499999999988,8.,6.47994974842018));
#2070=CARTESIAN_POINT('Origin',(49.2499999999988,-8.,6.47994974842018));
#2071=CARTESIAN_POINT('Origin',(34.4499999999991,8.,-6.47994974842179));
#2072=CARTESIAN_POINT('',(35.8499999999991,-0.399999999999998,-6.47994974842179));
#2073=CARTESIAN_POINT('Origin',(34.4499999999991,-0.399999999999998,-6.47994974842179));
#2074=CARTESIAN_POINT('',(35.8499999999991,-8.,-6.47994974842179));
#2075=CARTESIAN_POINT('',(35.8499999999991,8.,-6.47994974842179));
#2076=CARTESIAN_POINT('Origin',(34.4499999999991,-8.,-6.47994974842179));
#2077=CARTESIAN_POINT('Origin',(64.0499999999986,8.,6.47994974842051));
#2078=CARTESIAN_POINT('',(65.4499999999986,-0.399999999999998,6.47994974842051));
#2079=CARTESIAN_POINT('Origin',(64.0499999999986,-0.399999999999998,6.47994974842051));
#2080=CARTESIAN_POINT('',(65.4499999999986,8.,6.47994974842051));
#2081=CARTESIAN_POINT('Origin',(123.649999999999,8.,-6.47994974842179));
#2082=CARTESIAN_POINT('',(125.049999999999,-0.399999999999998,-6.47994974842179));
#2083=CARTESIAN_POINT('Origin',(123.649999999999,-0.399999999999998,-6.47994974842179));
#2084=CARTESIAN_POINT('',(125.049999999999,8.,-6.47994974842179));
#2085=CARTESIAN_POINT('Origin',(191.249999999999,8.,-6.47994974842179));
#2086=CARTESIAN_POINT('',(192.649999999999,-0.399999999999998,-6.47994974842179));
#2087=CARTESIAN_POINT('Origin',(191.249999999999,-0.399999999999998,-6.47994974842179));
#2088=CARTESIAN_POINT('',(192.649999999999,-8.,-6.47994974842179));
#2089=CARTESIAN_POINT('',(192.649999999999,8.,-6.47994974842179));
#2090=CARTESIAN_POINT('Origin',(191.249999999999,-8.,-6.47994974842179));
#2091=CARTESIAN_POINT('Origin',(176.449999999999,8.,6.47994974842018));
#2092=CARTESIAN_POINT('',(177.849999999999,-0.399999999999998,6.47994974842018));
#2093=CARTESIAN_POINT('Origin',(176.449999999999,-0.399999999999998,6.47994974842018));
#2094=CARTESIAN_POINT('',(177.849999999999,-8.,6.47994974842018));
#2095=CARTESIAN_POINT('',(177.849999999999,8.,6.47994974842018));
#2096=CARTESIAN_POINT('Origin',(176.449999999999,-8.,6.47994974842018));
#2097=CARTESIAN_POINT('Origin',(161.649999999999,8.,-6.47994974842179));
#2098=CARTESIAN_POINT('',(163.049999999999,-0.399999999999998,-6.47994974842179));
#2099=CARTESIAN_POINT('Origin',(161.649999999999,-0.399999999999998,-6.47994974842179));
#2100=CARTESIAN_POINT('',(163.049999999999,-8.,-6.47994974842179));
#2101=CARTESIAN_POINT('',(163.049999999999,8.,-6.47994974842179));
#2102=CARTESIAN_POINT('Origin',(161.649999999999,-8.,-6.47994974842179));
#2103=CARTESIAN_POINT('Origin',(108.849999999999,8.,6.47994974842018));
#2104=CARTESIAN_POINT('',(110.249999999999,-0.399999999999998,6.47994974842018));
#2105=CARTESIAN_POINT('Origin',(108.849999999999,-0.399999999999998,6.47994974842018));
#2106=CARTESIAN_POINT('',(110.249999999999,8.,6.47994974842018));
#2107=CARTESIAN_POINT('Origin',(94.0499999999991,8.,-6.47994974842179));
#2108=CARTESIAN_POINT('',(95.4499999999991,-0.399999999999998,-6.47994974842179));
#2109=CARTESIAN_POINT('Origin',(94.0499999999991,-0.399999999999998,-6.47994974842179));
#2110=CARTESIAN_POINT('',(95.4499999999991,8.,-6.47994974842179));
#2111=CARTESIAN_POINT('Origin',(34.4499999999989,8.,6.47994974841985));
#2112=CARTESIAN_POINT('',(35.8499999999989,-0.399999999999998,6.47994974841985));
#2113=CARTESIAN_POINT('Origin',(34.4499999999989,-0.399999999999998,6.47994974841985));
#2114=CARTESIAN_POINT('',(35.8499999999989,8.,6.47994974841985));
#2115=CARTESIAN_POINT('Origin',(49.2499999999989,8.,-6.47994974842179));
#2116=CARTESIAN_POINT('',(50.6499999999989,-0.399999999999998,-6.47994974842179));
#2117=CARTESIAN_POINT('Origin',(49.2499999999989,-0.399999999999998,-6.47994974842179));
#2118=CARTESIAN_POINT('',(50.6499999999989,8.,-6.47994974842179));
#2119=CARTESIAN_POINT('Origin',(64.0499999999988,8.,-6.47994974842179));
#2120=CARTESIAN_POINT('',(65.4499999999988,-0.399999999999998,-6.47994974842179));
#2121=CARTESIAN_POINT('Origin',(64.0499999999988,-0.399999999999998,-6.47994974842179));
#2122=CARTESIAN_POINT('',(65.4499999999988,-8.,-6.47994974842179));
#2123=CARTESIAN_POINT('',(65.4499999999988,8.,-6.47994974842179));
#2124=CARTESIAN_POINT('Origin',(64.0499999999988,-8.,-6.47994974842179));
#2125=CARTESIAN_POINT('Origin',(123.649999999999,8.,6.47994974842051));
#2126=CARTESIAN_POINT('',(125.049999999999,-0.399999999999998,6.47994974842051));
#2127=CARTESIAN_POINT('Origin',(123.649999999999,-0.399999999999998,6.47994974842051));
#2128=CARTESIAN_POINT('',(125.049999999999,-8.,6.47994974842051));
#2129=CARTESIAN_POINT('',(125.049999999999,8.,6.47994974842051));
#2130=CARTESIAN_POINT('Origin',(123.649999999999,-8.,6.47994974842051));
#2131=CARTESIAN_POINT('Origin',(176.449999999999,8.,-6.47994974842179));
#2132=CARTESIAN_POINT('',(177.849999999999,-0.399999999999998,-6.47994974842179));
#2133=CARTESIAN_POINT('Origin',(176.449999999999,-0.399999999999998,-6.47994974842179));
#2134=CARTESIAN_POINT('',(177.849999999999,8.,-6.47994974842179));
#2135=CARTESIAN_POINT('Origin',(191.249999999999,8.,6.47994974842051));
#2136=CARTESIAN_POINT('',(192.649999999999,-0.399999999999998,6.47994974842051));
#2137=CARTESIAN_POINT('Origin',(191.249999999999,-0.399999999999998,6.47994974842051));
#2138=CARTESIAN_POINT('',(192.649999999999,8.,6.47994974842051));
#2139=CARTESIAN_POINT('Origin',(29.4500000000049,-0.399999999999998,14.7004882947609));
#2140=CARTESIAN_POINT('',(90.0499999999981,-0.399999999999999,-10.));
#2141=CARTESIAN_POINT('',(127.749999999999,-0.399999999999999,-10.));
#2142=CARTESIAN_POINT('',(125.450000000002,-0.399999999999999,-10.));
#2143=CARTESIAN_POINT('',(90.0499999999946,-0.399999999999999,-3.97994974842179));
#2144=CARTESIAN_POINT('',(90.0500000000013,-0.399999999999999,1.35024414733617));
#2145=CARTESIAN_POINT('',(127.749999999999,-0.399999999999999,-3.97994974842179));
#2146=CARTESIAN_POINT('',(221.45,-0.399999999999999,-3.97994974842179));
#2147=CARTESIAN_POINT('',(127.749999999999,-0.399999999999999,6.35024414738155));
#2148=CARTESIAN_POINT('Origin',(29.4500000000049,-0.399999999999998,14.7004882947609));
#2149=CARTESIAN_POINT('',(157.749999999997,-0.399999999999999,-10.));
#2150=CARTESIAN_POINT('',(195.449999999999,-0.399999999999999,-10.));
#2151=CARTESIAN_POINT('',(125.450000000002,-0.399999999999999,-10.));
#2152=CARTESIAN_POINT('',(157.749999999992,-0.399999999999999,-3.97994974842179));
#2153=CARTESIAN_POINT('',(157.750000000002,-0.399999999999999,1.35024414732792));
#2154=CARTESIAN_POINT('',(195.449999999999,-0.399999999999999,-3.97994974842179));
#2155=CARTESIAN_POINT('',(221.45,-0.399999999999999,-3.97994974842179));
#2156=CARTESIAN_POINT('',(195.449999999999,-0.399999999999999,6.35024414738193));
#2157=CARTESIAN_POINT('Origin',(29.4500000000049,-0.399999999999998,14.7004882947609));
#2158=CARTESIAN_POINT('',(127.749999999999,-0.399999999999998,10.));
#2159=CARTESIAN_POINT('',(90.0500000000003,-0.399999999999998,10.));
#2160=CARTESIAN_POINT('',(125.450000000002,-0.399999999999998,10.));
#2161=CARTESIAN_POINT('',(127.749999999999,-0.399999999999998,3.97994974842179));
#2162=CARTESIAN_POINT('',(127.749999999999,-0.399999999999998,13.3502441474046));
#2163=CARTESIAN_POINT('',(90.0500000000003,-0.399999999999998,3.97994974842179));
#2164=CARTESIAN_POINT('',(221.45,-0.399999999999998,3.97994974842179));
#2165=CARTESIAN_POINT('',(90.0500000000003,-0.399999999999999,8.35024414738046));
#2166=CARTESIAN_POINT('Origin',(29.4500000000049,-0.399999999999998,14.7004882947609));
#2167=CARTESIAN_POINT('',(69.0499999999993,-0.399999999999999,-3.97994974842179));
#2168=CARTESIAN_POINT('',(29.4499999999958,-0.399999999999999,-3.97994974842179));
#2169=CARTESIAN_POINT('',(221.45,-0.399999999999999,-3.97994974842179));
#2170=CARTESIAN_POINT('',(69.0499999999994,-0.399999999999999,-10.));
#2171=CARTESIAN_POINT('',(69.0499999999991,-0.399999999999999,6.35024414738031));
#2172=CARTESIAN_POINT('',(29.4499999999976,-0.399999999999999,-10.));
#2173=CARTESIAN_POINT('',(125.450000000002,-0.399999999999999,-10.));
#2174=CARTESIAN_POINT('',(29.450000000001,-0.399999999999999,1.35024414734779));
#2175=CARTESIAN_POINT('Origin',(29.4500000000049,-0.399999999999998,14.7004882947609));
#2176=CARTESIAN_POINT('',(29.4500000000005,-0.399999999999998,3.97994974842179));
#2177=CARTESIAN_POINT('',(69.0499999999992,-0.399999999999998,3.97994974842179));
#2178=CARTESIAN_POINT('',(221.45,-0.399999999999998,3.97994974842179));
#2179=CARTESIAN_POINT('',(29.4500000000035,-0.399999999999998,10.));
#2180=CARTESIAN_POINT('',(29.450000000001,-0.399999999999999,8.35024414738046));
#2181=CARTESIAN_POINT('',(69.0499999999992,-0.399999999999998,10.));
#2182=CARTESIAN_POINT('',(125.450000000002,-0.399999999999998,10.));
#2183=CARTESIAN_POINT('',(69.0499999999992,-0.399999999999998,13.3502441474132));
#2184=CARTESIAN_POINT('Origin',(29.4500000000049,-0.399999999999998,14.7004882947609));
#2185=CARTESIAN_POINT('',(195.449999999998,-0.399999999999998,10.));
#2186=CARTESIAN_POINT('',(157.750000000002,-0.399999999999998,10.));
#2187=CARTESIAN_POINT('',(125.450000000002,-0.399999999999998,10.));
#2188=CARTESIAN_POINT('',(195.449999999993,-0.399999999999998,3.97994974842179));
#2189=CARTESIAN_POINT('',(195.449999999994,-0.399999999999998,13.3502441474217));
#2190=CARTESIAN_POINT('',(157.750000000002,-0.399999999999998,3.97994974842179));
#2191=CARTESIAN_POINT('',(221.45,-0.399999999999998,3.97994974842179));
#2192=CARTESIAN_POINT('',(157.750000000003,-0.399999999999999,8.35024414734969));
#2193=CARTESIAN_POINT('Origin',(69.0499999999992,8.,12.0000000000653));
#2194=CARTESIAN_POINT('',(69.0499999999992,-8.,10.));
#2195=CARTESIAN_POINT('',(69.0499999999992,-6.67972683099545E-24,10.));
#2196=CARTESIAN_POINT('',(69.0499999999992,-8.,2.));
#2197=CARTESIAN_POINT('',(69.0499999999992,-8.,7.));
#2198=CARTESIAN_POINT('',(69.0499999999992,-3.46410161513236,2.));
#2199=CARTESIAN_POINT('',(69.0499999999992,8.,2.));
#2200=CARTESIAN_POINT('Origin',(69.0499999999992,0.,-5.60519452549045E-44));
#2201=CARTESIAN_POINT('Origin',(221.45,-8.,10.));
#2202=CARTESIAN_POINT('',(29.4500000000007,-8.,10.));
#2203=CARTESIAN_POINT('',(29.4500000000008,6.67972683085383E-24,10.));
#2204=CARTESIAN_POINT('',(221.45,-8.,10.));
#2205=CARTESIAN_POINT('Origin',(195.449999999995,8.,12.));
#2206=CARTESIAN_POINT('',(195.449999999998,-8.,10.));
#2207=CARTESIAN_POINT('',(195.449999999998,-6.6797268308918E-24,10.));
#2208=CARTESIAN_POINT('',(195.45,-8.,2.));
#2209=CARTESIAN_POINT('',(195.449999999998,-8.,7.));
#2210=CARTESIAN_POINT('',(195.45,-3.46410161513236,2.));
#2211=CARTESIAN_POINT('',(195.45,8.,2.));
#2212=CARTESIAN_POINT('Origin',(195.449999999995,0.,-5.60519452549045E-44));
#2213=CARTESIAN_POINT('Origin',(127.749999999999,8.,12.0000000000473));
#2214=CARTESIAN_POINT('',(127.749999999999,-8.,10.));
#2215=CARTESIAN_POINT('',(127.749999999999,-6.6797268309712E-24,10.));
#2216=CARTESIAN_POINT('',(127.749999999999,-8.,2.));
#2217=CARTESIAN_POINT('',(127.749999999999,-8.,7.));
#2218=CARTESIAN_POINT('',(127.749999999999,-3.46410161513236,2.));
#2219=CARTESIAN_POINT('',(127.749999999999,8.,2.));
#2220=CARTESIAN_POINT('Origin',(127.749999999999,0.,-5.60519452549045E-44));
#2221=CARTESIAN_POINT('Origin',(29.449999999997,8.00000000000001,-12.0000000000653));
#2222=CARTESIAN_POINT('',(29.4499999999985,-8.,-10.));
#2223=CARTESIAN_POINT('',(29.4499999999985,8.,-10.));
#2224=CARTESIAN_POINT('',(29.45,-8.,-2.));
#2225=CARTESIAN_POINT('',(29.4499999999978,-8.,-9.50000000000432));
#2226=CARTESIAN_POINT('',(29.45,-3.46410161513236,-2.));
#2227=CARTESIAN_POINT('',(29.45,8.,-2.));
#2228=CARTESIAN_POINT('Origin',(29.449999999997,0.,-5.60519452549045E-44));
#2229=CARTESIAN_POINT('Origin',(157.749999999994,8.00000000000001,-12.0000000000321));
#2230=CARTESIAN_POINT('',(157.749999999997,-8.,-10.));
#2231=CARTESIAN_POINT('',(157.749999999997,8.,-10.));
#2232=CARTESIAN_POINT('',(157.75,-8.,-2.));
#2233=CARTESIAN_POINT('',(157.749999999996,-8.,-9.49999999999797));
#2234=CARTESIAN_POINT('',(157.75,-3.46410161513236,-2.));
#2235=CARTESIAN_POINT('',(157.75,8.,-2.));
#2236=CARTESIAN_POINT('Origin',(157.749999999994,0.,-5.60519452549045E-44));
#2237=CARTESIAN_POINT('Origin',(221.45,0.,-5.60519452549045E-44));
#2238=CARTESIAN_POINT('',(221.45,-3.46410161513236,2.));
#2239=CARTESIAN_POINT('',(221.45,-3.46410161513236,2.));
#2240=CARTESIAN_POINT('',(221.45,-3.46410161513365,-1.99999999999778));
#2241=CARTESIAN_POINT('Origin',(221.45,0.,-5.60519452549045E-44));
#2242=CARTESIAN_POINT('',(195.45,-3.46410161513236,-2.));
#2243=CARTESIAN_POINT('',(221.45,-3.46410161513365,-1.99999999999778));
#2244=CARTESIAN_POINT('Origin',(195.449999999999,0.,-5.60519452549045E-44));
#2245=CARTESIAN_POINT('',(127.75,-3.46410161513236,-2.));
#2246=CARTESIAN_POINT('',(221.45,-3.46410161513236,-2.));
#2247=CARTESIAN_POINT('Origin',(127.749999999999,0.,-5.60519452549045E-44));
#2248=CARTESIAN_POINT('',(90.05,-3.46410161513236,-2.));
#2249=CARTESIAN_POINT('Origin',(90.0499999999962,0.,-5.60519452549045E-44));
#2250=CARTESIAN_POINT('',(69.0500000000001,-3.46410161513236,-2.));
#2251=CARTESIAN_POINT('',(221.45,-3.46410161513236,-2.00000000000001));
#2252=CARTESIAN_POINT('Origin',(69.0499999999993,0.,-5.60519452549045E-44));
#2253=CARTESIAN_POINT('',(21.4499999999997,-3.46410161513108,-2.00000000000222));
#2254=CARTESIAN_POINT('',(221.45,-3.46410161516314,-1.9999999999467));
#2255=CARTESIAN_POINT('',(21.4499999999998,-3.46410161513236,2.));
#2256=CARTESIAN_POINT('Origin',(21.4499999999998,0.,-5.60519452549045E-44));
#2257=CARTESIAN_POINT('',(29.4499999999997,-3.46410161513236,2.));
#2258=CARTESIAN_POINT('',(221.45,-3.46410161513236,2.));
#2259=CARTESIAN_POINT('Origin',(29.4499999999997,0.,-5.60519452549045E-44));
#2260=CARTESIAN_POINT('',(90.0499999999997,-3.46410161513236,2.));
#2261=CARTESIAN_POINT('',(221.45,-3.46410161513236,2.));
#2262=CARTESIAN_POINT('Origin',(90.0500000000003,0.,-5.60519452549045E-44));
#2263=CARTESIAN_POINT('',(157.75,-3.46410161513236,2.));
#2264=CARTESIAN_POINT('',(221.45,-3.46410161513236,2.));
#2265=CARTESIAN_POINT('Origin',(157.75,0.,-5.60519452549045E-44));
#2266=CARTESIAN_POINT('Origin',(90.0499999999962,8.00000000000001,-12.0000000000654));
#2267=CARTESIAN_POINT('',(90.0499999999981,-8.,-10.));
#2268=CARTESIAN_POINT('',(90.0499999999981,8.,-10.));
#2269=CARTESIAN_POINT('',(90.05,-8.,-2.));
#2270=CARTESIAN_POINT('',(90.0499999999971,-8.,-9.50000000000762));
#2271=CARTESIAN_POINT('',(90.05,8.,-2.));
#2272=CARTESIAN_POINT('Origin',(221.45,-8.,10.));
#2273=CARTESIAN_POINT('',(157.750000000002,-8.,10.));
#2274=CARTESIAN_POINT('',(157.750000000002,6.67972683086826E-24,10.));
#2275=CARTESIAN_POINT('',(221.45,-8.,10.));
#2276=CARTESIAN_POINT('Origin',(221.45,-8.,10.));
#2277=CARTESIAN_POINT('',(90.0500000000003,-8.,10.));
#2278=CARTESIAN_POINT('',(90.0500000000003,6.67972683090908E-24,10.));
#2279=CARTESIAN_POINT('',(221.45,-8.,10.));
#2280=CARTESIAN_POINT('Origin',(221.45,8.,-10.));
#2281=CARTESIAN_POINT('',(69.0499999999994,-8.,-10.));
#2282=CARTESIAN_POINT('',(69.0499999999994,8.,-10.));
#2283=CARTESIAN_POINT('',(221.45,-8.,-10.));
#2284=CARTESIAN_POINT('Origin',(221.45,8.,-10.));
#2285=CARTESIAN_POINT('',(195.449999999999,-8.,-10.));
#2286=CARTESIAN_POINT('',(195.449999999999,8.,-10.));
#2287=CARTESIAN_POINT('',(221.45,-8.,-10.));
#2288=CARTESIAN_POINT('Origin',(221.45,8.,-10.));
#2289=CARTESIAN_POINT('',(127.749999999999,-8.,-10.));
#2290=CARTESIAN_POINT('',(127.749999999999,8.,-10.));
#2291=CARTESIAN_POINT('',(221.45,-8.,-10.));
#2292=CARTESIAN_POINT('Origin',(157.75,8.,-2.));
#2293=CARTESIAN_POINT('',(127.75,-8.,-2.));
#2294=CARTESIAN_POINT('',(189.6,-8.,-2.));
#2295=CARTESIAN_POINT('',(127.75,8.,-2.));
#2296=CARTESIAN_POINT('Origin',(127.749999999999,8.,-2.));
#2297=CARTESIAN_POINT('',(127.749999999999,-8.,-4.50000000000104));
#2298=CARTESIAN_POINT('Origin',(29.45,8.,-2.));
#2299=CARTESIAN_POINT('',(21.4499999999997,-8.,-2.00000000000222));
#2300=CARTESIAN_POINT('',(125.449999999999,-8.,-1.99999999997335));
#2301=CARTESIAN_POINT('',(21.4499999999998,4.,-2.00000000000222));
#2302=CARTESIAN_POINT('Origin',(90.05,8.,-2.));
#2303=CARTESIAN_POINT('',(69.0500000000001,-8.,-2.));
#2304=CARTESIAN_POINT('',(155.75,-8.,-2.));
#2305=CARTESIAN_POINT('',(69.0500000000001,8.,-2.));
#2306=CARTESIAN_POINT('Origin',(69.0499999999993,8.,-2.00000000000116));
#2307=CARTESIAN_POINT('',(69.0499999999993,-8.,-4.50000000000227));
#2308=CARTESIAN_POINT('Origin',(195.45,8.,2.));
#2309=CARTESIAN_POINT('',(221.45,-8.,2.));
#2310=CARTESIAN_POINT('',(208.45,-8.,2.));
#2311=CARTESIAN_POINT('',(221.45,4.,2.));
#2312=CARTESIAN_POINT('Origin',(157.75,8.,2.));
#2313=CARTESIAN_POINT('',(157.75,-8.,2.));
#2314=CARTESIAN_POINT('',(157.75,8.,2.));
#2315=CARTESIAN_POINT('',(157.749999999998,-8.,-2.49999999998472));
#2316=CARTESIAN_POINT('Origin',(127.749999999999,8.,2.));
#2317=CARTESIAN_POINT('',(174.599999999999,-8.,2.));
#2318=CARTESIAN_POINT('Origin',(21.4499999999997,8.,2.));
#2319=CARTESIAN_POINT('',(21.4499999999997,-8.,2.));
#2320=CARTESIAN_POINT('',(21.4499999999998,4.,2.));
#2321=CARTESIAN_POINT('',(29.4499999999997,-8.,2.));
#2322=CARTESIAN_POINT('',(121.45,-8.,2.));
#2323=CARTESIAN_POINT('',(29.4499999999997,8.,2.));
#2324=CARTESIAN_POINT('Origin',(29.4499999999997,8.,2.));
#2325=CARTESIAN_POINT('',(29.4499999999987,-8.,-2.49999999997932));
#2326=CARTESIAN_POINT('Origin',(90.0500000000003,8.,2.));
#2327=CARTESIAN_POINT('',(90.0499999999997,-8.,2.));
#2328=CARTESIAN_POINT('',(90.0499999999997,8.,2.));
#2329=CARTESIAN_POINT('',(90.0500000000003,-8.,-2.5));
#2330=CARTESIAN_POINT('Origin',(69.0499999999992,8.,2.));
#2331=CARTESIAN_POINT('',(145.25,-8.,2.));
#2332=CARTESIAN_POINT('Origin',(195.449999999999,8.,-2.));
#2333=CARTESIAN_POINT('',(195.45,-8.,-2.));
#2334=CARTESIAN_POINT('',(195.45,8.,-2.));
#2335=CARTESIAN_POINT('',(195.449999999999,-8.,-4.50000000000023));
#2336=CARTESIAN_POINT('Origin',(226.45,8.,-1.99999999999735));
#2337=CARTESIAN_POINT('',(221.45,-8.,-1.99999999999778));
#2338=CARTESIAN_POINT('',(221.45,4.,-1.99999999999778));
#2339=CARTESIAN_POINT('',(223.95,-8.,-1.99999999999757));
#2340=CARTESIAN_POINT('Origin',(21.4499999999998,-1.57954944338724E-20,
4.62612640100464E-35));
#2341=CARTESIAN_POINT('',(21.4499999999998,-8.,-7.));
#2342=CARTESIAN_POINT('Origin',(221.45,-1.57954944338724E-20,4.62612640100464E-35));
#2343=CARTESIAN_POINT('',(221.45,-8.,-7.));
#2344=CARTESIAN_POINT('Origin',(221.45,-8.,-7.));
#2345=UNCERTAINTY_MEASURE_WITH_UNIT(LENGTH_MEASURE(0.01),#2349,
'DISTANCE_ACCURACY_VALUE',
'Maximum model space distance between geometric entities at asserted c
onnectivities');
#2346=UNCERTAINTY_MEASURE_WITH_UNIT(LENGTH_MEASURE(0.01),#2349,
'DISTANCE_ACCURACY_VALUE',
'Maximum model space distance between geometric entities at asserted c
onnectivities');
#2347=(
GEOMETRIC_REPRESENTATION_CONTEXT(3)
GLOBAL_UNCERTAINTY_ASSIGNED_CONTEXT((#2345))
GLOBAL_UNIT_ASSIGNED_CONTEXT((#2349,#2351,#2352))
REPRESENTATION_CONTEXT('','3D')
);
#2348=(
GEOMETRIC_REPRESENTATION_CONTEXT(3)
GLOBAL_UNCERTAINTY_ASSIGNED_CONTEXT((#2346))
GLOBAL_UNIT_ASSIGNED_CONTEXT((#2349,#2351,#2352))
REPRESENTATION_CONTEXT('','3D')
);
#2349=(
LENGTH_UNIT()
NAMED_UNIT(*)
SI_UNIT(.MILLI.,.METRE.)
);
#2350=(
LENGTH_UNIT()
NAMED_UNIT(*)
SI_UNIT($,.METRE.)
);
#2351=(
NAMED_UNIT(*)
PLANE_ANGLE_UNIT()
SI_UNIT($,.RADIAN.)
);
#2352=(
NAMED_UNIT(*)
SI_UNIT($,.STERADIAN.)
SOLID_ANGLE_UNIT()
);
#2353=SHAPE_DEFINITION_REPRESENTATION(#2354,#2355);
#2354=PRODUCT_DEFINITION_SHAPE('',$,#2357);
#2355=SHAPE_REPRESENTATION('',(#1393),#2347);
#2356=PRODUCT_DEFINITION_CONTEXT('part definition',#2361,'design');
#2357=PRODUCT_DEFINITION('Shaft Grind Guide Top',
'Shaft Grind Guide Top',#2358,#2356);
#2358=PRODUCT_DEFINITION_FORMATION('',$,#2363);
#2359=PRODUCT_RELATED_PRODUCT_CATEGORY('Shaft Grind Guide Top',
'Shaft Grind Guide Top',(#2363));
#2360=APPLICATION_PROTOCOL_DEFINITION('international standard',
'automotive_design',2009,#2361);
#2361=APPLICATION_CONTEXT(
'Core Data for Automotive Mechanical Design Process');
#2362=PRODUCT_CONTEXT('part definition',#2361,'mechanical');
#2363=PRODUCT('Shaft Grind Guide Top','Shaft Grind Guide Top',$,(#2362));
#2364=PRESENTATION_STYLE_ASSIGNMENT((#2365));
#2365=SURFACE_STYLE_USAGE(.BOTH.,#2366);
#2366=SURFACE_SIDE_STYLE('',(#2367));
#2367=SURFACE_STYLE_FILL_AREA(#2368);
#2368=FILL_AREA_STYLE('Steel - Satin',(#2369));
#2369=FILL_AREA_STYLE_COLOUR('Steel - Satin',#2370);
#2370=COLOUR_RGB('Steel - Satin',0.627450980392157,0.627450980392157,0.627450980392157);
ENDSEC;
END-ISO-10303-21;
