ISO-10303-21;
HEADER;
/* Generated by software containing ST-Developer
 * from STEP Tools, Inc. (www.steptools.com) 
 */

FILE_DESCRIPTION(
/* description */ (''),
/* implementation_level */ '2;1');

FILE_NAME(
/* name */ 'Basy-Main-Body.step',
/* time_stamp */ '2025-05-01T11:08:04+01:00',
/* author */ (''),
/* organization */ (''),
/* preprocessor_version */ 'ST-DEVELOPER v20.1',
/* originating_system */ 'Autodesk Translation Framework v14.4.0.0',
/* authorisation */ '');

FILE_SCHEMA (('AUTOMOTIVE_DESIGN { 1 0 10303 214 3 1 1 }'));
ENDSEC;

DATA;
#10=MECHANICAL_DESIGN_GEOMETRIC_PRESENTATION_REPRESENTATION('',(#13),#16792);
#11=SHAPE_REPRESENTATION_RELATIONSHIP('SRR','None',#16799,#12);
#12=ADVANCED_BREP_SHAPE_REPRESENTATION('',(#14),#16791);
#13=STYLED_ITEM('',(#16808),#14);
#14=MANIFOLD_SOLID_BREP('Basy-Main-Body',#9773);
#15=CYLINDRICAL_SURFACE('',#9821,0.799999999999998);
#16=CYLINDRICAL_SURFACE('',#9847,1.85);
#17=CYLINDRICAL_SURFACE('',#9850,1.85);
#18=CYLINDRICAL_SURFACE('',#9853,1.85);
#19=CYLINDRICAL_SURFACE('',#9856,1.85);
#20=CYLINDRICAL_SURFACE('',#9864,3.00000000000001);
#21=CYLINDRICAL_SURFACE('',#9868,3.00000000000001);
#22=CYLINDRICAL_SURFACE('',#9872,2.99999999999999);
#23=CYLINDRICAL_SURFACE('',#9876,1.6);
#24=CYLINDRICAL_SURFACE('',#9878,1.6);
#25=CYLINDRICAL_SURFACE('',#9880,1.6);
#26=CYLINDRICAL_SURFACE('',#9882,3.00000000000001);
#27=CYLINDRICAL_SURFACE('',#9886,3.00000000000001);
#28=CYLINDRICAL_SURFACE('',#9890,3.00000000000001);
#29=CYLINDRICAL_SURFACE('',#9894,1.6);
#30=CYLINDRICAL_SURFACE('',#9896,1.6);
#31=CYLINDRICAL_SURFACE('',#9898,1.6);
#32=CYLINDRICAL_SURFACE('',#9908,1.99999999999999);
#33=CYLINDRICAL_SURFACE('',#9912,1.99999999999999);
#34=CYLINDRICAL_SURFACE('',#9916,2.);
#35=CYLINDRICAL_SURFACE('',#9920,1.99999999999999);
#36=CYLINDRICAL_SURFACE('',#9924,2.);
#37=CYLINDRICAL_SURFACE('',#9928,1.99999999999999);
#38=CYLINDRICAL_SURFACE('',#9932,2.);
#39=CYLINDRICAL_SURFACE('',#9936,1.99999999999999);
#40=CYLINDRICAL_SURFACE('',#9940,1.99999999999999);
#41=CYLINDRICAL_SURFACE('',#9944,2.);
#42=CYLINDRICAL_SURFACE('',#9948,1.99999999999999);
#43=CYLINDRICAL_SURFACE('',#9952,2.);
#44=CYLINDRICAL_SURFACE('',#9956,1.99999999999999);
#45=CYLINDRICAL_SURFACE('',#9960,1.99999999999999);
#46=CYLINDRICAL_SURFACE('',#9964,1.99999999999999);
#47=CYLINDRICAL_SURFACE('',#9968,1.99999999999999);
#48=CYLINDRICAL_SURFACE('',#9972,2.);
#49=CYLINDRICAL_SURFACE('',#9976,1.99999999999999);
#50=CYLINDRICAL_SURFACE('',#9980,2.);
#51=CYLINDRICAL_SURFACE('',#9984,2.79999999999999);
#52=CYLINDRICAL_SURFACE('',#9988,2.8);
#53=CYLINDRICAL_SURFACE('',#9992,2.8);
#54=CYLINDRICAL_SURFACE('',#9996,2.79999999999999);
#55=CYLINDRICAL_SURFACE('',#10000,2.8);
#56=CYLINDRICAL_SURFACE('',#10004,2.79999999999999);
#57=CYLINDRICAL_SURFACE('',#10008,2.8);
#58=CYLINDRICAL_SURFACE('',#10012,2.8);
#59=CYLINDRICAL_SURFACE('',#10016,2.79999999999999);
#60=CYLINDRICAL_SURFACE('',#10020,2.79999999999999);
#61=CYLINDRICAL_SURFACE('',#10024,2.79999999999999);
#62=CYLINDRICAL_SURFACE('',#10028,2.8);
#63=CYLINDRICAL_SURFACE('',#10032,2.79999999999999);
#64=CYLINDRICAL_SURFACE('',#10036,2.79999999999999);
#65=CYLINDRICAL_SURFACE('',#10040,2.79999999999999);
#66=CYLINDRICAL_SURFACE('',#10044,2.79999999999999);
#67=CYLINDRICAL_SURFACE('',#10048,2.8);
#68=CYLINDRICAL_SURFACE('',#10052,2.79999999999999);
#69=CYLINDRICAL_SURFACE('',#10056,2.79999999999999);
#70=CYLINDRICAL_SURFACE('',#10062,0.999999999999996);
#71=CYLINDRICAL_SURFACE('',#10066,1.);
#72=CYLINDRICAL_SURFACE('',#10070,1.5);
#73=CYLINDRICAL_SURFACE('',#10074,1.5);
#74=CYLINDRICAL_SURFACE('',#10101,12.5);
#75=CYLINDRICAL_SURFACE('',#10106,2.5);
#76=CYLINDRICAL_SURFACE('',#10119,12.5);
#77=CYLINDRICAL_SURFACE('',#10124,2.5);
#78=CYLINDRICAL_SURFACE('',#10142,2.50000000001356);
#79=CYLINDRICAL_SURFACE('',#10144,4.50000000001356);
#80=CYLINDRICAL_SURFACE('',#10148,2.5);
#81=CYLINDRICAL_SURFACE('',#10150,4.5);
#82=CYLINDRICAL_SURFACE('',#10166,14.5);
#83=CYLINDRICAL_SURFACE('',#10176,1.99999999999999);
#84=CYLINDRICAL_SURFACE('',#10180,1.99999999999999);
#85=CYLINDRICAL_SURFACE('',#10184,1.6);
#86=CYLINDRICAL_SURFACE('',#10187,1.6);
#87=CYLINDRICAL_SURFACE('',#10191,1.99999999999999);
#88=CYLINDRICAL_SURFACE('',#10196,3.00000000000001);
#89=CYLINDRICAL_SURFACE('',#10200,1.6);
#90=CYLINDRICAL_SURFACE('',#10201,1.69999999999998);
#91=CYLINDRICAL_SURFACE('',#10207,0.80000000000009);
#92=CYLINDRICAL_SURFACE('',#10210,0.799999999999736);
#93=CYLINDRICAL_SURFACE('',#10214,0.800000000000076);
#94=CYLINDRICAL_SURFACE('',#10218,0.799999999999998);
#95=CYLINDRICAL_SURFACE('',#10229,1.5);
#96=CYLINDRICAL_SURFACE('',#10233,1.5);
#97=CYLINDRICAL_SURFACE('',#10237,1.5);
#98=CYLINDRICAL_SURFACE('',#10249,0.99999999999993);
#99=CYLINDRICAL_SURFACE('',#10252,0.999999999999926);
#100=CYLINDRICAL_SURFACE('',#10265,1.2);
#101=CYLINDRICAL_SURFACE('',#10269,1.2);
#102=CYLINDRICAL_SURFACE('',#10274,2.5);
#103=CYLINDRICAL_SURFACE('',#10277,4.5);
#104=CYLINDRICAL_SURFACE('',#10282,2.5);
#105=CYLINDRICAL_SURFACE('',#10285,4.5);
#106=CYLINDRICAL_SURFACE('',#10299,2.5);
#107=CYLINDRICAL_SURFACE('',#10332,0.7);
#108=CYLINDRICAL_SURFACE('',#10335,0.7);
#109=CYLINDRICAL_SURFACE('',#10340,1.2);
#110=CYLINDRICAL_SURFACE('',#10344,1.2);
#111=CYLINDRICAL_SURFACE('',#10348,1.2);
#112=CYLINDRICAL_SURFACE('',#10352,1.2);
#113=CYLINDRICAL_SURFACE('',#10357,2.49999999999998);
#114=CYLINDRICAL_SURFACE('',#10360,4.49999999999998);
#115=CYLINDRICAL_SURFACE('',#10365,2.5);
#116=CYLINDRICAL_SURFACE('',#10368,4.49999999999999);
#117=CYLINDRICAL_SURFACE('',#10375,2.49999999999998);
#118=CYLINDRICAL_SURFACE('',#10378,4.49999999999998);
#119=CYLINDRICAL_SURFACE('',#10383,2.5);
#120=CYLINDRICAL_SURFACE('',#10386,4.49999999999999);
#121=CYLINDRICAL_SURFACE('',#10392,1.2);
#122=CYLINDRICAL_SURFACE('',#10396,1.2);
#123=CYLINDRICAL_SURFACE('',#10400,1.2);
#124=CYLINDRICAL_SURFACE('',#10404,1.2);
#125=CYLINDRICAL_SURFACE('',#10408,1.2);
#126=CYLINDRICAL_SURFACE('',#10412,1.2);
#127=CYLINDRICAL_SURFACE('',#10422,2.49999999999998);
#128=CYLINDRICAL_SURFACE('',#10425,4.49999999999998);
#129=CYLINDRICAL_SURFACE('',#10430,2.5);
#130=CYLINDRICAL_SURFACE('',#10433,4.49999999999999);
#131=CYLINDRICAL_SURFACE('',#10440,4.49999999999999);
#132=CYLINDRICAL_SURFACE('',#10443,2.5);
#133=CYLINDRICAL_SURFACE('',#10448,4.49999999999999);
#134=CYLINDRICAL_SURFACE('',#10451,2.5);
#135=CYLINDRICAL_SURFACE('',#10458,4.49999999999999);
#136=CYLINDRICAL_SURFACE('',#10461,2.5);
#137=CYLINDRICAL_SURFACE('',#10466,4.49999999999999);
#138=CYLINDRICAL_SURFACE('',#10469,2.5);
#139=CYLINDRICAL_SURFACE('',#10475,1.2);
#140=CYLINDRICAL_SURFACE('',#10479,1.2);
#141=CYLINDRICAL_SURFACE('',#10483,1.2);
#142=CYLINDRICAL_SURFACE('',#10487,1.2);
#143=CYLINDRICAL_SURFACE('',#10492,4.49999999999999);
#144=CYLINDRICAL_SURFACE('',#10495,2.5);
#145=CYLINDRICAL_SURFACE('',#10500,4.49999999999999);
#146=CYLINDRICAL_SURFACE('',#10503,2.5);
#147=CYLINDRICAL_SURFACE('',#10510,4.49999999999999);
#148=CYLINDRICAL_SURFACE('',#10513,2.5);
#149=CYLINDRICAL_SURFACE('',#10518,4.49999999999999);
#150=CYLINDRICAL_SURFACE('',#10521,2.5);
#151=CYLINDRICAL_SURFACE('',#10527,1.2);
#152=CYLINDRICAL_SURFACE('',#10531,1.2);
#153=CYLINDRICAL_SURFACE('',#10536,2.5);
#154=CYLINDRICAL_SURFACE('',#10539,4.49999999999999);
#155=CYLINDRICAL_SURFACE('',#10544,2.5);
#156=CYLINDRICAL_SURFACE('',#10547,4.49999999999999);
#157=CYLINDRICAL_SURFACE('',#10585,4.);
#158=CYLINDRICAL_SURFACE('',#10592,5.99999999999998);
#159=CYLINDRICAL_SURFACE('',#10599,4.00000000000006);
#160=CYLINDRICAL_SURFACE('',#10600,6.00000000000005);
#161=CYLINDRICAL_SURFACE('',#10601,4.);
#162=CYLINDRICAL_SURFACE('',#10608,5.99999999999998);
#163=CYLINDRICAL_SURFACE('',#10615,4.00000000000006);
#164=CYLINDRICAL_SURFACE('',#10616,6.00000000000005);
#165=CYLINDRICAL_SURFACE('',#10624,2.99999999999994);
#166=CYLINDRICAL_SURFACE('',#10629,3.99999999999999);
#167=CYLINDRICAL_SURFACE('',#10633,2.99999999999994);
#168=CYLINDRICAL_SURFACE('',#10637,3.99999999999999);
#169=CYLINDRICAL_SURFACE('',#10641,2.99999999999994);
#170=CYLINDRICAL_SURFACE('',#10645,3.99999999999999);
#171=CYLINDRICAL_SURFACE('',#10649,3.00000000000001);
#172=CYLINDRICAL_SURFACE('',#10654,2.99999999999986);
#173=CYLINDRICAL_SURFACE('',#10658,3.99999999999999);
#174=CYLINDRICAL_SURFACE('',#10662,2.99999999999994);
#175=CYLINDRICAL_SURFACE('',#10668,3.99999999999999);
#176=CYLINDRICAL_SURFACE('',#10683,1.49999999999999);
#177=CYLINDRICAL_SURFACE('',#10684,1.49999999999999);
#178=CYLINDRICAL_SURFACE('',#10685,1.49999999999999);
#179=CYLINDRICAL_SURFACE('',#10686,1.49999999999999);
#180=CYLINDRICAL_SURFACE('',#10687,1.49999999999999);
#181=CYLINDRICAL_SURFACE('',#10688,1.49999999999999);
#182=CYLINDRICAL_SURFACE('',#10689,4.49999999999999);
#183=CYLINDRICAL_SURFACE('',#10694,1.99999999999999);
#184=CYLINDRICAL_SURFACE('',#10697,2.00000000000001);
#185=CYLINDRICAL_SURFACE('',#10700,1.5);
#186=CYLINDRICAL_SURFACE('',#10702,1.99999999999999);
#187=CYLINDRICAL_SURFACE('',#10705,1.7);
#188=CYLINDRICAL_SURFACE('',#10706,0.800000000000001);
#189=CYLINDRICAL_SURFACE('',#10708,0.800000000000002);
#190=CYLINDRICAL_SURFACE('',#10710,1.5);
#191=CYLINDRICAL_SURFACE('',#10713,2.00000000000001);
#192=CYLINDRICAL_SURFACE('',#10716,1.99999999999999);
#193=(
BOUNDED_CURVE()
B_SPLINE_CURVE(2,(#13955,#13956,#13957),.UNSPECIFIED.,.F.,.F.)
B_SPLINE_CURVE_WITH_KNOTS((3,3),(0.446779166773297,0.893558333546593),
 .UNSPECIFIED.)
CURVE()
GEOMETRIC_REPRESENTATION_ITEM()
RATIONAL_B_SPLINE_CURVE((1.28571428571431,1.28571428571431,1.))
REPRESENTATION_ITEM('')
);
#194=(
BOUNDED_CURVE()
B_SPLINE_CURVE(2,(#13969,#13970,#13971),.UNSPECIFIED.,.F.,.F.)
B_SPLINE_CURVE_WITH_KNOTS((3,3),(0.,0.4467791667733),.UNSPECIFIED.)
CURVE()
GEOMETRIC_REPRESENTATION_ITEM()
RATIONAL_B_SPLINE_CURVE((1.,1.28571428571431,1.28571428571431))
REPRESENTATION_ITEM('')
);
#195=(
BOUNDED_CURVE()
B_SPLINE_CURVE(2,(#14338,#14339,#14340),.UNSPECIFIED.,.F.,.F.)
B_SPLINE_CURVE_WITH_KNOTS((3,3),(1.79765305341724,2.10680370897232),
 .UNSPECIFIED.)
CURVE()
GEOMETRIC_REPRESENTATION_ITEM()
RATIONAL_B_SPLINE_CURVE((1.65247584249854,1.58919366267032,1.48484848484848))
REPRESENTATION_ITEM('')
);
#196=(
BOUNDED_CURVE()
B_SPLINE_CURVE(2,(#14344,#14345,#14346),.UNSPECIFIED.,.F.,.F.)
B_SPLINE_CURVE_WITH_KNOTS((3,3),(0.275713881204279,0.399028277815935),
 .UNSPECIFIED.)
CURVE()
GEOMETRIC_REPRESENTATION_ITEM()
RATIONAL_B_SPLINE_CURVE((1.61538461538642,1.74038575479273,1.85410196624973))
REPRESENTATION_ITEM('')
);
#197=(
BOUNDED_CURVE()
B_SPLINE_CURVE(2,(#16697,#16698,#16699),.UNSPECIFIED.,.F.,.F.)
B_SPLINE_CURVE_WITH_KNOTS((3,3),(0.,0.250301929613186),.UNSPECIFIED.)
CURVE()
GEOMETRIC_REPRESENTATION_ITEM()
RATIONAL_B_SPLINE_CURVE((1.,1.02076350060315,1.))
REPRESENTATION_ITEM('')
);
#198=(
BOUNDED_CURVE()
B_SPLINE_CURVE(2,(#16710,#16711,#16712),.UNSPECIFIED.,.F.,.F.)
B_SPLINE_CURVE_WITH_KNOTS((3,3),(0.,0.250301929613186),.UNSPECIFIED.)
CURVE()
GEOMETRIC_REPRESENTATION_ITEM()
RATIONAL_B_SPLINE_CURVE((1.,1.02076350060315,1.))
REPRESENTATION_ITEM('')
);
#199=CONICAL_SURFACE('',#9801,2.83306415084826,0.106518186265563);
#200=CONICAL_SURFACE('',#9833,4.25,0.463647609000806);
#201=CONICAL_SURFACE('',#9835,4.24999999999999,0.463647609000805);
#202=CONICAL_SURFACE('',#9837,4.25,0.463647609000806);
#203=CONICAL_SURFACE('',#9839,4.25000000000001,0.463647609000805);
#204=CONICAL_SURFACE('',#9841,3.75,0.463647609000805);
#205=CONICAL_SURFACE('',#9843,3.75,0.463647609000805);
#206=CONICAL_SURFACE('',#9845,2.925,0.785398163397448);
#207=CONICAL_SURFACE('',#9848,2.925,0.785398163397448);
#208=CONICAL_SURFACE('',#9851,2.925,0.785398163397448);
#209=CONICAL_SURFACE('',#9854,2.925,0.785398163397448);
#210=CONICAL_SURFACE('',#10095,3.96446609406726,0.78539816339745);
#211=CONICAL_SURFACE('',#10098,11.0355339059327,0.78539816339745);
#212=CONICAL_SURFACE('',#10103,11.0355339059327,0.785398163397448);
#213=CONICAL_SURFACE('',#10104,3.96446609406724,0.78539816339745);
#214=CONICAL_SURFACE('',#10113,3.96446609406727,0.78539816339745);
#215=CONICAL_SURFACE('',#10116,11.0355339059327,0.78539816339745);
#216=CONICAL_SURFACE('',#10121,11.0355339059327,0.785398163397448);
#217=CONICAL_SURFACE('',#10122,3.96446609406723,0.78539816339745);
#218=CONICAL_SURFACE('',#10161,4.,0.959931088596899);
#219=CONICAL_SURFACE('',#10163,13.,0.959931088596891);
#220=CONICAL_SURFACE('',#10168,13.,0.959931088596887);
#221=CONICAL_SURFACE('',#10169,3.99999999999999,0.959931088596889);
#222=CONICAL_SURFACE('',#10691,3.75,0.643501108793282);
#223=FACE_BOUND('',#3539,.T.);
#224=FACE_BOUND('',#3540,.T.);
#225=FACE_BOUND('',#3541,.T.);
#226=FACE_BOUND('',#3542,.T.);
#227=FACE_BOUND('',#3545,.T.);
#228=FACE_BOUND('',#3546,.T.);
#229=FACE_BOUND('',#3547,.T.);
#230=FACE_BOUND('',#3550,.T.);
#231=FACE_BOUND('',#3553,.T.);
#232=FACE_BOUND('',#3554,.T.);
#233=FACE_BOUND('',#3555,.T.);
#234=FACE_BOUND('',#3560,.T.);
#235=FACE_BOUND('',#3561,.T.);
#236=FACE_BOUND('',#3562,.T.);
#237=FACE_BOUND('',#3563,.T.);
#238=FACE_BOUND('',#3564,.T.);
#239=FACE_BOUND('',#3565,.T.);
#240=FACE_BOUND('',#3566,.T.);
#241=FACE_BOUND('',#3567,.T.);
#242=FACE_BOUND('',#3568,.T.);
#243=FACE_BOUND('',#3569,.T.);
#244=FACE_BOUND('',#3570,.T.);
#245=FACE_BOUND('',#3571,.T.);
#246=FACE_BOUND('',#3572,.T.);
#247=FACE_BOUND('',#3573,.T.);
#248=FACE_BOUND('',#3574,.T.);
#249=FACE_BOUND('',#3575,.T.);
#250=FACE_BOUND('',#3576,.T.);
#251=FACE_BOUND('',#3577,.T.);
#252=FACE_BOUND('',#3578,.T.);
#253=FACE_BOUND('',#3579,.T.);
#254=FACE_BOUND('',#3580,.T.);
#255=FACE_BOUND('',#3581,.T.);
#256=FACE_BOUND('',#3582,.T.);
#257=FACE_BOUND('',#3583,.T.);
#258=FACE_BOUND('',#3584,.T.);
#259=FACE_BOUND('',#3585,.T.);
#260=FACE_BOUND('',#3586,.T.);
#261=FACE_BOUND('',#3587,.T.);
#262=FACE_BOUND('',#3588,.T.);
#263=FACE_BOUND('',#3589,.T.);
#264=FACE_BOUND('',#3590,.T.);
#265=FACE_BOUND('',#3591,.T.);
#266=FACE_BOUND('',#3592,.T.);
#267=FACE_BOUND('',#3593,.T.);
#268=FACE_BOUND('',#3596,.T.);
#269=FACE_BOUND('',#3598,.T.);
#270=FACE_BOUND('',#3601,.T.);
#271=FACE_BOUND('',#3622,.T.);
#272=FACE_BOUND('',#3625,.T.);
#273=FACE_BOUND('',#3628,.T.);
#274=FACE_BOUND('',#3631,.T.);
#275=FACE_BOUND('',#3637,.T.);
#276=FACE_BOUND('',#3640,.T.);
#277=FACE_BOUND('',#3643,.T.);
#278=FACE_BOUND('',#3653,.T.);
#279=FACE_BOUND('',#3654,.T.);
#280=FACE_BOUND('',#3655,.T.);
#281=FACE_BOUND('',#3698,.T.);
#282=FACE_BOUND('',#3701,.T.);
#283=FACE_BOUND('',#3704,.T.);
#284=FACE_BOUND('',#3707,.T.);
#285=FACE_BOUND('',#3710,.T.);
#286=FACE_BOUND('',#3713,.T.);
#287=FACE_BOUND('',#3716,.T.);
#288=FACE_BOUND('',#3719,.T.);
#289=FACE_BOUND('',#3722,.T.);
#290=FACE_BOUND('',#3725,.T.);
#291=FACE_BOUND('',#3728,.T.);
#292=FACE_BOUND('',#3731,.T.);
#293=FACE_BOUND('',#3734,.T.);
#294=FACE_BOUND('',#3737,.T.);
#295=FACE_BOUND('',#3740,.T.);
#296=FACE_BOUND('',#3743,.T.);
#297=FACE_BOUND('',#3746,.T.);
#298=FACE_BOUND('',#3749,.T.);
#299=FACE_BOUND('',#3752,.T.);
#300=FACE_BOUND('',#3760,.T.);
#301=FACE_BOUND('',#3763,.T.);
#302=FACE_BOUND('',#3766,.T.);
#303=FACE_BOUND('',#3768,.T.);
#304=FACE_BOUND('',#3805,.T.);
#305=FACE_BOUND('',#3806,.T.);
#306=FACE_BOUND('',#3807,.T.);
#307=FACE_BOUND('',#3808,.T.);
#308=FACE_BOUND('',#3809,.T.);
#309=FACE_BOUND('',#3810,.T.);
#310=FACE_BOUND('',#3811,.T.);
#311=FACE_BOUND('',#3812,.T.);
#312=FACE_BOUND('',#3813,.T.);
#313=FACE_BOUND('',#3814,.T.);
#314=FACE_BOUND('',#3815,.T.);
#315=FACE_BOUND('',#3816,.T.);
#316=FACE_BOUND('',#3817,.T.);
#317=FACE_BOUND('',#3818,.T.);
#318=FACE_BOUND('',#3819,.T.);
#319=FACE_BOUND('',#3820,.T.);
#320=FACE_BOUND('',#3821,.T.);
#321=FACE_BOUND('',#3822,.T.);
#322=FACE_BOUND('',#3823,.T.);
#323=FACE_BOUND('',#3824,.T.);
#324=FACE_BOUND('',#3825,.T.);
#325=FACE_BOUND('',#3855,.T.);
#326=FACE_BOUND('',#3858,.T.);
#327=FACE_BOUND('',#3866,.T.);
#328=FACE_BOUND('',#3869,.T.);
#329=FACE_BOUND('',#3885,.T.);
#330=FACE_BOUND('',#3886,.T.);
#331=FACE_BOUND('',#3902,.T.);
#332=FACE_BOUND('',#3903,.T.);
#333=FACE_BOUND('',#3904,.T.);
#334=FACE_BOUND('',#3914,.T.);
#335=FACE_BOUND('',#4106,.T.);
#336=FACE_BOUND('',#4108,.T.);
#337=FACE_BOUND('',#4111,.T.);
#338=FACE_BOUND('',#4114,.T.);
#339=FACE_BOUND('',#4150,.T.);
#340=FACE_BOUND('',#4151,.T.);
#341=FACE_BOUND('',#4152,.T.);
#342=FACE_BOUND('',#4164,.T.);
#343=FACE_BOUND('',#4165,.T.);
#344=FACE_BOUND('',#4166,.T.);
#345=FACE_BOUND('',#4168,.T.);
#346=FACE_BOUND('',#4169,.T.);
#347=FACE_BOUND('',#4170,.T.);
#348=FACE_BOUND('',#4185,.T.);
#349=FACE_BOUND('',#4188,.T.);
#350=FACE_BOUND('',#4191,.T.);
#351=FACE_BOUND('',#4204,.T.);
#352=FACE_BOUND('',#4207,.T.);
#353=FACE_BOUND('',#4210,.T.);
#354=CIRCLE('',#9790,1.85);
#355=CIRCLE('',#9791,1.85);
#356=CIRCLE('',#9792,1.85);
#357=CIRCLE('',#9793,1.85);
#358=CIRCLE('',#9795,3.00000000000001);
#359=CIRCLE('',#9796,3.00000000000001);
#360=CIRCLE('',#9797,3.00000000000001);
#361=CIRCLE('',#9799,2.5);
#362=CIRCLE('',#9800,4.49999999999999);
#363=CIRCLE('',#9803,3.00000000000001);
#364=CIRCLE('',#9804,3.00000000000001);
#365=CIRCLE('',#9805,2.99999999999999);
#366=CIRCLE('',#9810,5.24999999999999);
#367=CIRCLE('',#9811,5.25);
#368=CIRCLE('',#9812,4.00000000000006);
#369=CIRCLE('',#9813,4.00000000000006);
#370=CIRCLE('',#9814,4.00000000000006);
#371=CIRCLE('',#9815,4.00000000000006);
#372=CIRCLE('',#9816,4.75);
#373=CIRCLE('',#9817,4.75);
#374=CIRCLE('',#9818,4.75);
#375=CIRCLE('',#9819,5.25);
#376=CIRCLE('',#9820,5.25);
#377=CIRCLE('',#9822,0.799999999999998);
#378=CIRCLE('',#9823,0.799999999999998);
#379=CIRCLE('',#9825,1.99999999999999);
#380=CIRCLE('',#9827,0.800000000000001);
#381=CIRCLE('',#9828,0.800000000000002);
#382=CIRCLE('',#9829,1.7);
#383=CIRCLE('',#9832,1.99999999999999);
#384=CIRCLE('',#9834,3.25);
#385=CIRCLE('',#9836,3.24999999999999);
#386=CIRCLE('',#9838,3.25);
#387=CIRCLE('',#9840,3.25000000000001);
#388=CIRCLE('',#9842,2.75);
#389=CIRCLE('',#9844,2.75);
#390=CIRCLE('',#9846,1.85);
#391=CIRCLE('',#9849,1.85);
#392=CIRCLE('',#9852,1.85);
#393=CIRCLE('',#9855,1.85);
#394=CIRCLE('',#9863,3.00000000000001);
#395=CIRCLE('',#9865,3.00000000000001);
#396=CIRCLE('',#9867,1.6);
#397=CIRCLE('',#9869,3.00000000000001);
#398=CIRCLE('',#9871,1.6);
#399=CIRCLE('',#9873,2.99999999999999);
#400=CIRCLE('',#9875,1.6);
#401=CIRCLE('',#9877,1.6);
#402=CIRCLE('',#9879,1.6);
#403=CIRCLE('',#9881,1.6);
#404=CIRCLE('',#9883,3.00000000000001);
#405=CIRCLE('',#9885,1.6);
#406=CIRCLE('',#9887,3.00000000000001);
#407=CIRCLE('',#9889,1.6);
#408=CIRCLE('',#9891,3.00000000000001);
#409=CIRCLE('',#9893,1.6);
#410=CIRCLE('',#9895,1.6);
#411=CIRCLE('',#9897,1.6);
#412=CIRCLE('',#9899,1.6);
#413=CIRCLE('',#9909,1.99999999999999);
#414=CIRCLE('',#9910,1.99999999999999);
#415=CIRCLE('',#9913,1.99999999999999);
#416=CIRCLE('',#9914,1.99999999999999);
#417=CIRCLE('',#9917,2.);
#418=CIRCLE('',#9918,2.);
#419=CIRCLE('',#9921,1.99999999999999);
#420=CIRCLE('',#9922,1.99999999999999);
#421=CIRCLE('',#9925,2.);
#422=CIRCLE('',#9926,2.);
#423=CIRCLE('',#9929,1.99999999999999);
#424=CIRCLE('',#9930,1.99999999999999);
#425=CIRCLE('',#9933,2.);
#426=CIRCLE('',#9934,2.);
#427=CIRCLE('',#9937,1.99999999999999);
#428=CIRCLE('',#9938,1.99999999999999);
#429=CIRCLE('',#9941,1.99999999999999);
#430=CIRCLE('',#9942,1.99999999999999);
#431=CIRCLE('',#9945,2.);
#432=CIRCLE('',#9946,2.);
#433=CIRCLE('',#9949,1.99999999999999);
#434=CIRCLE('',#9950,1.99999999999999);
#435=CIRCLE('',#9953,2.);
#436=CIRCLE('',#9954,2.);
#437=CIRCLE('',#9957,1.99999999999999);
#438=CIRCLE('',#9958,1.99999999999999);
#439=CIRCLE('',#9961,1.99999999999999);
#440=CIRCLE('',#9962,1.99999999999999);
#441=CIRCLE('',#9965,1.99999999999999);
#442=CIRCLE('',#9966,1.99999999999999);
#443=CIRCLE('',#9969,1.99999999999999);
#444=CIRCLE('',#9970,1.99999999999999);
#445=CIRCLE('',#9973,2.);
#446=CIRCLE('',#9974,2.);
#447=CIRCLE('',#9977,1.99999999999999);
#448=CIRCLE('',#9978,1.99999999999999);
#449=CIRCLE('',#9981,2.);
#450=CIRCLE('',#9982,2.);
#451=CIRCLE('',#9985,2.79999999999999);
#452=CIRCLE('',#9986,2.79999999999999);
#453=CIRCLE('',#9989,2.8);
#454=CIRCLE('',#9990,2.8);
#455=CIRCLE('',#9993,2.8);
#456=CIRCLE('',#9994,2.8);
#457=CIRCLE('',#9997,2.79999999999999);
#458=CIRCLE('',#9998,2.79999999999999);
#459=CIRCLE('',#10001,2.8);
#460=CIRCLE('',#10002,2.8);
#461=CIRCLE('',#10005,2.79999999999999);
#462=CIRCLE('',#10006,2.79999999999999);
#463=CIRCLE('',#10009,2.8);
#464=CIRCLE('',#10010,2.8);
#465=CIRCLE('',#10013,2.8);
#466=CIRCLE('',#10014,2.8);
#467=CIRCLE('',#10017,2.79999999999999);
#468=CIRCLE('',#10018,2.79999999999999);
#469=CIRCLE('',#10021,2.79999999999999);
#470=CIRCLE('',#10022,2.79999999999999);
#471=CIRCLE('',#10025,2.79999999999999);
#472=CIRCLE('',#10026,2.79999999999999);
#473=CIRCLE('',#10029,2.8);
#474=CIRCLE('',#10030,2.8);
#475=CIRCLE('',#10033,2.79999999999999);
#476=CIRCLE('',#10034,2.79999999999999);
#477=CIRCLE('',#10037,2.79999999999999);
#478=CIRCLE('',#10038,2.79999999999999);
#479=CIRCLE('',#10041,2.79999999999999);
#480=CIRCLE('',#10042,2.79999999999999);
#481=CIRCLE('',#10045,2.79999999999999);
#482=CIRCLE('',#10046,2.79999999999999);
#483=CIRCLE('',#10049,2.8);
#484=CIRCLE('',#10050,2.8);
#485=CIRCLE('',#10053,2.79999999999999);
#486=CIRCLE('',#10054,2.79999999999999);
#487=CIRCLE('',#10057,2.79999999999999);
#488=CIRCLE('',#10058,2.79999999999999);
#489=CIRCLE('',#10061,1.7);
#490=CIRCLE('',#10063,0.999999999999996);
#491=CIRCLE('',#10064,0.999999999999996);
#492=CIRCLE('',#10067,1.);
#493=CIRCLE('',#10068,1.);
#494=CIRCLE('',#10071,1.5);
#495=CIRCLE('',#10072,1.5);
#496=CIRCLE('',#10075,1.5);
#497=CIRCLE('',#10076,1.5);
#498=CIRCLE('',#10086,9.57106781186542);
#499=CIRCLE('',#10087,9.57106781186544);
#500=CIRCLE('',#10088,5.42893218813452);
#501=CIRCLE('',#10089,5.42893218813449);
#502=CIRCLE('',#10096,5.42893218813449);
#503=CIRCLE('',#10097,2.49999999999999);
#504=CIRCLE('',#10099,12.5);
#505=CIRCLE('',#10100,9.5710678118654);
#506=CIRCLE('',#10102,12.5);
#507=CIRCLE('',#10105,2.49999999999999);
#508=CIRCLE('',#10114,5.4289321881345);
#509=CIRCLE('',#10115,2.5);
#510=CIRCLE('',#10117,12.5);
#511=CIRCLE('',#10118,9.57106781186543);
#512=CIRCLE('',#10120,12.5);
#513=CIRCLE('',#10123,2.5);
#514=CIRCLE('',#10133,1.99999999999999);
#515=CIRCLE('',#10134,1.99999999999999);
#516=CIRCLE('',#10136,4.50000000000001);
#517=CIRCLE('',#10137,2.5);
#518=CIRCLE('',#10138,2.50000000001355);
#519=CIRCLE('',#10139,4.50000000001353);
#520=CIRCLE('',#10143,2.50000000001355);
#521=CIRCLE('',#10145,4.50000000001354);
#522=CIRCLE('',#10149,2.50000000000001);
#523=CIRCLE('',#10151,4.5);
#524=CIRCLE('',#10159,11.5);
#525=CIRCLE('',#10160,5.49999999999999);
#526=CIRCLE('',#10164,14.5);
#527=CIRCLE('',#10165,11.5);
#528=CIRCLE('',#10167,14.5);
#529=CIRCLE('',#10170,5.49999999999997);
#530=CIRCLE('',#10177,1.99999999999999);
#531=CIRCLE('',#10179,1.6);
#532=CIRCLE('',#10181,1.99999999999999);
#533=CIRCLE('',#10183,1.6);
#534=CIRCLE('',#10185,1.6);
#535=CIRCLE('',#10188,1.6);
#536=CIRCLE('',#10192,1.99999999999999);
#537=CIRCLE('',#10193,1.99999999999999);
#538=CIRCLE('',#10195,1.6);
#539=CIRCLE('',#10197,3.00000000000001);
#540=CIRCLE('',#10199,1.6);
#541=CIRCLE('',#10202,1.69999999999998);
#542=CIRCLE('',#10203,1.69999999999998);
#543=CIRCLE('',#10208,0.80000000000009);
#544=CIRCLE('',#10209,0.80000000000009);
#545=CIRCLE('',#10211,0.799999999999736);
#546=CIRCLE('',#10212,0.799999999999736);
#547=CIRCLE('',#10215,0.800000000000076);
#548=CIRCLE('',#10216,0.800000000000076);
#549=CIRCLE('',#10219,0.799999999999998);
#550=CIRCLE('',#10220,0.799999999999998);
#551=CIRCLE('',#10230,1.5);
#552=CIRCLE('',#10231,1.5);
#553=CIRCLE('',#10234,1.5);
#554=CIRCLE('',#10235,1.5);
#555=CIRCLE('',#10238,1.5);
#556=CIRCLE('',#10239,1.5);
#557=CIRCLE('',#10246,0.999999999999926);
#558=CIRCLE('',#10247,0.99999999999993);
#559=CIRCLE('',#10250,0.999999999999952);
#560=CIRCLE('',#10253,0.999999999999609);
#561=CIRCLE('',#10261,0.800000000000002);
#562=CIRCLE('',#10262,0.800000000000001);
#563=CIRCLE('',#10266,1.2);
#564=CIRCLE('',#10267,1.2);
#565=CIRCLE('',#10270,1.2);
#566=CIRCLE('',#10271,1.2);
#567=CIRCLE('',#10275,2.5);
#568=CIRCLE('',#10276,2.5);
#569=CIRCLE('',#10278,4.5);
#570=CIRCLE('',#10279,4.5);
#571=CIRCLE('',#10283,2.5);
#572=CIRCLE('',#10284,2.5);
#573=CIRCLE('',#10286,4.5);
#574=CIRCLE('',#10287,4.5);
#575=CIRCLE('',#10293,2.5);
#576=CIRCLE('',#10300,2.5);
#577=CIRCLE('',#10302,1.5);
#578=CIRCLE('',#10304,1.5);
#579=CIRCLE('',#10306,2.00000000000001);
#580=CIRCLE('',#10308,1.99999999999999);
#581=CIRCLE('',#10310,2.00000000000001);
#582=CIRCLE('',#10312,1.99999999999999);
#583=CIRCLE('',#10314,1.49999999999999);
#584=CIRCLE('',#10316,1.49999999999999);
#585=CIRCLE('',#10318,1.49999999999999);
#586=CIRCLE('',#10320,1.49999999999999);
#587=CIRCLE('',#10322,1.49999999999999);
#588=CIRCLE('',#10324,1.49999999999999);
#589=CIRCLE('',#10325,0.700000000000001);
#590=CIRCLE('',#10333,0.7);
#591=CIRCLE('',#10334,0.7);
#592=CIRCLE('',#10336,0.7);
#593=CIRCLE('',#10341,1.2);
#594=CIRCLE('',#10342,1.2);
#595=CIRCLE('',#10345,1.2);
#596=CIRCLE('',#10346,1.2);
#597=CIRCLE('',#10349,1.2);
#598=CIRCLE('',#10350,1.2);
#599=CIRCLE('',#10353,1.2);
#600=CIRCLE('',#10354,1.2);
#601=CIRCLE('',#10358,2.5);
#602=CIRCLE('',#10359,2.5);
#603=CIRCLE('',#10361,4.49999999999998);
#604=CIRCLE('',#10362,4.49999999999998);
#605=CIRCLE('',#10366,2.5);
#606=CIRCLE('',#10367,2.5);
#607=CIRCLE('',#10369,4.49999999999998);
#608=CIRCLE('',#10370,4.49999999999998);
#609=CIRCLE('',#10376,2.5);
#610=CIRCLE('',#10377,2.5);
#611=CIRCLE('',#10379,4.49999999999998);
#612=CIRCLE('',#10380,4.49999999999998);
#613=CIRCLE('',#10384,2.5);
#614=CIRCLE('',#10385,2.5);
#615=CIRCLE('',#10387,4.49999999999998);
#616=CIRCLE('',#10388,4.49999999999998);
#617=CIRCLE('',#10393,1.2);
#618=CIRCLE('',#10394,1.2);
#619=CIRCLE('',#10397,1.2);
#620=CIRCLE('',#10398,1.2);
#621=CIRCLE('',#10401,1.2);
#622=CIRCLE('',#10402,1.2);
#623=CIRCLE('',#10405,1.2);
#624=CIRCLE('',#10406,1.2);
#625=CIRCLE('',#10409,1.2);
#626=CIRCLE('',#10410,1.2);
#627=CIRCLE('',#10413,1.2);
#628=CIRCLE('',#10414,1.2);
#629=CIRCLE('',#10423,2.49999999999999);
#630=CIRCLE('',#10424,2.49999999999999);
#631=CIRCLE('',#10426,4.49999999999998);
#632=CIRCLE('',#10427,4.49999999999998);
#633=CIRCLE('',#10431,2.5);
#634=CIRCLE('',#10432,2.5);
#635=CIRCLE('',#10434,4.49999999999999);
#636=CIRCLE('',#10435,4.49999999999999);
#637=CIRCLE('',#10441,4.49999999999999);
#638=CIRCLE('',#10442,4.49999999999999);
#639=CIRCLE('',#10444,2.5);
#640=CIRCLE('',#10445,2.5);
#641=CIRCLE('',#10449,4.49999999999999);
#642=CIRCLE('',#10450,4.49999999999999);
#643=CIRCLE('',#10452,2.5);
#644=CIRCLE('',#10453,2.5);
#645=CIRCLE('',#10459,4.49999999999999);
#646=CIRCLE('',#10460,4.49999999999999);
#647=CIRCLE('',#10462,2.5);
#648=CIRCLE('',#10463,2.5);
#649=CIRCLE('',#10467,4.49999999999999);
#650=CIRCLE('',#10468,4.49999999999999);
#651=CIRCLE('',#10470,2.5);
#652=CIRCLE('',#10471,2.5);
#653=CIRCLE('',#10476,1.2);
#654=CIRCLE('',#10477,1.2);
#655=CIRCLE('',#10480,1.2);
#656=CIRCLE('',#10481,1.2);
#657=CIRCLE('',#10484,1.2);
#658=CIRCLE('',#10485,1.2);
#659=CIRCLE('',#10488,1.2);
#660=CIRCLE('',#10489,1.2);
#661=CIRCLE('',#10493,4.49999999999999);
#662=CIRCLE('',#10494,4.49999999999999);
#663=CIRCLE('',#10496,2.5);
#664=CIRCLE('',#10497,2.5);
#665=CIRCLE('',#10501,4.49999999999999);
#666=CIRCLE('',#10502,4.49999999999999);
#667=CIRCLE('',#10504,2.5);
#668=CIRCLE('',#10505,2.5);
#669=CIRCLE('',#10511,4.49999999999999);
#670=CIRCLE('',#10512,4.49999999999999);
#671=CIRCLE('',#10514,2.5);
#672=CIRCLE('',#10515,2.5);
#673=CIRCLE('',#10519,4.49999999999999);
#674=CIRCLE('',#10520,4.49999999999999);
#675=CIRCLE('',#10522,2.5);
#676=CIRCLE('',#10523,2.5);
#677=CIRCLE('',#10528,1.2);
#678=CIRCLE('',#10529,1.2);
#679=CIRCLE('',#10532,1.2);
#680=CIRCLE('',#10533,1.2);
#681=CIRCLE('',#10537,2.49999999999998);
#682=CIRCLE('',#10538,2.49999999999998);
#683=CIRCLE('',#10540,4.49999999999997);
#684=CIRCLE('',#10541,4.49999999999997);
#685=CIRCLE('',#10545,2.5);
#686=CIRCLE('',#10546,2.5);
#687=CIRCLE('',#10548,4.49999999999999);
#688=CIRCLE('',#10549,4.49999999999999);
#689=CIRCLE('',#10586,4.00000000000002);
#690=CIRCLE('',#10587,4.00000000000002);
#691=CIRCLE('',#10589,4.00000000000006);
#692=CIRCLE('',#10590,6.00000000000005);
#693=CIRCLE('',#10591,6.00000000000001);
#694=CIRCLE('',#10593,6.00000000000001);
#695=CIRCLE('',#10595,6.00000000000005);
#696=CIRCLE('',#10596,4.00000000000006);
#697=CIRCLE('',#10602,4.00000000000002);
#698=CIRCLE('',#10603,4.00000000000002);
#699=CIRCLE('',#10605,6.00000000000001);
#700=CIRCLE('',#10606,6.00000000000005);
#701=CIRCLE('',#10607,4.00000000000006);
#702=CIRCLE('',#10609,6.00000000000001);
#703=CIRCLE('',#10611,4.00000000000006);
#704=CIRCLE('',#10612,6.00000000000005);
#705=CIRCLE('',#10619,4.49999999999999);
#706=CIRCLE('',#10620,4.49999999999999);
#707=CIRCLE('',#10625,3.00000000000001);
#708=CIRCLE('',#10626,2.99999999999997);
#709=CIRCLE('',#10628,3.99999999999999);
#710=CIRCLE('',#10630,3.99999999999999);
#711=CIRCLE('',#10632,3.00000000000001);
#712=CIRCLE('',#10634,2.99999999999997);
#713=CIRCLE('',#10636,3.99999999999999);
#714=CIRCLE('',#10638,3.99999999999999);
#715=CIRCLE('',#10640,3.00000000000001);
#716=CIRCLE('',#10642,2.99999999999997);
#717=CIRCLE('',#10644,3.99999999999999);
#718=CIRCLE('',#10646,3.99999999999999);
#719=CIRCLE('',#10648,3.00000000000001);
#720=CIRCLE('',#10650,3.00000000000001);
#721=CIRCLE('',#10653,2.99999999999986);
#722=CIRCLE('',#10655,2.99999999999997);
#723=CIRCLE('',#10657,3.99999999999999);
#724=CIRCLE('',#10659,3.99999999999999);
#725=CIRCLE('',#10661,3.00000000000001);
#726=CIRCLE('',#10663,2.99999999999997);
#727=CIRCLE('',#10665,3.99999999999999);
#728=CIRCLE('',#10667,3.99999999999999);
#729=CIRCLE('',#10671,1.49999999999999);
#730=CIRCLE('',#10672,1.49999999999999);
#731=CIRCLE('',#10673,1.49999999999999);
#732=CIRCLE('',#10675,1.49999999999999);
#733=CIRCLE('',#10676,1.49999999999999);
#734=CIRCLE('',#10677,1.49999999999999);
#735=CIRCLE('',#10690,4.49999999999999);
#736=CIRCLE('',#10693,1.99999999999999);
#737=CIRCLE('',#10696,2.00000000000001);
#738=CIRCLE('',#10699,1.5);
#739=CIRCLE('',#10711,1.5);
#740=CIRCLE('',#10714,2.00000000000001);
#741=CIRCLE('',#10717,1.99999999999999);
#742=ELLIPSE('',#9789,5.08766609220055,5.02916499824119);
#743=ELLIPSE('',#10326,11.221853679317,0.7);
#744=ELLIPSE('',#10327,11.287160847618,1.4);
#745=ELLIPSE('',#10328,11.287160847618,1.4);
#746=ELLIPSE('',#10330,11.287160847618,1.4);
#747=ELLIPSE('',#10331,11.221853679317,0.699999999999998);
#748=LINE('',#13666,#1702);
#749=LINE('',#13672,#1703);
#750=LINE('',#13675,#1704);
#751=LINE('',#13679,#1705);
#752=LINE('',#13692,#1706);
#753=LINE('',#13825,#1707);
#754=LINE('',#13827,#1708);
#755=LINE('',#13829,#1709);
#756=LINE('',#13831,#1710);
#757=LINE('',#13833,#1711);
#758=LINE('',#13835,#1712);
#759=LINE('',#13837,#1713);
#760=LINE('',#13839,#1714);
#761=LINE('',#13840,#1715);
#762=LINE('',#13881,#1716);
#763=LINE('',#13883,#1717);
#764=LINE('',#13885,#1718);
#765=LINE('',#13887,#1719);
#766=LINE('',#13891,#1720);
#767=LINE('',#13893,#1721);
#768=LINE('',#13894,#1722);
#769=LINE('',#13898,#1723);
#770=LINE('',#13901,#1724);
#771=LINE('',#13903,#1725);
#772=LINE('',#13905,#1726);
#773=LINE('',#13907,#1727);
#774=LINE('',#13909,#1728);
#775=LINE('',#13911,#1729);
#776=LINE('',#13913,#1730);
#777=LINE('',#13915,#1731);
#778=LINE('',#13917,#1732);
#779=LINE('',#13918,#1733);
#780=LINE('',#13928,#1734);
#781=LINE('',#13930,#1735);
#782=LINE('',#13932,#1736);
#783=LINE('',#13933,#1737);
#784=LINE('',#13936,#1738);
#785=LINE('',#13938,#1739);
#786=LINE('',#13939,#1740);
#787=LINE('',#13943,#1741);
#788=LINE('',#13945,#1742);
#789=LINE('',#13947,#1743);
#790=LINE('',#13948,#1744);
#791=LINE('',#13951,#1745);
#792=LINE('',#13953,#1746);
#793=LINE('',#13959,#1747);
#794=LINE('',#13961,#1748);
#795=LINE('',#13963,#1749);
#796=LINE('',#13965,#1750);
#797=LINE('',#13967,#1751);
#798=LINE('',#13973,#1752);
#799=LINE('',#13975,#1753);
#800=LINE('',#13977,#1754);
#801=LINE('',#13979,#1755);
#802=LINE('',#13981,#1756);
#803=LINE('',#13983,#1757);
#804=LINE('',#13985,#1758);
#805=LINE('',#13987,#1759);
#806=LINE('',#13989,#1760);
#807=LINE('',#13991,#1761);
#808=LINE('',#13993,#1762);
#809=LINE('',#13995,#1763);
#810=LINE('',#13997,#1764);
#811=LINE('',#13999,#1765);
#812=LINE('',#14001,#1766);
#813=LINE('',#14003,#1767);
#814=LINE('',#14005,#1768);
#815=LINE('',#14007,#1769);
#816=LINE('',#14009,#1770);
#817=LINE('',#14011,#1771);
#818=LINE('',#14013,#1772);
#819=LINE('',#14015,#1773);
#820=LINE('',#14016,#1774);
#821=LINE('',#14018,#1775);
#822=LINE('',#14019,#1776);
#823=LINE('',#14026,#1777);
#824=LINE('',#14028,#1778);
#825=LINE('',#14030,#1779);
#826=LINE('',#14031,#1780);
#827=LINE('',#14034,#1781);
#828=LINE('',#14036,#1782);
#829=LINE('',#14038,#1783);
#830=LINE('',#14039,#1784);
#831=LINE('',#14042,#1785);
#832=LINE('',#14044,#1786);
#833=LINE('',#14046,#1787);
#834=LINE('',#14047,#1788);
#835=LINE('',#14050,#1789);
#836=LINE('',#14052,#1790);
#837=LINE('',#14054,#1791);
#838=LINE('',#14055,#1792);
#839=LINE('',#14058,#1793);
#840=LINE('',#14060,#1794);
#841=LINE('',#14062,#1795);
#842=LINE('',#14063,#1796);
#843=LINE('',#14066,#1797);
#844=LINE('',#14068,#1798);
#845=LINE('',#14070,#1799);
#846=LINE('',#14071,#1800);
#847=LINE('',#14074,#1801);
#848=LINE('',#14076,#1802);
#849=LINE('',#14078,#1803);
#850=LINE('',#14079,#1804);
#851=LINE('',#14082,#1805);
#852=LINE('',#14084,#1806);
#853=LINE('',#14086,#1807);
#854=LINE('',#14087,#1808);
#855=LINE('',#14090,#1809);
#856=LINE('',#14092,#1810);
#857=LINE('',#14094,#1811);
#858=LINE('',#14095,#1812);
#859=LINE('',#14098,#1813);
#860=LINE('',#14100,#1814);
#861=LINE('',#14102,#1815);
#862=LINE('',#14103,#1816);
#863=LINE('',#14106,#1817);
#864=LINE('',#14108,#1818);
#865=LINE('',#14110,#1819);
#866=LINE('',#14111,#1820);
#867=LINE('',#14114,#1821);
#868=LINE('',#14116,#1822);
#869=LINE('',#14118,#1823);
#870=LINE('',#14119,#1824);
#871=LINE('',#14122,#1825);
#872=LINE('',#14124,#1826);
#873=LINE('',#14126,#1827);
#874=LINE('',#14127,#1828);
#875=LINE('',#14130,#1829);
#876=LINE('',#14132,#1830);
#877=LINE('',#14134,#1831);
#878=LINE('',#14135,#1832);
#879=LINE('',#14138,#1833);
#880=LINE('',#14140,#1834);
#881=LINE('',#14142,#1835);
#882=LINE('',#14143,#1836);
#883=LINE('',#14146,#1837);
#884=LINE('',#14148,#1838);
#885=LINE('',#14150,#1839);
#886=LINE('',#14151,#1840);
#887=LINE('',#14154,#1841);
#888=LINE('',#14156,#1842);
#889=LINE('',#14158,#1843);
#890=LINE('',#14159,#1844);
#891=LINE('',#14162,#1845);
#892=LINE('',#14164,#1846);
#893=LINE('',#14166,#1847);
#894=LINE('',#14167,#1848);
#895=LINE('',#14170,#1849);
#896=LINE('',#14172,#1850);
#897=LINE('',#14174,#1851);
#898=LINE('',#14175,#1852);
#899=LINE('',#14178,#1853);
#900=LINE('',#14180,#1854);
#901=LINE('',#14182,#1855);
#902=LINE('',#14183,#1856);
#903=LINE('',#14186,#1857);
#904=LINE('',#14188,#1858);
#905=LINE('',#14190,#1859);
#906=LINE('',#14192,#1860);
#907=LINE('',#14194,#1861);
#908=LINE('',#14196,#1862);
#909=LINE('',#14198,#1863);
#910=LINE('',#14200,#1864);
#911=LINE('',#14202,#1865);
#912=LINE('',#14204,#1866);
#913=LINE('',#14206,#1867);
#914=LINE('',#14207,#1868);
#915=LINE('',#14210,#1869);
#916=LINE('',#14212,#1870);
#917=LINE('',#14214,#1871);
#918=LINE('',#14215,#1872);
#919=LINE('',#14218,#1873);
#920=LINE('',#14220,#1874);
#921=LINE('',#14222,#1875);
#922=LINE('',#14223,#1876);
#923=LINE('',#14226,#1877);
#924=LINE('',#14228,#1878);
#925=LINE('',#14230,#1879);
#926=LINE('',#14232,#1880);
#927=LINE('',#14234,#1881);
#928=LINE('',#14236,#1882);
#929=LINE('',#14238,#1883);
#930=LINE('',#14239,#1884);
#931=LINE('',#14252,#1885);
#932=LINE('',#14254,#1886);
#933=LINE('',#14256,#1887);
#934=LINE('',#14258,#1888);
#935=LINE('',#14270,#1889);
#936=LINE('',#14274,#1890);
#937=LINE('',#14275,#1891);
#938=LINE('',#14280,#1892);
#939=LINE('',#14282,#1893);
#940=LINE('',#14284,#1894);
#941=LINE('',#14286,#1895);
#942=LINE('',#14288,#1896);
#943=LINE('',#14292,#1897);
#944=LINE('',#14296,#1898);
#945=LINE('',#14298,#1899);
#946=LINE('',#14300,#1900);
#947=LINE('',#14301,#1901);
#948=LINE('',#14305,#1902);
#949=LINE('',#14309,#1903);
#950=LINE('',#14310,#1904);
#951=LINE('',#14312,#1905);
#952=LINE('',#14313,#1906);
#953=LINE('',#14318,#1907);
#954=LINE('',#14322,#1908);
#955=LINE('',#14326,#1909);
#956=LINE('',#14330,#1910);
#957=LINE('',#14334,#1911);
#958=LINE('',#14342,#1912);
#959=LINE('',#14349,#1913);
#960=LINE('',#14352,#1914);
#961=LINE('',#14355,#1915);
#962=LINE('',#14358,#1916);
#963=LINE('',#14361,#1917);
#964=LINE('',#14364,#1918);
#965=LINE('',#14367,#1919);
#966=LINE('',#14370,#1920);
#967=LINE('',#14374,#1921);
#968=LINE('',#14376,#1922);
#969=LINE('',#14378,#1923);
#970=LINE('',#14379,#1924);
#971=LINE('',#14382,#1925);
#972=LINE('',#14384,#1926);
#973=LINE('',#14385,#1927);
#974=LINE('',#14387,#1928);
#975=LINE('',#14388,#1929);
#976=LINE('',#14391,#1930);
#977=LINE('',#14393,#1931);
#978=LINE('',#14394,#1932);
#979=LINE('',#14397,#1933);
#980=LINE('',#14398,#1934);
#981=LINE('',#14401,#1935);
#982=LINE('',#14402,#1936);
#983=LINE('',#14404,#1937);
#984=LINE('',#14406,#1938);
#985=LINE('',#14407,#1939);
#986=LINE('',#14409,#1940);
#987=LINE('',#14411,#1941);
#988=LINE('',#14412,#1942);
#989=LINE('',#14417,#1943);
#990=LINE('',#14424,#1944);
#991=LINE('',#14431,#1945);
#992=LINE('',#14438,#1946);
#993=LINE('',#14442,#1947);
#994=LINE('',#14446,#1948);
#995=LINE('',#14450,#1949);
#996=LINE('',#14457,#1950);
#997=LINE('',#14464,#1951);
#998=LINE('',#14471,#1952);
#999=LINE('',#14475,#1953);
#1000=LINE('',#14479,#1954);
#1001=LINE('',#14484,#1955);
#1002=LINE('',#14486,#1956);
#1003=LINE('',#14488,#1957);
#1004=LINE('',#14489,#1958);
#1005=LINE('',#14493,#1959);
#1006=LINE('',#14495,#1960);
#1007=LINE('',#14497,#1961);
#1008=LINE('',#14498,#1962);
#1009=LINE('',#14501,#1963);
#1010=LINE('',#14503,#1964);
#1011=LINE('',#14505,#1965);
#1012=LINE('',#14507,#1966);
#1013=LINE('',#14508,#1967);
#1014=LINE('',#14509,#1968);
#1015=LINE('',#14513,#1969);
#1016=LINE('',#14514,#1970);
#1017=LINE('',#14516,#1971);
#1018=LINE('',#14518,#1972);
#1019=LINE('',#14520,#1973);
#1020=LINE('',#14522,#1974);
#1021=LINE('',#14524,#1975);
#1022=LINE('',#14526,#1976);
#1023=LINE('',#14528,#1977);
#1024=LINE('',#14529,#1978);
#1025=LINE('',#14531,#1979);
#1026=LINE('',#14533,#1980);
#1027=LINE('',#14534,#1981);
#1028=LINE('',#14537,#1982);
#1029=LINE('',#14538,#1983);
#1030=LINE('',#14540,#1984);
#1031=LINE('',#14541,#1985);
#1032=LINE('',#14543,#1986);
#1033=LINE('',#14548,#1987);
#1034=LINE('',#14555,#1988);
#1035=LINE('',#14562,#1989);
#1036=LINE('',#14569,#1990);
#1037=LINE('',#14576,#1991);
#1038=LINE('',#14583,#1992);
#1039=LINE('',#14590,#1993);
#1040=LINE('',#14597,#1994);
#1041=LINE('',#14604,#1995);
#1042=LINE('',#14611,#1996);
#1043=LINE('',#14618,#1997);
#1044=LINE('',#14625,#1998);
#1045=LINE('',#14632,#1999);
#1046=LINE('',#14639,#2000);
#1047=LINE('',#14646,#2001);
#1048=LINE('',#14653,#2002);
#1049=LINE('',#14660,#2003);
#1050=LINE('',#14667,#2004);
#1051=LINE('',#14674,#2005);
#1052=LINE('',#14681,#2006);
#1053=LINE('',#14688,#2007);
#1054=LINE('',#14695,#2008);
#1055=LINE('',#14702,#2009);
#1056=LINE('',#14709,#2010);
#1057=LINE('',#14716,#2011);
#1058=LINE('',#14723,#2012);
#1059=LINE('',#14730,#2013);
#1060=LINE('',#14737,#2014);
#1061=LINE('',#14744,#2015);
#1062=LINE('',#14751,#2016);
#1063=LINE('',#14758,#2017);
#1064=LINE('',#14765,#2018);
#1065=LINE('',#14772,#2019);
#1066=LINE('',#14779,#2020);
#1067=LINE('',#14786,#2021);
#1068=LINE('',#14793,#2022);
#1069=LINE('',#14800,#2023);
#1070=LINE('',#14807,#2024);
#1071=LINE('',#14817,#2025);
#1072=LINE('',#14824,#2026);
#1073=LINE('',#14831,#2027);
#1074=LINE('',#14838,#2028);
#1075=LINE('',#14844,#2029);
#1076=LINE('',#14846,#2030);
#1077=LINE('',#14848,#2031);
#1078=LINE('',#14850,#2032);
#1079=LINE('',#14852,#2033);
#1080=LINE('',#14853,#2034);
#1081=LINE('',#14857,#2035);
#1082=LINE('',#14859,#2036);
#1083=LINE('',#14861,#2037);
#1084=LINE('',#14863,#2038);
#1085=LINE('',#14864,#2039);
#1086=LINE('',#14868,#2040);
#1087=LINE('',#14870,#2041);
#1088=LINE('',#14872,#2042);
#1089=LINE('',#14874,#2043);
#1090=LINE('',#14875,#2044);
#1091=LINE('',#14879,#2045);
#1092=LINE('',#14880,#2046);
#1093=LINE('',#14881,#2047);
#1094=LINE('',#14884,#2048);
#1095=LINE('',#14885,#2049);
#1096=LINE('',#14886,#2050);
#1097=LINE('',#14887,#2051);
#1098=LINE('',#14890,#2052);
#1099=LINE('',#14891,#2053);
#1100=LINE('',#14894,#2054);
#1101=LINE('',#14896,#2055);
#1102=LINE('',#14898,#2056);
#1103=LINE('',#14899,#2057);
#1104=LINE('',#14902,#2058);
#1105=LINE('',#14906,#2059);
#1106=LINE('',#14909,#2060);
#1107=LINE('',#14911,#2061);
#1108=LINE('',#14915,#2062);
#1109=LINE('',#14919,#2063);
#1110=LINE('',#14920,#2064);
#1111=LINE('',#14923,#2065);
#1112=LINE('',#14924,#2066);
#1113=LINE('',#14927,#2067);
#1114=LINE('',#14928,#2068);
#1115=LINE('',#14931,#2069);
#1116=LINE('',#14933,#2070);
#1117=LINE('',#14935,#2071);
#1118=LINE('',#14936,#2072);
#1119=LINE('',#14938,#2073);
#1120=LINE('',#14939,#2074);
#1121=LINE('',#14943,#2075);
#1122=LINE('',#14949,#2076);
#1123=LINE('',#14954,#2077);
#1124=LINE('',#14957,#2078);
#1125=LINE('',#14960,#2079);
#1126=LINE('',#14963,#2080);
#1127=LINE('',#14967,#2081);
#1128=LINE('',#14968,#2082);
#1129=LINE('',#14969,#2083);
#1130=LINE('',#14973,#2084);
#1131=LINE('',#14974,#2085);
#1132=LINE('',#14975,#2086);
#1133=LINE('',#14978,#2087);
#1134=LINE('',#14979,#2088);
#1135=LINE('',#14981,#2089);
#1136=LINE('',#14984,#2090);
#1137=LINE('',#14985,#2091);
#1138=LINE('',#14987,#2092);
#1139=LINE('',#14991,#2093);
#1140=LINE('',#14997,#2094);
#1141=LINE('',#15002,#2095);
#1142=LINE('',#15005,#2096);
#1143=LINE('',#15008,#2097);
#1144=LINE('',#15011,#2098);
#1145=LINE('',#15013,#2099);
#1146=LINE('',#15014,#2100);
#1147=LINE('',#15016,#2101);
#1148=LINE('',#15018,#2102);
#1149=LINE('',#15020,#2103);
#1150=LINE('',#15023,#2104);
#1151=LINE('',#15027,#2105);
#1152=LINE('',#15029,#2106);
#1153=LINE('',#15031,#2107);
#1154=LINE('',#15033,#2108);
#1155=LINE('',#15048,#2109);
#1156=LINE('',#15061,#2110);
#1157=LINE('',#15063,#2111);
#1158=LINE('',#15065,#2112);
#1159=LINE('',#15066,#2113);
#1160=LINE('',#15068,#2114);
#1161=LINE('',#15070,#2115);
#1162=LINE('',#15072,#2116);
#1163=LINE('',#15074,#2117);
#1164=LINE('',#15075,#2118);
#1165=LINE('',#15084,#2119);
#1166=LINE('',#15086,#2120);
#1167=LINE('',#15090,#2121);
#1168=LINE('',#15093,#2122);
#1169=LINE('',#15095,#2123);
#1170=LINE('',#15098,#2124);
#1171=LINE('',#15101,#2125);
#1172=LINE('',#15102,#2126);
#1173=LINE('',#15105,#2127);
#1174=LINE('',#15106,#2128);
#1175=LINE('',#15109,#2129);
#1176=LINE('',#15113,#2130);
#1177=LINE('',#15117,#2131);
#1178=LINE('',#15118,#2132);
#1179=LINE('',#15121,#2133);
#1180=LINE('',#15122,#2134);
#1181=LINE('',#15125,#2135);
#1182=LINE('',#15129,#2136);
#1183=LINE('',#15132,#2137);
#1184=LINE('',#15134,#2138);
#1185=LINE('',#15138,#2139);
#1186=LINE('',#15140,#2140);
#1187=LINE('',#15141,#2141);
#1188=LINE('',#15144,#2142);
#1189=LINE('',#15145,#2143);
#1190=LINE('',#15148,#2144);
#1191=LINE('',#15149,#2145);
#1192=LINE('',#15154,#2146);
#1193=LINE('',#15156,#2147);
#1194=LINE('',#15158,#2148);
#1195=LINE('',#15161,#2149);
#1196=LINE('',#15164,#2150);
#1197=LINE('',#15165,#2151);
#1198=LINE('',#15169,#2152);
#1199=LINE('',#15174,#2153);
#1200=LINE('',#15177,#2154);
#1201=LINE('',#15180,#2155);
#1202=LINE('',#15185,#2156);
#1203=LINE('',#15186,#2157);
#1204=LINE('',#15187,#2158);
#1205=LINE('',#15190,#2159);
#1206=LINE('',#15191,#2160);
#1207=LINE('',#15194,#2161);
#1208=LINE('',#15195,#2162);
#1209=LINE('',#15198,#2163);
#1210=LINE('',#15199,#2164);
#1211=LINE('',#15201,#2165);
#1212=LINE('',#15204,#2166);
#1213=LINE('',#15211,#2167);
#1214=LINE('',#15218,#2168);
#1215=LINE('',#15223,#2169);
#1216=LINE('',#15229,#2170);
#1217=LINE('',#15230,#2171);
#1218=LINE('',#15232,#2172);
#1219=LINE('',#15234,#2173);
#1220=LINE('',#15236,#2174);
#1221=LINE('',#15237,#2175);
#1222=LINE('',#15242,#2176);
#1223=LINE('',#15249,#2177);
#1224=LINE('',#15255,#2178);
#1225=LINE('',#15260,#2179);
#1226=LINE('',#15265,#2180);
#1227=LINE('',#15267,#2181);
#1228=LINE('',#15268,#2182);
#1229=LINE('',#15272,#2183);
#1230=LINE('',#15274,#2184);
#1231=LINE('',#15276,#2185);
#1232=LINE('',#15277,#2186);
#1233=LINE('',#15286,#2187);
#1234=LINE('',#15289,#2188);
#1235=LINE('',#15291,#2189);
#1236=LINE('',#15292,#2190);
#1237=LINE('',#15298,#2191);
#1238=LINE('',#15301,#2192);
#1239=LINE('',#15303,#2193);
#1240=LINE('',#15304,#2194);
#1241=LINE('',#15310,#2195);
#1242=LINE('',#15312,#2196);
#1243=LINE('',#15313,#2197);
#1244=LINE('',#15315,#2198);
#1245=LINE('',#15316,#2199);
#1246=LINE('',#15319,#2200);
#1247=LINE('',#15321,#2201);
#1248=LINE('',#15322,#2202);
#1249=LINE('',#15325,#2203);
#1250=LINE('',#15326,#2204);
#1251=LINE('',#15329,#2205);
#1252=LINE('',#15331,#2206);
#1253=LINE('',#15332,#2207);
#1254=LINE('',#15333,#2208);
#1255=LINE('',#15334,#2209);
#1256=LINE('',#15336,#2210);
#1257=LINE('',#15338,#2211);
#1258=LINE('',#15345,#2212);
#1259=LINE('',#15352,#2213);
#1260=LINE('',#15359,#2214);
#1261=LINE('',#15363,#2215);
#1262=LINE('',#15364,#2216);
#1263=LINE('',#15367,#2217);
#1264=LINE('',#15368,#2218);
#1265=LINE('',#15371,#2219);
#1266=LINE('',#15372,#2220);
#1267=LINE('',#15375,#2221);
#1268=LINE('',#15376,#2222);
#1269=LINE('',#15378,#2223);
#1270=LINE('',#15382,#2224);
#1271=LINE('',#15384,#2225);
#1272=LINE('',#15386,#2226);
#1273=LINE('',#15390,#2227);
#1274=LINE('',#15393,#2228);
#1275=LINE('',#15394,#2229);
#1276=LINE('',#15397,#2230);
#1277=LINE('',#15398,#2231);
#1278=LINE('',#15401,#2232);
#1279=LINE('',#15405,#2233);
#1280=LINE('',#15406,#2234);
#1281=LINE('',#15409,#2235);
#1282=LINE('',#15413,#2236);
#1283=LINE('',#15414,#2237);
#1284=LINE('',#15416,#2238);
#1285=LINE('',#15417,#2239);
#1286=LINE('',#15419,#2240);
#1287=LINE('',#15420,#2241);
#1288=LINE('',#15422,#2242);
#1289=LINE('',#15426,#2243);
#1290=LINE('',#15428,#2244);
#1291=LINE('',#15430,#2245);
#1292=LINE('',#15432,#2246);
#1293=LINE('',#15434,#2247);
#1294=LINE('',#15435,#2248);
#1295=LINE('',#15438,#2249);
#1296=LINE('',#15442,#2250);
#1297=LINE('',#15445,#2251);
#1298=LINE('',#15447,#2252);
#1299=LINE('',#15449,#2253);
#1300=LINE('',#15450,#2254);
#1301=LINE('',#15455,#2255);
#1302=LINE('',#15459,#2256);
#1303=LINE('',#15461,#2257);
#1304=LINE('',#15462,#2258);
#1305=LINE('',#15467,#2259);
#1306=LINE('',#15471,#2260);
#1307=LINE('',#15473,#2261);
#1308=LINE('',#15474,#2262);
#1309=LINE('',#15478,#2263);
#1310=LINE('',#15479,#2264);
#1311=LINE('',#15480,#2265);
#1312=LINE('',#15484,#2266);
#1313=LINE('',#15490,#2267);
#1314=LINE('',#15496,#2268);
#1315=LINE('',#15497,#2269);
#1316=LINE('',#15498,#2270);
#1317=LINE('',#15502,#2271);
#1318=LINE('',#15503,#2272);
#1319=LINE('',#15504,#2273);
#1320=LINE('',#15511,#2274);
#1321=LINE('',#15515,#2275);
#1322=LINE('',#15517,#2276);
#1323=LINE('',#15521,#2277);
#1324=LINE('',#15523,#2278);
#1325=LINE('',#15525,#2279);
#1326=LINE('',#15527,#2280);
#1327=LINE('',#15529,#2281);
#1328=LINE('',#15531,#2282);
#1329=LINE('',#15532,#2283);
#1330=LINE('',#15535,#2284);
#1331=LINE('',#15536,#2285);
#1332=LINE('',#15540,#2286);
#1333=LINE('',#15541,#2287);
#1334=LINE('',#15542,#2288);
#1335=LINE('',#15545,#2289);
#1336=LINE('',#15546,#2290);
#1337=LINE('',#15549,#2291);
#1338=LINE('',#15550,#2292);
#1339=LINE('',#15552,#2293);
#1340=LINE('',#15555,#2294);
#1341=LINE('',#15557,#2295);
#1342=LINE('',#15558,#2296);
#1343=LINE('',#15683,#2297);
#1344=LINE('',#15756,#2298);
#1345=LINE('',#15758,#2299);
#1346=LINE('',#15759,#2300);
#1347=LINE('',#15764,#2301);
#1348=LINE('',#15768,#2302);
#1349=LINE('',#15770,#2303);
#1350=LINE('',#15771,#2304);
#1351=LINE('',#15776,#2305);
#1352=LINE('',#15780,#2306);
#1353=LINE('',#15782,#2307);
#1354=LINE('',#15783,#2308);
#1355=LINE('',#15788,#2309);
#1356=LINE('',#15792,#2310);
#1357=LINE('',#15794,#2311);
#1358=LINE('',#15795,#2312);
#1359=LINE('',#15800,#2313);
#1360=LINE('',#15804,#2314);
#1361=LINE('',#15806,#2315);
#1362=LINE('',#15807,#2316);
#1363=LINE('',#15811,#2317);
#1364=LINE('',#15812,#2318);
#1365=LINE('',#15813,#2319);
#1366=LINE('',#15817,#2320);
#1367=LINE('',#15823,#2321);
#1368=LINE('',#15829,#2322);
#1369=LINE('',#15830,#2323);
#1370=LINE('',#15831,#2324);
#1371=LINE('',#15835,#2325);
#1372=LINE('',#15836,#2326);
#1373=LINE('',#15837,#2327);
#1374=LINE('',#15844,#2328);
#1375=LINE('',#15848,#2329);
#1376=LINE('',#15850,#2330);
#1377=LINE('',#15855,#2331);
#1378=LINE('',#15856,#2332);
#1379=LINE('',#15857,#2333);
#1380=LINE('',#15861,#2334);
#1381=LINE('',#15867,#2335);
#1382=LINE('',#15873,#2336);
#1383=LINE('',#15874,#2337);
#1384=LINE('',#15875,#2338);
#1385=LINE('',#15879,#2339);
#1386=LINE('',#15880,#2340);
#1387=LINE('',#15881,#2341);
#1388=LINE('',#15888,#2342);
#1389=LINE('',#15892,#2343);
#1390=LINE('',#15894,#2344);
#1391=LINE('',#15900,#2345);
#1392=LINE('',#15904,#2346);
#1393=LINE('',#15906,#2347);
#1394=LINE('',#15907,#2348);
#1395=LINE('',#15912,#2349);
#1396=LINE('',#15916,#2350);
#1397=LINE('',#15918,#2351);
#1398=LINE('',#15919,#2352);
#1399=LINE('',#15924,#2353);
#1400=LINE('',#15928,#2354);
#1401=LINE('',#15930,#2355);
#1402=LINE('',#15931,#2356);
#1403=LINE('',#15936,#2357);
#1404=LINE('',#15940,#2358);
#1405=LINE('',#15942,#2359);
#1406=LINE('',#15943,#2360);
#1407=LINE('',#15948,#2361);
#1408=LINE('',#15952,#2362);
#1409=LINE('',#15954,#2363);
#1410=LINE('',#15955,#2364);
#1411=LINE('',#15960,#2365);
#1412=LINE('',#15964,#2366);
#1413=LINE('',#15966,#2367);
#1414=LINE('',#15967,#2368);
#1415=LINE('',#15970,#2369);
#1416=LINE('',#15972,#2370);
#1417=LINE('',#15973,#2371);
#1418=LINE('',#15976,#2372);
#1419=LINE('',#15977,#2373);
#1420=LINE('',#15980,#2374);
#1421=LINE('',#15981,#2375);
#1422=LINE('',#15983,#2376);
#1423=LINE('',#15988,#2377);
#1424=LINE('',#15989,#2378);
#1425=LINE('',#15990,#2379);
#1426=LINE('',#15994,#2380);
#1427=LINE('',#16000,#2381);
#1428=LINE('',#16006,#2382);
#1429=LINE('',#16007,#2383);
#1430=LINE('',#16008,#2384);
#1431=LINE('',#16012,#2385);
#1432=LINE('',#16013,#2386);
#1433=LINE('',#16014,#2387);
#1434=LINE('',#16021,#2388);
#1435=LINE('',#16025,#2389);
#1436=LINE('',#16027,#2390);
#1437=LINE('',#16032,#2391);
#1438=LINE('',#16033,#2392);
#1439=LINE('',#16034,#2393);
#1440=LINE('',#16038,#2394);
#1441=LINE('',#16044,#2395);
#1442=LINE('',#16050,#2396);
#1443=LINE('',#16051,#2397);
#1444=LINE('',#16052,#2398);
#1445=LINE('',#16056,#2399);
#1446=LINE('',#16057,#2400);
#1447=LINE('',#16058,#2401);
#1448=LINE('',#16062,#2402);
#1449=LINE('',#16069,#2403);
#1450=LINE('',#16070,#2404);
#1451=LINE('',#16076,#2405);
#1452=LINE('',#16077,#2406);
#1453=LINE('',#16078,#2407);
#1454=LINE('',#16082,#2408);
#1455=LINE('',#16088,#2409);
#1456=LINE('',#16094,#2410);
#1457=LINE('',#16095,#2411);
#1458=LINE('',#16096,#2412);
#1459=LINE('',#16100,#2413);
#1460=LINE('',#16101,#2414);
#1461=LINE('',#16102,#2415);
#1462=LINE('',#16106,#2416);
#1463=LINE('',#16113,#2417);
#1464=LINE('',#16114,#2418);
#1465=LINE('',#16121,#2419);
#1466=LINE('',#16125,#2420);
#1467=LINE('',#16127,#2421);
#1468=LINE('',#16128,#2422);
#1469=LINE('',#16133,#2423);
#1470=LINE('',#16137,#2424);
#1471=LINE('',#16139,#2425);
#1472=LINE('',#16140,#2426);
#1473=LINE('',#16145,#2427);
#1474=LINE('',#16149,#2428);
#1475=LINE('',#16151,#2429);
#1476=LINE('',#16152,#2430);
#1477=LINE('',#16157,#2431);
#1478=LINE('',#16161,#2432);
#1479=LINE('',#16163,#2433);
#1480=LINE('',#16164,#2434);
#1481=LINE('',#16168,#2435);
#1482=LINE('',#16169,#2436);
#1483=LINE('',#16170,#2437);
#1484=LINE('',#16174,#2438);
#1485=LINE('',#16180,#2439);
#1486=LINE('',#16186,#2440);
#1487=LINE('',#16187,#2441);
#1488=LINE('',#16188,#2442);
#1489=LINE('',#16192,#2443);
#1490=LINE('',#16193,#2444);
#1491=LINE('',#16194,#2445);
#1492=LINE('',#16198,#2446);
#1493=LINE('',#16205,#2447);
#1494=LINE('',#16206,#2448);
#1495=LINE('',#16212,#2449);
#1496=LINE('',#16213,#2450);
#1497=LINE('',#16214,#2451);
#1498=LINE('',#16218,#2452);
#1499=LINE('',#16224,#2453);
#1500=LINE('',#16230,#2454);
#1501=LINE('',#16231,#2455);
#1502=LINE('',#16232,#2456);
#1503=LINE('',#16236,#2457);
#1504=LINE('',#16237,#2458);
#1505=LINE('',#16238,#2459);
#1506=LINE('',#16242,#2460);
#1507=LINE('',#16249,#2461);
#1508=LINE('',#16250,#2462);
#1509=LINE('',#16257,#2463);
#1510=LINE('',#16261,#2464);
#1511=LINE('',#16263,#2465);
#1512=LINE('',#16264,#2466);
#1513=LINE('',#16269,#2467);
#1514=LINE('',#16273,#2468);
#1515=LINE('',#16275,#2469);
#1516=LINE('',#16276,#2470);
#1517=LINE('',#16280,#2471);
#1518=LINE('',#16281,#2472);
#1519=LINE('',#16282,#2473);
#1520=LINE('',#16286,#2474);
#1521=LINE('',#16292,#2475);
#1522=LINE('',#16298,#2476);
#1523=LINE('',#16299,#2477);
#1524=LINE('',#16300,#2478);
#1525=LINE('',#16304,#2479);
#1526=LINE('',#16305,#2480);
#1527=LINE('',#16306,#2481);
#1528=LINE('',#16313,#2482);
#1529=LINE('',#16317,#2483);
#1530=LINE('',#16319,#2484);
#1531=LINE('',#16323,#2485);
#1532=LINE('',#16325,#2486);
#1533=LINE('',#16326,#2487);
#1534=LINE('',#16329,#2488);
#1535=LINE('',#16330,#2489);
#1536=LINE('',#16333,#2490);
#1537=LINE('',#16334,#2491);
#1538=LINE('',#16336,#2492);
#1539=LINE('',#16340,#2493);
#1540=LINE('',#16341,#2494);
#1541=LINE('',#16344,#2495);
#1542=LINE('',#16345,#2496);
#1543=LINE('',#16347,#2497);
#1544=LINE('',#16351,#2498);
#1545=LINE('',#16353,#2499);
#1546=LINE('',#16354,#2500);
#1547=LINE('',#16357,#2501);
#1548=LINE('',#16358,#2502);
#1549=LINE('',#16361,#2503);
#1550=LINE('',#16363,#2504);
#1551=LINE('',#16365,#2505);
#1552=LINE('',#16367,#2506);
#1553=LINE('',#16369,#2507);
#1554=LINE('',#16371,#2508);
#1555=LINE('',#16373,#2509);
#1556=LINE('',#16374,#2510);
#1557=LINE('',#16376,#2511);
#1558=LINE('',#16377,#2512);
#1559=LINE('',#16379,#2513);
#1560=LINE('',#16381,#2514);
#1561=LINE('',#16382,#2515);
#1562=LINE('',#16384,#2516);
#1563=LINE('',#16386,#2517);
#1564=LINE('',#16387,#2518);
#1565=LINE('',#16390,#2519);
#1566=LINE('',#16396,#2520);
#1567=LINE('',#16398,#2521);
#1568=LINE('',#16400,#2522);
#1569=LINE('',#16402,#2523);
#1570=LINE('',#16403,#2524);
#1571=LINE('',#16404,#2525);
#1572=LINE('',#16408,#2526);
#1573=LINE('',#16409,#2527);
#1574=LINE('',#16410,#2528);
#1575=LINE('',#16414,#2529);
#1576=LINE('',#16415,#2530);
#1577=LINE('',#16416,#2531);
#1578=LINE('',#16419,#2532);
#1579=LINE('',#16420,#2533);
#1580=LINE('',#16422,#2534);
#1581=LINE('',#16425,#2535);
#1582=LINE('',#16427,#2536);
#1583=LINE('',#16429,#2537);
#1584=LINE('',#16430,#2538);
#1585=LINE('',#16433,#2539);
#1586=LINE('',#16434,#2540);
#1587=LINE('',#16437,#2541);
#1588=LINE('',#16439,#2542);
#1589=LINE('',#16441,#2543);
#1590=LINE('',#16442,#2544);
#1591=LINE('',#16445,#2545);
#1592=LINE('',#16446,#2546);
#1593=LINE('',#16448,#2547);
#1594=LINE('',#16451,#2548);
#1595=LINE('',#16453,#2549);
#1596=LINE('',#16455,#2550);
#1597=LINE('',#16456,#2551);
#1598=LINE('',#16459,#2552);
#1599=LINE('',#16460,#2553);
#1600=LINE('',#16462,#2554);
#1601=LINE('',#16465,#2555);
#1602=LINE('',#16467,#2556);
#1603=LINE('',#16469,#2557);
#1604=LINE('',#16470,#2558);
#1605=LINE('',#16475,#2559);
#1606=LINE('',#16479,#2560);
#1607=LINE('',#16484,#2561);
#1608=LINE('',#16488,#2562);
#1609=LINE('',#16492,#2563);
#1610=LINE('',#16496,#2564);
#1611=LINE('',#16498,#2565);
#1612=LINE('',#16500,#2566);
#1613=LINE('',#16507,#2567);
#1614=LINE('',#16513,#2568);
#1615=LINE('',#16517,#2569);
#1616=LINE('',#16521,#2570);
#1617=LINE('',#16524,#2571);
#1618=LINE('',#16528,#2572);
#1619=LINE('',#16530,#2573);
#1620=LINE('',#16532,#2574);
#1621=LINE('',#16536,#2575);
#1622=LINE('',#16542,#2576);
#1623=LINE('',#16543,#2577);
#1624=LINE('',#16545,#2578);
#1625=LINE('',#16547,#2579);
#1626=LINE('',#16550,#2580);
#1627=LINE('',#16551,#2581);
#1628=LINE('',#16554,#2582);
#1629=LINE('',#16558,#2583);
#1630=LINE('',#16562,#2584);
#1631=LINE('',#16566,#2585);
#1632=LINE('',#16568,#2586);
#1633=LINE('',#16572,#2587);
#1634=LINE('',#16575,#2588);
#1635=LINE('',#16578,#2589);
#1636=LINE('',#16580,#2590);
#1637=LINE('',#16584,#2591);
#1638=LINE('',#16586,#2592);
#1639=LINE('',#16590,#2593);
#1640=LINE('',#16592,#2594);
#1641=LINE('',#16596,#2595);
#1642=LINE('',#16599,#2596);
#1643=LINE('',#16602,#2597);
#1644=LINE('',#16604,#2598);
#1645=LINE('',#16608,#2599);
#1646=LINE('',#16610,#2600);
#1647=LINE('',#16614,#2601);
#1648=LINE('',#16616,#2602);
#1649=LINE('',#16620,#2603);
#1650=LINE('',#16623,#2604);
#1651=LINE('',#16626,#2605);
#1652=LINE('',#16628,#2606);
#1653=LINE('',#16632,#2607);
#1654=LINE('',#16634,#2608);
#1655=LINE('',#16638,#2609);
#1656=LINE('',#16639,#2610);
#1657=LINE('',#16643,#2611);
#1658=LINE('',#16644,#2612);
#1659=LINE('',#16646,#2613);
#1660=LINE('',#16650,#2614);
#1661=LINE('',#16652,#2615);
#1662=LINE('',#16656,#2616);
#1663=LINE('',#16658,#2617);
#1664=LINE('',#16662,#2618);
#1665=LINE('',#16665,#2619);
#1666=LINE('',#16668,#2620);
#1667=LINE('',#16670,#2621);
#1668=LINE('',#16674,#2622);
#1669=LINE('',#16676,#2623);
#1670=LINE('',#16680,#2624);
#1671=LINE('',#16682,#2625);
#1672=LINE('',#16686,#2626);
#1673=LINE('',#16689,#2627);
#1674=LINE('',#16691,#2628);
#1675=LINE('',#16692,#2629);
#1676=LINE('',#16694,#2630);
#1677=LINE('',#16700,#2631);
#1678=LINE('',#16709,#2632);
#1679=LINE('',#16720,#2633);
#1680=LINE('',#16722,#2634);
#1681=LINE('',#16724,#2635);
#1682=LINE('',#16726,#2636);
#1683=LINE('',#16729,#2637);
#1684=LINE('',#16731,#2638);
#1685=LINE('',#16733,#2639);
#1686=LINE('',#16735,#2640);
#1687=LINE('',#16737,#2641);
#1688=LINE('',#16739,#2642);
#1689=LINE('',#16741,#2643);
#1690=LINE('',#16748,#2644);
#1691=LINE('',#16753,#2645);
#1692=LINE('',#16758,#2646);
#1693=LINE('',#16761,#2647);
#1694=LINE('',#16763,#2648);
#1695=LINE('',#16766,#2649);
#1696=LINE('',#16768,#2650);
#1697=LINE('',#16769,#2651);
#1698=LINE('',#16771,#2652);
#1699=LINE('',#16777,#2653);
#1700=LINE('',#16782,#2654);
#1701=LINE('',#16787,#2655);
#1702=VECTOR('',#10723,10.);
#1703=VECTOR('',#10724,10.);
#1704=VECTOR('',#10727,10.);
#1705=VECTOR('',#10730,10.);
#1706=VECTOR('',#10731,10.);
#1707=VECTOR('',#10742,10.);
#1708=VECTOR('',#10743,10.);
#1709=VECTOR('',#10744,10.);
#1710=VECTOR('',#10745,10.);
#1711=VECTOR('',#10746,10.);
#1712=VECTOR('',#10747,10.);
#1713=VECTOR('',#10748,10.);
#1714=VECTOR('',#10749,10.);
#1715=VECTOR('',#10750,10.);
#1716=VECTOR('',#10759,10.0576573601369);
#1717=VECTOR('',#10760,10.);
#1718=VECTOR('',#10761,10.);
#1719=VECTOR('',#10762,10.);
#1720=VECTOR('',#10765,10.);
#1721=VECTOR('',#10766,10.);
#1722=VECTOR('',#10767,10.);
#1723=VECTOR('',#10772,10.0576573601369);
#1724=VECTOR('',#10775,10.);
#1725=VECTOR('',#10776,10.);
#1726=VECTOR('',#10777,10.);
#1727=VECTOR('',#10778,10.);
#1728=VECTOR('',#10779,10.);
#1729=VECTOR('',#10780,10.);
#1730=VECTOR('',#10781,10.);
#1731=VECTOR('',#10782,10.);
#1732=VECTOR('',#10783,10.);
#1733=VECTOR('',#10784,10.);
#1734=VECTOR('',#10793,10.);
#1735=VECTOR('',#10794,10.);
#1736=VECTOR('',#10795,10.);
#1737=VECTOR('',#10796,10.);
#1738=VECTOR('',#10799,10.);
#1739=VECTOR('',#10800,10.);
#1740=VECTOR('',#10801,10.);
#1741=VECTOR('',#10804,10.);
#1742=VECTOR('',#10805,10.);
#1743=VECTOR('',#10806,10.);
#1744=VECTOR('',#10807,10.);
#1745=VECTOR('',#10810,10.);
#1746=VECTOR('',#10811,10.);
#1747=VECTOR('',#10812,10.);
#1748=VECTOR('',#10813,10.);
#1749=VECTOR('',#10814,10.);
#1750=VECTOR('',#10815,10.);
#1751=VECTOR('',#10816,10.);
#1752=VECTOR('',#10817,10.);
#1753=VECTOR('',#10818,10.);
#1754=VECTOR('',#10819,10.);
#1755=VECTOR('',#10820,10.);
#1756=VECTOR('',#10821,10.);
#1757=VECTOR('',#10822,10.);
#1758=VECTOR('',#10823,10.);
#1759=VECTOR('',#10824,10.);
#1760=VECTOR('',#10825,10.);
#1761=VECTOR('',#10826,10.);
#1762=VECTOR('',#10827,10.);
#1763=VECTOR('',#10828,10.);
#1764=VECTOR('',#10829,10.);
#1765=VECTOR('',#10830,10.);
#1766=VECTOR('',#10831,10.);
#1767=VECTOR('',#10832,10.);
#1768=VECTOR('',#10833,10.);
#1769=VECTOR('',#10834,10.);
#1770=VECTOR('',#10835,10.);
#1771=VECTOR('',#10836,10.);
#1772=VECTOR('',#10837,10.);
#1773=VECTOR('',#10838,10.);
#1774=VECTOR('',#10839,10.);
#1775=VECTOR('',#10840,10.);
#1776=VECTOR('',#10841,10.);
#1777=VECTOR('',#10846,10.);
#1778=VECTOR('',#10847,10.);
#1779=VECTOR('',#10848,10.);
#1780=VECTOR('',#10849,10.);
#1781=VECTOR('',#10850,10.);
#1782=VECTOR('',#10851,10.);
#1783=VECTOR('',#10852,10.);
#1784=VECTOR('',#10853,10.);
#1785=VECTOR('',#10854,10.);
#1786=VECTOR('',#10855,10.);
#1787=VECTOR('',#10856,10.);
#1788=VECTOR('',#10857,10.);
#1789=VECTOR('',#10858,10.);
#1790=VECTOR('',#10859,10.);
#1791=VECTOR('',#10860,10.);
#1792=VECTOR('',#10861,10.);
#1793=VECTOR('',#10862,10.);
#1794=VECTOR('',#10863,10.);
#1795=VECTOR('',#10864,10.);
#1796=VECTOR('',#10865,10.);
#1797=VECTOR('',#10866,10.);
#1798=VECTOR('',#10867,10.);
#1799=VECTOR('',#10868,10.);
#1800=VECTOR('',#10869,10.);
#1801=VECTOR('',#10870,10.);
#1802=VECTOR('',#10871,10.);
#1803=VECTOR('',#10872,10.);
#1804=VECTOR('',#10873,10.);
#1805=VECTOR('',#10874,10.);
#1806=VECTOR('',#10875,10.);
#1807=VECTOR('',#10876,10.);
#1808=VECTOR('',#10877,10.);
#1809=VECTOR('',#10878,10.);
#1810=VECTOR('',#10879,10.);
#1811=VECTOR('',#10880,10.);
#1812=VECTOR('',#10881,10.);
#1813=VECTOR('',#10882,10.);
#1814=VECTOR('',#10883,10.);
#1815=VECTOR('',#10884,10.);
#1816=VECTOR('',#10885,10.);
#1817=VECTOR('',#10886,10.);
#1818=VECTOR('',#10887,10.);
#1819=VECTOR('',#10888,10.);
#1820=VECTOR('',#10889,10.);
#1821=VECTOR('',#10890,10.);
#1822=VECTOR('',#10891,10.);
#1823=VECTOR('',#10892,10.);
#1824=VECTOR('',#10893,10.);
#1825=VECTOR('',#10894,10.);
#1826=VECTOR('',#10895,10.);
#1827=VECTOR('',#10896,10.);
#1828=VECTOR('',#10897,10.);
#1829=VECTOR('',#10898,10.);
#1830=VECTOR('',#10899,10.);
#1831=VECTOR('',#10900,10.);
#1832=VECTOR('',#10901,10.);
#1833=VECTOR('',#10902,10.);
#1834=VECTOR('',#10903,10.);
#1835=VECTOR('',#10904,10.);
#1836=VECTOR('',#10905,10.);
#1837=VECTOR('',#10906,10.);
#1838=VECTOR('',#10907,10.);
#1839=VECTOR('',#10908,10.);
#1840=VECTOR('',#10909,10.);
#1841=VECTOR('',#10910,10.);
#1842=VECTOR('',#10911,10.);
#1843=VECTOR('',#10912,10.);
#1844=VECTOR('',#10913,10.);
#1845=VECTOR('',#10914,10.);
#1846=VECTOR('',#10915,10.);
#1847=VECTOR('',#10916,10.);
#1848=VECTOR('',#10917,10.);
#1849=VECTOR('',#10918,10.);
#1850=VECTOR('',#10919,10.);
#1851=VECTOR('',#10920,10.);
#1852=VECTOR('',#10921,10.);
#1853=VECTOR('',#10922,10.);
#1854=VECTOR('',#10923,10.);
#1855=VECTOR('',#10924,10.);
#1856=VECTOR('',#10925,10.);
#1857=VECTOR('',#10926,10.);
#1858=VECTOR('',#10927,10.);
#1859=VECTOR('',#10928,10.);
#1860=VECTOR('',#10929,10.);
#1861=VECTOR('',#10930,10.);
#1862=VECTOR('',#10931,10.);
#1863=VECTOR('',#10932,10.);
#1864=VECTOR('',#10933,10.);
#1865=VECTOR('',#10934,10.);
#1866=VECTOR('',#10935,10.);
#1867=VECTOR('',#10936,10.);
#1868=VECTOR('',#10937,10.);
#1869=VECTOR('',#10938,10.);
#1870=VECTOR('',#10939,10.);
#1871=VECTOR('',#10940,10.);
#1872=VECTOR('',#10941,10.);
#1873=VECTOR('',#10942,10.);
#1874=VECTOR('',#10943,10.);
#1875=VECTOR('',#10944,10.);
#1876=VECTOR('',#10945,10.);
#1877=VECTOR('',#10946,10.);
#1878=VECTOR('',#10947,10.);
#1879=VECTOR('',#10948,10.);
#1880=VECTOR('',#10949,10.);
#1881=VECTOR('',#10950,10.);
#1882=VECTOR('',#10951,10.);
#1883=VECTOR('',#10952,10.);
#1884=VECTOR('',#10953,10.);
#1885=VECTOR('',#10964,10.);
#1886=VECTOR('',#10965,10.);
#1887=VECTOR('',#10966,10.);
#1888=VECTOR('',#10967,10.);
#1889=VECTOR('',#10980,10.);
#1890=VECTOR('',#10985,10.);
#1891=VECTOR('',#10986,10.);
#1892=VECTOR('',#10991,10.);
#1893=VECTOR('',#10992,10.);
#1894=VECTOR('',#10993,10.);
#1895=VECTOR('',#10994,10.);
#1896=VECTOR('',#10995,10.);
#1897=VECTOR('',#10998,10.);
#1898=VECTOR('',#11001,10.);
#1899=VECTOR('',#11002,10.);
#1900=VECTOR('',#11003,10.);
#1901=VECTOR('',#11004,10.);
#1902=VECTOR('',#11009,10.);
#1903=VECTOR('',#11012,10.);
#1904=VECTOR('',#11013,10.);
#1905=VECTOR('',#11014,10.);
#1906=VECTOR('',#11015,10.);
#1907=VECTOR('',#11020,4.25);
#1908=VECTOR('',#11025,4.24999999999999);
#1909=VECTOR('',#11030,4.25);
#1910=VECTOR('',#11035,4.25000000000001);
#1911=VECTOR('',#11040,3.75);
#1912=VECTOR('',#11045,3.75);
#1913=VECTOR('',#11050,2.925);
#1914=VECTOR('',#11055,1.85);
#1915=VECTOR('',#11058,2.925);
#1916=VECTOR('',#11063,1.85);
#1917=VECTOR('',#11066,2.925);
#1918=VECTOR('',#11071,1.85);
#1919=VECTOR('',#11074,2.925);
#1920=VECTOR('',#11079,1.85);
#1921=VECTOR('',#11082,10.);
#1922=VECTOR('',#11083,10.);
#1923=VECTOR('',#11084,10.);
#1924=VECTOR('',#11085,10.);
#1925=VECTOR('',#11088,10.);
#1926=VECTOR('',#11089,10.);
#1927=VECTOR('',#11090,10.);
#1928=VECTOR('',#11093,10.);
#1929=VECTOR('',#11094,10.);
#1930=VECTOR('',#11097,10.);
#1931=VECTOR('',#11098,10.);
#1932=VECTOR('',#11099,10.);
#1933=VECTOR('',#11102,10.);
#1934=VECTOR('',#11103,10.);
#1935=VECTOR('',#11106,10.);
#1936=VECTOR('',#11107,10.);
#1937=VECTOR('',#11108,10.);
#1938=VECTOR('',#11109,10.);
#1939=VECTOR('',#11110,10.);
#1940=VECTOR('',#11111,10.);
#1941=VECTOR('',#11112,10.);
#1942=VECTOR('',#11113,10.);
#1943=VECTOR('',#11118,3.00000000000001);
#1944=VECTOR('',#11127,3.00000000000001);
#1945=VECTOR('',#11136,2.99999999999999);
#1946=VECTOR('',#11145,1.6);
#1947=VECTOR('',#11150,1.6);
#1948=VECTOR('',#11155,1.6);
#1949=VECTOR('',#11160,3.00000000000001);
#1950=VECTOR('',#11169,3.00000000000001);
#1951=VECTOR('',#11178,3.00000000000001);
#1952=VECTOR('',#11187,1.6);
#1953=VECTOR('',#11192,1.6);
#1954=VECTOR('',#11197,1.6);
#1955=VECTOR('',#11202,10.);
#1956=VECTOR('',#11203,10.);
#1957=VECTOR('',#11204,10.);
#1958=VECTOR('',#11205,10.);
#1959=VECTOR('',#11208,10.);
#1960=VECTOR('',#11209,10.);
#1961=VECTOR('',#11210,10.);
#1962=VECTOR('',#11211,10.);
#1963=VECTOR('',#11214,10.);
#1964=VECTOR('',#11215,10.);
#1965=VECTOR('',#11216,10.);
#1966=VECTOR('',#11217,10.);
#1967=VECTOR('',#11218,10.);
#1968=VECTOR('',#11219,10.);
#1969=VECTOR('',#11222,10.);
#1970=VECTOR('',#11223,10.);
#1971=VECTOR('',#11224,10.);
#1972=VECTOR('',#11225,10.);
#1973=VECTOR('',#11226,10.);
#1974=VECTOR('',#11227,10.);
#1975=VECTOR('',#11228,10.);
#1976=VECTOR('',#11229,10.);
#1977=VECTOR('',#11230,10.);
#1978=VECTOR('',#11231,10.);
#1979=VECTOR('',#11234,10.);
#1980=VECTOR('',#11235,10.);
#1981=VECTOR('',#11236,10.);
#1982=VECTOR('',#11239,10.);
#1983=VECTOR('',#11240,10.);
#1984=VECTOR('',#11243,10.);
#1985=VECTOR('',#11244,10.);
#1986=VECTOR('',#11247,10.);
#1987=VECTOR('',#11252,1.99999999999999);
#1988=VECTOR('',#11261,1.99999999999999);
#1989=VECTOR('',#11270,2.);
#1990=VECTOR('',#11279,1.99999999999999);
#1991=VECTOR('',#11288,2.);
#1992=VECTOR('',#11297,1.99999999999999);
#1993=VECTOR('',#11306,2.);
#1994=VECTOR('',#11315,1.99999999999999);
#1995=VECTOR('',#11324,1.99999999999999);
#1996=VECTOR('',#11333,2.);
#1997=VECTOR('',#11342,1.99999999999999);
#1998=VECTOR('',#11351,2.);
#1999=VECTOR('',#11360,1.99999999999999);
#2000=VECTOR('',#11369,1.99999999999999);
#2001=VECTOR('',#11378,1.99999999999999);
#2002=VECTOR('',#11387,1.99999999999999);
#2003=VECTOR('',#11396,2.);
#2004=VECTOR('',#11405,1.99999999999999);
#2005=VECTOR('',#11414,2.);
#2006=VECTOR('',#11423,2.79999999999999);
#2007=VECTOR('',#11432,2.8);
#2008=VECTOR('',#11441,2.8);
#2009=VECTOR('',#11450,2.79999999999999);
#2010=VECTOR('',#11459,2.8);
#2011=VECTOR('',#11468,2.79999999999999);
#2012=VECTOR('',#11477,2.8);
#2013=VECTOR('',#11486,2.8);
#2014=VECTOR('',#11495,2.79999999999999);
#2015=VECTOR('',#11504,2.79999999999999);
#2016=VECTOR('',#11513,2.79999999999999);
#2017=VECTOR('',#11522,2.8);
#2018=VECTOR('',#11531,2.79999999999999);
#2019=VECTOR('',#11540,2.79999999999999);
#2020=VECTOR('',#11549,2.79999999999999);
#2021=VECTOR('',#11558,2.79999999999999);
#2022=VECTOR('',#11567,2.8);
#2023=VECTOR('',#11576,2.79999999999999);
#2024=VECTOR('',#11585,2.79999999999999);
#2025=VECTOR('',#11598,0.999999999999996);
#2026=VECTOR('',#11607,1.);
#2027=VECTOR('',#11616,1.5);
#2028=VECTOR('',#11625,1.5);
#2029=VECTOR('',#11632,10.);
#2030=VECTOR('',#11633,10.);
#2031=VECTOR('',#11634,10.);
#2032=VECTOR('',#11635,10.);
#2033=VECTOR('',#11636,10.);
#2034=VECTOR('',#11637,10.);
#2035=VECTOR('',#11640,10.);
#2036=VECTOR('',#11641,10.);
#2037=VECTOR('',#11642,10.);
#2038=VECTOR('',#11643,10.);
#2039=VECTOR('',#11644,10.);
#2040=VECTOR('',#11647,10.);
#2041=VECTOR('',#11648,10.);
#2042=VECTOR('',#11649,10.);
#2043=VECTOR('',#11650,10.);
#2044=VECTOR('',#11651,10.);
#2045=VECTOR('',#11654,10.);
#2046=VECTOR('',#11655,10.);
#2047=VECTOR('',#11656,10.);
#2048=VECTOR('',#11659,10.);
#2049=VECTOR('',#11660,10.);
#2050=VECTOR('',#11661,10.);
#2051=VECTOR('',#11662,10.);
#2052=VECTOR('',#11665,10.);
#2053=VECTOR('',#11666,10.);
#2054=VECTOR('',#11669,10.);
#2055=VECTOR('',#11670,10.);
#2056=VECTOR('',#11671,10.);
#2057=VECTOR('',#11672,10.);
#2058=VECTOR('',#11675,10.);
#2059=VECTOR('',#11678,10.);
#2060=VECTOR('',#11681,10.);
#2061=VECTOR('',#11682,10.);
#2062=VECTOR('',#11685,10.);
#2063=VECTOR('',#11690,10.);
#2064=VECTOR('',#11691,10.);
#2065=VECTOR('',#11694,10.);
#2066=VECTOR('',#11695,10.);
#2067=VECTOR('',#11698,10.);
#2068=VECTOR('',#11699,10.);
#2069=VECTOR('',#11702,10.);
#2070=VECTOR('',#11703,10.);
#2071=VECTOR('',#11704,10.);
#2072=VECTOR('',#11705,10.);
#2073=VECTOR('',#11708,10.);
#2074=VECTOR('',#11709,10.);
#2075=VECTOR('',#11712,10.);
#2076=VECTOR('',#11719,10.);
#2077=VECTOR('',#11726,10.);
#2078=VECTOR('',#11731,10.);
#2079=VECTOR('',#11734,10.);
#2080=VECTOR('',#11739,10.);
#2081=VECTOR('',#11742,10.);
#2082=VECTOR('',#11743,10.);
#2083=VECTOR('',#11744,10.);
#2084=VECTOR('',#11747,10.);
#2085=VECTOR('',#11748,10.);
#2086=VECTOR('',#11749,10.);
#2087=VECTOR('',#11752,10.);
#2088=VECTOR('',#11753,10.);
#2089=VECTOR('',#11756,10.);
#2090=VECTOR('',#11759,10.);
#2091=VECTOR('',#11760,10.);
#2092=VECTOR('',#11763,10.);
#2093=VECTOR('',#11766,10.);
#2094=VECTOR('',#11773,10.);
#2095=VECTOR('',#11780,10.);
#2096=VECTOR('',#11785,10.);
#2097=VECTOR('',#11788,10.);
#2098=VECTOR('',#11793,10.);
#2099=VECTOR('',#11796,10.);
#2100=VECTOR('',#11797,10.);
#2101=VECTOR('',#11800,10.);
#2102=VECTOR('',#11803,10.);
#2103=VECTOR('',#11806,10.);
#2104=VECTOR('',#11811,10.);
#2105=VECTOR('',#11816,10.);
#2106=VECTOR('',#11817,10.);
#2107=VECTOR('',#11818,10.);
#2108=VECTOR('',#11819,10.);
#2109=VECTOR('',#11820,10.);
#2110=VECTOR('',#11821,10.);
#2111=VECTOR('',#11822,10.);
#2112=VECTOR('',#11823,10.);
#2113=VECTOR('',#11824,10.);
#2114=VECTOR('',#11825,10.);
#2115=VECTOR('',#11826,10.);
#2116=VECTOR('',#11827,10.);
#2117=VECTOR('',#11828,10.);
#2118=VECTOR('',#11829,10.);
#2119=VECTOR('',#11838,10.);
#2120=VECTOR('',#11839,10.);
#2121=VECTOR('',#11842,10.);
#2122=VECTOR('',#11845,10.);
#2123=VECTOR('',#11846,10.);
#2124=VECTOR('',#11849,10.);
#2125=VECTOR('',#11852,10.);
#2126=VECTOR('',#11853,10.);
#2127=VECTOR('',#11856,10.);
#2128=VECTOR('',#11857,10.);
#2129=VECTOR('',#11860,10.);
#2130=VECTOR('',#11865,10.);
#2131=VECTOR('',#11870,10.);
#2132=VECTOR('',#11871,10.);
#2133=VECTOR('',#11874,10.);
#2134=VECTOR('',#11875,10.);
#2135=VECTOR('',#11878,10.);
#2136=VECTOR('',#11883,10.);
#2137=VECTOR('',#11888,10.);
#2138=VECTOR('',#11891,10.);
#2139=VECTOR('',#11896,10.);
#2140=VECTOR('',#11897,10.);
#2141=VECTOR('',#11898,10.);
#2142=VECTOR('',#11901,10.);
#2143=VECTOR('',#11902,10.);
#2144=VECTOR('',#11905,10.);
#2145=VECTOR('',#11906,10.);
#2146=VECTOR('',#11911,10.);
#2147=VECTOR('',#11912,10.);
#2148=VECTOR('',#11913,10.);
#2149=VECTOR('',#11918,10.);
#2150=VECTOR('',#11921,10.);
#2151=VECTOR('',#11922,10.);
#2152=VECTOR('',#11925,10.);
#2153=VECTOR('',#11932,10.);
#2154=VECTOR('',#11937,10.);
#2155=VECTOR('',#11940,10.);
#2156=VECTOR('',#11945,10.);
#2157=VECTOR('',#11946,10.);
#2158=VECTOR('',#11947,10.);
#2159=VECTOR('',#11950,10.);
#2160=VECTOR('',#11951,10.);
#2161=VECTOR('',#11954,10.);
#2162=VECTOR('',#11955,10.);
#2163=VECTOR('',#11958,10.);
#2164=VECTOR('',#11959,10.);
#2165=VECTOR('',#11962,10.);
#2166=VECTOR('',#11965,1.99999999999999);
#2167=VECTOR('',#11974,1.99999999999999);
#2168=VECTOR('',#11983,1.6);
#2169=VECTOR('',#11990,1.6);
#2170=VECTOR('',#11997,10.);
#2171=VECTOR('',#11998,10.);
#2172=VECTOR('',#11999,10.);
#2173=VECTOR('',#12000,10.);
#2174=VECTOR('',#12001,10.);
#2175=VECTOR('',#12002,10.);
#2176=VECTOR('',#12007,1.99999999999999);
#2177=VECTOR('',#12016,3.00000000000001);
#2178=VECTOR('',#12025,1.6);
#2179=VECTOR('',#12030,1.69999999999998);
#2180=VECTOR('',#12037,10.);
#2181=VECTOR('',#12038,10.);
#2182=VECTOR('',#12039,10.);
#2183=VECTOR('',#12042,10.);
#2184=VECTOR('',#12043,10.);
#2185=VECTOR('',#12044,10.);
#2186=VECTOR('',#12045,10.);
#2187=VECTOR('',#12058,10.);
#2188=VECTOR('',#12061,10.);
#2189=VECTOR('',#12062,10.);
#2190=VECTOR('',#12063,10.);
#2191=VECTOR('',#12070,10.);
#2192=VECTOR('',#12073,10.);
#2193=VECTOR('',#12074,10.);
#2194=VECTOR('',#12075,10.);
#2195=VECTOR('',#12084,10.);
#2196=VECTOR('',#12085,10.);
#2197=VECTOR('',#12086,10.);
#2198=VECTOR('',#12087,10.);
#2199=VECTOR('',#12088,10.);
#2200=VECTOR('',#12091,10.);
#2201=VECTOR('',#12092,10.);
#2202=VECTOR('',#12093,10.);
#2203=VECTOR('',#12096,10.);
#2204=VECTOR('',#12097,10.);
#2205=VECTOR('',#12100,10.);
#2206=VECTOR('',#12101,10.);
#2207=VECTOR('',#12102,10.);
#2208=VECTOR('',#12103,10.);
#2209=VECTOR('',#12104,10.);
#2210=VECTOR('',#12107,10.);
#2211=VECTOR('',#12110,10.);
#2212=VECTOR('',#12119,1.5);
#2213=VECTOR('',#12128,1.5);
#2214=VECTOR('',#12137,1.5);
#2215=VECTOR('',#12142,10.);
#2216=VECTOR('',#12143,10.);
#2217=VECTOR('',#12146,10.);
#2218=VECTOR('',#12147,10.);
#2219=VECTOR('',#12150,10.);
#2220=VECTOR('',#12151,10.);
#2221=VECTOR('',#12154,10.);
#2222=VECTOR('',#12155,10.);
#2223=VECTOR('',#12158,10.);
#2224=VECTOR('',#12161,10.);
#2225=VECTOR('',#12162,10.);
#2226=VECTOR('',#12163,10.);
#2227=VECTOR('',#12166,10.);
#2228=VECTOR('',#12169,10.);
#2229=VECTOR('',#12170,10.);
#2230=VECTOR('',#12173,10.);
#2231=VECTOR('',#12174,10.);
#2232=VECTOR('',#12177,10.);
#2233=VECTOR('',#12182,10.);
#2234=VECTOR('',#12183,10.);
#2235=VECTOR('',#12186,10.);
#2236=VECTOR('',#12191,10.);
#2237=VECTOR('',#12192,10.);
#2238=VECTOR('',#12195,10.);
#2239=VECTOR('',#12196,10.);
#2240=VECTOR('',#12199,10.);
#2241=VECTOR('',#12200,10.);
#2242=VECTOR('',#12203,10.);
#2243=VECTOR('',#12208,10.);
#2244=VECTOR('',#12209,10.);
#2245=VECTOR('',#12210,10.);
#2246=VECTOR('',#12211,10.);
#2247=VECTOR('',#12212,10.);
#2248=VECTOR('',#12213,10.);
#2249=VECTOR('',#12216,10.);
#2250=VECTOR('',#12219,10.);
#2251=VECTOR('',#12222,10.);
#2252=VECTOR('',#12225,10.);
#2253=VECTOR('',#12228,10.);
#2254=VECTOR('',#12229,10.);
#2255=VECTOR('',#12234,10.);
#2256=VECTOR('',#12239,10.);
#2257=VECTOR('',#12240,10.);
#2258=VECTOR('',#12241,10.);
#2259=VECTOR('',#12246,10.);
#2260=VECTOR('',#12251,10.);
#2261=VECTOR('',#12252,10.);
#2262=VECTOR('',#12253,10.);
#2263=VECTOR('',#12256,10.);
#2264=VECTOR('',#12257,10.);
#2265=VECTOR('',#12258,10.);
#2266=VECTOR('',#12261,10.);
#2267=VECTOR('',#12268,10.);
#2268=VECTOR('',#12275,10.);
#2269=VECTOR('',#12276,10.);
#2270=VECTOR('',#12277,10.);
#2271=VECTOR('',#12280,10.);
#2272=VECTOR('',#12281,10.);
#2273=VECTOR('',#12282,10.);
#2274=VECTOR('',#12291,10.);
#2275=VECTOR('',#12298,10.);
#2276=VECTOR('',#12301,10.);
#2277=VECTOR('',#12306,10.);
#2278=VECTOR('',#12307,10.);
#2279=VECTOR('',#12308,10.);
#2280=VECTOR('',#12309,10.);
#2281=VECTOR('',#12310,10.);
#2282=VECTOR('',#12311,10.);
#2283=VECTOR('',#12312,10.);
#2284=VECTOR('',#12317,10.);
#2285=VECTOR('',#12318,10.);
#2286=VECTOR('',#12321,10.);
#2287=VECTOR('',#12322,10.);
#2288=VECTOR('',#12323,10.);
#2289=VECTOR('',#12326,10.);
#2290=VECTOR('',#12327,10.);
#2291=VECTOR('',#12330,10.);
#2292=VECTOR('',#12331,10.);
#2293=VECTOR('',#12334,10.);
#2294=VECTOR('',#12337,10.);
#2295=VECTOR('',#12338,10.);
#2296=VECTOR('',#12339,10.);
#2297=VECTOR('',#12404,10.);
#2298=VECTOR('',#12423,10.);
#2299=VECTOR('',#12424,10.);
#2300=VECTOR('',#12425,10.);
#2301=VECTOR('',#12430,10.);
#2302=VECTOR('',#12435,10.);
#2303=VECTOR('',#12436,10.);
#2304=VECTOR('',#12437,10.);
#2305=VECTOR('',#12442,10.);
#2306=VECTOR('',#12447,10.);
#2307=VECTOR('',#12448,10.);
#2308=VECTOR('',#12449,10.);
#2309=VECTOR('',#12454,10.);
#2310=VECTOR('',#12459,10.);
#2311=VECTOR('',#12460,10.);
#2312=VECTOR('',#12461,10.);
#2313=VECTOR('',#12466,10.);
#2314=VECTOR('',#12471,10.);
#2315=VECTOR('',#12472,10.);
#2316=VECTOR('',#12473,10.);
#2317=VECTOR('',#12476,10.);
#2318=VECTOR('',#12477,10.);
#2319=VECTOR('',#12478,10.);
#2320=VECTOR('',#12481,10.);
#2321=VECTOR('',#12488,10.);
#2322=VECTOR('',#12495,10.);
#2323=VECTOR('',#12496,10.);
#2324=VECTOR('',#12497,10.);
#2325=VECTOR('',#12500,10.);
#2326=VECTOR('',#12501,10.);
#2327=VECTOR('',#12502,10.);
#2328=VECTOR('',#12511,10.);
#2329=VECTOR('',#12518,10.);
#2330=VECTOR('',#12521,10.);
#2331=VECTOR('',#12526,10.);
#2332=VECTOR('',#12527,10.);
#2333=VECTOR('',#12528,10.);
#2334=VECTOR('',#12531,10.);
#2335=VECTOR('',#12538,10.);
#2336=VECTOR('',#12545,10.);
#2337=VECTOR('',#12546,10.);
#2338=VECTOR('',#12547,10.);
#2339=VECTOR('',#12550,10.);
#2340=VECTOR('',#12551,10.);
#2341=VECTOR('',#12552,10.);
#2342=VECTOR('',#12561,10.);
#2343=VECTOR('',#12568,10.);
#2344=VECTOR('',#12571,10.);
#2345=VECTOR('',#12578,10.);
#2346=VECTOR('',#12583,10.);
#2347=VECTOR('',#12584,10.);
#2348=VECTOR('',#12585,10.);
#2349=VECTOR('',#12590,10.);
#2350=VECTOR('',#12595,10.);
#2351=VECTOR('',#12596,10.);
#2352=VECTOR('',#12597,10.);
#2353=VECTOR('',#12602,10.);
#2354=VECTOR('',#12607,10.);
#2355=VECTOR('',#12608,10.);
#2356=VECTOR('',#12609,10.);
#2357=VECTOR('',#12614,10.);
#2358=VECTOR('',#12619,10.);
#2359=VECTOR('',#12620,10.);
#2360=VECTOR('',#12621,10.);
#2361=VECTOR('',#12626,10.);
#2362=VECTOR('',#12631,10.);
#2363=VECTOR('',#12632,10.);
#2364=VECTOR('',#12633,10.);
#2365=VECTOR('',#12638,10.);
#2366=VECTOR('',#12643,10.);
#2367=VECTOR('',#12644,10.);
#2368=VECTOR('',#12645,10.);
#2369=VECTOR('',#12648,10.);
#2370=VECTOR('',#12649,10.);
#2371=VECTOR('',#12650,10.);
#2372=VECTOR('',#12653,10.);
#2373=VECTOR('',#12654,10.);
#2374=VECTOR('',#12657,10.);
#2375=VECTOR('',#12658,10.);
#2376=VECTOR('',#12661,10.);
#2377=VECTOR('',#12666,10.);
#2378=VECTOR('',#12667,10.);
#2379=VECTOR('',#12668,10.);
#2380=VECTOR('',#12671,10.);
#2381=VECTOR('',#12678,10.);
#2382=VECTOR('',#12685,10.);
#2383=VECTOR('',#12686,10.);
#2384=VECTOR('',#12687,10.);
#2385=VECTOR('',#12690,10.);
#2386=VECTOR('',#12691,10.);
#2387=VECTOR('',#12692,10.);
#2388=VECTOR('',#12701,10.);
#2389=VECTOR('',#12708,10.);
#2390=VECTOR('',#12711,10.);
#2391=VECTOR('',#12716,10.);
#2392=VECTOR('',#12717,10.);
#2393=VECTOR('',#12718,10.);
#2394=VECTOR('',#12721,10.);
#2395=VECTOR('',#12728,10.);
#2396=VECTOR('',#12735,10.);
#2397=VECTOR('',#12736,10.);
#2398=VECTOR('',#12737,10.);
#2399=VECTOR('',#12740,10.);
#2400=VECTOR('',#12741,10.);
#2401=VECTOR('',#12742,10.);
#2402=VECTOR('',#12745,10.);
#2403=VECTOR('',#12758,10.);
#2404=VECTOR('',#12759,10.);
#2405=VECTOR('',#12766,10.);
#2406=VECTOR('',#12767,10.);
#2407=VECTOR('',#12768,10.);
#2408=VECTOR('',#12771,10.);
#2409=VECTOR('',#12778,10.);
#2410=VECTOR('',#12785,10.);
#2411=VECTOR('',#12786,10.);
#2412=VECTOR('',#12787,10.);
#2413=VECTOR('',#12790,10.);
#2414=VECTOR('',#12791,10.);
#2415=VECTOR('',#12792,10.);
#2416=VECTOR('',#12795,10.);
#2417=VECTOR('',#12808,10.);
#2418=VECTOR('',#12809,10.);
#2419=VECTOR('',#12818,10.);
#2420=VECTOR('',#12823,10.);
#2421=VECTOR('',#12824,10.);
#2422=VECTOR('',#12825,10.);
#2423=VECTOR('',#12830,10.);
#2424=VECTOR('',#12835,10.);
#2425=VECTOR('',#12836,10.);
#2426=VECTOR('',#12837,10.);
#2427=VECTOR('',#12842,10.);
#2428=VECTOR('',#12847,10.);
#2429=VECTOR('',#12848,10.);
#2430=VECTOR('',#12849,10.);
#2431=VECTOR('',#12854,10.);
#2432=VECTOR('',#12859,10.);
#2433=VECTOR('',#12860,10.);
#2434=VECTOR('',#12861,10.);
#2435=VECTOR('',#12864,10.);
#2436=VECTOR('',#12865,10.);
#2437=VECTOR('',#12866,10.);
#2438=VECTOR('',#12869,10.);
#2439=VECTOR('',#12876,10.);
#2440=VECTOR('',#12883,10.);
#2441=VECTOR('',#12884,10.);
#2442=VECTOR('',#12885,10.);
#2443=VECTOR('',#12888,10.);
#2444=VECTOR('',#12889,10.);
#2445=VECTOR('',#12890,10.);
#2446=VECTOR('',#12893,10.);
#2447=VECTOR('',#12906,10.);
#2448=VECTOR('',#12907,10.);
#2449=VECTOR('',#12914,10.);
#2450=VECTOR('',#12915,10.);
#2451=VECTOR('',#12916,10.);
#2452=VECTOR('',#12919,10.);
#2453=VECTOR('',#12926,10.);
#2454=VECTOR('',#12933,10.);
#2455=VECTOR('',#12934,10.);
#2456=VECTOR('',#12935,10.);
#2457=VECTOR('',#12938,10.);
#2458=VECTOR('',#12939,10.);
#2459=VECTOR('',#12940,10.);
#2460=VECTOR('',#12943,10.);
#2461=VECTOR('',#12956,10.);
#2462=VECTOR('',#12957,10.);
#2463=VECTOR('',#12966,10.);
#2464=VECTOR('',#12971,10.);
#2465=VECTOR('',#12972,10.);
#2466=VECTOR('',#12973,10.);
#2467=VECTOR('',#12978,10.);
#2468=VECTOR('',#12983,10.);
#2469=VECTOR('',#12984,10.);
#2470=VECTOR('',#12985,10.);
#2471=VECTOR('',#12988,10.);
#2472=VECTOR('',#12989,10.);
#2473=VECTOR('',#12990,10.);
#2474=VECTOR('',#12993,10.);
#2475=VECTOR('',#13000,10.);
#2476=VECTOR('',#13007,10.);
#2477=VECTOR('',#13008,10.);
#2478=VECTOR('',#13009,10.);
#2479=VECTOR('',#13012,10.);
#2480=VECTOR('',#13013,10.);
#2481=VECTOR('',#13014,10.);
#2482=VECTOR('',#13023,10.);
#2483=VECTOR('',#13030,10.);
#2484=VECTOR('',#13033,10.);
#2485=VECTOR('',#13038,10.);
#2486=VECTOR('',#13039,10.);
#2487=VECTOR('',#13040,10.);
#2488=VECTOR('',#13043,10.);
#2489=VECTOR('',#13044,10.);
#2490=VECTOR('',#13047,10.);
#2491=VECTOR('',#13048,10.);
#2492=VECTOR('',#13051,10.);
#2493=VECTOR('',#13056,10.);
#2494=VECTOR('',#13057,10.);
#2495=VECTOR('',#13060,10.);
#2496=VECTOR('',#13061,10.);
#2497=VECTOR('',#13064,10.);
#2498=VECTOR('',#13069,10.);
#2499=VECTOR('',#13070,10.);
#2500=VECTOR('',#13071,10.);
#2501=VECTOR('',#13074,10.);
#2502=VECTOR('',#13075,10.);
#2503=VECTOR('',#13078,10.);
#2504=VECTOR('',#13079,10.);
#2505=VECTOR('',#13080,10.);
#2506=VECTOR('',#13081,10.);
#2507=VECTOR('',#13082,10.);
#2508=VECTOR('',#13083,10.);
#2509=VECTOR('',#13084,10.);
#2510=VECTOR('',#13085,10.);
#2511=VECTOR('',#13088,10.);
#2512=VECTOR('',#13089,10.);
#2513=VECTOR('',#13092,10.);
#2514=VECTOR('',#13095,10.);
#2515=VECTOR('',#13096,10.);
#2516=VECTOR('',#13099,10.);
#2517=VECTOR('',#13102,10.);
#2518=VECTOR('',#13103,10.);
#2519=VECTOR('',#13108,10.);
#2520=VECTOR('',#13117,10.);
#2521=VECTOR('',#13118,10.);
#2522=VECTOR('',#13119,10.);
#2523=VECTOR('',#13120,10.);
#2524=VECTOR('',#13121,10.);
#2525=VECTOR('',#13122,10.);
#2526=VECTOR('',#13125,10.);
#2527=VECTOR('',#13126,10.);
#2528=VECTOR('',#13127,10.);
#2529=VECTOR('',#13130,10.);
#2530=VECTOR('',#13131,10.);
#2531=VECTOR('',#13132,10.);
#2532=VECTOR('',#13135,10.);
#2533=VECTOR('',#13136,10.);
#2534=VECTOR('',#13139,10.);
#2535=VECTOR('',#13140,10.);
#2536=VECTOR('',#13141,10.);
#2537=VECTOR('',#13142,10.);
#2538=VECTOR('',#13143,10.);
#2539=VECTOR('',#13146,10.);
#2540=VECTOR('',#13147,10.);
#2541=VECTOR('',#13148,10.);
#2542=VECTOR('',#13149,10.);
#2543=VECTOR('',#13150,10.);
#2544=VECTOR('',#13151,10.);
#2545=VECTOR('',#13154,10.);
#2546=VECTOR('',#13155,10.);
#2547=VECTOR('',#13158,10.);
#2548=VECTOR('',#13159,10.);
#2549=VECTOR('',#13160,10.);
#2550=VECTOR('',#13161,10.);
#2551=VECTOR('',#13162,10.);
#2552=VECTOR('',#13165,10.);
#2553=VECTOR('',#13166,10.);
#2554=VECTOR('',#13169,10.);
#2555=VECTOR('',#13170,10.);
#2556=VECTOR('',#13171,10.);
#2557=VECTOR('',#13172,10.);
#2558=VECTOR('',#13173,10.);
#2559=VECTOR('',#13178,10.);
#2560=VECTOR('',#13183,10.);
#2561=VECTOR('',#13188,10.);
#2562=VECTOR('',#13193,10.);
#2563=VECTOR('',#13198,10.);
#2564=VECTOR('',#13203,10.);
#2565=VECTOR('',#13206,10.);
#2566=VECTOR('',#13209,10.);
#2567=VECTOR('',#13218,10.);
#2568=VECTOR('',#13225,10.);
#2569=VECTOR('',#13230,10.);
#2570=VECTOR('',#13235,10.);
#2571=VECTOR('',#13238,10.);
#2572=VECTOR('',#13243,10.);
#2573=VECTOR('',#13246,10.);
#2574=VECTOR('',#13249,10.);
#2575=VECTOR('',#13256,10.);
#2576=VECTOR('',#13261,10.);
#2577=VECTOR('',#13262,10.);
#2578=VECTOR('',#13263,10.);
#2579=VECTOR('',#13264,10.);
#2580=VECTOR('',#13269,10.);
#2581=VECTOR('',#13270,10.);
#2582=VECTOR('',#13275,10.);
#2583=VECTOR('',#13278,10.);
#2584=VECTOR('',#13281,10.);
#2585=VECTOR('',#13286,10.);
#2586=VECTOR('',#13287,10.);
#2587=VECTOR('',#13292,10.);
#2588=VECTOR('',#13295,10.);
#2589=VECTOR('',#13298,10.);
#2590=VECTOR('',#13299,10.);
#2591=VECTOR('',#13304,10.);
#2592=VECTOR('',#13305,10.);
#2593=VECTOR('',#13310,10.);
#2594=VECTOR('',#13311,10.);
#2595=VECTOR('',#13316,10.);
#2596=VECTOR('',#13319,10.);
#2597=VECTOR('',#13322,10.);
#2598=VECTOR('',#13323,10.);
#2599=VECTOR('',#13328,10.);
#2600=VECTOR('',#13329,10.);
#2601=VECTOR('',#13334,10.);
#2602=VECTOR('',#13335,10.);
#2603=VECTOR('',#13340,10.);
#2604=VECTOR('',#13343,10.);
#2605=VECTOR('',#13346,10.);
#2606=VECTOR('',#13347,10.);
#2607=VECTOR('',#13352,10.);
#2608=VECTOR('',#13353,10.);
#2609=VECTOR('',#13358,10.);
#2610=VECTOR('',#13359,10.);
#2611=VECTOR('',#13362,10.);
#2612=VECTOR('',#13363,10.);
#2613=VECTOR('',#13364,10.);
#2614=VECTOR('',#13369,10.);
#2615=VECTOR('',#13370,10.);
#2616=VECTOR('',#13375,10.);
#2617=VECTOR('',#13376,10.);
#2618=VECTOR('',#13381,10.);
#2619=VECTOR('',#13384,10.);
#2620=VECTOR('',#13387,10.);
#2621=VECTOR('',#13388,10.);
#2622=VECTOR('',#13393,10.);
#2623=VECTOR('',#13394,10.);
#2624=VECTOR('',#13399,10.);
#2625=VECTOR('',#13400,10.);
#2626=VECTOR('',#13405,10.);
#2627=VECTOR('',#13408,10.);
#2628=VECTOR('',#13411,10.);
#2629=VECTOR('',#13412,10.);
#2630=VECTOR('',#13415,10.);
#2631=VECTOR('',#13418,10.);
#2632=VECTOR('',#13427,10.);
#2633=VECTOR('',#13436,10.);
#2634=VECTOR('',#13439,10.);
#2635=VECTOR('',#13442,10.);
#2636=VECTOR('',#13445,10.);
#2637=VECTOR('',#13450,1.49999999999999);
#2638=VECTOR('',#13453,1.49999999999999);
#2639=VECTOR('',#13456,1.49999999999999);
#2640=VECTOR('',#13459,1.49999999999999);
#2641=VECTOR('',#13462,1.49999999999999);
#2642=VECTOR('',#13465,1.49999999999999);
#2643=VECTOR('',#13468,4.49999999999999);
#2644=VECTOR('',#13479,1.99999999999999);
#2645=VECTOR('',#13486,2.00000000000001);
#2646=VECTOR('',#13493,1.5);
#2647=VECTOR('',#13498,1.99999999999999);
#2648=VECTOR('',#13501,10.);
#2649=VECTOR('',#13506,1.7);
#2650=VECTOR('',#13509,10.);
#2651=VECTOR('',#13510,10.);
#2652=VECTOR('',#13513,10.);
#2653=VECTOR('',#13522,1.5);
#2654=VECTOR('',#13529,2.00000000000001);
#2655=VECTOR('',#13536,1.99999999999999);
#2656=PLANE('',#9787);
#2657=PLANE('',#9788);
#2658=PLANE('',#9794);
#2659=PLANE('',#9798);
#2660=PLANE('',#9802);
#2661=PLANE('',#9806);
#2662=PLANE('',#9807);
#2663=PLANE('',#9808);
#2664=PLANE('',#9809);
#2665=PLANE('',#9824);
#2666=PLANE('',#9826);
#2667=PLANE('',#9830);
#2668=PLANE('',#9831);
#2669=PLANE('',#9857);
#2670=PLANE('',#9858);
#2671=PLANE('',#9859);
#2672=PLANE('',#9860);
#2673=PLANE('',#9861);
#2674=PLANE('',#9862);
#2675=PLANE('',#9866);
#2676=PLANE('',#9870);
#2677=PLANE('',#9874);
#2678=PLANE('',#9884);
#2679=PLANE('',#9888);
#2680=PLANE('',#9892);
#2681=PLANE('',#9900);
#2682=PLANE('',#9901);
#2683=PLANE('',#9902);
#2684=PLANE('',#9903);
#2685=PLANE('',#9904);
#2686=PLANE('',#9905);
#2687=PLANE('',#9906);
#2688=PLANE('',#9907);
#2689=PLANE('',#9911);
#2690=PLANE('',#9915);
#2691=PLANE('',#9919);
#2692=PLANE('',#9923);
#2693=PLANE('',#9927);
#2694=PLANE('',#9931);
#2695=PLANE('',#9935);
#2696=PLANE('',#9939);
#2697=PLANE('',#9943);
#2698=PLANE('',#9947);
#2699=PLANE('',#9951);
#2700=PLANE('',#9955);
#2701=PLANE('',#9959);
#2702=PLANE('',#9963);
#2703=PLANE('',#9967);
#2704=PLANE('',#9971);
#2705=PLANE('',#9975);
#2706=PLANE('',#9979);
#2707=PLANE('',#9983);
#2708=PLANE('',#9987);
#2709=PLANE('',#9991);
#2710=PLANE('',#9995);
#2711=PLANE('',#9999);
#2712=PLANE('',#10003);
#2713=PLANE('',#10007);
#2714=PLANE('',#10011);
#2715=PLANE('',#10015);
#2716=PLANE('',#10019);
#2717=PLANE('',#10023);
#2718=PLANE('',#10027);
#2719=PLANE('',#10031);
#2720=PLANE('',#10035);
#2721=PLANE('',#10039);
#2722=PLANE('',#10043);
#2723=PLANE('',#10047);
#2724=PLANE('',#10051);
#2725=PLANE('',#10055);
#2726=PLANE('',#10059);
#2727=PLANE('',#10060);
#2728=PLANE('',#10065);
#2729=PLANE('',#10069);
#2730=PLANE('',#10073);
#2731=PLANE('',#10077);
#2732=PLANE('',#10078);
#2733=PLANE('',#10079);
#2734=PLANE('',#10080);
#2735=PLANE('',#10081);
#2736=PLANE('',#10082);
#2737=PLANE('',#10083);
#2738=PLANE('',#10084);
#2739=PLANE('',#10085);
#2740=PLANE('',#10090);
#2741=PLANE('',#10091);
#2742=PLANE('',#10092);
#2743=PLANE('',#10093);
#2744=PLANE('',#10094);
#2745=PLANE('',#10107);
#2746=PLANE('',#10108);
#2747=PLANE('',#10109);
#2748=PLANE('',#10110);
#2749=PLANE('',#10111);
#2750=PLANE('',#10112);
#2751=PLANE('',#10125);
#2752=PLANE('',#10126);
#2753=PLANE('',#10127);
#2754=PLANE('',#10128);
#2755=PLANE('',#10129);
#2756=PLANE('',#10130);
#2757=PLANE('',#10131);
#2758=PLANE('',#10132);
#2759=PLANE('',#10135);
#2760=PLANE('',#10140);
#2761=PLANE('',#10141);
#2762=PLANE('',#10146);
#2763=PLANE('',#10147);
#2764=PLANE('',#10152);
#2765=PLANE('',#10153);
#2766=PLANE('',#10154);
#2767=PLANE('',#10155);
#2768=PLANE('',#10156);
#2769=PLANE('',#10157);
#2770=PLANE('',#10158);
#2771=PLANE('',#10162);
#2772=PLANE('',#10171);
#2773=PLANE('',#10172);
#2774=PLANE('',#10173);
#2775=PLANE('',#10174);
#2776=PLANE('',#10175);
#2777=PLANE('',#10178);
#2778=PLANE('',#10182);
#2779=PLANE('',#10186);
#2780=PLANE('',#10189);
#2781=PLANE('',#10190);
#2782=PLANE('',#10194);
#2783=PLANE('',#10198);
#2784=PLANE('',#10204);
#2785=PLANE('',#10205);
#2786=PLANE('',#10206);
#2787=PLANE('',#10213);
#2788=PLANE('',#10217);
#2789=PLANE('',#10221);
#2790=PLANE('',#10222);
#2791=PLANE('',#10223);
#2792=PLANE('',#10224);
#2793=PLANE('',#10225);
#2794=PLANE('',#10226);
#2795=PLANE('',#10227);
#2796=PLANE('',#10228);
#2797=PLANE('',#10232);
#2798=PLANE('',#10236);
#2799=PLANE('',#10240);
#2800=PLANE('',#10241);
#2801=PLANE('',#10242);
#2802=PLANE('',#10243);
#2803=PLANE('',#10244);
#2804=PLANE('',#10245);
#2805=PLANE('',#10248);
#2806=PLANE('',#10251);
#2807=PLANE('',#10254);
#2808=PLANE('',#10255);
#2809=PLANE('',#10256);
#2810=PLANE('',#10257);
#2811=PLANE('',#10258);
#2812=PLANE('',#10259);
#2813=PLANE('',#10260);
#2814=PLANE('',#10263);
#2815=PLANE('',#10264);
#2816=PLANE('',#10268);
#2817=PLANE('',#10272);
#2818=PLANE('',#10273);
#2819=PLANE('',#10280);
#2820=PLANE('',#10281);
#2821=PLANE('',#10288);
#2822=PLANE('',#10289);
#2823=PLANE('',#10290);
#2824=PLANE('',#10291);
#2825=PLANE('',#10292);
#2826=PLANE('',#10294);
#2827=PLANE('',#10295);
#2828=PLANE('',#10296);
#2829=PLANE('',#10297);
#2830=PLANE('',#10298);
#2831=PLANE('',#10301);
#2832=PLANE('',#10303);
#2833=PLANE('',#10305);
#2834=PLANE('',#10307);
#2835=PLANE('',#10309);
#2836=PLANE('',#10311);
#2837=PLANE('',#10313);
#2838=PLANE('',#10315);
#2839=PLANE('',#10317);
#2840=PLANE('',#10319);
#2841=PLANE('',#10321);
#2842=PLANE('',#10323);
#2843=PLANE('',#10329);
#2844=PLANE('',#10337);
#2845=PLANE('',#10338);
#2846=PLANE('',#10339);
#2847=PLANE('',#10343);
#2848=PLANE('',#10347);
#2849=PLANE('',#10351);
#2850=PLANE('',#10355);
#2851=PLANE('',#10356);
#2852=PLANE('',#10363);
#2853=PLANE('',#10364);
#2854=PLANE('',#10371);
#2855=PLANE('',#10372);
#2856=PLANE('',#10373);
#2857=PLANE('',#10374);
#2858=PLANE('',#10381);
#2859=PLANE('',#10382);
#2860=PLANE('',#10389);
#2861=PLANE('',#10390);
#2862=PLANE('',#10391);
#2863=PLANE('',#10395);
#2864=PLANE('',#10399);
#2865=PLANE('',#10403);
#2866=PLANE('',#10407);
#2867=PLANE('',#10411);
#2868=PLANE('',#10415);
#2869=PLANE('',#10416);
#2870=PLANE('',#10417);
#2871=PLANE('',#10418);
#2872=PLANE('',#10419);
#2873=PLANE('',#10420);
#2874=PLANE('',#10421);
#2875=PLANE('',#10428);
#2876=PLANE('',#10429);
#2877=PLANE('',#10436);
#2878=PLANE('',#10437);
#2879=PLANE('',#10438);
#2880=PLANE('',#10439);
#2881=PLANE('',#10446);
#2882=PLANE('',#10447);
#2883=PLANE('',#10454);
#2884=PLANE('',#10455);
#2885=PLANE('',#10456);
#2886=PLANE('',#10457);
#2887=PLANE('',#10464);
#2888=PLANE('',#10465);
#2889=PLANE('',#10472);
#2890=PLANE('',#10473);
#2891=PLANE('',#10474);
#2892=PLANE('',#10478);
#2893=PLANE('',#10482);
#2894=PLANE('',#10486);
#2895=PLANE('',#10490);
#2896=PLANE('',#10491);
#2897=PLANE('',#10498);
#2898=PLANE('',#10499);
#2899=PLANE('',#10506);
#2900=PLANE('',#10507);
#2901=PLANE('',#10508);
#2902=PLANE('',#10509);
#2903=PLANE('',#10516);
#2904=PLANE('',#10517);
#2905=PLANE('',#10524);
#2906=PLANE('',#10525);
#2907=PLANE('',#10526);
#2908=PLANE('',#10530);
#2909=PLANE('',#10534);
#2910=PLANE('',#10535);
#2911=PLANE('',#10542);
#2912=PLANE('',#10543);
#2913=PLANE('',#10550);
#2914=PLANE('',#10551);
#2915=PLANE('',#10552);
#2916=PLANE('',#10553);
#2917=PLANE('',#10554);
#2918=PLANE('',#10555);
#2919=PLANE('',#10556);
#2920=PLANE('',#10557);
#2921=PLANE('',#10558);
#2922=PLANE('',#10559);
#2923=PLANE('',#10560);
#2924=PLANE('',#10561);
#2925=PLANE('',#10562);
#2926=PLANE('',#10563);
#2927=PLANE('',#10564);
#2928=PLANE('',#10565);
#2929=PLANE('',#10566);
#2930=PLANE('',#10567);
#2931=PLANE('',#10568);
#2932=PLANE('',#10569);
#2933=PLANE('',#10570);
#2934=PLANE('',#10571);
#2935=PLANE('',#10572);
#2936=PLANE('',#10573);
#2937=PLANE('',#10574);
#2938=PLANE('',#10575);
#2939=PLANE('',#10576);
#2940=PLANE('',#10577);
#2941=PLANE('',#10578);
#2942=PLANE('',#10579);
#2943=PLANE('',#10580);
#2944=PLANE('',#10581);
#2945=PLANE('',#10582);
#2946=PLANE('',#10583);
#2947=PLANE('',#10584);
#2948=PLANE('',#10588);
#2949=PLANE('',#10594);
#2950=PLANE('',#10597);
#2951=PLANE('',#10598);
#2952=PLANE('',#10604);
#2953=PLANE('',#10610);
#2954=PLANE('',#10613);
#2955=PLANE('',#10614);
#2956=PLANE('',#10617);
#2957=PLANE('',#10618);
#2958=PLANE('',#10621);
#2959=PLANE('',#10622);
#2960=PLANE('',#10623);
#2961=PLANE('',#10627);
#2962=PLANE('',#10631);
#2963=PLANE('',#10635);
#2964=PLANE('',#10639);
#2965=PLANE('',#10643);
#2966=PLANE('',#10647);
#2967=PLANE('',#10651);
#2968=PLANE('',#10652);
#2969=PLANE('',#10656);
#2970=PLANE('',#10660);
#2971=PLANE('',#10664);
#2972=PLANE('',#10666);
#2973=PLANE('',#10669);
#2974=PLANE('',#10670);
#2975=PLANE('',#10674);
#2976=PLANE('',#10678);
#2977=PLANE('',#10679);
#2978=PLANE('',#10680);
#2979=PLANE('',#10681);
#2980=PLANE('',#10682);
#2981=PLANE('',#10692);
#2982=PLANE('',#10695);
#2983=PLANE('',#10698);
#2984=PLANE('',#10701);
#2985=PLANE('',#10703);
#2986=PLANE('',#10704);
#2987=PLANE('',#10707);
#2988=PLANE('',#10709);
#2989=PLANE('',#10712);
#2990=PLANE('',#10715);
#2991=PLANE('',#10718);
#2992=FACE_OUTER_BOUND('',#3536,.T.);
#2993=FACE_OUTER_BOUND('',#3537,.T.);
#2994=FACE_OUTER_BOUND('',#3538,.T.);
#2995=FACE_OUTER_BOUND('',#3543,.T.);
#2996=FACE_OUTER_BOUND('',#3544,.T.);
#2997=FACE_OUTER_BOUND('',#3548,.T.);
#2998=FACE_OUTER_BOUND('',#3549,.T.);
#2999=FACE_OUTER_BOUND('',#3551,.T.);
#3000=FACE_OUTER_BOUND('',#3552,.T.);
#3001=FACE_OUTER_BOUND('',#3556,.T.);
#3002=FACE_OUTER_BOUND('',#3557,.T.);
#3003=FACE_OUTER_BOUND('',#3558,.T.);
#3004=FACE_OUTER_BOUND('',#3559,.T.);
#3005=FACE_OUTER_BOUND('',#3594,.T.);
#3006=FACE_OUTER_BOUND('',#3595,.T.);
#3007=FACE_OUTER_BOUND('',#3597,.T.);
#3008=FACE_OUTER_BOUND('',#3599,.T.);
#3009=FACE_OUTER_BOUND('',#3600,.T.);
#3010=FACE_OUTER_BOUND('',#3602,.T.);
#3011=FACE_OUTER_BOUND('',#3603,.T.);
#3012=FACE_OUTER_BOUND('',#3604,.T.);
#3013=FACE_OUTER_BOUND('',#3605,.T.);
#3014=FACE_OUTER_BOUND('',#3606,.T.);
#3015=FACE_OUTER_BOUND('',#3607,.T.);
#3016=FACE_OUTER_BOUND('',#3608,.T.);
#3017=FACE_OUTER_BOUND('',#3609,.T.);
#3018=FACE_OUTER_BOUND('',#3610,.T.);
#3019=FACE_OUTER_BOUND('',#3611,.T.);
#3020=FACE_OUTER_BOUND('',#3612,.T.);
#3021=FACE_OUTER_BOUND('',#3613,.T.);
#3022=FACE_OUTER_BOUND('',#3614,.T.);
#3023=FACE_OUTER_BOUND('',#3615,.T.);
#3024=FACE_OUTER_BOUND('',#3616,.T.);
#3025=FACE_OUTER_BOUND('',#3617,.T.);
#3026=FACE_OUTER_BOUND('',#3618,.T.);
#3027=FACE_OUTER_BOUND('',#3619,.T.);
#3028=FACE_OUTER_BOUND('',#3620,.T.);
#3029=FACE_OUTER_BOUND('',#3621,.T.);
#3030=FACE_OUTER_BOUND('',#3623,.T.);
#3031=FACE_OUTER_BOUND('',#3624,.T.);
#3032=FACE_OUTER_BOUND('',#3626,.T.);
#3033=FACE_OUTER_BOUND('',#3627,.T.);
#3034=FACE_OUTER_BOUND('',#3629,.T.);
#3035=FACE_OUTER_BOUND('',#3630,.T.);
#3036=FACE_OUTER_BOUND('',#3632,.T.);
#3037=FACE_OUTER_BOUND('',#3633,.T.);
#3038=FACE_OUTER_BOUND('',#3634,.T.);
#3039=FACE_OUTER_BOUND('',#3635,.T.);
#3040=FACE_OUTER_BOUND('',#3636,.T.);
#3041=FACE_OUTER_BOUND('',#3638,.T.);
#3042=FACE_OUTER_BOUND('',#3639,.T.);
#3043=FACE_OUTER_BOUND('',#3641,.T.);
#3044=FACE_OUTER_BOUND('',#3642,.T.);
#3045=FACE_OUTER_BOUND('',#3644,.T.);
#3046=FACE_OUTER_BOUND('',#3645,.T.);
#3047=FACE_OUTER_BOUND('',#3646,.T.);
#3048=FACE_OUTER_BOUND('',#3647,.T.);
#3049=FACE_OUTER_BOUND('',#3648,.T.);
#3050=FACE_OUTER_BOUND('',#3649,.T.);
#3051=FACE_OUTER_BOUND('',#3650,.T.);
#3052=FACE_OUTER_BOUND('',#3651,.T.);
#3053=FACE_OUTER_BOUND('',#3652,.T.);
#3054=FACE_OUTER_BOUND('',#3656,.T.);
#3055=FACE_OUTER_BOUND('',#3657,.T.);
#3056=FACE_OUTER_BOUND('',#3658,.T.);
#3057=FACE_OUTER_BOUND('',#3659,.T.);
#3058=FACE_OUTER_BOUND('',#3660,.T.);
#3059=FACE_OUTER_BOUND('',#3661,.T.);
#3060=FACE_OUTER_BOUND('',#3662,.T.);
#3061=FACE_OUTER_BOUND('',#3663,.T.);
#3062=FACE_OUTER_BOUND('',#3664,.T.);
#3063=FACE_OUTER_BOUND('',#3665,.T.);
#3064=FACE_OUTER_BOUND('',#3666,.T.);
#3065=FACE_OUTER_BOUND('',#3667,.T.);
#3066=FACE_OUTER_BOUND('',#3668,.T.);
#3067=FACE_OUTER_BOUND('',#3669,.T.);
#3068=FACE_OUTER_BOUND('',#3670,.T.);
#3069=FACE_OUTER_BOUND('',#3671,.T.);
#3070=FACE_OUTER_BOUND('',#3672,.T.);
#3071=FACE_OUTER_BOUND('',#3673,.T.);
#3072=FACE_OUTER_BOUND('',#3674,.T.);
#3073=FACE_OUTER_BOUND('',#3675,.T.);
#3074=FACE_OUTER_BOUND('',#3676,.T.);
#3075=FACE_OUTER_BOUND('',#3677,.T.);
#3076=FACE_OUTER_BOUND('',#3678,.T.);
#3077=FACE_OUTER_BOUND('',#3679,.T.);
#3078=FACE_OUTER_BOUND('',#3680,.T.);
#3079=FACE_OUTER_BOUND('',#3681,.T.);
#3080=FACE_OUTER_BOUND('',#3682,.T.);
#3081=FACE_OUTER_BOUND('',#3683,.T.);
#3082=FACE_OUTER_BOUND('',#3684,.T.);
#3083=FACE_OUTER_BOUND('',#3685,.T.);
#3084=FACE_OUTER_BOUND('',#3686,.T.);
#3085=FACE_OUTER_BOUND('',#3687,.T.);
#3086=FACE_OUTER_BOUND('',#3688,.T.);
#3087=FACE_OUTER_BOUND('',#3689,.T.);
#3088=FACE_OUTER_BOUND('',#3690,.T.);
#3089=FACE_OUTER_BOUND('',#3691,.T.);
#3090=FACE_OUTER_BOUND('',#3692,.T.);
#3091=FACE_OUTER_BOUND('',#3693,.T.);
#3092=FACE_OUTER_BOUND('',#3694,.T.);
#3093=FACE_OUTER_BOUND('',#3695,.T.);
#3094=FACE_OUTER_BOUND('',#3696,.T.);
#3095=FACE_OUTER_BOUND('',#3697,.T.);
#3096=FACE_OUTER_BOUND('',#3699,.T.);
#3097=FACE_OUTER_BOUND('',#3700,.T.);
#3098=FACE_OUTER_BOUND('',#3702,.T.);
#3099=FACE_OUTER_BOUND('',#3703,.T.);
#3100=FACE_OUTER_BOUND('',#3705,.T.);
#3101=FACE_OUTER_BOUND('',#3706,.T.);
#3102=FACE_OUTER_BOUND('',#3708,.T.);
#3103=FACE_OUTER_BOUND('',#3709,.T.);
#3104=FACE_OUTER_BOUND('',#3711,.T.);
#3105=FACE_OUTER_BOUND('',#3712,.T.);
#3106=FACE_OUTER_BOUND('',#3714,.T.);
#3107=FACE_OUTER_BOUND('',#3715,.T.);
#3108=FACE_OUTER_BOUND('',#3717,.T.);
#3109=FACE_OUTER_BOUND('',#3718,.T.);
#3110=FACE_OUTER_BOUND('',#3720,.T.);
#3111=FACE_OUTER_BOUND('',#3721,.T.);
#3112=FACE_OUTER_BOUND('',#3723,.T.);
#3113=FACE_OUTER_BOUND('',#3724,.T.);
#3114=FACE_OUTER_BOUND('',#3726,.T.);
#3115=FACE_OUTER_BOUND('',#3727,.T.);
#3116=FACE_OUTER_BOUND('',#3729,.T.);
#3117=FACE_OUTER_BOUND('',#3730,.T.);
#3118=FACE_OUTER_BOUND('',#3732,.T.);
#3119=FACE_OUTER_BOUND('',#3733,.T.);
#3120=FACE_OUTER_BOUND('',#3735,.T.);
#3121=FACE_OUTER_BOUND('',#3736,.T.);
#3122=FACE_OUTER_BOUND('',#3738,.T.);
#3123=FACE_OUTER_BOUND('',#3739,.T.);
#3124=FACE_OUTER_BOUND('',#3741,.T.);
#3125=FACE_OUTER_BOUND('',#3742,.T.);
#3126=FACE_OUTER_BOUND('',#3744,.T.);
#3127=FACE_OUTER_BOUND('',#3745,.T.);
#3128=FACE_OUTER_BOUND('',#3747,.T.);
#3129=FACE_OUTER_BOUND('',#3748,.T.);
#3130=FACE_OUTER_BOUND('',#3750,.T.);
#3131=FACE_OUTER_BOUND('',#3751,.T.);
#3132=FACE_OUTER_BOUND('',#3753,.T.);
#3133=FACE_OUTER_BOUND('',#3754,.T.);
#3134=FACE_OUTER_BOUND('',#3755,.T.);
#3135=FACE_OUTER_BOUND('',#3756,.T.);
#3136=FACE_OUTER_BOUND('',#3757,.T.);
#3137=FACE_OUTER_BOUND('',#3758,.T.);
#3138=FACE_OUTER_BOUND('',#3759,.T.);
#3139=FACE_OUTER_BOUND('',#3761,.T.);
#3140=FACE_OUTER_BOUND('',#3762,.T.);
#3141=FACE_OUTER_BOUND('',#3764,.T.);
#3142=FACE_OUTER_BOUND('',#3765,.T.);
#3143=FACE_OUTER_BOUND('',#3767,.T.);
#3144=FACE_OUTER_BOUND('',#3769,.T.);
#3145=FACE_OUTER_BOUND('',#3770,.T.);
#3146=FACE_OUTER_BOUND('',#3771,.T.);
#3147=FACE_OUTER_BOUND('',#3772,.T.);
#3148=FACE_OUTER_BOUND('',#3773,.T.);
#3149=FACE_OUTER_BOUND('',#3774,.T.);
#3150=FACE_OUTER_BOUND('',#3775,.T.);
#3151=FACE_OUTER_BOUND('',#3776,.T.);
#3152=FACE_OUTER_BOUND('',#3777,.T.);
#3153=FACE_OUTER_BOUND('',#3778,.T.);
#3154=FACE_OUTER_BOUND('',#3779,.T.);
#3155=FACE_OUTER_BOUND('',#3780,.T.);
#3156=FACE_OUTER_BOUND('',#3781,.T.);
#3157=FACE_OUTER_BOUND('',#3782,.T.);
#3158=FACE_OUTER_BOUND('',#3783,.T.);
#3159=FACE_OUTER_BOUND('',#3784,.T.);
#3160=FACE_OUTER_BOUND('',#3785,.T.);
#3161=FACE_OUTER_BOUND('',#3786,.T.);
#3162=FACE_OUTER_BOUND('',#3787,.T.);
#3163=FACE_OUTER_BOUND('',#3788,.T.);
#3164=FACE_OUTER_BOUND('',#3789,.T.);
#3165=FACE_OUTER_BOUND('',#3790,.T.);
#3166=FACE_OUTER_BOUND('',#3791,.T.);
#3167=FACE_OUTER_BOUND('',#3792,.T.);
#3168=FACE_OUTER_BOUND('',#3793,.T.);
#3169=FACE_OUTER_BOUND('',#3794,.T.);
#3170=FACE_OUTER_BOUND('',#3795,.T.);
#3171=FACE_OUTER_BOUND('',#3796,.T.);
#3172=FACE_OUTER_BOUND('',#3797,.T.);
#3173=FACE_OUTER_BOUND('',#3798,.T.);
#3174=FACE_OUTER_BOUND('',#3799,.T.);
#3175=FACE_OUTER_BOUND('',#3800,.T.);
#3176=FACE_OUTER_BOUND('',#3801,.T.);
#3177=FACE_OUTER_BOUND('',#3802,.T.);
#3178=FACE_OUTER_BOUND('',#3803,.T.);
#3179=FACE_OUTER_BOUND('',#3804,.T.);
#3180=FACE_OUTER_BOUND('',#3826,.T.);
#3181=FACE_OUTER_BOUND('',#3827,.T.);
#3182=FACE_OUTER_BOUND('',#3828,.T.);
#3183=FACE_OUTER_BOUND('',#3829,.T.);
#3184=FACE_OUTER_BOUND('',#3830,.T.);
#3185=FACE_OUTER_BOUND('',#3831,.T.);
#3186=FACE_OUTER_BOUND('',#3832,.T.);
#3187=FACE_OUTER_BOUND('',#3833,.T.);
#3188=FACE_OUTER_BOUND('',#3834,.T.);
#3189=FACE_OUTER_BOUND('',#3835,.T.);
#3190=FACE_OUTER_BOUND('',#3836,.T.);
#3191=FACE_OUTER_BOUND('',#3837,.T.);
#3192=FACE_OUTER_BOUND('',#3838,.T.);
#3193=FACE_OUTER_BOUND('',#3839,.T.);
#3194=FACE_OUTER_BOUND('',#3840,.T.);
#3195=FACE_OUTER_BOUND('',#3841,.T.);
#3196=FACE_OUTER_BOUND('',#3842,.T.);
#3197=FACE_OUTER_BOUND('',#3843,.T.);
#3198=FACE_OUTER_BOUND('',#3844,.T.);
#3199=FACE_OUTER_BOUND('',#3845,.T.);
#3200=FACE_OUTER_BOUND('',#3846,.T.);
#3201=FACE_OUTER_BOUND('',#3847,.T.);
#3202=FACE_OUTER_BOUND('',#3848,.T.);
#3203=FACE_OUTER_BOUND('',#3849,.T.);
#3204=FACE_OUTER_BOUND('',#3850,.T.);
#3205=FACE_OUTER_BOUND('',#3851,.T.);
#3206=FACE_OUTER_BOUND('',#3852,.T.);
#3207=FACE_OUTER_BOUND('',#3853,.T.);
#3208=FACE_OUTER_BOUND('',#3854,.T.);
#3209=FACE_OUTER_BOUND('',#3856,.T.);
#3210=FACE_OUTER_BOUND('',#3857,.T.);
#3211=FACE_OUTER_BOUND('',#3859,.T.);
#3212=FACE_OUTER_BOUND('',#3860,.T.);
#3213=FACE_OUTER_BOUND('',#3861,.T.);
#3214=FACE_OUTER_BOUND('',#3862,.T.);
#3215=FACE_OUTER_BOUND('',#3863,.T.);
#3216=FACE_OUTER_BOUND('',#3864,.T.);
#3217=FACE_OUTER_BOUND('',#3865,.T.);
#3218=FACE_OUTER_BOUND('',#3867,.T.);
#3219=FACE_OUTER_BOUND('',#3868,.T.);
#3220=FACE_OUTER_BOUND('',#3870,.T.);
#3221=FACE_OUTER_BOUND('',#3871,.T.);
#3222=FACE_OUTER_BOUND('',#3872,.T.);
#3223=FACE_OUTER_BOUND('',#3873,.T.);
#3224=FACE_OUTER_BOUND('',#3874,.T.);
#3225=FACE_OUTER_BOUND('',#3875,.T.);
#3226=FACE_OUTER_BOUND('',#3876,.T.);
#3227=FACE_OUTER_BOUND('',#3877,.T.);
#3228=FACE_OUTER_BOUND('',#3878,.T.);
#3229=FACE_OUTER_BOUND('',#3879,.T.);
#3230=FACE_OUTER_BOUND('',#3880,.T.);
#3231=FACE_OUTER_BOUND('',#3881,.T.);
#3232=FACE_OUTER_BOUND('',#3882,.T.);
#3233=FACE_OUTER_BOUND('',#3883,.T.);
#3234=FACE_OUTER_BOUND('',#3884,.T.);
#3235=FACE_OUTER_BOUND('',#3887,.T.);
#3236=FACE_OUTER_BOUND('',#3888,.T.);
#3237=FACE_OUTER_BOUND('',#3889,.T.);
#3238=FACE_OUTER_BOUND('',#3890,.T.);
#3239=FACE_OUTER_BOUND('',#3891,.T.);
#3240=FACE_OUTER_BOUND('',#3892,.T.);
#3241=FACE_OUTER_BOUND('',#3893,.T.);
#3242=FACE_OUTER_BOUND('',#3894,.T.);
#3243=FACE_OUTER_BOUND('',#3895,.T.);
#3244=FACE_OUTER_BOUND('',#3896,.T.);
#3245=FACE_OUTER_BOUND('',#3897,.T.);
#3246=FACE_OUTER_BOUND('',#3898,.T.);
#3247=FACE_OUTER_BOUND('',#3899,.T.);
#3248=FACE_OUTER_BOUND('',#3900,.T.);
#3249=FACE_OUTER_BOUND('',#3901,.T.);
#3250=FACE_OUTER_BOUND('',#3905,.T.);
#3251=FACE_OUTER_BOUND('',#3906,.T.);
#3252=FACE_OUTER_BOUND('',#3907,.T.);
#3253=FACE_OUTER_BOUND('',#3908,.T.);
#3254=FACE_OUTER_BOUND('',#3909,.T.);
#3255=FACE_OUTER_BOUND('',#3910,.T.);
#3256=FACE_OUTER_BOUND('',#3911,.T.);
#3257=FACE_OUTER_BOUND('',#3912,.T.);
#3258=FACE_OUTER_BOUND('',#3913,.T.);
#3259=FACE_OUTER_BOUND('',#3915,.T.);
#3260=FACE_OUTER_BOUND('',#3916,.T.);
#3261=FACE_OUTER_BOUND('',#3917,.T.);
#3262=FACE_OUTER_BOUND('',#3918,.T.);
#3263=FACE_OUTER_BOUND('',#3919,.T.);
#3264=FACE_OUTER_BOUND('',#3920,.T.);
#3265=FACE_OUTER_BOUND('',#3921,.T.);
#3266=FACE_OUTER_BOUND('',#3922,.T.);
#3267=FACE_OUTER_BOUND('',#3923,.T.);
#3268=FACE_OUTER_BOUND('',#3924,.T.);
#3269=FACE_OUTER_BOUND('',#3925,.T.);
#3270=FACE_OUTER_BOUND('',#3926,.T.);
#3271=FACE_OUTER_BOUND('',#3927,.T.);
#3272=FACE_OUTER_BOUND('',#3928,.T.);
#3273=FACE_OUTER_BOUND('',#3929,.T.);
#3274=FACE_OUTER_BOUND('',#3930,.T.);
#3275=FACE_OUTER_BOUND('',#3931,.T.);
#3276=FACE_OUTER_BOUND('',#3932,.T.);
#3277=FACE_OUTER_BOUND('',#3933,.T.);
#3278=FACE_OUTER_BOUND('',#3934,.T.);
#3279=FACE_OUTER_BOUND('',#3935,.T.);
#3280=FACE_OUTER_BOUND('',#3936,.T.);
#3281=FACE_OUTER_BOUND('',#3937,.T.);
#3282=FACE_OUTER_BOUND('',#3938,.T.);
#3283=FACE_OUTER_BOUND('',#3939,.T.);
#3284=FACE_OUTER_BOUND('',#3940,.T.);
#3285=FACE_OUTER_BOUND('',#3941,.T.);
#3286=FACE_OUTER_BOUND('',#3942,.T.);
#3287=FACE_OUTER_BOUND('',#3943,.T.);
#3288=FACE_OUTER_BOUND('',#3944,.T.);
#3289=FACE_OUTER_BOUND('',#3945,.T.);
#3290=FACE_OUTER_BOUND('',#3946,.T.);
#3291=FACE_OUTER_BOUND('',#3947,.T.);
#3292=FACE_OUTER_BOUND('',#3948,.T.);
#3293=FACE_OUTER_BOUND('',#3949,.T.);
#3294=FACE_OUTER_BOUND('',#3950,.T.);
#3295=FACE_OUTER_BOUND('',#3951,.T.);
#3296=FACE_OUTER_BOUND('',#3952,.T.);
#3297=FACE_OUTER_BOUND('',#3953,.T.);
#3298=FACE_OUTER_BOUND('',#3954,.T.);
#3299=FACE_OUTER_BOUND('',#3955,.T.);
#3300=FACE_OUTER_BOUND('',#3956,.T.);
#3301=FACE_OUTER_BOUND('',#3957,.T.);
#3302=FACE_OUTER_BOUND('',#3958,.T.);
#3303=FACE_OUTER_BOUND('',#3959,.T.);
#3304=FACE_OUTER_BOUND('',#3960,.T.);
#3305=FACE_OUTER_BOUND('',#3961,.T.);
#3306=FACE_OUTER_BOUND('',#3962,.T.);
#3307=FACE_OUTER_BOUND('',#3963,.T.);
#3308=FACE_OUTER_BOUND('',#3964,.T.);
#3309=FACE_OUTER_BOUND('',#3965,.T.);
#3310=FACE_OUTER_BOUND('',#3966,.T.);
#3311=FACE_OUTER_BOUND('',#3967,.T.);
#3312=FACE_OUTER_BOUND('',#3968,.T.);
#3313=FACE_OUTER_BOUND('',#3969,.T.);
#3314=FACE_OUTER_BOUND('',#3970,.T.);
#3315=FACE_OUTER_BOUND('',#3971,.T.);
#3316=FACE_OUTER_BOUND('',#3972,.T.);
#3317=FACE_OUTER_BOUND('',#3973,.T.);
#3318=FACE_OUTER_BOUND('',#3974,.T.);
#3319=FACE_OUTER_BOUND('',#3975,.T.);
#3320=FACE_OUTER_BOUND('',#3976,.T.);
#3321=FACE_OUTER_BOUND('',#3977,.T.);
#3322=FACE_OUTER_BOUND('',#3978,.T.);
#3323=FACE_OUTER_BOUND('',#3979,.T.);
#3324=FACE_OUTER_BOUND('',#3980,.T.);
#3325=FACE_OUTER_BOUND('',#3981,.T.);
#3326=FACE_OUTER_BOUND('',#3982,.T.);
#3327=FACE_OUTER_BOUND('',#3983,.T.);
#3328=FACE_OUTER_BOUND('',#3984,.T.);
#3329=FACE_OUTER_BOUND('',#3985,.T.);
#3330=FACE_OUTER_BOUND('',#3986,.T.);
#3331=FACE_OUTER_BOUND('',#3987,.T.);
#3332=FACE_OUTER_BOUND('',#3988,.T.);
#3333=FACE_OUTER_BOUND('',#3989,.T.);
#3334=FACE_OUTER_BOUND('',#3990,.T.);
#3335=FACE_OUTER_BOUND('',#3991,.T.);
#3336=FACE_OUTER_BOUND('',#3992,.T.);
#3337=FACE_OUTER_BOUND('',#3993,.T.);
#3338=FACE_OUTER_BOUND('',#3994,.T.);
#3339=FACE_OUTER_BOUND('',#3995,.T.);
#3340=FACE_OUTER_BOUND('',#3996,.T.);
#3341=FACE_OUTER_BOUND('',#3997,.T.);
#3342=FACE_OUTER_BOUND('',#3998,.T.);
#3343=FACE_OUTER_BOUND('',#3999,.T.);
#3344=FACE_OUTER_BOUND('',#4000,.T.);
#3345=FACE_OUTER_BOUND('',#4001,.T.);
#3346=FACE_OUTER_BOUND('',#4002,.T.);
#3347=FACE_OUTER_BOUND('',#4003,.T.);
#3348=FACE_OUTER_BOUND('',#4004,.T.);
#3349=FACE_OUTER_BOUND('',#4005,.T.);
#3350=FACE_OUTER_BOUND('',#4006,.T.);
#3351=FACE_OUTER_BOUND('',#4007,.T.);
#3352=FACE_OUTER_BOUND('',#4008,.T.);
#3353=FACE_OUTER_BOUND('',#4009,.T.);
#3354=FACE_OUTER_BOUND('',#4010,.T.);
#3355=FACE_OUTER_BOUND('',#4011,.T.);
#3356=FACE_OUTER_BOUND('',#4012,.T.);
#3357=FACE_OUTER_BOUND('',#4013,.T.);
#3358=FACE_OUTER_BOUND('',#4014,.T.);
#3359=FACE_OUTER_BOUND('',#4015,.T.);
#3360=FACE_OUTER_BOUND('',#4016,.T.);
#3361=FACE_OUTER_BOUND('',#4017,.T.);
#3362=FACE_OUTER_BOUND('',#4018,.T.);
#3363=FACE_OUTER_BOUND('',#4019,.T.);
#3364=FACE_OUTER_BOUND('',#4020,.T.);
#3365=FACE_OUTER_BOUND('',#4021,.T.);
#3366=FACE_OUTER_BOUND('',#4022,.T.);
#3367=FACE_OUTER_BOUND('',#4023,.T.);
#3368=FACE_OUTER_BOUND('',#4024,.T.);
#3369=FACE_OUTER_BOUND('',#4025,.T.);
#3370=FACE_OUTER_BOUND('',#4026,.T.);
#3371=FACE_OUTER_BOUND('',#4027,.T.);
#3372=FACE_OUTER_BOUND('',#4028,.T.);
#3373=FACE_OUTER_BOUND('',#4029,.T.);
#3374=FACE_OUTER_BOUND('',#4030,.T.);
#3375=FACE_OUTER_BOUND('',#4031,.T.);
#3376=FACE_OUTER_BOUND('',#4032,.T.);
#3377=FACE_OUTER_BOUND('',#4033,.T.);
#3378=FACE_OUTER_BOUND('',#4034,.T.);
#3379=FACE_OUTER_BOUND('',#4035,.T.);
#3380=FACE_OUTER_BOUND('',#4036,.T.);
#3381=FACE_OUTER_BOUND('',#4037,.T.);
#3382=FACE_OUTER_BOUND('',#4038,.T.);
#3383=FACE_OUTER_BOUND('',#4039,.T.);
#3384=FACE_OUTER_BOUND('',#4040,.T.);
#3385=FACE_OUTER_BOUND('',#4041,.T.);
#3386=FACE_OUTER_BOUND('',#4042,.T.);
#3387=FACE_OUTER_BOUND('',#4043,.T.);
#3388=FACE_OUTER_BOUND('',#4044,.T.);
#3389=FACE_OUTER_BOUND('',#4045,.T.);
#3390=FACE_OUTER_BOUND('',#4046,.T.);
#3391=FACE_OUTER_BOUND('',#4047,.T.);
#3392=FACE_OUTER_BOUND('',#4048,.T.);
#3393=FACE_OUTER_BOUND('',#4049,.T.);
#3394=FACE_OUTER_BOUND('',#4050,.T.);
#3395=FACE_OUTER_BOUND('',#4051,.T.);
#3396=FACE_OUTER_BOUND('',#4052,.T.);
#3397=FACE_OUTER_BOUND('',#4053,.T.);
#3398=FACE_OUTER_BOUND('',#4054,.T.);
#3399=FACE_OUTER_BOUND('',#4055,.T.);
#3400=FACE_OUTER_BOUND('',#4056,.T.);
#3401=FACE_OUTER_BOUND('',#4057,.T.);
#3402=FACE_OUTER_BOUND('',#4058,.T.);
#3403=FACE_OUTER_BOUND('',#4059,.T.);
#3404=FACE_OUTER_BOUND('',#4060,.T.);
#3405=FACE_OUTER_BOUND('',#4061,.T.);
#3406=FACE_OUTER_BOUND('',#4062,.T.);
#3407=FACE_OUTER_BOUND('',#4063,.T.);
#3408=FACE_OUTER_BOUND('',#4064,.T.);
#3409=FACE_OUTER_BOUND('',#4065,.T.);
#3410=FACE_OUTER_BOUND('',#4066,.T.);
#3411=FACE_OUTER_BOUND('',#4067,.T.);
#3412=FACE_OUTER_BOUND('',#4068,.T.);
#3413=FACE_OUTER_BOUND('',#4069,.T.);
#3414=FACE_OUTER_BOUND('',#4070,.T.);
#3415=FACE_OUTER_BOUND('',#4071,.T.);
#3416=FACE_OUTER_BOUND('',#4072,.T.);
#3417=FACE_OUTER_BOUND('',#4073,.T.);
#3418=FACE_OUTER_BOUND('',#4074,.T.);
#3419=FACE_OUTER_BOUND('',#4075,.T.);
#3420=FACE_OUTER_BOUND('',#4076,.T.);
#3421=FACE_OUTER_BOUND('',#4077,.T.);
#3422=FACE_OUTER_BOUND('',#4078,.T.);
#3423=FACE_OUTER_BOUND('',#4079,.T.);
#3424=FACE_OUTER_BOUND('',#4080,.T.);
#3425=FACE_OUTER_BOUND('',#4081,.T.);
#3426=FACE_OUTER_BOUND('',#4082,.T.);
#3427=FACE_OUTER_BOUND('',#4083,.T.);
#3428=FACE_OUTER_BOUND('',#4084,.T.);
#3429=FACE_OUTER_BOUND('',#4085,.T.);
#3430=FACE_OUTER_BOUND('',#4086,.T.);
#3431=FACE_OUTER_BOUND('',#4087,.T.);
#3432=FACE_OUTER_BOUND('',#4088,.T.);
#3433=FACE_OUTER_BOUND('',#4089,.T.);
#3434=FACE_OUTER_BOUND('',#4090,.T.);
#3435=FACE_OUTER_BOUND('',#4091,.T.);
#3436=FACE_OUTER_BOUND('',#4092,.T.);
#3437=FACE_OUTER_BOUND('',#4093,.T.);
#3438=FACE_OUTER_BOUND('',#4094,.T.);
#3439=FACE_OUTER_BOUND('',#4095,.T.);
#3440=FACE_OUTER_BOUND('',#4096,.T.);
#3441=FACE_OUTER_BOUND('',#4097,.T.);
#3442=FACE_OUTER_BOUND('',#4098,.T.);
#3443=FACE_OUTER_BOUND('',#4099,.T.);
#3444=FACE_OUTER_BOUND('',#4100,.T.);
#3445=FACE_OUTER_BOUND('',#4101,.T.);
#3446=FACE_OUTER_BOUND('',#4102,.T.);
#3447=FACE_OUTER_BOUND('',#4103,.T.);
#3448=FACE_OUTER_BOUND('',#4104,.T.);
#3449=FACE_OUTER_BOUND('',#4105,.T.);
#3450=FACE_OUTER_BOUND('',#4107,.T.);
#3451=FACE_OUTER_BOUND('',#4109,.T.);
#3452=FACE_OUTER_BOUND('',#4110,.T.);
#3453=FACE_OUTER_BOUND('',#4112,.T.);
#3454=FACE_OUTER_BOUND('',#4113,.T.);
#3455=FACE_OUTER_BOUND('',#4115,.T.);
#3456=FACE_OUTER_BOUND('',#4116,.T.);
#3457=FACE_OUTER_BOUND('',#4117,.T.);
#3458=FACE_OUTER_BOUND('',#4118,.T.);
#3459=FACE_OUTER_BOUND('',#4119,.T.);
#3460=FACE_OUTER_BOUND('',#4120,.T.);
#3461=FACE_OUTER_BOUND('',#4121,.T.);
#3462=FACE_OUTER_BOUND('',#4122,.T.);
#3463=FACE_OUTER_BOUND('',#4123,.T.);
#3464=FACE_OUTER_BOUND('',#4124,.T.);
#3465=FACE_OUTER_BOUND('',#4125,.T.);
#3466=FACE_OUTER_BOUND('',#4126,.T.);
#3467=FACE_OUTER_BOUND('',#4127,.T.);
#3468=FACE_OUTER_BOUND('',#4128,.T.);
#3469=FACE_OUTER_BOUND('',#4129,.T.);
#3470=FACE_OUTER_BOUND('',#4130,.T.);
#3471=FACE_OUTER_BOUND('',#4131,.T.);
#3472=FACE_OUTER_BOUND('',#4132,.T.);
#3473=FACE_OUTER_BOUND('',#4133,.T.);
#3474=FACE_OUTER_BOUND('',#4134,.T.);
#3475=FACE_OUTER_BOUND('',#4135,.T.);
#3476=FACE_OUTER_BOUND('',#4136,.T.);
#3477=FACE_OUTER_BOUND('',#4137,.T.);
#3478=FACE_OUTER_BOUND('',#4138,.T.);
#3479=FACE_OUTER_BOUND('',#4139,.T.);
#3480=FACE_OUTER_BOUND('',#4140,.T.);
#3481=FACE_OUTER_BOUND('',#4141,.T.);
#3482=FACE_OUTER_BOUND('',#4142,.T.);
#3483=FACE_OUTER_BOUND('',#4143,.T.);
#3484=FACE_OUTER_BOUND('',#4144,.T.);
#3485=FACE_OUTER_BOUND('',#4145,.T.);
#3486=FACE_OUTER_BOUND('',#4146,.T.);
#3487=FACE_OUTER_BOUND('',#4147,.T.);
#3488=FACE_OUTER_BOUND('',#4148,.T.);
#3489=FACE_OUTER_BOUND('',#4149,.T.);
#3490=FACE_OUTER_BOUND('',#4153,.T.);
#3491=FACE_OUTER_BOUND('',#4154,.T.);
#3492=FACE_OUTER_BOUND('',#4155,.T.);
#3493=FACE_OUTER_BOUND('',#4156,.T.);
#3494=FACE_OUTER_BOUND('',#4157,.T.);
#3495=FACE_OUTER_BOUND('',#4158,.T.);
#3496=FACE_OUTER_BOUND('',#4159,.T.);
#3497=FACE_OUTER_BOUND('',#4160,.T.);
#3498=FACE_OUTER_BOUND('',#4161,.T.);
#3499=FACE_OUTER_BOUND('',#4162,.T.);
#3500=FACE_OUTER_BOUND('',#4163,.T.);
#3501=FACE_OUTER_BOUND('',#4167,.T.);
#3502=FACE_OUTER_BOUND('',#4171,.T.);
#3503=FACE_OUTER_BOUND('',#4172,.T.);
#3504=FACE_OUTER_BOUND('',#4173,.T.);
#3505=FACE_OUTER_BOUND('',#4174,.T.);
#3506=FACE_OUTER_BOUND('',#4175,.T.);
#3507=FACE_OUTER_BOUND('',#4176,.T.);
#3508=FACE_OUTER_BOUND('',#4177,.T.);
#3509=FACE_OUTER_BOUND('',#4178,.T.);
#3510=FACE_OUTER_BOUND('',#4179,.T.);
#3511=FACE_OUTER_BOUND('',#4180,.T.);
#3512=FACE_OUTER_BOUND('',#4181,.T.);
#3513=FACE_OUTER_BOUND('',#4182,.T.);
#3514=FACE_OUTER_BOUND('',#4183,.T.);
#3515=FACE_OUTER_BOUND('',#4184,.T.);
#3516=FACE_OUTER_BOUND('',#4186,.T.);
#3517=FACE_OUTER_BOUND('',#4187,.T.);
#3518=FACE_OUTER_BOUND('',#4189,.T.);
#3519=FACE_OUTER_BOUND('',#4190,.T.);
#3520=FACE_OUTER_BOUND('',#4192,.T.);
#3521=FACE_OUTER_BOUND('',#4193,.T.);
#3522=FACE_OUTER_BOUND('',#4194,.T.);
#3523=FACE_OUTER_BOUND('',#4195,.T.);
#3524=FACE_OUTER_BOUND('',#4196,.T.);
#3525=FACE_OUTER_BOUND('',#4197,.T.);
#3526=FACE_OUTER_BOUND('',#4198,.T.);
#3527=FACE_OUTER_BOUND('',#4199,.T.);
#3528=FACE_OUTER_BOUND('',#4200,.T.);
#3529=FACE_OUTER_BOUND('',#4201,.T.);
#3530=FACE_OUTER_BOUND('',#4202,.T.);
#3531=FACE_OUTER_BOUND('',#4203,.T.);
#3532=FACE_OUTER_BOUND('',#4205,.T.);
#3533=FACE_OUTER_BOUND('',#4206,.T.);
#3534=FACE_OUTER_BOUND('',#4208,.T.);
#3535=FACE_OUTER_BOUND('',#4209,.T.);
#3536=EDGE_LOOP('',(#6489,#6490,#6491));
#3537=EDGE_LOOP('',(#6492,#6493,#6494,#6495));
#3538=EDGE_LOOP('',(#6496,#6497,#6498,#6499,#6500,#6501,#6502,#6503));
#3539=EDGE_LOOP('',(#6504));
#3540=EDGE_LOOP('',(#6505));
#3541=EDGE_LOOP('',(#6506));
#3542=EDGE_LOOP('',(#6507));
#3543=EDGE_LOOP('',(#6508,#6509,#6510));
#3544=EDGE_LOOP('',(#6511,#6512,#6513,#6514,#6515,#6516,#6517,#6518,#6519,
#6520,#6521,#6522));
#3545=EDGE_LOOP('',(#6523));
#3546=EDGE_LOOP('',(#6524));
#3547=EDGE_LOOP('',(#6525));
#3548=EDGE_LOOP('',(#6526,#6527,#6528));
#3549=EDGE_LOOP('',(#6529,#6530,#6531,#6532,#6533,#6534,#6535,#6536,#6537,
#6538));
#3550=EDGE_LOOP('',(#6539));
#3551=EDGE_LOOP('',(#6540,#6541,#6542));
#3552=EDGE_LOOP('',(#6543,#6544,#6545,#6546,#6547,#6548,#6549,#6550,#6551,
#6552,#6553,#6554,#6555));
#3553=EDGE_LOOP('',(#6556));
#3554=EDGE_LOOP('',(#6557));
#3555=EDGE_LOOP('',(#6558));
#3556=EDGE_LOOP('',(#6559,#6560,#6561,#6562));
#3557=EDGE_LOOP('',(#6563,#6564,#6565,#6566));
#3558=EDGE_LOOP('',(#6567,#6568,#6569,#6570));
#3559=EDGE_LOOP('',(#6571,#6572,#6573,#6574,#6575,#6576,#6577,#6578,#6579,
#6580,#6581,#6582,#6583,#6584,#6585,#6586,#6587,#6588,#6589,#6590,#6591,
#6592,#6593,#6594,#6595,#6596,#6597,#6598,#6599,#6600,#6601,#6602,#6603,
#6604,#6605,#6606));
#3560=EDGE_LOOP('',(#6607));
#3561=EDGE_LOOP('',(#6608));
#3562=EDGE_LOOP('',(#6609,#6610,#6611,#6612));
#3563=EDGE_LOOP('',(#6613,#6614,#6615,#6616));
#3564=EDGE_LOOP('',(#6617,#6618,#6619,#6620));
#3565=EDGE_LOOP('',(#6621,#6622,#6623,#6624));
#3566=EDGE_LOOP('',(#6625,#6626,#6627,#6628));
#3567=EDGE_LOOP('',(#6629,#6630,#6631,#6632));
#3568=EDGE_LOOP('',(#6633,#6634,#6635,#6636));
#3569=EDGE_LOOP('',(#6637,#6638,#6639,#6640));
#3570=EDGE_LOOP('',(#6641,#6642,#6643,#6644));
#3571=EDGE_LOOP('',(#6645,#6646,#6647,#6648));
#3572=EDGE_LOOP('',(#6649,#6650,#6651,#6652));
#3573=EDGE_LOOP('',(#6653,#6654,#6655,#6656));
#3574=EDGE_LOOP('',(#6657,#6658,#6659,#6660));
#3575=EDGE_LOOP('',(#6661,#6662,#6663,#6664));
#3576=EDGE_LOOP('',(#6665,#6666,#6667,#6668));
#3577=EDGE_LOOP('',(#6669,#6670,#6671,#6672));
#3578=EDGE_LOOP('',(#6673,#6674,#6675,#6676));
#3579=EDGE_LOOP('',(#6677,#6678,#6679,#6680));
#3580=EDGE_LOOP('',(#6681,#6682,#6683,#6684));
#3581=EDGE_LOOP('',(#6685,#6686,#6687,#6688));
#3582=EDGE_LOOP('',(#6689,#6690,#6691,#6692,#6693,#6694,#6695,#6696,#6697,
#6698,#6699,#6700));
#3583=EDGE_LOOP('',(#6701,#6702,#6703,#6704));
#3584=EDGE_LOOP('',(#6705,#6706,#6707,#6708));
#3585=EDGE_LOOP('',(#6709,#6710,#6711,#6712,#6713,#6714,#6715,#6716));
#3586=EDGE_LOOP('',(#6717));
#3587=EDGE_LOOP('',(#6718));
#3588=EDGE_LOOP('',(#6719));
#3589=EDGE_LOOP('',(#6720));
#3590=EDGE_LOOP('',(#6721,#6722,#6723,#6724,#6725,#6726));
#3591=EDGE_LOOP('',(#6727));
#3592=EDGE_LOOP('',(#6728));
#3593=EDGE_LOOP('',(#6729));
#3594=EDGE_LOOP('',(#6730,#6731,#6732,#6733));
#3595=EDGE_LOOP('',(#6734,#6735,#6736,#6737,#6738));
#3596=EDGE_LOOP('',(#6739));
#3597=EDGE_LOOP('',(#6740,#6741,#6742,#6743,#6744,#6745,#6746,#6747,#6748,
#6749,#6750,#6751,#6752));
#3598=EDGE_LOOP('',(#6753));
#3599=EDGE_LOOP('',(#6754,#6755,#6756,#6757));
#3600=EDGE_LOOP('',(#6758,#6759,#6760,#6761,#6762,#6763,#6764));
#3601=EDGE_LOOP('',(#6765));
#3602=EDGE_LOOP('',(#6766,#6767,#6768,#6769));
#3603=EDGE_LOOP('',(#6770,#6771,#6772,#6773));
#3604=EDGE_LOOP('',(#6774,#6775,#6776,#6777));
#3605=EDGE_LOOP('',(#6778,#6779,#6780,#6781));
#3606=EDGE_LOOP('',(#6782,#6783,#6784,#6785));
#3607=EDGE_LOOP('',(#6786,#6787,#6788,#6789,#6790,#6791,#6792));
#3608=EDGE_LOOP('',(#6793,#6794,#6795,#6796));
#3609=EDGE_LOOP('',(#6797,#6798,#6799,#6800));
#3610=EDGE_LOOP('',(#6801,#6802,#6803,#6804));
#3611=EDGE_LOOP('',(#6805,#6806,#6807,#6808));
#3612=EDGE_LOOP('',(#6809,#6810,#6811,#6812));
#3613=EDGE_LOOP('',(#6813,#6814,#6815,#6816));
#3614=EDGE_LOOP('',(#6817,#6818,#6819,#6820));
#3615=EDGE_LOOP('',(#6821,#6822,#6823,#6824));
#3616=EDGE_LOOP('',(#6825,#6826,#6827,#6828));
#3617=EDGE_LOOP('',(#6829,#6830,#6831,#6832));
#3618=EDGE_LOOP('',(#6833,#6834,#6835,#6836));
#3619=EDGE_LOOP('',(#6837,#6838,#6839,#6840));
#3620=EDGE_LOOP('',(#6841,#6842,#6843,#6844));
#3621=EDGE_LOOP('',(#6845,#6846,#6847,#6848,#6849,#6850,#6851,#6852,#6853,
#6854,#6855,#6856,#6857,#6858,#6859));
#3622=EDGE_LOOP('',(#6860));
#3623=EDGE_LOOP('',(#6861,#6862,#6863,#6864));
#3624=EDGE_LOOP('',(#6865));
#3625=EDGE_LOOP('',(#6866));
#3626=EDGE_LOOP('',(#6867,#6868,#6869,#6870));
#3627=EDGE_LOOP('',(#6871));
#3628=EDGE_LOOP('',(#6872));
#3629=EDGE_LOOP('',(#6873,#6874,#6875,#6876));
#3630=EDGE_LOOP('',(#6877));
#3631=EDGE_LOOP('',(#6878));
#3632=EDGE_LOOP('',(#6879,#6880,#6881,#6882));
#3633=EDGE_LOOP('',(#6883,#6884,#6885,#6886));
#3634=EDGE_LOOP('',(#6887,#6888,#6889,#6890));
#3635=EDGE_LOOP('',(#6891,#6892,#6893,#6894));
#3636=EDGE_LOOP('',(#6895));
#3637=EDGE_LOOP('',(#6896));
#3638=EDGE_LOOP('',(#6897,#6898,#6899,#6900));
#3639=EDGE_LOOP('',(#6901));
#3640=EDGE_LOOP('',(#6902));
#3641=EDGE_LOOP('',(#6903,#6904,#6905,#6906));
#3642=EDGE_LOOP('',(#6907));
#3643=EDGE_LOOP('',(#6908));
#3644=EDGE_LOOP('',(#6909,#6910,#6911,#6912));
#3645=EDGE_LOOP('',(#6913,#6914,#6915,#6916));
#3646=EDGE_LOOP('',(#6917,#6918,#6919,#6920));
#3647=EDGE_LOOP('',(#6921,#6922,#6923,#6924));
#3648=EDGE_LOOP('',(#6925,#6926,#6927,#6928));
#3649=EDGE_LOOP('',(#6929,#6930,#6931,#6932,#6933,#6934,#6935,#6936));
#3650=EDGE_LOOP('',(#6937,#6938,#6939,#6940,#6941,#6942,#6943,#6944,#6945,
#6946,#6947,#6948));
#3651=EDGE_LOOP('',(#6949,#6950,#6951,#6952));
#3652=EDGE_LOOP('',(#6953,#6954,#6955,#6956,#6957,#6958,#6959,#6960));
#3653=EDGE_LOOP('',(#6961));
#3654=EDGE_LOOP('',(#6962));
#3655=EDGE_LOOP('',(#6963));
#3656=EDGE_LOOP('',(#6964,#6965,#6966,#6967,#6968,#6969));
#3657=EDGE_LOOP('',(#6970,#6971,#6972,#6973));
#3658=EDGE_LOOP('',(#6974,#6975,#6976,#6977));
#3659=EDGE_LOOP('',(#6978));
#3660=EDGE_LOOP('',(#6979,#6980,#6981,#6982));
#3661=EDGE_LOOP('',(#6983));
#3662=EDGE_LOOP('',(#6984,#6985,#6986,#6987));
#3663=EDGE_LOOP('',(#6988));
#3664=EDGE_LOOP('',(#6989,#6990,#6991,#6992));
#3665=EDGE_LOOP('',(#6993));
#3666=EDGE_LOOP('',(#6994,#6995,#6996,#6997));
#3667=EDGE_LOOP('',(#6998));
#3668=EDGE_LOOP('',(#6999,#7000,#7001,#7002));
#3669=EDGE_LOOP('',(#7003));
#3670=EDGE_LOOP('',(#7004,#7005,#7006,#7007));
#3671=EDGE_LOOP('',(#7008));
#3672=EDGE_LOOP('',(#7009,#7010,#7011,#7012));
#3673=EDGE_LOOP('',(#7013));
#3674=EDGE_LOOP('',(#7014,#7015,#7016,#7017));
#3675=EDGE_LOOP('',(#7018));
#3676=EDGE_LOOP('',(#7019,#7020,#7021,#7022));
#3677=EDGE_LOOP('',(#7023));
#3678=EDGE_LOOP('',(#7024,#7025,#7026,#7027));
#3679=EDGE_LOOP('',(#7028));
#3680=EDGE_LOOP('',(#7029,#7030,#7031,#7032));
#3681=EDGE_LOOP('',(#7033));
#3682=EDGE_LOOP('',(#7034,#7035,#7036,#7037));
#3683=EDGE_LOOP('',(#7038));
#3684=EDGE_LOOP('',(#7039,#7040,#7041,#7042));
#3685=EDGE_LOOP('',(#7043));
#3686=EDGE_LOOP('',(#7044,#7045,#7046,#7047));
#3687=EDGE_LOOP('',(#7048));
#3688=EDGE_LOOP('',(#7049,#7050,#7051,#7052));
#3689=EDGE_LOOP('',(#7053));
#3690=EDGE_LOOP('',(#7054,#7055,#7056,#7057));
#3691=EDGE_LOOP('',(#7058));
#3692=EDGE_LOOP('',(#7059,#7060,#7061,#7062));
#3693=EDGE_LOOP('',(#7063));
#3694=EDGE_LOOP('',(#7064,#7065,#7066,#7067));
#3695=EDGE_LOOP('',(#7068));
#3696=EDGE_LOOP('',(#7069,#7070,#7071,#7072));
#3697=EDGE_LOOP('',(#7073));
#3698=EDGE_LOOP('',(#7074));
#3699=EDGE_LOOP('',(#7075,#7076,#7077,#7078));
#3700=EDGE_LOOP('',(#7079));
#3701=EDGE_LOOP('',(#7080));
#3702=EDGE_LOOP('',(#7081,#7082,#7083,#7084));
#3703=EDGE_LOOP('',(#7085));
#3704=EDGE_LOOP('',(#7086));
#3705=EDGE_LOOP('',(#7087,#7088,#7089,#7090));
#3706=EDGE_LOOP('',(#7091));
#3707=EDGE_LOOP('',(#7092));
#3708=EDGE_LOOP('',(#7093,#7094,#7095,#7096));
#3709=EDGE_LOOP('',(#7097));
#3710=EDGE_LOOP('',(#7098));
#3711=EDGE_LOOP('',(#7099,#7100,#7101,#7102));
#3712=EDGE_LOOP('',(#7103));
#3713=EDGE_LOOP('',(#7104));
#3714=EDGE_LOOP('',(#7105,#7106,#7107,#7108));
#3715=EDGE_LOOP('',(#7109));
#3716=EDGE_LOOP('',(#7110));
#3717=EDGE_LOOP('',(#7111,#7112,#7113,#7114));
#3718=EDGE_LOOP('',(#7115));
#3719=EDGE_LOOP('',(#7116));
#3720=EDGE_LOOP('',(#7117,#7118,#7119,#7120));
#3721=EDGE_LOOP('',(#7121));
#3722=EDGE_LOOP('',(#7122));
#3723=EDGE_LOOP('',(#7123,#7124,#7125,#7126));
#3724=EDGE_LOOP('',(#7127));
#3725=EDGE_LOOP('',(#7128));
#3726=EDGE_LOOP('',(#7129,#7130,#7131,#7132));
#3727=EDGE_LOOP('',(#7133));
#3728=EDGE_LOOP('',(#7134));
#3729=EDGE_LOOP('',(#7135,#7136,#7137,#7138));
#3730=EDGE_LOOP('',(#7139));
#3731=EDGE_LOOP('',(#7140));
#3732=EDGE_LOOP('',(#7141,#7142,#7143,#7144));
#3733=EDGE_LOOP('',(#7145));
#3734=EDGE_LOOP('',(#7146));
#3735=EDGE_LOOP('',(#7147,#7148,#7149,#7150));
#3736=EDGE_LOOP('',(#7151));
#3737=EDGE_LOOP('',(#7152));
#3738=EDGE_LOOP('',(#7153,#7154,#7155,#7156));
#3739=EDGE_LOOP('',(#7157));
#3740=EDGE_LOOP('',(#7158));
#3741=EDGE_LOOP('',(#7159,#7160,#7161,#7162));
#3742=EDGE_LOOP('',(#7163));
#3743=EDGE_LOOP('',(#7164));
#3744=EDGE_LOOP('',(#7165,#7166,#7167,#7168));
#3745=EDGE_LOOP('',(#7169));
#3746=EDGE_LOOP('',(#7170));
#3747=EDGE_LOOP('',(#7171,#7172,#7173,#7174));
#3748=EDGE_LOOP('',(#7175));
#3749=EDGE_LOOP('',(#7176));
#3750=EDGE_LOOP('',(#7177,#7178,#7179,#7180));
#3751=EDGE_LOOP('',(#7181));
#3752=EDGE_LOOP('',(#7182));
#3753=EDGE_LOOP('',(#7183));
#3754=EDGE_LOOP('',(#7184,#7185,#7186,#7187));
#3755=EDGE_LOOP('',(#7188));
#3756=EDGE_LOOP('',(#7189,#7190,#7191,#7192));
#3757=EDGE_LOOP('',(#7193));
#3758=EDGE_LOOP('',(#7194,#7195,#7196,#7197));
#3759=EDGE_LOOP('',(#7198));
#3760=EDGE_LOOP('',(#7199));
#3761=EDGE_LOOP('',(#7200,#7201,#7202,#7203));
#3762=EDGE_LOOP('',(#7204));
#3763=EDGE_LOOP('',(#7205));
#3764=EDGE_LOOP('',(#7206,#7207,#7208,#7209,#7210,#7211));
#3765=EDGE_LOOP('',(#7212,#7213,#7214,#7215,#7216));
#3766=EDGE_LOOP('',(#7217));
#3767=EDGE_LOOP('',(#7218,#7219,#7220,#7221,#7222));
#3768=EDGE_LOOP('',(#7223));
#3769=EDGE_LOOP('',(#7224,#7225,#7226,#7227));
#3770=EDGE_LOOP('',(#7228,#7229,#7230,#7231,#7232,#7233,#7234,#7235));
#3771=EDGE_LOOP('',(#7236,#7237,#7238,#7239));
#3772=EDGE_LOOP('',(#7240,#7241,#7242,#7243,#7244));
#3773=EDGE_LOOP('',(#7245,#7246,#7247,#7248,#7249,#7250,#7251,#7252,#7253,
#7254,#7255,#7256,#7257,#7258));
#3774=EDGE_LOOP('',(#7259,#7260,#7261,#7262));
#3775=EDGE_LOOP('',(#7263,#7264,#7265,#7266));
#3776=EDGE_LOOP('',(#7267,#7268,#7269,#7270));
#3777=EDGE_LOOP('',(#7271,#7272,#7273,#7274,#7275));
#3778=EDGE_LOOP('',(#7276,#7277,#7278,#7279));
#3779=EDGE_LOOP('',(#7280,#7281,#7282,#7283));
#3780=EDGE_LOOP('',(#7284,#7285,#7286,#7287));
#3781=EDGE_LOOP('',(#7288,#7289,#7290,#7291));
#3782=EDGE_LOOP('',(#7292,#7293,#7294,#7295));
#3783=EDGE_LOOP('',(#7296,#7297,#7298,#7299));
#3784=EDGE_LOOP('',(#7300,#7301,#7302,#7303));
#3785=EDGE_LOOP('',(#7304,#7305,#7306,#7307));
#3786=EDGE_LOOP('',(#7308,#7309,#7310,#7311));
#3787=EDGE_LOOP('',(#7312,#7313,#7314,#7315));
#3788=EDGE_LOOP('',(#7316,#7317,#7318,#7319));
#3789=EDGE_LOOP('',(#7320,#7321,#7322,#7323));
#3790=EDGE_LOOP('',(#7324,#7325,#7326,#7327));
#3791=EDGE_LOOP('',(#7328,#7329,#7330,#7331));
#3792=EDGE_LOOP('',(#7332,#7333,#7334,#7335));
#3793=EDGE_LOOP('',(#7336,#7337,#7338,#7339));
#3794=EDGE_LOOP('',(#7340,#7341,#7342,#7343));
#3795=EDGE_LOOP('',(#7344,#7345,#7346,#7347));
#3796=EDGE_LOOP('',(#7348,#7349,#7350,#7351));
#3797=EDGE_LOOP('',(#7352,#7353,#7354,#7355));
#3798=EDGE_LOOP('',(#7356,#7357,#7358,#7359,#7360,#7361,#7362,#7363,#7364,
#7365,#7366,#7367,#7368,#7369));
#3799=EDGE_LOOP('',(#7370,#7371,#7372,#7373));
#3800=EDGE_LOOP('',(#7374,#7375,#7376,#7377));
#3801=EDGE_LOOP('',(#7378,#7379,#7380,#7381));
#3802=EDGE_LOOP('',(#7382,#7383,#7384,#7385));
#3803=EDGE_LOOP('',(#7386,#7387,#7388,#7389));
#3804=EDGE_LOOP('',(#7390,#7391,#7392,#7393,#7394,#7395,#7396,#7397,#7398,
#7399,#7400,#7401,#7402,#7403,#7404,#7405,#7406,#7407,#7408,#7409,#7410,
#7411));
#3805=EDGE_LOOP('',(#7412));
#3806=EDGE_LOOP('',(#7413));
#3807=EDGE_LOOP('',(#7414));
#3808=EDGE_LOOP('',(#7415));
#3809=EDGE_LOOP('',(#7416));
#3810=EDGE_LOOP('',(#7417));
#3811=EDGE_LOOP('',(#7418));
#3812=EDGE_LOOP('',(#7419));
#3813=EDGE_LOOP('',(#7420));
#3814=EDGE_LOOP('',(#7421));
#3815=EDGE_LOOP('',(#7422));
#3816=EDGE_LOOP('',(#7423));
#3817=EDGE_LOOP('',(#7424));
#3818=EDGE_LOOP('',(#7425));
#3819=EDGE_LOOP('',(#7426));
#3820=EDGE_LOOP('',(#7427));
#3821=EDGE_LOOP('',(#7428));
#3822=EDGE_LOOP('',(#7429));
#3823=EDGE_LOOP('',(#7430));
#3824=EDGE_LOOP('',(#7431));
#3825=EDGE_LOOP('',(#7432));
#3826=EDGE_LOOP('',(#7433,#7434,#7435,#7436,#7437,#7438,#7439,#7440,#7441,
#7442,#7443,#7444));
#3827=EDGE_LOOP('',(#7445,#7446,#7447,#7448));
#3828=EDGE_LOOP('',(#7449,#7450,#7451,#7452));
#3829=EDGE_LOOP('',(#7453,#7454,#7455,#7456));
#3830=EDGE_LOOP('',(#7457,#7458,#7459,#7460));
#3831=EDGE_LOOP('',(#7461,#7462,#7463,#7464));
#3832=EDGE_LOOP('',(#7465,#7466,#7467,#7468));
#3833=EDGE_LOOP('',(#7469,#7470,#7471,#7472));
#3834=EDGE_LOOP('',(#7473,#7474,#7475,#7476));
#3835=EDGE_LOOP('',(#7477,#7478,#7479,#7480));
#3836=EDGE_LOOP('',(#7481,#7482,#7483,#7484,#7485,#7486,#7487,#7488,#7489,
#7490,#7491,#7492));
#3837=EDGE_LOOP('',(#7493,#7494,#7495,#7496));
#3838=EDGE_LOOP('',(#7497,#7498,#7499,#7500));
#3839=EDGE_LOOP('',(#7501,#7502,#7503,#7504));
#3840=EDGE_LOOP('',(#7505,#7506,#7507,#7508));
#3841=EDGE_LOOP('',(#7509,#7510,#7511,#7512,#7513,#7514,#7515));
#3842=EDGE_LOOP('',(#7516,#7517,#7518));
#3843=EDGE_LOOP('',(#7519,#7520,#7521,#7522,#7523,#7524));
#3844=EDGE_LOOP('',(#7525,#7526,#7527,#7528));
#3845=EDGE_LOOP('',(#7529,#7530,#7531,#7532));
#3846=EDGE_LOOP('',(#7533,#7534,#7535,#7536));
#3847=EDGE_LOOP('',(#7537,#7538,#7539));
#3848=EDGE_LOOP('',(#7540,#7541,#7542,#7543));
#3849=EDGE_LOOP('',(#7544,#7545,#7546,#7547));
#3850=EDGE_LOOP('',(#7548,#7549,#7550,#7551));
#3851=EDGE_LOOP('',(#7552,#7553,#7554,#7555,#7556,#7557));
#3852=EDGE_LOOP('',(#7558,#7559,#7560,#7561,#7562,#7563,#7564));
#3853=EDGE_LOOP('',(#7565,#7566,#7567,#7568));
#3854=EDGE_LOOP('',(#7569));
#3855=EDGE_LOOP('',(#7570));
#3856=EDGE_LOOP('',(#7571,#7572,#7573,#7574));
#3857=EDGE_LOOP('',(#7575));
#3858=EDGE_LOOP('',(#7576));
#3859=EDGE_LOOP('',(#7577,#7578,#7579,#7580));
#3860=EDGE_LOOP('',(#7581));
#3861=EDGE_LOOP('',(#7582,#7583,#7584,#7585));
#3862=EDGE_LOOP('',(#7586));
#3863=EDGE_LOOP('',(#7587,#7588,#7589,#7590,#7591,#7592,#7593,#7594));
#3864=EDGE_LOOP('',(#7595,#7596,#7597,#7598));
#3865=EDGE_LOOP('',(#7599));
#3866=EDGE_LOOP('',(#7600));
#3867=EDGE_LOOP('',(#7601,#7602,#7603,#7604));
#3868=EDGE_LOOP('',(#7605));
#3869=EDGE_LOOP('',(#7606));
#3870=EDGE_LOOP('',(#7607,#7608,#7609,#7610));
#3871=EDGE_LOOP('',(#7611,#7612,#7613,#7614));
#3872=EDGE_LOOP('',(#7615));
#3873=EDGE_LOOP('',(#7616,#7617,#7618,#7619));
#3874=EDGE_LOOP('',(#7620,#7621,#7622,#7623));
#3875=EDGE_LOOP('',(#7624,#7625,#7626,#7627));
#3876=EDGE_LOOP('',(#7628,#7629,#7630,#7631));
#3877=EDGE_LOOP('',(#7632,#7633,#7634,#7635));
#3878=EDGE_LOOP('',(#7636,#7637,#7638,#7639));
#3879=EDGE_LOOP('',(#7640,#7641,#7642,#7643));
#3880=EDGE_LOOP('',(#7644,#7645,#7646,#7647));
#3881=EDGE_LOOP('',(#7648,#7649,#7650,#7651,#7652,#7653,#7654,#7655,#7656,
#7657,#7658,#7659,#7660,#7661,#7662,#7663,#7664,#7665,#7666,#7667,#7668,
#7669,#7670,#7671,#7672,#7673));
#3882=EDGE_LOOP('',(#7674,#7675,#7676,#7677));
#3883=EDGE_LOOP('',(#7678,#7679,#7680,#7681));
#3884=EDGE_LOOP('',(#7682,#7683,#7684,#7685,#7686,#7687,#7688,#7689,#7690,
#7691,#7692,#7693,#7694,#7695,#7696,#7697,#7698,#7699,#7700,#7701,#7702,
#7703,#7704,#7705));
#3885=EDGE_LOOP('',(#7706));
#3886=EDGE_LOOP('',(#7707));
#3887=EDGE_LOOP('',(#7708,#7709,#7710,#7711,#7712,#7713,#7714,#7715));
#3888=EDGE_LOOP('',(#7716,#7717,#7718,#7719));
#3889=EDGE_LOOP('',(#7720,#7721,#7722,#7723));
#3890=EDGE_LOOP('',(#7724,#7725,#7726,#7727));
#3891=EDGE_LOOP('',(#7728,#7729,#7730,#7731));
#3892=EDGE_LOOP('',(#7732));
#3893=EDGE_LOOP('',(#7733,#7734,#7735,#7736));
#3894=EDGE_LOOP('',(#7737));
#3895=EDGE_LOOP('',(#7738,#7739,#7740,#7741));
#3896=EDGE_LOOP('',(#7742,#7743,#7744,#7745));
#3897=EDGE_LOOP('',(#7746,#7747,#7748,#7749));
#3898=EDGE_LOOP('',(#7750,#7751,#7752,#7753));
#3899=EDGE_LOOP('',(#7754,#7755,#7756,#7757));
#3900=EDGE_LOOP('',(#7758,#7759,#7760,#7761));
#3901=EDGE_LOOP('',(#7762,#7763,#7764,#7765,#7766,#7767,#7768,#7769,#7770,
#7771,#7772,#7773,#7774,#7775,#7776));
#3902=EDGE_LOOP('',(#7777));
#3903=EDGE_LOOP('',(#7778));
#3904=EDGE_LOOP('',(#7779));
#3905=EDGE_LOOP('',(#7780,#7781,#7782,#7783,#7784,#7785));
#3906=EDGE_LOOP('',(#7786,#7787,#7788,#7789));
#3907=EDGE_LOOP('',(#7790,#7791,#7792,#7793));
#3908=EDGE_LOOP('',(#7794,#7795,#7796,#7797));
#3909=EDGE_LOOP('',(#7798,#7799,#7800,#7801));
#3910=EDGE_LOOP('',(#7802,#7803,#7804,#7805,#7806,#7807));
#3911=EDGE_LOOP('',(#7808,#7809,#7810,#7811,#7812,#7813));
#3912=EDGE_LOOP('',(#7814,#7815,#7816,#7817));
#3913=EDGE_LOOP('',(#7818,#7819,#7820,#7821,#7822,#7823,#7824,#7825,#7826,
#7827,#7828));
#3914=EDGE_LOOP('',(#7829));
#3915=EDGE_LOOP('',(#7830,#7831,#7832,#7833,#7834,#7835,#7836,#7837,#7838,
#7839));
#3916=EDGE_LOOP('',(#7840,#7841,#7842,#7843,#7844,#7845,#7846));
#3917=EDGE_LOOP('',(#7847,#7848,#7849,#7850));
#3918=EDGE_LOOP('',(#7851,#7852,#7853,#7854));
#3919=EDGE_LOOP('',(#7855,#7856,#7857,#7858));
#3920=EDGE_LOOP('',(#7859,#7860,#7861,#7862));
#3921=EDGE_LOOP('',(#7863,#7864,#7865,#7866));
#3922=EDGE_LOOP('',(#7867,#7868,#7869,#7870));
#3923=EDGE_LOOP('',(#7871,#7872,#7873,#7874));
#3924=EDGE_LOOP('',(#7875,#7876,#7877,#7878));
#3925=EDGE_LOOP('',(#7879,#7880,#7881,#7882));
#3926=EDGE_LOOP('',(#7883,#7884,#7885,#7886));
#3927=EDGE_LOOP('',(#7887,#7888,#7889,#7890));
#3928=EDGE_LOOP('',(#7891,#7892,#7893,#7894));
#3929=EDGE_LOOP('',(#7895,#7896,#7897,#7898));
#3930=EDGE_LOOP('',(#7899,#7900,#7901,#7902,#7903,#7904,#7905,#7906,#7907,
#7908,#7909,#7910,#7911,#7912));
#3931=EDGE_LOOP('',(#7913,#7914,#7915,#7916));
#3932=EDGE_LOOP('',(#7917,#7918,#7919,#7920,#7921,#7922,#7923,#7924,#7925,
#7926,#7927,#7928,#7929,#7930));
#3933=EDGE_LOOP('',(#7931,#7932,#7933,#7934,#7935,#7936,#7937,#7938));
#3934=EDGE_LOOP('',(#7939,#7940,#7941,#7942,#7943,#7944));
#3935=EDGE_LOOP('',(#7945,#7946,#7947,#7948));
#3936=EDGE_LOOP('',(#7949,#7950,#7951,#7952));
#3937=EDGE_LOOP('',(#7953,#7954,#7955,#7956));
#3938=EDGE_LOOP('',(#7957,#7958,#7959,#7960));
#3939=EDGE_LOOP('',(#7961,#7962,#7963,#7964,#7965,#7966,#7967,#7968));
#3940=EDGE_LOOP('',(#7969,#7970,#7971,#7972,#7973));
#3941=EDGE_LOOP('',(#7974));
#3942=EDGE_LOOP('',(#7975));
#3943=EDGE_LOOP('',(#7976));
#3944=EDGE_LOOP('',(#7977));
#3945=EDGE_LOOP('',(#7978));
#3946=EDGE_LOOP('',(#7979));
#3947=EDGE_LOOP('',(#7980));
#3948=EDGE_LOOP('',(#7981));
#3949=EDGE_LOOP('',(#7982));
#3950=EDGE_LOOP('',(#7983));
#3951=EDGE_LOOP('',(#7984));
#3952=EDGE_LOOP('',(#7985));
#3953=EDGE_LOOP('',(#7986,#7987,#7988,#7989));
#3954=EDGE_LOOP('',(#7990,#7991,#7992));
#3955=EDGE_LOOP('',(#7993,#7994,#7995,#7996,#7997));
#3956=EDGE_LOOP('',(#7998,#7999,#8000,#8001));
#3957=EDGE_LOOP('',(#8002,#8003,#8004,#8005,#8006));
#3958=EDGE_LOOP('',(#8007,#8008,#8009));
#3959=EDGE_LOOP('',(#8010,#8011,#8012,#8013,#8014,#8015,#8016,#8017,#8018));
#3960=EDGE_LOOP('',(#8019,#8020,#8021,#8022));
#3961=EDGE_LOOP('',(#8023,#8024,#8025,#8026));
#3962=EDGE_LOOP('',(#8027,#8028,#8029,#8030));
#3963=EDGE_LOOP('',(#8031,#8032,#8033,#8034));
#3964=EDGE_LOOP('',(#8035,#8036,#8037,#8038));
#3965=EDGE_LOOP('',(#8039,#8040,#8041,#8042));
#3966=EDGE_LOOP('',(#8043,#8044,#8045,#8046));
#3967=EDGE_LOOP('',(#8047,#8048,#8049,#8050));
#3968=EDGE_LOOP('',(#8051,#8052,#8053,#8054));
#3969=EDGE_LOOP('',(#8055,#8056,#8057,#8058));
#3970=EDGE_LOOP('',(#8059,#8060,#8061,#8062));
#3971=EDGE_LOOP('',(#8063,#8064,#8065,#8066));
#3972=EDGE_LOOP('',(#8067,#8068,#8069,#8070));
#3973=EDGE_LOOP('',(#8071,#8072,#8073,#8074));
#3974=EDGE_LOOP('',(#8075,#8076,#8077,#8078));
#3975=EDGE_LOOP('',(#8079,#8080,#8081,#8082));
#3976=EDGE_LOOP('',(#8083,#8084,#8085,#8086));
#3977=EDGE_LOOP('',(#8087,#8088,#8089,#8090,#8091,#8092,#8093,#8094,#8095,
#8096,#8097,#8098,#8099,#8100));
#3978=EDGE_LOOP('',(#8101,#8102,#8103,#8104));
#3979=EDGE_LOOP('',(#8105,#8106,#8107,#8108,#8109,#8110,#8111,#8112,#8113,
#8114,#8115,#8116,#8117,#8118));
#3980=EDGE_LOOP('',(#8119,#8120,#8121,#8122));
#3981=EDGE_LOOP('',(#8123,#8124,#8125,#8126));
#3982=EDGE_LOOP('',(#8127,#8128,#8129,#8130));
#3983=EDGE_LOOP('',(#8131,#8132,#8133,#8134));
#3984=EDGE_LOOP('',(#8135,#8136,#8137,#8138));
#3985=EDGE_LOOP('',(#8139,#8140,#8141,#8142));
#3986=EDGE_LOOP('',(#8143,#8144,#8145,#8146));
#3987=EDGE_LOOP('',(#8147,#8148,#8149,#8150,#8151,#8152,#8153,#8154,#8155,
#8156,#8157,#8158,#8159,#8160));
#3988=EDGE_LOOP('',(#8161,#8162,#8163,#8164));
#3989=EDGE_LOOP('',(#8165,#8166,#8167,#8168,#8169,#8170,#8171,#8172,#8173,
#8174,#8175,#8176,#8177,#8178));
#3990=EDGE_LOOP('',(#8179,#8180,#8181,#8182));
#3991=EDGE_LOOP('',(#8183,#8184,#8185,#8186));
#3992=EDGE_LOOP('',(#8187,#8188,#8189,#8190));
#3993=EDGE_LOOP('',(#8191,#8192,#8193,#8194));
#3994=EDGE_LOOP('',(#8195,#8196,#8197,#8198));
#3995=EDGE_LOOP('',(#8199,#8200,#8201,#8202));
#3996=EDGE_LOOP('',(#8203,#8204,#8205,#8206));
#3997=EDGE_LOOP('',(#8207,#8208,#8209,#8210));
#3998=EDGE_LOOP('',(#8211,#8212,#8213,#8214));
#3999=EDGE_LOOP('',(#8215,#8216,#8217,#8218));
#4000=EDGE_LOOP('',(#8219,#8220,#8221,#8222));
#4001=EDGE_LOOP('',(#8223,#8224,#8225,#8226));
#4002=EDGE_LOOP('',(#8227,#8228,#8229,#8230));
#4003=EDGE_LOOP('',(#8231,#8232,#8233,#8234));
#4004=EDGE_LOOP('',(#8235,#8236,#8237,#8238));
#4005=EDGE_LOOP('',(#8239,#8240,#8241,#8242));
#4006=EDGE_LOOP('',(#8243,#8244,#8245,#8246));
#4007=EDGE_LOOP('',(#8247,#8248,#8249,#8250,#8251));
#4008=EDGE_LOOP('',(#8252,#8253,#8254,#8255));
#4009=EDGE_LOOP('',(#8256,#8257,#8258,#8259));
#4010=EDGE_LOOP('',(#8260,#8261,#8262,#8263));
#4011=EDGE_LOOP('',(#8264,#8265,#8266,#8267));
#4012=EDGE_LOOP('',(#8268,#8269,#8270,#8271));
#4013=EDGE_LOOP('',(#8272,#8273,#8274,#8275));
#4014=EDGE_LOOP('',(#8276,#8277,#8278,#8279,#8280,#8281,#8282,#8283,#8284,
#8285,#8286,#8287,#8288,#8289,#8290));
#4015=EDGE_LOOP('',(#8291,#8292,#8293,#8294));
#4016=EDGE_LOOP('',(#8295,#8296,#8297,#8298,#8299,#8300,#8301,#8302,#8303,
#8304,#8305,#8306,#8307,#8308));
#4017=EDGE_LOOP('',(#8309,#8310,#8311,#8312));
#4018=EDGE_LOOP('',(#8313,#8314,#8315,#8316));
#4019=EDGE_LOOP('',(#8317,#8318,#8319,#8320));
#4020=EDGE_LOOP('',(#8321,#8322,#8323,#8324));
#4021=EDGE_LOOP('',(#8325,#8326,#8327,#8328));
#4022=EDGE_LOOP('',(#8329,#8330,#8331,#8332));
#4023=EDGE_LOOP('',(#8333,#8334,#8335,#8336));
#4024=EDGE_LOOP('',(#8337,#8338,#8339,#8340));
#4025=EDGE_LOOP('',(#8341,#8342,#8343,#8344,#8345,#8346,#8347,#8348,#8349,
#8350,#8351,#8352,#8353,#8354));
#4026=EDGE_LOOP('',(#8355,#8356,#8357,#8358,#8359,#8360,#8361,#8362,#8363,
#8364,#8365,#8366,#8367,#8368));
#4027=EDGE_LOOP('',(#8369,#8370,#8371,#8372));
#4028=EDGE_LOOP('',(#8373,#8374,#8375,#8376));
#4029=EDGE_LOOP('',(#8377,#8378,#8379,#8380));
#4030=EDGE_LOOP('',(#8381,#8382,#8383,#8384));
#4031=EDGE_LOOP('',(#8385,#8386,#8387,#8388));
#4032=EDGE_LOOP('',(#8389,#8390,#8391,#8392));
#4033=EDGE_LOOP('',(#8393,#8394,#8395,#8396));
#4034=EDGE_LOOP('',(#8397,#8398,#8399,#8400));
#4035=EDGE_LOOP('',(#8401,#8402,#8403,#8404,#8405,#8406,#8407,#8408,#8409,
#8410,#8411,#8412,#8413,#8414));
#4036=EDGE_LOOP('',(#8415,#8416,#8417,#8418,#8419,#8420,#8421,#8422,#8423,
#8424,#8425,#8426,#8427,#8428));
#4037=EDGE_LOOP('',(#8429,#8430,#8431,#8432));
#4038=EDGE_LOOP('',(#8433,#8434,#8435,#8436));
#4039=EDGE_LOOP('',(#8437,#8438,#8439,#8440));
#4040=EDGE_LOOP('',(#8441,#8442,#8443,#8444));
#4041=EDGE_LOOP('',(#8445,#8446,#8447,#8448));
#4042=EDGE_LOOP('',(#8449,#8450,#8451,#8452));
#4043=EDGE_LOOP('',(#8453,#8454,#8455,#8456));
#4044=EDGE_LOOP('',(#8457,#8458,#8459,#8460));
#4045=EDGE_LOOP('',(#8461,#8462,#8463,#8464));
#4046=EDGE_LOOP('',(#8465,#8466,#8467,#8468));
#4047=EDGE_LOOP('',(#8469,#8470,#8471,#8472));
#4048=EDGE_LOOP('',(#8473,#8474,#8475,#8476));
#4049=EDGE_LOOP('',(#8477,#8478,#8479,#8480));
#4050=EDGE_LOOP('',(#8481,#8482,#8483,#8484));
#4051=EDGE_LOOP('',(#8485,#8486,#8487,#8488));
#4052=EDGE_LOOP('',(#8489,#8490,#8491,#8492));
#4053=EDGE_LOOP('',(#8493,#8494,#8495,#8496,#8497,#8498,#8499,#8500,#8501,
#8502,#8503,#8504,#8505,#8506));
#4054=EDGE_LOOP('',(#8507,#8508,#8509,#8510,#8511,#8512,#8513,#8514,#8515,
#8516,#8517,#8518,#8519,#8520));
#4055=EDGE_LOOP('',(#8521,#8522,#8523,#8524));
#4056=EDGE_LOOP('',(#8525,#8526,#8527,#8528));
#4057=EDGE_LOOP('',(#8529,#8530,#8531,#8532));
#4058=EDGE_LOOP('',(#8533,#8534,#8535,#8536));
#4059=EDGE_LOOP('',(#8537,#8538,#8539,#8540));
#4060=EDGE_LOOP('',(#8541,#8542,#8543,#8544));
#4061=EDGE_LOOP('',(#8545,#8546,#8547,#8548));
#4062=EDGE_LOOP('',(#8549,#8550,#8551,#8552));
#4063=EDGE_LOOP('',(#8553,#8554,#8555,#8556,#8557,#8558,#8559,#8560,#8561,
#8562,#8563,#8564,#8565,#8566));
#4064=EDGE_LOOP('',(#8567,#8568,#8569,#8570,#8571,#8572,#8573,#8574,#8575,
#8576,#8577,#8578,#8579,#8580));
#4065=EDGE_LOOP('',(#8581,#8582,#8583,#8584));
#4066=EDGE_LOOP('',(#8585,#8586,#8587,#8588));
#4067=EDGE_LOOP('',(#8589,#8590,#8591,#8592));
#4068=EDGE_LOOP('',(#8593,#8594,#8595,#8596));
#4069=EDGE_LOOP('',(#8597,#8598,#8599,#8600));
#4070=EDGE_LOOP('',(#8601,#8602,#8603,#8604));
#4071=EDGE_LOOP('',(#8605,#8606,#8607,#8608));
#4072=EDGE_LOOP('',(#8609,#8610,#8611,#8612));
#4073=EDGE_LOOP('',(#8613,#8614,#8615,#8616));
#4074=EDGE_LOOP('',(#8617,#8618,#8619,#8620));
#4075=EDGE_LOOP('',(#8621,#8622,#8623,#8624));
#4076=EDGE_LOOP('',(#8625,#8626,#8627,#8628,#8629,#8630,#8631,#8632,#8633,
#8634,#8635,#8636,#8637,#8638));
#4077=EDGE_LOOP('',(#8639,#8640,#8641,#8642));
#4078=EDGE_LOOP('',(#8643,#8644,#8645,#8646,#8647,#8648,#8649,#8650,#8651,
#8652,#8653,#8654,#8655,#8656));
#4079=EDGE_LOOP('',(#8657,#8658,#8659,#8660));
#4080=EDGE_LOOP('',(#8661,#8662,#8663,#8664));
#4081=EDGE_LOOP('',(#8665,#8666,#8667,#8668));
#4082=EDGE_LOOP('',(#8669,#8670,#8671,#8672));
#4083=EDGE_LOOP('',(#8673,#8674,#8675,#8676));
#4084=EDGE_LOOP('',(#8677,#8678,#8679,#8680));
#4085=EDGE_LOOP('',(#8681,#8682,#8683,#8684));
#4086=EDGE_LOOP('',(#8685,#8686,#8687,#8688));
#4087=EDGE_LOOP('',(#8689,#8690,#8691,#8692));
#4088=EDGE_LOOP('',(#8693,#8694,#8695,#8696));
#4089=EDGE_LOOP('',(#8697,#8698,#8699,#8700));
#4090=EDGE_LOOP('',(#8701,#8702,#8703,#8704,#8705,#8706,#8707,#8708,#8709,
#8710));
#4091=EDGE_LOOP('',(#8711,#8712,#8713,#8714));
#4092=EDGE_LOOP('',(#8715,#8716,#8717,#8718));
#4093=EDGE_LOOP('',(#8719,#8720,#8721,#8722));
#4094=EDGE_LOOP('',(#8723,#8724,#8725));
#4095=EDGE_LOOP('',(#8726,#8727,#8728,#8729));
#4096=EDGE_LOOP('',(#8730,#8731,#8732,#8733));
#4097=EDGE_LOOP('',(#8734,#8735,#8736,#8737));
#4098=EDGE_LOOP('',(#8738,#8739,#8740));
#4099=EDGE_LOOP('',(#8741,#8742,#8743,#8744));
#4100=EDGE_LOOP('',(#8745,#8746,#8747,#8748));
#4101=EDGE_LOOP('',(#8749,#8750,#8751,#8752,#8753,#8754,#8755,#8756));
#4102=EDGE_LOOP('',(#8757,#8758,#8759,#8760));
#4103=EDGE_LOOP('',(#8761,#8762,#8763,#8764));
#4104=EDGE_LOOP('',(#8765,#8766,#8767,#8768));
#4105=EDGE_LOOP('',(#8769,#8770,#8771,#8772));
#4106=EDGE_LOOP('',(#8773,#8774,#8775,#8776));
#4107=EDGE_LOOP('',(#8777,#8778,#8779,#8780));
#4108=EDGE_LOOP('',(#8781,#8782,#8783,#8784));
#4109=EDGE_LOOP('',(#8785,#8786,#8787,#8788));
#4110=EDGE_LOOP('',(#8789,#8790,#8791,#8792));
#4111=EDGE_LOOP('',(#8793,#8794,#8795,#8796));
#4112=EDGE_LOOP('',(#8797,#8798,#8799,#8800));
#4113=EDGE_LOOP('',(#8801,#8802,#8803,#8804));
#4114=EDGE_LOOP('',(#8805,#8806,#8807,#8808));
#4115=EDGE_LOOP('',(#8809,#8810,#8811,#8812));
#4116=EDGE_LOOP('',(#8813,#8814,#8815,#8816,#8817,#8818,#8819,#8820));
#4117=EDGE_LOOP('',(#8821,#8822,#8823,#8824));
#4118=EDGE_LOOP('',(#8825,#8826,#8827,#8828,#8829,#8830,#8831,#8832));
#4119=EDGE_LOOP('',(#8833,#8834,#8835,#8836));
#4120=EDGE_LOOP('',(#8837,#8838,#8839,#8840));
#4121=EDGE_LOOP('',(#8841,#8842,#8843,#8844));
#4122=EDGE_LOOP('',(#8845,#8846,#8847,#8848));
#4123=EDGE_LOOP('',(#8849,#8850,#8851,#8852));
#4124=EDGE_LOOP('',(#8853,#8854,#8855,#8856,#8857,#8858,#8859,#8860));
#4125=EDGE_LOOP('',(#8861,#8862,#8863,#8864));
#4126=EDGE_LOOP('',(#8865,#8866,#8867,#8868,#8869,#8870,#8871,#8872));
#4127=EDGE_LOOP('',(#8873,#8874,#8875,#8876));
#4128=EDGE_LOOP('',(#8877,#8878,#8879,#8880));
#4129=EDGE_LOOP('',(#8881,#8882,#8883,#8884));
#4130=EDGE_LOOP('',(#8885,#8886,#8887,#8888));
#4131=EDGE_LOOP('',(#8889,#8890,#8891,#8892));
#4132=EDGE_LOOP('',(#8893,#8894,#8895,#8896,#8897,#8898,#8899,#8900,#8901));
#4133=EDGE_LOOP('',(#8902,#8903,#8904,#8905,#8906,#8907,#8908,#8909));
#4134=EDGE_LOOP('',(#8910,#8911,#8912,#8913));
#4135=EDGE_LOOP('',(#8914,#8915,#8916,#8917,#8918,#8919,#8920,#8921));
#4136=EDGE_LOOP('',(#8922,#8923,#8924,#8925));
#4137=EDGE_LOOP('',(#8926,#8927,#8928,#8929));
#4138=EDGE_LOOP('',(#8930,#8931,#8932,#8933));
#4139=EDGE_LOOP('',(#8934,#8935,#8936,#8937));
#4140=EDGE_LOOP('',(#8938,#8939,#8940,#8941));
#4141=EDGE_LOOP('',(#8942,#8943,#8944,#8945));
#4142=EDGE_LOOP('',(#8946,#8947,#8948,#8949));
#4143=EDGE_LOOP('',(#8950,#8951,#8952,#8953));
#4144=EDGE_LOOP('',(#8954,#8955,#8956,#8957));
#4145=EDGE_LOOP('',(#8958,#8959,#8960,#8961));
#4146=EDGE_LOOP('',(#8962,#8963,#8964,#8965));
#4147=EDGE_LOOP('',(#8966,#8967,#8968,#8969));
#4148=EDGE_LOOP('',(#8970,#8971,#8972,#8973));
#4149=EDGE_LOOP('',(#8974,#8975,#8976,#8977,#8978,#8979,#8980,#8981,#8982,
#8983,#8984,#8985,#8986,#8987,#8988));
#4150=EDGE_LOOP('',(#8989));
#4151=EDGE_LOOP('',(#8990));
#4152=EDGE_LOOP('',(#8991));
#4153=EDGE_LOOP('',(#8992,#8993,#8994,#8995,#8996,#8997));
#4154=EDGE_LOOP('',(#8998,#8999,#9000,#9001));
#4155=EDGE_LOOP('',(#9002,#9003,#9004,#9005));
#4156=EDGE_LOOP('',(#9006,#9007,#9008,#9009));
#4157=EDGE_LOOP('',(#9010,#9011,#9012,#9013));
#4158=EDGE_LOOP('',(#9014,#9015,#9016,#9017));
#4159=EDGE_LOOP('',(#9018,#9019,#9020,#9021));
#4160=EDGE_LOOP('',(#9022,#9023,#9024,#9025));
#4161=EDGE_LOOP('',(#9026,#9027,#9028,#9029));
#4162=EDGE_LOOP('',(#9030,#9031,#9032,#9033));
#4163=EDGE_LOOP('',(#9034,#9035,#9036,#9037,#9038,#9039,#9040,#9041,#9042,
#9043,#9044,#9045,#9046,#9047,#9048,#9049,#9050,#9051,#9052,#9053,#9054,
#9055,#9056,#9057,#9058,#9059));
#4164=EDGE_LOOP('',(#9060));
#4165=EDGE_LOOP('',(#9061));
#4166=EDGE_LOOP('',(#9062));
#4167=EDGE_LOOP('',(#9063,#9064,#9065,#9066,#9067,#9068,#9069,#9070,#9071,
#9072,#9073,#9074,#9075,#9076,#9077,#9078,#9079,#9080,#9081,#9082,#9083,
#9084,#9085,#9086,#9087,#9088));
#4168=EDGE_LOOP('',(#9089));
#4169=EDGE_LOOP('',(#9090));
#4170=EDGE_LOOP('',(#9091));
#4171=EDGE_LOOP('',(#9092,#9093,#9094,#9095));
#4172=EDGE_LOOP('',(#9096,#9097,#9098,#9099));
#4173=EDGE_LOOP('',(#9100,#9101,#9102,#9103));
#4174=EDGE_LOOP('',(#9104,#9105,#9106,#9107));
#4175=EDGE_LOOP('',(#9108,#9109,#9110,#9111));
#4176=EDGE_LOOP('',(#9112,#9113,#9114,#9115));
#4177=EDGE_LOOP('',(#9116,#9117,#9118,#9119));
#4178=EDGE_LOOP('',(#9120,#9121,#9122,#9123));
#4179=EDGE_LOOP('',(#9124,#9125,#9126,#9127));
#4180=EDGE_LOOP('',(#9128,#9129,#9130,#9131));
#4181=EDGE_LOOP('',(#9132,#9133,#9134,#9135));
#4182=EDGE_LOOP('',(#9136,#9137,#9138,#9139,#9140,#9141,#9142,#9143));
#4183=EDGE_LOOP('',(#9144,#9145,#9146,#9147));
#4184=EDGE_LOOP('',(#9148));
#4185=EDGE_LOOP('',(#9149));
#4186=EDGE_LOOP('',(#9150,#9151,#9152,#9153));
#4187=EDGE_LOOP('',(#9154));
#4188=EDGE_LOOP('',(#9155));
#4189=EDGE_LOOP('',(#9156,#9157,#9158,#9159));
#4190=EDGE_LOOP('',(#9160));
#4191=EDGE_LOOP('',(#9161));
#4192=EDGE_LOOP('',(#9162,#9163,#9164,#9165));
#4193=EDGE_LOOP('',(#9166,#9167,#9168,#9169));
#4194=EDGE_LOOP('',(#9170,#9171,#9172,#9173));
#4195=EDGE_LOOP('',(#9174,#9175,#9176,#9177,#9178,#9179));
#4196=EDGE_LOOP('',(#9180,#9181,#9182,#9183));
#4197=EDGE_LOOP('',(#9184,#9185,#9186,#9187));
#4198=EDGE_LOOP('',(#9188,#9189,#9190,#9191));
#4199=EDGE_LOOP('',(#9192,#9193,#9194,#9195));
#4200=EDGE_LOOP('',(#9196,#9197,#9198,#9199));
#4201=EDGE_LOOP('',(#9200,#9201,#9202,#9203,#9204));
#4202=EDGE_LOOP('',(#9205,#9206,#9207,#9208));
#4203=EDGE_LOOP('',(#9209));
#4204=EDGE_LOOP('',(#9210));
#4205=EDGE_LOOP('',(#9211,#9212,#9213,#9214));
#4206=EDGE_LOOP('',(#9215));
#4207=EDGE_LOOP('',(#9216));
#4208=EDGE_LOOP('',(#9217,#9218,#9219,#9220));
#4209=EDGE_LOOP('',(#9221));
#4210=EDGE_LOOP('',(#9222));
#4211=B_SPLINE_CURVE_WITH_KNOTS('',3,(#13570,#13571,#13572,#13573,#13574,
#13575,#13576,#13577,#13578,#13579,#13580,#13581,#13582,#13583,#13584,#13585,
#13586,#13587,#13588,#13589,#13590,#13591,#13592,#13593,#13594,#13595,#13596,
#13597,#13598,#13599,#13600,#13601,#13602,#13603,#13604,#13605,#13606,#13607,
#13608,#13609,#13610,#13611,#13612,#13613,#13614,#13615,#13616,#13617,#13618,
#13619,#13620,#13621,#13622,#13623,#13624,#13625,#13626,#13627,#13628,#13629,
#13630,#13631,#13632,#13633,#13634,#13635,#13636,#13637,#13638,#13639,#13640,
#13641,#13642,#13643,#13644,#13645,#13646,#13647,#13648,#13649,#13650,#13651,
#13652,#13653,#13654),.UNSPECIFIED.,.F.,.F.,(4,3,3,3,3,3,3,3,3,3,3,3,3,
3,3,3,3,3,3,3,3,3,3,3,3,3,3,3,4),(0.,0.0322583393921704,0.06561566775019,
0.0999326864609884,0.107680472084053,0.13772816916031,0.168560392125169,
0.200261893139979,0.203003615382201,0.236505180323473,0.26957152945943,
0.30329070230336,0.337009875147289,0.369525013027671,0.397761176253141,
0.430287204155697,0.463116222129669,0.495572584000039,0.527439986728394,
0.55818253138342,0.570652909887663,0.586020038474905,0.618771472671435,
0.651512555391612,0.683755383138378,0.714618633559567,0.744554948307291,
0.773062094579406,0.791271517709307),.UNSPECIFIED.);
#4212=B_SPLINE_CURVE_WITH_KNOTS('',3,(#13656,#13657,#13658,#13659),
 .UNSPECIFIED.,.F.,.F.,(4,4),(-2.,0.),.UNSPECIFIED.);
#4213=B_SPLINE_CURVE_WITH_KNOTS('',3,(#13660,#13661,#13662,#13663),
 .UNSPECIFIED.,.F.,.F.,(4,4),(0.,2.),.UNSPECIFIED.);
#4214=B_SPLINE_CURVE_WITH_KNOTS('',3,(#13668,#13669,#13670,#13671),
 .UNSPECIFIED.,.F.,.F.,(4,4),(7.,9.),.UNSPECIFIED.);
#4215=B_SPLINE_CURVE_WITH_KNOTS('',3,(#13681,#13682,#13683,#13684,#13685,
#13686,#13687,#13688,#13689,#13690),.UNSPECIFIED.,.F.,.F.,(4,2,2,2,4),(0.,
0.199014036886009,0.396905709691424,0.588840376841373,0.788566120517422),
 .UNSPECIFIED.);
#4216=B_SPLINE_CURVE_WITH_KNOTS('',3,(#13693,#13694,#13695,#13696,#13697,
#13698,#13699,#13700,#13701,#13702,#13703,#13704,#13705,#13706,#13707,#13708,
#13709,#13710,#13711,#13712,#13713,#13714,#13715,#13716,#13717,#13718,#13719,
#13720,#13721,#13722,#13723,#13724,#13725,#13726,#13727,#13728,#13729,#13730,
#13731,#13732,#13733,#13734,#13735,#13736,#13737,#13738,#13739,#13740,#13741,
#13742,#13743,#13744,#13745,#13746,#13747,#13748,#13749,#13750,#13751,#13752,
#13753,#13754,#13755,#13756,#13757,#13758,#13759,#13760,#13761,#13762,#13763,
#13764,#13765,#13766,#13767,#13768,#13769,#13770,#13771,#13772,#13773,#13774,
#13775,#13776,#13777),.UNSPECIFIED.,.F.,.F.,(4,3,3,3,3,3,3,3,3,3,3,3,3,
3,3,3,3,3,3,3,3,3,3,3,3,3,3,3,4),(0.,0.0285601393569115,0.0581694384515748,
0.0888407897055159,0.120925816311826,0.153534076720342,0.186279600337552,
0.203003615382206,0.220594180179774,0.251356316006717,0.283010797261733,
0.315648715456108,0.348490766783818,0.381009191331862,0.397761176253187,
0.430236103609145,0.454280952534307,0.487223325602592,0.520355003865342,
0.55318752117018,0.586020038475018,0.617605349941386,0.648531104819374,
0.678342633938402,0.68358379520625,0.717861992741302,0.751405638245129,
0.783326244300276,0.791271517709514),.UNSPECIFIED.);
#4217=B_SPLINE_CURVE_WITH_KNOTS('',3,(#13814,#13815,#13816,#13817),
 .UNSPECIFIED.,.F.,.F.,(4,4),(-9.,-7.),.UNSPECIFIED.);
#4218=B_SPLINE_CURVE_WITH_KNOTS('',3,(#13820,#13821,#13822,#13823),
 .UNSPECIFIED.,.F.,.F.,(4,4),(4.35053992039934,9.),.UNSPECIFIED.);
#4219=B_SPLINE_CURVE_WITH_KNOTS('',3,(#13875,#13876,#13877,#13878),
 .UNSPECIFIED.,.F.,.F.,(4,4),(-9.,-4.35053992039934),.UNSPECIFIED.);
#4220=B_SPLINE_CURVE_WITH_KNOTS('',3,(#15035,#15036,#15037,#15038,#15039,
#15040,#15041,#15042,#15043,#15044,#15045,#15046),.UNSPECIFIED.,.F.,.F.,
(4,2,2,2,2,4),(0.,0.00113168653499201,0.00616421041513006,0.00986485721648271,
0.0133494904257065,0.0134063774754378),.UNSPECIFIED.);
#4221=B_SPLINE_CURVE_WITH_KNOTS('',3,(#15050,#15051,#15052,#15053,#15054,
#15055,#15056,#15057,#15058,#15059),.UNSPECIFIED.,.F.,.F.,(4,2,2,2,4),(-5.6950746149267E-5,
0.,0.00384204666688619,0.00806662175761162,0.0133725193998257),
 .UNSPECIFIED.);
#4222=B_SPLINE_CURVE_WITH_KNOTS('',3,(#15648,#15649,#15650,#15651,#15652,
#15653,#15654,#15655,#15656,#15657,#15658,#15659,#15660,#15661,#15662,#15663,
#15664,#15665,#15666,#15667,#15668,#15669,#15670,#15671,#15672,#15673,#15674,
#15675,#15676,#15677,#15678),.UNSPECIFIED.,.F.,.F.,(4,3,3,3,3,3,3,3,3,3,
4),(0.,0.0100457687878298,0.0202909965461091,0.0271666225787745,0.0374359988013674,
0.0452250758722398,0.0545194743798335,0.0647436579707387,0.0723911953063635,
0.082643680101885,0.0902123490876882),.UNSPECIFIED.);
#4223=B_SPLINE_CURVE_WITH_KNOTS('',3,(#15715,#15716,#15717,#15718,#15719,
#15720,#15721,#15722,#15723,#15724,#15725,#15726,#15727,#15728,#15729,#15730,
#15731,#15732,#15733,#15734,#15735,#15736,#15737,#15738,#15739,#15740,#15741,
#15742,#15743,#15744,#15745),.UNSPECIFIED.,.F.,.F.,(4,3,3,3,3,3,3,3,3,3,
4),(0.,0.0101201047244166,0.0204027233146601,0.0278776509411099,0.0381224085201929,
0.0450764034964972,0.0556250150919318,0.0658607231380069,0.0729297126173598,
0.0830959335440258,0.0902383987074588),.UNSPECIFIED.);
#4224=VERTEX_POINT('',#13568);
#4225=VERTEX_POINT('',#13569);
#4226=VERTEX_POINT('',#13655);
#4227=VERTEX_POINT('',#13665);
#4228=VERTEX_POINT('',#13667);
#4229=VERTEX_POINT('',#13674);
#4230=VERTEX_POINT('',#13676);
#4231=VERTEX_POINT('',#13678);
#4232=VERTEX_POINT('',#13680);
#4233=VERTEX_POINT('',#13691);
#4234=VERTEX_POINT('',#13778);
#4235=VERTEX_POINT('',#13780);
#4236=VERTEX_POINT('',#13782);
#4237=VERTEX_POINT('',#13784);
#4238=VERTEX_POINT('',#13819);
#4239=VERTEX_POINT('',#13824);
#4240=VERTEX_POINT('',#13826);
#4241=VERTEX_POINT('',#13828);
#4242=VERTEX_POINT('',#13830);
#4243=VERTEX_POINT('',#13832);
#4244=VERTEX_POINT('',#13834);
#4245=VERTEX_POINT('',#13836);
#4246=VERTEX_POINT('',#13838);
#4247=VERTEX_POINT('',#13841);
#4248=VERTEX_POINT('',#13843);
#4249=VERTEX_POINT('',#13845);
#4250=VERTEX_POINT('',#13880);
#4251=VERTEX_POINT('',#13882);
#4252=VERTEX_POINT('',#13884);
#4253=VERTEX_POINT('',#13886);
#4254=VERTEX_POINT('',#13888);
#4255=VERTEX_POINT('',#13890);
#4256=VERTEX_POINT('',#13892);
#4257=VERTEX_POINT('',#13895);
#4258=VERTEX_POINT('',#13900);
#4259=VERTEX_POINT('',#13902);
#4260=VERTEX_POINT('',#13904);
#4261=VERTEX_POINT('',#13906);
#4262=VERTEX_POINT('',#13908);
#4263=VERTEX_POINT('',#13910);
#4264=VERTEX_POINT('',#13912);
#4265=VERTEX_POINT('',#13914);
#4266=VERTEX_POINT('',#13916);
#4267=VERTEX_POINT('',#13919);
#4268=VERTEX_POINT('',#13921);
#4269=VERTEX_POINT('',#13923);
#4270=VERTEX_POINT('',#13926);
#4271=VERTEX_POINT('',#13927);
#4272=VERTEX_POINT('',#13929);
#4273=VERTEX_POINT('',#13931);
#4274=VERTEX_POINT('',#13935);
#4275=VERTEX_POINT('',#13937);
#4276=VERTEX_POINT('',#13941);
#4277=VERTEX_POINT('',#13942);
#4278=VERTEX_POINT('',#13944);
#4279=VERTEX_POINT('',#13946);
#4280=VERTEX_POINT('',#13950);
#4281=VERTEX_POINT('',#13952);
#4282=VERTEX_POINT('',#13954);
#4283=VERTEX_POINT('',#13958);
#4284=VERTEX_POINT('',#13960);
#4285=VERTEX_POINT('',#13962);
#4286=VERTEX_POINT('',#13964);
#4287=VERTEX_POINT('',#13966);
#4288=VERTEX_POINT('',#13968);
#4289=VERTEX_POINT('',#13972);
#4290=VERTEX_POINT('',#13974);
#4291=VERTEX_POINT('',#13976);
#4292=VERTEX_POINT('',#13978);
#4293=VERTEX_POINT('',#13980);
#4294=VERTEX_POINT('',#13982);
#4295=VERTEX_POINT('',#13984);
#4296=VERTEX_POINT('',#13986);
#4297=VERTEX_POINT('',#13988);
#4298=VERTEX_POINT('',#13990);
#4299=VERTEX_POINT('',#13992);
#4300=VERTEX_POINT('',#13994);
#4301=VERTEX_POINT('',#13996);
#4302=VERTEX_POINT('',#13998);
#4303=VERTEX_POINT('',#14000);
#4304=VERTEX_POINT('',#14002);
#4305=VERTEX_POINT('',#14004);
#4306=VERTEX_POINT('',#14006);
#4307=VERTEX_POINT('',#14008);
#4308=VERTEX_POINT('',#14010);
#4309=VERTEX_POINT('',#14012);
#4310=VERTEX_POINT('',#14014);
#4311=VERTEX_POINT('',#14017);
#4312=VERTEX_POINT('',#14020);
#4313=VERTEX_POINT('',#14022);
#4314=VERTEX_POINT('',#14024);
#4315=VERTEX_POINT('',#14025);
#4316=VERTEX_POINT('',#14027);
#4317=VERTEX_POINT('',#14029);
#4318=VERTEX_POINT('',#14032);
#4319=VERTEX_POINT('',#14033);
#4320=VERTEX_POINT('',#14035);
#4321=VERTEX_POINT('',#14037);
#4322=VERTEX_POINT('',#14040);
#4323=VERTEX_POINT('',#14041);
#4324=VERTEX_POINT('',#14043);
#4325=VERTEX_POINT('',#14045);
#4326=VERTEX_POINT('',#14048);
#4327=VERTEX_POINT('',#14049);
#4328=VERTEX_POINT('',#14051);
#4329=VERTEX_POINT('',#14053);
#4330=VERTEX_POINT('',#14056);
#4331=VERTEX_POINT('',#14057);
#4332=VERTEX_POINT('',#14059);
#4333=VERTEX_POINT('',#14061);
#4334=VERTEX_POINT('',#14064);
#4335=VERTEX_POINT('',#14065);
#4336=VERTEX_POINT('',#14067);
#4337=VERTEX_POINT('',#14069);
#4338=VERTEX_POINT('',#14072);
#4339=VERTEX_POINT('',#14073);
#4340=VERTEX_POINT('',#14075);
#4341=VERTEX_POINT('',#14077);
#4342=VERTEX_POINT('',#14080);
#4343=VERTEX_POINT('',#14081);
#4344=VERTEX_POINT('',#14083);
#4345=VERTEX_POINT('',#14085);
#4346=VERTEX_POINT('',#14088);
#4347=VERTEX_POINT('',#14089);
#4348=VERTEX_POINT('',#14091);
#4349=VERTEX_POINT('',#14093);
#4350=VERTEX_POINT('',#14096);
#4351=VERTEX_POINT('',#14097);
#4352=VERTEX_POINT('',#14099);
#4353=VERTEX_POINT('',#14101);
#4354=VERTEX_POINT('',#14104);
#4355=VERTEX_POINT('',#14105);
#4356=VERTEX_POINT('',#14107);
#4357=VERTEX_POINT('',#14109);
#4358=VERTEX_POINT('',#14112);
#4359=VERTEX_POINT('',#14113);
#4360=VERTEX_POINT('',#14115);
#4361=VERTEX_POINT('',#14117);
#4362=VERTEX_POINT('',#14120);
#4363=VERTEX_POINT('',#14121);
#4364=VERTEX_POINT('',#14123);
#4365=VERTEX_POINT('',#14125);
#4366=VERTEX_POINT('',#14128);
#4367=VERTEX_POINT('',#14129);
#4368=VERTEX_POINT('',#14131);
#4369=VERTEX_POINT('',#14133);
#4370=VERTEX_POINT('',#14136);
#4371=VERTEX_POINT('',#14137);
#4372=VERTEX_POINT('',#14139);
#4373=VERTEX_POINT('',#14141);
#4374=VERTEX_POINT('',#14144);
#4375=VERTEX_POINT('',#14145);
#4376=VERTEX_POINT('',#14147);
#4377=VERTEX_POINT('',#14149);
#4378=VERTEX_POINT('',#14152);
#4379=VERTEX_POINT('',#14153);
#4380=VERTEX_POINT('',#14155);
#4381=VERTEX_POINT('',#14157);
#4382=VERTEX_POINT('',#14160);
#4383=VERTEX_POINT('',#14161);
#4384=VERTEX_POINT('',#14163);
#4385=VERTEX_POINT('',#14165);
#4386=VERTEX_POINT('',#14168);
#4387=VERTEX_POINT('',#14169);
#4388=VERTEX_POINT('',#14171);
#4389=VERTEX_POINT('',#14173);
#4390=VERTEX_POINT('',#14176);
#4391=VERTEX_POINT('',#14177);
#4392=VERTEX_POINT('',#14179);
#4393=VERTEX_POINT('',#14181);
#4394=VERTEX_POINT('',#14184);
#4395=VERTEX_POINT('',#14185);
#4396=VERTEX_POINT('',#14187);
#4397=VERTEX_POINT('',#14189);
#4398=VERTEX_POINT('',#14191);
#4399=VERTEX_POINT('',#14193);
#4400=VERTEX_POINT('',#14195);
#4401=VERTEX_POINT('',#14197);
#4402=VERTEX_POINT('',#14199);
#4403=VERTEX_POINT('',#14201);
#4404=VERTEX_POINT('',#14203);
#4405=VERTEX_POINT('',#14205);
#4406=VERTEX_POINT('',#14208);
#4407=VERTEX_POINT('',#14209);
#4408=VERTEX_POINT('',#14211);
#4409=VERTEX_POINT('',#14213);
#4410=VERTEX_POINT('',#14216);
#4411=VERTEX_POINT('',#14217);
#4412=VERTEX_POINT('',#14219);
#4413=VERTEX_POINT('',#14221);
#4414=VERTEX_POINT('',#14224);
#4415=VERTEX_POINT('',#14225);
#4416=VERTEX_POINT('',#14227);
#4417=VERTEX_POINT('',#14229);
#4418=VERTEX_POINT('',#14231);
#4419=VERTEX_POINT('',#14233);
#4420=VERTEX_POINT('',#14235);
#4421=VERTEX_POINT('',#14237);
#4422=VERTEX_POINT('',#14240);
#4423=VERTEX_POINT('',#14242);
#4424=VERTEX_POINT('',#14244);
#4425=VERTEX_POINT('',#14246);
#4426=VERTEX_POINT('',#14248);
#4427=VERTEX_POINT('',#14249);
#4428=VERTEX_POINT('',#14251);
#4429=VERTEX_POINT('',#14253);
#4430=VERTEX_POINT('',#14255);
#4431=VERTEX_POINT('',#14257);
#4432=VERTEX_POINT('',#14260);
#4433=VERTEX_POINT('',#14262);
#4434=VERTEX_POINT('',#14264);
#4435=VERTEX_POINT('',#14267);
#4436=VERTEX_POINT('',#14269);
#4437=VERTEX_POINT('',#14273);
#4438=VERTEX_POINT('',#14276);
#4439=VERTEX_POINT('',#14279);
#4440=VERTEX_POINT('',#14281);
#4441=VERTEX_POINT('',#14283);
#4442=VERTEX_POINT('',#14285);
#4443=VERTEX_POINT('',#14287);
#4444=VERTEX_POINT('',#14289);
#4445=VERTEX_POINT('',#14291);
#4446=VERTEX_POINT('',#14293);
#4447=VERTEX_POINT('',#14295);
#4448=VERTEX_POINT('',#14297);
#4449=VERTEX_POINT('',#14299);
#4450=VERTEX_POINT('',#14302);
#4451=VERTEX_POINT('',#14307);
#4452=VERTEX_POINT('',#14308);
#4453=VERTEX_POINT('',#14311);
#4454=VERTEX_POINT('',#14314);
#4455=VERTEX_POINT('',#14317);
#4456=VERTEX_POINT('',#14321);
#4457=VERTEX_POINT('',#14325);
#4458=VERTEX_POINT('',#14329);
#4459=VERTEX_POINT('',#14333);
#4460=VERTEX_POINT('',#14337);
#4461=VERTEX_POINT('',#14341);
#4462=VERTEX_POINT('',#14348);
#4463=VERTEX_POINT('',#14354);
#4464=VERTEX_POINT('',#14360);
#4465=VERTEX_POINT('',#14366);
#4466=VERTEX_POINT('',#14372);
#4467=VERTEX_POINT('',#14373);
#4468=VERTEX_POINT('',#14375);
#4469=VERTEX_POINT('',#14377);
#4470=VERTEX_POINT('',#14381);
#4471=VERTEX_POINT('',#14383);
#4472=VERTEX_POINT('',#14390);
#4473=VERTEX_POINT('',#14392);
#4474=VERTEX_POINT('',#14396);
#4475=VERTEX_POINT('',#14400);
#4476=VERTEX_POINT('',#14403);
#4477=VERTEX_POINT('',#14405);
#4478=VERTEX_POINT('',#14408);
#4479=VERTEX_POINT('',#14410);
#4480=VERTEX_POINT('',#14413);
#4481=VERTEX_POINT('',#14416);
#4482=VERTEX_POINT('',#14420);
#4483=VERTEX_POINT('',#14423);
#4484=VERTEX_POINT('',#14427);
#4485=VERTEX_POINT('',#14430);
#4486=VERTEX_POINT('',#14434);
#4487=VERTEX_POINT('',#14437);
#4488=VERTEX_POINT('',#14441);
#4489=VERTEX_POINT('',#14445);
#4490=VERTEX_POINT('',#14449);
#4491=VERTEX_POINT('',#14453);
#4492=VERTEX_POINT('',#14456);
#4493=VERTEX_POINT('',#14460);
#4494=VERTEX_POINT('',#14463);
#4495=VERTEX_POINT('',#14467);
#4496=VERTEX_POINT('',#14470);
#4497=VERTEX_POINT('',#14474);
#4498=VERTEX_POINT('',#14478);
#4499=VERTEX_POINT('',#14482);
#4500=VERTEX_POINT('',#14483);
#4501=VERTEX_POINT('',#14485);
#4502=VERTEX_POINT('',#14487);
#4503=VERTEX_POINT('',#14491);
#4504=VERTEX_POINT('',#14492);
#4505=VERTEX_POINT('',#14494);
#4506=VERTEX_POINT('',#14496);
#4507=VERTEX_POINT('',#14500);
#4508=VERTEX_POINT('',#14502);
#4509=VERTEX_POINT('',#14504);
#4510=VERTEX_POINT('',#14506);
#4511=VERTEX_POINT('',#14511);
#4512=VERTEX_POINT('',#14512);
#4513=VERTEX_POINT('',#14515);
#4514=VERTEX_POINT('',#14517);
#4515=VERTEX_POINT('',#14519);
#4516=VERTEX_POINT('',#14521);
#4517=VERTEX_POINT('',#14523);
#4518=VERTEX_POINT('',#14525);
#4519=VERTEX_POINT('',#14527);
#4520=VERTEX_POINT('',#14532);
#4521=VERTEX_POINT('',#14536);
#4522=VERTEX_POINT('',#14545);
#4523=VERTEX_POINT('',#14547);
#4524=VERTEX_POINT('',#14552);
#4525=VERTEX_POINT('',#14554);
#4526=VERTEX_POINT('',#14559);
#4527=VERTEX_POINT('',#14561);
#4528=VERTEX_POINT('',#14566);
#4529=VERTEX_POINT('',#14568);
#4530=VERTEX_POINT('',#14573);
#4531=VERTEX_POINT('',#14575);
#4532=VERTEX_POINT('',#14580);
#4533=VERTEX_POINT('',#14582);
#4534=VERTEX_POINT('',#14587);
#4535=VERTEX_POINT('',#14589);
#4536=VERTEX_POINT('',#14594);
#4537=VERTEX_POINT('',#14596);
#4538=VERTEX_POINT('',#14601);
#4539=VERTEX_POINT('',#14603);
#4540=VERTEX_POINT('',#14608);
#4541=VERTEX_POINT('',#14610);
#4542=VERTEX_POINT('',#14615);
#4543=VERTEX_POINT('',#14617);
#4544=VERTEX_POINT('',#14622);
#4545=VERTEX_POINT('',#14624);
#4546=VERTEX_POINT('',#14629);
#4547=VERTEX_POINT('',#14631);
#4548=VERTEX_POINT('',#14636);
#4549=VERTEX_POINT('',#14638);
#4550=VERTEX_POINT('',#14643);
#4551=VERTEX_POINT('',#14645);
#4552=VERTEX_POINT('',#14650);
#4553=VERTEX_POINT('',#14652);
#4554=VERTEX_POINT('',#14657);
#4555=VERTEX_POINT('',#14659);
#4556=VERTEX_POINT('',#14664);
#4557=VERTEX_POINT('',#14666);
#4558=VERTEX_POINT('',#14671);
#4559=VERTEX_POINT('',#14673);
#4560=VERTEX_POINT('',#14678);
#4561=VERTEX_POINT('',#14680);
#4562=VERTEX_POINT('',#14685);
#4563=VERTEX_POINT('',#14687);
#4564=VERTEX_POINT('',#14692);
#4565=VERTEX_POINT('',#14694);
#4566=VERTEX_POINT('',#14699);
#4567=VERTEX_POINT('',#14701);
#4568=VERTEX_POINT('',#14706);
#4569=VERTEX_POINT('',#14708);
#4570=VERTEX_POINT('',#14713);
#4571=VERTEX_POINT('',#14715);
#4572=VERTEX_POINT('',#14720);
#4573=VERTEX_POINT('',#14722);
#4574=VERTEX_POINT('',#14727);
#4575=VERTEX_POINT('',#14729);
#4576=VERTEX_POINT('',#14734);
#4577=VERTEX_POINT('',#14736);
#4578=VERTEX_POINT('',#14741);
#4579=VERTEX_POINT('',#14743);
#4580=VERTEX_POINT('',#14748);
#4581=VERTEX_POINT('',#14750);
#4582=VERTEX_POINT('',#14755);
#4583=VERTEX_POINT('',#14757);
#4584=VERTEX_POINT('',#14762);
#4585=VERTEX_POINT('',#14764);
#4586=VERTEX_POINT('',#14769);
#4587=VERTEX_POINT('',#14771);
#4588=VERTEX_POINT('',#14776);
#4589=VERTEX_POINT('',#14778);
#4590=VERTEX_POINT('',#14783);
#4591=VERTEX_POINT('',#14785);
#4592=VERTEX_POINT('',#14790);
#4593=VERTEX_POINT('',#14792);
#4594=VERTEX_POINT('',#14797);
#4595=VERTEX_POINT('',#14799);
#4596=VERTEX_POINT('',#14804);
#4597=VERTEX_POINT('',#14806);
#4598=VERTEX_POINT('',#14811);
#4599=VERTEX_POINT('',#14814);
#4600=VERTEX_POINT('',#14816);
#4601=VERTEX_POINT('',#14821);
#4602=VERTEX_POINT('',#14823);
#4603=VERTEX_POINT('',#14828);
#4604=VERTEX_POINT('',#14830);
#4605=VERTEX_POINT('',#14835);
#4606=VERTEX_POINT('',#14837);
#4607=VERTEX_POINT('',#14842);
#4608=VERTEX_POINT('',#14843);
#4609=VERTEX_POINT('',#14845);
#4610=VERTEX_POINT('',#14847);
#4611=VERTEX_POINT('',#14849);
#4612=VERTEX_POINT('',#14851);
#4613=VERTEX_POINT('',#14855);
#4614=VERTEX_POINT('',#14856);
#4615=VERTEX_POINT('',#14858);
#4616=VERTEX_POINT('',#14860);
#4617=VERTEX_POINT('',#14862);
#4618=VERTEX_POINT('',#14866);
#4619=VERTEX_POINT('',#14867);
#4620=VERTEX_POINT('',#14869);
#4621=VERTEX_POINT('',#14871);
#4622=VERTEX_POINT('',#14873);
#4623=VERTEX_POINT('',#14877);
#4624=VERTEX_POINT('',#14878);
#4625=VERTEX_POINT('',#14883);
#4626=VERTEX_POINT('',#14889);
#4627=VERTEX_POINT('',#14893);
#4628=VERTEX_POINT('',#14895);
#4629=VERTEX_POINT('',#14897);
#4630=VERTEX_POINT('',#14901);
#4631=VERTEX_POINT('',#14903);
#4632=VERTEX_POINT('',#14905);
#4633=VERTEX_POINT('',#14907);
#4634=VERTEX_POINT('',#14910);
#4635=VERTEX_POINT('',#14912);
#4636=VERTEX_POINT('',#14914);
#4637=VERTEX_POINT('',#14918);
#4638=VERTEX_POINT('',#14922);
#4639=VERTEX_POINT('',#14926);
#4640=VERTEX_POINT('',#14930);
#4641=VERTEX_POINT('',#14932);
#4642=VERTEX_POINT('',#14934);
#4643=VERTEX_POINT('',#14941);
#4644=VERTEX_POINT('',#14942);
#4645=VERTEX_POINT('',#14947);
#4646=VERTEX_POINT('',#14948);
#4647=VERTEX_POINT('',#14953);
#4648=VERTEX_POINT('',#14959);
#4649=VERTEX_POINT('',#14965);
#4650=VERTEX_POINT('',#14966);
#4651=VERTEX_POINT('',#14971);
#4652=VERTEX_POINT('',#14972);
#4653=VERTEX_POINT('',#14977);
#4654=VERTEX_POINT('',#14983);
#4655=VERTEX_POINT('',#14989);
#4656=VERTEX_POINT('',#14990);
#4657=VERTEX_POINT('',#14995);
#4658=VERTEX_POINT('',#14996);
#4659=VERTEX_POINT('',#15001);
#4660=VERTEX_POINT('',#15007);
#4661=VERTEX_POINT('',#15026);
#4662=VERTEX_POINT('',#15028);
#4663=VERTEX_POINT('',#15030);
#4664=VERTEX_POINT('',#15032);
#4665=VERTEX_POINT('',#15034);
#4666=VERTEX_POINT('',#15047);
#4667=VERTEX_POINT('',#15049);
#4668=VERTEX_POINT('',#15060);
#4669=VERTEX_POINT('',#15062);
#4670=VERTEX_POINT('',#15064);
#4671=VERTEX_POINT('',#15067);
#4672=VERTEX_POINT('',#15069);
#4673=VERTEX_POINT('',#15071);
#4674=VERTEX_POINT('',#15073);
#4675=VERTEX_POINT('',#15076);
#4676=VERTEX_POINT('',#15078);
#4677=VERTEX_POINT('',#15081);
#4678=VERTEX_POINT('',#15082);
#4679=VERTEX_POINT('',#15085);
#4680=VERTEX_POINT('',#15087);
#4681=VERTEX_POINT('',#15089);
#4682=VERTEX_POINT('',#15091);
#4683=VERTEX_POINT('',#15094);
#4684=VERTEX_POINT('',#15096);
#4685=VERTEX_POINT('',#15100);
#4686=VERTEX_POINT('',#15104);
#4687=VERTEX_POINT('',#15108);
#4688=VERTEX_POINT('',#15112);
#4689=VERTEX_POINT('',#15116);
#4690=VERTEX_POINT('',#15120);
#4691=VERTEX_POINT('',#15124);
#4692=VERTEX_POINT('',#15128);
#4693=VERTEX_POINT('',#15137);
#4694=VERTEX_POINT('',#15139);
#4695=VERTEX_POINT('',#15143);
#4696=VERTEX_POINT('',#15147);
#4697=VERTEX_POINT('',#15151);
#4698=VERTEX_POINT('',#15153);
#4699=VERTEX_POINT('',#15155);
#4700=VERTEX_POINT('',#15157);
#4701=VERTEX_POINT('',#15163);
#4702=VERTEX_POINT('',#15167);
#4703=VERTEX_POINT('',#15168);
#4704=VERTEX_POINT('',#15173);
#4705=VERTEX_POINT('',#15179);
#4706=VERTEX_POINT('',#15183);
#4707=VERTEX_POINT('',#15184);
#4708=VERTEX_POINT('',#15189);
#4709=VERTEX_POINT('',#15193);
#4710=VERTEX_POINT('',#15197);
#4711=VERTEX_POINT('',#15203);
#4712=VERTEX_POINT('',#15207);
#4713=VERTEX_POINT('',#15210);
#4714=VERTEX_POINT('',#15214);
#4715=VERTEX_POINT('',#15217);
#4716=VERTEX_POINT('',#15222);
#4717=VERTEX_POINT('',#15227);
#4718=VERTEX_POINT('',#15228);
#4719=VERTEX_POINT('',#15231);
#4720=VERTEX_POINT('',#15233);
#4721=VERTEX_POINT('',#15235);
#4722=VERTEX_POINT('',#15239);
#4723=VERTEX_POINT('',#15241);
#4724=VERTEX_POINT('',#15245);
#4725=VERTEX_POINT('',#15248);
#4726=VERTEX_POINT('',#15252);
#4727=VERTEX_POINT('',#15257);
#4728=VERTEX_POINT('',#15259);
#4729=VERTEX_POINT('',#15264);
#4730=VERTEX_POINT('',#15266);
#4731=VERTEX_POINT('',#15270);
#4732=VERTEX_POINT('',#15271);
#4733=VERTEX_POINT('',#15273);
#4734=VERTEX_POINT('',#15275);
#4735=VERTEX_POINT('',#15282);
#4736=VERTEX_POINT('',#15284);
#4737=VERTEX_POINT('',#15288);
#4738=VERTEX_POINT('',#15290);
#4739=VERTEX_POINT('',#15294);
#4740=VERTEX_POINT('',#15296);
#4741=VERTEX_POINT('',#15300);
#4742=VERTEX_POINT('',#15302);
#4743=VERTEX_POINT('',#15309);
#4744=VERTEX_POINT('',#15311);
#4745=VERTEX_POINT('',#15314);
#4746=VERTEX_POINT('',#15318);
#4747=VERTEX_POINT('',#15320);
#4748=VERTEX_POINT('',#15324);
#4749=VERTEX_POINT('',#15328);
#4750=VERTEX_POINT('',#15330);
#4751=VERTEX_POINT('',#15342);
#4752=VERTEX_POINT('',#15344);
#4753=VERTEX_POINT('',#15349);
#4754=VERTEX_POINT('',#15351);
#4755=VERTEX_POINT('',#15356);
#4756=VERTEX_POINT('',#15358);
#4757=VERTEX_POINT('',#15362);
#4758=VERTEX_POINT('',#15366);
#4759=VERTEX_POINT('',#15370);
#4760=VERTEX_POINT('',#15374);
#4761=VERTEX_POINT('',#15380);
#4762=VERTEX_POINT('',#15381);
#4763=VERTEX_POINT('',#15383);
#4764=VERTEX_POINT('',#15385);
#4765=VERTEX_POINT('',#15387);
#4766=VERTEX_POINT('',#15389);
#4767=VERTEX_POINT('',#15391);
#4768=VERTEX_POINT('',#15396);
#4769=VERTEX_POINT('',#15400);
#4770=VERTEX_POINT('',#15404);
#4771=VERTEX_POINT('',#15408);
#4772=VERTEX_POINT('',#15412);
#4773=VERTEX_POINT('',#15425);
#4774=VERTEX_POINT('',#15427);
#4775=VERTEX_POINT('',#15429);
#4776=VERTEX_POINT('',#15431);
#4777=VERTEX_POINT('',#15433);
#4778=VERTEX_POINT('',#15437);
#4779=VERTEX_POINT('',#15439);
#4780=VERTEX_POINT('',#15441);
#4781=VERTEX_POINT('',#15443);
#4782=VERTEX_POINT('',#15452);
#4783=VERTEX_POINT('',#15454);
#4784=VERTEX_POINT('',#15458);
#4785=VERTEX_POINT('',#15460);
#4786=VERTEX_POINT('',#15464);
#4787=VERTEX_POINT('',#15466);
#4788=VERTEX_POINT('',#15470);
#4789=VERTEX_POINT('',#15472);
#4790=VERTEX_POINT('',#15476);
#4791=VERTEX_POINT('',#15477);
#4792=VERTEX_POINT('',#15482);
#4793=VERTEX_POINT('',#15483);
#4794=VERTEX_POINT('',#15488);
#4795=VERTEX_POINT('',#15489);
#4796=VERTEX_POINT('',#15494);
#4797=VERTEX_POINT('',#15495);
#4798=VERTEX_POINT('',#15500);
#4799=VERTEX_POINT('',#15501);
#4800=VERTEX_POINT('',#15509);
#4801=VERTEX_POINT('',#15510);
#4802=VERTEX_POINT('',#15520);
#4803=VERTEX_POINT('',#15522);
#4804=VERTEX_POINT('',#15524);
#4805=VERTEX_POINT('',#15526);
#4806=VERTEX_POINT('',#15528);
#4807=VERTEX_POINT('',#15530);
#4808=VERTEX_POINT('',#15538);
#4809=VERTEX_POINT('',#15539);
#4810=VERTEX_POINT('',#15544);
#4811=VERTEX_POINT('',#15548);
#4812=VERTEX_POINT('',#15554);
#4813=VERTEX_POINT('',#15556);
#4814=VERTEX_POINT('',#15562);
#4815=VERTEX_POINT('',#15565);
#4816=VERTEX_POINT('',#15568);
#4817=VERTEX_POINT('',#15571);
#4818=VERTEX_POINT('',#15574);
#4819=VERTEX_POINT('',#15577);
#4820=VERTEX_POINT('',#15580);
#4821=VERTEX_POINT('',#15583);
#4822=VERTEX_POINT('',#15586);
#4823=VERTEX_POINT('',#15589);
#4824=VERTEX_POINT('',#15592);
#4825=VERTEX_POINT('',#15595);
#4826=VERTEX_POINT('',#15622);
#4827=VERTEX_POINT('',#15623);
#4828=VERTEX_POINT('',#15647);
#4829=VERTEX_POINT('',#15681);
#4830=VERTEX_POINT('',#15714);
#4831=VERTEX_POINT('',#15755);
#4832=VERTEX_POINT('',#15757);
#4833=VERTEX_POINT('',#15761);
#4834=VERTEX_POINT('',#15763);
#4835=VERTEX_POINT('',#15767);
#4836=VERTEX_POINT('',#15769);
#4837=VERTEX_POINT('',#15773);
#4838=VERTEX_POINT('',#15775);
#4839=VERTEX_POINT('',#15779);
#4840=VERTEX_POINT('',#15781);
#4841=VERTEX_POINT('',#15785);
#4842=VERTEX_POINT('',#15787);
#4843=VERTEX_POINT('',#15791);
#4844=VERTEX_POINT('',#15793);
#4845=VERTEX_POINT('',#15797);
#4846=VERTEX_POINT('',#15799);
#4847=VERTEX_POINT('',#15803);
#4848=VERTEX_POINT('',#15805);
#4849=VERTEX_POINT('',#15809);
#4850=VERTEX_POINT('',#15810);
#4851=VERTEX_POINT('',#15815);
#4852=VERTEX_POINT('',#15816);
#4853=VERTEX_POINT('',#15821);
#4854=VERTEX_POINT('',#15822);
#4855=VERTEX_POINT('',#15827);
#4856=VERTEX_POINT('',#15828);
#4857=VERTEX_POINT('',#15833);
#4858=VERTEX_POINT('',#15834);
#4859=VERTEX_POINT('',#15842);
#4860=VERTEX_POINT('',#15843);
#4861=VERTEX_POINT('',#15853);
#4862=VERTEX_POINT('',#15854);
#4863=VERTEX_POINT('',#15859);
#4864=VERTEX_POINT('',#15860);
#4865=VERTEX_POINT('',#15865);
#4866=VERTEX_POINT('',#15866);
#4867=VERTEX_POINT('',#15871);
#4868=VERTEX_POINT('',#15872);
#4869=VERTEX_POINT('',#15877);
#4870=VERTEX_POINT('',#15878);
#4871=VERTEX_POINT('',#15886);
#4872=VERTEX_POINT('',#15887);
#4873=VERTEX_POINT('',#15897);
#4874=VERTEX_POINT('',#15899);
#4875=VERTEX_POINT('',#15903);
#4876=VERTEX_POINT('',#15905);
#4877=VERTEX_POINT('',#15909);
#4878=VERTEX_POINT('',#15911);
#4879=VERTEX_POINT('',#15915);
#4880=VERTEX_POINT('',#15917);
#4881=VERTEX_POINT('',#15921);
#4882=VERTEX_POINT('',#15923);
#4883=VERTEX_POINT('',#15927);
#4884=VERTEX_POINT('',#15929);
#4885=VERTEX_POINT('',#15933);
#4886=VERTEX_POINT('',#15935);
#4887=VERTEX_POINT('',#15939);
#4888=VERTEX_POINT('',#15941);
#4889=VERTEX_POINT('',#15945);
#4890=VERTEX_POINT('',#15947);
#4891=VERTEX_POINT('',#15951);
#4892=VERTEX_POINT('',#15953);
#4893=VERTEX_POINT('',#15957);
#4894=VERTEX_POINT('',#15959);
#4895=VERTEX_POINT('',#15963);
#4896=VERTEX_POINT('',#15965);
#4897=VERTEX_POINT('',#15969);
#4898=VERTEX_POINT('',#15971);
#4899=VERTEX_POINT('',#15975);
#4900=VERTEX_POINT('',#15979);
#4901=VERTEX_POINT('',#15986);
#4902=VERTEX_POINT('',#15987);
#4903=VERTEX_POINT('',#15992);
#4904=VERTEX_POINT('',#15993);
#4905=VERTEX_POINT('',#15998);
#4906=VERTEX_POINT('',#15999);
#4907=VERTEX_POINT('',#16004);
#4908=VERTEX_POINT('',#16005);
#4909=VERTEX_POINT('',#16010);
#4910=VERTEX_POINT('',#16011);
#4911=VERTEX_POINT('',#16019);
#4912=VERTEX_POINT('',#16020);
#4913=VERTEX_POINT('',#16030);
#4914=VERTEX_POINT('',#16031);
#4915=VERTEX_POINT('',#16036);
#4916=VERTEX_POINT('',#16037);
#4917=VERTEX_POINT('',#16042);
#4918=VERTEX_POINT('',#16043);
#4919=VERTEX_POINT('',#16048);
#4920=VERTEX_POINT('',#16049);
#4921=VERTEX_POINT('',#16054);
#4922=VERTEX_POINT('',#16055);
#4923=VERTEX_POINT('',#16060);
#4924=VERTEX_POINT('',#16061);
#4925=VERTEX_POINT('',#16074);
#4926=VERTEX_POINT('',#16075);
#4927=VERTEX_POINT('',#16080);
#4928=VERTEX_POINT('',#16081);
#4929=VERTEX_POINT('',#16086);
#4930=VERTEX_POINT('',#16087);
#4931=VERTEX_POINT('',#16092);
#4932=VERTEX_POINT('',#16093);
#4933=VERTEX_POINT('',#16098);
#4934=VERTEX_POINT('',#16099);
#4935=VERTEX_POINT('',#16104);
#4936=VERTEX_POINT('',#16105);
#4937=VERTEX_POINT('',#16118);
#4938=VERTEX_POINT('',#16120);
#4939=VERTEX_POINT('',#16124);
#4940=VERTEX_POINT('',#16126);
#4941=VERTEX_POINT('',#16130);
#4942=VERTEX_POINT('',#16132);
#4943=VERTEX_POINT('',#16136);
#4944=VERTEX_POINT('',#16138);
#4945=VERTEX_POINT('',#16142);
#4946=VERTEX_POINT('',#16144);
#4947=VERTEX_POINT('',#16148);
#4948=VERTEX_POINT('',#16150);
#4949=VERTEX_POINT('',#16154);
#4950=VERTEX_POINT('',#16156);
#4951=VERTEX_POINT('',#16160);
#4952=VERTEX_POINT('',#16162);
#4953=VERTEX_POINT('',#16166);
#4954=VERTEX_POINT('',#16167);
#4955=VERTEX_POINT('',#16172);
#4956=VERTEX_POINT('',#16173);
#4957=VERTEX_POINT('',#16178);
#4958=VERTEX_POINT('',#16179);
#4959=VERTEX_POINT('',#16184);
#4960=VERTEX_POINT('',#16185);
#4961=VERTEX_POINT('',#16190);
#4962=VERTEX_POINT('',#16191);
#4963=VERTEX_POINT('',#16196);
#4964=VERTEX_POINT('',#16197);
#4965=VERTEX_POINT('',#16210);
#4966=VERTEX_POINT('',#16211);
#4967=VERTEX_POINT('',#16216);
#4968=VERTEX_POINT('',#16217);
#4969=VERTEX_POINT('',#16222);
#4970=VERTEX_POINT('',#16223);
#4971=VERTEX_POINT('',#16228);
#4972=VERTEX_POINT('',#16229);
#4973=VERTEX_POINT('',#16234);
#4974=VERTEX_POINT('',#16235);
#4975=VERTEX_POINT('',#16240);
#4976=VERTEX_POINT('',#16241);
#4977=VERTEX_POINT('',#16254);
#4978=VERTEX_POINT('',#16256);
#4979=VERTEX_POINT('',#16260);
#4980=VERTEX_POINT('',#16262);
#4981=VERTEX_POINT('',#16266);
#4982=VERTEX_POINT('',#16268);
#4983=VERTEX_POINT('',#16272);
#4984=VERTEX_POINT('',#16274);
#4985=VERTEX_POINT('',#16278);
#4986=VERTEX_POINT('',#16279);
#4987=VERTEX_POINT('',#16284);
#4988=VERTEX_POINT('',#16285);
#4989=VERTEX_POINT('',#16290);
#4990=VERTEX_POINT('',#16291);
#4991=VERTEX_POINT('',#16296);
#4992=VERTEX_POINT('',#16297);
#4993=VERTEX_POINT('',#16302);
#4994=VERTEX_POINT('',#16303);
#4995=VERTEX_POINT('',#16311);
#4996=VERTEX_POINT('',#16312);
#4997=VERTEX_POINT('',#16322);
#4998=VERTEX_POINT('',#16324);
#4999=VERTEX_POINT('',#16328);
#5000=VERTEX_POINT('',#16332);
#5001=VERTEX_POINT('',#16339);
#5002=VERTEX_POINT('',#16343);
#5003=VERTEX_POINT('',#16350);
#5004=VERTEX_POINT('',#16352);
#5005=VERTEX_POINT('',#16356);
#5006=VERTEX_POINT('',#16360);
#5007=VERTEX_POINT('',#16362);
#5008=VERTEX_POINT('',#16364);
#5009=VERTEX_POINT('',#16366);
#5010=VERTEX_POINT('',#16368);
#5011=VERTEX_POINT('',#16370);
#5012=VERTEX_POINT('',#16372);
#5013=VERTEX_POINT('',#16395);
#5014=VERTEX_POINT('',#16397);
#5015=VERTEX_POINT('',#16399);
#5016=VERTEX_POINT('',#16401);
#5017=VERTEX_POINT('',#16406);
#5018=VERTEX_POINT('',#16407);
#5019=VERTEX_POINT('',#16412);
#5020=VERTEX_POINT('',#16413);
#5021=VERTEX_POINT('',#16418);
#5022=VERTEX_POINT('',#16423);
#5023=VERTEX_POINT('',#16424);
#5024=VERTEX_POINT('',#16426);
#5025=VERTEX_POINT('',#16428);
#5026=VERTEX_POINT('',#16432);
#5027=VERTEX_POINT('',#16435);
#5028=VERTEX_POINT('',#16436);
#5029=VERTEX_POINT('',#16438);
#5030=VERTEX_POINT('',#16440);
#5031=VERTEX_POINT('',#16444);
#5032=VERTEX_POINT('',#16449);
#5033=VERTEX_POINT('',#16450);
#5034=VERTEX_POINT('',#16452);
#5035=VERTEX_POINT('',#16454);
#5036=VERTEX_POINT('',#16458);
#5037=VERTEX_POINT('',#16463);
#5038=VERTEX_POINT('',#16464);
#5039=VERTEX_POINT('',#16466);
#5040=VERTEX_POINT('',#16468);
#5041=VERTEX_POINT('',#16472);
#5042=VERTEX_POINT('',#16474);
#5043=VERTEX_POINT('',#16478);
#5044=VERTEX_POINT('',#16481);
#5045=VERTEX_POINT('',#16483);
#5046=VERTEX_POINT('',#16487);
#5047=VERTEX_POINT('',#16491);
#5048=VERTEX_POINT('',#16494);
#5049=VERTEX_POINT('',#16504);
#5050=VERTEX_POINT('',#16506);
#5051=VERTEX_POINT('',#16510);
#5052=VERTEX_POINT('',#16512);
#5053=VERTEX_POINT('',#16515);
#5054=VERTEX_POINT('',#16519);
#5055=VERTEX_POINT('',#16523);
#5056=VERTEX_POINT('',#16526);
#5057=VERTEX_POINT('',#16538);
#5058=VERTEX_POINT('',#16539);
#5059=VERTEX_POINT('',#16541);
#5060=VERTEX_POINT('',#16544);
#5061=VERTEX_POINT('',#16546);
#5062=VERTEX_POINT('',#16556);
#5063=VERTEX_POINT('',#16557);
#5064=VERTEX_POINT('',#16559);
#5065=VERTEX_POINT('',#16561);
#5066=VERTEX_POINT('',#16565);
#5067=VERTEX_POINT('',#16567);
#5068=VERTEX_POINT('',#16571);
#5069=VERTEX_POINT('',#16573);
#5070=VERTEX_POINT('',#16577);
#5071=VERTEX_POINT('',#16579);
#5072=VERTEX_POINT('',#16583);
#5073=VERTEX_POINT('',#16585);
#5074=VERTEX_POINT('',#16589);
#5075=VERTEX_POINT('',#16591);
#5076=VERTEX_POINT('',#16595);
#5077=VERTEX_POINT('',#16597);
#5078=VERTEX_POINT('',#16601);
#5079=VERTEX_POINT('',#16603);
#5080=VERTEX_POINT('',#16607);
#5081=VERTEX_POINT('',#16609);
#5082=VERTEX_POINT('',#16613);
#5083=VERTEX_POINT('',#16615);
#5084=VERTEX_POINT('',#16619);
#5085=VERTEX_POINT('',#16621);
#5086=VERTEX_POINT('',#16625);
#5087=VERTEX_POINT('',#16627);
#5088=VERTEX_POINT('',#16631);
#5089=VERTEX_POINT('',#16633);
#5090=VERTEX_POINT('',#16637);
#5091=VERTEX_POINT('',#16641);
#5092=VERTEX_POINT('',#16642);
#5093=VERTEX_POINT('',#16645);
#5094=VERTEX_POINT('',#16649);
#5095=VERTEX_POINT('',#16651);
#5096=VERTEX_POINT('',#16655);
#5097=VERTEX_POINT('',#16657);
#5098=VERTEX_POINT('',#16661);
#5099=VERTEX_POINT('',#16663);
#5100=VERTEX_POINT('',#16667);
#5101=VERTEX_POINT('',#16669);
#5102=VERTEX_POINT('',#16673);
#5103=VERTEX_POINT('',#16675);
#5104=VERTEX_POINT('',#16679);
#5105=VERTEX_POINT('',#16681);
#5106=VERTEX_POINT('',#16685);
#5107=VERTEX_POINT('',#16687);
#5108=VERTEX_POINT('',#16696);
#5109=VERTEX_POINT('',#16701);
#5110=VERTEX_POINT('',#16703);
#5111=VERTEX_POINT('',#16705);
#5112=VERTEX_POINT('',#16708);
#5113=VERTEX_POINT('',#16713);
#5114=VERTEX_POINT('',#16715);
#5115=VERTEX_POINT('',#16717);
#5116=VERTEX_POINT('',#16745);
#5117=VERTEX_POINT('',#16750);
#5118=VERTEX_POINT('',#16755);
#5119=VERTEX_POINT('',#16775);
#5120=VERTEX_POINT('',#16780);
#5121=VERTEX_POINT('',#16785);
#5122=EDGE_CURVE('',#4224,#4225,#4211,.T.);
#5123=EDGE_CURVE('',#4225,#4226,#4212,.T.);
#5124=EDGE_CURVE('',#4226,#4224,#4213,.T.);
#5125=EDGE_CURVE('',#4227,#4225,#748,.T.);
#5126=EDGE_CURVE('',#4228,#4227,#4214,.T.);
#5127=EDGE_CURVE('',#4226,#4228,#749,.T.);
#5128=EDGE_CURVE('',#4224,#4229,#750,.T.);
#5129=EDGE_CURVE('',#4230,#4229,#742,.T.);
#5130=EDGE_CURVE('',#4230,#4231,#751,.T.);
#5131=EDGE_CURVE('',#4232,#4231,#4215,.T.);
#5132=EDGE_CURVE('',#4232,#4233,#752,.T.);
#5133=EDGE_CURVE('',#4227,#4233,#4216,.T.);
#5134=EDGE_CURVE('',#4234,#4234,#354,.T.);
#5135=EDGE_CURVE('',#4235,#4235,#355,.T.);
#5136=EDGE_CURVE('',#4236,#4236,#356,.T.);
#5137=EDGE_CURVE('',#4237,#4237,#357,.T.);
#5138=EDGE_CURVE('',#4233,#4228,#4217,.T.);
#5139=EDGE_CURVE('',#4238,#4232,#4218,.T.);
#5140=EDGE_CURVE('',#4238,#4239,#753,.T.);
#5141=EDGE_CURVE('',#4239,#4240,#754,.T.);
#5142=EDGE_CURVE('',#4241,#4240,#755,.T.);
#5143=EDGE_CURVE('',#4242,#4241,#756,.T.);
#5144=EDGE_CURVE('',#4242,#4243,#757,.T.);
#5145=EDGE_CURVE('',#4244,#4243,#758,.T.);
#5146=EDGE_CURVE('',#4244,#4245,#759,.T.);
#5147=EDGE_CURVE('',#4245,#4246,#760,.T.);
#5148=EDGE_CURVE('',#4246,#4228,#761,.T.);
#5149=EDGE_CURVE('',#4247,#4247,#358,.T.);
#5150=EDGE_CURVE('',#4248,#4248,#359,.T.);
#5151=EDGE_CURVE('',#4249,#4249,#360,.T.);
#5152=EDGE_CURVE('',#4231,#4238,#4219,.T.);
#5153=EDGE_CURVE('',#4250,#4230,#762,.T.);
#5154=EDGE_CURVE('',#4251,#4250,#763,.T.);
#5155=EDGE_CURVE('',#4251,#4252,#764,.T.);
#5156=EDGE_CURVE('',#4252,#4253,#765,.T.);
#5157=EDGE_CURVE('',#4253,#4254,#361,.T.);
#5158=EDGE_CURVE('',#4255,#4254,#766,.T.);
#5159=EDGE_CURVE('',#4255,#4256,#767,.T.);
#5160=EDGE_CURVE('',#4256,#4238,#768,.T.);
#5161=EDGE_CURVE('',#4257,#4257,#362,.T.);
#5162=EDGE_CURVE('',#4229,#4250,#769,.T.);
#5163=EDGE_CURVE('',#4258,#4226,#770,.T.);
#5164=EDGE_CURVE('',#4258,#4259,#771,.T.);
#5165=EDGE_CURVE('',#4259,#4260,#772,.T.);
#5166=EDGE_CURVE('',#4260,#4261,#773,.T.);
#5167=EDGE_CURVE('',#4261,#4262,#774,.T.);
#5168=EDGE_CURVE('',#4262,#4263,#775,.T.);
#5169=EDGE_CURVE('',#4263,#4264,#776,.T.);
#5170=EDGE_CURVE('',#4264,#4265,#777,.T.);
#5171=EDGE_CURVE('',#4265,#4266,#778,.T.);
#5172=EDGE_CURVE('',#4266,#4250,#779,.T.);
#5173=EDGE_CURVE('',#4267,#4267,#363,.T.);
#5174=EDGE_CURVE('',#4268,#4268,#364,.T.);
#5175=EDGE_CURVE('',#4269,#4269,#365,.T.);
#5176=EDGE_CURVE('',#4270,#4271,#780,.T.);
#5177=EDGE_CURVE('',#4270,#4272,#781,.T.);
#5178=EDGE_CURVE('',#4272,#4273,#782,.T.);
#5179=EDGE_CURVE('',#4273,#4271,#783,.T.);
#5180=EDGE_CURVE('',#4272,#4274,#784,.T.);
#5181=EDGE_CURVE('',#4275,#4274,#785,.T.);
#5182=EDGE_CURVE('',#4273,#4275,#786,.T.);
#5183=EDGE_CURVE('',#4276,#4277,#787,.T.);
#5184=EDGE_CURVE('',#4278,#4277,#788,.T.);
#5185=EDGE_CURVE('',#4279,#4278,#789,.T.);
#5186=EDGE_CURVE('',#4279,#4276,#790,.T.);
#5187=EDGE_CURVE('',#4271,#4280,#791,.T.);
#5188=EDGE_CURVE('',#4280,#4281,#792,.T.);
#5189=EDGE_CURVE('',#4281,#4282,#193,.T.);
#5190=EDGE_CURVE('',#4282,#4283,#793,.T.);
#5191=EDGE_CURVE('',#4283,#4284,#794,.T.);
#5192=EDGE_CURVE('',#4284,#4285,#795,.T.);
#5193=EDGE_CURVE('',#4285,#4286,#796,.T.);
#5194=EDGE_CURVE('',#4286,#4287,#797,.T.);
#5195=EDGE_CURVE('',#4287,#4288,#194,.T.);
#5196=EDGE_CURVE('',#4288,#4289,#798,.T.);
#5197=EDGE_CURVE('',#4289,#4290,#799,.T.);
#5198=EDGE_CURVE('',#4290,#4291,#800,.T.);
#5199=EDGE_CURVE('',#4291,#4292,#801,.T.);
#5200=EDGE_CURVE('',#4292,#4293,#802,.T.);
#5201=EDGE_CURVE('',#4293,#4294,#803,.T.);
#5202=EDGE_CURVE('',#4294,#4295,#804,.T.);
#5203=EDGE_CURVE('',#4295,#4296,#805,.T.);
#5204=EDGE_CURVE('',#4296,#4297,#806,.T.);
#5205=EDGE_CURVE('',#4297,#4298,#807,.T.);
#5206=EDGE_CURVE('',#4298,#4299,#808,.T.);
#5207=EDGE_CURVE('',#4299,#4300,#809,.T.);
#5208=EDGE_CURVE('',#4300,#4301,#810,.T.);
#5209=EDGE_CURVE('',#4301,#4302,#811,.T.);
#5210=EDGE_CURVE('',#4302,#4303,#812,.T.);
#5211=EDGE_CURVE('',#4303,#4304,#813,.T.);
#5212=EDGE_CURVE('',#4304,#4305,#814,.T.);
#5213=EDGE_CURVE('',#4305,#4306,#815,.T.);
#5214=EDGE_CURVE('',#4306,#4307,#816,.T.);
#5215=EDGE_CURVE('',#4307,#4308,#817,.T.);
#5216=EDGE_CURVE('',#4308,#4309,#818,.T.);
#5217=EDGE_CURVE('',#4310,#4309,#819,.T.);
#5218=EDGE_CURVE('',#4310,#4278,#820,.T.);
#5219=EDGE_CURVE('',#4277,#4311,#821,.T.);
#5220=EDGE_CURVE('',#4311,#4270,#822,.T.);
#5221=EDGE_CURVE('',#4312,#4312,#366,.T.);
#5222=EDGE_CURVE('',#4313,#4313,#367,.T.);
#5223=EDGE_CURVE('',#4314,#4315,#823,.T.);
#5224=EDGE_CURVE('',#4315,#4316,#824,.T.);
#5225=EDGE_CURVE('',#4316,#4317,#825,.T.);
#5226=EDGE_CURVE('',#4314,#4317,#826,.T.);
#5227=EDGE_CURVE('',#4318,#4319,#827,.T.);
#5228=EDGE_CURVE('',#4319,#4320,#828,.T.);
#5229=EDGE_CURVE('',#4320,#4321,#829,.T.);
#5230=EDGE_CURVE('',#4318,#4321,#830,.T.);
#5231=EDGE_CURVE('',#4322,#4323,#831,.T.);
#5232=EDGE_CURVE('',#4323,#4324,#832,.T.);
#5233=EDGE_CURVE('',#4324,#4325,#833,.T.);
#5234=EDGE_CURVE('',#4322,#4325,#834,.T.);
#5235=EDGE_CURVE('',#4326,#4327,#835,.T.);
#5236=EDGE_CURVE('',#4327,#4328,#836,.T.);
#5237=EDGE_CURVE('',#4328,#4329,#837,.T.);
#5238=EDGE_CURVE('',#4326,#4329,#838,.T.);
#5239=EDGE_CURVE('',#4330,#4331,#839,.T.);
#5240=EDGE_CURVE('',#4331,#4332,#840,.T.);
#5241=EDGE_CURVE('',#4332,#4333,#841,.T.);
#5242=EDGE_CURVE('',#4330,#4333,#842,.T.);
#5243=EDGE_CURVE('',#4334,#4335,#843,.T.);
#5244=EDGE_CURVE('',#4335,#4336,#844,.T.);
#5245=EDGE_CURVE('',#4336,#4337,#845,.T.);
#5246=EDGE_CURVE('',#4334,#4337,#846,.T.);
#5247=EDGE_CURVE('',#4338,#4339,#847,.T.);
#5248=EDGE_CURVE('',#4339,#4340,#848,.T.);
#5249=EDGE_CURVE('',#4340,#4341,#849,.T.);
#5250=EDGE_CURVE('',#4338,#4341,#850,.T.);
#5251=EDGE_CURVE('',#4342,#4343,#851,.T.);
#5252=EDGE_CURVE('',#4343,#4344,#852,.T.);
#5253=EDGE_CURVE('',#4344,#4345,#853,.T.);
#5254=EDGE_CURVE('',#4342,#4345,#854,.T.);
#5255=EDGE_CURVE('',#4346,#4347,#855,.T.);
#5256=EDGE_CURVE('',#4347,#4348,#856,.T.);
#5257=EDGE_CURVE('',#4348,#4349,#857,.T.);
#5258=EDGE_CURVE('',#4346,#4349,#858,.T.);
#5259=EDGE_CURVE('',#4350,#4351,#859,.T.);
#5260=EDGE_CURVE('',#4351,#4352,#860,.T.);
#5261=EDGE_CURVE('',#4352,#4353,#861,.T.);
#5262=EDGE_CURVE('',#4350,#4353,#862,.T.);
#5263=EDGE_CURVE('',#4354,#4355,#863,.T.);
#5264=EDGE_CURVE('',#4355,#4356,#864,.T.);
#5265=EDGE_CURVE('',#4356,#4357,#865,.T.);
#5266=EDGE_CURVE('',#4354,#4357,#866,.T.);
#5267=EDGE_CURVE('',#4358,#4359,#867,.T.);
#5268=EDGE_CURVE('',#4359,#4360,#868,.T.);
#5269=EDGE_CURVE('',#4360,#4361,#869,.T.);
#5270=EDGE_CURVE('',#4358,#4361,#870,.T.);
#5271=EDGE_CURVE('',#4362,#4363,#871,.T.);
#5272=EDGE_CURVE('',#4363,#4364,#872,.T.);
#5273=EDGE_CURVE('',#4364,#4365,#873,.T.);
#5274=EDGE_CURVE('',#4365,#4362,#874,.T.);
#5275=EDGE_CURVE('',#4366,#4367,#875,.T.);
#5276=EDGE_CURVE('',#4367,#4368,#876,.T.);
#5277=EDGE_CURVE('',#4368,#4369,#877,.T.);
#5278=EDGE_CURVE('',#4366,#4369,#878,.T.);
#5279=EDGE_CURVE('',#4370,#4371,#879,.T.);
#5280=EDGE_CURVE('',#4371,#4372,#880,.T.);
#5281=EDGE_CURVE('',#4372,#4373,#881,.T.);
#5282=EDGE_CURVE('',#4370,#4373,#882,.T.);
#5283=EDGE_CURVE('',#4374,#4375,#883,.T.);
#5284=EDGE_CURVE('',#4375,#4376,#884,.T.);
#5285=EDGE_CURVE('',#4376,#4377,#885,.T.);
#5286=EDGE_CURVE('',#4374,#4377,#886,.T.);
#5287=EDGE_CURVE('',#4378,#4379,#887,.T.);
#5288=EDGE_CURVE('',#4379,#4380,#888,.T.);
#5289=EDGE_CURVE('',#4380,#4381,#889,.T.);
#5290=EDGE_CURVE('',#4378,#4381,#890,.T.);
#5291=EDGE_CURVE('',#4382,#4383,#891,.T.);
#5292=EDGE_CURVE('',#4383,#4384,#892,.T.);
#5293=EDGE_CURVE('',#4384,#4385,#893,.T.);
#5294=EDGE_CURVE('',#4382,#4385,#894,.T.);
#5295=EDGE_CURVE('',#4386,#4387,#895,.T.);
#5296=EDGE_CURVE('',#4387,#4388,#896,.T.);
#5297=EDGE_CURVE('',#4388,#4389,#897,.T.);
#5298=EDGE_CURVE('',#4386,#4389,#898,.T.);
#5299=EDGE_CURVE('',#4390,#4391,#899,.T.);
#5300=EDGE_CURVE('',#4391,#4392,#900,.T.);
#5301=EDGE_CURVE('',#4392,#4393,#901,.T.);
#5302=EDGE_CURVE('',#4393,#4390,#902,.T.);
#5303=EDGE_CURVE('',#4394,#4395,#903,.T.);
#5304=EDGE_CURVE('',#4395,#4396,#904,.T.);
#5305=EDGE_CURVE('',#4396,#4397,#905,.T.);
#5306=EDGE_CURVE('',#4397,#4398,#906,.T.);
#5307=EDGE_CURVE('',#4398,#4399,#907,.T.);
#5308=EDGE_CURVE('',#4399,#4400,#908,.T.);
#5309=EDGE_CURVE('',#4400,#4401,#909,.T.);
#5310=EDGE_CURVE('',#4401,#4402,#910,.T.);
#5311=EDGE_CURVE('',#4402,#4403,#911,.T.);
#5312=EDGE_CURVE('',#4403,#4404,#912,.T.);
#5313=EDGE_CURVE('',#4404,#4405,#913,.T.);
#5314=EDGE_CURVE('',#4405,#4394,#914,.T.);
#5315=EDGE_CURVE('',#4406,#4407,#915,.T.);
#5316=EDGE_CURVE('',#4407,#4408,#916,.T.);
#5317=EDGE_CURVE('',#4408,#4409,#917,.T.);
#5318=EDGE_CURVE('',#4409,#4406,#918,.T.);
#5319=EDGE_CURVE('',#4410,#4411,#919,.T.);
#5320=EDGE_CURVE('',#4411,#4412,#920,.T.);
#5321=EDGE_CURVE('',#4412,#4413,#921,.T.);
#5322=EDGE_CURVE('',#4413,#4410,#922,.T.);
#5323=EDGE_CURVE('',#4414,#4415,#923,.T.);
#5324=EDGE_CURVE('',#4415,#4416,#924,.T.);
#5325=EDGE_CURVE('',#4416,#4417,#925,.T.);
#5326=EDGE_CURVE('',#4417,#4418,#926,.T.);
#5327=EDGE_CURVE('',#4418,#4419,#927,.T.);
#5328=EDGE_CURVE('',#4419,#4420,#928,.T.);
#5329=EDGE_CURVE('',#4420,#4421,#929,.T.);
#5330=EDGE_CURVE('',#4421,#4414,#930,.T.);
#5331=EDGE_CURVE('',#4422,#4422,#368,.T.);
#5332=EDGE_CURVE('',#4423,#4423,#369,.T.);
#5333=EDGE_CURVE('',#4424,#4424,#370,.T.);
#5334=EDGE_CURVE('',#4425,#4425,#371,.T.);
#5335=EDGE_CURVE('',#4426,#4427,#372,.T.);
#5336=EDGE_CURVE('',#4426,#4428,#931,.T.);
#5337=EDGE_CURVE('',#4428,#4429,#932,.T.);
#5338=EDGE_CURVE('',#4430,#4429,#933,.T.);
#5339=EDGE_CURVE('',#4430,#4431,#934,.T.);
#5340=EDGE_CURVE('',#4427,#4431,#373,.T.);
#5341=EDGE_CURVE('',#4432,#4432,#374,.T.);
#5342=EDGE_CURVE('',#4433,#4433,#375,.T.);
#5343=EDGE_CURVE('',#4434,#4434,#376,.T.);
#5344=EDGE_CURVE('',#4435,#4279,#377,.T.);
#5345=EDGE_CURVE('',#4435,#4436,#935,.T.);
#5346=EDGE_CURVE('',#4276,#4436,#378,.T.);
#5347=EDGE_CURVE('',#4437,#4311,#936,.T.);
#5348=EDGE_CURVE('',#4436,#4437,#937,.T.);
#5349=EDGE_CURVE('',#4438,#4438,#379,.T.);
#5350=EDGE_CURVE('',#4274,#4439,#938,.T.);
#5351=EDGE_CURVE('',#4440,#4439,#939,.T.);
#5352=EDGE_CURVE('',#4440,#4441,#940,.T.);
#5353=EDGE_CURVE('',#4442,#4441,#941,.T.);
#5354=EDGE_CURVE('',#4442,#4443,#942,.T.);
#5355=EDGE_CURVE('',#4443,#4444,#380,.T.);
#5356=EDGE_CURVE('',#4445,#4444,#943,.T.);
#5357=EDGE_CURVE('',#4445,#4446,#381,.T.);
#5358=EDGE_CURVE('',#4447,#4446,#944,.T.);
#5359=EDGE_CURVE('',#4448,#4447,#945,.T.);
#5360=EDGE_CURVE('',#4448,#4449,#946,.T.);
#5361=EDGE_CURVE('',#4275,#4449,#947,.T.);
#5362=EDGE_CURVE('',#4450,#4450,#382,.T.);
#5363=EDGE_CURVE('',#4439,#4270,#948,.T.);
#5364=EDGE_CURVE('',#4451,#4452,#949,.T.);
#5365=EDGE_CURVE('',#4452,#4435,#950,.T.);
#5366=EDGE_CURVE('',#4310,#4453,#951,.T.);
#5367=EDGE_CURVE('',#4451,#4453,#952,.T.);
#5368=EDGE_CURVE('',#4454,#4454,#383,.T.);
#5369=EDGE_CURVE('',#4434,#4455,#953,.T.);
#5370=EDGE_CURVE('',#4455,#4455,#384,.T.);
#5371=EDGE_CURVE('',#4312,#4456,#954,.T.);
#5372=EDGE_CURVE('',#4456,#4456,#385,.T.);
#5373=EDGE_CURVE('',#4433,#4457,#955,.T.);
#5374=EDGE_CURVE('',#4457,#4457,#386,.T.);
#5375=EDGE_CURVE('',#4313,#4458,#956,.T.);
#5376=EDGE_CURVE('',#4458,#4458,#387,.T.);
#5377=EDGE_CURVE('',#4432,#4459,#957,.T.);
#5378=EDGE_CURVE('',#4459,#4459,#388,.T.);
#5379=EDGE_CURVE('',#4426,#4460,#195,.F.);
#5380=EDGE_CURVE('',#4427,#4461,#958,.T.);
#5381=EDGE_CURVE('',#4461,#4461,#389,.T.);
#5382=EDGE_CURVE('',#4460,#4431,#196,.F.);
#5383=EDGE_CURVE('',#4425,#4462,#959,.T.);
#5384=EDGE_CURVE('',#4462,#4462,#390,.T.);
#5385=EDGE_CURVE('',#4462,#4234,#960,.T.);
#5386=EDGE_CURVE('',#4424,#4463,#961,.T.);
#5387=EDGE_CURVE('',#4463,#4463,#391,.T.);
#5388=EDGE_CURVE('',#4463,#4235,#962,.T.);
#5389=EDGE_CURVE('',#4423,#4464,#963,.T.);
#5390=EDGE_CURVE('',#4464,#4464,#392,.T.);
#5391=EDGE_CURVE('',#4464,#4236,#964,.T.);
#5392=EDGE_CURVE('',#4422,#4465,#965,.T.);
#5393=EDGE_CURVE('',#4465,#4465,#393,.T.);
#5394=EDGE_CURVE('',#4465,#4237,#966,.T.);
#5395=EDGE_CURVE('',#4466,#4467,#967,.T.);
#5396=EDGE_CURVE('',#4468,#4467,#968,.T.);
#5397=EDGE_CURVE('',#4468,#4469,#969,.T.);
#5398=EDGE_CURVE('',#4469,#4466,#970,.T.);
#5399=EDGE_CURVE('',#4470,#4466,#971,.T.);
#5400=EDGE_CURVE('',#4469,#4471,#972,.T.);
#5401=EDGE_CURVE('',#4471,#4470,#973,.T.);
#5402=EDGE_CURVE('',#4471,#4307,#974,.T.);
#5403=EDGE_CURVE('',#4306,#4470,#975,.T.);
#5404=EDGE_CURVE('',#4469,#4472,#976,.T.);
#5405=EDGE_CURVE('',#4473,#4472,#977,.T.);
#5406=EDGE_CURVE('',#4471,#4473,#978,.T.);
#5407=EDGE_CURVE('',#4474,#4468,#979,.T.);
#5408=EDGE_CURVE('',#4472,#4474,#980,.T.);
#5409=EDGE_CURVE('',#4449,#4475,#981,.T.);
#5410=EDGE_CURVE('',#4475,#4474,#982,.T.);
#5411=EDGE_CURVE('',#4467,#4476,#983,.T.);
#5412=EDGE_CURVE('',#4477,#4476,#984,.T.);
#5413=EDGE_CURVE('',#4290,#4477,#985,.T.);
#5414=EDGE_CURVE('',#4289,#4478,#986,.T.);
#5415=EDGE_CURVE('',#4478,#4479,#987,.T.);
#5416=EDGE_CURVE('',#4479,#4280,#988,.T.);
#5417=EDGE_CURVE('',#4480,#4480,#394,.T.);
#5418=EDGE_CURVE('',#4267,#4481,#989,.T.);
#5419=EDGE_CURVE('',#4481,#4481,#395,.T.);
#5420=EDGE_CURVE('',#4482,#4482,#396,.T.);
#5421=EDGE_CURVE('',#4268,#4483,#990,.T.);
#5422=EDGE_CURVE('',#4483,#4483,#397,.T.);
#5423=EDGE_CURVE('',#4484,#4484,#398,.T.);
#5424=EDGE_CURVE('',#4269,#4485,#991,.T.);
#5425=EDGE_CURVE('',#4485,#4485,#399,.T.);
#5426=EDGE_CURVE('',#4486,#4486,#400,.T.);
#5427=EDGE_CURVE('',#4482,#4487,#992,.T.);
#5428=EDGE_CURVE('',#4487,#4487,#401,.T.);
#5429=EDGE_CURVE('',#4484,#4488,#993,.T.);
#5430=EDGE_CURVE('',#4488,#4488,#402,.T.);
#5431=EDGE_CURVE('',#4486,#4489,#994,.T.);
#5432=EDGE_CURVE('',#4489,#4489,#403,.T.);
#5433=EDGE_CURVE('',#4249,#4490,#995,.T.);
#5434=EDGE_CURVE('',#4490,#4490,#404,.T.);
#5435=EDGE_CURVE('',#4491,#4491,#405,.T.);
#5436=EDGE_CURVE('',#4248,#4492,#996,.T.);
#5437=EDGE_CURVE('',#4492,#4492,#406,.T.);
#5438=EDGE_CURVE('',#4493,#4493,#407,.T.);
#5439=EDGE_CURVE('',#4247,#4494,#997,.T.);
#5440=EDGE_CURVE('',#4494,#4494,#408,.T.);
#5441=EDGE_CURVE('',#4495,#4495,#409,.T.);
#5442=EDGE_CURVE('',#4495,#4496,#998,.T.);
#5443=EDGE_CURVE('',#4496,#4496,#410,.T.);
#5444=EDGE_CURVE('',#4493,#4497,#999,.T.);
#5445=EDGE_CURVE('',#4497,#4497,#411,.T.);
#5446=EDGE_CURVE('',#4491,#4498,#1000,.T.);
#5447=EDGE_CURVE('',#4498,#4498,#412,.T.);
#5448=EDGE_CURVE('',#4499,#4500,#1001,.T.);
#5449=EDGE_CURVE('',#4501,#4500,#1002,.T.);
#5450=EDGE_CURVE('',#4501,#4502,#1003,.T.);
#5451=EDGE_CURVE('',#4502,#4499,#1004,.T.);
#5452=EDGE_CURVE('',#4503,#4504,#1005,.T.);
#5453=EDGE_CURVE('',#4505,#4504,#1006,.T.);
#5454=EDGE_CURVE('',#4505,#4506,#1007,.T.);
#5455=EDGE_CURVE('',#4506,#4503,#1008,.T.);
#5456=EDGE_CURVE('',#4507,#4501,#1009,.T.);
#5457=EDGE_CURVE('',#4508,#4507,#1010,.T.);
#5458=EDGE_CURVE('',#4508,#4509,#1011,.T.);
#5459=EDGE_CURVE('',#4510,#4509,#1012,.T.);
#5460=EDGE_CURVE('',#4296,#4510,#1013,.T.);
#5461=EDGE_CURVE('',#4295,#4502,#1014,.T.);
#5462=EDGE_CURVE('',#4511,#4512,#1015,.T.);
#5463=EDGE_CURVE('',#4511,#4239,#1016,.T.);
#5464=EDGE_CURVE('',#4256,#4513,#1017,.T.);
#5465=EDGE_CURVE('',#4513,#4514,#1018,.T.);
#5466=EDGE_CURVE('',#4514,#4515,#1019,.T.);
#5467=EDGE_CURVE('',#4515,#4516,#1020,.T.);
#5468=EDGE_CURVE('',#4516,#4517,#1021,.T.);
#5469=EDGE_CURVE('',#4518,#4517,#1022,.T.);
#5470=EDGE_CURVE('',#4519,#4518,#1023,.T.);
#5471=EDGE_CURVE('',#4512,#4519,#1024,.T.);
#5472=EDGE_CURVE('',#4477,#4511,#1025,.T.);
#5473=EDGE_CURVE('',#4520,#4476,#1026,.T.);
#5474=EDGE_CURVE('',#4520,#4511,#1027,.T.);
#5475=EDGE_CURVE('',#4305,#4521,#1028,.T.);
#5476=EDGE_CURVE('',#4521,#4520,#1029,.T.);
#5477=EDGE_CURVE('',#4266,#4520,#1030,.T.);
#5478=EDGE_CURVE('',#4240,#4265,#1031,.T.);
#5479=EDGE_CURVE('',#4241,#4264,#1032,.T.);
#5480=EDGE_CURVE('',#4522,#4522,#413,.T.);
#5481=EDGE_CURVE('',#4522,#4523,#1033,.T.);
#5482=EDGE_CURVE('',#4523,#4523,#414,.T.);
#5483=EDGE_CURVE('',#4524,#4524,#415,.T.);
#5484=EDGE_CURVE('',#4524,#4525,#1034,.T.);
#5485=EDGE_CURVE('',#4525,#4525,#416,.T.);
#5486=EDGE_CURVE('',#4526,#4526,#417,.T.);
#5487=EDGE_CURVE('',#4526,#4527,#1035,.T.);
#5488=EDGE_CURVE('',#4527,#4527,#418,.T.);
#5489=EDGE_CURVE('',#4528,#4528,#419,.T.);
#5490=EDGE_CURVE('',#4528,#4529,#1036,.T.);
#5491=EDGE_CURVE('',#4529,#4529,#420,.T.);
#5492=EDGE_CURVE('',#4530,#4530,#421,.T.);
#5493=EDGE_CURVE('',#4530,#4531,#1037,.T.);
#5494=EDGE_CURVE('',#4531,#4531,#422,.T.);
#5495=EDGE_CURVE('',#4532,#4532,#423,.T.);
#5496=EDGE_CURVE('',#4532,#4533,#1038,.T.);
#5497=EDGE_CURVE('',#4533,#4533,#424,.T.);
#5498=EDGE_CURVE('',#4534,#4534,#425,.T.);
#5499=EDGE_CURVE('',#4534,#4535,#1039,.T.);
#5500=EDGE_CURVE('',#4535,#4535,#426,.T.);
#5501=EDGE_CURVE('',#4536,#4536,#427,.T.);
#5502=EDGE_CURVE('',#4536,#4537,#1040,.T.);
#5503=EDGE_CURVE('',#4537,#4537,#428,.T.);
#5504=EDGE_CURVE('',#4538,#4538,#429,.T.);
#5505=EDGE_CURVE('',#4538,#4539,#1041,.T.);
#5506=EDGE_CURVE('',#4539,#4539,#430,.T.);
#5507=EDGE_CURVE('',#4540,#4540,#431,.T.);
#5508=EDGE_CURVE('',#4540,#4541,#1042,.T.);
#5509=EDGE_CURVE('',#4541,#4541,#432,.T.);
#5510=EDGE_CURVE('',#4542,#4542,#433,.T.);
#5511=EDGE_CURVE('',#4542,#4543,#1043,.T.);
#5512=EDGE_CURVE('',#4543,#4543,#434,.T.);
#5513=EDGE_CURVE('',#4544,#4544,#435,.T.);
#5514=EDGE_CURVE('',#4544,#4545,#1044,.T.);
#5515=EDGE_CURVE('',#4545,#4545,#436,.T.);
#5516=EDGE_CURVE('',#4546,#4546,#437,.T.);
#5517=EDGE_CURVE('',#4546,#4547,#1045,.T.);
#5518=EDGE_CURVE('',#4547,#4547,#438,.T.);
#5519=EDGE_CURVE('',#4548,#4548,#439,.T.);
#5520=EDGE_CURVE('',#4548,#4549,#1046,.T.);
#5521=EDGE_CURVE('',#4549,#4549,#440,.T.);
#5522=EDGE_CURVE('',#4550,#4550,#441,.T.);
#5523=EDGE_CURVE('',#4550,#4551,#1047,.T.);
#5524=EDGE_CURVE('',#4551,#4551,#442,.T.);
#5525=EDGE_CURVE('',#4552,#4552,#443,.T.);
#5526=EDGE_CURVE('',#4552,#4553,#1048,.T.);
#5527=EDGE_CURVE('',#4553,#4553,#444,.T.);
#5528=EDGE_CURVE('',#4554,#4554,#445,.T.);
#5529=EDGE_CURVE('',#4554,#4555,#1049,.T.);
#5530=EDGE_CURVE('',#4555,#4555,#446,.T.);
#5531=EDGE_CURVE('',#4556,#4556,#447,.T.);
#5532=EDGE_CURVE('',#4556,#4557,#1050,.T.);
#5533=EDGE_CURVE('',#4557,#4557,#448,.T.);
#5534=EDGE_CURVE('',#4558,#4558,#449,.T.);
#5535=EDGE_CURVE('',#4558,#4559,#1051,.T.);
#5536=EDGE_CURVE('',#4559,#4559,#450,.T.);
#5537=EDGE_CURVE('',#4560,#4560,#451,.T.);
#5538=EDGE_CURVE('',#4560,#4561,#1052,.T.);
#5539=EDGE_CURVE('',#4561,#4561,#452,.T.);
#5540=EDGE_CURVE('',#4562,#4562,#453,.T.);
#5541=EDGE_CURVE('',#4562,#4563,#1053,.T.);
#5542=EDGE_CURVE('',#4563,#4563,#454,.T.);
#5543=EDGE_CURVE('',#4564,#4564,#455,.T.);
#5544=EDGE_CURVE('',#4564,#4565,#1054,.T.);
#5545=EDGE_CURVE('',#4565,#4565,#456,.T.);
#5546=EDGE_CURVE('',#4566,#4566,#457,.T.);
#5547=EDGE_CURVE('',#4566,#4567,#1055,.T.);
#5548=EDGE_CURVE('',#4567,#4567,#458,.T.);
#5549=EDGE_CURVE('',#4568,#4568,#459,.T.);
#5550=EDGE_CURVE('',#4568,#4569,#1056,.T.);
#5551=EDGE_CURVE('',#4569,#4569,#460,.T.);
#5552=EDGE_CURVE('',#4570,#4570,#461,.T.);
#5553=EDGE_CURVE('',#4570,#4571,#1057,.T.);
#5554=EDGE_CURVE('',#4571,#4571,#462,.T.);
#5555=EDGE_CURVE('',#4572,#4572,#463,.T.);
#5556=EDGE_CURVE('',#4572,#4573,#1058,.T.);
#5557=EDGE_CURVE('',#4573,#4573,#464,.T.);
#5558=EDGE_CURVE('',#4574,#4574,#465,.T.);
#5559=EDGE_CURVE('',#4574,#4575,#1059,.T.);
#5560=EDGE_CURVE('',#4575,#4575,#466,.T.);
#5561=EDGE_CURVE('',#4576,#4576,#467,.T.);
#5562=EDGE_CURVE('',#4576,#4577,#1060,.T.);
#5563=EDGE_CURVE('',#4577,#4577,#468,.T.);
#5564=EDGE_CURVE('',#4578,#4578,#469,.T.);
#5565=EDGE_CURVE('',#4578,#4579,#1061,.T.);
#5566=EDGE_CURVE('',#4579,#4579,#470,.T.);
#5567=EDGE_CURVE('',#4580,#4580,#471,.T.);
#5568=EDGE_CURVE('',#4580,#4581,#1062,.T.);
#5569=EDGE_CURVE('',#4581,#4581,#472,.T.);
#5570=EDGE_CURVE('',#4582,#4582,#473,.T.);
#5571=EDGE_CURVE('',#4582,#4583,#1063,.T.);
#5572=EDGE_CURVE('',#4583,#4583,#474,.T.);
#5573=EDGE_CURVE('',#4584,#4584,#475,.T.);
#5574=EDGE_CURVE('',#4584,#4585,#1064,.T.);
#5575=EDGE_CURVE('',#4585,#4585,#476,.T.);
#5576=EDGE_CURVE('',#4586,#4586,#477,.T.);
#5577=EDGE_CURVE('',#4586,#4587,#1065,.T.);
#5578=EDGE_CURVE('',#4587,#4587,#478,.T.);
#5579=EDGE_CURVE('',#4588,#4588,#479,.T.);
#5580=EDGE_CURVE('',#4588,#4589,#1066,.T.);
#5581=EDGE_CURVE('',#4589,#4589,#480,.T.);
#5582=EDGE_CURVE('',#4590,#4590,#481,.T.);
#5583=EDGE_CURVE('',#4590,#4591,#1067,.T.);
#5584=EDGE_CURVE('',#4591,#4591,#482,.T.);
#5585=EDGE_CURVE('',#4592,#4592,#483,.T.);
#5586=EDGE_CURVE('',#4592,#4593,#1068,.T.);
#5587=EDGE_CURVE('',#4593,#4593,#484,.T.);
#5588=EDGE_CURVE('',#4594,#4594,#485,.T.);
#5589=EDGE_CURVE('',#4594,#4595,#1069,.T.);
#5590=EDGE_CURVE('',#4595,#4595,#486,.T.);
#5591=EDGE_CURVE('',#4596,#4596,#487,.T.);
#5592=EDGE_CURVE('',#4596,#4597,#1070,.T.);
#5593=EDGE_CURVE('',#4597,#4597,#488,.T.);
#5594=EDGE_CURVE('',#4598,#4598,#489,.T.);
#5595=EDGE_CURVE('',#4599,#4599,#490,.T.);
#5596=EDGE_CURVE('',#4599,#4600,#1071,.T.);
#5597=EDGE_CURVE('',#4600,#4600,#491,.T.);
#5598=EDGE_CURVE('',#4601,#4601,#492,.T.);
#5599=EDGE_CURVE('',#4601,#4602,#1072,.T.);
#5600=EDGE_CURVE('',#4602,#4602,#493,.T.);
#5601=EDGE_CURVE('',#4603,#4603,#494,.T.);
#5602=EDGE_CURVE('',#4603,#4604,#1073,.T.);
#5603=EDGE_CURVE('',#4604,#4604,#495,.T.);
#5604=EDGE_CURVE('',#4605,#4605,#496,.T.);
#5605=EDGE_CURVE('',#4605,#4606,#1074,.T.);
#5606=EDGE_CURVE('',#4606,#4606,#497,.T.);
#5607=EDGE_CURVE('',#4607,#4608,#1075,.T.);
#5608=EDGE_CURVE('',#4609,#4607,#1076,.T.);
#5609=EDGE_CURVE('',#4610,#4609,#1077,.T.);
#5610=EDGE_CURVE('',#4611,#4610,#1078,.T.);
#5611=EDGE_CURVE('',#4612,#4611,#1079,.T.);
#5612=EDGE_CURVE('',#4608,#4612,#1080,.T.);
#5613=EDGE_CURVE('',#4613,#4614,#1081,.T.);
#5614=EDGE_CURVE('',#4615,#4614,#1082,.T.);
#5615=EDGE_CURVE('',#4616,#4615,#1083,.T.);
#5616=EDGE_CURVE('',#4617,#4616,#1084,.T.);
#5617=EDGE_CURVE('',#4613,#4617,#1085,.T.);
#5618=EDGE_CURVE('',#4618,#4619,#1086,.T.);
#5619=EDGE_CURVE('',#4620,#4618,#1087,.T.);
#5620=EDGE_CURVE('',#4621,#4620,#1088,.T.);
#5621=EDGE_CURVE('',#4622,#4621,#1089,.T.);
#5622=EDGE_CURVE('',#4619,#4622,#1090,.T.);
#5623=EDGE_CURVE('',#4623,#4624,#1091,.T.);
#5624=EDGE_CURVE('',#4623,#4617,#1092,.T.);
#5625=EDGE_CURVE('',#4624,#4616,#1093,.T.);
#5626=EDGE_CURVE('',#4625,#4623,#1094,.T.);
#5627=EDGE_CURVE('',#4625,#4620,#1095,.T.);
#5628=EDGE_CURVE('',#4618,#4612,#1096,.T.);
#5629=EDGE_CURVE('',#4613,#4611,#1097,.T.);
#5630=EDGE_CURVE('',#4626,#4625,#1098,.T.);
#5631=EDGE_CURVE('',#4626,#4621,#1099,.T.);
#5632=EDGE_CURVE('',#4627,#4615,#1100,.T.);
#5633=EDGE_CURVE('',#4628,#4614,#1101,.T.);
#5634=EDGE_CURVE('',#4629,#4628,#1102,.T.);
#5635=EDGE_CURVE('',#4629,#4627,#1103,.T.);
#5636=EDGE_CURVE('',#4630,#4610,#1104,.T.);
#5637=EDGE_CURVE('',#4631,#4630,#498,.T.);
#5638=EDGE_CURVE('',#4632,#4631,#1105,.T.);
#5639=EDGE_CURVE('',#4633,#4632,#499,.T.);
#5640=EDGE_CURVE('',#4418,#4633,#1106,.T.);
#5641=EDGE_CURVE('',#4417,#4634,#1107,.T.);
#5642=EDGE_CURVE('',#4634,#4635,#500,.T.);
#5643=EDGE_CURVE('',#4635,#4636,#1108,.T.);
#5644=EDGE_CURVE('',#4636,#4628,#501,.T.);
#5645=EDGE_CURVE('',#4637,#4609,#1109,.T.);
#5646=EDGE_CURVE('',#4630,#4637,#1110,.T.);
#5647=EDGE_CURVE('',#4638,#4607,#1111,.T.);
#5648=EDGE_CURVE('',#4637,#4638,#1112,.T.);
#5649=EDGE_CURVE('',#4639,#4608,#1113,.T.);
#5650=EDGE_CURVE('',#4638,#4639,#1114,.T.);
#5651=EDGE_CURVE('',#4622,#4640,#1115,.T.);
#5652=EDGE_CURVE('',#4641,#4640,#1116,.T.);
#5653=EDGE_CURVE('',#4642,#4641,#1117,.T.);
#5654=EDGE_CURVE('',#4642,#4619,#1118,.T.);
#5655=EDGE_CURVE('',#4640,#4627,#1119,.T.);
#5656=EDGE_CURVE('',#4641,#4629,#1120,.T.);
#5657=EDGE_CURVE('',#4643,#4644,#1121,.T.);
#5658=EDGE_CURVE('',#4643,#4642,#502,.T.);
#5659=EDGE_CURVE('',#4644,#4641,#503,.T.);
#5660=EDGE_CURVE('',#4645,#4646,#1122,.T.);
#5661=EDGE_CURVE('',#4645,#4638,#504,.T.);
#5662=EDGE_CURVE('',#4646,#4639,#505,.T.);
#5663=EDGE_CURVE('',#4647,#4645,#1123,.T.);
#5664=EDGE_CURVE('',#4647,#4637,#506,.T.);
#5665=EDGE_CURVE('',#4631,#4647,#1124,.T.);
#5666=EDGE_CURVE('',#4648,#4636,#1125,.T.);
#5667=EDGE_CURVE('',#4648,#4629,#507,.T.);
#5668=EDGE_CURVE('',#4644,#4648,#1126,.T.);
#5669=EDGE_CURVE('',#4649,#4650,#1127,.T.);
#5670=EDGE_CURVE('',#4649,#4643,#1128,.T.);
#5671=EDGE_CURVE('',#4650,#4644,#1129,.T.);
#5672=EDGE_CURVE('',#4651,#4652,#1130,.T.);
#5673=EDGE_CURVE('',#4651,#4645,#1131,.T.);
#5674=EDGE_CURVE('',#4652,#4646,#1132,.T.);
#5675=EDGE_CURVE('',#4653,#4651,#1133,.T.);
#5676=EDGE_CURVE('',#4653,#4647,#1134,.T.);
#5677=EDGE_CURVE('',#4632,#4653,#1135,.T.);
#5678=EDGE_CURVE('',#4654,#4635,#1136,.T.);
#5679=EDGE_CURVE('',#4654,#4648,#1137,.T.);
#5680=EDGE_CURVE('',#4650,#4654,#1138,.T.);
#5681=EDGE_CURVE('',#4655,#4656,#1139,.T.);
#5682=EDGE_CURVE('',#4655,#4649,#508,.T.);
#5683=EDGE_CURVE('',#4656,#4650,#509,.T.);
#5684=EDGE_CURVE('',#4657,#4658,#1140,.T.);
#5685=EDGE_CURVE('',#4657,#4651,#510,.T.);
#5686=EDGE_CURVE('',#4658,#4652,#511,.T.);
#5687=EDGE_CURVE('',#4659,#4657,#1141,.T.);
#5688=EDGE_CURVE('',#4659,#4653,#512,.T.);
#5689=EDGE_CURVE('',#4633,#4659,#1142,.T.);
#5690=EDGE_CURVE('',#4660,#4634,#1143,.T.);
#5691=EDGE_CURVE('',#4660,#4654,#513,.T.);
#5692=EDGE_CURVE('',#4656,#4660,#1144,.T.);
#5693=EDGE_CURVE('',#4414,#4655,#1145,.T.);
#5694=EDGE_CURVE('',#4415,#4656,#1146,.T.);
#5695=EDGE_CURVE('',#4421,#4658,#1147,.T.);
#5696=EDGE_CURVE('',#4420,#4657,#1148,.T.);
#5697=EDGE_CURVE('',#4419,#4659,#1149,.T.);
#5698=EDGE_CURVE('',#4416,#4660,#1150,.T.);
#5699=EDGE_CURVE('',#4624,#4661,#1151,.T.);
#5700=EDGE_CURVE('',#4661,#4662,#1152,.T.);
#5701=EDGE_CURVE('',#4662,#4663,#1153,.T.);
#5702=EDGE_CURVE('',#4664,#4663,#1154,.T.);
#5703=EDGE_CURVE('',#4665,#4664,#4220,.T.);
#5704=EDGE_CURVE('',#4665,#4666,#1155,.T.);
#5705=EDGE_CURVE('',#4667,#4666,#4221,.T.);
#5706=EDGE_CURVE('',#4668,#4667,#1156,.T.);
#5707=EDGE_CURVE('',#4668,#4669,#1157,.T.);
#5708=EDGE_CURVE('',#4669,#4670,#1158,.T.);
#5709=EDGE_CURVE('',#4670,#4258,#1159,.T.);
#5710=EDGE_CURVE('',#4246,#4671,#1160,.T.);
#5711=EDGE_CURVE('',#4671,#4672,#1161,.T.);
#5712=EDGE_CURVE('',#4672,#4673,#1162,.T.);
#5713=EDGE_CURVE('',#4673,#4674,#1163,.T.);
#5714=EDGE_CURVE('',#4674,#4626,#1164,.T.);
#5715=EDGE_CURVE('',#4675,#4675,#514,.T.);
#5716=EDGE_CURVE('',#4676,#4676,#515,.T.);
#5717=EDGE_CURVE('',#4677,#4678,#516,.T.);
#5718=EDGE_CURVE('',#4407,#4677,#1165,.T.);
#5719=EDGE_CURVE('',#4406,#4679,#1166,.T.);
#5720=EDGE_CURVE('',#4679,#4680,#517,.T.);
#5721=EDGE_CURVE('',#4680,#4681,#1167,.T.);
#5722=EDGE_CURVE('',#4681,#4682,#518,.T.);
#5723=EDGE_CURVE('',#4682,#4411,#1168,.T.);
#5724=EDGE_CURVE('',#4683,#4410,#1169,.T.);
#5725=EDGE_CURVE('',#4684,#4683,#519,.T.);
#5726=EDGE_CURVE('',#4678,#4684,#1170,.T.);
#5727=EDGE_CURVE('',#4685,#4682,#1171,.T.);
#5728=EDGE_CURVE('',#4685,#4412,#1172,.T.);
#5729=EDGE_CURVE('',#4683,#4686,#1173,.T.);
#5730=EDGE_CURVE('',#4686,#4413,#1174,.T.);
#5731=EDGE_CURVE('',#4687,#4681,#1175,.T.);
#5732=EDGE_CURVE('',#4687,#4685,#520,.T.);
#5733=EDGE_CURVE('',#4684,#4688,#1176,.T.);
#5734=EDGE_CURVE('',#4688,#4686,#521,.T.);
#5735=EDGE_CURVE('',#4689,#4680,#1177,.T.);
#5736=EDGE_CURVE('',#4689,#4687,#1178,.T.);
#5737=EDGE_CURVE('',#4678,#4690,#1179,.T.);
#5738=EDGE_CURVE('',#4690,#4688,#1180,.T.);
#5739=EDGE_CURVE('',#4691,#4679,#1181,.T.);
#5740=EDGE_CURVE('',#4691,#4689,#522,.T.);
#5741=EDGE_CURVE('',#4677,#4692,#1182,.T.);
#5742=EDGE_CURVE('',#4692,#4690,#523,.T.);
#5743=EDGE_CURVE('',#4409,#4691,#1183,.T.);
#5744=EDGE_CURVE('',#4408,#4692,#1184,.T.);
#5745=EDGE_CURVE('',#4693,#4283,#1185,.T.);
#5746=EDGE_CURVE('',#4694,#4693,#1186,.T.);
#5747=EDGE_CURVE('',#4694,#4284,#1187,.T.);
#5748=EDGE_CURVE('',#4695,#4694,#1188,.T.);
#5749=EDGE_CURVE('',#4695,#4285,#1189,.T.);
#5750=EDGE_CURVE('',#4696,#4695,#1190,.T.);
#5751=EDGE_CURVE('',#4696,#4286,#1191,.T.);
#5752=EDGE_CURVE('',#4697,#4696,#524,.T.);
#5753=EDGE_CURVE('',#4698,#4697,#1192,.T.);
#5754=EDGE_CURVE('',#4699,#4698,#1193,.T.);
#5755=EDGE_CURVE('',#4699,#4700,#1194,.T.);
#5756=EDGE_CURVE('',#4700,#4287,#525,.T.);
#5757=EDGE_CURVE('',#4288,#4700,#1195,.T.);
#5758=EDGE_CURVE('',#4701,#4699,#1196,.T.);
#5759=EDGE_CURVE('',#4701,#4478,#1197,.T.);
#5760=EDGE_CURVE('',#4702,#4703,#1198,.T.);
#5761=EDGE_CURVE('',#4702,#4694,#526,.T.);
#5762=EDGE_CURVE('',#4703,#4693,#527,.T.);
#5763=EDGE_CURVE('',#4704,#4702,#1199,.T.);
#5764=EDGE_CURVE('',#4704,#4695,#528,.T.);
#5765=EDGE_CURVE('',#4697,#4704,#1200,.T.);
#5766=EDGE_CURVE('',#4705,#4281,#1201,.T.);
#5767=EDGE_CURVE('',#4705,#4282,#529,.T.);
#5768=EDGE_CURVE('',#4706,#4707,#1202,.T.);
#5769=EDGE_CURVE('',#4706,#4702,#1203,.T.);
#5770=EDGE_CURVE('',#4707,#4703,#1204,.T.);
#5771=EDGE_CURVE('',#4698,#4708,#1205,.T.);
#5772=EDGE_CURVE('',#4708,#4704,#1206,.T.);
#5773=EDGE_CURVE('',#4709,#4701,#1207,.T.);
#5774=EDGE_CURVE('',#4709,#4479,#1208,.T.);
#5775=EDGE_CURVE('',#4710,#4709,#1209,.T.);
#5776=EDGE_CURVE('',#4710,#4705,#1210,.T.);
#5777=EDGE_CURVE('',#4707,#4710,#1211,.T.);
#5778=EDGE_CURVE('',#4676,#4711,#1212,.T.);
#5779=EDGE_CURVE('',#4711,#4711,#530,.T.);
#5780=EDGE_CURVE('',#4712,#4712,#531,.T.);
#5781=EDGE_CURVE('',#4675,#4713,#1213,.T.);
#5782=EDGE_CURVE('',#4713,#4713,#532,.T.);
#5783=EDGE_CURVE('',#4714,#4714,#533,.T.);
#5784=EDGE_CURVE('',#4714,#4715,#1214,.T.);
#5785=EDGE_CURVE('',#4715,#4715,#534,.T.);
#5786=EDGE_CURVE('',#4712,#4716,#1215,.T.);
#5787=EDGE_CURVE('',#4716,#4716,#535,.T.);
#5788=EDGE_CURVE('',#4717,#4718,#1216,.T.);
#5789=EDGE_CURVE('',#4671,#4717,#1217,.T.);
#5790=EDGE_CURVE('',#4719,#4245,#1218,.T.);
#5791=EDGE_CURVE('',#4720,#4719,#1219,.T.);
#5792=EDGE_CURVE('',#4721,#4720,#1220,.T.);
#5793=EDGE_CURVE('',#4718,#4721,#1221,.T.);
#5794=EDGE_CURVE('',#4722,#4722,#536,.T.);
#5795=EDGE_CURVE('',#4722,#4723,#1222,.T.);
#5796=EDGE_CURVE('',#4723,#4723,#537,.T.);
#5797=EDGE_CURVE('',#4724,#4724,#538,.T.);
#5798=EDGE_CURVE('',#4480,#4725,#1223,.T.);
#5799=EDGE_CURVE('',#4725,#4725,#539,.T.);
#5800=EDGE_CURVE('',#4726,#4726,#540,.T.);
#5801=EDGE_CURVE('',#4724,#4726,#1224,.T.);
#5802=EDGE_CURVE('',#4727,#4727,#541,.T.);
#5803=EDGE_CURVE('',#4727,#4728,#1225,.T.);
#5804=EDGE_CURVE('',#4728,#4728,#542,.T.);
#5805=EDGE_CURVE('',#4729,#4673,#1226,.T.);
#5806=EDGE_CURVE('',#4730,#4729,#1227,.T.);
#5807=EDGE_CURVE('',#4674,#4730,#1228,.T.);
#5808=EDGE_CURVE('',#4731,#4732,#1229,.T.);
#5809=EDGE_CURVE('',#4731,#4733,#1230,.T.);
#5810=EDGE_CURVE('',#4734,#4733,#1231,.T.);
#5811=EDGE_CURVE('',#4732,#4734,#1232,.T.);
#5812=EDGE_CURVE('',#4732,#4242,#543,.T.);
#5813=EDGE_CURVE('',#4243,#4734,#544,.T.);
#5814=EDGE_CURVE('',#4730,#4735,#545,.T.);
#5815=EDGE_CURVE('',#4736,#4729,#546,.T.);
#5816=EDGE_CURVE('',#4735,#4736,#1233,.T.);
#5817=EDGE_CURVE('',#4735,#4737,#1234,.T.);
#5818=EDGE_CURVE('',#4738,#4736,#1235,.T.);
#5819=EDGE_CURVE('',#4737,#4738,#1236,.T.);
#5820=EDGE_CURVE('',#4737,#4739,#547,.T.);
#5821=EDGE_CURVE('',#4740,#4738,#548,.T.);
#5822=EDGE_CURVE('',#4739,#4740,#1237,.T.);
#5823=EDGE_CURVE('',#4739,#4741,#1238,.T.);
#5824=EDGE_CURVE('',#4742,#4740,#1239,.T.);
#5825=EDGE_CURVE('',#4741,#4742,#1240,.T.);
#5826=EDGE_CURVE('',#4741,#4731,#549,.T.);
#5827=EDGE_CURVE('',#4733,#4742,#550,.T.);
#5828=EDGE_CURVE('',#4263,#4743,#1241,.T.);
#5829=EDGE_CURVE('',#4743,#4744,#1242,.T.);
#5830=EDGE_CURVE('',#4744,#4448,#1243,.T.);
#5831=EDGE_CURVE('',#4745,#4447,#1244,.T.);
#5832=EDGE_CURVE('',#4661,#4745,#1245,.T.);
#5833=EDGE_CURVE('',#4717,#4746,#1246,.T.);
#5834=EDGE_CURVE('',#4747,#4718,#1247,.T.);
#5835=EDGE_CURVE('',#4746,#4747,#1248,.T.);
#5836=EDGE_CURVE('',#4748,#4721,#1249,.T.);
#5837=EDGE_CURVE('',#4747,#4748,#1250,.T.);
#5838=EDGE_CURVE('',#4749,#4708,#1251,.T.);
#5839=EDGE_CURVE('',#4750,#4749,#1252,.T.);
#5840=EDGE_CURVE('',#4244,#4750,#1253,.T.);
#5841=EDGE_CURVE('',#4672,#4746,#1254,.T.);
#5842=EDGE_CURVE('',#4706,#4748,#1255,.T.);
#5843=EDGE_CURVE('',#4749,#4720,#1256,.T.);
#5844=EDGE_CURVE('',#4750,#4719,#1257,.T.);
#5845=EDGE_CURVE('',#4751,#4751,#551,.T.);
#5846=EDGE_CURVE('',#4751,#4752,#1258,.T.);
#5847=EDGE_CURVE('',#4752,#4752,#552,.T.);
#5848=EDGE_CURVE('',#4753,#4753,#553,.T.);
#5849=EDGE_CURVE('',#4753,#4754,#1259,.T.);
#5850=EDGE_CURVE('',#4754,#4754,#554,.T.);
#5851=EDGE_CURVE('',#4755,#4755,#555,.T.);
#5852=EDGE_CURVE('',#4755,#4756,#1260,.T.);
#5853=EDGE_CURVE('',#4756,#4756,#556,.T.);
#5854=EDGE_CURVE('',#4262,#4757,#1261,.T.);
#5855=EDGE_CURVE('',#4757,#4743,#1262,.T.);
#5856=EDGE_CURVE('',#4261,#4758,#1263,.T.);
#5857=EDGE_CURVE('',#4758,#4757,#1264,.T.);
#5858=EDGE_CURVE('',#4260,#4759,#1265,.T.);
#5859=EDGE_CURVE('',#4759,#4758,#1266,.T.);
#5860=EDGE_CURVE('',#4259,#4760,#1267,.T.);
#5861=EDGE_CURVE('',#4760,#4759,#1268,.T.);
#5862=EDGE_CURVE('',#4670,#4760,#1269,.T.);
#5863=EDGE_CURVE('',#4761,#4762,#1270,.T.);
#5864=EDGE_CURVE('',#4763,#4761,#1271,.T.);
#5865=EDGE_CURVE('',#4764,#4763,#1272,.T.);
#5866=EDGE_CURVE('',#4765,#4764,#557,.T.);
#5867=EDGE_CURVE('',#4766,#4765,#1273,.T.);
#5868=EDGE_CURVE('',#4767,#4766,#558,.T.);
#5869=EDGE_CURVE('',#4744,#4767,#1274,.T.);
#5870=EDGE_CURVE('',#4762,#4669,#1275,.T.);
#5871=EDGE_CURVE('',#4767,#4768,#1276,.T.);
#5872=EDGE_CURVE('',#4475,#4768,#1277,.T.);
#5873=EDGE_CURVE('',#4766,#4769,#1278,.T.);
#5874=EDGE_CURVE('',#4768,#4769,#559,.T.);
#5875=EDGE_CURVE('',#4765,#4770,#1279,.T.);
#5876=EDGE_CURVE('',#4769,#4770,#1280,.T.);
#5877=EDGE_CURVE('',#4771,#4764,#1281,.T.);
#5878=EDGE_CURVE('',#4770,#4771,#560,.T.);
#5879=EDGE_CURVE('',#4772,#4763,#1282,.T.);
#5880=EDGE_CURVE('',#4771,#4772,#1283,.T.);
#5881=EDGE_CURVE('',#4453,#4761,#1284,.T.);
#5882=EDGE_CURVE('',#4772,#4309,#1285,.T.);
#5883=EDGE_CURVE('',#4762,#4440,#1286,.T.);
#5884=EDGE_CURVE('',#4439,#4451,#1287,.T.);
#5885=EDGE_CURVE('',#4308,#4473,#1288,.T.);
#5886=EDGE_CURVE('',#4773,#4521,#1289,.T.);
#5887=EDGE_CURVE('',#4773,#4774,#1290,.T.);
#5888=EDGE_CURVE('',#4774,#4775,#1291,.T.);
#5889=EDGE_CURVE('',#4775,#4776,#1292,.T.);
#5890=EDGE_CURVE('',#4776,#4777,#1293,.T.);
#5891=EDGE_CURVE('',#4777,#4251,#1294,.T.);
#5892=EDGE_CURVE('',#4745,#4778,#1295,.T.);
#5893=EDGE_CURVE('',#4778,#4779,#561,.T.);
#5894=EDGE_CURVE('',#4779,#4780,#1296,.T.);
#5895=EDGE_CURVE('',#4780,#4781,#562,.T.);
#5896=EDGE_CURVE('',#4781,#4662,#1297,.T.);
#5897=EDGE_CURVE('',#4446,#4778,#1298,.T.);
#5898=EDGE_CURVE('',#4451,#4311,#1299,.T.);
#5899=EDGE_CURVE('',#4452,#4437,#1300,.T.);
#5900=EDGE_CURVE('',#4317,#4782,#563,.F.);
#5901=EDGE_CURVE('',#4782,#4783,#1301,.T.);
#5902=EDGE_CURVE('',#4783,#4314,#564,.F.);
#5903=EDGE_CURVE('',#4782,#4784,#1302,.T.);
#5904=EDGE_CURVE('',#4784,#4785,#1303,.T.);
#5905=EDGE_CURVE('',#4783,#4785,#1304,.T.);
#5906=EDGE_CURVE('',#4321,#4786,#565,.F.);
#5907=EDGE_CURVE('',#4786,#4787,#1305,.T.);
#5908=EDGE_CURVE('',#4787,#4318,#566,.F.);
#5909=EDGE_CURVE('',#4788,#4786,#1306,.T.);
#5910=EDGE_CURVE('',#4789,#4788,#1307,.T.);
#5911=EDGE_CURVE('',#4789,#4787,#1308,.T.);
#5912=EDGE_CURVE('',#4790,#4791,#1309,.T.);
#5913=EDGE_CURVE('',#4790,#4320,#1310,.T.);
#5914=EDGE_CURVE('',#4791,#4319,#1311,.T.);
#5915=EDGE_CURVE('',#4792,#4793,#1312,.T.);
#5916=EDGE_CURVE('',#4792,#4789,#567,.T.);
#5917=EDGE_CURVE('',#4793,#4788,#568,.T.);
#5918=EDGE_CURVE('',#4794,#4795,#1313,.T.);
#5919=EDGE_CURVE('',#4794,#4790,#569,.T.);
#5920=EDGE_CURVE('',#4795,#4791,#570,.T.);
#5921=EDGE_CURVE('',#4796,#4797,#1314,.T.);
#5922=EDGE_CURVE('',#4796,#4792,#1315,.T.);
#5923=EDGE_CURVE('',#4797,#4793,#1316,.T.);
#5924=EDGE_CURVE('',#4798,#4799,#1317,.T.);
#5925=EDGE_CURVE('',#4798,#4794,#1318,.T.);
#5926=EDGE_CURVE('',#4799,#4795,#1319,.T.);
#5927=EDGE_CURVE('',#4784,#4796,#571,.T.);
#5928=EDGE_CURVE('',#4785,#4797,#572,.T.);
#5929=EDGE_CURVE('',#4800,#4801,#1320,.T.);
#5930=EDGE_CURVE('',#4800,#4798,#573,.T.);
#5931=EDGE_CURVE('',#4801,#4799,#574,.T.);
#5932=EDGE_CURVE('',#4316,#4801,#1321,.T.);
#5933=EDGE_CURVE('',#4315,#4800,#1322,.T.);
#5934=EDGE_CURVE('',#4254,#4802,#1323,.T.);
#5935=EDGE_CURVE('',#4802,#4803,#1324,.T.);
#5936=EDGE_CURVE('',#4804,#4803,#1325,.T.);
#5937=EDGE_CURVE('',#4805,#4804,#1326,.T.);
#5938=EDGE_CURVE('',#4806,#4805,#1327,.T.);
#5939=EDGE_CURVE('',#4807,#4806,#1328,.T.);
#5940=EDGE_CURVE('',#4255,#4807,#1329,.T.);
#5941=EDGE_CURVE('',#4802,#4304,#575,.T.);
#5942=EDGE_CURVE('',#4303,#4518,#1330,.T.);
#5943=EDGE_CURVE('',#4517,#4803,#1331,.T.);
#5944=EDGE_CURVE('',#4808,#4809,#1332,.T.);
#5945=EDGE_CURVE('',#4809,#4775,#1333,.T.);
#5946=EDGE_CURVE('',#4808,#4774,#1334,.T.);
#5947=EDGE_CURVE('',#4809,#4810,#1335,.T.);
#5948=EDGE_CURVE('',#4810,#4776,#1336,.T.);
#5949=EDGE_CURVE('',#4810,#4811,#1337,.T.);
#5950=EDGE_CURVE('',#4811,#4777,#1338,.T.);
#5951=EDGE_CURVE('',#4811,#4252,#1339,.T.);
#5952=EDGE_CURVE('',#4253,#4812,#1340,.T.);
#5953=EDGE_CURVE('',#4813,#4808,#1341,.T.);
#5954=EDGE_CURVE('',#4813,#4812,#1342,.T.);
#5955=EDGE_CURVE('',#4304,#4812,#576,.T.);
#5956=EDGE_CURVE('',#4814,#4814,#577,.T.);
#5957=EDGE_CURVE('',#4815,#4815,#578,.T.);
#5958=EDGE_CURVE('',#4816,#4816,#579,.T.);
#5959=EDGE_CURVE('',#4817,#4817,#580,.T.);
#5960=EDGE_CURVE('',#4818,#4818,#581,.T.);
#5961=EDGE_CURVE('',#4819,#4819,#582,.T.);
#5962=EDGE_CURVE('',#4820,#4820,#583,.T.);
#5963=EDGE_CURVE('',#4821,#4821,#584,.T.);
#5964=EDGE_CURVE('',#4822,#4822,#585,.T.);
#5965=EDGE_CURVE('',#4823,#4823,#586,.T.);
#5966=EDGE_CURVE('',#4824,#4824,#587,.T.);
#5967=EDGE_CURVE('',#4825,#4825,#588,.T.);
#5968=EDGE_CURVE('',#4826,#4827,#589,.T.);
#5969=EDGE_CURVE('',#4827,#4667,#743,.T.);
#5970=EDGE_CURVE('',#4666,#4826,#744,.T.);
#5971=EDGE_CURVE('',#4828,#4827,#4222,.T.);
#5972=EDGE_CURVE('',#4826,#4828,#745,.T.);
#5973=EDGE_CURVE('',#4829,#4665,#746,.T.);
#5974=EDGE_CURVE('',#4828,#4829,#1343,.T.);
#5975=EDGE_CURVE('',#4830,#4829,#4223,.T.);
#5976=EDGE_CURVE('',#4664,#4830,#747,.T.);
#5977=EDGE_CURVE('',#4441,#4830,#590,.T.);
#5978=EDGE_CURVE('',#4663,#4442,#591,.F.);
#5979=EDGE_CURVE('',#4827,#4668,#592,.T.);
#5980=EDGE_CURVE('',#4325,#4831,#1344,.F.);
#5981=EDGE_CURVE('',#4831,#4832,#1345,.T.);
#5982=EDGE_CURVE('',#4832,#4322,#1346,.F.);
#5983=EDGE_CURVE('',#4329,#4833,#593,.F.);
#5984=EDGE_CURVE('',#4833,#4834,#1347,.T.);
#5985=EDGE_CURVE('',#4834,#4326,#594,.F.);
#5986=EDGE_CURVE('',#4835,#4833,#1348,.T.);
#5987=EDGE_CURVE('',#4835,#4836,#1349,.T.);
#5988=EDGE_CURVE('',#4836,#4834,#1350,.T.);
#5989=EDGE_CURVE('',#4333,#4837,#595,.F.);
#5990=EDGE_CURVE('',#4837,#4838,#1351,.T.);
#5991=EDGE_CURVE('',#4838,#4330,#596,.F.);
#5992=EDGE_CURVE('',#4839,#4837,#1352,.T.);
#5993=EDGE_CURVE('',#4840,#4839,#1353,.T.);
#5994=EDGE_CURVE('',#4840,#4838,#1354,.T.);
#5995=EDGE_CURVE('',#4337,#4841,#597,.F.);
#5996=EDGE_CURVE('',#4841,#4842,#1355,.T.);
#5997=EDGE_CURVE('',#4842,#4334,#598,.F.);
#5998=EDGE_CURVE('',#4841,#4843,#1356,.T.);
#5999=EDGE_CURVE('',#4844,#4843,#1357,.T.);
#6000=EDGE_CURVE('',#4842,#4844,#1358,.T.);
#6001=EDGE_CURVE('',#4341,#4845,#599,.F.);
#6002=EDGE_CURVE('',#4845,#4846,#1359,.T.);
#6003=EDGE_CURVE('',#4846,#4338,#600,.F.);
#6004=EDGE_CURVE('',#4845,#4847,#1360,.T.);
#6005=EDGE_CURVE('',#4847,#4848,#1361,.T.);
#6006=EDGE_CURVE('',#4846,#4848,#1362,.T.);
#6007=EDGE_CURVE('',#4849,#4850,#1363,.T.);
#6008=EDGE_CURVE('',#4850,#4328,#1364,.T.);
#6009=EDGE_CURVE('',#4849,#4327,#1365,.T.);
#6010=EDGE_CURVE('',#4851,#4852,#1366,.T.);
#6011=EDGE_CURVE('',#4852,#4836,#601,.T.);
#6012=EDGE_CURVE('',#4851,#4835,#602,.T.);
#6013=EDGE_CURVE('',#4853,#4854,#1367,.T.);
#6014=EDGE_CURVE('',#4854,#4850,#603,.T.);
#6015=EDGE_CURVE('',#4853,#4849,#604,.T.);
#6016=EDGE_CURVE('',#4855,#4856,#1368,.T.);
#6017=EDGE_CURVE('',#4856,#4852,#1369,.T.);
#6018=EDGE_CURVE('',#4855,#4851,#1370,.T.);
#6019=EDGE_CURVE('',#4857,#4858,#1371,.T.);
#6020=EDGE_CURVE('',#4858,#4854,#1372,.T.);
#6021=EDGE_CURVE('',#4857,#4853,#1373,.T.);
#6022=EDGE_CURVE('',#4843,#4856,#605,.T.);
#6023=EDGE_CURVE('',#4844,#4855,#606,.T.);
#6024=EDGE_CURVE('',#4859,#4860,#1374,.T.);
#6025=EDGE_CURVE('',#4860,#4858,#607,.T.);
#6026=EDGE_CURVE('',#4859,#4857,#608,.T.);
#6027=EDGE_CURVE('',#4335,#4860,#1375,.T.);
#6028=EDGE_CURVE('',#4336,#4859,#1376,.T.);
#6029=EDGE_CURVE('',#4861,#4862,#1377,.T.);
#6030=EDGE_CURVE('',#4861,#4332,#1378,.T.);
#6031=EDGE_CURVE('',#4862,#4331,#1379,.T.);
#6032=EDGE_CURVE('',#4863,#4864,#1380,.T.);
#6033=EDGE_CURVE('',#4863,#4840,#609,.T.);
#6034=EDGE_CURVE('',#4864,#4839,#610,.T.);
#6035=EDGE_CURVE('',#4865,#4866,#1381,.T.);
#6036=EDGE_CURVE('',#4865,#4861,#611,.T.);
#6037=EDGE_CURVE('',#4866,#4862,#612,.T.);
#6038=EDGE_CURVE('',#4867,#4868,#1382,.T.);
#6039=EDGE_CURVE('',#4867,#4863,#1383,.T.);
#6040=EDGE_CURVE('',#4868,#4864,#1384,.T.);
#6041=EDGE_CURVE('',#4869,#4870,#1385,.T.);
#6042=EDGE_CURVE('',#4869,#4865,#1386,.T.);
#6043=EDGE_CURVE('',#4870,#4866,#1387,.T.);
#6044=EDGE_CURVE('',#4847,#4867,#613,.T.);
#6045=EDGE_CURVE('',#4848,#4868,#614,.T.);
#6046=EDGE_CURVE('',#4871,#4872,#1388,.T.);
#6047=EDGE_CURVE('',#4871,#4869,#615,.T.);
#6048=EDGE_CURVE('',#4872,#4870,#616,.T.);
#6049=EDGE_CURVE('',#4340,#4872,#1389,.T.);
#6050=EDGE_CURVE('',#4339,#4871,#1390,.T.);
#6051=EDGE_CURVE('',#4429,#4873,#617,.F.);
#6052=EDGE_CURVE('',#4873,#4874,#1391,.T.);
#6053=EDGE_CURVE('',#4874,#4430,#618,.F.);
#6054=EDGE_CURVE('',#4875,#4873,#1392,.T.);
#6055=EDGE_CURVE('',#4876,#4875,#1393,.T.);
#6056=EDGE_CURVE('',#4876,#4874,#1394,.T.);
#6057=EDGE_CURVE('',#4345,#4877,#619,.F.);
#6058=EDGE_CURVE('',#4877,#4878,#1395,.T.);
#6059=EDGE_CURVE('',#4878,#4342,#620,.F.);
#6060=EDGE_CURVE('',#4877,#4879,#1396,.T.);
#6061=EDGE_CURVE('',#4879,#4880,#1397,.T.);
#6062=EDGE_CURVE('',#4878,#4880,#1398,.T.);
#6063=EDGE_CURVE('',#4349,#4881,#621,.F.);
#6064=EDGE_CURVE('',#4881,#4882,#1399,.T.);
#6065=EDGE_CURVE('',#4882,#4346,#622,.F.);
#6066=EDGE_CURVE('',#4883,#4881,#1400,.T.);
#6067=EDGE_CURVE('',#4884,#4883,#1401,.T.);
#6068=EDGE_CURVE('',#4884,#4882,#1402,.T.);
#6069=EDGE_CURVE('',#4353,#4885,#623,.F.);
#6070=EDGE_CURVE('',#4885,#4886,#1403,.T.);
#6071=EDGE_CURVE('',#4886,#4350,#624,.F.);
#6072=EDGE_CURVE('',#4887,#4885,#1404,.T.);
#6073=EDGE_CURVE('',#4887,#4888,#1405,.T.);
#6074=EDGE_CURVE('',#4888,#4886,#1406,.T.);
#6075=EDGE_CURVE('',#4357,#4889,#625,.F.);
#6076=EDGE_CURVE('',#4889,#4890,#1407,.T.);
#6077=EDGE_CURVE('',#4890,#4354,#626,.F.);
#6078=EDGE_CURVE('',#4889,#4891,#1408,.T.);
#6079=EDGE_CURVE('',#4892,#4891,#1409,.T.);
#6080=EDGE_CURVE('',#4890,#4892,#1410,.T.);
#6081=EDGE_CURVE('',#4361,#4893,#627,.F.);
#6082=EDGE_CURVE('',#4893,#4894,#1411,.T.);
#6083=EDGE_CURVE('',#4894,#4358,#628,.F.);
#6084=EDGE_CURVE('',#4893,#4895,#1412,.T.);
#6085=EDGE_CURVE('',#4895,#4896,#1413,.T.);
#6086=EDGE_CURVE('',#4894,#4896,#1414,.T.);
#6087=EDGE_CURVE('',#4362,#4897,#1415,.T.);
#6088=EDGE_CURVE('',#4897,#4898,#1416,.T.);
#6089=EDGE_CURVE('',#4363,#4898,#1417,.T.);
#6090=EDGE_CURVE('',#4365,#4899,#1418,.T.);
#6091=EDGE_CURVE('',#4899,#4897,#1419,.T.);
#6092=EDGE_CURVE('',#4364,#4900,#1420,.T.);
#6093=EDGE_CURVE('',#4900,#4899,#1421,.T.);
#6094=EDGE_CURVE('',#4898,#4900,#1422,.T.);
#6095=EDGE_CURVE('',#4901,#4902,#1423,.T.);
#6096=EDGE_CURVE('',#4901,#4428,#1424,.T.);
#6097=EDGE_CURVE('',#4902,#4460,#1425,.T.);
#6098=EDGE_CURVE('',#4903,#4904,#1426,.T.);
#6099=EDGE_CURVE('',#4903,#4876,#629,.T.);
#6100=EDGE_CURVE('',#4904,#4875,#630,.T.);
#6101=EDGE_CURVE('',#4905,#4906,#1427,.T.);
#6102=EDGE_CURVE('',#4905,#4901,#631,.T.);
#6103=EDGE_CURVE('',#4906,#4902,#632,.T.);
#6104=EDGE_CURVE('',#4907,#4908,#1428,.T.);
#6105=EDGE_CURVE('',#4907,#4903,#1429,.T.);
#6106=EDGE_CURVE('',#4908,#4904,#1430,.T.);
#6107=EDGE_CURVE('',#4909,#4910,#1431,.T.);
#6108=EDGE_CURVE('',#4909,#4905,#1432,.T.);
#6109=EDGE_CURVE('',#4910,#4906,#1433,.T.);
#6110=EDGE_CURVE('',#4879,#4907,#633,.T.);
#6111=EDGE_CURVE('',#4880,#4908,#634,.T.);
#6112=EDGE_CURVE('',#4911,#4912,#1434,.T.);
#6113=EDGE_CURVE('',#4911,#4909,#635,.T.);
#6114=EDGE_CURVE('',#4912,#4910,#636,.T.);
#6115=EDGE_CURVE('',#4344,#4912,#1435,.T.);
#6116=EDGE_CURVE('',#4343,#4911,#1436,.T.);
#6117=EDGE_CURVE('',#4913,#4914,#1437,.T.);
#6118=EDGE_CURVE('',#4914,#4352,#1438,.T.);
#6119=EDGE_CURVE('',#4913,#4351,#1439,.T.);
#6120=EDGE_CURVE('',#4915,#4916,#1440,.T.);
#6121=EDGE_CURVE('',#4916,#4914,#637,.T.);
#6122=EDGE_CURVE('',#4915,#4913,#638,.T.);
#6123=EDGE_CURVE('',#4917,#4918,#1441,.T.);
#6124=EDGE_CURVE('',#4918,#4888,#639,.T.);
#6125=EDGE_CURVE('',#4917,#4887,#640,.T.);
#6126=EDGE_CURVE('',#4919,#4920,#1442,.T.);
#6127=EDGE_CURVE('',#4920,#4916,#1443,.T.);
#6128=EDGE_CURVE('',#4919,#4915,#1444,.T.);
#6129=EDGE_CURVE('',#4921,#4922,#1445,.T.);
#6130=EDGE_CURVE('',#4922,#4918,#1446,.T.);
#6131=EDGE_CURVE('',#4921,#4917,#1447,.T.);
#6132=EDGE_CURVE('',#4923,#4924,#1448,.T.);
#6133=EDGE_CURVE('',#4924,#4920,#641,.T.);
#6134=EDGE_CURVE('',#4923,#4919,#642,.T.);
#6135=EDGE_CURVE('',#4891,#4922,#643,.T.);
#6136=EDGE_CURVE('',#4892,#4921,#644,.T.);
#6137=EDGE_CURVE('',#4355,#4924,#1449,.T.);
#6138=EDGE_CURVE('',#4356,#4923,#1450,.T.);
#6139=EDGE_CURVE('',#4925,#4926,#1451,.T.);
#6140=EDGE_CURVE('',#4925,#4348,#1452,.T.);
#6141=EDGE_CURVE('',#4926,#4347,#1453,.T.);
#6142=EDGE_CURVE('',#4927,#4928,#1454,.T.);
#6143=EDGE_CURVE('',#4927,#4925,#645,.T.);
#6144=EDGE_CURVE('',#4928,#4926,#646,.T.);
#6145=EDGE_CURVE('',#4929,#4930,#1455,.T.);
#6146=EDGE_CURVE('',#4929,#4884,#647,.T.);
#6147=EDGE_CURVE('',#4930,#4883,#648,.T.);
#6148=EDGE_CURVE('',#4931,#4932,#1456,.T.);
#6149=EDGE_CURVE('',#4931,#4927,#1457,.T.);
#6150=EDGE_CURVE('',#4932,#4928,#1458,.T.);
#6151=EDGE_CURVE('',#4933,#4934,#1459,.T.);
#6152=EDGE_CURVE('',#4933,#4929,#1460,.T.);
#6153=EDGE_CURVE('',#4934,#4930,#1461,.T.);
#6154=EDGE_CURVE('',#4935,#4936,#1462,.T.);
#6155=EDGE_CURVE('',#4935,#4931,#649,.T.);
#6156=EDGE_CURVE('',#4936,#4932,#650,.T.);
#6157=EDGE_CURVE('',#4895,#4933,#651,.T.);
#6158=EDGE_CURVE('',#4896,#4934,#652,.T.);
#6159=EDGE_CURVE('',#4359,#4935,#1463,.T.);
#6160=EDGE_CURVE('',#4360,#4936,#1464,.T.);
#6161=EDGE_CURVE('',#4369,#4937,#653,.F.);
#6162=EDGE_CURVE('',#4937,#4938,#1465,.T.);
#6163=EDGE_CURVE('',#4938,#4366,#654,.F.);
#6164=EDGE_CURVE('',#4937,#4939,#1466,.T.);
#6165=EDGE_CURVE('',#4940,#4939,#1467,.T.);
#6166=EDGE_CURVE('',#4938,#4940,#1468,.T.);
#6167=EDGE_CURVE('',#4373,#4941,#655,.F.);
#6168=EDGE_CURVE('',#4941,#4942,#1469,.T.);
#6169=EDGE_CURVE('',#4942,#4370,#656,.F.);
#6170=EDGE_CURVE('',#4943,#4941,#1470,.T.);
#6171=EDGE_CURVE('',#4943,#4944,#1471,.T.);
#6172=EDGE_CURVE('',#4944,#4942,#1472,.T.);
#6173=EDGE_CURVE('',#4377,#4945,#657,.F.);
#6174=EDGE_CURVE('',#4945,#4946,#1473,.T.);
#6175=EDGE_CURVE('',#4946,#4374,#658,.F.);
#6176=EDGE_CURVE('',#4947,#4945,#1474,.T.);
#6177=EDGE_CURVE('',#4948,#4947,#1475,.T.);
#6178=EDGE_CURVE('',#4948,#4946,#1476,.T.);
#6179=EDGE_CURVE('',#4381,#4949,#659,.F.);
#6180=EDGE_CURVE('',#4949,#4950,#1477,.T.);
#6181=EDGE_CURVE('',#4950,#4378,#660,.F.);
#6182=EDGE_CURVE('',#4949,#4951,#1478,.T.);
#6183=EDGE_CURVE('',#4951,#4952,#1479,.T.);
#6184=EDGE_CURVE('',#4950,#4952,#1480,.T.);
#6185=EDGE_CURVE('',#4953,#4954,#1481,.T.);
#6186=EDGE_CURVE('',#4954,#4372,#1482,.T.);
#6187=EDGE_CURVE('',#4953,#4371,#1483,.T.);
#6188=EDGE_CURVE('',#4955,#4956,#1484,.T.);
#6189=EDGE_CURVE('',#4956,#4954,#661,.T.);
#6190=EDGE_CURVE('',#4955,#4953,#662,.T.);
#6191=EDGE_CURVE('',#4957,#4958,#1485,.T.);
#6192=EDGE_CURVE('',#4958,#4944,#663,.T.);
#6193=EDGE_CURVE('',#4957,#4943,#664,.T.);
#6194=EDGE_CURVE('',#4959,#4960,#1486,.T.);
#6195=EDGE_CURVE('',#4960,#4956,#1487,.T.);
#6196=EDGE_CURVE('',#4959,#4955,#1488,.T.);
#6197=EDGE_CURVE('',#4961,#4962,#1489,.T.);
#6198=EDGE_CURVE('',#4962,#4958,#1490,.T.);
#6199=EDGE_CURVE('',#4961,#4957,#1491,.T.);
#6200=EDGE_CURVE('',#4963,#4964,#1492,.T.);
#6201=EDGE_CURVE('',#4964,#4960,#665,.T.);
#6202=EDGE_CURVE('',#4963,#4959,#666,.T.);
#6203=EDGE_CURVE('',#4939,#4962,#667,.T.);
#6204=EDGE_CURVE('',#4940,#4961,#668,.T.);
#6205=EDGE_CURVE('',#4367,#4964,#1493,.T.);
#6206=EDGE_CURVE('',#4368,#4963,#1494,.T.);
#6207=EDGE_CURVE('',#4965,#4966,#1495,.T.);
#6208=EDGE_CURVE('',#4965,#4376,#1496,.T.);
#6209=EDGE_CURVE('',#4966,#4375,#1497,.T.);
#6210=EDGE_CURVE('',#4967,#4968,#1498,.T.);
#6211=EDGE_CURVE('',#4967,#4965,#669,.T.);
#6212=EDGE_CURVE('',#4968,#4966,#670,.T.);
#6213=EDGE_CURVE('',#4969,#4970,#1499,.T.);
#6214=EDGE_CURVE('',#4969,#4948,#671,.T.);
#6215=EDGE_CURVE('',#4970,#4947,#672,.T.);
#6216=EDGE_CURVE('',#4971,#4972,#1500,.T.);
#6217=EDGE_CURVE('',#4971,#4967,#1501,.T.);
#6218=EDGE_CURVE('',#4972,#4968,#1502,.T.);
#6219=EDGE_CURVE('',#4973,#4974,#1503,.T.);
#6220=EDGE_CURVE('',#4973,#4969,#1504,.T.);
#6221=EDGE_CURVE('',#4974,#4970,#1505,.T.);
#6222=EDGE_CURVE('',#4975,#4976,#1506,.T.);
#6223=EDGE_CURVE('',#4975,#4971,#673,.T.);
#6224=EDGE_CURVE('',#4976,#4972,#674,.T.);
#6225=EDGE_CURVE('',#4951,#4973,#675,.T.);
#6226=EDGE_CURVE('',#4952,#4974,#676,.T.);
#6227=EDGE_CURVE('',#4379,#4975,#1507,.T.);
#6228=EDGE_CURVE('',#4380,#4976,#1508,.T.);
#6229=EDGE_CURVE('',#4385,#4977,#677,.F.);
#6230=EDGE_CURVE('',#4977,#4978,#1509,.T.);
#6231=EDGE_CURVE('',#4978,#4382,#678,.F.);
#6232=EDGE_CURVE('',#4979,#4977,#1510,.T.);
#6233=EDGE_CURVE('',#4980,#4979,#1511,.T.);
#6234=EDGE_CURVE('',#4980,#4978,#1512,.T.);
#6235=EDGE_CURVE('',#4389,#4981,#679,.F.);
#6236=EDGE_CURVE('',#4981,#4982,#1513,.T.);
#6237=EDGE_CURVE('',#4982,#4386,#680,.F.);
#6238=EDGE_CURVE('',#4981,#4983,#1514,.T.);
#6239=EDGE_CURVE('',#4983,#4984,#1515,.T.);
#6240=EDGE_CURVE('',#4982,#4984,#1516,.T.);
#6241=EDGE_CURVE('',#4985,#4986,#1517,.T.);
#6242=EDGE_CURVE('',#4985,#4384,#1518,.T.);
#6243=EDGE_CURVE('',#4986,#4383,#1519,.T.);
#6244=EDGE_CURVE('',#4987,#4988,#1520,.T.);
#6245=EDGE_CURVE('',#4987,#4980,#681,.T.);
#6246=EDGE_CURVE('',#4988,#4979,#682,.T.);
#6247=EDGE_CURVE('',#4989,#4990,#1521,.T.);
#6248=EDGE_CURVE('',#4989,#4985,#683,.T.);
#6249=EDGE_CURVE('',#4990,#4986,#684,.T.);
#6250=EDGE_CURVE('',#4991,#4992,#1522,.T.);
#6251=EDGE_CURVE('',#4991,#4987,#1523,.T.);
#6252=EDGE_CURVE('',#4992,#4988,#1524,.T.);
#6253=EDGE_CURVE('',#4993,#4994,#1525,.T.);
#6254=EDGE_CURVE('',#4993,#4989,#1526,.T.);
#6255=EDGE_CURVE('',#4994,#4990,#1527,.T.);
#6256=EDGE_CURVE('',#4983,#4991,#685,.T.);
#6257=EDGE_CURVE('',#4984,#4992,#686,.T.);
#6258=EDGE_CURVE('',#4995,#4996,#1528,.T.);
#6259=EDGE_CURVE('',#4995,#4993,#687,.T.);
#6260=EDGE_CURVE('',#4996,#4994,#688,.T.);
#6261=EDGE_CURVE('',#4388,#4996,#1529,.T.);
#6262=EDGE_CURVE('',#4387,#4995,#1530,.T.);
#6263=EDGE_CURVE('',#4390,#4997,#1531,.T.);
#6264=EDGE_CURVE('',#4997,#4998,#1532,.T.);
#6265=EDGE_CURVE('',#4391,#4998,#1533,.T.);
#6266=EDGE_CURVE('',#4393,#4999,#1534,.T.);
#6267=EDGE_CURVE('',#4999,#4997,#1535,.T.);
#6268=EDGE_CURVE('',#4392,#5000,#1536,.T.);
#6269=EDGE_CURVE('',#5000,#4999,#1537,.T.);
#6270=EDGE_CURVE('',#4998,#5000,#1538,.T.);
#6271=EDGE_CURVE('',#4832,#5001,#1539,.T.);
#6272=EDGE_CURVE('',#4323,#5001,#1540,.T.);
#6273=EDGE_CURVE('',#4324,#5002,#1541,.T.);
#6274=EDGE_CURVE('',#5002,#4831,#1542,.T.);
#6275=EDGE_CURVE('',#5001,#5002,#1543,.T.);
#6276=EDGE_CURVE('',#4397,#5003,#1544,.T.);
#6277=EDGE_CURVE('',#5004,#4396,#1545,.T.);
#6278=EDGE_CURVE('',#5004,#5003,#1546,.T.);
#6279=EDGE_CURVE('',#5003,#5005,#1547,.T.);
#6280=EDGE_CURVE('',#4398,#5005,#1548,.T.);
#6281=EDGE_CURVE('',#5006,#5004,#1549,.T.);
#6282=EDGE_CURVE('',#5007,#5006,#1550,.T.);
#6283=EDGE_CURVE('',#5008,#5007,#1551,.T.);
#6284=EDGE_CURVE('',#5009,#5008,#1552,.T.);
#6285=EDGE_CURVE('',#5010,#5009,#1553,.T.);
#6286=EDGE_CURVE('',#5011,#5010,#1554,.T.);
#6287=EDGE_CURVE('',#5012,#5011,#1555,.T.);
#6288=EDGE_CURVE('',#5005,#5012,#1556,.T.);
#6289=EDGE_CURVE('',#4395,#5006,#1557,.T.);
#6290=EDGE_CURVE('',#5007,#4394,#1558,.T.);
#6291=EDGE_CURVE('',#4405,#5008,#1559,.T.);
#6292=EDGE_CURVE('',#4401,#5011,#1560,.T.);
#6293=EDGE_CURVE('',#5012,#4400,#1561,.T.);
#6294=EDGE_CURVE('',#4399,#5012,#1562,.T.);
#6295=EDGE_CURVE('',#5010,#4402,#1563,.T.);
#6296=EDGE_CURVE('',#4403,#5009,#1564,.T.);
#6297=EDGE_CURVE('',#4404,#5009,#1565,.T.);
#6298=EDGE_CURVE('',#5013,#4505,#1566,.T.);
#6299=EDGE_CURVE('',#5014,#5013,#1567,.T.);
#6300=EDGE_CURVE('',#5014,#5015,#1568,.T.);
#6301=EDGE_CURVE('',#5016,#5015,#1569,.T.);
#6302=EDGE_CURVE('',#4292,#5016,#1570,.T.);
#6303=EDGE_CURVE('',#4291,#4506,#1571,.T.);
#6304=EDGE_CURVE('',#5017,#5018,#1572,.T.);
#6305=EDGE_CURVE('',#4509,#5017,#1573,.T.);
#6306=EDGE_CURVE('',#5018,#4508,#1574,.T.);
#6307=EDGE_CURVE('',#5019,#5020,#1575,.T.);
#6308=EDGE_CURVE('',#5015,#5019,#1576,.T.);
#6309=EDGE_CURVE('',#5020,#5014,#1577,.T.);
#6310=EDGE_CURVE('',#5021,#4504,#1578,.T.);
#6311=EDGE_CURVE('',#5013,#5021,#1579,.T.);
#6312=EDGE_CURVE('',#5021,#5020,#1580,.T.);
#6313=EDGE_CURVE('',#5022,#5023,#1581,.T.);
#6314=EDGE_CURVE('',#5023,#5024,#1582,.T.);
#6315=EDGE_CURVE('',#5024,#5025,#1583,.T.);
#6316=EDGE_CURVE('',#5025,#5022,#1584,.T.);
#6317=EDGE_CURVE('',#4507,#5026,#1585,.T.);
#6318=EDGE_CURVE('',#5026,#5018,#1586,.T.);
#6319=EDGE_CURVE('',#5027,#5028,#1587,.T.);
#6320=EDGE_CURVE('',#5028,#5029,#1588,.T.);
#6321=EDGE_CURVE('',#5029,#5030,#1589,.T.);
#6322=EDGE_CURVE('',#5030,#5027,#1590,.T.);
#6323=EDGE_CURVE('',#5031,#5016,#1591,.T.);
#6324=EDGE_CURVE('',#4293,#5031,#1592,.T.);
#6325=EDGE_CURVE('',#5019,#5031,#1593,.T.);
#6326=EDGE_CURVE('',#5032,#5033,#1594,.T.);
#6327=EDGE_CURVE('',#5033,#5034,#1595,.T.);
#6328=EDGE_CURVE('',#5034,#5035,#1596,.T.);
#6329=EDGE_CURVE('',#5035,#5032,#1597,.T.);
#6330=EDGE_CURVE('',#5036,#4510,#1598,.T.);
#6331=EDGE_CURVE('',#4297,#5036,#1599,.T.);
#6332=EDGE_CURVE('',#5017,#5036,#1600,.T.);
#6333=EDGE_CURVE('',#5037,#5038,#1601,.T.);
#6334=EDGE_CURVE('',#5038,#5039,#1602,.T.);
#6335=EDGE_CURVE('',#5039,#5040,#1603,.T.);
#6336=EDGE_CURVE('',#5040,#5037,#1604,.T.);
#6337=EDGE_CURVE('',#5028,#5041,#689,.T.);
#6338=EDGE_CURVE('',#5041,#5042,#1605,.T.);
#6339=EDGE_CURVE('',#5029,#5042,#690,.T.);
#6340=EDGE_CURVE('',#5042,#5043,#1606,.T.);
#6341=EDGE_CURVE('',#5043,#5037,#691,.T.);
#6342=EDGE_CURVE('',#5044,#5040,#692,.T.);
#6343=EDGE_CURVE('',#5045,#5044,#1607,.T.);
#6344=EDGE_CURVE('',#5030,#5045,#693,.T.);
#6345=EDGE_CURVE('',#5045,#5046,#1608,.T.);
#6346=EDGE_CURVE('',#5027,#5046,#694,.T.);
#6347=EDGE_CURVE('',#5046,#5047,#1609,.T.);
#6348=EDGE_CURVE('',#5047,#5039,#695,.T.);
#6349=EDGE_CURVE('',#5048,#5038,#696,.T.);
#6350=EDGE_CURVE('',#5041,#5048,#1610,.T.);
#6351=EDGE_CURVE('',#5048,#5043,#1611,.T.);
#6352=EDGE_CURVE('',#5044,#5047,#1612,.T.);
#6353=EDGE_CURVE('',#5025,#5049,#697,.T.);
#6354=EDGE_CURVE('',#5050,#5049,#1613,.T.);
#6355=EDGE_CURVE('',#5022,#5050,#698,.T.);
#6356=EDGE_CURVE('',#5024,#5051,#699,.T.);
#6357=EDGE_CURVE('',#5051,#5052,#1614,.T.);
#6358=EDGE_CURVE('',#5052,#5034,#700,.T.);
#6359=EDGE_CURVE('',#5053,#5033,#701,.T.);
#6360=EDGE_CURVE('',#5049,#5053,#1615,.T.);
#6361=EDGE_CURVE('',#5023,#5054,#702,.T.);
#6362=EDGE_CURVE('',#5051,#5054,#1616,.T.);
#6363=EDGE_CURVE('',#5050,#5055,#1617,.T.);
#6364=EDGE_CURVE('',#5055,#5032,#703,.T.);
#6365=EDGE_CURVE('',#5056,#5035,#704,.T.);
#6366=EDGE_CURVE('',#5054,#5056,#1618,.T.);
#6367=EDGE_CURVE('',#5055,#5053,#1619,.T.);
#6368=EDGE_CURVE('',#5052,#5056,#1620,.T.);
#6369=EDGE_CURVE('',#4519,#4302,#1621,.T.);
#6370=EDGE_CURVE('',#5057,#5058,#705,.T.);
#6371=EDGE_CURVE('',#5057,#5059,#1622,.T.);
#6372=EDGE_CURVE('',#5059,#4512,#1623,.T.);
#6373=EDGE_CURVE('',#4301,#5060,#1624,.T.);
#6374=EDGE_CURVE('',#5060,#5061,#1625,.T.);
#6375=EDGE_CURVE('',#5058,#5061,#706,.T.);
#6376=EDGE_CURVE('',#4298,#4499,#1626,.T.);
#6377=EDGE_CURVE('',#5026,#4500,#1627,.T.);
#6378=EDGE_CURVE('',#4294,#4503,#1628,.T.);
#6379=EDGE_CURVE('',#5062,#5063,#1629,.T.);
#6380=EDGE_CURVE('',#5064,#5063,#707,.T.);
#6381=EDGE_CURVE('',#5064,#5065,#1630,.T.);
#6382=EDGE_CURVE('',#5065,#5062,#708,.T.);
#6383=EDGE_CURVE('',#5066,#5062,#1631,.T.);
#6384=EDGE_CURVE('',#5065,#5067,#1632,.T.);
#6385=EDGE_CURVE('',#5067,#5066,#709,.T.);
#6386=EDGE_CURVE('',#5067,#5068,#1633,.T.);
#6387=EDGE_CURVE('',#5068,#5069,#710,.T.);
#6388=EDGE_CURVE('',#5069,#5066,#1634,.T.);
#6389=EDGE_CURVE('',#5070,#5069,#1635,.T.);
#6390=EDGE_CURVE('',#5068,#5071,#1636,.T.);
#6391=EDGE_CURVE('',#5071,#5070,#711,.T.);
#6392=EDGE_CURVE('',#5072,#5070,#1637,.T.);
#6393=EDGE_CURVE('',#5071,#5073,#1638,.T.);
#6394=EDGE_CURVE('',#5073,#5072,#712,.T.);
#6395=EDGE_CURVE('',#5074,#5072,#1639,.T.);
#6396=EDGE_CURVE('',#5073,#5075,#1640,.T.);
#6397=EDGE_CURVE('',#5075,#5074,#713,.T.);
#6398=EDGE_CURVE('',#5075,#5076,#1641,.T.);
#6399=EDGE_CURVE('',#5076,#5077,#714,.T.);
#6400=EDGE_CURVE('',#5077,#5074,#1642,.T.);
#6401=EDGE_CURVE('',#5078,#5077,#1643,.T.);
#6402=EDGE_CURVE('',#5076,#5079,#1644,.T.);
#6403=EDGE_CURVE('',#5079,#5078,#715,.T.);
#6404=EDGE_CURVE('',#5080,#5078,#1645,.T.);
#6405=EDGE_CURVE('',#5079,#5081,#1646,.T.);
#6406=EDGE_CURVE('',#5081,#5080,#716,.T.);
#6407=EDGE_CURVE('',#5082,#5080,#1647,.T.);
#6408=EDGE_CURVE('',#5081,#5083,#1648,.T.);
#6409=EDGE_CURVE('',#5083,#5082,#717,.T.);
#6410=EDGE_CURVE('',#5083,#5084,#1649,.T.);
#6411=EDGE_CURVE('',#5084,#5085,#718,.T.);
#6412=EDGE_CURVE('',#5085,#5082,#1650,.T.);
#6413=EDGE_CURVE('',#5086,#5085,#1651,.T.);
#6414=EDGE_CURVE('',#5084,#5087,#1652,.T.);
#6415=EDGE_CURVE('',#5087,#5086,#719,.T.);
#6416=EDGE_CURVE('',#5088,#5086,#1653,.T.);
#6417=EDGE_CURVE('',#5087,#5089,#1654,.T.);
#6418=EDGE_CURVE('',#5089,#5088,#720,.T.);
#6419=EDGE_CURVE('',#5090,#5059,#1655,.T.);
#6420=EDGE_CURVE('',#5090,#4299,#1656,.T.);
#6421=EDGE_CURVE('',#5091,#5092,#1657,.T.);
#6422=EDGE_CURVE('',#4300,#5092,#1658,.T.);
#6423=EDGE_CURVE('',#5090,#5093,#1659,.T.);
#6424=EDGE_CURVE('',#5093,#5091,#721,.T.);
#6425=EDGE_CURVE('',#5094,#5091,#1660,.T.);
#6426=EDGE_CURVE('',#5093,#5095,#1661,.T.);
#6427=EDGE_CURVE('',#5095,#5094,#722,.T.);
#6428=EDGE_CURVE('',#5096,#5094,#1662,.T.);
#6429=EDGE_CURVE('',#5095,#5097,#1663,.T.);
#6430=EDGE_CURVE('',#5097,#5096,#723,.T.);
#6431=EDGE_CURVE('',#5097,#5098,#1664,.T.);
#6432=EDGE_CURVE('',#5098,#5099,#724,.T.);
#6433=EDGE_CURVE('',#5099,#5096,#1665,.T.);
#6434=EDGE_CURVE('',#5100,#5099,#1666,.T.);
#6435=EDGE_CURVE('',#5098,#5101,#1667,.T.);
#6436=EDGE_CURVE('',#5101,#5100,#725,.T.);
#6437=EDGE_CURVE('',#5102,#5100,#1668,.T.);
#6438=EDGE_CURVE('',#5101,#5103,#1669,.T.);
#6439=EDGE_CURVE('',#5103,#5102,#726,.T.);
#6440=EDGE_CURVE('',#5104,#5102,#1670,.T.);
#6441=EDGE_CURVE('',#5103,#5105,#1671,.T.);
#6442=EDGE_CURVE('',#5105,#5104,#727,.T.);
#6443=EDGE_CURVE('',#5063,#5106,#1672,.T.);
#6444=EDGE_CURVE('',#5107,#5106,#728,.T.);
#6445=EDGE_CURVE('',#5107,#5064,#1673,.T.);
#6446=EDGE_CURVE('',#5105,#5107,#1674,.T.);
#6447=EDGE_CURVE('',#5106,#5104,#1675,.T.);
#6448=EDGE_CURVE('',#5092,#5060,#1676,.T.);
#6449=EDGE_CURVE('',#5108,#5088,#197,.T.);
#6450=EDGE_CURVE('',#5061,#5108,#1677,.T.);
#6451=EDGE_CURVE('',#5109,#5109,#729,.T.);
#6452=EDGE_CURVE('',#5110,#5110,#730,.T.);
#6453=EDGE_CURVE('',#5111,#5111,#731,.T.);
#6454=EDGE_CURVE('',#5112,#5057,#1678,.T.);
#6455=EDGE_CURVE('',#5089,#5112,#198,.T.);
#6456=EDGE_CURVE('',#5113,#5113,#732,.T.);
#6457=EDGE_CURVE('',#5114,#5114,#733,.T.);
#6458=EDGE_CURVE('',#5115,#5115,#734,.T.);
#6459=EDGE_CURVE('',#4807,#4513,#1679,.T.);
#6460=EDGE_CURVE('',#4804,#4516,#1680,.T.);
#6461=EDGE_CURVE('',#4805,#4515,#1681,.T.);
#6462=EDGE_CURVE('',#4806,#4514,#1682,.T.);
#6463=EDGE_CURVE('',#5115,#4825,#1683,.T.);
#6464=EDGE_CURVE('',#5114,#4824,#1684,.T.);
#6465=EDGE_CURVE('',#5113,#4823,#1685,.T.);
#6466=EDGE_CURVE('',#5111,#4822,#1686,.T.);
#6467=EDGE_CURVE('',#5110,#4821,#1687,.T.);
#6468=EDGE_CURVE('',#5109,#4820,#1688,.T.);
#6469=EDGE_CURVE('',#4257,#5058,#1689,.T.);
#6470=EDGE_CURVE('',#5112,#5108,#735,.T.);
#6471=EDGE_CURVE('',#5116,#5116,#736,.T.);
#6472=EDGE_CURVE('',#5116,#4819,#1690,.T.);
#6473=EDGE_CURVE('',#5117,#5117,#737,.T.);
#6474=EDGE_CURVE('',#5117,#4816,#1691,.T.);
#6475=EDGE_CURVE('',#5118,#5118,#738,.T.);
#6476=EDGE_CURVE('',#5118,#4814,#1692,.T.);
#6477=EDGE_CURVE('',#4438,#4454,#1693,.T.);
#6478=EDGE_CURVE('',#4813,#4773,#1694,.T.);
#6479=EDGE_CURVE('',#4598,#4450,#1695,.T.);
#6480=EDGE_CURVE('',#4443,#4781,#1696,.T.);
#6481=EDGE_CURVE('',#4444,#4780,#1697,.T.);
#6482=EDGE_CURVE('',#4445,#4779,#1698,.T.);
#6483=EDGE_CURVE('',#5119,#5119,#739,.T.);
#6484=EDGE_CURVE('',#5119,#4815,#1699,.T.);
#6485=EDGE_CURVE('',#5120,#5120,#740,.T.);
#6486=EDGE_CURVE('',#5120,#4818,#1700,.T.);
#6487=EDGE_CURVE('',#5121,#5121,#741,.T.);
#6488=EDGE_CURVE('',#5121,#4817,#1701,.T.);
#6489=ORIENTED_EDGE('',*,*,#5122,.T.);
#6490=ORIENTED_EDGE('',*,*,#5123,.T.);
#6491=ORIENTED_EDGE('',*,*,#5124,.T.);
#6492=ORIENTED_EDGE('',*,*,#5123,.F.);
#6493=ORIENTED_EDGE('',*,*,#5125,.F.);
#6494=ORIENTED_EDGE('',*,*,#5126,.F.);
#6495=ORIENTED_EDGE('',*,*,#5127,.F.);
#6496=ORIENTED_EDGE('',*,*,#5122,.F.);
#6497=ORIENTED_EDGE('',*,*,#5128,.T.);
#6498=ORIENTED_EDGE('',*,*,#5129,.F.);
#6499=ORIENTED_EDGE('',*,*,#5130,.T.);
#6500=ORIENTED_EDGE('',*,*,#5131,.F.);
#6501=ORIENTED_EDGE('',*,*,#5132,.T.);
#6502=ORIENTED_EDGE('',*,*,#5133,.F.);
#6503=ORIENTED_EDGE('',*,*,#5125,.T.);
#6504=ORIENTED_EDGE('',*,*,#5134,.T.);
#6505=ORIENTED_EDGE('',*,*,#5135,.T.);
#6506=ORIENTED_EDGE('',*,*,#5136,.T.);
#6507=ORIENTED_EDGE('',*,*,#5137,.T.);
#6508=ORIENTED_EDGE('',*,*,#5133,.T.);
#6509=ORIENTED_EDGE('',*,*,#5138,.T.);
#6510=ORIENTED_EDGE('',*,*,#5126,.T.);
#6511=ORIENTED_EDGE('',*,*,#5138,.F.);
#6512=ORIENTED_EDGE('',*,*,#5132,.F.);
#6513=ORIENTED_EDGE('',*,*,#5139,.F.);
#6514=ORIENTED_EDGE('',*,*,#5140,.T.);
#6515=ORIENTED_EDGE('',*,*,#5141,.T.);
#6516=ORIENTED_EDGE('',*,*,#5142,.F.);
#6517=ORIENTED_EDGE('',*,*,#5143,.F.);
#6518=ORIENTED_EDGE('',*,*,#5144,.T.);
#6519=ORIENTED_EDGE('',*,*,#5145,.F.);
#6520=ORIENTED_EDGE('',*,*,#5146,.T.);
#6521=ORIENTED_EDGE('',*,*,#5147,.T.);
#6522=ORIENTED_EDGE('',*,*,#5148,.T.);
#6523=ORIENTED_EDGE('',*,*,#5149,.T.);
#6524=ORIENTED_EDGE('',*,*,#5150,.T.);
#6525=ORIENTED_EDGE('',*,*,#5151,.T.);
#6526=ORIENTED_EDGE('',*,*,#5131,.T.);
#6527=ORIENTED_EDGE('',*,*,#5152,.T.);
#6528=ORIENTED_EDGE('',*,*,#5139,.T.);
#6529=ORIENTED_EDGE('',*,*,#5152,.F.);
#6530=ORIENTED_EDGE('',*,*,#5130,.F.);
#6531=ORIENTED_EDGE('',*,*,#5153,.F.);
#6532=ORIENTED_EDGE('',*,*,#5154,.F.);
#6533=ORIENTED_EDGE('',*,*,#5155,.T.);
#6534=ORIENTED_EDGE('',*,*,#5156,.T.);
#6535=ORIENTED_EDGE('',*,*,#5157,.T.);
#6536=ORIENTED_EDGE('',*,*,#5158,.F.);
#6537=ORIENTED_EDGE('',*,*,#5159,.T.);
#6538=ORIENTED_EDGE('',*,*,#5160,.T.);
#6539=ORIENTED_EDGE('',*,*,#5161,.T.);
#6540=ORIENTED_EDGE('',*,*,#5129,.T.);
#6541=ORIENTED_EDGE('',*,*,#5162,.T.);
#6542=ORIENTED_EDGE('',*,*,#5153,.T.);
#6543=ORIENTED_EDGE('',*,*,#5124,.F.);
#6544=ORIENTED_EDGE('',*,*,#5163,.F.);
#6545=ORIENTED_EDGE('',*,*,#5164,.T.);
#6546=ORIENTED_EDGE('',*,*,#5165,.T.);
#6547=ORIENTED_EDGE('',*,*,#5166,.T.);
#6548=ORIENTED_EDGE('',*,*,#5167,.T.);
#6549=ORIENTED_EDGE('',*,*,#5168,.T.);
#6550=ORIENTED_EDGE('',*,*,#5169,.T.);
#6551=ORIENTED_EDGE('',*,*,#5170,.T.);
#6552=ORIENTED_EDGE('',*,*,#5171,.T.);
#6553=ORIENTED_EDGE('',*,*,#5172,.T.);
#6554=ORIENTED_EDGE('',*,*,#5162,.F.);
#6555=ORIENTED_EDGE('',*,*,#5128,.F.);
#6556=ORIENTED_EDGE('',*,*,#5173,.T.);
#6557=ORIENTED_EDGE('',*,*,#5174,.T.);
#6558=ORIENTED_EDGE('',*,*,#5175,.T.);
#6559=ORIENTED_EDGE('',*,*,#5176,.F.);
#6560=ORIENTED_EDGE('',*,*,#5177,.T.);
#6561=ORIENTED_EDGE('',*,*,#5178,.T.);
#6562=ORIENTED_EDGE('',*,*,#5179,.T.);
#6563=ORIENTED_EDGE('',*,*,#5180,.T.);
#6564=ORIENTED_EDGE('',*,*,#5181,.F.);
#6565=ORIENTED_EDGE('',*,*,#5182,.F.);
#6566=ORIENTED_EDGE('',*,*,#5178,.F.);
#6567=ORIENTED_EDGE('',*,*,#5183,.T.);
#6568=ORIENTED_EDGE('',*,*,#5184,.F.);
#6569=ORIENTED_EDGE('',*,*,#5185,.F.);
#6570=ORIENTED_EDGE('',*,*,#5186,.T.);
#6571=ORIENTED_EDGE('',*,*,#5176,.T.);
#6572=ORIENTED_EDGE('',*,*,#5187,.T.);
#6573=ORIENTED_EDGE('',*,*,#5188,.T.);
#6574=ORIENTED_EDGE('',*,*,#5189,.T.);
#6575=ORIENTED_EDGE('',*,*,#5190,.T.);
#6576=ORIENTED_EDGE('',*,*,#5191,.T.);
#6577=ORIENTED_EDGE('',*,*,#5192,.T.);
#6578=ORIENTED_EDGE('',*,*,#5193,.T.);
#6579=ORIENTED_EDGE('',*,*,#5194,.T.);
#6580=ORIENTED_EDGE('',*,*,#5195,.T.);
#6581=ORIENTED_EDGE('',*,*,#5196,.T.);
#6582=ORIENTED_EDGE('',*,*,#5197,.T.);
#6583=ORIENTED_EDGE('',*,*,#5198,.T.);
#6584=ORIENTED_EDGE('',*,*,#5199,.T.);
#6585=ORIENTED_EDGE('',*,*,#5200,.T.);
#6586=ORIENTED_EDGE('',*,*,#5201,.T.);
#6587=ORIENTED_EDGE('',*,*,#5202,.T.);
#6588=ORIENTED_EDGE('',*,*,#5203,.T.);
#6589=ORIENTED_EDGE('',*,*,#5204,.T.);
#6590=ORIENTED_EDGE('',*,*,#5205,.T.);
#6591=ORIENTED_EDGE('',*,*,#5206,.T.);
#6592=ORIENTED_EDGE('',*,*,#5207,.T.);
#6593=ORIENTED_EDGE('',*,*,#5208,.T.);
#6594=ORIENTED_EDGE('',*,*,#5209,.T.);
#6595=ORIENTED_EDGE('',*,*,#5210,.T.);
#6596=ORIENTED_EDGE('',*,*,#5211,.T.);
#6597=ORIENTED_EDGE('',*,*,#5212,.T.);
#6598=ORIENTED_EDGE('',*,*,#5213,.T.);
#6599=ORIENTED_EDGE('',*,*,#5214,.T.);
#6600=ORIENTED_EDGE('',*,*,#5215,.T.);
#6601=ORIENTED_EDGE('',*,*,#5216,.T.);
#6602=ORIENTED_EDGE('',*,*,#5217,.F.);
#6603=ORIENTED_EDGE('',*,*,#5218,.T.);
#6604=ORIENTED_EDGE('',*,*,#5184,.T.);
#6605=ORIENTED_EDGE('',*,*,#5219,.T.);
#6606=ORIENTED_EDGE('',*,*,#5220,.T.);
#6607=ORIENTED_EDGE('',*,*,#5221,.F.);
#6608=ORIENTED_EDGE('',*,*,#5222,.F.);
#6609=ORIENTED_EDGE('',*,*,#5223,.T.);
#6610=ORIENTED_EDGE('',*,*,#5224,.T.);
#6611=ORIENTED_EDGE('',*,*,#5225,.T.);
#6612=ORIENTED_EDGE('',*,*,#5226,.F.);
#6613=ORIENTED_EDGE('',*,*,#5227,.T.);
#6614=ORIENTED_EDGE('',*,*,#5228,.T.);
#6615=ORIENTED_EDGE('',*,*,#5229,.T.);
#6616=ORIENTED_EDGE('',*,*,#5230,.F.);
#6617=ORIENTED_EDGE('',*,*,#5231,.T.);
#6618=ORIENTED_EDGE('',*,*,#5232,.T.);
#6619=ORIENTED_EDGE('',*,*,#5233,.T.);
#6620=ORIENTED_EDGE('',*,*,#5234,.F.);
#6621=ORIENTED_EDGE('',*,*,#5235,.T.);
#6622=ORIENTED_EDGE('',*,*,#5236,.T.);
#6623=ORIENTED_EDGE('',*,*,#5237,.T.);
#6624=ORIENTED_EDGE('',*,*,#5238,.F.);
#6625=ORIENTED_EDGE('',*,*,#5239,.T.);
#6626=ORIENTED_EDGE('',*,*,#5240,.T.);
#6627=ORIENTED_EDGE('',*,*,#5241,.T.);
#6628=ORIENTED_EDGE('',*,*,#5242,.F.);
#6629=ORIENTED_EDGE('',*,*,#5243,.T.);
#6630=ORIENTED_EDGE('',*,*,#5244,.T.);
#6631=ORIENTED_EDGE('',*,*,#5245,.T.);
#6632=ORIENTED_EDGE('',*,*,#5246,.F.);
#6633=ORIENTED_EDGE('',*,*,#5247,.T.);
#6634=ORIENTED_EDGE('',*,*,#5248,.T.);
#6635=ORIENTED_EDGE('',*,*,#5249,.T.);
#6636=ORIENTED_EDGE('',*,*,#5250,.F.);
#6637=ORIENTED_EDGE('',*,*,#5251,.T.);
#6638=ORIENTED_EDGE('',*,*,#5252,.T.);
#6639=ORIENTED_EDGE('',*,*,#5253,.T.);
#6640=ORIENTED_EDGE('',*,*,#5254,.F.);
#6641=ORIENTED_EDGE('',*,*,#5255,.T.);
#6642=ORIENTED_EDGE('',*,*,#5256,.T.);
#6643=ORIENTED_EDGE('',*,*,#5257,.T.);
#6644=ORIENTED_EDGE('',*,*,#5258,.F.);
#6645=ORIENTED_EDGE('',*,*,#5259,.T.);
#6646=ORIENTED_EDGE('',*,*,#5260,.T.);
#6647=ORIENTED_EDGE('',*,*,#5261,.T.);
#6648=ORIENTED_EDGE('',*,*,#5262,.F.);
#6649=ORIENTED_EDGE('',*,*,#5263,.T.);
#6650=ORIENTED_EDGE('',*,*,#5264,.T.);
#6651=ORIENTED_EDGE('',*,*,#5265,.T.);
#6652=ORIENTED_EDGE('',*,*,#5266,.F.);
#6653=ORIENTED_EDGE('',*,*,#5267,.T.);
#6654=ORIENTED_EDGE('',*,*,#5268,.T.);
#6655=ORIENTED_EDGE('',*,*,#5269,.T.);
#6656=ORIENTED_EDGE('',*,*,#5270,.F.);
#6657=ORIENTED_EDGE('',*,*,#5271,.T.);
#6658=ORIENTED_EDGE('',*,*,#5272,.T.);
#6659=ORIENTED_EDGE('',*,*,#5273,.T.);
#6660=ORIENTED_EDGE('',*,*,#5274,.T.);
#6661=ORIENTED_EDGE('',*,*,#5275,.T.);
#6662=ORIENTED_EDGE('',*,*,#5276,.T.);
#6663=ORIENTED_EDGE('',*,*,#5277,.T.);
#6664=ORIENTED_EDGE('',*,*,#5278,.F.);
#6665=ORIENTED_EDGE('',*,*,#5279,.T.);
#6666=ORIENTED_EDGE('',*,*,#5280,.T.);
#6667=ORIENTED_EDGE('',*,*,#5281,.T.);
#6668=ORIENTED_EDGE('',*,*,#5282,.F.);
#6669=ORIENTED_EDGE('',*,*,#5283,.T.);
#6670=ORIENTED_EDGE('',*,*,#5284,.T.);
#6671=ORIENTED_EDGE('',*,*,#5285,.T.);
#6672=ORIENTED_EDGE('',*,*,#5286,.F.);
#6673=ORIENTED_EDGE('',*,*,#5287,.T.);
#6674=ORIENTED_EDGE('',*,*,#5288,.T.);
#6675=ORIENTED_EDGE('',*,*,#5289,.T.);
#6676=ORIENTED_EDGE('',*,*,#5290,.F.);
#6677=ORIENTED_EDGE('',*,*,#5291,.T.);
#6678=ORIENTED_EDGE('',*,*,#5292,.T.);
#6679=ORIENTED_EDGE('',*,*,#5293,.T.);
#6680=ORIENTED_EDGE('',*,*,#5294,.F.);
#6681=ORIENTED_EDGE('',*,*,#5295,.T.);
#6682=ORIENTED_EDGE('',*,*,#5296,.T.);
#6683=ORIENTED_EDGE('',*,*,#5297,.T.);
#6684=ORIENTED_EDGE('',*,*,#5298,.F.);
#6685=ORIENTED_EDGE('',*,*,#5299,.T.);
#6686=ORIENTED_EDGE('',*,*,#5300,.T.);
#6687=ORIENTED_EDGE('',*,*,#5301,.T.);
#6688=ORIENTED_EDGE('',*,*,#5302,.T.);
#6689=ORIENTED_EDGE('',*,*,#5303,.T.);
#6690=ORIENTED_EDGE('',*,*,#5304,.T.);
#6691=ORIENTED_EDGE('',*,*,#5305,.T.);
#6692=ORIENTED_EDGE('',*,*,#5306,.T.);
#6693=ORIENTED_EDGE('',*,*,#5307,.T.);
#6694=ORIENTED_EDGE('',*,*,#5308,.T.);
#6695=ORIENTED_EDGE('',*,*,#5309,.T.);
#6696=ORIENTED_EDGE('',*,*,#5310,.T.);
#6697=ORIENTED_EDGE('',*,*,#5311,.T.);
#6698=ORIENTED_EDGE('',*,*,#5312,.T.);
#6699=ORIENTED_EDGE('',*,*,#5313,.T.);
#6700=ORIENTED_EDGE('',*,*,#5314,.T.);
#6701=ORIENTED_EDGE('',*,*,#5315,.T.);
#6702=ORIENTED_EDGE('',*,*,#5316,.T.);
#6703=ORIENTED_EDGE('',*,*,#5317,.T.);
#6704=ORIENTED_EDGE('',*,*,#5318,.T.);
#6705=ORIENTED_EDGE('',*,*,#5319,.T.);
#6706=ORIENTED_EDGE('',*,*,#5320,.T.);
#6707=ORIENTED_EDGE('',*,*,#5321,.T.);
#6708=ORIENTED_EDGE('',*,*,#5322,.T.);
#6709=ORIENTED_EDGE('',*,*,#5323,.T.);
#6710=ORIENTED_EDGE('',*,*,#5324,.T.);
#6711=ORIENTED_EDGE('',*,*,#5325,.T.);
#6712=ORIENTED_EDGE('',*,*,#5326,.T.);
#6713=ORIENTED_EDGE('',*,*,#5327,.T.);
#6714=ORIENTED_EDGE('',*,*,#5328,.T.);
#6715=ORIENTED_EDGE('',*,*,#5329,.T.);
#6716=ORIENTED_EDGE('',*,*,#5330,.T.);
#6717=ORIENTED_EDGE('',*,*,#5331,.T.);
#6718=ORIENTED_EDGE('',*,*,#5332,.T.);
#6719=ORIENTED_EDGE('',*,*,#5333,.T.);
#6720=ORIENTED_EDGE('',*,*,#5334,.T.);
#6721=ORIENTED_EDGE('',*,*,#5335,.F.);
#6722=ORIENTED_EDGE('',*,*,#5336,.T.);
#6723=ORIENTED_EDGE('',*,*,#5337,.T.);
#6724=ORIENTED_EDGE('',*,*,#5338,.F.);
#6725=ORIENTED_EDGE('',*,*,#5339,.T.);
#6726=ORIENTED_EDGE('',*,*,#5340,.F.);
#6727=ORIENTED_EDGE('',*,*,#5341,.F.);
#6728=ORIENTED_EDGE('',*,*,#5342,.F.);
#6729=ORIENTED_EDGE('',*,*,#5343,.F.);
#6730=ORIENTED_EDGE('',*,*,#5186,.F.);
#6731=ORIENTED_EDGE('',*,*,#5344,.F.);
#6732=ORIENTED_EDGE('',*,*,#5345,.T.);
#6733=ORIENTED_EDGE('',*,*,#5346,.F.);
#6734=ORIENTED_EDGE('',*,*,#5347,.T.);
#6735=ORIENTED_EDGE('',*,*,#5219,.F.);
#6736=ORIENTED_EDGE('',*,*,#5183,.F.);
#6737=ORIENTED_EDGE('',*,*,#5346,.T.);
#6738=ORIENTED_EDGE('',*,*,#5348,.T.);
#6739=ORIENTED_EDGE('',*,*,#5349,.T.);
#6740=ORIENTED_EDGE('',*,*,#5350,.T.);
#6741=ORIENTED_EDGE('',*,*,#5351,.F.);
#6742=ORIENTED_EDGE('',*,*,#5352,.T.);
#6743=ORIENTED_EDGE('',*,*,#5353,.F.);
#6744=ORIENTED_EDGE('',*,*,#5354,.T.);
#6745=ORIENTED_EDGE('',*,*,#5355,.T.);
#6746=ORIENTED_EDGE('',*,*,#5356,.F.);
#6747=ORIENTED_EDGE('',*,*,#5357,.T.);
#6748=ORIENTED_EDGE('',*,*,#5358,.F.);
#6749=ORIENTED_EDGE('',*,*,#5359,.F.);
#6750=ORIENTED_EDGE('',*,*,#5360,.T.);
#6751=ORIENTED_EDGE('',*,*,#5361,.F.);
#6752=ORIENTED_EDGE('',*,*,#5181,.T.);
#6753=ORIENTED_EDGE('',*,*,#5362,.T.);
#6754=ORIENTED_EDGE('',*,*,#5363,.F.);
#6755=ORIENTED_EDGE('',*,*,#5350,.F.);
#6756=ORIENTED_EDGE('',*,*,#5180,.F.);
#6757=ORIENTED_EDGE('',*,*,#5177,.F.);
#6758=ORIENTED_EDGE('',*,*,#5364,.T.);
#6759=ORIENTED_EDGE('',*,*,#5365,.T.);
#6760=ORIENTED_EDGE('',*,*,#5344,.T.);
#6761=ORIENTED_EDGE('',*,*,#5185,.T.);
#6762=ORIENTED_EDGE('',*,*,#5218,.F.);
#6763=ORIENTED_EDGE('',*,*,#5366,.T.);
#6764=ORIENTED_EDGE('',*,*,#5367,.F.);
#6765=ORIENTED_EDGE('',*,*,#5368,.T.);
#6766=ORIENTED_EDGE('',*,*,#5343,.T.);
#6767=ORIENTED_EDGE('',*,*,#5369,.T.);
#6768=ORIENTED_EDGE('',*,*,#5370,.F.);
#6769=ORIENTED_EDGE('',*,*,#5369,.F.);
#6770=ORIENTED_EDGE('',*,*,#5221,.T.);
#6771=ORIENTED_EDGE('',*,*,#5371,.T.);
#6772=ORIENTED_EDGE('',*,*,#5372,.F.);
#6773=ORIENTED_EDGE('',*,*,#5371,.F.);
#6774=ORIENTED_EDGE('',*,*,#5342,.T.);
#6775=ORIENTED_EDGE('',*,*,#5373,.T.);
#6776=ORIENTED_EDGE('',*,*,#5374,.F.);
#6777=ORIENTED_EDGE('',*,*,#5373,.F.);
#6778=ORIENTED_EDGE('',*,*,#5222,.T.);
#6779=ORIENTED_EDGE('',*,*,#5375,.T.);
#6780=ORIENTED_EDGE('',*,*,#5376,.F.);
#6781=ORIENTED_EDGE('',*,*,#5375,.F.);
#6782=ORIENTED_EDGE('',*,*,#5341,.T.);
#6783=ORIENTED_EDGE('',*,*,#5377,.T.);
#6784=ORIENTED_EDGE('',*,*,#5378,.F.);
#6785=ORIENTED_EDGE('',*,*,#5377,.F.);
#6786=ORIENTED_EDGE('',*,*,#5379,.F.);
#6787=ORIENTED_EDGE('',*,*,#5335,.T.);
#6788=ORIENTED_EDGE('',*,*,#5380,.T.);
#6789=ORIENTED_EDGE('',*,*,#5381,.F.);
#6790=ORIENTED_EDGE('',*,*,#5380,.F.);
#6791=ORIENTED_EDGE('',*,*,#5340,.T.);
#6792=ORIENTED_EDGE('',*,*,#5382,.F.);
#6793=ORIENTED_EDGE('',*,*,#5334,.F.);
#6794=ORIENTED_EDGE('',*,*,#5383,.T.);
#6795=ORIENTED_EDGE('',*,*,#5384,.T.);
#6796=ORIENTED_EDGE('',*,*,#5383,.F.);
#6797=ORIENTED_EDGE('',*,*,#5384,.F.);
#6798=ORIENTED_EDGE('',*,*,#5385,.T.);
#6799=ORIENTED_EDGE('',*,*,#5134,.F.);
#6800=ORIENTED_EDGE('',*,*,#5385,.F.);
#6801=ORIENTED_EDGE('',*,*,#5333,.F.);
#6802=ORIENTED_EDGE('',*,*,#5386,.T.);
#6803=ORIENTED_EDGE('',*,*,#5387,.T.);
#6804=ORIENTED_EDGE('',*,*,#5386,.F.);
#6805=ORIENTED_EDGE('',*,*,#5387,.F.);
#6806=ORIENTED_EDGE('',*,*,#5388,.T.);
#6807=ORIENTED_EDGE('',*,*,#5135,.F.);
#6808=ORIENTED_EDGE('',*,*,#5388,.F.);
#6809=ORIENTED_EDGE('',*,*,#5332,.F.);
#6810=ORIENTED_EDGE('',*,*,#5389,.T.);
#6811=ORIENTED_EDGE('',*,*,#5390,.T.);
#6812=ORIENTED_EDGE('',*,*,#5389,.F.);
#6813=ORIENTED_EDGE('',*,*,#5390,.F.);
#6814=ORIENTED_EDGE('',*,*,#5391,.T.);
#6815=ORIENTED_EDGE('',*,*,#5136,.F.);
#6816=ORIENTED_EDGE('',*,*,#5391,.F.);
#6817=ORIENTED_EDGE('',*,*,#5331,.F.);
#6818=ORIENTED_EDGE('',*,*,#5392,.T.);
#6819=ORIENTED_EDGE('',*,*,#5393,.T.);
#6820=ORIENTED_EDGE('',*,*,#5392,.F.);
#6821=ORIENTED_EDGE('',*,*,#5393,.F.);
#6822=ORIENTED_EDGE('',*,*,#5394,.T.);
#6823=ORIENTED_EDGE('',*,*,#5137,.F.);
#6824=ORIENTED_EDGE('',*,*,#5394,.F.);
#6825=ORIENTED_EDGE('',*,*,#5395,.T.);
#6826=ORIENTED_EDGE('',*,*,#5396,.F.);
#6827=ORIENTED_EDGE('',*,*,#5397,.T.);
#6828=ORIENTED_EDGE('',*,*,#5398,.T.);
#6829=ORIENTED_EDGE('',*,*,#5399,.T.);
#6830=ORIENTED_EDGE('',*,*,#5398,.F.);
#6831=ORIENTED_EDGE('',*,*,#5400,.T.);
#6832=ORIENTED_EDGE('',*,*,#5401,.T.);
#6833=ORIENTED_EDGE('',*,*,#5402,.T.);
#6834=ORIENTED_EDGE('',*,*,#5214,.F.);
#6835=ORIENTED_EDGE('',*,*,#5403,.T.);
#6836=ORIENTED_EDGE('',*,*,#5401,.F.);
#6837=ORIENTED_EDGE('',*,*,#5400,.F.);
#6838=ORIENTED_EDGE('',*,*,#5404,.T.);
#6839=ORIENTED_EDGE('',*,*,#5405,.F.);
#6840=ORIENTED_EDGE('',*,*,#5406,.F.);
#6841=ORIENTED_EDGE('',*,*,#5397,.F.);
#6842=ORIENTED_EDGE('',*,*,#5407,.F.);
#6843=ORIENTED_EDGE('',*,*,#5408,.F.);
#6844=ORIENTED_EDGE('',*,*,#5404,.F.);
#6845=ORIENTED_EDGE('',*,*,#5182,.T.);
#6846=ORIENTED_EDGE('',*,*,#5361,.T.);
#6847=ORIENTED_EDGE('',*,*,#5409,.T.);
#6848=ORIENTED_EDGE('',*,*,#5410,.T.);
#6849=ORIENTED_EDGE('',*,*,#5407,.T.);
#6850=ORIENTED_EDGE('',*,*,#5396,.T.);
#6851=ORIENTED_EDGE('',*,*,#5411,.T.);
#6852=ORIENTED_EDGE('',*,*,#5412,.F.);
#6853=ORIENTED_EDGE('',*,*,#5413,.F.);
#6854=ORIENTED_EDGE('',*,*,#5197,.F.);
#6855=ORIENTED_EDGE('',*,*,#5414,.T.);
#6856=ORIENTED_EDGE('',*,*,#5415,.T.);
#6857=ORIENTED_EDGE('',*,*,#5416,.T.);
#6858=ORIENTED_EDGE('',*,*,#5187,.F.);
#6859=ORIENTED_EDGE('',*,*,#5179,.F.);
#6860=ORIENTED_EDGE('',*,*,#5417,.T.);
#6861=ORIENTED_EDGE('',*,*,#5173,.F.);
#6862=ORIENTED_EDGE('',*,*,#5418,.T.);
#6863=ORIENTED_EDGE('',*,*,#5419,.T.);
#6864=ORIENTED_EDGE('',*,*,#5418,.F.);
#6865=ORIENTED_EDGE('',*,*,#5419,.F.);
#6866=ORIENTED_EDGE('',*,*,#5420,.F.);
#6867=ORIENTED_EDGE('',*,*,#5174,.F.);
#6868=ORIENTED_EDGE('',*,*,#5421,.T.);
#6869=ORIENTED_EDGE('',*,*,#5422,.T.);
#6870=ORIENTED_EDGE('',*,*,#5421,.F.);
#6871=ORIENTED_EDGE('',*,*,#5422,.F.);
#6872=ORIENTED_EDGE('',*,*,#5423,.F.);
#6873=ORIENTED_EDGE('',*,*,#5175,.F.);
#6874=ORIENTED_EDGE('',*,*,#5424,.T.);
#6875=ORIENTED_EDGE('',*,*,#5425,.T.);
#6876=ORIENTED_EDGE('',*,*,#5424,.F.);
#6877=ORIENTED_EDGE('',*,*,#5425,.F.);
#6878=ORIENTED_EDGE('',*,*,#5426,.F.);
#6879=ORIENTED_EDGE('',*,*,#5420,.T.);
#6880=ORIENTED_EDGE('',*,*,#5427,.T.);
#6881=ORIENTED_EDGE('',*,*,#5428,.F.);
#6882=ORIENTED_EDGE('',*,*,#5427,.F.);
#6883=ORIENTED_EDGE('',*,*,#5423,.T.);
#6884=ORIENTED_EDGE('',*,*,#5429,.T.);
#6885=ORIENTED_EDGE('',*,*,#5430,.F.);
#6886=ORIENTED_EDGE('',*,*,#5429,.F.);
#6887=ORIENTED_EDGE('',*,*,#5426,.T.);
#6888=ORIENTED_EDGE('',*,*,#5431,.T.);
#6889=ORIENTED_EDGE('',*,*,#5432,.F.);
#6890=ORIENTED_EDGE('',*,*,#5431,.F.);
#6891=ORIENTED_EDGE('',*,*,#5151,.F.);
#6892=ORIENTED_EDGE('',*,*,#5433,.T.);
#6893=ORIENTED_EDGE('',*,*,#5434,.T.);
#6894=ORIENTED_EDGE('',*,*,#5433,.F.);
#6895=ORIENTED_EDGE('',*,*,#5434,.F.);
#6896=ORIENTED_EDGE('',*,*,#5435,.F.);
#6897=ORIENTED_EDGE('',*,*,#5150,.F.);
#6898=ORIENTED_EDGE('',*,*,#5436,.T.);
#6899=ORIENTED_EDGE('',*,*,#5437,.T.);
#6900=ORIENTED_EDGE('',*,*,#5436,.F.);
#6901=ORIENTED_EDGE('',*,*,#5437,.F.);
#6902=ORIENTED_EDGE('',*,*,#5438,.F.);
#6903=ORIENTED_EDGE('',*,*,#5149,.F.);
#6904=ORIENTED_EDGE('',*,*,#5439,.T.);
#6905=ORIENTED_EDGE('',*,*,#5440,.T.);
#6906=ORIENTED_EDGE('',*,*,#5439,.F.);
#6907=ORIENTED_EDGE('',*,*,#5440,.F.);
#6908=ORIENTED_EDGE('',*,*,#5441,.F.);
#6909=ORIENTED_EDGE('',*,*,#5441,.T.);
#6910=ORIENTED_EDGE('',*,*,#5442,.T.);
#6911=ORIENTED_EDGE('',*,*,#5443,.F.);
#6912=ORIENTED_EDGE('',*,*,#5442,.F.);
#6913=ORIENTED_EDGE('',*,*,#5438,.T.);
#6914=ORIENTED_EDGE('',*,*,#5444,.T.);
#6915=ORIENTED_EDGE('',*,*,#5445,.F.);
#6916=ORIENTED_EDGE('',*,*,#5444,.F.);
#6917=ORIENTED_EDGE('',*,*,#5435,.T.);
#6918=ORIENTED_EDGE('',*,*,#5446,.T.);
#6919=ORIENTED_EDGE('',*,*,#5447,.F.);
#6920=ORIENTED_EDGE('',*,*,#5446,.F.);
#6921=ORIENTED_EDGE('',*,*,#5448,.T.);
#6922=ORIENTED_EDGE('',*,*,#5449,.F.);
#6923=ORIENTED_EDGE('',*,*,#5450,.T.);
#6924=ORIENTED_EDGE('',*,*,#5451,.T.);
#6925=ORIENTED_EDGE('',*,*,#5452,.T.);
#6926=ORIENTED_EDGE('',*,*,#5453,.F.);
#6927=ORIENTED_EDGE('',*,*,#5454,.T.);
#6928=ORIENTED_EDGE('',*,*,#5455,.T.);
#6929=ORIENTED_EDGE('',*,*,#5456,.F.);
#6930=ORIENTED_EDGE('',*,*,#5457,.F.);
#6931=ORIENTED_EDGE('',*,*,#5458,.T.);
#6932=ORIENTED_EDGE('',*,*,#5459,.F.);
#6933=ORIENTED_EDGE('',*,*,#5460,.F.);
#6934=ORIENTED_EDGE('',*,*,#5203,.F.);
#6935=ORIENTED_EDGE('',*,*,#5461,.T.);
#6936=ORIENTED_EDGE('',*,*,#5450,.F.);
#6937=ORIENTED_EDGE('',*,*,#5462,.F.);
#6938=ORIENTED_EDGE('',*,*,#5463,.T.);
#6939=ORIENTED_EDGE('',*,*,#5140,.F.);
#6940=ORIENTED_EDGE('',*,*,#5160,.F.);
#6941=ORIENTED_EDGE('',*,*,#5464,.T.);
#6942=ORIENTED_EDGE('',*,*,#5465,.T.);
#6943=ORIENTED_EDGE('',*,*,#5466,.T.);
#6944=ORIENTED_EDGE('',*,*,#5467,.T.);
#6945=ORIENTED_EDGE('',*,*,#5468,.T.);
#6946=ORIENTED_EDGE('',*,*,#5469,.F.);
#6947=ORIENTED_EDGE('',*,*,#5470,.F.);
#6948=ORIENTED_EDGE('',*,*,#5471,.F.);
#6949=ORIENTED_EDGE('',*,*,#5472,.F.);
#6950=ORIENTED_EDGE('',*,*,#5412,.T.);
#6951=ORIENTED_EDGE('',*,*,#5473,.F.);
#6952=ORIENTED_EDGE('',*,*,#5474,.T.);
#6953=ORIENTED_EDGE('',*,*,#5403,.F.);
#6954=ORIENTED_EDGE('',*,*,#5213,.F.);
#6955=ORIENTED_EDGE('',*,*,#5475,.T.);
#6956=ORIENTED_EDGE('',*,*,#5476,.T.);
#6957=ORIENTED_EDGE('',*,*,#5473,.T.);
#6958=ORIENTED_EDGE('',*,*,#5411,.F.);
#6959=ORIENTED_EDGE('',*,*,#5395,.F.);
#6960=ORIENTED_EDGE('',*,*,#5399,.F.);
#6961=ORIENTED_EDGE('',*,*,#5428,.T.);
#6962=ORIENTED_EDGE('',*,*,#5430,.T.);
#6963=ORIENTED_EDGE('',*,*,#5432,.T.);
#6964=ORIENTED_EDGE('',*,*,#5477,.F.);
#6965=ORIENTED_EDGE('',*,*,#5171,.F.);
#6966=ORIENTED_EDGE('',*,*,#5478,.F.);
#6967=ORIENTED_EDGE('',*,*,#5141,.F.);
#6968=ORIENTED_EDGE('',*,*,#5463,.F.);
#6969=ORIENTED_EDGE('',*,*,#5474,.F.);
#6970=ORIENTED_EDGE('',*,*,#5478,.T.);
#6971=ORIENTED_EDGE('',*,*,#5170,.F.);
#6972=ORIENTED_EDGE('',*,*,#5479,.F.);
#6973=ORIENTED_EDGE('',*,*,#5142,.T.);
#6974=ORIENTED_EDGE('',*,*,#5480,.F.);
#6975=ORIENTED_EDGE('',*,*,#5481,.T.);
#6976=ORIENTED_EDGE('',*,*,#5482,.T.);
#6977=ORIENTED_EDGE('',*,*,#5481,.F.);
#6978=ORIENTED_EDGE('',*,*,#5482,.F.);
#6979=ORIENTED_EDGE('',*,*,#5483,.F.);
#6980=ORIENTED_EDGE('',*,*,#5484,.T.);
#6981=ORIENTED_EDGE('',*,*,#5485,.T.);
#6982=ORIENTED_EDGE('',*,*,#5484,.F.);
#6983=ORIENTED_EDGE('',*,*,#5485,.F.);
#6984=ORIENTED_EDGE('',*,*,#5486,.F.);
#6985=ORIENTED_EDGE('',*,*,#5487,.T.);
#6986=ORIENTED_EDGE('',*,*,#5488,.T.);
#6987=ORIENTED_EDGE('',*,*,#5487,.F.);
#6988=ORIENTED_EDGE('',*,*,#5488,.F.);
#6989=ORIENTED_EDGE('',*,*,#5489,.F.);
#6990=ORIENTED_EDGE('',*,*,#5490,.T.);
#6991=ORIENTED_EDGE('',*,*,#5491,.T.);
#6992=ORIENTED_EDGE('',*,*,#5490,.F.);
#6993=ORIENTED_EDGE('',*,*,#5491,.F.);
#6994=ORIENTED_EDGE('',*,*,#5492,.F.);
#6995=ORIENTED_EDGE('',*,*,#5493,.T.);
#6996=ORIENTED_EDGE('',*,*,#5494,.T.);
#6997=ORIENTED_EDGE('',*,*,#5493,.F.);
#6998=ORIENTED_EDGE('',*,*,#5494,.F.);
#6999=ORIENTED_EDGE('',*,*,#5495,.F.);
#7000=ORIENTED_EDGE('',*,*,#5496,.T.);
#7001=ORIENTED_EDGE('',*,*,#5497,.T.);
#7002=ORIENTED_EDGE('',*,*,#5496,.F.);
#7003=ORIENTED_EDGE('',*,*,#5497,.F.);
#7004=ORIENTED_EDGE('',*,*,#5498,.F.);
#7005=ORIENTED_EDGE('',*,*,#5499,.T.);
#7006=ORIENTED_EDGE('',*,*,#5500,.T.);
#7007=ORIENTED_EDGE('',*,*,#5499,.F.);
#7008=ORIENTED_EDGE('',*,*,#5500,.F.);
#7009=ORIENTED_EDGE('',*,*,#5501,.F.);
#7010=ORIENTED_EDGE('',*,*,#5502,.T.);
#7011=ORIENTED_EDGE('',*,*,#5503,.T.);
#7012=ORIENTED_EDGE('',*,*,#5502,.F.);
#7013=ORIENTED_EDGE('',*,*,#5503,.F.);
#7014=ORIENTED_EDGE('',*,*,#5504,.F.);
#7015=ORIENTED_EDGE('',*,*,#5505,.T.);
#7016=ORIENTED_EDGE('',*,*,#5506,.T.);
#7017=ORIENTED_EDGE('',*,*,#5505,.F.);
#7018=ORIENTED_EDGE('',*,*,#5506,.F.);
#7019=ORIENTED_EDGE('',*,*,#5507,.F.);
#7020=ORIENTED_EDGE('',*,*,#5508,.T.);
#7021=ORIENTED_EDGE('',*,*,#5509,.T.);
#7022=ORIENTED_EDGE('',*,*,#5508,.F.);
#7023=ORIENTED_EDGE('',*,*,#5509,.F.);
#7024=ORIENTED_EDGE('',*,*,#5510,.F.);
#7025=ORIENTED_EDGE('',*,*,#5511,.T.);
#7026=ORIENTED_EDGE('',*,*,#5512,.T.);
#7027=ORIENTED_EDGE('',*,*,#5511,.F.);
#7028=ORIENTED_EDGE('',*,*,#5512,.F.);
#7029=ORIENTED_EDGE('',*,*,#5513,.F.);
#7030=ORIENTED_EDGE('',*,*,#5514,.T.);
#7031=ORIENTED_EDGE('',*,*,#5515,.T.);
#7032=ORIENTED_EDGE('',*,*,#5514,.F.);
#7033=ORIENTED_EDGE('',*,*,#5515,.F.);
#7034=ORIENTED_EDGE('',*,*,#5516,.F.);
#7035=ORIENTED_EDGE('',*,*,#5517,.T.);
#7036=ORIENTED_EDGE('',*,*,#5518,.T.);
#7037=ORIENTED_EDGE('',*,*,#5517,.F.);
#7038=ORIENTED_EDGE('',*,*,#5518,.F.);
#7039=ORIENTED_EDGE('',*,*,#5519,.F.);
#7040=ORIENTED_EDGE('',*,*,#5520,.T.);
#7041=ORIENTED_EDGE('',*,*,#5521,.T.);
#7042=ORIENTED_EDGE('',*,*,#5520,.F.);
#7043=ORIENTED_EDGE('',*,*,#5521,.F.);
#7044=ORIENTED_EDGE('',*,*,#5522,.F.);
#7045=ORIENTED_EDGE('',*,*,#5523,.T.);
#7046=ORIENTED_EDGE('',*,*,#5524,.T.);
#7047=ORIENTED_EDGE('',*,*,#5523,.F.);
#7048=ORIENTED_EDGE('',*,*,#5524,.F.);
#7049=ORIENTED_EDGE('',*,*,#5525,.F.);
#7050=ORIENTED_EDGE('',*,*,#5526,.T.);
#7051=ORIENTED_EDGE('',*,*,#5527,.T.);
#7052=ORIENTED_EDGE('',*,*,#5526,.F.);
#7053=ORIENTED_EDGE('',*,*,#5527,.F.);
#7054=ORIENTED_EDGE('',*,*,#5528,.F.);
#7055=ORIENTED_EDGE('',*,*,#5529,.T.);
#7056=ORIENTED_EDGE('',*,*,#5530,.T.);
#7057=ORIENTED_EDGE('',*,*,#5529,.F.);
#7058=ORIENTED_EDGE('',*,*,#5530,.F.);
#7059=ORIENTED_EDGE('',*,*,#5531,.F.);
#7060=ORIENTED_EDGE('',*,*,#5532,.T.);
#7061=ORIENTED_EDGE('',*,*,#5533,.T.);
#7062=ORIENTED_EDGE('',*,*,#5532,.F.);
#7063=ORIENTED_EDGE('',*,*,#5533,.F.);
#7064=ORIENTED_EDGE('',*,*,#5534,.F.);
#7065=ORIENTED_EDGE('',*,*,#5535,.T.);
#7066=ORIENTED_EDGE('',*,*,#5536,.T.);
#7067=ORIENTED_EDGE('',*,*,#5535,.F.);
#7068=ORIENTED_EDGE('',*,*,#5536,.F.);
#7069=ORIENTED_EDGE('',*,*,#5537,.F.);
#7070=ORIENTED_EDGE('',*,*,#5538,.T.);
#7071=ORIENTED_EDGE('',*,*,#5539,.T.);
#7072=ORIENTED_EDGE('',*,*,#5538,.F.);
#7073=ORIENTED_EDGE('',*,*,#5539,.F.);
#7074=ORIENTED_EDGE('',*,*,#5504,.T.);
#7075=ORIENTED_EDGE('',*,*,#5540,.F.);
#7076=ORIENTED_EDGE('',*,*,#5541,.T.);
#7077=ORIENTED_EDGE('',*,*,#5542,.T.);
#7078=ORIENTED_EDGE('',*,*,#5541,.F.);
#7079=ORIENTED_EDGE('',*,*,#5542,.F.);
#7080=ORIENTED_EDGE('',*,*,#5507,.T.);
#7081=ORIENTED_EDGE('',*,*,#5543,.F.);
#7082=ORIENTED_EDGE('',*,*,#5544,.T.);
#7083=ORIENTED_EDGE('',*,*,#5545,.T.);
#7084=ORIENTED_EDGE('',*,*,#5544,.F.);
#7085=ORIENTED_EDGE('',*,*,#5545,.F.);
#7086=ORIENTED_EDGE('',*,*,#5486,.T.);
#7087=ORIENTED_EDGE('',*,*,#5546,.F.);
#7088=ORIENTED_EDGE('',*,*,#5547,.T.);
#7089=ORIENTED_EDGE('',*,*,#5548,.T.);
#7090=ORIENTED_EDGE('',*,*,#5547,.F.);
#7091=ORIENTED_EDGE('',*,*,#5548,.F.);
#7092=ORIENTED_EDGE('',*,*,#5489,.T.);
#7093=ORIENTED_EDGE('',*,*,#5549,.F.);
#7094=ORIENTED_EDGE('',*,*,#5550,.T.);
#7095=ORIENTED_EDGE('',*,*,#5551,.T.);
#7096=ORIENTED_EDGE('',*,*,#5550,.F.);
#7097=ORIENTED_EDGE('',*,*,#5551,.F.);
#7098=ORIENTED_EDGE('',*,*,#5492,.T.);
#7099=ORIENTED_EDGE('',*,*,#5552,.F.);
#7100=ORIENTED_EDGE('',*,*,#5553,.T.);
#7101=ORIENTED_EDGE('',*,*,#5554,.T.);
#7102=ORIENTED_EDGE('',*,*,#5553,.F.);
#7103=ORIENTED_EDGE('',*,*,#5554,.F.);
#7104=ORIENTED_EDGE('',*,*,#5495,.T.);
#7105=ORIENTED_EDGE('',*,*,#5555,.F.);
#7106=ORIENTED_EDGE('',*,*,#5556,.T.);
#7107=ORIENTED_EDGE('',*,*,#5557,.T.);
#7108=ORIENTED_EDGE('',*,*,#5556,.F.);
#7109=ORIENTED_EDGE('',*,*,#5557,.F.);
#7110=ORIENTED_EDGE('',*,*,#5498,.T.);
#7111=ORIENTED_EDGE('',*,*,#5558,.F.);
#7112=ORIENTED_EDGE('',*,*,#5559,.T.);
#7113=ORIENTED_EDGE('',*,*,#5560,.T.);
#7114=ORIENTED_EDGE('',*,*,#5559,.F.);
#7115=ORIENTED_EDGE('',*,*,#5560,.F.);
#7116=ORIENTED_EDGE('',*,*,#5534,.T.);
#7117=ORIENTED_EDGE('',*,*,#5561,.F.);
#7118=ORIENTED_EDGE('',*,*,#5562,.T.);
#7119=ORIENTED_EDGE('',*,*,#5563,.T.);
#7120=ORIENTED_EDGE('',*,*,#5562,.F.);
#7121=ORIENTED_EDGE('',*,*,#5563,.F.);
#7122=ORIENTED_EDGE('',*,*,#5483,.T.);
#7123=ORIENTED_EDGE('',*,*,#5564,.F.);
#7124=ORIENTED_EDGE('',*,*,#5565,.T.);
#7125=ORIENTED_EDGE('',*,*,#5566,.T.);
#7126=ORIENTED_EDGE('',*,*,#5565,.F.);
#7127=ORIENTED_EDGE('',*,*,#5566,.F.);
#7128=ORIENTED_EDGE('',*,*,#5531,.T.);
#7129=ORIENTED_EDGE('',*,*,#5567,.F.);
#7130=ORIENTED_EDGE('',*,*,#5568,.T.);
#7131=ORIENTED_EDGE('',*,*,#5569,.T.);
#7132=ORIENTED_EDGE('',*,*,#5568,.F.);
#7133=ORIENTED_EDGE('',*,*,#5569,.F.);
#7134=ORIENTED_EDGE('',*,*,#5480,.T.);
#7135=ORIENTED_EDGE('',*,*,#5570,.F.);
#7136=ORIENTED_EDGE('',*,*,#5571,.T.);
#7137=ORIENTED_EDGE('',*,*,#5572,.T.);
#7138=ORIENTED_EDGE('',*,*,#5571,.F.);
#7139=ORIENTED_EDGE('',*,*,#5572,.F.);
#7140=ORIENTED_EDGE('',*,*,#5513,.T.);
#7141=ORIENTED_EDGE('',*,*,#5573,.F.);
#7142=ORIENTED_EDGE('',*,*,#5574,.T.);
#7143=ORIENTED_EDGE('',*,*,#5575,.T.);
#7144=ORIENTED_EDGE('',*,*,#5574,.F.);
#7145=ORIENTED_EDGE('',*,*,#5575,.F.);
#7146=ORIENTED_EDGE('',*,*,#5516,.T.);
#7147=ORIENTED_EDGE('',*,*,#5576,.F.);
#7148=ORIENTED_EDGE('',*,*,#5577,.T.);
#7149=ORIENTED_EDGE('',*,*,#5578,.T.);
#7150=ORIENTED_EDGE('',*,*,#5577,.F.);
#7151=ORIENTED_EDGE('',*,*,#5578,.F.);
#7152=ORIENTED_EDGE('',*,*,#5519,.T.);
#7153=ORIENTED_EDGE('',*,*,#5579,.F.);
#7154=ORIENTED_EDGE('',*,*,#5580,.T.);
#7155=ORIENTED_EDGE('',*,*,#5581,.T.);
#7156=ORIENTED_EDGE('',*,*,#5580,.F.);
#7157=ORIENTED_EDGE('',*,*,#5581,.F.);
#7158=ORIENTED_EDGE('',*,*,#5522,.T.);
#7159=ORIENTED_EDGE('',*,*,#5582,.F.);
#7160=ORIENTED_EDGE('',*,*,#5583,.T.);
#7161=ORIENTED_EDGE('',*,*,#5584,.T.);
#7162=ORIENTED_EDGE('',*,*,#5583,.F.);
#7163=ORIENTED_EDGE('',*,*,#5584,.F.);
#7164=ORIENTED_EDGE('',*,*,#5525,.T.);
#7165=ORIENTED_EDGE('',*,*,#5585,.F.);
#7166=ORIENTED_EDGE('',*,*,#5586,.T.);
#7167=ORIENTED_EDGE('',*,*,#5587,.T.);
#7168=ORIENTED_EDGE('',*,*,#5586,.F.);
#7169=ORIENTED_EDGE('',*,*,#5587,.F.);
#7170=ORIENTED_EDGE('',*,*,#5528,.T.);
#7171=ORIENTED_EDGE('',*,*,#5588,.F.);
#7172=ORIENTED_EDGE('',*,*,#5589,.T.);
#7173=ORIENTED_EDGE('',*,*,#5590,.T.);
#7174=ORIENTED_EDGE('',*,*,#5589,.F.);
#7175=ORIENTED_EDGE('',*,*,#5590,.F.);
#7176=ORIENTED_EDGE('',*,*,#5501,.T.);
#7177=ORIENTED_EDGE('',*,*,#5591,.F.);
#7178=ORIENTED_EDGE('',*,*,#5592,.T.);
#7179=ORIENTED_EDGE('',*,*,#5593,.T.);
#7180=ORIENTED_EDGE('',*,*,#5592,.F.);
#7181=ORIENTED_EDGE('',*,*,#5593,.F.);
#7182=ORIENTED_EDGE('',*,*,#5510,.T.);
#7183=ORIENTED_EDGE('',*,*,#5594,.F.);
#7184=ORIENTED_EDGE('',*,*,#5595,.F.);
#7185=ORIENTED_EDGE('',*,*,#5596,.T.);
#7186=ORIENTED_EDGE('',*,*,#5597,.T.);
#7187=ORIENTED_EDGE('',*,*,#5596,.F.);
#7188=ORIENTED_EDGE('',*,*,#5597,.F.);
#7189=ORIENTED_EDGE('',*,*,#5598,.F.);
#7190=ORIENTED_EDGE('',*,*,#5599,.T.);
#7191=ORIENTED_EDGE('',*,*,#5600,.T.);
#7192=ORIENTED_EDGE('',*,*,#5599,.F.);
#7193=ORIENTED_EDGE('',*,*,#5600,.F.);
#7194=ORIENTED_EDGE('',*,*,#5601,.F.);
#7195=ORIENTED_EDGE('',*,*,#5602,.T.);
#7196=ORIENTED_EDGE('',*,*,#5603,.T.);
#7197=ORIENTED_EDGE('',*,*,#5602,.F.);
#7198=ORIENTED_EDGE('',*,*,#5603,.F.);
#7199=ORIENTED_EDGE('',*,*,#5598,.T.);
#7200=ORIENTED_EDGE('',*,*,#5604,.F.);
#7201=ORIENTED_EDGE('',*,*,#5605,.T.);
#7202=ORIENTED_EDGE('',*,*,#5606,.T.);
#7203=ORIENTED_EDGE('',*,*,#5605,.F.);
#7204=ORIENTED_EDGE('',*,*,#5606,.F.);
#7205=ORIENTED_EDGE('',*,*,#5595,.T.);
#7206=ORIENTED_EDGE('',*,*,#5607,.F.);
#7207=ORIENTED_EDGE('',*,*,#5608,.F.);
#7208=ORIENTED_EDGE('',*,*,#5609,.F.);
#7209=ORIENTED_EDGE('',*,*,#5610,.F.);
#7210=ORIENTED_EDGE('',*,*,#5611,.F.);
#7211=ORIENTED_EDGE('',*,*,#5612,.F.);
#7212=ORIENTED_EDGE('',*,*,#5613,.T.);
#7213=ORIENTED_EDGE('',*,*,#5614,.F.);
#7214=ORIENTED_EDGE('',*,*,#5615,.F.);
#7215=ORIENTED_EDGE('',*,*,#5616,.F.);
#7216=ORIENTED_EDGE('',*,*,#5617,.F.);
#7217=ORIENTED_EDGE('',*,*,#5601,.T.);
#7218=ORIENTED_EDGE('',*,*,#5618,.F.);
#7219=ORIENTED_EDGE('',*,*,#5619,.F.);
#7220=ORIENTED_EDGE('',*,*,#5620,.F.);
#7221=ORIENTED_EDGE('',*,*,#5621,.F.);
#7222=ORIENTED_EDGE('',*,*,#5622,.F.);
#7223=ORIENTED_EDGE('',*,*,#5604,.T.);
#7224=ORIENTED_EDGE('',*,*,#5623,.F.);
#7225=ORIENTED_EDGE('',*,*,#5624,.T.);
#7226=ORIENTED_EDGE('',*,*,#5616,.T.);
#7227=ORIENTED_EDGE('',*,*,#5625,.F.);
#7228=ORIENTED_EDGE('',*,*,#5626,.F.);
#7229=ORIENTED_EDGE('',*,*,#5627,.T.);
#7230=ORIENTED_EDGE('',*,*,#5619,.T.);
#7231=ORIENTED_EDGE('',*,*,#5628,.T.);
#7232=ORIENTED_EDGE('',*,*,#5611,.T.);
#7233=ORIENTED_EDGE('',*,*,#5629,.F.);
#7234=ORIENTED_EDGE('',*,*,#5617,.T.);
#7235=ORIENTED_EDGE('',*,*,#5624,.F.);
#7236=ORIENTED_EDGE('',*,*,#5630,.F.);
#7237=ORIENTED_EDGE('',*,*,#5631,.T.);
#7238=ORIENTED_EDGE('',*,*,#5620,.T.);
#7239=ORIENTED_EDGE('',*,*,#5627,.F.);
#7240=ORIENTED_EDGE('',*,*,#5632,.T.);
#7241=ORIENTED_EDGE('',*,*,#5614,.T.);
#7242=ORIENTED_EDGE('',*,*,#5633,.F.);
#7243=ORIENTED_EDGE('',*,*,#5634,.F.);
#7244=ORIENTED_EDGE('',*,*,#5635,.T.);
#7245=ORIENTED_EDGE('',*,*,#5636,.F.);
#7246=ORIENTED_EDGE('',*,*,#5637,.F.);
#7247=ORIENTED_EDGE('',*,*,#5638,.F.);
#7248=ORIENTED_EDGE('',*,*,#5639,.F.);
#7249=ORIENTED_EDGE('',*,*,#5640,.F.);
#7250=ORIENTED_EDGE('',*,*,#5326,.F.);
#7251=ORIENTED_EDGE('',*,*,#5641,.T.);
#7252=ORIENTED_EDGE('',*,*,#5642,.T.);
#7253=ORIENTED_EDGE('',*,*,#5643,.T.);
#7254=ORIENTED_EDGE('',*,*,#5644,.T.);
#7255=ORIENTED_EDGE('',*,*,#5633,.T.);
#7256=ORIENTED_EDGE('',*,*,#5613,.F.);
#7257=ORIENTED_EDGE('',*,*,#5629,.T.);
#7258=ORIENTED_EDGE('',*,*,#5610,.T.);
#7259=ORIENTED_EDGE('',*,*,#5609,.T.);
#7260=ORIENTED_EDGE('',*,*,#5645,.F.);
#7261=ORIENTED_EDGE('',*,*,#5646,.F.);
#7262=ORIENTED_EDGE('',*,*,#5636,.T.);
#7263=ORIENTED_EDGE('',*,*,#5608,.T.);
#7264=ORIENTED_EDGE('',*,*,#5647,.F.);
#7265=ORIENTED_EDGE('',*,*,#5648,.F.);
#7266=ORIENTED_EDGE('',*,*,#5645,.T.);
#7267=ORIENTED_EDGE('',*,*,#5607,.T.);
#7268=ORIENTED_EDGE('',*,*,#5649,.F.);
#7269=ORIENTED_EDGE('',*,*,#5650,.F.);
#7270=ORIENTED_EDGE('',*,*,#5647,.T.);
#7271=ORIENTED_EDGE('',*,*,#5651,.T.);
#7272=ORIENTED_EDGE('',*,*,#5652,.F.);
#7273=ORIENTED_EDGE('',*,*,#5653,.F.);
#7274=ORIENTED_EDGE('',*,*,#5654,.T.);
#7275=ORIENTED_EDGE('',*,*,#5622,.T.);
#7276=ORIENTED_EDGE('',*,*,#5655,.T.);
#7277=ORIENTED_EDGE('',*,*,#5635,.F.);
#7278=ORIENTED_EDGE('',*,*,#5656,.F.);
#7279=ORIENTED_EDGE('',*,*,#5652,.T.);
#7280=ORIENTED_EDGE('',*,*,#5657,.F.);
#7281=ORIENTED_EDGE('',*,*,#5658,.T.);
#7282=ORIENTED_EDGE('',*,*,#5653,.T.);
#7283=ORIENTED_EDGE('',*,*,#5659,.F.);
#7284=ORIENTED_EDGE('',*,*,#5660,.F.);
#7285=ORIENTED_EDGE('',*,*,#5661,.T.);
#7286=ORIENTED_EDGE('',*,*,#5650,.T.);
#7287=ORIENTED_EDGE('',*,*,#5662,.F.);
#7288=ORIENTED_EDGE('',*,*,#5663,.F.);
#7289=ORIENTED_EDGE('',*,*,#5664,.T.);
#7290=ORIENTED_EDGE('',*,*,#5648,.T.);
#7291=ORIENTED_EDGE('',*,*,#5661,.F.);
#7292=ORIENTED_EDGE('',*,*,#5665,.F.);
#7293=ORIENTED_EDGE('',*,*,#5637,.T.);
#7294=ORIENTED_EDGE('',*,*,#5646,.T.);
#7295=ORIENTED_EDGE('',*,*,#5664,.F.);
#7296=ORIENTED_EDGE('',*,*,#5666,.F.);
#7297=ORIENTED_EDGE('',*,*,#5667,.T.);
#7298=ORIENTED_EDGE('',*,*,#5634,.T.);
#7299=ORIENTED_EDGE('',*,*,#5644,.F.);
#7300=ORIENTED_EDGE('',*,*,#5668,.F.);
#7301=ORIENTED_EDGE('',*,*,#5659,.T.);
#7302=ORIENTED_EDGE('',*,*,#5656,.T.);
#7303=ORIENTED_EDGE('',*,*,#5667,.F.);
#7304=ORIENTED_EDGE('',*,*,#5669,.F.);
#7305=ORIENTED_EDGE('',*,*,#5670,.T.);
#7306=ORIENTED_EDGE('',*,*,#5657,.T.);
#7307=ORIENTED_EDGE('',*,*,#5671,.F.);
#7308=ORIENTED_EDGE('',*,*,#5672,.F.);
#7309=ORIENTED_EDGE('',*,*,#5673,.T.);
#7310=ORIENTED_EDGE('',*,*,#5660,.T.);
#7311=ORIENTED_EDGE('',*,*,#5674,.F.);
#7312=ORIENTED_EDGE('',*,*,#5675,.F.);
#7313=ORIENTED_EDGE('',*,*,#5676,.T.);
#7314=ORIENTED_EDGE('',*,*,#5663,.T.);
#7315=ORIENTED_EDGE('',*,*,#5673,.F.);
#7316=ORIENTED_EDGE('',*,*,#5677,.F.);
#7317=ORIENTED_EDGE('',*,*,#5638,.T.);
#7318=ORIENTED_EDGE('',*,*,#5665,.T.);
#7319=ORIENTED_EDGE('',*,*,#5676,.F.);
#7320=ORIENTED_EDGE('',*,*,#5678,.F.);
#7321=ORIENTED_EDGE('',*,*,#5679,.T.);
#7322=ORIENTED_EDGE('',*,*,#5666,.T.);
#7323=ORIENTED_EDGE('',*,*,#5643,.F.);
#7324=ORIENTED_EDGE('',*,*,#5680,.F.);
#7325=ORIENTED_EDGE('',*,*,#5671,.T.);
#7326=ORIENTED_EDGE('',*,*,#5668,.T.);
#7327=ORIENTED_EDGE('',*,*,#5679,.F.);
#7328=ORIENTED_EDGE('',*,*,#5681,.F.);
#7329=ORIENTED_EDGE('',*,*,#5682,.T.);
#7330=ORIENTED_EDGE('',*,*,#5669,.T.);
#7331=ORIENTED_EDGE('',*,*,#5683,.F.);
#7332=ORIENTED_EDGE('',*,*,#5684,.F.);
#7333=ORIENTED_EDGE('',*,*,#5685,.T.);
#7334=ORIENTED_EDGE('',*,*,#5672,.T.);
#7335=ORIENTED_EDGE('',*,*,#5686,.F.);
#7336=ORIENTED_EDGE('',*,*,#5687,.F.);
#7337=ORIENTED_EDGE('',*,*,#5688,.T.);
#7338=ORIENTED_EDGE('',*,*,#5675,.T.);
#7339=ORIENTED_EDGE('',*,*,#5685,.F.);
#7340=ORIENTED_EDGE('',*,*,#5689,.F.);
#7341=ORIENTED_EDGE('',*,*,#5639,.T.);
#7342=ORIENTED_EDGE('',*,*,#5677,.T.);
#7343=ORIENTED_EDGE('',*,*,#5688,.F.);
#7344=ORIENTED_EDGE('',*,*,#5690,.F.);
#7345=ORIENTED_EDGE('',*,*,#5691,.T.);
#7346=ORIENTED_EDGE('',*,*,#5678,.T.);
#7347=ORIENTED_EDGE('',*,*,#5642,.F.);
#7348=ORIENTED_EDGE('',*,*,#5692,.F.);
#7349=ORIENTED_EDGE('',*,*,#5683,.T.);
#7350=ORIENTED_EDGE('',*,*,#5680,.T.);
#7351=ORIENTED_EDGE('',*,*,#5691,.F.);
#7352=ORIENTED_EDGE('',*,*,#5323,.F.);
#7353=ORIENTED_EDGE('',*,*,#5693,.T.);
#7354=ORIENTED_EDGE('',*,*,#5681,.T.);
#7355=ORIENTED_EDGE('',*,*,#5694,.F.);
#7356=ORIENTED_EDGE('',*,*,#5618,.T.);
#7357=ORIENTED_EDGE('',*,*,#5654,.F.);
#7358=ORIENTED_EDGE('',*,*,#5658,.F.);
#7359=ORIENTED_EDGE('',*,*,#5670,.F.);
#7360=ORIENTED_EDGE('',*,*,#5682,.F.);
#7361=ORIENTED_EDGE('',*,*,#5693,.F.);
#7362=ORIENTED_EDGE('',*,*,#5330,.F.);
#7363=ORIENTED_EDGE('',*,*,#5695,.T.);
#7364=ORIENTED_EDGE('',*,*,#5686,.T.);
#7365=ORIENTED_EDGE('',*,*,#5674,.T.);
#7366=ORIENTED_EDGE('',*,*,#5662,.T.);
#7367=ORIENTED_EDGE('',*,*,#5649,.T.);
#7368=ORIENTED_EDGE('',*,*,#5612,.T.);
#7369=ORIENTED_EDGE('',*,*,#5628,.F.);
#7370=ORIENTED_EDGE('',*,*,#5329,.F.);
#7371=ORIENTED_EDGE('',*,*,#5696,.T.);
#7372=ORIENTED_EDGE('',*,*,#5684,.T.);
#7373=ORIENTED_EDGE('',*,*,#5695,.F.);
#7374=ORIENTED_EDGE('',*,*,#5328,.F.);
#7375=ORIENTED_EDGE('',*,*,#5697,.T.);
#7376=ORIENTED_EDGE('',*,*,#5687,.T.);
#7377=ORIENTED_EDGE('',*,*,#5696,.F.);
#7378=ORIENTED_EDGE('',*,*,#5327,.F.);
#7379=ORIENTED_EDGE('',*,*,#5640,.T.);
#7380=ORIENTED_EDGE('',*,*,#5689,.T.);
#7381=ORIENTED_EDGE('',*,*,#5697,.F.);
#7382=ORIENTED_EDGE('',*,*,#5325,.F.);
#7383=ORIENTED_EDGE('',*,*,#5698,.T.);
#7384=ORIENTED_EDGE('',*,*,#5690,.T.);
#7385=ORIENTED_EDGE('',*,*,#5641,.F.);
#7386=ORIENTED_EDGE('',*,*,#5324,.F.);
#7387=ORIENTED_EDGE('',*,*,#5694,.T.);
#7388=ORIENTED_EDGE('',*,*,#5692,.T.);
#7389=ORIENTED_EDGE('',*,*,#5698,.F.);
#7390=ORIENTED_EDGE('',*,*,#5623,.T.);
#7391=ORIENTED_EDGE('',*,*,#5699,.T.);
#7392=ORIENTED_EDGE('',*,*,#5700,.T.);
#7393=ORIENTED_EDGE('',*,*,#5701,.T.);
#7394=ORIENTED_EDGE('',*,*,#5702,.F.);
#7395=ORIENTED_EDGE('',*,*,#5703,.F.);
#7396=ORIENTED_EDGE('',*,*,#5704,.T.);
#7397=ORIENTED_EDGE('',*,*,#5705,.F.);
#7398=ORIENTED_EDGE('',*,*,#5706,.F.);
#7399=ORIENTED_EDGE('',*,*,#5707,.T.);
#7400=ORIENTED_EDGE('',*,*,#5708,.T.);
#7401=ORIENTED_EDGE('',*,*,#5709,.T.);
#7402=ORIENTED_EDGE('',*,*,#5163,.T.);
#7403=ORIENTED_EDGE('',*,*,#5127,.T.);
#7404=ORIENTED_EDGE('',*,*,#5148,.F.);
#7405=ORIENTED_EDGE('',*,*,#5710,.T.);
#7406=ORIENTED_EDGE('',*,*,#5711,.T.);
#7407=ORIENTED_EDGE('',*,*,#5712,.T.);
#7408=ORIENTED_EDGE('',*,*,#5713,.T.);
#7409=ORIENTED_EDGE('',*,*,#5714,.T.);
#7410=ORIENTED_EDGE('',*,*,#5630,.T.);
#7411=ORIENTED_EDGE('',*,*,#5626,.T.);
#7412=ORIENTED_EDGE('',*,*,#5537,.T.);
#7413=ORIENTED_EDGE('',*,*,#5540,.T.);
#7414=ORIENTED_EDGE('',*,*,#5543,.T.);
#7415=ORIENTED_EDGE('',*,*,#5546,.T.);
#7416=ORIENTED_EDGE('',*,*,#5549,.T.);
#7417=ORIENTED_EDGE('',*,*,#5552,.T.);
#7418=ORIENTED_EDGE('',*,*,#5555,.T.);
#7419=ORIENTED_EDGE('',*,*,#5558,.T.);
#7420=ORIENTED_EDGE('',*,*,#5561,.T.);
#7421=ORIENTED_EDGE('',*,*,#5564,.T.);
#7422=ORIENTED_EDGE('',*,*,#5567,.T.);
#7423=ORIENTED_EDGE('',*,*,#5570,.T.);
#7424=ORIENTED_EDGE('',*,*,#5573,.T.);
#7425=ORIENTED_EDGE('',*,*,#5576,.T.);
#7426=ORIENTED_EDGE('',*,*,#5579,.T.);
#7427=ORIENTED_EDGE('',*,*,#5582,.T.);
#7428=ORIENTED_EDGE('',*,*,#5585,.T.);
#7429=ORIENTED_EDGE('',*,*,#5588,.T.);
#7430=ORIENTED_EDGE('',*,*,#5591,.T.);
#7431=ORIENTED_EDGE('',*,*,#5715,.T.);
#7432=ORIENTED_EDGE('',*,*,#5716,.T.);
#7433=ORIENTED_EDGE('',*,*,#5717,.F.);
#7434=ORIENTED_EDGE('',*,*,#5718,.F.);
#7435=ORIENTED_EDGE('',*,*,#5315,.F.);
#7436=ORIENTED_EDGE('',*,*,#5719,.T.);
#7437=ORIENTED_EDGE('',*,*,#5720,.T.);
#7438=ORIENTED_EDGE('',*,*,#5721,.T.);
#7439=ORIENTED_EDGE('',*,*,#5722,.T.);
#7440=ORIENTED_EDGE('',*,*,#5723,.T.);
#7441=ORIENTED_EDGE('',*,*,#5319,.F.);
#7442=ORIENTED_EDGE('',*,*,#5724,.F.);
#7443=ORIENTED_EDGE('',*,*,#5725,.F.);
#7444=ORIENTED_EDGE('',*,*,#5726,.F.);
#7445=ORIENTED_EDGE('',*,*,#5727,.F.);
#7446=ORIENTED_EDGE('',*,*,#5728,.T.);
#7447=ORIENTED_EDGE('',*,*,#5320,.F.);
#7448=ORIENTED_EDGE('',*,*,#5723,.F.);
#7449=ORIENTED_EDGE('',*,*,#5729,.F.);
#7450=ORIENTED_EDGE('',*,*,#5724,.T.);
#7451=ORIENTED_EDGE('',*,*,#5322,.F.);
#7452=ORIENTED_EDGE('',*,*,#5730,.F.);
#7453=ORIENTED_EDGE('',*,*,#5731,.F.);
#7454=ORIENTED_EDGE('',*,*,#5732,.T.);
#7455=ORIENTED_EDGE('',*,*,#5727,.T.);
#7456=ORIENTED_EDGE('',*,*,#5722,.F.);
#7457=ORIENTED_EDGE('',*,*,#5733,.F.);
#7458=ORIENTED_EDGE('',*,*,#5725,.T.);
#7459=ORIENTED_EDGE('',*,*,#5729,.T.);
#7460=ORIENTED_EDGE('',*,*,#5734,.F.);
#7461=ORIENTED_EDGE('',*,*,#5735,.F.);
#7462=ORIENTED_EDGE('',*,*,#5736,.T.);
#7463=ORIENTED_EDGE('',*,*,#5731,.T.);
#7464=ORIENTED_EDGE('',*,*,#5721,.F.);
#7465=ORIENTED_EDGE('',*,*,#5737,.F.);
#7466=ORIENTED_EDGE('',*,*,#5726,.T.);
#7467=ORIENTED_EDGE('',*,*,#5733,.T.);
#7468=ORIENTED_EDGE('',*,*,#5738,.F.);
#7469=ORIENTED_EDGE('',*,*,#5739,.F.);
#7470=ORIENTED_EDGE('',*,*,#5740,.T.);
#7471=ORIENTED_EDGE('',*,*,#5735,.T.);
#7472=ORIENTED_EDGE('',*,*,#5720,.F.);
#7473=ORIENTED_EDGE('',*,*,#5741,.F.);
#7474=ORIENTED_EDGE('',*,*,#5717,.T.);
#7475=ORIENTED_EDGE('',*,*,#5737,.T.);
#7476=ORIENTED_EDGE('',*,*,#5742,.F.);
#7477=ORIENTED_EDGE('',*,*,#5318,.F.);
#7478=ORIENTED_EDGE('',*,*,#5743,.T.);
#7479=ORIENTED_EDGE('',*,*,#5739,.T.);
#7480=ORIENTED_EDGE('',*,*,#5719,.F.);
#7481=ORIENTED_EDGE('',*,*,#5740,.F.);
#7482=ORIENTED_EDGE('',*,*,#5743,.F.);
#7483=ORIENTED_EDGE('',*,*,#5317,.F.);
#7484=ORIENTED_EDGE('',*,*,#5744,.T.);
#7485=ORIENTED_EDGE('',*,*,#5742,.T.);
#7486=ORIENTED_EDGE('',*,*,#5738,.T.);
#7487=ORIENTED_EDGE('',*,*,#5734,.T.);
#7488=ORIENTED_EDGE('',*,*,#5730,.T.);
#7489=ORIENTED_EDGE('',*,*,#5321,.F.);
#7490=ORIENTED_EDGE('',*,*,#5728,.F.);
#7491=ORIENTED_EDGE('',*,*,#5732,.F.);
#7492=ORIENTED_EDGE('',*,*,#5736,.F.);
#7493=ORIENTED_EDGE('',*,*,#5316,.F.);
#7494=ORIENTED_EDGE('',*,*,#5718,.T.);
#7495=ORIENTED_EDGE('',*,*,#5741,.T.);
#7496=ORIENTED_EDGE('',*,*,#5744,.F.);
#7497=ORIENTED_EDGE('',*,*,#5191,.F.);
#7498=ORIENTED_EDGE('',*,*,#5745,.F.);
#7499=ORIENTED_EDGE('',*,*,#5746,.F.);
#7500=ORIENTED_EDGE('',*,*,#5747,.T.);
#7501=ORIENTED_EDGE('',*,*,#5192,.F.);
#7502=ORIENTED_EDGE('',*,*,#5747,.F.);
#7503=ORIENTED_EDGE('',*,*,#5748,.F.);
#7504=ORIENTED_EDGE('',*,*,#5749,.T.);
#7505=ORIENTED_EDGE('',*,*,#5193,.F.);
#7506=ORIENTED_EDGE('',*,*,#5749,.F.);
#7507=ORIENTED_EDGE('',*,*,#5750,.F.);
#7508=ORIENTED_EDGE('',*,*,#5751,.T.);
#7509=ORIENTED_EDGE('',*,*,#5194,.F.);
#7510=ORIENTED_EDGE('',*,*,#5751,.F.);
#7511=ORIENTED_EDGE('',*,*,#5752,.F.);
#7512=ORIENTED_EDGE('',*,*,#5753,.F.);
#7513=ORIENTED_EDGE('',*,*,#5754,.F.);
#7514=ORIENTED_EDGE('',*,*,#5755,.T.);
#7515=ORIENTED_EDGE('',*,*,#5756,.T.);
#7516=ORIENTED_EDGE('',*,*,#5195,.F.);
#7517=ORIENTED_EDGE('',*,*,#5756,.F.);
#7518=ORIENTED_EDGE('',*,*,#5757,.F.);
#7519=ORIENTED_EDGE('',*,*,#5196,.F.);
#7520=ORIENTED_EDGE('',*,*,#5757,.T.);
#7521=ORIENTED_EDGE('',*,*,#5755,.F.);
#7522=ORIENTED_EDGE('',*,*,#5758,.F.);
#7523=ORIENTED_EDGE('',*,*,#5759,.T.);
#7524=ORIENTED_EDGE('',*,*,#5414,.F.);
#7525=ORIENTED_EDGE('',*,*,#5760,.F.);
#7526=ORIENTED_EDGE('',*,*,#5761,.T.);
#7527=ORIENTED_EDGE('',*,*,#5746,.T.);
#7528=ORIENTED_EDGE('',*,*,#5762,.F.);
#7529=ORIENTED_EDGE('',*,*,#5763,.F.);
#7530=ORIENTED_EDGE('',*,*,#5764,.T.);
#7531=ORIENTED_EDGE('',*,*,#5748,.T.);
#7532=ORIENTED_EDGE('',*,*,#5761,.F.);
#7533=ORIENTED_EDGE('',*,*,#5765,.F.);
#7534=ORIENTED_EDGE('',*,*,#5752,.T.);
#7535=ORIENTED_EDGE('',*,*,#5750,.T.);
#7536=ORIENTED_EDGE('',*,*,#5764,.F.);
#7537=ORIENTED_EDGE('',*,*,#5189,.F.);
#7538=ORIENTED_EDGE('',*,*,#5766,.F.);
#7539=ORIENTED_EDGE('',*,*,#5767,.T.);
#7540=ORIENTED_EDGE('',*,*,#5768,.F.);
#7541=ORIENTED_EDGE('',*,*,#5769,.T.);
#7542=ORIENTED_EDGE('',*,*,#5760,.T.);
#7543=ORIENTED_EDGE('',*,*,#5770,.F.);
#7544=ORIENTED_EDGE('',*,*,#5771,.F.);
#7545=ORIENTED_EDGE('',*,*,#5753,.T.);
#7546=ORIENTED_EDGE('',*,*,#5765,.T.);
#7547=ORIENTED_EDGE('',*,*,#5772,.F.);
#7548=ORIENTED_EDGE('',*,*,#5415,.F.);
#7549=ORIENTED_EDGE('',*,*,#5759,.F.);
#7550=ORIENTED_EDGE('',*,*,#5773,.F.);
#7551=ORIENTED_EDGE('',*,*,#5774,.T.);
#7552=ORIENTED_EDGE('',*,*,#5188,.F.);
#7553=ORIENTED_EDGE('',*,*,#5416,.F.);
#7554=ORIENTED_EDGE('',*,*,#5774,.F.);
#7555=ORIENTED_EDGE('',*,*,#5775,.F.);
#7556=ORIENTED_EDGE('',*,*,#5776,.T.);
#7557=ORIENTED_EDGE('',*,*,#5766,.T.);
#7558=ORIENTED_EDGE('',*,*,#5190,.F.);
#7559=ORIENTED_EDGE('',*,*,#5767,.F.);
#7560=ORIENTED_EDGE('',*,*,#5776,.F.);
#7561=ORIENTED_EDGE('',*,*,#5777,.F.);
#7562=ORIENTED_EDGE('',*,*,#5770,.T.);
#7563=ORIENTED_EDGE('',*,*,#5762,.T.);
#7564=ORIENTED_EDGE('',*,*,#5745,.T.);
#7565=ORIENTED_EDGE('',*,*,#5716,.F.);
#7566=ORIENTED_EDGE('',*,*,#5778,.T.);
#7567=ORIENTED_EDGE('',*,*,#5779,.T.);
#7568=ORIENTED_EDGE('',*,*,#5778,.F.);
#7569=ORIENTED_EDGE('',*,*,#5779,.F.);
#7570=ORIENTED_EDGE('',*,*,#5780,.F.);
#7571=ORIENTED_EDGE('',*,*,#5715,.F.);
#7572=ORIENTED_EDGE('',*,*,#5781,.T.);
#7573=ORIENTED_EDGE('',*,*,#5782,.T.);
#7574=ORIENTED_EDGE('',*,*,#5781,.F.);
#7575=ORIENTED_EDGE('',*,*,#5782,.F.);
#7576=ORIENTED_EDGE('',*,*,#5783,.F.);
#7577=ORIENTED_EDGE('',*,*,#5783,.T.);
#7578=ORIENTED_EDGE('',*,*,#5784,.T.);
#7579=ORIENTED_EDGE('',*,*,#5785,.T.);
#7580=ORIENTED_EDGE('',*,*,#5784,.F.);
#7581=ORIENTED_EDGE('',*,*,#5785,.F.);
#7582=ORIENTED_EDGE('',*,*,#5780,.T.);
#7583=ORIENTED_EDGE('',*,*,#5786,.T.);
#7584=ORIENTED_EDGE('',*,*,#5787,.T.);
#7585=ORIENTED_EDGE('',*,*,#5786,.F.);
#7586=ORIENTED_EDGE('',*,*,#5787,.F.);
#7587=ORIENTED_EDGE('',*,*,#5788,.F.);
#7588=ORIENTED_EDGE('',*,*,#5789,.F.);
#7589=ORIENTED_EDGE('',*,*,#5710,.F.);
#7590=ORIENTED_EDGE('',*,*,#5147,.F.);
#7591=ORIENTED_EDGE('',*,*,#5790,.F.);
#7592=ORIENTED_EDGE('',*,*,#5791,.F.);
#7593=ORIENTED_EDGE('',*,*,#5792,.F.);
#7594=ORIENTED_EDGE('',*,*,#5793,.F.);
#7595=ORIENTED_EDGE('',*,*,#5794,.F.);
#7596=ORIENTED_EDGE('',*,*,#5795,.T.);
#7597=ORIENTED_EDGE('',*,*,#5796,.T.);
#7598=ORIENTED_EDGE('',*,*,#5795,.F.);
#7599=ORIENTED_EDGE('',*,*,#5796,.F.);
#7600=ORIENTED_EDGE('',*,*,#5797,.F.);
#7601=ORIENTED_EDGE('',*,*,#5417,.F.);
#7602=ORIENTED_EDGE('',*,*,#5798,.T.);
#7603=ORIENTED_EDGE('',*,*,#5799,.T.);
#7604=ORIENTED_EDGE('',*,*,#5798,.F.);
#7605=ORIENTED_EDGE('',*,*,#5799,.F.);
#7606=ORIENTED_EDGE('',*,*,#5800,.F.);
#7607=ORIENTED_EDGE('',*,*,#5797,.T.);
#7608=ORIENTED_EDGE('',*,*,#5801,.T.);
#7609=ORIENTED_EDGE('',*,*,#5800,.T.);
#7610=ORIENTED_EDGE('',*,*,#5801,.F.);
#7611=ORIENTED_EDGE('',*,*,#5802,.F.);
#7612=ORIENTED_EDGE('',*,*,#5803,.T.);
#7613=ORIENTED_EDGE('',*,*,#5804,.T.);
#7614=ORIENTED_EDGE('',*,*,#5803,.F.);
#7615=ORIENTED_EDGE('',*,*,#5804,.F.);
#7616=ORIENTED_EDGE('',*,*,#5713,.F.);
#7617=ORIENTED_EDGE('',*,*,#5805,.F.);
#7618=ORIENTED_EDGE('',*,*,#5806,.F.);
#7619=ORIENTED_EDGE('',*,*,#5807,.F.);
#7620=ORIENTED_EDGE('',*,*,#5808,.F.);
#7621=ORIENTED_EDGE('',*,*,#5809,.T.);
#7622=ORIENTED_EDGE('',*,*,#5810,.F.);
#7623=ORIENTED_EDGE('',*,*,#5811,.F.);
#7624=ORIENTED_EDGE('',*,*,#5812,.F.);
#7625=ORIENTED_EDGE('',*,*,#5811,.T.);
#7626=ORIENTED_EDGE('',*,*,#5813,.F.);
#7627=ORIENTED_EDGE('',*,*,#5144,.F.);
#7628=ORIENTED_EDGE('',*,*,#5814,.F.);
#7629=ORIENTED_EDGE('',*,*,#5806,.T.);
#7630=ORIENTED_EDGE('',*,*,#5815,.F.);
#7631=ORIENTED_EDGE('',*,*,#5816,.F.);
#7632=ORIENTED_EDGE('',*,*,#5817,.F.);
#7633=ORIENTED_EDGE('',*,*,#5816,.T.);
#7634=ORIENTED_EDGE('',*,*,#5818,.F.);
#7635=ORIENTED_EDGE('',*,*,#5819,.F.);
#7636=ORIENTED_EDGE('',*,*,#5820,.F.);
#7637=ORIENTED_EDGE('',*,*,#5819,.T.);
#7638=ORIENTED_EDGE('',*,*,#5821,.F.);
#7639=ORIENTED_EDGE('',*,*,#5822,.F.);
#7640=ORIENTED_EDGE('',*,*,#5823,.F.);
#7641=ORIENTED_EDGE('',*,*,#5822,.T.);
#7642=ORIENTED_EDGE('',*,*,#5824,.F.);
#7643=ORIENTED_EDGE('',*,*,#5825,.F.);
#7644=ORIENTED_EDGE('',*,*,#5826,.F.);
#7645=ORIENTED_EDGE('',*,*,#5825,.T.);
#7646=ORIENTED_EDGE('',*,*,#5827,.F.);
#7647=ORIENTED_EDGE('',*,*,#5809,.F.);
#7648=ORIENTED_EDGE('',*,*,#5807,.T.);
#7649=ORIENTED_EDGE('',*,*,#5814,.T.);
#7650=ORIENTED_EDGE('',*,*,#5817,.T.);
#7651=ORIENTED_EDGE('',*,*,#5820,.T.);
#7652=ORIENTED_EDGE('',*,*,#5823,.T.);
#7653=ORIENTED_EDGE('',*,*,#5826,.T.);
#7654=ORIENTED_EDGE('',*,*,#5808,.T.);
#7655=ORIENTED_EDGE('',*,*,#5812,.T.);
#7656=ORIENTED_EDGE('',*,*,#5143,.T.);
#7657=ORIENTED_EDGE('',*,*,#5479,.T.);
#7658=ORIENTED_EDGE('',*,*,#5169,.F.);
#7659=ORIENTED_EDGE('',*,*,#5828,.T.);
#7660=ORIENTED_EDGE('',*,*,#5829,.T.);
#7661=ORIENTED_EDGE('',*,*,#5830,.T.);
#7662=ORIENTED_EDGE('',*,*,#5359,.T.);
#7663=ORIENTED_EDGE('',*,*,#5831,.F.);
#7664=ORIENTED_EDGE('',*,*,#5832,.F.);
#7665=ORIENTED_EDGE('',*,*,#5699,.F.);
#7666=ORIENTED_EDGE('',*,*,#5625,.T.);
#7667=ORIENTED_EDGE('',*,*,#5615,.T.);
#7668=ORIENTED_EDGE('',*,*,#5632,.F.);
#7669=ORIENTED_EDGE('',*,*,#5655,.F.);
#7670=ORIENTED_EDGE('',*,*,#5651,.F.);
#7671=ORIENTED_EDGE('',*,*,#5621,.T.);
#7672=ORIENTED_EDGE('',*,*,#5631,.F.);
#7673=ORIENTED_EDGE('',*,*,#5714,.F.);
#7674=ORIENTED_EDGE('',*,*,#5833,.F.);
#7675=ORIENTED_EDGE('',*,*,#5788,.T.);
#7676=ORIENTED_EDGE('',*,*,#5834,.F.);
#7677=ORIENTED_EDGE('',*,*,#5835,.F.);
#7678=ORIENTED_EDGE('',*,*,#5836,.F.);
#7679=ORIENTED_EDGE('',*,*,#5837,.F.);
#7680=ORIENTED_EDGE('',*,*,#5834,.T.);
#7681=ORIENTED_EDGE('',*,*,#5793,.T.);
#7682=ORIENTED_EDGE('',*,*,#5771,.T.);
#7683=ORIENTED_EDGE('',*,*,#5838,.F.);
#7684=ORIENTED_EDGE('',*,*,#5839,.F.);
#7685=ORIENTED_EDGE('',*,*,#5840,.F.);
#7686=ORIENTED_EDGE('',*,*,#5145,.T.);
#7687=ORIENTED_EDGE('',*,*,#5813,.T.);
#7688=ORIENTED_EDGE('',*,*,#5810,.T.);
#7689=ORIENTED_EDGE('',*,*,#5827,.T.);
#7690=ORIENTED_EDGE('',*,*,#5824,.T.);
#7691=ORIENTED_EDGE('',*,*,#5821,.T.);
#7692=ORIENTED_EDGE('',*,*,#5818,.T.);
#7693=ORIENTED_EDGE('',*,*,#5815,.T.);
#7694=ORIENTED_EDGE('',*,*,#5805,.T.);
#7695=ORIENTED_EDGE('',*,*,#5712,.F.);
#7696=ORIENTED_EDGE('',*,*,#5841,.T.);
#7697=ORIENTED_EDGE('',*,*,#5835,.T.);
#7698=ORIENTED_EDGE('',*,*,#5837,.T.);
#7699=ORIENTED_EDGE('',*,*,#5842,.F.);
#7700=ORIENTED_EDGE('',*,*,#5768,.T.);
#7701=ORIENTED_EDGE('',*,*,#5777,.T.);
#7702=ORIENTED_EDGE('',*,*,#5775,.T.);
#7703=ORIENTED_EDGE('',*,*,#5773,.T.);
#7704=ORIENTED_EDGE('',*,*,#5758,.T.);
#7705=ORIENTED_EDGE('',*,*,#5754,.T.);
#7706=ORIENTED_EDGE('',*,*,#5794,.T.);
#7707=ORIENTED_EDGE('',*,*,#5802,.T.);
#7708=ORIENTED_EDGE('',*,*,#5836,.T.);
#7709=ORIENTED_EDGE('',*,*,#5792,.T.);
#7710=ORIENTED_EDGE('',*,*,#5843,.F.);
#7711=ORIENTED_EDGE('',*,*,#5838,.T.);
#7712=ORIENTED_EDGE('',*,*,#5772,.T.);
#7713=ORIENTED_EDGE('',*,*,#5763,.T.);
#7714=ORIENTED_EDGE('',*,*,#5769,.F.);
#7715=ORIENTED_EDGE('',*,*,#5842,.T.);
#7716=ORIENTED_EDGE('',*,*,#5844,.F.);
#7717=ORIENTED_EDGE('',*,*,#5839,.T.);
#7718=ORIENTED_EDGE('',*,*,#5843,.T.);
#7719=ORIENTED_EDGE('',*,*,#5791,.T.);
#7720=ORIENTED_EDGE('',*,*,#5844,.T.);
#7721=ORIENTED_EDGE('',*,*,#5790,.T.);
#7722=ORIENTED_EDGE('',*,*,#5146,.F.);
#7723=ORIENTED_EDGE('',*,*,#5840,.T.);
#7724=ORIENTED_EDGE('',*,*,#5833,.T.);
#7725=ORIENTED_EDGE('',*,*,#5841,.F.);
#7726=ORIENTED_EDGE('',*,*,#5711,.F.);
#7727=ORIENTED_EDGE('',*,*,#5789,.T.);
#7728=ORIENTED_EDGE('',*,*,#5845,.F.);
#7729=ORIENTED_EDGE('',*,*,#5846,.T.);
#7730=ORIENTED_EDGE('',*,*,#5847,.T.);
#7731=ORIENTED_EDGE('',*,*,#5846,.F.);
#7732=ORIENTED_EDGE('',*,*,#5847,.F.);
#7733=ORIENTED_EDGE('',*,*,#5848,.F.);
#7734=ORIENTED_EDGE('',*,*,#5849,.T.);
#7735=ORIENTED_EDGE('',*,*,#5850,.T.);
#7736=ORIENTED_EDGE('',*,*,#5849,.F.);
#7737=ORIENTED_EDGE('',*,*,#5850,.F.);
#7738=ORIENTED_EDGE('',*,*,#5851,.F.);
#7739=ORIENTED_EDGE('',*,*,#5852,.T.);
#7740=ORIENTED_EDGE('',*,*,#5853,.F.);
#7741=ORIENTED_EDGE('',*,*,#5852,.F.);
#7742=ORIENTED_EDGE('',*,*,#5168,.F.);
#7743=ORIENTED_EDGE('',*,*,#5854,.T.);
#7744=ORIENTED_EDGE('',*,*,#5855,.T.);
#7745=ORIENTED_EDGE('',*,*,#5828,.F.);
#7746=ORIENTED_EDGE('',*,*,#5167,.F.);
#7747=ORIENTED_EDGE('',*,*,#5856,.T.);
#7748=ORIENTED_EDGE('',*,*,#5857,.T.);
#7749=ORIENTED_EDGE('',*,*,#5854,.F.);
#7750=ORIENTED_EDGE('',*,*,#5166,.F.);
#7751=ORIENTED_EDGE('',*,*,#5858,.T.);
#7752=ORIENTED_EDGE('',*,*,#5859,.T.);
#7753=ORIENTED_EDGE('',*,*,#5856,.F.);
#7754=ORIENTED_EDGE('',*,*,#5165,.F.);
#7755=ORIENTED_EDGE('',*,*,#5860,.T.);
#7756=ORIENTED_EDGE('',*,*,#5861,.T.);
#7757=ORIENTED_EDGE('',*,*,#5858,.F.);
#7758=ORIENTED_EDGE('',*,*,#5164,.F.);
#7759=ORIENTED_EDGE('',*,*,#5709,.F.);
#7760=ORIENTED_EDGE('',*,*,#5862,.T.);
#7761=ORIENTED_EDGE('',*,*,#5860,.F.);
#7762=ORIENTED_EDGE('',*,*,#5863,.F.);
#7763=ORIENTED_EDGE('',*,*,#5864,.F.);
#7764=ORIENTED_EDGE('',*,*,#5865,.F.);
#7765=ORIENTED_EDGE('',*,*,#5866,.F.);
#7766=ORIENTED_EDGE('',*,*,#5867,.F.);
#7767=ORIENTED_EDGE('',*,*,#5868,.F.);
#7768=ORIENTED_EDGE('',*,*,#5869,.F.);
#7769=ORIENTED_EDGE('',*,*,#5829,.F.);
#7770=ORIENTED_EDGE('',*,*,#5855,.F.);
#7771=ORIENTED_EDGE('',*,*,#5857,.F.);
#7772=ORIENTED_EDGE('',*,*,#5859,.F.);
#7773=ORIENTED_EDGE('',*,*,#5861,.F.);
#7774=ORIENTED_EDGE('',*,*,#5862,.F.);
#7775=ORIENTED_EDGE('',*,*,#5708,.F.);
#7776=ORIENTED_EDGE('',*,*,#5870,.F.);
#7777=ORIENTED_EDGE('',*,*,#5845,.T.);
#7778=ORIENTED_EDGE('',*,*,#5848,.T.);
#7779=ORIENTED_EDGE('',*,*,#5851,.T.);
#7780=ORIENTED_EDGE('',*,*,#5869,.T.);
#7781=ORIENTED_EDGE('',*,*,#5871,.T.);
#7782=ORIENTED_EDGE('',*,*,#5872,.F.);
#7783=ORIENTED_EDGE('',*,*,#5409,.F.);
#7784=ORIENTED_EDGE('',*,*,#5360,.F.);
#7785=ORIENTED_EDGE('',*,*,#5830,.F.);
#7786=ORIENTED_EDGE('',*,*,#5868,.T.);
#7787=ORIENTED_EDGE('',*,*,#5873,.T.);
#7788=ORIENTED_EDGE('',*,*,#5874,.F.);
#7789=ORIENTED_EDGE('',*,*,#5871,.F.);
#7790=ORIENTED_EDGE('',*,*,#5867,.T.);
#7791=ORIENTED_EDGE('',*,*,#5875,.T.);
#7792=ORIENTED_EDGE('',*,*,#5876,.F.);
#7793=ORIENTED_EDGE('',*,*,#5873,.F.);
#7794=ORIENTED_EDGE('',*,*,#5866,.T.);
#7795=ORIENTED_EDGE('',*,*,#5877,.F.);
#7796=ORIENTED_EDGE('',*,*,#5878,.F.);
#7797=ORIENTED_EDGE('',*,*,#5875,.F.);
#7798=ORIENTED_EDGE('',*,*,#5865,.T.);
#7799=ORIENTED_EDGE('',*,*,#5879,.F.);
#7800=ORIENTED_EDGE('',*,*,#5880,.F.);
#7801=ORIENTED_EDGE('',*,*,#5877,.T.);
#7802=ORIENTED_EDGE('',*,*,#5864,.T.);
#7803=ORIENTED_EDGE('',*,*,#5881,.F.);
#7804=ORIENTED_EDGE('',*,*,#5366,.F.);
#7805=ORIENTED_EDGE('',*,*,#5217,.T.);
#7806=ORIENTED_EDGE('',*,*,#5882,.F.);
#7807=ORIENTED_EDGE('',*,*,#5879,.T.);
#7808=ORIENTED_EDGE('',*,*,#5863,.T.);
#7809=ORIENTED_EDGE('',*,*,#5883,.T.);
#7810=ORIENTED_EDGE('',*,*,#5351,.T.);
#7811=ORIENTED_EDGE('',*,*,#5884,.T.);
#7812=ORIENTED_EDGE('',*,*,#5367,.T.);
#7813=ORIENTED_EDGE('',*,*,#5881,.T.);
#7814=ORIENTED_EDGE('',*,*,#5402,.F.);
#7815=ORIENTED_EDGE('',*,*,#5406,.T.);
#7816=ORIENTED_EDGE('',*,*,#5885,.F.);
#7817=ORIENTED_EDGE('',*,*,#5215,.F.);
#7818=ORIENTED_EDGE('',*,*,#5410,.F.);
#7819=ORIENTED_EDGE('',*,*,#5872,.T.);
#7820=ORIENTED_EDGE('',*,*,#5874,.T.);
#7821=ORIENTED_EDGE('',*,*,#5876,.T.);
#7822=ORIENTED_EDGE('',*,*,#5878,.T.);
#7823=ORIENTED_EDGE('',*,*,#5880,.T.);
#7824=ORIENTED_EDGE('',*,*,#5882,.T.);
#7825=ORIENTED_EDGE('',*,*,#5216,.F.);
#7826=ORIENTED_EDGE('',*,*,#5885,.T.);
#7827=ORIENTED_EDGE('',*,*,#5405,.T.);
#7828=ORIENTED_EDGE('',*,*,#5408,.T.);
#7829=ORIENTED_EDGE('',*,*,#5853,.T.);
#7830=ORIENTED_EDGE('',*,*,#5476,.F.);
#7831=ORIENTED_EDGE('',*,*,#5886,.F.);
#7832=ORIENTED_EDGE('',*,*,#5887,.T.);
#7833=ORIENTED_EDGE('',*,*,#5888,.T.);
#7834=ORIENTED_EDGE('',*,*,#5889,.T.);
#7835=ORIENTED_EDGE('',*,*,#5890,.T.);
#7836=ORIENTED_EDGE('',*,*,#5891,.T.);
#7837=ORIENTED_EDGE('',*,*,#5154,.T.);
#7838=ORIENTED_EDGE('',*,*,#5172,.F.);
#7839=ORIENTED_EDGE('',*,*,#5477,.T.);
#7840=ORIENTED_EDGE('',*,*,#5832,.T.);
#7841=ORIENTED_EDGE('',*,*,#5892,.T.);
#7842=ORIENTED_EDGE('',*,*,#5893,.T.);
#7843=ORIENTED_EDGE('',*,*,#5894,.T.);
#7844=ORIENTED_EDGE('',*,*,#5895,.T.);
#7845=ORIENTED_EDGE('',*,*,#5896,.T.);
#7846=ORIENTED_EDGE('',*,*,#5700,.F.);
#7847=ORIENTED_EDGE('',*,*,#5831,.T.);
#7848=ORIENTED_EDGE('',*,*,#5358,.T.);
#7849=ORIENTED_EDGE('',*,*,#5897,.T.);
#7850=ORIENTED_EDGE('',*,*,#5892,.F.);
#7851=ORIENTED_EDGE('',*,*,#5364,.F.);
#7852=ORIENTED_EDGE('',*,*,#5898,.T.);
#7853=ORIENTED_EDGE('',*,*,#5347,.F.);
#7854=ORIENTED_EDGE('',*,*,#5899,.F.);
#7855=ORIENTED_EDGE('',*,*,#5900,.T.);
#7856=ORIENTED_EDGE('',*,*,#5901,.T.);
#7857=ORIENTED_EDGE('',*,*,#5902,.T.);
#7858=ORIENTED_EDGE('',*,*,#5226,.T.);
#7859=ORIENTED_EDGE('',*,*,#5901,.F.);
#7860=ORIENTED_EDGE('',*,*,#5903,.T.);
#7861=ORIENTED_EDGE('',*,*,#5904,.T.);
#7862=ORIENTED_EDGE('',*,*,#5905,.F.);
#7863=ORIENTED_EDGE('',*,*,#5906,.T.);
#7864=ORIENTED_EDGE('',*,*,#5907,.T.);
#7865=ORIENTED_EDGE('',*,*,#5908,.T.);
#7866=ORIENTED_EDGE('',*,*,#5230,.T.);
#7867=ORIENTED_EDGE('',*,*,#5907,.F.);
#7868=ORIENTED_EDGE('',*,*,#5909,.F.);
#7869=ORIENTED_EDGE('',*,*,#5910,.F.);
#7870=ORIENTED_EDGE('',*,*,#5911,.T.);
#7871=ORIENTED_EDGE('',*,*,#5912,.F.);
#7872=ORIENTED_EDGE('',*,*,#5913,.T.);
#7873=ORIENTED_EDGE('',*,*,#5228,.F.);
#7874=ORIENTED_EDGE('',*,*,#5914,.F.);
#7875=ORIENTED_EDGE('',*,*,#5915,.F.);
#7876=ORIENTED_EDGE('',*,*,#5916,.T.);
#7877=ORIENTED_EDGE('',*,*,#5910,.T.);
#7878=ORIENTED_EDGE('',*,*,#5917,.F.);
#7879=ORIENTED_EDGE('',*,*,#5918,.F.);
#7880=ORIENTED_EDGE('',*,*,#5919,.T.);
#7881=ORIENTED_EDGE('',*,*,#5912,.T.);
#7882=ORIENTED_EDGE('',*,*,#5920,.F.);
#7883=ORIENTED_EDGE('',*,*,#5921,.F.);
#7884=ORIENTED_EDGE('',*,*,#5922,.T.);
#7885=ORIENTED_EDGE('',*,*,#5915,.T.);
#7886=ORIENTED_EDGE('',*,*,#5923,.F.);
#7887=ORIENTED_EDGE('',*,*,#5924,.F.);
#7888=ORIENTED_EDGE('',*,*,#5925,.T.);
#7889=ORIENTED_EDGE('',*,*,#5918,.T.);
#7890=ORIENTED_EDGE('',*,*,#5926,.F.);
#7891=ORIENTED_EDGE('',*,*,#5904,.F.);
#7892=ORIENTED_EDGE('',*,*,#5927,.T.);
#7893=ORIENTED_EDGE('',*,*,#5921,.T.);
#7894=ORIENTED_EDGE('',*,*,#5928,.F.);
#7895=ORIENTED_EDGE('',*,*,#5929,.F.);
#7896=ORIENTED_EDGE('',*,*,#5930,.T.);
#7897=ORIENTED_EDGE('',*,*,#5924,.T.);
#7898=ORIENTED_EDGE('',*,*,#5931,.F.);
#7899=ORIENTED_EDGE('',*,*,#5225,.F.);
#7900=ORIENTED_EDGE('',*,*,#5932,.T.);
#7901=ORIENTED_EDGE('',*,*,#5931,.T.);
#7902=ORIENTED_EDGE('',*,*,#5926,.T.);
#7903=ORIENTED_EDGE('',*,*,#5920,.T.);
#7904=ORIENTED_EDGE('',*,*,#5914,.T.);
#7905=ORIENTED_EDGE('',*,*,#5227,.F.);
#7906=ORIENTED_EDGE('',*,*,#5908,.F.);
#7907=ORIENTED_EDGE('',*,*,#5911,.F.);
#7908=ORIENTED_EDGE('',*,*,#5916,.F.);
#7909=ORIENTED_EDGE('',*,*,#5922,.F.);
#7910=ORIENTED_EDGE('',*,*,#5927,.F.);
#7911=ORIENTED_EDGE('',*,*,#5903,.F.);
#7912=ORIENTED_EDGE('',*,*,#5900,.F.);
#7913=ORIENTED_EDGE('',*,*,#5224,.F.);
#7914=ORIENTED_EDGE('',*,*,#5933,.T.);
#7915=ORIENTED_EDGE('',*,*,#5929,.T.);
#7916=ORIENTED_EDGE('',*,*,#5932,.F.);
#7917=ORIENTED_EDGE('',*,*,#5223,.F.);
#7918=ORIENTED_EDGE('',*,*,#5902,.F.);
#7919=ORIENTED_EDGE('',*,*,#5905,.T.);
#7920=ORIENTED_EDGE('',*,*,#5928,.T.);
#7921=ORIENTED_EDGE('',*,*,#5923,.T.);
#7922=ORIENTED_EDGE('',*,*,#5917,.T.);
#7923=ORIENTED_EDGE('',*,*,#5909,.T.);
#7924=ORIENTED_EDGE('',*,*,#5906,.F.);
#7925=ORIENTED_EDGE('',*,*,#5229,.F.);
#7926=ORIENTED_EDGE('',*,*,#5913,.F.);
#7927=ORIENTED_EDGE('',*,*,#5919,.F.);
#7928=ORIENTED_EDGE('',*,*,#5925,.F.);
#7929=ORIENTED_EDGE('',*,*,#5930,.F.);
#7930=ORIENTED_EDGE('',*,*,#5933,.F.);
#7931=ORIENTED_EDGE('',*,*,#5934,.T.);
#7932=ORIENTED_EDGE('',*,*,#5935,.T.);
#7933=ORIENTED_EDGE('',*,*,#5936,.F.);
#7934=ORIENTED_EDGE('',*,*,#5937,.F.);
#7935=ORIENTED_EDGE('',*,*,#5938,.F.);
#7936=ORIENTED_EDGE('',*,*,#5939,.F.);
#7937=ORIENTED_EDGE('',*,*,#5940,.F.);
#7938=ORIENTED_EDGE('',*,*,#5158,.T.);
#7939=ORIENTED_EDGE('',*,*,#5941,.T.);
#7940=ORIENTED_EDGE('',*,*,#5211,.F.);
#7941=ORIENTED_EDGE('',*,*,#5942,.T.);
#7942=ORIENTED_EDGE('',*,*,#5469,.T.);
#7943=ORIENTED_EDGE('',*,*,#5943,.T.);
#7944=ORIENTED_EDGE('',*,*,#5935,.F.);
#7945=ORIENTED_EDGE('',*,*,#5944,.T.);
#7946=ORIENTED_EDGE('',*,*,#5945,.T.);
#7947=ORIENTED_EDGE('',*,*,#5888,.F.);
#7948=ORIENTED_EDGE('',*,*,#5946,.F.);
#7949=ORIENTED_EDGE('',*,*,#5947,.T.);
#7950=ORIENTED_EDGE('',*,*,#5948,.T.);
#7951=ORIENTED_EDGE('',*,*,#5889,.F.);
#7952=ORIENTED_EDGE('',*,*,#5945,.F.);
#7953=ORIENTED_EDGE('',*,*,#5949,.T.);
#7954=ORIENTED_EDGE('',*,*,#5950,.T.);
#7955=ORIENTED_EDGE('',*,*,#5890,.F.);
#7956=ORIENTED_EDGE('',*,*,#5948,.F.);
#7957=ORIENTED_EDGE('',*,*,#5951,.T.);
#7958=ORIENTED_EDGE('',*,*,#5155,.F.);
#7959=ORIENTED_EDGE('',*,*,#5891,.F.);
#7960=ORIENTED_EDGE('',*,*,#5950,.F.);
#7961=ORIENTED_EDGE('',*,*,#5952,.F.);
#7962=ORIENTED_EDGE('',*,*,#5156,.F.);
#7963=ORIENTED_EDGE('',*,*,#5951,.F.);
#7964=ORIENTED_EDGE('',*,*,#5949,.F.);
#7965=ORIENTED_EDGE('',*,*,#5947,.F.);
#7966=ORIENTED_EDGE('',*,*,#5944,.F.);
#7967=ORIENTED_EDGE('',*,*,#5953,.F.);
#7968=ORIENTED_EDGE('',*,*,#5954,.T.);
#7969=ORIENTED_EDGE('',*,*,#5934,.F.);
#7970=ORIENTED_EDGE('',*,*,#5157,.F.);
#7971=ORIENTED_EDGE('',*,*,#5952,.T.);
#7972=ORIENTED_EDGE('',*,*,#5955,.F.);
#7973=ORIENTED_EDGE('',*,*,#5941,.F.);
#7974=ORIENTED_EDGE('',*,*,#5956,.T.);
#7975=ORIENTED_EDGE('',*,*,#5957,.T.);
#7976=ORIENTED_EDGE('',*,*,#5958,.F.);
#7977=ORIENTED_EDGE('',*,*,#5959,.F.);
#7978=ORIENTED_EDGE('',*,*,#5960,.F.);
#7979=ORIENTED_EDGE('',*,*,#5961,.F.);
#7980=ORIENTED_EDGE('',*,*,#5962,.F.);
#7981=ORIENTED_EDGE('',*,*,#5963,.F.);
#7982=ORIENTED_EDGE('',*,*,#5964,.F.);
#7983=ORIENTED_EDGE('',*,*,#5965,.F.);
#7984=ORIENTED_EDGE('',*,*,#5966,.F.);
#7985=ORIENTED_EDGE('',*,*,#5967,.F.);
#7986=ORIENTED_EDGE('',*,*,#5968,.T.);
#7987=ORIENTED_EDGE('',*,*,#5969,.T.);
#7988=ORIENTED_EDGE('',*,*,#5705,.T.);
#7989=ORIENTED_EDGE('',*,*,#5970,.T.);
#7990=ORIENTED_EDGE('',*,*,#5971,.T.);
#7991=ORIENTED_EDGE('',*,*,#5968,.F.);
#7992=ORIENTED_EDGE('',*,*,#5972,.T.);
#7993=ORIENTED_EDGE('',*,*,#5972,.F.);
#7994=ORIENTED_EDGE('',*,*,#5970,.F.);
#7995=ORIENTED_EDGE('',*,*,#5704,.F.);
#7996=ORIENTED_EDGE('',*,*,#5973,.F.);
#7997=ORIENTED_EDGE('',*,*,#5974,.F.);
#7998=ORIENTED_EDGE('',*,*,#5975,.T.);
#7999=ORIENTED_EDGE('',*,*,#5973,.T.);
#8000=ORIENTED_EDGE('',*,*,#5703,.T.);
#8001=ORIENTED_EDGE('',*,*,#5976,.T.);
#8002=ORIENTED_EDGE('',*,*,#5977,.T.);
#8003=ORIENTED_EDGE('',*,*,#5976,.F.);
#8004=ORIENTED_EDGE('',*,*,#5702,.T.);
#8005=ORIENTED_EDGE('',*,*,#5978,.T.);
#8006=ORIENTED_EDGE('',*,*,#5353,.T.);
#8007=ORIENTED_EDGE('',*,*,#5969,.F.);
#8008=ORIENTED_EDGE('',*,*,#5979,.T.);
#8009=ORIENTED_EDGE('',*,*,#5706,.T.);
#8010=ORIENTED_EDGE('',*,*,#5870,.T.);
#8011=ORIENTED_EDGE('',*,*,#5707,.F.);
#8012=ORIENTED_EDGE('',*,*,#5979,.F.);
#8013=ORIENTED_EDGE('',*,*,#5971,.F.);
#8014=ORIENTED_EDGE('',*,*,#5974,.T.);
#8015=ORIENTED_EDGE('',*,*,#5975,.F.);
#8016=ORIENTED_EDGE('',*,*,#5977,.F.);
#8017=ORIENTED_EDGE('',*,*,#5352,.F.);
#8018=ORIENTED_EDGE('',*,*,#5883,.F.);
#8019=ORIENTED_EDGE('',*,*,#5220,.F.);
#8020=ORIENTED_EDGE('',*,*,#5898,.F.);
#8021=ORIENTED_EDGE('',*,*,#5884,.F.);
#8022=ORIENTED_EDGE('',*,*,#5363,.T.);
#8023=ORIENTED_EDGE('',*,*,#5980,.T.);
#8024=ORIENTED_EDGE('',*,*,#5981,.T.);
#8025=ORIENTED_EDGE('',*,*,#5982,.T.);
#8026=ORIENTED_EDGE('',*,*,#5234,.T.);
#8027=ORIENTED_EDGE('',*,*,#5983,.T.);
#8028=ORIENTED_EDGE('',*,*,#5984,.T.);
#8029=ORIENTED_EDGE('',*,*,#5985,.T.);
#8030=ORIENTED_EDGE('',*,*,#5238,.T.);
#8031=ORIENTED_EDGE('',*,*,#5984,.F.);
#8032=ORIENTED_EDGE('',*,*,#5986,.F.);
#8033=ORIENTED_EDGE('',*,*,#5987,.T.);
#8034=ORIENTED_EDGE('',*,*,#5988,.T.);
#8035=ORIENTED_EDGE('',*,*,#5989,.T.);
#8036=ORIENTED_EDGE('',*,*,#5990,.T.);
#8037=ORIENTED_EDGE('',*,*,#5991,.T.);
#8038=ORIENTED_EDGE('',*,*,#5242,.T.);
#8039=ORIENTED_EDGE('',*,*,#5990,.F.);
#8040=ORIENTED_EDGE('',*,*,#5992,.F.);
#8041=ORIENTED_EDGE('',*,*,#5993,.F.);
#8042=ORIENTED_EDGE('',*,*,#5994,.T.);
#8043=ORIENTED_EDGE('',*,*,#5995,.T.);
#8044=ORIENTED_EDGE('',*,*,#5996,.T.);
#8045=ORIENTED_EDGE('',*,*,#5997,.T.);
#8046=ORIENTED_EDGE('',*,*,#5246,.T.);
#8047=ORIENTED_EDGE('',*,*,#5996,.F.);
#8048=ORIENTED_EDGE('',*,*,#5998,.T.);
#8049=ORIENTED_EDGE('',*,*,#5999,.F.);
#8050=ORIENTED_EDGE('',*,*,#6000,.F.);
#8051=ORIENTED_EDGE('',*,*,#6001,.T.);
#8052=ORIENTED_EDGE('',*,*,#6002,.T.);
#8053=ORIENTED_EDGE('',*,*,#6003,.T.);
#8054=ORIENTED_EDGE('',*,*,#5250,.T.);
#8055=ORIENTED_EDGE('',*,*,#6002,.F.);
#8056=ORIENTED_EDGE('',*,*,#6004,.T.);
#8057=ORIENTED_EDGE('',*,*,#6005,.T.);
#8058=ORIENTED_EDGE('',*,*,#6006,.F.);
#8059=ORIENTED_EDGE('',*,*,#6007,.T.);
#8060=ORIENTED_EDGE('',*,*,#6008,.T.);
#8061=ORIENTED_EDGE('',*,*,#5236,.F.);
#8062=ORIENTED_EDGE('',*,*,#6009,.F.);
#8063=ORIENTED_EDGE('',*,*,#6010,.T.);
#8064=ORIENTED_EDGE('',*,*,#6011,.T.);
#8065=ORIENTED_EDGE('',*,*,#5987,.F.);
#8066=ORIENTED_EDGE('',*,*,#6012,.F.);
#8067=ORIENTED_EDGE('',*,*,#6013,.T.);
#8068=ORIENTED_EDGE('',*,*,#6014,.T.);
#8069=ORIENTED_EDGE('',*,*,#6007,.F.);
#8070=ORIENTED_EDGE('',*,*,#6015,.F.);
#8071=ORIENTED_EDGE('',*,*,#6016,.T.);
#8072=ORIENTED_EDGE('',*,*,#6017,.T.);
#8073=ORIENTED_EDGE('',*,*,#6010,.F.);
#8074=ORIENTED_EDGE('',*,*,#6018,.F.);
#8075=ORIENTED_EDGE('',*,*,#6019,.T.);
#8076=ORIENTED_EDGE('',*,*,#6020,.T.);
#8077=ORIENTED_EDGE('',*,*,#6013,.F.);
#8078=ORIENTED_EDGE('',*,*,#6021,.F.);
#8079=ORIENTED_EDGE('',*,*,#5999,.T.);
#8080=ORIENTED_EDGE('',*,*,#6022,.T.);
#8081=ORIENTED_EDGE('',*,*,#6016,.F.);
#8082=ORIENTED_EDGE('',*,*,#6023,.F.);
#8083=ORIENTED_EDGE('',*,*,#6024,.T.);
#8084=ORIENTED_EDGE('',*,*,#6025,.T.);
#8085=ORIENTED_EDGE('',*,*,#6019,.F.);
#8086=ORIENTED_EDGE('',*,*,#6026,.F.);
#8087=ORIENTED_EDGE('',*,*,#5243,.F.);
#8088=ORIENTED_EDGE('',*,*,#5997,.F.);
#8089=ORIENTED_EDGE('',*,*,#6000,.T.);
#8090=ORIENTED_EDGE('',*,*,#6023,.T.);
#8091=ORIENTED_EDGE('',*,*,#6018,.T.);
#8092=ORIENTED_EDGE('',*,*,#6012,.T.);
#8093=ORIENTED_EDGE('',*,*,#5986,.T.);
#8094=ORIENTED_EDGE('',*,*,#5983,.F.);
#8095=ORIENTED_EDGE('',*,*,#5237,.F.);
#8096=ORIENTED_EDGE('',*,*,#6008,.F.);
#8097=ORIENTED_EDGE('',*,*,#6014,.F.);
#8098=ORIENTED_EDGE('',*,*,#6020,.F.);
#8099=ORIENTED_EDGE('',*,*,#6025,.F.);
#8100=ORIENTED_EDGE('',*,*,#6027,.F.);
#8101=ORIENTED_EDGE('',*,*,#5244,.F.);
#8102=ORIENTED_EDGE('',*,*,#6027,.T.);
#8103=ORIENTED_EDGE('',*,*,#6024,.F.);
#8104=ORIENTED_EDGE('',*,*,#6028,.F.);
#8105=ORIENTED_EDGE('',*,*,#5245,.F.);
#8106=ORIENTED_EDGE('',*,*,#6028,.T.);
#8107=ORIENTED_EDGE('',*,*,#6026,.T.);
#8108=ORIENTED_EDGE('',*,*,#6021,.T.);
#8109=ORIENTED_EDGE('',*,*,#6015,.T.);
#8110=ORIENTED_EDGE('',*,*,#6009,.T.);
#8111=ORIENTED_EDGE('',*,*,#5235,.F.);
#8112=ORIENTED_EDGE('',*,*,#5985,.F.);
#8113=ORIENTED_EDGE('',*,*,#5988,.F.);
#8114=ORIENTED_EDGE('',*,*,#6011,.F.);
#8115=ORIENTED_EDGE('',*,*,#6017,.F.);
#8116=ORIENTED_EDGE('',*,*,#6022,.F.);
#8117=ORIENTED_EDGE('',*,*,#5998,.F.);
#8118=ORIENTED_EDGE('',*,*,#5995,.F.);
#8119=ORIENTED_EDGE('',*,*,#6029,.F.);
#8120=ORIENTED_EDGE('',*,*,#6030,.T.);
#8121=ORIENTED_EDGE('',*,*,#5240,.F.);
#8122=ORIENTED_EDGE('',*,*,#6031,.F.);
#8123=ORIENTED_EDGE('',*,*,#6032,.F.);
#8124=ORIENTED_EDGE('',*,*,#6033,.T.);
#8125=ORIENTED_EDGE('',*,*,#5993,.T.);
#8126=ORIENTED_EDGE('',*,*,#6034,.F.);
#8127=ORIENTED_EDGE('',*,*,#6035,.F.);
#8128=ORIENTED_EDGE('',*,*,#6036,.T.);
#8129=ORIENTED_EDGE('',*,*,#6029,.T.);
#8130=ORIENTED_EDGE('',*,*,#6037,.F.);
#8131=ORIENTED_EDGE('',*,*,#6038,.F.);
#8132=ORIENTED_EDGE('',*,*,#6039,.T.);
#8133=ORIENTED_EDGE('',*,*,#6032,.T.);
#8134=ORIENTED_EDGE('',*,*,#6040,.F.);
#8135=ORIENTED_EDGE('',*,*,#6041,.F.);
#8136=ORIENTED_EDGE('',*,*,#6042,.T.);
#8137=ORIENTED_EDGE('',*,*,#6035,.T.);
#8138=ORIENTED_EDGE('',*,*,#6043,.F.);
#8139=ORIENTED_EDGE('',*,*,#6005,.F.);
#8140=ORIENTED_EDGE('',*,*,#6044,.T.);
#8141=ORIENTED_EDGE('',*,*,#6038,.T.);
#8142=ORIENTED_EDGE('',*,*,#6045,.F.);
#8143=ORIENTED_EDGE('',*,*,#6046,.F.);
#8144=ORIENTED_EDGE('',*,*,#6047,.T.);
#8145=ORIENTED_EDGE('',*,*,#6041,.T.);
#8146=ORIENTED_EDGE('',*,*,#6048,.F.);
#8147=ORIENTED_EDGE('',*,*,#5249,.F.);
#8148=ORIENTED_EDGE('',*,*,#6049,.T.);
#8149=ORIENTED_EDGE('',*,*,#6048,.T.);
#8150=ORIENTED_EDGE('',*,*,#6043,.T.);
#8151=ORIENTED_EDGE('',*,*,#6037,.T.);
#8152=ORIENTED_EDGE('',*,*,#6031,.T.);
#8153=ORIENTED_EDGE('',*,*,#5239,.F.);
#8154=ORIENTED_EDGE('',*,*,#5991,.F.);
#8155=ORIENTED_EDGE('',*,*,#5994,.F.);
#8156=ORIENTED_EDGE('',*,*,#6033,.F.);
#8157=ORIENTED_EDGE('',*,*,#6039,.F.);
#8158=ORIENTED_EDGE('',*,*,#6044,.F.);
#8159=ORIENTED_EDGE('',*,*,#6004,.F.);
#8160=ORIENTED_EDGE('',*,*,#6001,.F.);
#8161=ORIENTED_EDGE('',*,*,#5248,.F.);
#8162=ORIENTED_EDGE('',*,*,#6050,.T.);
#8163=ORIENTED_EDGE('',*,*,#6046,.T.);
#8164=ORIENTED_EDGE('',*,*,#6049,.F.);
#8165=ORIENTED_EDGE('',*,*,#5247,.F.);
#8166=ORIENTED_EDGE('',*,*,#6003,.F.);
#8167=ORIENTED_EDGE('',*,*,#6006,.T.);
#8168=ORIENTED_EDGE('',*,*,#6045,.T.);
#8169=ORIENTED_EDGE('',*,*,#6040,.T.);
#8170=ORIENTED_EDGE('',*,*,#6034,.T.);
#8171=ORIENTED_EDGE('',*,*,#5992,.T.);
#8172=ORIENTED_EDGE('',*,*,#5989,.F.);
#8173=ORIENTED_EDGE('',*,*,#5241,.F.);
#8174=ORIENTED_EDGE('',*,*,#6030,.F.);
#8175=ORIENTED_EDGE('',*,*,#6036,.F.);
#8176=ORIENTED_EDGE('',*,*,#6042,.F.);
#8177=ORIENTED_EDGE('',*,*,#6047,.F.);
#8178=ORIENTED_EDGE('',*,*,#6050,.F.);
#8179=ORIENTED_EDGE('',*,*,#6051,.T.);
#8180=ORIENTED_EDGE('',*,*,#6052,.T.);
#8181=ORIENTED_EDGE('',*,*,#6053,.T.);
#8182=ORIENTED_EDGE('',*,*,#5338,.T.);
#8183=ORIENTED_EDGE('',*,*,#6052,.F.);
#8184=ORIENTED_EDGE('',*,*,#6054,.F.);
#8185=ORIENTED_EDGE('',*,*,#6055,.F.);
#8186=ORIENTED_EDGE('',*,*,#6056,.T.);
#8187=ORIENTED_EDGE('',*,*,#6057,.T.);
#8188=ORIENTED_EDGE('',*,*,#6058,.T.);
#8189=ORIENTED_EDGE('',*,*,#6059,.T.);
#8190=ORIENTED_EDGE('',*,*,#5254,.T.);
#8191=ORIENTED_EDGE('',*,*,#6058,.F.);
#8192=ORIENTED_EDGE('',*,*,#6060,.T.);
#8193=ORIENTED_EDGE('',*,*,#6061,.T.);
#8194=ORIENTED_EDGE('',*,*,#6062,.F.);
#8195=ORIENTED_EDGE('',*,*,#6063,.T.);
#8196=ORIENTED_EDGE('',*,*,#6064,.T.);
#8197=ORIENTED_EDGE('',*,*,#6065,.T.);
#8198=ORIENTED_EDGE('',*,*,#5258,.T.);
#8199=ORIENTED_EDGE('',*,*,#6064,.F.);
#8200=ORIENTED_EDGE('',*,*,#6066,.F.);
#8201=ORIENTED_EDGE('',*,*,#6067,.F.);
#8202=ORIENTED_EDGE('',*,*,#6068,.T.);
#8203=ORIENTED_EDGE('',*,*,#6069,.T.);
#8204=ORIENTED_EDGE('',*,*,#6070,.T.);
#8205=ORIENTED_EDGE('',*,*,#6071,.T.);
#8206=ORIENTED_EDGE('',*,*,#5262,.T.);
#8207=ORIENTED_EDGE('',*,*,#6070,.F.);
#8208=ORIENTED_EDGE('',*,*,#6072,.F.);
#8209=ORIENTED_EDGE('',*,*,#6073,.T.);
#8210=ORIENTED_EDGE('',*,*,#6074,.T.);
#8211=ORIENTED_EDGE('',*,*,#6075,.T.);
#8212=ORIENTED_EDGE('',*,*,#6076,.T.);
#8213=ORIENTED_EDGE('',*,*,#6077,.T.);
#8214=ORIENTED_EDGE('',*,*,#5266,.T.);
#8215=ORIENTED_EDGE('',*,*,#6076,.F.);
#8216=ORIENTED_EDGE('',*,*,#6078,.T.);
#8217=ORIENTED_EDGE('',*,*,#6079,.F.);
#8218=ORIENTED_EDGE('',*,*,#6080,.F.);
#8219=ORIENTED_EDGE('',*,*,#6081,.T.);
#8220=ORIENTED_EDGE('',*,*,#6082,.T.);
#8221=ORIENTED_EDGE('',*,*,#6083,.T.);
#8222=ORIENTED_EDGE('',*,*,#5270,.T.);
#8223=ORIENTED_EDGE('',*,*,#6082,.F.);
#8224=ORIENTED_EDGE('',*,*,#6084,.T.);
#8225=ORIENTED_EDGE('',*,*,#6085,.T.);
#8226=ORIENTED_EDGE('',*,*,#6086,.F.);
#8227=ORIENTED_EDGE('',*,*,#5271,.F.);
#8228=ORIENTED_EDGE('',*,*,#6087,.T.);
#8229=ORIENTED_EDGE('',*,*,#6088,.T.);
#8230=ORIENTED_EDGE('',*,*,#6089,.F.);
#8231=ORIENTED_EDGE('',*,*,#5274,.F.);
#8232=ORIENTED_EDGE('',*,*,#6090,.T.);
#8233=ORIENTED_EDGE('',*,*,#6091,.T.);
#8234=ORIENTED_EDGE('',*,*,#6087,.F.);
#8235=ORIENTED_EDGE('',*,*,#5273,.F.);
#8236=ORIENTED_EDGE('',*,*,#6092,.T.);
#8237=ORIENTED_EDGE('',*,*,#6093,.T.);
#8238=ORIENTED_EDGE('',*,*,#6090,.F.);
#8239=ORIENTED_EDGE('',*,*,#5272,.F.);
#8240=ORIENTED_EDGE('',*,*,#6089,.T.);
#8241=ORIENTED_EDGE('',*,*,#6094,.T.);
#8242=ORIENTED_EDGE('',*,*,#6092,.F.);
#8243=ORIENTED_EDGE('',*,*,#6094,.F.);
#8244=ORIENTED_EDGE('',*,*,#6088,.F.);
#8245=ORIENTED_EDGE('',*,*,#6091,.F.);
#8246=ORIENTED_EDGE('',*,*,#6093,.F.);
#8247=ORIENTED_EDGE('',*,*,#6095,.F.);
#8248=ORIENTED_EDGE('',*,*,#6096,.T.);
#8249=ORIENTED_EDGE('',*,*,#5336,.F.);
#8250=ORIENTED_EDGE('',*,*,#5379,.T.);
#8251=ORIENTED_EDGE('',*,*,#6097,.F.);
#8252=ORIENTED_EDGE('',*,*,#6098,.F.);
#8253=ORIENTED_EDGE('',*,*,#6099,.T.);
#8254=ORIENTED_EDGE('',*,*,#6055,.T.);
#8255=ORIENTED_EDGE('',*,*,#6100,.F.);
#8256=ORIENTED_EDGE('',*,*,#6101,.F.);
#8257=ORIENTED_EDGE('',*,*,#6102,.T.);
#8258=ORIENTED_EDGE('',*,*,#6095,.T.);
#8259=ORIENTED_EDGE('',*,*,#6103,.F.);
#8260=ORIENTED_EDGE('',*,*,#6104,.F.);
#8261=ORIENTED_EDGE('',*,*,#6105,.T.);
#8262=ORIENTED_EDGE('',*,*,#6098,.T.);
#8263=ORIENTED_EDGE('',*,*,#6106,.F.);
#8264=ORIENTED_EDGE('',*,*,#6107,.F.);
#8265=ORIENTED_EDGE('',*,*,#6108,.T.);
#8266=ORIENTED_EDGE('',*,*,#6101,.T.);
#8267=ORIENTED_EDGE('',*,*,#6109,.F.);
#8268=ORIENTED_EDGE('',*,*,#6061,.F.);
#8269=ORIENTED_EDGE('',*,*,#6110,.T.);
#8270=ORIENTED_EDGE('',*,*,#6104,.T.);
#8271=ORIENTED_EDGE('',*,*,#6111,.F.);
#8272=ORIENTED_EDGE('',*,*,#6112,.F.);
#8273=ORIENTED_EDGE('',*,*,#6113,.T.);
#8274=ORIENTED_EDGE('',*,*,#6107,.T.);
#8275=ORIENTED_EDGE('',*,*,#6114,.F.);
#8276=ORIENTED_EDGE('',*,*,#5253,.F.);
#8277=ORIENTED_EDGE('',*,*,#6115,.T.);
#8278=ORIENTED_EDGE('',*,*,#6114,.T.);
#8279=ORIENTED_EDGE('',*,*,#6109,.T.);
#8280=ORIENTED_EDGE('',*,*,#6103,.T.);
#8281=ORIENTED_EDGE('',*,*,#6097,.T.);
#8282=ORIENTED_EDGE('',*,*,#5382,.T.);
#8283=ORIENTED_EDGE('',*,*,#5339,.F.);
#8284=ORIENTED_EDGE('',*,*,#6053,.F.);
#8285=ORIENTED_EDGE('',*,*,#6056,.F.);
#8286=ORIENTED_EDGE('',*,*,#6099,.F.);
#8287=ORIENTED_EDGE('',*,*,#6105,.F.);
#8288=ORIENTED_EDGE('',*,*,#6110,.F.);
#8289=ORIENTED_EDGE('',*,*,#6060,.F.);
#8290=ORIENTED_EDGE('',*,*,#6057,.F.);
#8291=ORIENTED_EDGE('',*,*,#5252,.F.);
#8292=ORIENTED_EDGE('',*,*,#6116,.T.);
#8293=ORIENTED_EDGE('',*,*,#6112,.T.);
#8294=ORIENTED_EDGE('',*,*,#6115,.F.);
#8295=ORIENTED_EDGE('',*,*,#5251,.F.);
#8296=ORIENTED_EDGE('',*,*,#6059,.F.);
#8297=ORIENTED_EDGE('',*,*,#6062,.T.);
#8298=ORIENTED_EDGE('',*,*,#6111,.T.);
#8299=ORIENTED_EDGE('',*,*,#6106,.T.);
#8300=ORIENTED_EDGE('',*,*,#6100,.T.);
#8301=ORIENTED_EDGE('',*,*,#6054,.T.);
#8302=ORIENTED_EDGE('',*,*,#6051,.F.);
#8303=ORIENTED_EDGE('',*,*,#5337,.F.);
#8304=ORIENTED_EDGE('',*,*,#6096,.F.);
#8305=ORIENTED_EDGE('',*,*,#6102,.F.);
#8306=ORIENTED_EDGE('',*,*,#6108,.F.);
#8307=ORIENTED_EDGE('',*,*,#6113,.F.);
#8308=ORIENTED_EDGE('',*,*,#6116,.F.);
#8309=ORIENTED_EDGE('',*,*,#6117,.T.);
#8310=ORIENTED_EDGE('',*,*,#6118,.T.);
#8311=ORIENTED_EDGE('',*,*,#5260,.F.);
#8312=ORIENTED_EDGE('',*,*,#6119,.F.);
#8313=ORIENTED_EDGE('',*,*,#6120,.T.);
#8314=ORIENTED_EDGE('',*,*,#6121,.T.);
#8315=ORIENTED_EDGE('',*,*,#6117,.F.);
#8316=ORIENTED_EDGE('',*,*,#6122,.F.);
#8317=ORIENTED_EDGE('',*,*,#6123,.T.);
#8318=ORIENTED_EDGE('',*,*,#6124,.T.);
#8319=ORIENTED_EDGE('',*,*,#6073,.F.);
#8320=ORIENTED_EDGE('',*,*,#6125,.F.);
#8321=ORIENTED_EDGE('',*,*,#6126,.T.);
#8322=ORIENTED_EDGE('',*,*,#6127,.T.);
#8323=ORIENTED_EDGE('',*,*,#6120,.F.);
#8324=ORIENTED_EDGE('',*,*,#6128,.F.);
#8325=ORIENTED_EDGE('',*,*,#6129,.T.);
#8326=ORIENTED_EDGE('',*,*,#6130,.T.);
#8327=ORIENTED_EDGE('',*,*,#6123,.F.);
#8328=ORIENTED_EDGE('',*,*,#6131,.F.);
#8329=ORIENTED_EDGE('',*,*,#6132,.T.);
#8330=ORIENTED_EDGE('',*,*,#6133,.T.);
#8331=ORIENTED_EDGE('',*,*,#6126,.F.);
#8332=ORIENTED_EDGE('',*,*,#6134,.F.);
#8333=ORIENTED_EDGE('',*,*,#6079,.T.);
#8334=ORIENTED_EDGE('',*,*,#6135,.T.);
#8335=ORIENTED_EDGE('',*,*,#6129,.F.);
#8336=ORIENTED_EDGE('',*,*,#6136,.F.);
#8337=ORIENTED_EDGE('',*,*,#5264,.F.);
#8338=ORIENTED_EDGE('',*,*,#6137,.T.);
#8339=ORIENTED_EDGE('',*,*,#6132,.F.);
#8340=ORIENTED_EDGE('',*,*,#6138,.F.);
#8341=ORIENTED_EDGE('',*,*,#5265,.F.);
#8342=ORIENTED_EDGE('',*,*,#6138,.T.);
#8343=ORIENTED_EDGE('',*,*,#6134,.T.);
#8344=ORIENTED_EDGE('',*,*,#6128,.T.);
#8345=ORIENTED_EDGE('',*,*,#6122,.T.);
#8346=ORIENTED_EDGE('',*,*,#6119,.T.);
#8347=ORIENTED_EDGE('',*,*,#5259,.F.);
#8348=ORIENTED_EDGE('',*,*,#6071,.F.);
#8349=ORIENTED_EDGE('',*,*,#6074,.F.);
#8350=ORIENTED_EDGE('',*,*,#6124,.F.);
#8351=ORIENTED_EDGE('',*,*,#6130,.F.);
#8352=ORIENTED_EDGE('',*,*,#6135,.F.);
#8353=ORIENTED_EDGE('',*,*,#6078,.F.);
#8354=ORIENTED_EDGE('',*,*,#6075,.F.);
#8355=ORIENTED_EDGE('',*,*,#5263,.F.);
#8356=ORIENTED_EDGE('',*,*,#6077,.F.);
#8357=ORIENTED_EDGE('',*,*,#6080,.T.);
#8358=ORIENTED_EDGE('',*,*,#6136,.T.);
#8359=ORIENTED_EDGE('',*,*,#6131,.T.);
#8360=ORIENTED_EDGE('',*,*,#6125,.T.);
#8361=ORIENTED_EDGE('',*,*,#6072,.T.);
#8362=ORIENTED_EDGE('',*,*,#6069,.F.);
#8363=ORIENTED_EDGE('',*,*,#5261,.F.);
#8364=ORIENTED_EDGE('',*,*,#6118,.F.);
#8365=ORIENTED_EDGE('',*,*,#6121,.F.);
#8366=ORIENTED_EDGE('',*,*,#6127,.F.);
#8367=ORIENTED_EDGE('',*,*,#6133,.F.);
#8368=ORIENTED_EDGE('',*,*,#6137,.F.);
#8369=ORIENTED_EDGE('',*,*,#6139,.F.);
#8370=ORIENTED_EDGE('',*,*,#6140,.T.);
#8371=ORIENTED_EDGE('',*,*,#5256,.F.);
#8372=ORIENTED_EDGE('',*,*,#6141,.F.);
#8373=ORIENTED_EDGE('',*,*,#6142,.F.);
#8374=ORIENTED_EDGE('',*,*,#6143,.T.);
#8375=ORIENTED_EDGE('',*,*,#6139,.T.);
#8376=ORIENTED_EDGE('',*,*,#6144,.F.);
#8377=ORIENTED_EDGE('',*,*,#6145,.F.);
#8378=ORIENTED_EDGE('',*,*,#6146,.T.);
#8379=ORIENTED_EDGE('',*,*,#6067,.T.);
#8380=ORIENTED_EDGE('',*,*,#6147,.F.);
#8381=ORIENTED_EDGE('',*,*,#6148,.F.);
#8382=ORIENTED_EDGE('',*,*,#6149,.T.);
#8383=ORIENTED_EDGE('',*,*,#6142,.T.);
#8384=ORIENTED_EDGE('',*,*,#6150,.F.);
#8385=ORIENTED_EDGE('',*,*,#6151,.F.);
#8386=ORIENTED_EDGE('',*,*,#6152,.T.);
#8387=ORIENTED_EDGE('',*,*,#6145,.T.);
#8388=ORIENTED_EDGE('',*,*,#6153,.F.);
#8389=ORIENTED_EDGE('',*,*,#6154,.F.);
#8390=ORIENTED_EDGE('',*,*,#6155,.T.);
#8391=ORIENTED_EDGE('',*,*,#6148,.T.);
#8392=ORIENTED_EDGE('',*,*,#6156,.F.);
#8393=ORIENTED_EDGE('',*,*,#6085,.F.);
#8394=ORIENTED_EDGE('',*,*,#6157,.T.);
#8395=ORIENTED_EDGE('',*,*,#6151,.T.);
#8396=ORIENTED_EDGE('',*,*,#6158,.F.);
#8397=ORIENTED_EDGE('',*,*,#5268,.F.);
#8398=ORIENTED_EDGE('',*,*,#6159,.T.);
#8399=ORIENTED_EDGE('',*,*,#6154,.T.);
#8400=ORIENTED_EDGE('',*,*,#6160,.F.);
#8401=ORIENTED_EDGE('',*,*,#5267,.F.);
#8402=ORIENTED_EDGE('',*,*,#6083,.F.);
#8403=ORIENTED_EDGE('',*,*,#6086,.T.);
#8404=ORIENTED_EDGE('',*,*,#6158,.T.);
#8405=ORIENTED_EDGE('',*,*,#6153,.T.);
#8406=ORIENTED_EDGE('',*,*,#6147,.T.);
#8407=ORIENTED_EDGE('',*,*,#6066,.T.);
#8408=ORIENTED_EDGE('',*,*,#6063,.F.);
#8409=ORIENTED_EDGE('',*,*,#5257,.F.);
#8410=ORIENTED_EDGE('',*,*,#6140,.F.);
#8411=ORIENTED_EDGE('',*,*,#6143,.F.);
#8412=ORIENTED_EDGE('',*,*,#6149,.F.);
#8413=ORIENTED_EDGE('',*,*,#6155,.F.);
#8414=ORIENTED_EDGE('',*,*,#6159,.F.);
#8415=ORIENTED_EDGE('',*,*,#5269,.F.);
#8416=ORIENTED_EDGE('',*,*,#6160,.T.);
#8417=ORIENTED_EDGE('',*,*,#6156,.T.);
#8418=ORIENTED_EDGE('',*,*,#6150,.T.);
#8419=ORIENTED_EDGE('',*,*,#6144,.T.);
#8420=ORIENTED_EDGE('',*,*,#6141,.T.);
#8421=ORIENTED_EDGE('',*,*,#5255,.F.);
#8422=ORIENTED_EDGE('',*,*,#6065,.F.);
#8423=ORIENTED_EDGE('',*,*,#6068,.F.);
#8424=ORIENTED_EDGE('',*,*,#6146,.F.);
#8425=ORIENTED_EDGE('',*,*,#6152,.F.);
#8426=ORIENTED_EDGE('',*,*,#6157,.F.);
#8427=ORIENTED_EDGE('',*,*,#6084,.F.);
#8428=ORIENTED_EDGE('',*,*,#6081,.F.);
#8429=ORIENTED_EDGE('',*,*,#6161,.T.);
#8430=ORIENTED_EDGE('',*,*,#6162,.T.);
#8431=ORIENTED_EDGE('',*,*,#6163,.T.);
#8432=ORIENTED_EDGE('',*,*,#5278,.T.);
#8433=ORIENTED_EDGE('',*,*,#6162,.F.);
#8434=ORIENTED_EDGE('',*,*,#6164,.T.);
#8435=ORIENTED_EDGE('',*,*,#6165,.F.);
#8436=ORIENTED_EDGE('',*,*,#6166,.F.);
#8437=ORIENTED_EDGE('',*,*,#6167,.T.);
#8438=ORIENTED_EDGE('',*,*,#6168,.T.);
#8439=ORIENTED_EDGE('',*,*,#6169,.T.);
#8440=ORIENTED_EDGE('',*,*,#5282,.T.);
#8441=ORIENTED_EDGE('',*,*,#6168,.F.);
#8442=ORIENTED_EDGE('',*,*,#6170,.F.);
#8443=ORIENTED_EDGE('',*,*,#6171,.T.);
#8444=ORIENTED_EDGE('',*,*,#6172,.T.);
#8445=ORIENTED_EDGE('',*,*,#6173,.T.);
#8446=ORIENTED_EDGE('',*,*,#6174,.T.);
#8447=ORIENTED_EDGE('',*,*,#6175,.T.);
#8448=ORIENTED_EDGE('',*,*,#5286,.T.);
#8449=ORIENTED_EDGE('',*,*,#6174,.F.);
#8450=ORIENTED_EDGE('',*,*,#6176,.F.);
#8451=ORIENTED_EDGE('',*,*,#6177,.F.);
#8452=ORIENTED_EDGE('',*,*,#6178,.T.);
#8453=ORIENTED_EDGE('',*,*,#6179,.T.);
#8454=ORIENTED_EDGE('',*,*,#6180,.T.);
#8455=ORIENTED_EDGE('',*,*,#6181,.T.);
#8456=ORIENTED_EDGE('',*,*,#5290,.T.);
#8457=ORIENTED_EDGE('',*,*,#6180,.F.);
#8458=ORIENTED_EDGE('',*,*,#6182,.T.);
#8459=ORIENTED_EDGE('',*,*,#6183,.T.);
#8460=ORIENTED_EDGE('',*,*,#6184,.F.);
#8461=ORIENTED_EDGE('',*,*,#6185,.T.);
#8462=ORIENTED_EDGE('',*,*,#6186,.T.);
#8463=ORIENTED_EDGE('',*,*,#5280,.F.);
#8464=ORIENTED_EDGE('',*,*,#6187,.F.);
#8465=ORIENTED_EDGE('',*,*,#6188,.T.);
#8466=ORIENTED_EDGE('',*,*,#6189,.T.);
#8467=ORIENTED_EDGE('',*,*,#6185,.F.);
#8468=ORIENTED_EDGE('',*,*,#6190,.F.);
#8469=ORIENTED_EDGE('',*,*,#6191,.T.);
#8470=ORIENTED_EDGE('',*,*,#6192,.T.);
#8471=ORIENTED_EDGE('',*,*,#6171,.F.);
#8472=ORIENTED_EDGE('',*,*,#6193,.F.);
#8473=ORIENTED_EDGE('',*,*,#6194,.T.);
#8474=ORIENTED_EDGE('',*,*,#6195,.T.);
#8475=ORIENTED_EDGE('',*,*,#6188,.F.);
#8476=ORIENTED_EDGE('',*,*,#6196,.F.);
#8477=ORIENTED_EDGE('',*,*,#6197,.T.);
#8478=ORIENTED_EDGE('',*,*,#6198,.T.);
#8479=ORIENTED_EDGE('',*,*,#6191,.F.);
#8480=ORIENTED_EDGE('',*,*,#6199,.F.);
#8481=ORIENTED_EDGE('',*,*,#6200,.T.);
#8482=ORIENTED_EDGE('',*,*,#6201,.T.);
#8483=ORIENTED_EDGE('',*,*,#6194,.F.);
#8484=ORIENTED_EDGE('',*,*,#6202,.F.);
#8485=ORIENTED_EDGE('',*,*,#6165,.T.);
#8486=ORIENTED_EDGE('',*,*,#6203,.T.);
#8487=ORIENTED_EDGE('',*,*,#6197,.F.);
#8488=ORIENTED_EDGE('',*,*,#6204,.F.);
#8489=ORIENTED_EDGE('',*,*,#5276,.F.);
#8490=ORIENTED_EDGE('',*,*,#6205,.T.);
#8491=ORIENTED_EDGE('',*,*,#6200,.F.);
#8492=ORIENTED_EDGE('',*,*,#6206,.F.);
#8493=ORIENTED_EDGE('',*,*,#5277,.F.);
#8494=ORIENTED_EDGE('',*,*,#6206,.T.);
#8495=ORIENTED_EDGE('',*,*,#6202,.T.);
#8496=ORIENTED_EDGE('',*,*,#6196,.T.);
#8497=ORIENTED_EDGE('',*,*,#6190,.T.);
#8498=ORIENTED_EDGE('',*,*,#6187,.T.);
#8499=ORIENTED_EDGE('',*,*,#5279,.F.);
#8500=ORIENTED_EDGE('',*,*,#6169,.F.);
#8501=ORIENTED_EDGE('',*,*,#6172,.F.);
#8502=ORIENTED_EDGE('',*,*,#6192,.F.);
#8503=ORIENTED_EDGE('',*,*,#6198,.F.);
#8504=ORIENTED_EDGE('',*,*,#6203,.F.);
#8505=ORIENTED_EDGE('',*,*,#6164,.F.);
#8506=ORIENTED_EDGE('',*,*,#6161,.F.);
#8507=ORIENTED_EDGE('',*,*,#5275,.F.);
#8508=ORIENTED_EDGE('',*,*,#6163,.F.);
#8509=ORIENTED_EDGE('',*,*,#6166,.T.);
#8510=ORIENTED_EDGE('',*,*,#6204,.T.);
#8511=ORIENTED_EDGE('',*,*,#6199,.T.);
#8512=ORIENTED_EDGE('',*,*,#6193,.T.);
#8513=ORIENTED_EDGE('',*,*,#6170,.T.);
#8514=ORIENTED_EDGE('',*,*,#6167,.F.);
#8515=ORIENTED_EDGE('',*,*,#5281,.F.);
#8516=ORIENTED_EDGE('',*,*,#6186,.F.);
#8517=ORIENTED_EDGE('',*,*,#6189,.F.);
#8518=ORIENTED_EDGE('',*,*,#6195,.F.);
#8519=ORIENTED_EDGE('',*,*,#6201,.F.);
#8520=ORIENTED_EDGE('',*,*,#6205,.F.);
#8521=ORIENTED_EDGE('',*,*,#6207,.F.);
#8522=ORIENTED_EDGE('',*,*,#6208,.T.);
#8523=ORIENTED_EDGE('',*,*,#5284,.F.);
#8524=ORIENTED_EDGE('',*,*,#6209,.F.);
#8525=ORIENTED_EDGE('',*,*,#6210,.F.);
#8526=ORIENTED_EDGE('',*,*,#6211,.T.);
#8527=ORIENTED_EDGE('',*,*,#6207,.T.);
#8528=ORIENTED_EDGE('',*,*,#6212,.F.);
#8529=ORIENTED_EDGE('',*,*,#6213,.F.);
#8530=ORIENTED_EDGE('',*,*,#6214,.T.);
#8531=ORIENTED_EDGE('',*,*,#6177,.T.);
#8532=ORIENTED_EDGE('',*,*,#6215,.F.);
#8533=ORIENTED_EDGE('',*,*,#6216,.F.);
#8534=ORIENTED_EDGE('',*,*,#6217,.T.);
#8535=ORIENTED_EDGE('',*,*,#6210,.T.);
#8536=ORIENTED_EDGE('',*,*,#6218,.F.);
#8537=ORIENTED_EDGE('',*,*,#6219,.F.);
#8538=ORIENTED_EDGE('',*,*,#6220,.T.);
#8539=ORIENTED_EDGE('',*,*,#6213,.T.);
#8540=ORIENTED_EDGE('',*,*,#6221,.F.);
#8541=ORIENTED_EDGE('',*,*,#6222,.F.);
#8542=ORIENTED_EDGE('',*,*,#6223,.T.);
#8543=ORIENTED_EDGE('',*,*,#6216,.T.);
#8544=ORIENTED_EDGE('',*,*,#6224,.F.);
#8545=ORIENTED_EDGE('',*,*,#6183,.F.);
#8546=ORIENTED_EDGE('',*,*,#6225,.T.);
#8547=ORIENTED_EDGE('',*,*,#6219,.T.);
#8548=ORIENTED_EDGE('',*,*,#6226,.F.);
#8549=ORIENTED_EDGE('',*,*,#5288,.F.);
#8550=ORIENTED_EDGE('',*,*,#6227,.T.);
#8551=ORIENTED_EDGE('',*,*,#6222,.T.);
#8552=ORIENTED_EDGE('',*,*,#6228,.F.);
#8553=ORIENTED_EDGE('',*,*,#5287,.F.);
#8554=ORIENTED_EDGE('',*,*,#6181,.F.);
#8555=ORIENTED_EDGE('',*,*,#6184,.T.);
#8556=ORIENTED_EDGE('',*,*,#6226,.T.);
#8557=ORIENTED_EDGE('',*,*,#6221,.T.);
#8558=ORIENTED_EDGE('',*,*,#6215,.T.);
#8559=ORIENTED_EDGE('',*,*,#6176,.T.);
#8560=ORIENTED_EDGE('',*,*,#6173,.F.);
#8561=ORIENTED_EDGE('',*,*,#5285,.F.);
#8562=ORIENTED_EDGE('',*,*,#6208,.F.);
#8563=ORIENTED_EDGE('',*,*,#6211,.F.);
#8564=ORIENTED_EDGE('',*,*,#6217,.F.);
#8565=ORIENTED_EDGE('',*,*,#6223,.F.);
#8566=ORIENTED_EDGE('',*,*,#6227,.F.);
#8567=ORIENTED_EDGE('',*,*,#5289,.F.);
#8568=ORIENTED_EDGE('',*,*,#6228,.T.);
#8569=ORIENTED_EDGE('',*,*,#6224,.T.);
#8570=ORIENTED_EDGE('',*,*,#6218,.T.);
#8571=ORIENTED_EDGE('',*,*,#6212,.T.);
#8572=ORIENTED_EDGE('',*,*,#6209,.T.);
#8573=ORIENTED_EDGE('',*,*,#5283,.F.);
#8574=ORIENTED_EDGE('',*,*,#6175,.F.);
#8575=ORIENTED_EDGE('',*,*,#6178,.F.);
#8576=ORIENTED_EDGE('',*,*,#6214,.F.);
#8577=ORIENTED_EDGE('',*,*,#6220,.F.);
#8578=ORIENTED_EDGE('',*,*,#6225,.F.);
#8579=ORIENTED_EDGE('',*,*,#6182,.F.);
#8580=ORIENTED_EDGE('',*,*,#6179,.F.);
#8581=ORIENTED_EDGE('',*,*,#6229,.T.);
#8582=ORIENTED_EDGE('',*,*,#6230,.T.);
#8583=ORIENTED_EDGE('',*,*,#6231,.T.);
#8584=ORIENTED_EDGE('',*,*,#5294,.T.);
#8585=ORIENTED_EDGE('',*,*,#6230,.F.);
#8586=ORIENTED_EDGE('',*,*,#6232,.F.);
#8587=ORIENTED_EDGE('',*,*,#6233,.F.);
#8588=ORIENTED_EDGE('',*,*,#6234,.T.);
#8589=ORIENTED_EDGE('',*,*,#6235,.T.);
#8590=ORIENTED_EDGE('',*,*,#6236,.T.);
#8591=ORIENTED_EDGE('',*,*,#6237,.T.);
#8592=ORIENTED_EDGE('',*,*,#5298,.T.);
#8593=ORIENTED_EDGE('',*,*,#6236,.F.);
#8594=ORIENTED_EDGE('',*,*,#6238,.T.);
#8595=ORIENTED_EDGE('',*,*,#6239,.T.);
#8596=ORIENTED_EDGE('',*,*,#6240,.F.);
#8597=ORIENTED_EDGE('',*,*,#6241,.F.);
#8598=ORIENTED_EDGE('',*,*,#6242,.T.);
#8599=ORIENTED_EDGE('',*,*,#5292,.F.);
#8600=ORIENTED_EDGE('',*,*,#6243,.F.);
#8601=ORIENTED_EDGE('',*,*,#6244,.F.);
#8602=ORIENTED_EDGE('',*,*,#6245,.T.);
#8603=ORIENTED_EDGE('',*,*,#6233,.T.);
#8604=ORIENTED_EDGE('',*,*,#6246,.F.);
#8605=ORIENTED_EDGE('',*,*,#6247,.F.);
#8606=ORIENTED_EDGE('',*,*,#6248,.T.);
#8607=ORIENTED_EDGE('',*,*,#6241,.T.);
#8608=ORIENTED_EDGE('',*,*,#6249,.F.);
#8609=ORIENTED_EDGE('',*,*,#6250,.F.);
#8610=ORIENTED_EDGE('',*,*,#6251,.T.);
#8611=ORIENTED_EDGE('',*,*,#6244,.T.);
#8612=ORIENTED_EDGE('',*,*,#6252,.F.);
#8613=ORIENTED_EDGE('',*,*,#6253,.F.);
#8614=ORIENTED_EDGE('',*,*,#6254,.T.);
#8615=ORIENTED_EDGE('',*,*,#6247,.T.);
#8616=ORIENTED_EDGE('',*,*,#6255,.F.);
#8617=ORIENTED_EDGE('',*,*,#6239,.F.);
#8618=ORIENTED_EDGE('',*,*,#6256,.T.);
#8619=ORIENTED_EDGE('',*,*,#6250,.T.);
#8620=ORIENTED_EDGE('',*,*,#6257,.F.);
#8621=ORIENTED_EDGE('',*,*,#6258,.F.);
#8622=ORIENTED_EDGE('',*,*,#6259,.T.);
#8623=ORIENTED_EDGE('',*,*,#6253,.T.);
#8624=ORIENTED_EDGE('',*,*,#6260,.F.);
#8625=ORIENTED_EDGE('',*,*,#5297,.F.);
#8626=ORIENTED_EDGE('',*,*,#6261,.T.);
#8627=ORIENTED_EDGE('',*,*,#6260,.T.);
#8628=ORIENTED_EDGE('',*,*,#6255,.T.);
#8629=ORIENTED_EDGE('',*,*,#6249,.T.);
#8630=ORIENTED_EDGE('',*,*,#6243,.T.);
#8631=ORIENTED_EDGE('',*,*,#5291,.F.);
#8632=ORIENTED_EDGE('',*,*,#6231,.F.);
#8633=ORIENTED_EDGE('',*,*,#6234,.F.);
#8634=ORIENTED_EDGE('',*,*,#6245,.F.);
#8635=ORIENTED_EDGE('',*,*,#6251,.F.);
#8636=ORIENTED_EDGE('',*,*,#6256,.F.);
#8637=ORIENTED_EDGE('',*,*,#6238,.F.);
#8638=ORIENTED_EDGE('',*,*,#6235,.F.);
#8639=ORIENTED_EDGE('',*,*,#5296,.F.);
#8640=ORIENTED_EDGE('',*,*,#6262,.T.);
#8641=ORIENTED_EDGE('',*,*,#6258,.T.);
#8642=ORIENTED_EDGE('',*,*,#6261,.F.);
#8643=ORIENTED_EDGE('',*,*,#5295,.F.);
#8644=ORIENTED_EDGE('',*,*,#6237,.F.);
#8645=ORIENTED_EDGE('',*,*,#6240,.T.);
#8646=ORIENTED_EDGE('',*,*,#6257,.T.);
#8647=ORIENTED_EDGE('',*,*,#6252,.T.);
#8648=ORIENTED_EDGE('',*,*,#6246,.T.);
#8649=ORIENTED_EDGE('',*,*,#6232,.T.);
#8650=ORIENTED_EDGE('',*,*,#6229,.F.);
#8651=ORIENTED_EDGE('',*,*,#5293,.F.);
#8652=ORIENTED_EDGE('',*,*,#6242,.F.);
#8653=ORIENTED_EDGE('',*,*,#6248,.F.);
#8654=ORIENTED_EDGE('',*,*,#6254,.F.);
#8655=ORIENTED_EDGE('',*,*,#6259,.F.);
#8656=ORIENTED_EDGE('',*,*,#6262,.F.);
#8657=ORIENTED_EDGE('',*,*,#5299,.F.);
#8658=ORIENTED_EDGE('',*,*,#6263,.T.);
#8659=ORIENTED_EDGE('',*,*,#6264,.T.);
#8660=ORIENTED_EDGE('',*,*,#6265,.F.);
#8661=ORIENTED_EDGE('',*,*,#5302,.F.);
#8662=ORIENTED_EDGE('',*,*,#6266,.T.);
#8663=ORIENTED_EDGE('',*,*,#6267,.T.);
#8664=ORIENTED_EDGE('',*,*,#6263,.F.);
#8665=ORIENTED_EDGE('',*,*,#5301,.F.);
#8666=ORIENTED_EDGE('',*,*,#6268,.T.);
#8667=ORIENTED_EDGE('',*,*,#6269,.T.);
#8668=ORIENTED_EDGE('',*,*,#6266,.F.);
#8669=ORIENTED_EDGE('',*,*,#5300,.F.);
#8670=ORIENTED_EDGE('',*,*,#6265,.T.);
#8671=ORIENTED_EDGE('',*,*,#6270,.T.);
#8672=ORIENTED_EDGE('',*,*,#6268,.F.);
#8673=ORIENTED_EDGE('',*,*,#6270,.F.);
#8674=ORIENTED_EDGE('',*,*,#6264,.F.);
#8675=ORIENTED_EDGE('',*,*,#6267,.F.);
#8676=ORIENTED_EDGE('',*,*,#6269,.F.);
#8677=ORIENTED_EDGE('',*,*,#5231,.F.);
#8678=ORIENTED_EDGE('',*,*,#5982,.F.);
#8679=ORIENTED_EDGE('',*,*,#6271,.T.);
#8680=ORIENTED_EDGE('',*,*,#6272,.F.);
#8681=ORIENTED_EDGE('',*,*,#5233,.F.);
#8682=ORIENTED_EDGE('',*,*,#6273,.T.);
#8683=ORIENTED_EDGE('',*,*,#6274,.T.);
#8684=ORIENTED_EDGE('',*,*,#5980,.F.);
#8685=ORIENTED_EDGE('',*,*,#5232,.F.);
#8686=ORIENTED_EDGE('',*,*,#6272,.T.);
#8687=ORIENTED_EDGE('',*,*,#6275,.T.);
#8688=ORIENTED_EDGE('',*,*,#6273,.F.);
#8689=ORIENTED_EDGE('',*,*,#6275,.F.);
#8690=ORIENTED_EDGE('',*,*,#6271,.F.);
#8691=ORIENTED_EDGE('',*,*,#5981,.F.);
#8692=ORIENTED_EDGE('',*,*,#6274,.F.);
#8693=ORIENTED_EDGE('',*,*,#6276,.F.);
#8694=ORIENTED_EDGE('',*,*,#5305,.F.);
#8695=ORIENTED_EDGE('',*,*,#6277,.F.);
#8696=ORIENTED_EDGE('',*,*,#6278,.T.);
#8697=ORIENTED_EDGE('',*,*,#6276,.T.);
#8698=ORIENTED_EDGE('',*,*,#6279,.T.);
#8699=ORIENTED_EDGE('',*,*,#6280,.F.);
#8700=ORIENTED_EDGE('',*,*,#5306,.F.);
#8701=ORIENTED_EDGE('',*,*,#6278,.F.);
#8702=ORIENTED_EDGE('',*,*,#6281,.F.);
#8703=ORIENTED_EDGE('',*,*,#6282,.F.);
#8704=ORIENTED_EDGE('',*,*,#6283,.F.);
#8705=ORIENTED_EDGE('',*,*,#6284,.F.);
#8706=ORIENTED_EDGE('',*,*,#6285,.F.);
#8707=ORIENTED_EDGE('',*,*,#6286,.F.);
#8708=ORIENTED_EDGE('',*,*,#6287,.F.);
#8709=ORIENTED_EDGE('',*,*,#6288,.F.);
#8710=ORIENTED_EDGE('',*,*,#6279,.F.);
#8711=ORIENTED_EDGE('',*,*,#6289,.F.);
#8712=ORIENTED_EDGE('',*,*,#5303,.F.);
#8713=ORIENTED_EDGE('',*,*,#6290,.F.);
#8714=ORIENTED_EDGE('',*,*,#6282,.T.);
#8715=ORIENTED_EDGE('',*,*,#6290,.T.);
#8716=ORIENTED_EDGE('',*,*,#5314,.F.);
#8717=ORIENTED_EDGE('',*,*,#6291,.T.);
#8718=ORIENTED_EDGE('',*,*,#6283,.T.);
#8719=ORIENTED_EDGE('',*,*,#6292,.F.);
#8720=ORIENTED_EDGE('',*,*,#5309,.F.);
#8721=ORIENTED_EDGE('',*,*,#6293,.F.);
#8722=ORIENTED_EDGE('',*,*,#6287,.T.);
#8723=ORIENTED_EDGE('',*,*,#6293,.T.);
#8724=ORIENTED_EDGE('',*,*,#5308,.F.);
#8725=ORIENTED_EDGE('',*,*,#6294,.T.);
#8726=ORIENTED_EDGE('',*,*,#6295,.F.);
#8727=ORIENTED_EDGE('',*,*,#6285,.T.);
#8728=ORIENTED_EDGE('',*,*,#6296,.F.);
#8729=ORIENTED_EDGE('',*,*,#5311,.F.);
#8730=ORIENTED_EDGE('',*,*,#6292,.T.);
#8731=ORIENTED_EDGE('',*,*,#6286,.T.);
#8732=ORIENTED_EDGE('',*,*,#6295,.T.);
#8733=ORIENTED_EDGE('',*,*,#5310,.F.);
#8734=ORIENTED_EDGE('',*,*,#5313,.F.);
#8735=ORIENTED_EDGE('',*,*,#6297,.T.);
#8736=ORIENTED_EDGE('',*,*,#6284,.T.);
#8737=ORIENTED_EDGE('',*,*,#6291,.F.);
#8738=ORIENTED_EDGE('',*,*,#6296,.T.);
#8739=ORIENTED_EDGE('',*,*,#6297,.F.);
#8740=ORIENTED_EDGE('',*,*,#5312,.F.);
#8741=ORIENTED_EDGE('',*,*,#5307,.F.);
#8742=ORIENTED_EDGE('',*,*,#6280,.T.);
#8743=ORIENTED_EDGE('',*,*,#6288,.T.);
#8744=ORIENTED_EDGE('',*,*,#6294,.F.);
#8745=ORIENTED_EDGE('',*,*,#6277,.T.);
#8746=ORIENTED_EDGE('',*,*,#5304,.F.);
#8747=ORIENTED_EDGE('',*,*,#6289,.T.);
#8748=ORIENTED_EDGE('',*,*,#6281,.T.);
#8749=ORIENTED_EDGE('',*,*,#6298,.F.);
#8750=ORIENTED_EDGE('',*,*,#6299,.F.);
#8751=ORIENTED_EDGE('',*,*,#6300,.T.);
#8752=ORIENTED_EDGE('',*,*,#6301,.F.);
#8753=ORIENTED_EDGE('',*,*,#6302,.F.);
#8754=ORIENTED_EDGE('',*,*,#5199,.F.);
#8755=ORIENTED_EDGE('',*,*,#6303,.T.);
#8756=ORIENTED_EDGE('',*,*,#5454,.F.);
#8757=ORIENTED_EDGE('',*,*,#6304,.F.);
#8758=ORIENTED_EDGE('',*,*,#6305,.F.);
#8759=ORIENTED_EDGE('',*,*,#5458,.F.);
#8760=ORIENTED_EDGE('',*,*,#6306,.F.);
#8761=ORIENTED_EDGE('',*,*,#6307,.F.);
#8762=ORIENTED_EDGE('',*,*,#6308,.F.);
#8763=ORIENTED_EDGE('',*,*,#6300,.F.);
#8764=ORIENTED_EDGE('',*,*,#6309,.F.);
#8765=ORIENTED_EDGE('',*,*,#5453,.T.);
#8766=ORIENTED_EDGE('',*,*,#6310,.F.);
#8767=ORIENTED_EDGE('',*,*,#6311,.F.);
#8768=ORIENTED_EDGE('',*,*,#6298,.T.);
#8769=ORIENTED_EDGE('',*,*,#6299,.T.);
#8770=ORIENTED_EDGE('',*,*,#6311,.T.);
#8771=ORIENTED_EDGE('',*,*,#6312,.T.);
#8772=ORIENTED_EDGE('',*,*,#6309,.T.);
#8773=ORIENTED_EDGE('',*,*,#6313,.T.);
#8774=ORIENTED_EDGE('',*,*,#6314,.T.);
#8775=ORIENTED_EDGE('',*,*,#6315,.T.);
#8776=ORIENTED_EDGE('',*,*,#6316,.T.);
#8777=ORIENTED_EDGE('',*,*,#5457,.T.);
#8778=ORIENTED_EDGE('',*,*,#6317,.T.);
#8779=ORIENTED_EDGE('',*,*,#6318,.T.);
#8780=ORIENTED_EDGE('',*,*,#6306,.T.);
#8781=ORIENTED_EDGE('',*,*,#6319,.T.);
#8782=ORIENTED_EDGE('',*,*,#6320,.T.);
#8783=ORIENTED_EDGE('',*,*,#6321,.T.);
#8784=ORIENTED_EDGE('',*,*,#6322,.T.);
#8785=ORIENTED_EDGE('',*,*,#6323,.F.);
#8786=ORIENTED_EDGE('',*,*,#6324,.F.);
#8787=ORIENTED_EDGE('',*,*,#5200,.F.);
#8788=ORIENTED_EDGE('',*,*,#6302,.T.);
#8789=ORIENTED_EDGE('',*,*,#6325,.T.);
#8790=ORIENTED_EDGE('',*,*,#6323,.T.);
#8791=ORIENTED_EDGE('',*,*,#6301,.T.);
#8792=ORIENTED_EDGE('',*,*,#6308,.T.);
#8793=ORIENTED_EDGE('',*,*,#6326,.T.);
#8794=ORIENTED_EDGE('',*,*,#6327,.T.);
#8795=ORIENTED_EDGE('',*,*,#6328,.T.);
#8796=ORIENTED_EDGE('',*,*,#6329,.T.);
#8797=ORIENTED_EDGE('',*,*,#6330,.F.);
#8798=ORIENTED_EDGE('',*,*,#6331,.F.);
#8799=ORIENTED_EDGE('',*,*,#5204,.F.);
#8800=ORIENTED_EDGE('',*,*,#5460,.T.);
#8801=ORIENTED_EDGE('',*,*,#6332,.T.);
#8802=ORIENTED_EDGE('',*,*,#6330,.T.);
#8803=ORIENTED_EDGE('',*,*,#5459,.T.);
#8804=ORIENTED_EDGE('',*,*,#6305,.T.);
#8805=ORIENTED_EDGE('',*,*,#6333,.T.);
#8806=ORIENTED_EDGE('',*,*,#6334,.T.);
#8807=ORIENTED_EDGE('',*,*,#6335,.T.);
#8808=ORIENTED_EDGE('',*,*,#6336,.T.);
#8809=ORIENTED_EDGE('',*,*,#6320,.F.);
#8810=ORIENTED_EDGE('',*,*,#6337,.T.);
#8811=ORIENTED_EDGE('',*,*,#6338,.T.);
#8812=ORIENTED_EDGE('',*,*,#6339,.F.);
#8813=ORIENTED_EDGE('',*,*,#6321,.F.);
#8814=ORIENTED_EDGE('',*,*,#6339,.T.);
#8815=ORIENTED_EDGE('',*,*,#6340,.T.);
#8816=ORIENTED_EDGE('',*,*,#6341,.T.);
#8817=ORIENTED_EDGE('',*,*,#6336,.F.);
#8818=ORIENTED_EDGE('',*,*,#6342,.F.);
#8819=ORIENTED_EDGE('',*,*,#6343,.F.);
#8820=ORIENTED_EDGE('',*,*,#6344,.F.);
#8821=ORIENTED_EDGE('',*,*,#6322,.F.);
#8822=ORIENTED_EDGE('',*,*,#6344,.T.);
#8823=ORIENTED_EDGE('',*,*,#6345,.T.);
#8824=ORIENTED_EDGE('',*,*,#6346,.F.);
#8825=ORIENTED_EDGE('',*,*,#6319,.F.);
#8826=ORIENTED_EDGE('',*,*,#6346,.T.);
#8827=ORIENTED_EDGE('',*,*,#6347,.T.);
#8828=ORIENTED_EDGE('',*,*,#6348,.T.);
#8829=ORIENTED_EDGE('',*,*,#6334,.F.);
#8830=ORIENTED_EDGE('',*,*,#6349,.F.);
#8831=ORIENTED_EDGE('',*,*,#6350,.F.);
#8832=ORIENTED_EDGE('',*,*,#6337,.F.);
#8833=ORIENTED_EDGE('',*,*,#6338,.F.);
#8834=ORIENTED_EDGE('',*,*,#6350,.T.);
#8835=ORIENTED_EDGE('',*,*,#6351,.T.);
#8836=ORIENTED_EDGE('',*,*,#6340,.F.);
#8837=ORIENTED_EDGE('',*,*,#6345,.F.);
#8838=ORIENTED_EDGE('',*,*,#6343,.T.);
#8839=ORIENTED_EDGE('',*,*,#6352,.T.);
#8840=ORIENTED_EDGE('',*,*,#6347,.F.);
#8841=ORIENTED_EDGE('',*,*,#6351,.F.);
#8842=ORIENTED_EDGE('',*,*,#6349,.T.);
#8843=ORIENTED_EDGE('',*,*,#6333,.F.);
#8844=ORIENTED_EDGE('',*,*,#6341,.F.);
#8845=ORIENTED_EDGE('',*,*,#6352,.F.);
#8846=ORIENTED_EDGE('',*,*,#6342,.T.);
#8847=ORIENTED_EDGE('',*,*,#6335,.F.);
#8848=ORIENTED_EDGE('',*,*,#6348,.F.);
#8849=ORIENTED_EDGE('',*,*,#6316,.F.);
#8850=ORIENTED_EDGE('',*,*,#6353,.T.);
#8851=ORIENTED_EDGE('',*,*,#6354,.F.);
#8852=ORIENTED_EDGE('',*,*,#6355,.F.);
#8853=ORIENTED_EDGE('',*,*,#6315,.F.);
#8854=ORIENTED_EDGE('',*,*,#6356,.T.);
#8855=ORIENTED_EDGE('',*,*,#6357,.T.);
#8856=ORIENTED_EDGE('',*,*,#6358,.T.);
#8857=ORIENTED_EDGE('',*,*,#6327,.F.);
#8858=ORIENTED_EDGE('',*,*,#6359,.F.);
#8859=ORIENTED_EDGE('',*,*,#6360,.F.);
#8860=ORIENTED_EDGE('',*,*,#6353,.F.);
#8861=ORIENTED_EDGE('',*,*,#6314,.F.);
#8862=ORIENTED_EDGE('',*,*,#6361,.T.);
#8863=ORIENTED_EDGE('',*,*,#6362,.F.);
#8864=ORIENTED_EDGE('',*,*,#6356,.F.);
#8865=ORIENTED_EDGE('',*,*,#6313,.F.);
#8866=ORIENTED_EDGE('',*,*,#6355,.T.);
#8867=ORIENTED_EDGE('',*,*,#6363,.T.);
#8868=ORIENTED_EDGE('',*,*,#6364,.T.);
#8869=ORIENTED_EDGE('',*,*,#6329,.F.);
#8870=ORIENTED_EDGE('',*,*,#6365,.F.);
#8871=ORIENTED_EDGE('',*,*,#6366,.F.);
#8872=ORIENTED_EDGE('',*,*,#6361,.F.);
#8873=ORIENTED_EDGE('',*,*,#6354,.T.);
#8874=ORIENTED_EDGE('',*,*,#6360,.T.);
#8875=ORIENTED_EDGE('',*,*,#6367,.F.);
#8876=ORIENTED_EDGE('',*,*,#6363,.F.);
#8877=ORIENTED_EDGE('',*,*,#6362,.T.);
#8878=ORIENTED_EDGE('',*,*,#6366,.T.);
#8879=ORIENTED_EDGE('',*,*,#6368,.F.);
#8880=ORIENTED_EDGE('',*,*,#6357,.F.);
#8881=ORIENTED_EDGE('',*,*,#6367,.T.);
#8882=ORIENTED_EDGE('',*,*,#6359,.T.);
#8883=ORIENTED_EDGE('',*,*,#6326,.F.);
#8884=ORIENTED_EDGE('',*,*,#6364,.F.);
#8885=ORIENTED_EDGE('',*,*,#6368,.T.);
#8886=ORIENTED_EDGE('',*,*,#6365,.T.);
#8887=ORIENTED_EDGE('',*,*,#6328,.F.);
#8888=ORIENTED_EDGE('',*,*,#6358,.F.);
#8889=ORIENTED_EDGE('',*,*,#5470,.T.);
#8890=ORIENTED_EDGE('',*,*,#5942,.F.);
#8891=ORIENTED_EDGE('',*,*,#5210,.F.);
#8892=ORIENTED_EDGE('',*,*,#6369,.F.);
#8893=ORIENTED_EDGE('',*,*,#6370,.F.);
#8894=ORIENTED_EDGE('',*,*,#6371,.T.);
#8895=ORIENTED_EDGE('',*,*,#6372,.T.);
#8896=ORIENTED_EDGE('',*,*,#5471,.T.);
#8897=ORIENTED_EDGE('',*,*,#6369,.T.);
#8898=ORIENTED_EDGE('',*,*,#5209,.F.);
#8899=ORIENTED_EDGE('',*,*,#6373,.T.);
#8900=ORIENTED_EDGE('',*,*,#6374,.T.);
#8901=ORIENTED_EDGE('',*,*,#6375,.F.);
#8902=ORIENTED_EDGE('',*,*,#6376,.F.);
#8903=ORIENTED_EDGE('',*,*,#5205,.F.);
#8904=ORIENTED_EDGE('',*,*,#6331,.T.);
#8905=ORIENTED_EDGE('',*,*,#6332,.F.);
#8906=ORIENTED_EDGE('',*,*,#6304,.T.);
#8907=ORIENTED_EDGE('',*,*,#6318,.F.);
#8908=ORIENTED_EDGE('',*,*,#6377,.T.);
#8909=ORIENTED_EDGE('',*,*,#5448,.F.);
#8910=ORIENTED_EDGE('',*,*,#5449,.T.);
#8911=ORIENTED_EDGE('',*,*,#6377,.F.);
#8912=ORIENTED_EDGE('',*,*,#6317,.F.);
#8913=ORIENTED_EDGE('',*,*,#5456,.T.);
#8914=ORIENTED_EDGE('',*,*,#6378,.F.);
#8915=ORIENTED_EDGE('',*,*,#5201,.F.);
#8916=ORIENTED_EDGE('',*,*,#6324,.T.);
#8917=ORIENTED_EDGE('',*,*,#6325,.F.);
#8918=ORIENTED_EDGE('',*,*,#6307,.T.);
#8919=ORIENTED_EDGE('',*,*,#6312,.F.);
#8920=ORIENTED_EDGE('',*,*,#6310,.T.);
#8921=ORIENTED_EDGE('',*,*,#5452,.F.);
#8922=ORIENTED_EDGE('',*,*,#6379,.T.);
#8923=ORIENTED_EDGE('',*,*,#6380,.F.);
#8924=ORIENTED_EDGE('',*,*,#6381,.T.);
#8925=ORIENTED_EDGE('',*,*,#6382,.T.);
#8926=ORIENTED_EDGE('',*,*,#6383,.T.);
#8927=ORIENTED_EDGE('',*,*,#6382,.F.);
#8928=ORIENTED_EDGE('',*,*,#6384,.T.);
#8929=ORIENTED_EDGE('',*,*,#6385,.T.);
#8930=ORIENTED_EDGE('',*,*,#6385,.F.);
#8931=ORIENTED_EDGE('',*,*,#6386,.T.);
#8932=ORIENTED_EDGE('',*,*,#6387,.T.);
#8933=ORIENTED_EDGE('',*,*,#6388,.T.);
#8934=ORIENTED_EDGE('',*,*,#6389,.T.);
#8935=ORIENTED_EDGE('',*,*,#6387,.F.);
#8936=ORIENTED_EDGE('',*,*,#6390,.T.);
#8937=ORIENTED_EDGE('',*,*,#6391,.T.);
#8938=ORIENTED_EDGE('',*,*,#6392,.T.);
#8939=ORIENTED_EDGE('',*,*,#6391,.F.);
#8940=ORIENTED_EDGE('',*,*,#6393,.T.);
#8941=ORIENTED_EDGE('',*,*,#6394,.T.);
#8942=ORIENTED_EDGE('',*,*,#6395,.T.);
#8943=ORIENTED_EDGE('',*,*,#6394,.F.);
#8944=ORIENTED_EDGE('',*,*,#6396,.T.);
#8945=ORIENTED_EDGE('',*,*,#6397,.T.);
#8946=ORIENTED_EDGE('',*,*,#6397,.F.);
#8947=ORIENTED_EDGE('',*,*,#6398,.T.);
#8948=ORIENTED_EDGE('',*,*,#6399,.T.);
#8949=ORIENTED_EDGE('',*,*,#6400,.T.);
#8950=ORIENTED_EDGE('',*,*,#6401,.T.);
#8951=ORIENTED_EDGE('',*,*,#6399,.F.);
#8952=ORIENTED_EDGE('',*,*,#6402,.T.);
#8953=ORIENTED_EDGE('',*,*,#6403,.T.);
#8954=ORIENTED_EDGE('',*,*,#6404,.T.);
#8955=ORIENTED_EDGE('',*,*,#6403,.F.);
#8956=ORIENTED_EDGE('',*,*,#6405,.T.);
#8957=ORIENTED_EDGE('',*,*,#6406,.T.);
#8958=ORIENTED_EDGE('',*,*,#6407,.T.);
#8959=ORIENTED_EDGE('',*,*,#6406,.F.);
#8960=ORIENTED_EDGE('',*,*,#6408,.T.);
#8961=ORIENTED_EDGE('',*,*,#6409,.T.);
#8962=ORIENTED_EDGE('',*,*,#6409,.F.);
#8963=ORIENTED_EDGE('',*,*,#6410,.T.);
#8964=ORIENTED_EDGE('',*,*,#6411,.T.);
#8965=ORIENTED_EDGE('',*,*,#6412,.T.);
#8966=ORIENTED_EDGE('',*,*,#6413,.T.);
#8967=ORIENTED_EDGE('',*,*,#6411,.F.);
#8968=ORIENTED_EDGE('',*,*,#6414,.T.);
#8969=ORIENTED_EDGE('',*,*,#6415,.T.);
#8970=ORIENTED_EDGE('',*,*,#6416,.T.);
#8971=ORIENTED_EDGE('',*,*,#6415,.F.);
#8972=ORIENTED_EDGE('',*,*,#6417,.T.);
#8973=ORIENTED_EDGE('',*,*,#6418,.T.);
#8974=ORIENTED_EDGE('',*,*,#5461,.F.);
#8975=ORIENTED_EDGE('',*,*,#5202,.F.);
#8976=ORIENTED_EDGE('',*,*,#6378,.T.);
#8977=ORIENTED_EDGE('',*,*,#5455,.F.);
#8978=ORIENTED_EDGE('',*,*,#6303,.F.);
#8979=ORIENTED_EDGE('',*,*,#5198,.F.);
#8980=ORIENTED_EDGE('',*,*,#5413,.T.);
#8981=ORIENTED_EDGE('',*,*,#5472,.T.);
#8982=ORIENTED_EDGE('',*,*,#5462,.T.);
#8983=ORIENTED_EDGE('',*,*,#6372,.F.);
#8984=ORIENTED_EDGE('',*,*,#6419,.F.);
#8985=ORIENTED_EDGE('',*,*,#6420,.T.);
#8986=ORIENTED_EDGE('',*,*,#5206,.F.);
#8987=ORIENTED_EDGE('',*,*,#6376,.T.);
#8988=ORIENTED_EDGE('',*,*,#5451,.F.);
#8989=ORIENTED_EDGE('',*,*,#5443,.T.);
#8990=ORIENTED_EDGE('',*,*,#5445,.T.);
#8991=ORIENTED_EDGE('',*,*,#5447,.T.);
#8992=ORIENTED_EDGE('',*,*,#6421,.T.);
#8993=ORIENTED_EDGE('',*,*,#6422,.F.);
#8994=ORIENTED_EDGE('',*,*,#5207,.F.);
#8995=ORIENTED_EDGE('',*,*,#6420,.F.);
#8996=ORIENTED_EDGE('',*,*,#6423,.T.);
#8997=ORIENTED_EDGE('',*,*,#6424,.T.);
#8998=ORIENTED_EDGE('',*,*,#6425,.T.);
#8999=ORIENTED_EDGE('',*,*,#6424,.F.);
#9000=ORIENTED_EDGE('',*,*,#6426,.T.);
#9001=ORIENTED_EDGE('',*,*,#6427,.T.);
#9002=ORIENTED_EDGE('',*,*,#6428,.T.);
#9003=ORIENTED_EDGE('',*,*,#6427,.F.);
#9004=ORIENTED_EDGE('',*,*,#6429,.T.);
#9005=ORIENTED_EDGE('',*,*,#6430,.T.);
#9006=ORIENTED_EDGE('',*,*,#6430,.F.);
#9007=ORIENTED_EDGE('',*,*,#6431,.T.);
#9008=ORIENTED_EDGE('',*,*,#6432,.T.);
#9009=ORIENTED_EDGE('',*,*,#6433,.T.);
#9010=ORIENTED_EDGE('',*,*,#6434,.T.);
#9011=ORIENTED_EDGE('',*,*,#6432,.F.);
#9012=ORIENTED_EDGE('',*,*,#6435,.T.);
#9013=ORIENTED_EDGE('',*,*,#6436,.T.);
#9014=ORIENTED_EDGE('',*,*,#6437,.T.);
#9015=ORIENTED_EDGE('',*,*,#6436,.F.);
#9016=ORIENTED_EDGE('',*,*,#6438,.T.);
#9017=ORIENTED_EDGE('',*,*,#6439,.T.);
#9018=ORIENTED_EDGE('',*,*,#6440,.T.);
#9019=ORIENTED_EDGE('',*,*,#6439,.F.);
#9020=ORIENTED_EDGE('',*,*,#6441,.T.);
#9021=ORIENTED_EDGE('',*,*,#6442,.T.);
#9022=ORIENTED_EDGE('',*,*,#6443,.T.);
#9023=ORIENTED_EDGE('',*,*,#6444,.F.);
#9024=ORIENTED_EDGE('',*,*,#6445,.T.);
#9025=ORIENTED_EDGE('',*,*,#6380,.T.);
#9026=ORIENTED_EDGE('',*,*,#6442,.F.);
#9027=ORIENTED_EDGE('',*,*,#6446,.T.);
#9028=ORIENTED_EDGE('',*,*,#6444,.T.);
#9029=ORIENTED_EDGE('',*,*,#6447,.T.);
#9030=ORIENTED_EDGE('',*,*,#6448,.T.);
#9031=ORIENTED_EDGE('',*,*,#6373,.F.);
#9032=ORIENTED_EDGE('',*,*,#5208,.F.);
#9033=ORIENTED_EDGE('',*,*,#6422,.T.);
#9034=ORIENTED_EDGE('',*,*,#6425,.F.);
#9035=ORIENTED_EDGE('',*,*,#6428,.F.);
#9036=ORIENTED_EDGE('',*,*,#6433,.F.);
#9037=ORIENTED_EDGE('',*,*,#6434,.F.);
#9038=ORIENTED_EDGE('',*,*,#6437,.F.);
#9039=ORIENTED_EDGE('',*,*,#6440,.F.);
#9040=ORIENTED_EDGE('',*,*,#6447,.F.);
#9041=ORIENTED_EDGE('',*,*,#6443,.F.);
#9042=ORIENTED_EDGE('',*,*,#6379,.F.);
#9043=ORIENTED_EDGE('',*,*,#6383,.F.);
#9044=ORIENTED_EDGE('',*,*,#6388,.F.);
#9045=ORIENTED_EDGE('',*,*,#6389,.F.);
#9046=ORIENTED_EDGE('',*,*,#6392,.F.);
#9047=ORIENTED_EDGE('',*,*,#6395,.F.);
#9048=ORIENTED_EDGE('',*,*,#6400,.F.);
#9049=ORIENTED_EDGE('',*,*,#6401,.F.);
#9050=ORIENTED_EDGE('',*,*,#6404,.F.);
#9051=ORIENTED_EDGE('',*,*,#6407,.F.);
#9052=ORIENTED_EDGE('',*,*,#6412,.F.);
#9053=ORIENTED_EDGE('',*,*,#6413,.F.);
#9054=ORIENTED_EDGE('',*,*,#6416,.F.);
#9055=ORIENTED_EDGE('',*,*,#6449,.F.);
#9056=ORIENTED_EDGE('',*,*,#6450,.F.);
#9057=ORIENTED_EDGE('',*,*,#6374,.F.);
#9058=ORIENTED_EDGE('',*,*,#6448,.F.);
#9059=ORIENTED_EDGE('',*,*,#6421,.F.);
#9060=ORIENTED_EDGE('',*,*,#6451,.T.);
#9061=ORIENTED_EDGE('',*,*,#6452,.T.);
#9062=ORIENTED_EDGE('',*,*,#6453,.T.);
#9063=ORIENTED_EDGE('',*,*,#6426,.F.);
#9064=ORIENTED_EDGE('',*,*,#6423,.F.);
#9065=ORIENTED_EDGE('',*,*,#6419,.T.);
#9066=ORIENTED_EDGE('',*,*,#6371,.F.);
#9067=ORIENTED_EDGE('',*,*,#6454,.F.);
#9068=ORIENTED_EDGE('',*,*,#6455,.F.);
#9069=ORIENTED_EDGE('',*,*,#6417,.F.);
#9070=ORIENTED_EDGE('',*,*,#6414,.F.);
#9071=ORIENTED_EDGE('',*,*,#6410,.F.);
#9072=ORIENTED_EDGE('',*,*,#6408,.F.);
#9073=ORIENTED_EDGE('',*,*,#6405,.F.);
#9074=ORIENTED_EDGE('',*,*,#6402,.F.);
#9075=ORIENTED_EDGE('',*,*,#6398,.F.);
#9076=ORIENTED_EDGE('',*,*,#6396,.F.);
#9077=ORIENTED_EDGE('',*,*,#6393,.F.);
#9078=ORIENTED_EDGE('',*,*,#6390,.F.);
#9079=ORIENTED_EDGE('',*,*,#6386,.F.);
#9080=ORIENTED_EDGE('',*,*,#6384,.F.);
#9081=ORIENTED_EDGE('',*,*,#6381,.F.);
#9082=ORIENTED_EDGE('',*,*,#6445,.F.);
#9083=ORIENTED_EDGE('',*,*,#6446,.F.);
#9084=ORIENTED_EDGE('',*,*,#6441,.F.);
#9085=ORIENTED_EDGE('',*,*,#6438,.F.);
#9086=ORIENTED_EDGE('',*,*,#6435,.F.);
#9087=ORIENTED_EDGE('',*,*,#6431,.F.);
#9088=ORIENTED_EDGE('',*,*,#6429,.F.);
#9089=ORIENTED_EDGE('',*,*,#6456,.T.);
#9090=ORIENTED_EDGE('',*,*,#6457,.T.);
#9091=ORIENTED_EDGE('',*,*,#6458,.T.);
#9092=ORIENTED_EDGE('',*,*,#5940,.T.);
#9093=ORIENTED_EDGE('',*,*,#6459,.T.);
#9094=ORIENTED_EDGE('',*,*,#5464,.F.);
#9095=ORIENTED_EDGE('',*,*,#5159,.F.);
#9096=ORIENTED_EDGE('',*,*,#5936,.T.);
#9097=ORIENTED_EDGE('',*,*,#5943,.F.);
#9098=ORIENTED_EDGE('',*,*,#5468,.F.);
#9099=ORIENTED_EDGE('',*,*,#6460,.F.);
#9100=ORIENTED_EDGE('',*,*,#5937,.T.);
#9101=ORIENTED_EDGE('',*,*,#6460,.T.);
#9102=ORIENTED_EDGE('',*,*,#5467,.F.);
#9103=ORIENTED_EDGE('',*,*,#6461,.F.);
#9104=ORIENTED_EDGE('',*,*,#5938,.T.);
#9105=ORIENTED_EDGE('',*,*,#6461,.T.);
#9106=ORIENTED_EDGE('',*,*,#5466,.F.);
#9107=ORIENTED_EDGE('',*,*,#6462,.F.);
#9108=ORIENTED_EDGE('',*,*,#5939,.T.);
#9109=ORIENTED_EDGE('',*,*,#6462,.T.);
#9110=ORIENTED_EDGE('',*,*,#5465,.F.);
#9111=ORIENTED_EDGE('',*,*,#6459,.F.);
#9112=ORIENTED_EDGE('',*,*,#6458,.F.);
#9113=ORIENTED_EDGE('',*,*,#6463,.T.);
#9114=ORIENTED_EDGE('',*,*,#5967,.T.);
#9115=ORIENTED_EDGE('',*,*,#6463,.F.);
#9116=ORIENTED_EDGE('',*,*,#6457,.F.);
#9117=ORIENTED_EDGE('',*,*,#6464,.T.);
#9118=ORIENTED_EDGE('',*,*,#5966,.T.);
#9119=ORIENTED_EDGE('',*,*,#6464,.F.);
#9120=ORIENTED_EDGE('',*,*,#6456,.F.);
#9121=ORIENTED_EDGE('',*,*,#6465,.T.);
#9122=ORIENTED_EDGE('',*,*,#5965,.T.);
#9123=ORIENTED_EDGE('',*,*,#6465,.F.);
#9124=ORIENTED_EDGE('',*,*,#6453,.F.);
#9125=ORIENTED_EDGE('',*,*,#6466,.T.);
#9126=ORIENTED_EDGE('',*,*,#5964,.T.);
#9127=ORIENTED_EDGE('',*,*,#6466,.F.);
#9128=ORIENTED_EDGE('',*,*,#6452,.F.);
#9129=ORIENTED_EDGE('',*,*,#6467,.T.);
#9130=ORIENTED_EDGE('',*,*,#5963,.T.);
#9131=ORIENTED_EDGE('',*,*,#6467,.F.);
#9132=ORIENTED_EDGE('',*,*,#6451,.F.);
#9133=ORIENTED_EDGE('',*,*,#6468,.T.);
#9134=ORIENTED_EDGE('',*,*,#5962,.T.);
#9135=ORIENTED_EDGE('',*,*,#6468,.F.);
#9136=ORIENTED_EDGE('',*,*,#5161,.F.);
#9137=ORIENTED_EDGE('',*,*,#6469,.T.);
#9138=ORIENTED_EDGE('',*,*,#6375,.T.);
#9139=ORIENTED_EDGE('',*,*,#6450,.T.);
#9140=ORIENTED_EDGE('',*,*,#6470,.F.);
#9141=ORIENTED_EDGE('',*,*,#6454,.T.);
#9142=ORIENTED_EDGE('',*,*,#6370,.T.);
#9143=ORIENTED_EDGE('',*,*,#6469,.F.);
#9144=ORIENTED_EDGE('',*,*,#6470,.T.);
#9145=ORIENTED_EDGE('',*,*,#6449,.T.);
#9146=ORIENTED_EDGE('',*,*,#6418,.F.);
#9147=ORIENTED_EDGE('',*,*,#6455,.T.);
#9148=ORIENTED_EDGE('',*,*,#5376,.T.);
#9149=ORIENTED_EDGE('',*,*,#6471,.T.);
#9150=ORIENTED_EDGE('',*,*,#6471,.F.);
#9151=ORIENTED_EDGE('',*,*,#6472,.T.);
#9152=ORIENTED_EDGE('',*,*,#5961,.T.);
#9153=ORIENTED_EDGE('',*,*,#6472,.F.);
#9154=ORIENTED_EDGE('',*,*,#5372,.T.);
#9155=ORIENTED_EDGE('',*,*,#6473,.T.);
#9156=ORIENTED_EDGE('',*,*,#6473,.F.);
#9157=ORIENTED_EDGE('',*,*,#6474,.T.);
#9158=ORIENTED_EDGE('',*,*,#5958,.T.);
#9159=ORIENTED_EDGE('',*,*,#6474,.F.);
#9160=ORIENTED_EDGE('',*,*,#5381,.T.);
#9161=ORIENTED_EDGE('',*,*,#6475,.T.);
#9162=ORIENTED_EDGE('',*,*,#6475,.F.);
#9163=ORIENTED_EDGE('',*,*,#6476,.T.);
#9164=ORIENTED_EDGE('',*,*,#5956,.F.);
#9165=ORIENTED_EDGE('',*,*,#6476,.F.);
#9166=ORIENTED_EDGE('',*,*,#5899,.T.);
#9167=ORIENTED_EDGE('',*,*,#5348,.F.);
#9168=ORIENTED_EDGE('',*,*,#5345,.F.);
#9169=ORIENTED_EDGE('',*,*,#5365,.F.);
#9170=ORIENTED_EDGE('',*,*,#5349,.F.);
#9171=ORIENTED_EDGE('',*,*,#6477,.T.);
#9172=ORIENTED_EDGE('',*,*,#5368,.F.);
#9173=ORIENTED_EDGE('',*,*,#6477,.F.);
#9174=ORIENTED_EDGE('',*,*,#5955,.T.);
#9175=ORIENTED_EDGE('',*,*,#5954,.F.);
#9176=ORIENTED_EDGE('',*,*,#6478,.T.);
#9177=ORIENTED_EDGE('',*,*,#5886,.T.);
#9178=ORIENTED_EDGE('',*,*,#5475,.F.);
#9179=ORIENTED_EDGE('',*,*,#5212,.F.);
#9180=ORIENTED_EDGE('',*,*,#5953,.T.);
#9181=ORIENTED_EDGE('',*,*,#5946,.T.);
#9182=ORIENTED_EDGE('',*,*,#5887,.F.);
#9183=ORIENTED_EDGE('',*,*,#6478,.F.);
#9184=ORIENTED_EDGE('',*,*,#5594,.T.);
#9185=ORIENTED_EDGE('',*,*,#6479,.T.);
#9186=ORIENTED_EDGE('',*,*,#5362,.F.);
#9187=ORIENTED_EDGE('',*,*,#6479,.F.);
#9188=ORIENTED_EDGE('',*,*,#5355,.F.);
#9189=ORIENTED_EDGE('',*,*,#6480,.T.);
#9190=ORIENTED_EDGE('',*,*,#5895,.F.);
#9191=ORIENTED_EDGE('',*,*,#6481,.F.);
#9192=ORIENTED_EDGE('',*,*,#5356,.T.);
#9193=ORIENTED_EDGE('',*,*,#6481,.T.);
#9194=ORIENTED_EDGE('',*,*,#5894,.F.);
#9195=ORIENTED_EDGE('',*,*,#6482,.F.);
#9196=ORIENTED_EDGE('',*,*,#5357,.F.);
#9197=ORIENTED_EDGE('',*,*,#6482,.T.);
#9198=ORIENTED_EDGE('',*,*,#5893,.F.);
#9199=ORIENTED_EDGE('',*,*,#5897,.F.);
#9200=ORIENTED_EDGE('',*,*,#5701,.F.);
#9201=ORIENTED_EDGE('',*,*,#5896,.F.);
#9202=ORIENTED_EDGE('',*,*,#6480,.F.);
#9203=ORIENTED_EDGE('',*,*,#5354,.F.);
#9204=ORIENTED_EDGE('',*,*,#5978,.F.);
#9205=ORIENTED_EDGE('',*,*,#6483,.F.);
#9206=ORIENTED_EDGE('',*,*,#6484,.T.);
#9207=ORIENTED_EDGE('',*,*,#5957,.F.);
#9208=ORIENTED_EDGE('',*,*,#6484,.F.);
#9209=ORIENTED_EDGE('',*,*,#5378,.T.);
#9210=ORIENTED_EDGE('',*,*,#6483,.T.);
#9211=ORIENTED_EDGE('',*,*,#6485,.F.);
#9212=ORIENTED_EDGE('',*,*,#6486,.T.);
#9213=ORIENTED_EDGE('',*,*,#5960,.T.);
#9214=ORIENTED_EDGE('',*,*,#6486,.F.);
#9215=ORIENTED_EDGE('',*,*,#5370,.T.);
#9216=ORIENTED_EDGE('',*,*,#6485,.T.);
#9217=ORIENTED_EDGE('',*,*,#6487,.F.);
#9218=ORIENTED_EDGE('',*,*,#6488,.T.);
#9219=ORIENTED_EDGE('',*,*,#5959,.T.);
#9220=ORIENTED_EDGE('',*,*,#6488,.F.);
#9221=ORIENTED_EDGE('',*,*,#5374,.T.);
#9222=ORIENTED_EDGE('',*,*,#6487,.T.);
#9223=B_SPLINE_SURFACE_WITH_KNOTS('',3,3,((#13540,#13541,#13542,#13543),
(#13544,#13545,#13546,#13547),(#13548,#13549,#13550,#13551),(#13552,#13553,
#13554,#13555),(#13556,#13557,#13558,#13559),(#13560,#13561,#13562,#13563),
(#13564,#13565,#13566,#13567)),.UNSPECIFIED.,.F.,.F.,.F.,(4,1,1,1,4),(4,
4),(0.,0.285714285714286,0.571428571428571,0.857142857142857,1.),(0.,2.),
 .UNSPECIFIED.);
#9224=B_SPLINE_SURFACE_WITH_KNOTS('',3,3,((#13786,#13787,#13788,#13789),
(#13790,#13791,#13792,#13793),(#13794,#13795,#13796,#13797),(#13798,#13799,
#13800,#13801),(#13802,#13803,#13804,#13805),(#13806,#13807,#13808,#13809),
(#13810,#13811,#13812,#13813)),.UNSPECIFIED.,.F.,.F.,.F.,(4,1,1,1,4),(4,
4),(0.,0.285714285714286,0.571428571428571,0.857142857142857,1.),(-9.,-7.),
 .UNSPECIFIED.);
#9225=B_SPLINE_SURFACE_WITH_KNOTS('',3,3,((#13847,#13848,#13849,#13850),
(#13851,#13852,#13853,#13854),(#13855,#13856,#13857,#13858),(#13859,#13860,
#13861,#13862),(#13863,#13864,#13865,#13866),(#13867,#13868,#13869,#13870),
(#13871,#13872,#13873,#13874)),.UNSPECIFIED.,.F.,.F.,.F.,(4,1,1,1,4),(4,
4),(0.,0.285714285714286,0.571428571428571,0.714285714285714,1.),(4.35053992039934,
9.),.UNSPECIFIED.);
#9226=B_SPLINE_SURFACE_WITH_KNOTS('',3,3,((#15597,#15598,#15599,#15600,
#15601),(#15602,#15603,#15604,#15605,#15606),(#15607,#15608,#15609,#15610,
#15611),(#15612,#15613,#15614,#15615,#15616),(#15617,#15618,#15619,#15620,
#15621)),.UNSPECIFIED.,.F.,.F.,.F.,(4,1,4),(4,1,4),(0.,0.5,1.),(-2.22044604925031E-16,
0.547277908827049,1.27698178726312),.UNSPECIFIED.);
#9227=B_SPLINE_SURFACE_WITH_KNOTS('',3,3,((#15627,#15628,#15629,#15630),
(#15631,#15632,#15633,#15634),(#15635,#15636,#15637,#15638),(#15639,#15640,
#15641,#15642),(#15643,#15644,#15645,#15646)),.UNSPECIFIED.,.F.,.F.,.F.,
(4,1,4),(4,4),(0.,0.5,1.),(1.27698178726311,1.28507123087581),
 .UNSPECIFIED.);
#9228=B_SPLINE_SURFACE_WITH_KNOTS('',3,3,((#15684,#15685,#15686,#15687,
#15688,#15689),(#15690,#15691,#15692,#15693,#15694,#15695),(#15696,#15697,
#15698,#15699,#15700,#15701),(#15702,#15703,#15704,#15705,#15706,#15707),
(#15708,#15709,#15710,#15711,#15712,#15713)),.UNSPECIFIED.,.F.,.F.,.F.,
(4,1,4),(4,1,1,4),(0.,0.5,1.),(-1.28507123087581,-0.734326417643322,-0.367163208821661,
0.),.UNSPECIFIED.);
#9229=ADVANCED_FACE('',(#2992),#9223,.T.);
#9230=ADVANCED_FACE('',(#2993),#2656,.T.);
#9231=ADVANCED_FACE('',(#2994,#223,#224,#225,#226),#2657,.T.);
#9232=ADVANCED_FACE('',(#2995),#9224,.T.);
#9233=ADVANCED_FACE('',(#2996,#227,#228,#229),#2658,.T.);
#9234=ADVANCED_FACE('',(#2997),#9225,.T.);
#9235=ADVANCED_FACE('',(#2998,#230),#2659,.T.);
#9236=ADVANCED_FACE('',(#2999),#199,.T.);
#9237=ADVANCED_FACE('',(#3000,#231,#232,#233),#2660,.T.);
#9238=ADVANCED_FACE('',(#3001),#2661,.T.);
#9239=ADVANCED_FACE('',(#3002),#2662,.T.);
#9240=ADVANCED_FACE('',(#3003),#2663,.T.);
#9241=ADVANCED_FACE('',(#3004,#234,#235,#236,#237,#238,#239,#240,#241,#242,
#243,#244,#245,#246,#247,#248,#249,#250,#251,#252,#253,#254,#255,#256,#257,
#258,#259,#260,#261,#262,#263,#264,#265,#266,#267),#2664,.T.);
#9242=ADVANCED_FACE('',(#3005),#15,.T.);
#9243=ADVANCED_FACE('',(#3006,#268),#2665,.F.);
#9244=ADVANCED_FACE('',(#3007,#269),#2666,.T.);
#9245=ADVANCED_FACE('',(#3008),#2667,.F.);
#9246=ADVANCED_FACE('',(#3009,#270),#2668,.T.);
#9247=ADVANCED_FACE('',(#3010),#200,.T.);
#9248=ADVANCED_FACE('',(#3011),#201,.T.);
#9249=ADVANCED_FACE('',(#3012),#202,.T.);
#9250=ADVANCED_FACE('',(#3013),#203,.T.);
#9251=ADVANCED_FACE('',(#3014),#204,.T.);
#9252=ADVANCED_FACE('',(#3015),#205,.T.);
#9253=ADVANCED_FACE('',(#3016),#206,.F.);
#9254=ADVANCED_FACE('',(#3017),#16,.F.);
#9255=ADVANCED_FACE('',(#3018),#207,.F.);
#9256=ADVANCED_FACE('',(#3019),#17,.F.);
#9257=ADVANCED_FACE('',(#3020),#208,.F.);
#9258=ADVANCED_FACE('',(#3021),#18,.F.);
#9259=ADVANCED_FACE('',(#3022),#209,.F.);
#9260=ADVANCED_FACE('',(#3023),#19,.F.);
#9261=ADVANCED_FACE('',(#3024),#2669,.T.);
#9262=ADVANCED_FACE('',(#3025),#2670,.T.);
#9263=ADVANCED_FACE('',(#3026),#2671,.T.);
#9264=ADVANCED_FACE('',(#3027),#2672,.T.);
#9265=ADVANCED_FACE('',(#3028),#2673,.T.);
#9266=ADVANCED_FACE('',(#3029,#271),#2674,.T.);
#9267=ADVANCED_FACE('',(#3030),#20,.F.);
#9268=ADVANCED_FACE('',(#3031,#272),#2675,.T.);
#9269=ADVANCED_FACE('',(#3032),#21,.F.);
#9270=ADVANCED_FACE('',(#3033,#273),#2676,.T.);
#9271=ADVANCED_FACE('',(#3034),#22,.F.);
#9272=ADVANCED_FACE('',(#3035,#274),#2677,.T.);
#9273=ADVANCED_FACE('',(#3036),#23,.F.);
#9274=ADVANCED_FACE('',(#3037),#24,.F.);
#9275=ADVANCED_FACE('',(#3038),#25,.F.);
#9276=ADVANCED_FACE('',(#3039),#26,.F.);
#9277=ADVANCED_FACE('',(#3040,#275),#2678,.T.);
#9278=ADVANCED_FACE('',(#3041),#27,.F.);
#9279=ADVANCED_FACE('',(#3042,#276),#2679,.T.);
#9280=ADVANCED_FACE('',(#3043),#28,.F.);
#9281=ADVANCED_FACE('',(#3044,#277),#2680,.T.);
#9282=ADVANCED_FACE('',(#3045),#29,.F.);
#9283=ADVANCED_FACE('',(#3046),#30,.F.);
#9284=ADVANCED_FACE('',(#3047),#31,.F.);
#9285=ADVANCED_FACE('',(#3048),#2681,.T.);
#9286=ADVANCED_FACE('',(#3049),#2682,.T.);
#9287=ADVANCED_FACE('',(#3050),#2683,.T.);
#9288=ADVANCED_FACE('',(#3051),#2684,.F.);
#9289=ADVANCED_FACE('',(#3052),#2685,.T.);
#9290=ADVANCED_FACE('',(#3053,#278,#279,#280),#2686,.T.);
#9291=ADVANCED_FACE('',(#3054),#2687,.T.);
#9292=ADVANCED_FACE('',(#3055),#2688,.T.);
#9293=ADVANCED_FACE('',(#3056),#32,.F.);
#9294=ADVANCED_FACE('',(#3057),#2689,.T.);
#9295=ADVANCED_FACE('',(#3058),#33,.F.);
#9296=ADVANCED_FACE('',(#3059),#2690,.T.);
#9297=ADVANCED_FACE('',(#3060),#34,.F.);
#9298=ADVANCED_FACE('',(#3061),#2691,.T.);
#9299=ADVANCED_FACE('',(#3062),#35,.F.);
#9300=ADVANCED_FACE('',(#3063),#2692,.T.);
#9301=ADVANCED_FACE('',(#3064),#36,.F.);
#9302=ADVANCED_FACE('',(#3065),#2693,.T.);
#9303=ADVANCED_FACE('',(#3066),#37,.F.);
#9304=ADVANCED_FACE('',(#3067),#2694,.T.);
#9305=ADVANCED_FACE('',(#3068),#38,.F.);
#9306=ADVANCED_FACE('',(#3069),#2695,.T.);
#9307=ADVANCED_FACE('',(#3070),#39,.F.);
#9308=ADVANCED_FACE('',(#3071),#2696,.T.);
#9309=ADVANCED_FACE('',(#3072),#40,.F.);
#9310=ADVANCED_FACE('',(#3073),#2697,.T.);
#9311=ADVANCED_FACE('',(#3074),#41,.F.);
#9312=ADVANCED_FACE('',(#3075),#2698,.T.);
#9313=ADVANCED_FACE('',(#3076),#42,.F.);
#9314=ADVANCED_FACE('',(#3077),#2699,.T.);
#9315=ADVANCED_FACE('',(#3078),#43,.F.);
#9316=ADVANCED_FACE('',(#3079),#2700,.T.);
#9317=ADVANCED_FACE('',(#3080),#44,.F.);
#9318=ADVANCED_FACE('',(#3081),#2701,.T.);
#9319=ADVANCED_FACE('',(#3082),#45,.F.);
#9320=ADVANCED_FACE('',(#3083),#2702,.T.);
#9321=ADVANCED_FACE('',(#3084),#46,.F.);
#9322=ADVANCED_FACE('',(#3085),#2703,.T.);
#9323=ADVANCED_FACE('',(#3086),#47,.F.);
#9324=ADVANCED_FACE('',(#3087),#2704,.T.);
#9325=ADVANCED_FACE('',(#3088),#48,.F.);
#9326=ADVANCED_FACE('',(#3089),#2705,.T.);
#9327=ADVANCED_FACE('',(#3090),#49,.F.);
#9328=ADVANCED_FACE('',(#3091),#2706,.T.);
#9329=ADVANCED_FACE('',(#3092),#50,.F.);
#9330=ADVANCED_FACE('',(#3093),#2707,.T.);
#9331=ADVANCED_FACE('',(#3094),#51,.F.);
#9332=ADVANCED_FACE('',(#3095,#281),#2708,.T.);
#9333=ADVANCED_FACE('',(#3096),#52,.F.);
#9334=ADVANCED_FACE('',(#3097,#282),#2709,.T.);
#9335=ADVANCED_FACE('',(#3098),#53,.F.);
#9336=ADVANCED_FACE('',(#3099,#283),#2710,.T.);
#9337=ADVANCED_FACE('',(#3100),#54,.F.);
#9338=ADVANCED_FACE('',(#3101,#284),#2711,.T.);
#9339=ADVANCED_FACE('',(#3102),#55,.F.);
#9340=ADVANCED_FACE('',(#3103,#285),#2712,.T.);
#9341=ADVANCED_FACE('',(#3104),#56,.F.);
#9342=ADVANCED_FACE('',(#3105,#286),#2713,.T.);
#9343=ADVANCED_FACE('',(#3106),#57,.F.);
#9344=ADVANCED_FACE('',(#3107,#287),#2714,.T.);
#9345=ADVANCED_FACE('',(#3108),#58,.F.);
#9346=ADVANCED_FACE('',(#3109,#288),#2715,.T.);
#9347=ADVANCED_FACE('',(#3110),#59,.F.);
#9348=ADVANCED_FACE('',(#3111,#289),#2716,.T.);
#9349=ADVANCED_FACE('',(#3112),#60,.F.);
#9350=ADVANCED_FACE('',(#3113,#290),#2717,.T.);
#9351=ADVANCED_FACE('',(#3114),#61,.F.);
#9352=ADVANCED_FACE('',(#3115,#291),#2718,.T.);
#9353=ADVANCED_FACE('',(#3116),#62,.F.);
#9354=ADVANCED_FACE('',(#3117,#292),#2719,.T.);
#9355=ADVANCED_FACE('',(#3118),#63,.F.);
#9356=ADVANCED_FACE('',(#3119,#293),#2720,.T.);
#9357=ADVANCED_FACE('',(#3120),#64,.F.);
#9358=ADVANCED_FACE('',(#3121,#294),#2721,.T.);
#9359=ADVANCED_FACE('',(#3122),#65,.F.);
#9360=ADVANCED_FACE('',(#3123,#295),#2722,.T.);
#9361=ADVANCED_FACE('',(#3124),#66,.F.);
#9362=ADVANCED_FACE('',(#3125,#296),#2723,.T.);
#9363=ADVANCED_FACE('',(#3126),#67,.F.);
#9364=ADVANCED_FACE('',(#3127,#297),#2724,.T.);
#9365=ADVANCED_FACE('',(#3128),#68,.F.);
#9366=ADVANCED_FACE('',(#3129,#298),#2725,.T.);
#9367=ADVANCED_FACE('',(#3130),#69,.F.);
#9368=ADVANCED_FACE('',(#3131,#299),#2726,.T.);
#9369=ADVANCED_FACE('',(#3132),#2727,.F.);
#9370=ADVANCED_FACE('',(#3133),#70,.F.);
#9371=ADVANCED_FACE('',(#3134),#2728,.T.);
#9372=ADVANCED_FACE('',(#3135),#71,.F.);
#9373=ADVANCED_FACE('',(#3136),#2729,.T.);
#9374=ADVANCED_FACE('',(#3137),#72,.F.);
#9375=ADVANCED_FACE('',(#3138,#300),#2730,.T.);
#9376=ADVANCED_FACE('',(#3139),#73,.F.);
#9377=ADVANCED_FACE('',(#3140,#301),#2731,.T.);
#9378=ADVANCED_FACE('',(#3141),#2732,.F.);
#9379=ADVANCED_FACE('',(#3142,#302),#2733,.F.);
#9380=ADVANCED_FACE('',(#3143,#303),#2734,.F.);
#9381=ADVANCED_FACE('',(#3144),#2735,.F.);
#9382=ADVANCED_FACE('',(#3145),#2736,.F.);
#9383=ADVANCED_FACE('',(#3146),#2737,.F.);
#9384=ADVANCED_FACE('',(#3147),#2738,.F.);
#9385=ADVANCED_FACE('',(#3148),#2739,.F.);
#9386=ADVANCED_FACE('',(#3149),#2740,.F.);
#9387=ADVANCED_FACE('',(#3150),#2741,.F.);
#9388=ADVANCED_FACE('',(#3151),#2742,.F.);
#9389=ADVANCED_FACE('',(#3152),#2743,.F.);
#9390=ADVANCED_FACE('',(#3153),#2744,.F.);
#9391=ADVANCED_FACE('',(#3154),#210,.T.);
#9392=ADVANCED_FACE('',(#3155),#211,.F.);
#9393=ADVANCED_FACE('',(#3156),#74,.F.);
#9394=ADVANCED_FACE('',(#3157),#212,.F.);
#9395=ADVANCED_FACE('',(#3158),#213,.T.);
#9396=ADVANCED_FACE('',(#3159),#75,.T.);
#9397=ADVANCED_FACE('',(#3160),#2745,.F.);
#9398=ADVANCED_FACE('',(#3161),#2746,.F.);
#9399=ADVANCED_FACE('',(#3162),#2747,.F.);
#9400=ADVANCED_FACE('',(#3163),#2748,.F.);
#9401=ADVANCED_FACE('',(#3164),#2749,.F.);
#9402=ADVANCED_FACE('',(#3165),#2750,.F.);
#9403=ADVANCED_FACE('',(#3166),#214,.T.);
#9404=ADVANCED_FACE('',(#3167),#215,.F.);
#9405=ADVANCED_FACE('',(#3168),#76,.F.);
#9406=ADVANCED_FACE('',(#3169),#216,.F.);
#9407=ADVANCED_FACE('',(#3170),#217,.T.);
#9408=ADVANCED_FACE('',(#3171),#77,.T.);
#9409=ADVANCED_FACE('',(#3172),#2751,.F.);
#9410=ADVANCED_FACE('',(#3173),#2752,.F.);
#9411=ADVANCED_FACE('',(#3174),#2753,.F.);
#9412=ADVANCED_FACE('',(#3175),#2754,.F.);
#9413=ADVANCED_FACE('',(#3176),#2755,.F.);
#9414=ADVANCED_FACE('',(#3177),#2756,.F.);
#9415=ADVANCED_FACE('',(#3178),#2757,.F.);
#9416=ADVANCED_FACE('',(#3179,#304,#305,#306,#307,#308,#309,#310,#311,#312,
#313,#314,#315,#316,#317,#318,#319,#320,#321,#322,#323,#324),#2758,.T.);
#9417=ADVANCED_FACE('',(#3180),#2759,.F.);
#9418=ADVANCED_FACE('',(#3181),#2760,.F.);
#9419=ADVANCED_FACE('',(#3182),#2761,.F.);
#9420=ADVANCED_FACE('',(#3183),#78,.T.);
#9421=ADVANCED_FACE('',(#3184),#79,.F.);
#9422=ADVANCED_FACE('',(#3185),#2762,.F.);
#9423=ADVANCED_FACE('',(#3186),#2763,.F.);
#9424=ADVANCED_FACE('',(#3187),#80,.T.);
#9425=ADVANCED_FACE('',(#3188),#81,.F.);
#9426=ADVANCED_FACE('',(#3189),#2764,.F.);
#9427=ADVANCED_FACE('',(#3190),#2765,.F.);
#9428=ADVANCED_FACE('',(#3191),#2766,.F.);
#9429=ADVANCED_FACE('',(#3192),#2767,.F.);
#9430=ADVANCED_FACE('',(#3193),#2768,.F.);
#9431=ADVANCED_FACE('',(#3194),#2769,.F.);
#9432=ADVANCED_FACE('',(#3195),#2770,.F.);
#9433=ADVANCED_FACE('',(#3196),#218,.T.);
#9434=ADVANCED_FACE('',(#3197),#2771,.F.);
#9435=ADVANCED_FACE('',(#3198),#219,.F.);
#9436=ADVANCED_FACE('',(#3199),#82,.F.);
#9437=ADVANCED_FACE('',(#3200),#220,.F.);
#9438=ADVANCED_FACE('',(#3201),#221,.T.);
#9439=ADVANCED_FACE('',(#3202),#2772,.F.);
#9440=ADVANCED_FACE('',(#3203),#2773,.F.);
#9441=ADVANCED_FACE('',(#3204),#2774,.F.);
#9442=ADVANCED_FACE('',(#3205),#2775,.F.);
#9443=ADVANCED_FACE('',(#3206),#2776,.F.);
#9444=ADVANCED_FACE('',(#3207),#83,.F.);
#9445=ADVANCED_FACE('',(#3208,#325),#2777,.T.);
#9446=ADVANCED_FACE('',(#3209),#84,.F.);
#9447=ADVANCED_FACE('',(#3210,#326),#2778,.T.);
#9448=ADVANCED_FACE('',(#3211),#85,.F.);
#9449=ADVANCED_FACE('',(#3212),#2779,.T.);
#9450=ADVANCED_FACE('',(#3213),#86,.F.);
#9451=ADVANCED_FACE('',(#3214),#2780,.T.);
#9452=ADVANCED_FACE('',(#3215),#2781,.F.);
#9453=ADVANCED_FACE('',(#3216),#87,.F.);
#9454=ADVANCED_FACE('',(#3217,#327),#2782,.T.);
#9455=ADVANCED_FACE('',(#3218),#88,.F.);
#9456=ADVANCED_FACE('',(#3219,#328),#2783,.F.);
#9457=ADVANCED_FACE('',(#3220),#89,.F.);
#9458=ADVANCED_FACE('',(#3221),#90,.F.);
#9459=ADVANCED_FACE('',(#3222),#2784,.T.);
#9460=ADVANCED_FACE('',(#3223),#2785,.T.);
#9461=ADVANCED_FACE('',(#3224),#2786,.T.);
#9462=ADVANCED_FACE('',(#3225),#91,.T.);
#9463=ADVANCED_FACE('',(#3226),#92,.T.);
#9464=ADVANCED_FACE('',(#3227),#2787,.T.);
#9465=ADVANCED_FACE('',(#3228),#93,.T.);
#9466=ADVANCED_FACE('',(#3229),#2788,.T.);
#9467=ADVANCED_FACE('',(#3230),#94,.T.);
#9468=ADVANCED_FACE('',(#3231),#2789,.T.);
#9469=ADVANCED_FACE('',(#3232),#2790,.T.);
#9470=ADVANCED_FACE('',(#3233),#2791,.T.);
#9471=ADVANCED_FACE('',(#3234,#329,#330),#2792,.F.);
#9472=ADVANCED_FACE('',(#3235),#2793,.F.);
#9473=ADVANCED_FACE('',(#3236),#2794,.F.);
#9474=ADVANCED_FACE('',(#3237),#2795,.F.);
#9475=ADVANCED_FACE('',(#3238),#2796,.F.);
#9476=ADVANCED_FACE('',(#3239),#95,.F.);
#9477=ADVANCED_FACE('',(#3240),#2797,.T.);
#9478=ADVANCED_FACE('',(#3241),#96,.F.);
#9479=ADVANCED_FACE('',(#3242),#2798,.T.);
#9480=ADVANCED_FACE('',(#3243),#97,.F.);
#9481=ADVANCED_FACE('',(#3244),#2799,.F.);
#9482=ADVANCED_FACE('',(#3245),#2800,.F.);
#9483=ADVANCED_FACE('',(#3246),#2801,.F.);
#9484=ADVANCED_FACE('',(#3247),#2802,.F.);
#9485=ADVANCED_FACE('',(#3248),#2803,.F.);
#9486=ADVANCED_FACE('',(#3249,#331,#332,#333),#2804,.T.);
#9487=ADVANCED_FACE('',(#3250),#2805,.F.);
#9488=ADVANCED_FACE('',(#3251),#98,.F.);
#9489=ADVANCED_FACE('',(#3252),#2806,.F.);
#9490=ADVANCED_FACE('',(#3253),#99,.F.);
#9491=ADVANCED_FACE('',(#3254),#2807,.T.);
#9492=ADVANCED_FACE('',(#3255),#2808,.T.);
#9493=ADVANCED_FACE('',(#3256),#2809,.F.);
#9494=ADVANCED_FACE('',(#3257),#2810,.T.);
#9495=ADVANCED_FACE('',(#3258,#334),#2811,.F.);
#9496=ADVANCED_FACE('',(#3259),#2812,.F.);
#9497=ADVANCED_FACE('',(#3260),#2813,.F.);
#9498=ADVANCED_FACE('',(#3261),#2814,.T.);
#9499=ADVANCED_FACE('',(#3262),#2815,.F.);
#9500=ADVANCED_FACE('',(#3263),#100,.T.);
#9501=ADVANCED_FACE('',(#3264),#2816,.F.);
#9502=ADVANCED_FACE('',(#3265),#101,.T.);
#9503=ADVANCED_FACE('',(#3266),#2817,.F.);
#9504=ADVANCED_FACE('',(#3267),#2818,.F.);
#9505=ADVANCED_FACE('',(#3268),#102,.T.);
#9506=ADVANCED_FACE('',(#3269),#103,.F.);
#9507=ADVANCED_FACE('',(#3270),#2819,.F.);
#9508=ADVANCED_FACE('',(#3271),#2820,.F.);
#9509=ADVANCED_FACE('',(#3272),#104,.T.);
#9510=ADVANCED_FACE('',(#3273),#105,.F.);
#9511=ADVANCED_FACE('',(#3274),#2821,.F.);
#9512=ADVANCED_FACE('',(#3275),#2822,.F.);
#9513=ADVANCED_FACE('',(#3276),#2823,.F.);
#9514=ADVANCED_FACE('',(#3277),#2824,.F.);
#9515=ADVANCED_FACE('',(#3278),#2825,.T.);
#9516=ADVANCED_FACE('',(#3279),#2826,.F.);
#9517=ADVANCED_FACE('',(#3280),#2827,.F.);
#9518=ADVANCED_FACE('',(#3281),#2828,.F.);
#9519=ADVANCED_FACE('',(#3282),#2829,.F.);
#9520=ADVANCED_FACE('',(#3283),#2830,.F.);
#9521=ADVANCED_FACE('',(#3284),#106,.F.);
#9522=ADVANCED_FACE('',(#3285),#2831,.T.);
#9523=ADVANCED_FACE('',(#3286),#2832,.T.);
#9524=ADVANCED_FACE('',(#3287),#2833,.T.);
#9525=ADVANCED_FACE('',(#3288),#2834,.T.);
#9526=ADVANCED_FACE('',(#3289),#2835,.T.);
#9527=ADVANCED_FACE('',(#3290),#2836,.T.);
#9528=ADVANCED_FACE('',(#3291),#2837,.T.);
#9529=ADVANCED_FACE('',(#3292),#2838,.T.);
#9530=ADVANCED_FACE('',(#3293),#2839,.T.);
#9531=ADVANCED_FACE('',(#3294),#2840,.T.);
#9532=ADVANCED_FACE('',(#3295),#2841,.T.);
#9533=ADVANCED_FACE('',(#3296),#2842,.T.);
#9534=ADVANCED_FACE('',(#3297),#9226,.T.);
#9535=ADVANCED_FACE('',(#3298),#9227,.T.);
#9536=ADVANCED_FACE('',(#3299),#2843,.T.);
#9537=ADVANCED_FACE('',(#3300),#9228,.T.);
#9538=ADVANCED_FACE('',(#3301),#107,.T.);
#9539=ADVANCED_FACE('',(#3302),#108,.T.);
#9540=ADVANCED_FACE('',(#3303),#2844,.T.);
#9541=ADVANCED_FACE('',(#3304),#2845,.T.);
#9542=ADVANCED_FACE('',(#3305),#2846,.T.);
#9543=ADVANCED_FACE('',(#3306),#109,.T.);
#9544=ADVANCED_FACE('',(#3307),#2847,.T.);
#9545=ADVANCED_FACE('',(#3308),#110,.T.);
#9546=ADVANCED_FACE('',(#3309),#2848,.F.);
#9547=ADVANCED_FACE('',(#3310),#111,.T.);
#9548=ADVANCED_FACE('',(#3311),#2849,.T.);
#9549=ADVANCED_FACE('',(#3312),#112,.T.);
#9550=ADVANCED_FACE('',(#3313),#2850,.F.);
#9551=ADVANCED_FACE('',(#3314),#2851,.T.);
#9552=ADVANCED_FACE('',(#3315),#113,.T.);
#9553=ADVANCED_FACE('',(#3316),#114,.F.);
#9554=ADVANCED_FACE('',(#3317),#2852,.T.);
#9555=ADVANCED_FACE('',(#3318),#2853,.T.);
#9556=ADVANCED_FACE('',(#3319),#115,.T.);
#9557=ADVANCED_FACE('',(#3320),#116,.F.);
#9558=ADVANCED_FACE('',(#3321),#2854,.T.);
#9559=ADVANCED_FACE('',(#3322),#2855,.T.);
#9560=ADVANCED_FACE('',(#3323),#2856,.T.);
#9561=ADVANCED_FACE('',(#3324),#2857,.F.);
#9562=ADVANCED_FACE('',(#3325),#117,.T.);
#9563=ADVANCED_FACE('',(#3326),#118,.F.);
#9564=ADVANCED_FACE('',(#3327),#2858,.F.);
#9565=ADVANCED_FACE('',(#3328),#2859,.F.);
#9566=ADVANCED_FACE('',(#3329),#119,.T.);
#9567=ADVANCED_FACE('',(#3330),#120,.F.);
#9568=ADVANCED_FACE('',(#3331),#2860,.F.);
#9569=ADVANCED_FACE('',(#3332),#2861,.F.);
#9570=ADVANCED_FACE('',(#3333),#2862,.F.);
#9571=ADVANCED_FACE('',(#3334),#121,.T.);
#9572=ADVANCED_FACE('',(#3335),#2863,.F.);
#9573=ADVANCED_FACE('',(#3336),#122,.T.);
#9574=ADVANCED_FACE('',(#3337),#2864,.F.);
#9575=ADVANCED_FACE('',(#3338),#123,.T.);
#9576=ADVANCED_FACE('',(#3339),#2865,.F.);
#9577=ADVANCED_FACE('',(#3340),#124,.T.);
#9578=ADVANCED_FACE('',(#3341),#2866,.T.);
#9579=ADVANCED_FACE('',(#3342),#125,.T.);
#9580=ADVANCED_FACE('',(#3343),#2867,.T.);
#9581=ADVANCED_FACE('',(#3344),#126,.T.);
#9582=ADVANCED_FACE('',(#3345),#2868,.F.);
#9583=ADVANCED_FACE('',(#3346),#2869,.F.);
#9584=ADVANCED_FACE('',(#3347),#2870,.F.);
#9585=ADVANCED_FACE('',(#3348),#2871,.F.);
#9586=ADVANCED_FACE('',(#3349),#2872,.F.);
#9587=ADVANCED_FACE('',(#3350),#2873,.F.);
#9588=ADVANCED_FACE('',(#3351),#2874,.F.);
#9589=ADVANCED_FACE('',(#3352),#127,.T.);
#9590=ADVANCED_FACE('',(#3353),#128,.F.);
#9591=ADVANCED_FACE('',(#3354),#2875,.F.);
#9592=ADVANCED_FACE('',(#3355),#2876,.F.);
#9593=ADVANCED_FACE('',(#3356),#129,.T.);
#9594=ADVANCED_FACE('',(#3357),#130,.F.);
#9595=ADVANCED_FACE('',(#3358),#2877,.F.);
#9596=ADVANCED_FACE('',(#3359),#2878,.F.);
#9597=ADVANCED_FACE('',(#3360),#2879,.F.);
#9598=ADVANCED_FACE('',(#3361),#2880,.T.);
#9599=ADVANCED_FACE('',(#3362),#131,.F.);
#9600=ADVANCED_FACE('',(#3363),#132,.T.);
#9601=ADVANCED_FACE('',(#3364),#2881,.T.);
#9602=ADVANCED_FACE('',(#3365),#2882,.T.);
#9603=ADVANCED_FACE('',(#3366),#133,.F.);
#9604=ADVANCED_FACE('',(#3367),#134,.T.);
#9605=ADVANCED_FACE('',(#3368),#2883,.T.);
#9606=ADVANCED_FACE('',(#3369),#2884,.T.);
#9607=ADVANCED_FACE('',(#3370),#2885,.T.);
#9608=ADVANCED_FACE('',(#3371),#2886,.F.);
#9609=ADVANCED_FACE('',(#3372),#135,.F.);
#9610=ADVANCED_FACE('',(#3373),#136,.T.);
#9611=ADVANCED_FACE('',(#3374),#2887,.F.);
#9612=ADVANCED_FACE('',(#3375),#2888,.F.);
#9613=ADVANCED_FACE('',(#3376),#137,.F.);
#9614=ADVANCED_FACE('',(#3377),#138,.T.);
#9615=ADVANCED_FACE('',(#3378),#2889,.F.);
#9616=ADVANCED_FACE('',(#3379),#2890,.F.);
#9617=ADVANCED_FACE('',(#3380),#2891,.F.);
#9618=ADVANCED_FACE('',(#3381),#139,.T.);
#9619=ADVANCED_FACE('',(#3382),#2892,.T.);
#9620=ADVANCED_FACE('',(#3383),#140,.T.);
#9621=ADVANCED_FACE('',(#3384),#2893,.T.);
#9622=ADVANCED_FACE('',(#3385),#141,.T.);
#9623=ADVANCED_FACE('',(#3386),#2894,.F.);
#9624=ADVANCED_FACE('',(#3387),#142,.T.);
#9625=ADVANCED_FACE('',(#3388),#2895,.F.);
#9626=ADVANCED_FACE('',(#3389),#2896,.T.);
#9627=ADVANCED_FACE('',(#3390),#143,.F.);
#9628=ADVANCED_FACE('',(#3391),#144,.T.);
#9629=ADVANCED_FACE('',(#3392),#2897,.T.);
#9630=ADVANCED_FACE('',(#3393),#2898,.T.);
#9631=ADVANCED_FACE('',(#3394),#145,.F.);
#9632=ADVANCED_FACE('',(#3395),#146,.T.);
#9633=ADVANCED_FACE('',(#3396),#2899,.T.);
#9634=ADVANCED_FACE('',(#3397),#2900,.T.);
#9635=ADVANCED_FACE('',(#3398),#2901,.T.);
#9636=ADVANCED_FACE('',(#3399),#2902,.F.);
#9637=ADVANCED_FACE('',(#3400),#147,.F.);
#9638=ADVANCED_FACE('',(#3401),#148,.T.);
#9639=ADVANCED_FACE('',(#3402),#2903,.F.);
#9640=ADVANCED_FACE('',(#3403),#2904,.F.);
#9641=ADVANCED_FACE('',(#3404),#149,.F.);
#9642=ADVANCED_FACE('',(#3405),#150,.T.);
#9643=ADVANCED_FACE('',(#3406),#2905,.F.);
#9644=ADVANCED_FACE('',(#3407),#2906,.F.);
#9645=ADVANCED_FACE('',(#3408),#2907,.F.);
#9646=ADVANCED_FACE('',(#3409),#151,.T.);
#9647=ADVANCED_FACE('',(#3410),#2908,.F.);
#9648=ADVANCED_FACE('',(#3411),#152,.T.);
#9649=ADVANCED_FACE('',(#3412),#2909,.F.);
#9650=ADVANCED_FACE('',(#3413),#2910,.F.);
#9651=ADVANCED_FACE('',(#3414),#153,.T.);
#9652=ADVANCED_FACE('',(#3415),#154,.F.);
#9653=ADVANCED_FACE('',(#3416),#2911,.F.);
#9654=ADVANCED_FACE('',(#3417),#2912,.F.);
#9655=ADVANCED_FACE('',(#3418),#155,.T.);
#9656=ADVANCED_FACE('',(#3419),#156,.F.);
#9657=ADVANCED_FACE('',(#3420),#2913,.F.);
#9658=ADVANCED_FACE('',(#3421),#2914,.F.);
#9659=ADVANCED_FACE('',(#3422),#2915,.F.);
#9660=ADVANCED_FACE('',(#3423),#2916,.F.);
#9661=ADVANCED_FACE('',(#3424),#2917,.F.);
#9662=ADVANCED_FACE('',(#3425),#2918,.F.);
#9663=ADVANCED_FACE('',(#3426),#2919,.F.);
#9664=ADVANCED_FACE('',(#3427),#2920,.F.);
#9665=ADVANCED_FACE('',(#3428),#2921,.F.);
#9666=ADVANCED_FACE('',(#3429),#2922,.F.);
#9667=ADVANCED_FACE('',(#3430),#2923,.F.);
#9668=ADVANCED_FACE('',(#3431),#2924,.F.);
#9669=ADVANCED_FACE('',(#3432),#2925,.T.);
#9670=ADVANCED_FACE('',(#3433),#2926,.F.);
#9671=ADVANCED_FACE('',(#3434),#2927,.F.);
#9672=ADVANCED_FACE('',(#3435),#2928,.T.);
#9673=ADVANCED_FACE('',(#3436),#2929,.F.);
#9674=ADVANCED_FACE('',(#3437),#2930,.T.);
#9675=ADVANCED_FACE('',(#3438),#2931,.F.);
#9676=ADVANCED_FACE('',(#3439),#2932,.T.);
#9677=ADVANCED_FACE('',(#3440),#2933,.F.);
#9678=ADVANCED_FACE('',(#3441),#2934,.F.);
#9679=ADVANCED_FACE('',(#3442),#2935,.F.);
#9680=ADVANCED_FACE('',(#3443),#2936,.F.);
#9681=ADVANCED_FACE('',(#3444),#2937,.F.);
#9682=ADVANCED_FACE('',(#3445),#2938,.T.);
#9683=ADVANCED_FACE('',(#3446),#2939,.F.);
#9684=ADVANCED_FACE('',(#3447),#2940,.F.);
#9685=ADVANCED_FACE('',(#3448),#2941,.T.);
#9686=ADVANCED_FACE('',(#3449,#335),#2942,.T.);
#9687=ADVANCED_FACE('',(#3450,#336),#2943,.T.);
#9688=ADVANCED_FACE('',(#3451),#2944,.T.);
#9689=ADVANCED_FACE('',(#3452,#337),#2945,.T.);
#9690=ADVANCED_FACE('',(#3453),#2946,.T.);
#9691=ADVANCED_FACE('',(#3454,#338),#2947,.T.);
#9692=ADVANCED_FACE('',(#3455),#157,.T.);
#9693=ADVANCED_FACE('',(#3456),#2948,.F.);
#9694=ADVANCED_FACE('',(#3457),#158,.F.);
#9695=ADVANCED_FACE('',(#3458),#2949,.F.);
#9696=ADVANCED_FACE('',(#3459),#2950,.F.);
#9697=ADVANCED_FACE('',(#3460),#2951,.F.);
#9698=ADVANCED_FACE('',(#3461),#159,.T.);
#9699=ADVANCED_FACE('',(#3462),#160,.F.);
#9700=ADVANCED_FACE('',(#3463),#161,.T.);
#9701=ADVANCED_FACE('',(#3464),#2952,.T.);
#9702=ADVANCED_FACE('',(#3465),#162,.F.);
#9703=ADVANCED_FACE('',(#3466),#2953,.T.);
#9704=ADVANCED_FACE('',(#3467),#2954,.T.);
#9705=ADVANCED_FACE('',(#3468),#2955,.T.);
#9706=ADVANCED_FACE('',(#3469),#163,.T.);
#9707=ADVANCED_FACE('',(#3470),#164,.F.);
#9708=ADVANCED_FACE('',(#3471),#2956,.T.);
#9709=ADVANCED_FACE('',(#3472),#2957,.T.);
#9710=ADVANCED_FACE('',(#3473),#2958,.T.);
#9711=ADVANCED_FACE('',(#3474),#2959,.T.);
#9712=ADVANCED_FACE('',(#3475),#2960,.T.);
#9713=ADVANCED_FACE('',(#3476),#165,.F.);
#9714=ADVANCED_FACE('',(#3477),#2961,.F.);
#9715=ADVANCED_FACE('',(#3478),#166,.F.);
#9716=ADVANCED_FACE('',(#3479),#2962,.F.);
#9717=ADVANCED_FACE('',(#3480),#167,.F.);
#9718=ADVANCED_FACE('',(#3481),#2963,.F.);
#9719=ADVANCED_FACE('',(#3482),#168,.F.);
#9720=ADVANCED_FACE('',(#3483),#2964,.F.);
#9721=ADVANCED_FACE('',(#3484),#169,.F.);
#9722=ADVANCED_FACE('',(#3485),#2965,.F.);
#9723=ADVANCED_FACE('',(#3486),#170,.F.);
#9724=ADVANCED_FACE('',(#3487),#2966,.F.);
#9725=ADVANCED_FACE('',(#3488),#171,.F.);
#9726=ADVANCED_FACE('',(#3489,#339,#340,#341),#2967,.T.);
#9727=ADVANCED_FACE('',(#3490),#2968,.T.);
#9728=ADVANCED_FACE('',(#3491),#172,.F.);
#9729=ADVANCED_FACE('',(#3492),#2969,.F.);
#9730=ADVANCED_FACE('',(#3493),#173,.F.);
#9731=ADVANCED_FACE('',(#3494),#2970,.F.);
#9732=ADVANCED_FACE('',(#3495),#174,.F.);
#9733=ADVANCED_FACE('',(#3496),#2971,.F.);
#9734=ADVANCED_FACE('',(#3497),#2972,.F.);
#9735=ADVANCED_FACE('',(#3498),#175,.F.);
#9736=ADVANCED_FACE('',(#3499),#2973,.T.);
#9737=ADVANCED_FACE('',(#3500,#342,#343,#344),#2974,.F.);
#9738=ADVANCED_FACE('',(#3501,#345,#346,#347),#2975,.F.);
#9739=ADVANCED_FACE('',(#3502),#2976,.F.);
#9740=ADVANCED_FACE('',(#3503),#2977,.F.);
#9741=ADVANCED_FACE('',(#3504),#2978,.F.);
#9742=ADVANCED_FACE('',(#3505),#2979,.F.);
#9743=ADVANCED_FACE('',(#3506),#2980,.F.);
#9744=ADVANCED_FACE('',(#3507),#176,.F.);
#9745=ADVANCED_FACE('',(#3508),#177,.F.);
#9746=ADVANCED_FACE('',(#3509),#178,.F.);
#9747=ADVANCED_FACE('',(#3510),#179,.F.);
#9748=ADVANCED_FACE('',(#3511),#180,.F.);
#9749=ADVANCED_FACE('',(#3512),#181,.F.);
#9750=ADVANCED_FACE('',(#3513),#182,.F.);
#9751=ADVANCED_FACE('',(#3514),#222,.F.);
#9752=ADVANCED_FACE('',(#3515,#348),#2981,.T.);
#9753=ADVANCED_FACE('',(#3516),#183,.F.);
#9754=ADVANCED_FACE('',(#3517,#349),#2982,.T.);
#9755=ADVANCED_FACE('',(#3518),#184,.F.);
#9756=ADVANCED_FACE('',(#3519,#350),#2983,.T.);
#9757=ADVANCED_FACE('',(#3520),#185,.F.);
#9758=ADVANCED_FACE('',(#3521),#2984,.T.);
#9759=ADVANCED_FACE('',(#3522),#186,.F.);
#9760=ADVANCED_FACE('',(#3523),#2985,.T.);
#9761=ADVANCED_FACE('',(#3524),#2986,.F.);
#9762=ADVANCED_FACE('',(#3525),#187,.F.);
#9763=ADVANCED_FACE('',(#3526),#188,.T.);
#9764=ADVANCED_FACE('',(#3527),#2987,.T.);
#9765=ADVANCED_FACE('',(#3528),#189,.T.);
#9766=ADVANCED_FACE('',(#3529),#2988,.T.);
#9767=ADVANCED_FACE('',(#3530),#190,.F.);
#9768=ADVANCED_FACE('',(#3531,#351),#2989,.T.);
#9769=ADVANCED_FACE('',(#3532),#191,.F.);
#9770=ADVANCED_FACE('',(#3533,#352),#2990,.T.);
#9771=ADVANCED_FACE('',(#3534),#192,.F.);
#9772=ADVANCED_FACE('',(#3535,#353),#2991,.T.);
#9773=CLOSED_SHELL('',(#9229,#9230,#9231,#9232,#9233,#9234,#9235,#9236,
#9237,#9238,#9239,#9240,#9241,#9242,#9243,#9244,#9245,#9246,#9247,#9248,
#9249,#9250,#9251,#9252,#9253,#9254,#9255,#9256,#9257,#9258,#9259,#9260,
#9261,#9262,#9263,#9264,#9265,#9266,#9267,#9268,#9269,#9270,#9271,#9272,
#9273,#9274,#9275,#9276,#9277,#9278,#9279,#9280,#9281,#9282,#9283,#9284,
#9285,#9286,#9287,#9288,#9289,#9290,#9291,#9292,#9293,#9294,#9295,#9296,
#9297,#9298,#9299,#9300,#9301,#9302,#9303,#9304,#9305,#9306,#9307,#9308,
#9309,#9310,#9311,#9312,#9313,#9314,#9315,#9316,#9317,#9318,#9319,#9320,
#9321,#9322,#9323,#9324,#9325,#9326,#9327,#9328,#9329,#9330,#9331,#9332,
#9333,#9334,#9335,#9336,#9337,#9338,#9339,#9340,#9341,#9342,#9343,#9344,
#9345,#9346,#9347,#9348,#9349,#9350,#9351,#9352,#9353,#9354,#9355,#9356,
#9357,#9358,#9359,#9360,#9361,#9362,#9363,#9364,#9365,#9366,#9367,#9368,
#9369,#9370,#9371,#9372,#9373,#9374,#9375,#9376,#9377,#9378,#9379,#9380,
#9381,#9382,#9383,#9384,#9385,#9386,#9387,#9388,#9389,#9390,#9391,#9392,
#9393,#9394,#9395,#9396,#9397,#9398,#9399,#9400,#9401,#9402,#9403,#9404,
#9405,#9406,#9407,#9408,#9409,#9410,#9411,#9412,#9413,#9414,#9415,#9416,
#9417,#9418,#9419,#9420,#9421,#9422,#9423,#9424,#9425,#9426,#9427,#9428,
#9429,#9430,#9431,#9432,#9433,#9434,#9435,#9436,#9437,#9438,#9439,#9440,
#9441,#9442,#9443,#9444,#9445,#9446,#9447,#9448,#9449,#9450,#9451,#9452,
#9453,#9454,#9455,#9456,#9457,#9458,#9459,#9460,#9461,#9462,#9463,#9464,
#9465,#9466,#9467,#9468,#9469,#9470,#9471,#9472,#9473,#9474,#9475,#9476,
#9477,#9478,#9479,#9480,#9481,#9482,#9483,#9484,#9485,#9486,#9487,#9488,
#9489,#9490,#9491,#9492,#9493,#9494,#9495,#9496,#9497,#9498,#9499,#9500,
#9501,#9502,#9503,#9504,#9505,#9506,#9507,#9508,#9509,#9510,#9511,#9512,
#9513,#9514,#9515,#9516,#9517,#9518,#9519,#9520,#9521,#9522,#9523,#9524,
#9525,#9526,#9527,#9528,#9529,#9530,#9531,#9532,#9533,#9534,#9535,#9536,
#9537,#9538,#9539,#9540,#9541,#9542,#9543,#9544,#9545,#9546,#9547,#9548,
#9549,#9550,#9551,#9552,#9553,#9554,#9555,#9556,#9557,#9558,#9559,#9560,
#9561,#9562,#9563,#9564,#9565,#9566,#9567,#9568,#9569,#9570,#9571,#9572,
#9573,#9574,#9575,#9576,#9577,#9578,#9579,#9580,#9581,#9582,#9583,#9584,
#9585,#9586,#9587,#9588,#9589,#9590,#9591,#9592,#9593,#9594,#9595,#9596,
#9597,#9598,#9599,#9600,#9601,#9602,#9603,#9604,#9605,#9606,#9607,#9608,
#9609,#9610,#9611,#9612,#9613,#9614,#9615,#9616,#9617,#9618,#9619,#9620,
#9621,#9622,#9623,#9624,#9625,#9626,#9627,#9628,#9629,#9630,#9631,#9632,
#9633,#9634,#9635,#9636,#9637,#9638,#9639,#9640,#9641,#9642,#9643,#9644,
#9645,#9646,#9647,#9648,#9649,#9650,#9651,#9652,#9653,#9654,#9655,#9656,
#9657,#9658,#9659,#9660,#9661,#9662,#9663,#9664,#9665,#9666,#9667,#9668,
#9669,#9670,#9671,#9672,#9673,#9674,#9675,#9676,#9677,#9678,#9679,#9680,
#9681,#9682,#9683,#9684,#9685,#9686,#9687,#9688,#9689,#9690,#9691,#9692,
#9693,#9694,#9695,#9696,#9697,#9698,#9699,#9700,#9701,#9702,#9703,#9704,
#9705,#9706,#9707,#9708,#9709,#9710,#9711,#9712,#9713,#9714,#9715,#9716,
#9717,#9718,#9719,#9720,#9721,#9722,#9723,#9724,#9725,#9726,#9727,#9728,
#9729,#9730,#9731,#9732,#9733,#9734,#9735,#9736,#9737,#9738,#9739,#9740,
#9741,#9742,#9743,#9744,#9745,#9746,#9747,#9748,#9749,#9750,#9751,#9752,
#9753,#9754,#9755,#9756,#9757,#9758,#9759,#9760,#9761,#9762,#9763,#9764,
#9765,#9766,#9767,#9768,#9769,#9770,#9771,#9772));
#9774=DERIVED_UNIT_ELEMENT(#9776,1.);
#9775=DERIVED_UNIT_ELEMENT(#16794,-3.);
#9776=(
MASS_UNIT()
NAMED_UNIT(*)
SI_UNIT(.KILO.,.GRAM.)
);
#9777=DERIVED_UNIT((#9774,#9775));
#9778=MEASURE_REPRESENTATION_ITEM('density measure',
POSITIVE_RATIO_MEASURE(7850.),#9777);
#9779=PROPERTY_DEFINITION_REPRESENTATION(#9784,#9781);
#9780=PROPERTY_DEFINITION_REPRESENTATION(#9785,#9782);
#9781=REPRESENTATION('material name',(#9783),#16791);
#9782=REPRESENTATION('density',(#9778),#16791);
#9783=DESCRIPTIVE_REPRESENTATION_ITEM('Steel','Steel');
#9784=PROPERTY_DEFINITION('material property','material name',#16801);
#9785=PROPERTY_DEFINITION('material property','density of part',#16801);
#9786=AXIS2_PLACEMENT_3D('',#13539,#10719,#10720);
#9787=AXIS2_PLACEMENT_3D('',#13664,#10721,#10722);
#9788=AXIS2_PLACEMENT_3D('',#13673,#10725,#10726);
#9789=AXIS2_PLACEMENT_3D('',#13677,#10728,#10729);
#9790=AXIS2_PLACEMENT_3D('',#13779,#10732,#10733);
#9791=AXIS2_PLACEMENT_3D('',#13781,#10734,#10735);
#9792=AXIS2_PLACEMENT_3D('',#13783,#10736,#10737);
#9793=AXIS2_PLACEMENT_3D('',#13785,#10738,#10739);
#9794=AXIS2_PLACEMENT_3D('',#13818,#10740,#10741);
#9795=AXIS2_PLACEMENT_3D('',#13842,#10751,#10752);
#9796=AXIS2_PLACEMENT_3D('',#13844,#10753,#10754);
#9797=AXIS2_PLACEMENT_3D('',#13846,#10755,#10756);
#9798=AXIS2_PLACEMENT_3D('',#13879,#10757,#10758);
#9799=AXIS2_PLACEMENT_3D('',#13889,#10763,#10764);
#9800=AXIS2_PLACEMENT_3D('',#13896,#10768,#10769);
#9801=AXIS2_PLACEMENT_3D('',#13897,#10770,#10771);
#9802=AXIS2_PLACEMENT_3D('',#13899,#10773,#10774);
#9803=AXIS2_PLACEMENT_3D('',#13920,#10785,#10786);
#9804=AXIS2_PLACEMENT_3D('',#13922,#10787,#10788);
#9805=AXIS2_PLACEMENT_3D('',#13924,#10789,#10790);
#9806=AXIS2_PLACEMENT_3D('',#13925,#10791,#10792);
#9807=AXIS2_PLACEMENT_3D('',#13934,#10797,#10798);
#9808=AXIS2_PLACEMENT_3D('',#13940,#10802,#10803);
#9809=AXIS2_PLACEMENT_3D('',#13949,#10808,#10809);
#9810=AXIS2_PLACEMENT_3D('',#14021,#10842,#10843);
#9811=AXIS2_PLACEMENT_3D('',#14023,#10844,#10845);
#9812=AXIS2_PLACEMENT_3D('',#14241,#10954,#10955);
#9813=AXIS2_PLACEMENT_3D('',#14243,#10956,#10957);
#9814=AXIS2_PLACEMENT_3D('',#14245,#10958,#10959);
#9815=AXIS2_PLACEMENT_3D('',#14247,#10960,#10961);
#9816=AXIS2_PLACEMENT_3D('',#14250,#10962,#10963);
#9817=AXIS2_PLACEMENT_3D('',#14259,#10968,#10969);
#9818=AXIS2_PLACEMENT_3D('',#14261,#10970,#10971);
#9819=AXIS2_PLACEMENT_3D('',#14263,#10972,#10973);
#9820=AXIS2_PLACEMENT_3D('',#14265,#10974,#10975);
#9821=AXIS2_PLACEMENT_3D('',#14266,#10976,#10977);
#9822=AXIS2_PLACEMENT_3D('',#14268,#10978,#10979);
#9823=AXIS2_PLACEMENT_3D('',#14271,#10981,#10982);
#9824=AXIS2_PLACEMENT_3D('',#14272,#10983,#10984);
#9825=AXIS2_PLACEMENT_3D('',#14277,#10987,#10988);
#9826=AXIS2_PLACEMENT_3D('',#14278,#10989,#10990);
#9827=AXIS2_PLACEMENT_3D('',#14290,#10996,#10997);
#9828=AXIS2_PLACEMENT_3D('',#14294,#10999,#11000);
#9829=AXIS2_PLACEMENT_3D('',#14303,#11005,#11006);
#9830=AXIS2_PLACEMENT_3D('',#14304,#11007,#11008);
#9831=AXIS2_PLACEMENT_3D('',#14306,#11010,#11011);
#9832=AXIS2_PLACEMENT_3D('',#14315,#11016,#11017);
#9833=AXIS2_PLACEMENT_3D('',#14316,#11018,#11019);
#9834=AXIS2_PLACEMENT_3D('',#14319,#11021,#11022);
#9835=AXIS2_PLACEMENT_3D('',#14320,#11023,#11024);
#9836=AXIS2_PLACEMENT_3D('',#14323,#11026,#11027);
#9837=AXIS2_PLACEMENT_3D('',#14324,#11028,#11029);
#9838=AXIS2_PLACEMENT_3D('',#14327,#11031,#11032);
#9839=AXIS2_PLACEMENT_3D('',#14328,#11033,#11034);
#9840=AXIS2_PLACEMENT_3D('',#14331,#11036,#11037);
#9841=AXIS2_PLACEMENT_3D('',#14332,#11038,#11039);
#9842=AXIS2_PLACEMENT_3D('',#14335,#11041,#11042);
#9843=AXIS2_PLACEMENT_3D('',#14336,#11043,#11044);
#9844=AXIS2_PLACEMENT_3D('',#14343,#11046,#11047);
#9845=AXIS2_PLACEMENT_3D('',#14347,#11048,#11049);
#9846=AXIS2_PLACEMENT_3D('',#14350,#11051,#11052);
#9847=AXIS2_PLACEMENT_3D('',#14351,#11053,#11054);
#9848=AXIS2_PLACEMENT_3D('',#14353,#11056,#11057);
#9849=AXIS2_PLACEMENT_3D('',#14356,#11059,#11060);
#9850=AXIS2_PLACEMENT_3D('',#14357,#11061,#11062);
#9851=AXIS2_PLACEMENT_3D('',#14359,#11064,#11065);
#9852=AXIS2_PLACEMENT_3D('',#14362,#11067,#11068);
#9853=AXIS2_PLACEMENT_3D('',#14363,#11069,#11070);
#9854=AXIS2_PLACEMENT_3D('',#14365,#11072,#11073);
#9855=AXIS2_PLACEMENT_3D('',#14368,#11075,#11076);
#9856=AXIS2_PLACEMENT_3D('',#14369,#11077,#11078);
#9857=AXIS2_PLACEMENT_3D('',#14371,#11080,#11081);
#9858=AXIS2_PLACEMENT_3D('',#14380,#11086,#11087);
#9859=AXIS2_PLACEMENT_3D('',#14386,#11091,#11092);
#9860=AXIS2_PLACEMENT_3D('',#14389,#11095,#11096);
#9861=AXIS2_PLACEMENT_3D('',#14395,#11100,#11101);
#9862=AXIS2_PLACEMENT_3D('',#14399,#11104,#11105);
#9863=AXIS2_PLACEMENT_3D('',#14414,#11114,#11115);
#9864=AXIS2_PLACEMENT_3D('',#14415,#11116,#11117);
#9865=AXIS2_PLACEMENT_3D('',#14418,#11119,#11120);
#9866=AXIS2_PLACEMENT_3D('',#14419,#11121,#11122);
#9867=AXIS2_PLACEMENT_3D('',#14421,#11123,#11124);
#9868=AXIS2_PLACEMENT_3D('',#14422,#11125,#11126);
#9869=AXIS2_PLACEMENT_3D('',#14425,#11128,#11129);
#9870=AXIS2_PLACEMENT_3D('',#14426,#11130,#11131);
#9871=AXIS2_PLACEMENT_3D('',#14428,#11132,#11133);
#9872=AXIS2_PLACEMENT_3D('',#14429,#11134,#11135);
#9873=AXIS2_PLACEMENT_3D('',#14432,#11137,#11138);
#9874=AXIS2_PLACEMENT_3D('',#14433,#11139,#11140);
#9875=AXIS2_PLACEMENT_3D('',#14435,#11141,#11142);
#9876=AXIS2_PLACEMENT_3D('',#14436,#11143,#11144);
#9877=AXIS2_PLACEMENT_3D('',#14439,#11146,#11147);
#9878=AXIS2_PLACEMENT_3D('',#14440,#11148,#11149);
#9879=AXIS2_PLACEMENT_3D('',#14443,#11151,#11152);
#9880=AXIS2_PLACEMENT_3D('',#14444,#11153,#11154);
#9881=AXIS2_PLACEMENT_3D('',#14447,#11156,#11157);
#9882=AXIS2_PLACEMENT_3D('',#14448,#11158,#11159);
#9883=AXIS2_PLACEMENT_3D('',#14451,#11161,#11162);
#9884=AXIS2_PLACEMENT_3D('',#14452,#11163,#11164);
#9885=AXIS2_PLACEMENT_3D('',#14454,#11165,#11166);
#9886=AXIS2_PLACEMENT_3D('',#14455,#11167,#11168);
#9887=AXIS2_PLACEMENT_3D('',#14458,#11170,#11171);
#9888=AXIS2_PLACEMENT_3D('',#14459,#11172,#11173);
#9889=AXIS2_PLACEMENT_3D('',#14461,#11174,#11175);
#9890=AXIS2_PLACEMENT_3D('',#14462,#11176,#11177);
#9891=AXIS2_PLACEMENT_3D('',#14465,#11179,#11180);
#9892=AXIS2_PLACEMENT_3D('',#14466,#11181,#11182);
#9893=AXIS2_PLACEMENT_3D('',#14468,#11183,#11184);
#9894=AXIS2_PLACEMENT_3D('',#14469,#11185,#11186);
#9895=AXIS2_PLACEMENT_3D('',#14472,#11188,#11189);
#9896=AXIS2_PLACEMENT_3D('',#14473,#11190,#11191);
#9897=AXIS2_PLACEMENT_3D('',#14476,#11193,#11194);
#9898=AXIS2_PLACEMENT_3D('',#14477,#11195,#11196);
#9899=AXIS2_PLACEMENT_3D('',#14480,#11198,#11199);
#9900=AXIS2_PLACEMENT_3D('',#14481,#11200,#11201);
#9901=AXIS2_PLACEMENT_3D('',#14490,#11206,#11207);
#9902=AXIS2_PLACEMENT_3D('',#14499,#11212,#11213);
#9903=AXIS2_PLACEMENT_3D('',#14510,#11220,#11221);
#9904=AXIS2_PLACEMENT_3D('',#14530,#11232,#11233);
#9905=AXIS2_PLACEMENT_3D('',#14535,#11237,#11238);
#9906=AXIS2_PLACEMENT_3D('',#14539,#11241,#11242);
#9907=AXIS2_PLACEMENT_3D('',#14542,#11245,#11246);
#9908=AXIS2_PLACEMENT_3D('',#14544,#11248,#11249);
#9909=AXIS2_PLACEMENT_3D('',#14546,#11250,#11251);
#9910=AXIS2_PLACEMENT_3D('',#14549,#11253,#11254);
#9911=AXIS2_PLACEMENT_3D('',#14550,#11255,#11256);
#9912=AXIS2_PLACEMENT_3D('',#14551,#11257,#11258);
#9913=AXIS2_PLACEMENT_3D('',#14553,#11259,#11260);
#9914=AXIS2_PLACEMENT_3D('',#14556,#11262,#11263);
#9915=AXIS2_PLACEMENT_3D('',#14557,#11264,#11265);
#9916=AXIS2_PLACEMENT_3D('',#14558,#11266,#11267);
#9917=AXIS2_PLACEMENT_3D('',#14560,#11268,#11269);
#9918=AXIS2_PLACEMENT_3D('',#14563,#11271,#11272);
#9919=AXIS2_PLACEMENT_3D('',#14564,#11273,#11274);
#9920=AXIS2_PLACEMENT_3D('',#14565,#11275,#11276);
#9921=AXIS2_PLACEMENT_3D('',#14567,#11277,#11278);
#9922=AXIS2_PLACEMENT_3D('',#14570,#11280,#11281);
#9923=AXIS2_PLACEMENT_3D('',#14571,#11282,#11283);
#9924=AXIS2_PLACEMENT_3D('',#14572,#11284,#11285);
#9925=AXIS2_PLACEMENT_3D('',#14574,#11286,#11287);
#9926=AXIS2_PLACEMENT_3D('',#14577,#11289,#11290);
#9927=AXIS2_PLACEMENT_3D('',#14578,#11291,#11292);
#9928=AXIS2_PLACEMENT_3D('',#14579,#11293,#11294);
#9929=AXIS2_PLACEMENT_3D('',#14581,#11295,#11296);
#9930=AXIS2_PLACEMENT_3D('',#14584,#11298,#11299);
#9931=AXIS2_PLACEMENT_3D('',#14585,#11300,#11301);
#9932=AXIS2_PLACEMENT_3D('',#14586,#11302,#11303);
#9933=AXIS2_PLACEMENT_3D('',#14588,#11304,#11305);
#9934=AXIS2_PLACEMENT_3D('',#14591,#11307,#11308);
#9935=AXIS2_PLACEMENT_3D('',#14592,#11309,#11310);
#9936=AXIS2_PLACEMENT_3D('',#14593,#11311,#11312);
#9937=AXIS2_PLACEMENT_3D('',#14595,#11313,#11314);
#9938=AXIS2_PLACEMENT_3D('',#14598,#11316,#11317);
#9939=AXIS2_PLACEMENT_3D('',#14599,#11318,#11319);
#9940=AXIS2_PLACEMENT_3D('',#14600,#11320,#11321);
#9941=AXIS2_PLACEMENT_3D('',#14602,#11322,#11323);
#9942=AXIS2_PLACEMENT_3D('',#14605,#11325,#11326);
#9943=AXIS2_PLACEMENT_3D('',#14606,#11327,#11328);
#9944=AXIS2_PLACEMENT_3D('',#14607,#11329,#11330);
#9945=AXIS2_PLACEMENT_3D('',#14609,#11331,#11332);
#9946=AXIS2_PLACEMENT_3D('',#14612,#11334,#11335);
#9947=AXIS2_PLACEMENT_3D('',#14613,#11336,#11337);
#9948=AXIS2_PLACEMENT_3D('',#14614,#11338,#11339);
#9949=AXIS2_PLACEMENT_3D('',#14616,#11340,#11341);
#9950=AXIS2_PLACEMENT_3D('',#14619,#11343,#11344);
#9951=AXIS2_PLACEMENT_3D('',#14620,#11345,#11346);
#9952=AXIS2_PLACEMENT_3D('',#14621,#11347,#11348);
#9953=AXIS2_PLACEMENT_3D('',#14623,#11349,#11350);
#9954=AXIS2_PLACEMENT_3D('',#14626,#11352,#11353);
#9955=AXIS2_PLACEMENT_3D('',#14627,#11354,#11355);
#9956=AXIS2_PLACEMENT_3D('',#14628,#11356,#11357);
#9957=AXIS2_PLACEMENT_3D('',#14630,#11358,#11359);
#9958=AXIS2_PLACEMENT_3D('',#14633,#11361,#11362);
#9959=AXIS2_PLACEMENT_3D('',#14634,#11363,#11364);
#9960=AXIS2_PLACEMENT_3D('',#14635,#11365,#11366);
#9961=AXIS2_PLACEMENT_3D('',#14637,#11367,#11368);
#9962=AXIS2_PLACEMENT_3D('',#14640,#11370,#11371);
#9963=AXIS2_PLACEMENT_3D('',#14641,#11372,#11373);
#9964=AXIS2_PLACEMENT_3D('',#14642,#11374,#11375);
#9965=AXIS2_PLACEMENT_3D('',#14644,#11376,#11377);
#9966=AXIS2_PLACEMENT_3D('',#14647,#11379,#11380);
#9967=AXIS2_PLACEMENT_3D('',#14648,#11381,#11382);
#9968=AXIS2_PLACEMENT_3D('',#14649,#11383,#11384);
#9969=AXIS2_PLACEMENT_3D('',#14651,#11385,#11386);
#9970=AXIS2_PLACEMENT_3D('',#14654,#11388,#11389);
#9971=AXIS2_PLACEMENT_3D('',#14655,#11390,#11391);
#9972=AXIS2_PLACEMENT_3D('',#14656,#11392,#11393);
#9973=AXIS2_PLACEMENT_3D('',#14658,#11394,#11395);
#9974=AXIS2_PLACEMENT_3D('',#14661,#11397,#11398);
#9975=AXIS2_PLACEMENT_3D('',#14662,#11399,#11400);
#9976=AXIS2_PLACEMENT_3D('',#14663,#11401,#11402);
#9977=AXIS2_PLACEMENT_3D('',#14665,#11403,#11404);
#9978=AXIS2_PLACEMENT_3D('',#14668,#11406,#11407);
#9979=AXIS2_PLACEMENT_3D('',#14669,#11408,#11409);
#9980=AXIS2_PLACEMENT_3D('',#14670,#11410,#11411);
#9981=AXIS2_PLACEMENT_3D('',#14672,#11412,#11413);
#9982=AXIS2_PLACEMENT_3D('',#14675,#11415,#11416);
#9983=AXIS2_PLACEMENT_3D('',#14676,#11417,#11418);
#9984=AXIS2_PLACEMENT_3D('',#14677,#11419,#11420);
#9985=AXIS2_PLACEMENT_3D('',#14679,#11421,#11422);
#9986=AXIS2_PLACEMENT_3D('',#14682,#11424,#11425);
#9987=AXIS2_PLACEMENT_3D('',#14683,#11426,#11427);
#9988=AXIS2_PLACEMENT_3D('',#14684,#11428,#11429);
#9989=AXIS2_PLACEMENT_3D('',#14686,#11430,#11431);
#9990=AXIS2_PLACEMENT_3D('',#14689,#11433,#11434);
#9991=AXIS2_PLACEMENT_3D('',#14690,#11435,#11436);
#9992=AXIS2_PLACEMENT_3D('',#14691,#11437,#11438);
#9993=AXIS2_PLACEMENT_3D('',#14693,#11439,#11440);
#9994=AXIS2_PLACEMENT_3D('',#14696,#11442,#11443);
#9995=AXIS2_PLACEMENT_3D('',#14697,#11444,#11445);
#9996=AXIS2_PLACEMENT_3D('',#14698,#11446,#11447);
#9997=AXIS2_PLACEMENT_3D('',#14700,#11448,#11449);
#9998=AXIS2_PLACEMENT_3D('',#14703,#11451,#11452);
#9999=AXIS2_PLACEMENT_3D('',#14704,#11453,#11454);
#10000=AXIS2_PLACEMENT_3D('',#14705,#11455,#11456);
#10001=AXIS2_PLACEMENT_3D('',#14707,#11457,#11458);
#10002=AXIS2_PLACEMENT_3D('',#14710,#11460,#11461);
#10003=AXIS2_PLACEMENT_3D('',#14711,#11462,#11463);
#10004=AXIS2_PLACEMENT_3D('',#14712,#11464,#11465);
#10005=AXIS2_PLACEMENT_3D('',#14714,#11466,#11467);
#10006=AXIS2_PLACEMENT_3D('',#14717,#11469,#11470);
#10007=AXIS2_PLACEMENT_3D('',#14718,#11471,#11472);
#10008=AXIS2_PLACEMENT_3D('',#14719,#11473,#11474);
#10009=AXIS2_PLACEMENT_3D('',#14721,#11475,#11476);
#10010=AXIS2_PLACEMENT_3D('',#14724,#11478,#11479);
#10011=AXIS2_PLACEMENT_3D('',#14725,#11480,#11481);
#10012=AXIS2_PLACEMENT_3D('',#14726,#11482,#11483);
#10013=AXIS2_PLACEMENT_3D('',#14728,#11484,#11485);
#10014=AXIS2_PLACEMENT_3D('',#14731,#11487,#11488);
#10015=AXIS2_PLACEMENT_3D('',#14732,#11489,#11490);
#10016=AXIS2_PLACEMENT_3D('',#14733,#11491,#11492);
#10017=AXIS2_PLACEMENT_3D('',#14735,#11493,#11494);
#10018=AXIS2_PLACEMENT_3D('',#14738,#11496,#11497);
#10019=AXIS2_PLACEMENT_3D('',#14739,#11498,#11499);
#10020=AXIS2_PLACEMENT_3D('',#14740,#11500,#11501);
#10021=AXIS2_PLACEMENT_3D('',#14742,#11502,#11503);
#10022=AXIS2_PLACEMENT_3D('',#14745,#11505,#11506);
#10023=AXIS2_PLACEMENT_3D('',#14746,#11507,#11508);
#10024=AXIS2_PLACEMENT_3D('',#14747,#11509,#11510);
#10025=AXIS2_PLACEMENT_3D('',#14749,#11511,#11512);
#10026=AXIS2_PLACEMENT_3D('',#14752,#11514,#11515);
#10027=AXIS2_PLACEMENT_3D('',#14753,#11516,#11517);
#10028=AXIS2_PLACEMENT_3D('',#14754,#11518,#11519);
#10029=AXIS2_PLACEMENT_3D('',#14756,#11520,#11521);
#10030=AXIS2_PLACEMENT_3D('',#14759,#11523,#11524);
#10031=AXIS2_PLACEMENT_3D('',#14760,#11525,#11526);
#10032=AXIS2_PLACEMENT_3D('',#14761,#11527,#11528);
#10033=AXIS2_PLACEMENT_3D('',#14763,#11529,#11530);
#10034=AXIS2_PLACEMENT_3D('',#14766,#11532,#11533);
#10035=AXIS2_PLACEMENT_3D('',#14767,#11534,#11535);
#10036=AXIS2_PLACEMENT_3D('',#14768,#11536,#11537);
#10037=AXIS2_PLACEMENT_3D('',#14770,#11538,#11539);
#10038=AXIS2_PLACEMENT_3D('',#14773,#11541,#11542);
#10039=AXIS2_PLACEMENT_3D('',#14774,#11543,#11544);
#10040=AXIS2_PLACEMENT_3D('',#14775,#11545,#11546);
#10041=AXIS2_PLACEMENT_3D('',#14777,#11547,#11548);
#10042=AXIS2_PLACEMENT_3D('',#14780,#11550,#11551);
#10043=AXIS2_PLACEMENT_3D('',#14781,#11552,#11553);
#10044=AXIS2_PLACEMENT_3D('',#14782,#11554,#11555);
#10045=AXIS2_PLACEMENT_3D('',#14784,#11556,#11557);
#10046=AXIS2_PLACEMENT_3D('',#14787,#11559,#11560);
#10047=AXIS2_PLACEMENT_3D('',#14788,#11561,#11562);
#10048=AXIS2_PLACEMENT_3D('',#14789,#11563,#11564);
#10049=AXIS2_PLACEMENT_3D('',#14791,#11565,#11566);
#10050=AXIS2_PLACEMENT_3D('',#14794,#11568,#11569);
#10051=AXIS2_PLACEMENT_3D('',#14795,#11570,#11571);
#10052=AXIS2_PLACEMENT_3D('',#14796,#11572,#11573);
#10053=AXIS2_PLACEMENT_3D('',#14798,#11574,#11575);
#10054=AXIS2_PLACEMENT_3D('',#14801,#11577,#11578);
#10055=AXIS2_PLACEMENT_3D('',#14802,#11579,#11580);
#10056=AXIS2_PLACEMENT_3D('',#14803,#11581,#11582);
#10057=AXIS2_PLACEMENT_3D('',#14805,#11583,#11584);
#10058=AXIS2_PLACEMENT_3D('',#14808,#11586,#11587);
#10059=AXIS2_PLACEMENT_3D('',#14809,#11588,#11589);
#10060=AXIS2_PLACEMENT_3D('',#14810,#11590,#11591);
#10061=AXIS2_PLACEMENT_3D('',#14812,#11592,#11593);
#10062=AXIS2_PLACEMENT_3D('',#14813,#11594,#11595);
#10063=AXIS2_PLACEMENT_3D('',#14815,#11596,#11597);
#10064=AXIS2_PLACEMENT_3D('',#14818,#11599,#11600);
#10065=AXIS2_PLACEMENT_3D('',#14819,#11601,#11602);
#10066=AXIS2_PLACEMENT_3D('',#14820,#11603,#11604);
#10067=AXIS2_PLACEMENT_3D('',#14822,#11605,#11606);
#10068=AXIS2_PLACEMENT_3D('',#14825,#11608,#11609);
#10069=AXIS2_PLACEMENT_3D('',#14826,#11610,#11611);
#10070=AXIS2_PLACEMENT_3D('',#14827,#11612,#11613);
#10071=AXIS2_PLACEMENT_3D('',#14829,#11614,#11615);
#10072=AXIS2_PLACEMENT_3D('',#14832,#11617,#11618);
#10073=AXIS2_PLACEMENT_3D('',#14833,#11619,#11620);
#10074=AXIS2_PLACEMENT_3D('',#14834,#11621,#11622);
#10075=AXIS2_PLACEMENT_3D('',#14836,#11623,#11624);
#10076=AXIS2_PLACEMENT_3D('',#14839,#11626,#11627);
#10077=AXIS2_PLACEMENT_3D('',#14840,#11628,#11629);
#10078=AXIS2_PLACEMENT_3D('',#14841,#11630,#11631);
#10079=AXIS2_PLACEMENT_3D('',#14854,#11638,#11639);
#10080=AXIS2_PLACEMENT_3D('',#14865,#11645,#11646);
#10081=AXIS2_PLACEMENT_3D('',#14876,#11652,#11653);
#10082=AXIS2_PLACEMENT_3D('',#14882,#11657,#11658);
#10083=AXIS2_PLACEMENT_3D('',#14888,#11663,#11664);
#10084=AXIS2_PLACEMENT_3D('',#14892,#11667,#11668);
#10085=AXIS2_PLACEMENT_3D('',#14900,#11673,#11674);
#10086=AXIS2_PLACEMENT_3D('',#14904,#11676,#11677);
#10087=AXIS2_PLACEMENT_3D('',#14908,#11679,#11680);
#10088=AXIS2_PLACEMENT_3D('',#14913,#11683,#11684);
#10089=AXIS2_PLACEMENT_3D('',#14916,#11686,#11687);
#10090=AXIS2_PLACEMENT_3D('',#14917,#11688,#11689);
#10091=AXIS2_PLACEMENT_3D('',#14921,#11692,#11693);
#10092=AXIS2_PLACEMENT_3D('',#14925,#11696,#11697);
#10093=AXIS2_PLACEMENT_3D('',#14929,#11700,#11701);
#10094=AXIS2_PLACEMENT_3D('',#14937,#11706,#11707);
#10095=AXIS2_PLACEMENT_3D('',#14940,#11710,#11711);
#10096=AXIS2_PLACEMENT_3D('',#14944,#11713,#11714);
#10097=AXIS2_PLACEMENT_3D('',#14945,#11715,#11716);
#10098=AXIS2_PLACEMENT_3D('',#14946,#11717,#11718);
#10099=AXIS2_PLACEMENT_3D('',#14950,#11720,#11721);
#10100=AXIS2_PLACEMENT_3D('',#14951,#11722,#11723);
#10101=AXIS2_PLACEMENT_3D('',#14952,#11724,#11725);
#10102=AXIS2_PLACEMENT_3D('',#14955,#11727,#11728);
#10103=AXIS2_PLACEMENT_3D('',#14956,#11729,#11730);
#10104=AXIS2_PLACEMENT_3D('',#14958,#11732,#11733);
#10105=AXIS2_PLACEMENT_3D('',#14961,#11735,#11736);
#10106=AXIS2_PLACEMENT_3D('',#14962,#11737,#11738);
#10107=AXIS2_PLACEMENT_3D('',#14964,#11740,#11741);
#10108=AXIS2_PLACEMENT_3D('',#14970,#11745,#11746);
#10109=AXIS2_PLACEMENT_3D('',#14976,#11750,#11751);
#10110=AXIS2_PLACEMENT_3D('',#14980,#11754,#11755);
#10111=AXIS2_PLACEMENT_3D('',#14982,#11757,#11758);
#10112=AXIS2_PLACEMENT_3D('',#14986,#11761,#11762);
#10113=AXIS2_PLACEMENT_3D('',#14988,#11764,#11765);
#10114=AXIS2_PLACEMENT_3D('',#14992,#11767,#11768);
#10115=AXIS2_PLACEMENT_3D('',#14993,#11769,#11770);
#10116=AXIS2_PLACEMENT_3D('',#14994,#11771,#11772);
#10117=AXIS2_PLACEMENT_3D('',#14998,#11774,#11775);
#10118=AXIS2_PLACEMENT_3D('',#14999,#11776,#11777);
#10119=AXIS2_PLACEMENT_3D('',#15000,#11778,#11779);
#10120=AXIS2_PLACEMENT_3D('',#15003,#11781,#11782);
#10121=AXIS2_PLACEMENT_3D('',#15004,#11783,#11784);
#10122=AXIS2_PLACEMENT_3D('',#15006,#11786,#11787);
#10123=AXIS2_PLACEMENT_3D('',#15009,#11789,#11790);
#10124=AXIS2_PLACEMENT_3D('',#15010,#11791,#11792);
#10125=AXIS2_PLACEMENT_3D('',#15012,#11794,#11795);
#10126=AXIS2_PLACEMENT_3D('',#15015,#11798,#11799);
#10127=AXIS2_PLACEMENT_3D('',#15017,#11801,#11802);
#10128=AXIS2_PLACEMENT_3D('',#15019,#11804,#11805);
#10129=AXIS2_PLACEMENT_3D('',#15021,#11807,#11808);
#10130=AXIS2_PLACEMENT_3D('',#15022,#11809,#11810);
#10131=AXIS2_PLACEMENT_3D('',#15024,#11812,#11813);
#10132=AXIS2_PLACEMENT_3D('',#15025,#11814,#11815);
#10133=AXIS2_PLACEMENT_3D('',#15077,#11830,#11831);
#10134=AXIS2_PLACEMENT_3D('',#15079,#11832,#11833);
#10135=AXIS2_PLACEMENT_3D('',#15080,#11834,#11835);
#10136=AXIS2_PLACEMENT_3D('',#15083,#11836,#11837);
#10137=AXIS2_PLACEMENT_3D('',#15088,#11840,#11841);
#10138=AXIS2_PLACEMENT_3D('',#15092,#11843,#11844);
#10139=AXIS2_PLACEMENT_3D('',#15097,#11847,#11848);
#10140=AXIS2_PLACEMENT_3D('',#15099,#11850,#11851);
#10141=AXIS2_PLACEMENT_3D('',#15103,#11854,#11855);
#10142=AXIS2_PLACEMENT_3D('',#15107,#11858,#11859);
#10143=AXIS2_PLACEMENT_3D('',#15110,#11861,#11862);
#10144=AXIS2_PLACEMENT_3D('',#15111,#11863,#11864);
#10145=AXIS2_PLACEMENT_3D('',#15114,#11866,#11867);
#10146=AXIS2_PLACEMENT_3D('',#15115,#11868,#11869);
#10147=AXIS2_PLACEMENT_3D('',#15119,#11872,#11873);
#10148=AXIS2_PLACEMENT_3D('',#15123,#11876,#11877);
#10149=AXIS2_PLACEMENT_3D('',#15126,#11879,#11880);
#10150=AXIS2_PLACEMENT_3D('',#15127,#11881,#11882);
#10151=AXIS2_PLACEMENT_3D('',#15130,#11884,#11885);
#10152=AXIS2_PLACEMENT_3D('',#15131,#11886,#11887);
#10153=AXIS2_PLACEMENT_3D('',#15133,#11889,#11890);
#10154=AXIS2_PLACEMENT_3D('',#15135,#11892,#11893);
#10155=AXIS2_PLACEMENT_3D('',#15136,#11894,#11895);
#10156=AXIS2_PLACEMENT_3D('',#15142,#11899,#11900);
#10157=AXIS2_PLACEMENT_3D('',#15146,#11903,#11904);
#10158=AXIS2_PLACEMENT_3D('',#15150,#11907,#11908);
#10159=AXIS2_PLACEMENT_3D('',#15152,#11909,#11910);
#10160=AXIS2_PLACEMENT_3D('',#15159,#11914,#11915);
#10161=AXIS2_PLACEMENT_3D('',#15160,#11916,#11917);
#10162=AXIS2_PLACEMENT_3D('',#15162,#11919,#11920);
#10163=AXIS2_PLACEMENT_3D('',#15166,#11923,#11924);
#10164=AXIS2_PLACEMENT_3D('',#15170,#11926,#11927);
#10165=AXIS2_PLACEMENT_3D('',#15171,#11928,#11929);
#10166=AXIS2_PLACEMENT_3D('',#15172,#11930,#11931);
#10167=AXIS2_PLACEMENT_3D('',#15175,#11933,#11934);
#10168=AXIS2_PLACEMENT_3D('',#15176,#11935,#11936);
#10169=AXIS2_PLACEMENT_3D('',#15178,#11938,#11939);
#10170=AXIS2_PLACEMENT_3D('',#15181,#11941,#11942);
#10171=AXIS2_PLACEMENT_3D('',#15182,#11943,#11944);
#10172=AXIS2_PLACEMENT_3D('',#15188,#11948,#11949);
#10173=AXIS2_PLACEMENT_3D('',#15192,#11952,#11953);
#10174=AXIS2_PLACEMENT_3D('',#15196,#11956,#11957);
#10175=AXIS2_PLACEMENT_3D('',#15200,#11960,#11961);
#10176=AXIS2_PLACEMENT_3D('',#15202,#11963,#11964);
#10177=AXIS2_PLACEMENT_3D('',#15205,#11966,#11967);
#10178=AXIS2_PLACEMENT_3D('',#15206,#11968,#11969);
#10179=AXIS2_PLACEMENT_3D('',#15208,#11970,#11971);
#10180=AXIS2_PLACEMENT_3D('',#15209,#11972,#11973);
#10181=AXIS2_PLACEMENT_3D('',#15212,#11975,#11976);
#10182=AXIS2_PLACEMENT_3D('',#15213,#11977,#11978);
#10183=AXIS2_PLACEMENT_3D('',#15215,#11979,#11980);
#10184=AXIS2_PLACEMENT_3D('',#15216,#11981,#11982);
#10185=AXIS2_PLACEMENT_3D('',#15219,#11984,#11985);
#10186=AXIS2_PLACEMENT_3D('',#15220,#11986,#11987);
#10187=AXIS2_PLACEMENT_3D('',#15221,#11988,#11989);
#10188=AXIS2_PLACEMENT_3D('',#15224,#11991,#11992);
#10189=AXIS2_PLACEMENT_3D('',#15225,#11993,#11994);
#10190=AXIS2_PLACEMENT_3D('',#15226,#11995,#11996);
#10191=AXIS2_PLACEMENT_3D('',#15238,#12003,#12004);
#10192=AXIS2_PLACEMENT_3D('',#15240,#12005,#12006);
#10193=AXIS2_PLACEMENT_3D('',#15243,#12008,#12009);
#10194=AXIS2_PLACEMENT_3D('',#15244,#12010,#12011);
#10195=AXIS2_PLACEMENT_3D('',#15246,#12012,#12013);
#10196=AXIS2_PLACEMENT_3D('',#15247,#12014,#12015);
#10197=AXIS2_PLACEMENT_3D('',#15250,#12017,#12018);
#10198=AXIS2_PLACEMENT_3D('',#15251,#12019,#12020);
#10199=AXIS2_PLACEMENT_3D('',#15253,#12021,#12022);
#10200=AXIS2_PLACEMENT_3D('',#15254,#12023,#12024);
#10201=AXIS2_PLACEMENT_3D('',#15256,#12026,#12027);
#10202=AXIS2_PLACEMENT_3D('',#15258,#12028,#12029);
#10203=AXIS2_PLACEMENT_3D('',#15261,#12031,#12032);
#10204=AXIS2_PLACEMENT_3D('',#15262,#12033,#12034);
#10205=AXIS2_PLACEMENT_3D('',#15263,#12035,#12036);
#10206=AXIS2_PLACEMENT_3D('',#15269,#12040,#12041);
#10207=AXIS2_PLACEMENT_3D('',#15278,#12046,#12047);
#10208=AXIS2_PLACEMENT_3D('',#15279,#12048,#12049);
#10209=AXIS2_PLACEMENT_3D('',#15280,#12050,#12051);
#10210=AXIS2_PLACEMENT_3D('',#15281,#12052,#12053);
#10211=AXIS2_PLACEMENT_3D('',#15283,#12054,#12055);
#10212=AXIS2_PLACEMENT_3D('',#15285,#12056,#12057);
#10213=AXIS2_PLACEMENT_3D('',#15287,#12059,#12060);
#10214=AXIS2_PLACEMENT_3D('',#15293,#12064,#12065);
#10215=AXIS2_PLACEMENT_3D('',#15295,#12066,#12067);
#10216=AXIS2_PLACEMENT_3D('',#15297,#12068,#12069);
#10217=AXIS2_PLACEMENT_3D('',#15299,#12071,#12072);
#10218=AXIS2_PLACEMENT_3D('',#15305,#12076,#12077);
#10219=AXIS2_PLACEMENT_3D('',#15306,#12078,#12079);
#10220=AXIS2_PLACEMENT_3D('',#15307,#12080,#12081);
#10221=AXIS2_PLACEMENT_3D('',#15308,#12082,#12083);
#10222=AXIS2_PLACEMENT_3D('',#15317,#12089,#12090);
#10223=AXIS2_PLACEMENT_3D('',#15323,#12094,#12095);
#10224=AXIS2_PLACEMENT_3D('',#15327,#12098,#12099);
#10225=AXIS2_PLACEMENT_3D('',#15335,#12105,#12106);
#10226=AXIS2_PLACEMENT_3D('',#15337,#12108,#12109);
#10227=AXIS2_PLACEMENT_3D('',#15339,#12111,#12112);
#10228=AXIS2_PLACEMENT_3D('',#15340,#12113,#12114);
#10229=AXIS2_PLACEMENT_3D('',#15341,#12115,#12116);
#10230=AXIS2_PLACEMENT_3D('',#15343,#12117,#12118);
#10231=AXIS2_PLACEMENT_3D('',#15346,#12120,#12121);
#10232=AXIS2_PLACEMENT_3D('',#15347,#12122,#12123);
#10233=AXIS2_PLACEMENT_3D('',#15348,#12124,#12125);
#10234=AXIS2_PLACEMENT_3D('',#15350,#12126,#12127);
#10235=AXIS2_PLACEMENT_3D('',#15353,#12129,#12130);
#10236=AXIS2_PLACEMENT_3D('',#15354,#12131,#12132);
#10237=AXIS2_PLACEMENT_3D('',#15355,#12133,#12134);
#10238=AXIS2_PLACEMENT_3D('',#15357,#12135,#12136);
#10239=AXIS2_PLACEMENT_3D('',#15360,#12138,#12139);
#10240=AXIS2_PLACEMENT_3D('',#15361,#12140,#12141);
#10241=AXIS2_PLACEMENT_3D('',#15365,#12144,#12145);
#10242=AXIS2_PLACEMENT_3D('',#15369,#12148,#12149);
#10243=AXIS2_PLACEMENT_3D('',#15373,#12152,#12153);
#10244=AXIS2_PLACEMENT_3D('',#15377,#12156,#12157);
#10245=AXIS2_PLACEMENT_3D('',#15379,#12159,#12160);
#10246=AXIS2_PLACEMENT_3D('',#15388,#12164,#12165);
#10247=AXIS2_PLACEMENT_3D('',#15392,#12167,#12168);
#10248=AXIS2_PLACEMENT_3D('',#15395,#12171,#12172);
#10249=AXIS2_PLACEMENT_3D('',#15399,#12175,#12176);
#10250=AXIS2_PLACEMENT_3D('',#15402,#12178,#12179);
#10251=AXIS2_PLACEMENT_3D('',#15403,#12180,#12181);
#10252=AXIS2_PLACEMENT_3D('',#15407,#12184,#12185);
#10253=AXIS2_PLACEMENT_3D('',#15410,#12187,#12188);
#10254=AXIS2_PLACEMENT_3D('',#15411,#12189,#12190);
#10255=AXIS2_PLACEMENT_3D('',#15415,#12193,#12194);
#10256=AXIS2_PLACEMENT_3D('',#15418,#12197,#12198);
#10257=AXIS2_PLACEMENT_3D('',#15421,#12201,#12202);
#10258=AXIS2_PLACEMENT_3D('',#15423,#12204,#12205);
#10259=AXIS2_PLACEMENT_3D('',#15424,#12206,#12207);
#10260=AXIS2_PLACEMENT_3D('',#15436,#12214,#12215);
#10261=AXIS2_PLACEMENT_3D('',#15440,#12217,#12218);
#10262=AXIS2_PLACEMENT_3D('',#15444,#12220,#12221);
#10263=AXIS2_PLACEMENT_3D('',#15446,#12223,#12224);
#10264=AXIS2_PLACEMENT_3D('',#15448,#12226,#12227);
#10265=AXIS2_PLACEMENT_3D('',#15451,#12230,#12231);
#10266=AXIS2_PLACEMENT_3D('',#15453,#12232,#12233);
#10267=AXIS2_PLACEMENT_3D('',#15456,#12235,#12236);
#10268=AXIS2_PLACEMENT_3D('',#15457,#12237,#12238);
#10269=AXIS2_PLACEMENT_3D('',#15463,#12242,#12243);
#10270=AXIS2_PLACEMENT_3D('',#15465,#12244,#12245);
#10271=AXIS2_PLACEMENT_3D('',#15468,#12247,#12248);
#10272=AXIS2_PLACEMENT_3D('',#15469,#12249,#12250);
#10273=AXIS2_PLACEMENT_3D('',#15475,#12254,#12255);
#10274=AXIS2_PLACEMENT_3D('',#15481,#12259,#12260);
#10275=AXIS2_PLACEMENT_3D('',#15485,#12262,#12263);
#10276=AXIS2_PLACEMENT_3D('',#15486,#12264,#12265);
#10277=AXIS2_PLACEMENT_3D('',#15487,#12266,#12267);
#10278=AXIS2_PLACEMENT_3D('',#15491,#12269,#12270);
#10279=AXIS2_PLACEMENT_3D('',#15492,#12271,#12272);
#10280=AXIS2_PLACEMENT_3D('',#15493,#12273,#12274);
#10281=AXIS2_PLACEMENT_3D('',#15499,#12278,#12279);
#10282=AXIS2_PLACEMENT_3D('',#15505,#12283,#12284);
#10283=AXIS2_PLACEMENT_3D('',#15506,#12285,#12286);
#10284=AXIS2_PLACEMENT_3D('',#15507,#12287,#12288);
#10285=AXIS2_PLACEMENT_3D('',#15508,#12289,#12290);
#10286=AXIS2_PLACEMENT_3D('',#15512,#12292,#12293);
#10287=AXIS2_PLACEMENT_3D('',#15513,#12294,#12295);
#10288=AXIS2_PLACEMENT_3D('',#15514,#12296,#12297);
#10289=AXIS2_PLACEMENT_3D('',#15516,#12299,#12300);
#10290=AXIS2_PLACEMENT_3D('',#15518,#12302,#12303);
#10291=AXIS2_PLACEMENT_3D('',#15519,#12304,#12305);
#10292=AXIS2_PLACEMENT_3D('',#15533,#12313,#12314);
#10293=AXIS2_PLACEMENT_3D('',#15534,#12315,#12316);
#10294=AXIS2_PLACEMENT_3D('',#15537,#12319,#12320);
#10295=AXIS2_PLACEMENT_3D('',#15543,#12324,#12325);
#10296=AXIS2_PLACEMENT_3D('',#15547,#12328,#12329);
#10297=AXIS2_PLACEMENT_3D('',#15551,#12332,#12333);
#10298=AXIS2_PLACEMENT_3D('',#15553,#12335,#12336);
#10299=AXIS2_PLACEMENT_3D('',#15559,#12340,#12341);
#10300=AXIS2_PLACEMENT_3D('',#15560,#12342,#12343);
#10301=AXIS2_PLACEMENT_3D('',#15561,#12344,#12345);
#10302=AXIS2_PLACEMENT_3D('',#15563,#12346,#12347);
#10303=AXIS2_PLACEMENT_3D('',#15564,#12348,#12349);
#10304=AXIS2_PLACEMENT_3D('',#15566,#12350,#12351);
#10305=AXIS2_PLACEMENT_3D('',#15567,#12352,#12353);
#10306=AXIS2_PLACEMENT_3D('',#15569,#12354,#12355);
#10307=AXIS2_PLACEMENT_3D('',#15570,#12356,#12357);
#10308=AXIS2_PLACEMENT_3D('',#15572,#12358,#12359);
#10309=AXIS2_PLACEMENT_3D('',#15573,#12360,#12361);
#10310=AXIS2_PLACEMENT_3D('',#15575,#12362,#12363);
#10311=AXIS2_PLACEMENT_3D('',#15576,#12364,#12365);
#10312=AXIS2_PLACEMENT_3D('',#15578,#12366,#12367);
#10313=AXIS2_PLACEMENT_3D('',#15579,#12368,#12369);
#10314=AXIS2_PLACEMENT_3D('',#15581,#12370,#12371);
#10315=AXIS2_PLACEMENT_3D('',#15582,#12372,#12373);
#10316=AXIS2_PLACEMENT_3D('',#15584,#12374,#12375);
#10317=AXIS2_PLACEMENT_3D('',#15585,#12376,#12377);
#10318=AXIS2_PLACEMENT_3D('',#15587,#12378,#12379);
#10319=AXIS2_PLACEMENT_3D('',#15588,#12380,#12381);
#10320=AXIS2_PLACEMENT_3D('',#15590,#12382,#12383);
#10321=AXIS2_PLACEMENT_3D('',#15591,#12384,#12385);
#10322=AXIS2_PLACEMENT_3D('',#15593,#12386,#12387);
#10323=AXIS2_PLACEMENT_3D('',#15594,#12388,#12389);
#10324=AXIS2_PLACEMENT_3D('',#15596,#12390,#12391);
#10325=AXIS2_PLACEMENT_3D('',#15624,#12392,#12393);
#10326=AXIS2_PLACEMENT_3D('',#15625,#12394,#12395);
#10327=AXIS2_PLACEMENT_3D('',#15626,#12396,#12397);
#10328=AXIS2_PLACEMENT_3D('',#15679,#12398,#12399);
#10329=AXIS2_PLACEMENT_3D('',#15680,#12400,#12401);
#10330=AXIS2_PLACEMENT_3D('',#15682,#12402,#12403);
#10331=AXIS2_PLACEMENT_3D('',#15746,#12405,#12406);
#10332=AXIS2_PLACEMENT_3D('',#15747,#12407,#12408);
#10333=AXIS2_PLACEMENT_3D('',#15748,#12409,#12410);
#10334=AXIS2_PLACEMENT_3D('',#15749,#12411,#12412);
#10335=AXIS2_PLACEMENT_3D('',#15750,#12413,#12414);
#10336=AXIS2_PLACEMENT_3D('',#15751,#12415,#12416);
#10337=AXIS2_PLACEMENT_3D('',#15752,#12417,#12418);
#10338=AXIS2_PLACEMENT_3D('',#15753,#12419,#12420);
#10339=AXIS2_PLACEMENT_3D('',#15754,#12421,#12422);
#10340=AXIS2_PLACEMENT_3D('',#15760,#12426,#12427);
#10341=AXIS2_PLACEMENT_3D('',#15762,#12428,#12429);
#10342=AXIS2_PLACEMENT_3D('',#15765,#12431,#12432);
#10343=AXIS2_PLACEMENT_3D('',#15766,#12433,#12434);
#10344=AXIS2_PLACEMENT_3D('',#15772,#12438,#12439);
#10345=AXIS2_PLACEMENT_3D('',#15774,#12440,#12441);
#10346=AXIS2_PLACEMENT_3D('',#15777,#12443,#12444);
#10347=AXIS2_PLACEMENT_3D('',#15778,#12445,#12446);
#10348=AXIS2_PLACEMENT_3D('',#15784,#12450,#12451);
#10349=AXIS2_PLACEMENT_3D('',#15786,#12452,#12453);
#10350=AXIS2_PLACEMENT_3D('',#15789,#12455,#12456);
#10351=AXIS2_PLACEMENT_3D('',#15790,#12457,#12458);
#10352=AXIS2_PLACEMENT_3D('',#15796,#12462,#12463);
#10353=AXIS2_PLACEMENT_3D('',#15798,#12464,#12465);
#10354=AXIS2_PLACEMENT_3D('',#15801,#12467,#12468);
#10355=AXIS2_PLACEMENT_3D('',#15802,#12469,#12470);
#10356=AXIS2_PLACEMENT_3D('',#15808,#12474,#12475);
#10357=AXIS2_PLACEMENT_3D('',#15814,#12479,#12480);
#10358=AXIS2_PLACEMENT_3D('',#15818,#12482,#12483);
#10359=AXIS2_PLACEMENT_3D('',#15819,#12484,#12485);
#10360=AXIS2_PLACEMENT_3D('',#15820,#12486,#12487);
#10361=AXIS2_PLACEMENT_3D('',#15824,#12489,#12490);
#10362=AXIS2_PLACEMENT_3D('',#15825,#12491,#12492);
#10363=AXIS2_PLACEMENT_3D('',#15826,#12493,#12494);
#10364=AXIS2_PLACEMENT_3D('',#15832,#12498,#12499);
#10365=AXIS2_PLACEMENT_3D('',#15838,#12503,#12504);
#10366=AXIS2_PLACEMENT_3D('',#15839,#12505,#12506);
#10367=AXIS2_PLACEMENT_3D('',#15840,#12507,#12508);
#10368=AXIS2_PLACEMENT_3D('',#15841,#12509,#12510);
#10369=AXIS2_PLACEMENT_3D('',#15845,#12512,#12513);
#10370=AXIS2_PLACEMENT_3D('',#15846,#12514,#12515);
#10371=AXIS2_PLACEMENT_3D('',#15847,#12516,#12517);
#10372=AXIS2_PLACEMENT_3D('',#15849,#12519,#12520);
#10373=AXIS2_PLACEMENT_3D('',#15851,#12522,#12523);
#10374=AXIS2_PLACEMENT_3D('',#15852,#12524,#12525);
#10375=AXIS2_PLACEMENT_3D('',#15858,#12529,#12530);
#10376=AXIS2_PLACEMENT_3D('',#15862,#12532,#12533);
#10377=AXIS2_PLACEMENT_3D('',#15863,#12534,#12535);
#10378=AXIS2_PLACEMENT_3D('',#15864,#12536,#12537);
#10379=AXIS2_PLACEMENT_3D('',#15868,#12539,#12540);
#10380=AXIS2_PLACEMENT_3D('',#15869,#12541,#12542);
#10381=AXIS2_PLACEMENT_3D('',#15870,#12543,#12544);
#10382=AXIS2_PLACEMENT_3D('',#15876,#12548,#12549);
#10383=AXIS2_PLACEMENT_3D('',#15882,#12553,#12554);
#10384=AXIS2_PLACEMENT_3D('',#15883,#12555,#12556);
#10385=AXIS2_PLACEMENT_3D('',#15884,#12557,#12558);
#10386=AXIS2_PLACEMENT_3D('',#15885,#12559,#12560);
#10387=AXIS2_PLACEMENT_3D('',#15889,#12562,#12563);
#10388=AXIS2_PLACEMENT_3D('',#15890,#12564,#12565);
#10389=AXIS2_PLACEMENT_3D('',#15891,#12566,#12567);
#10390=AXIS2_PLACEMENT_3D('',#15893,#12569,#12570);
#10391=AXIS2_PLACEMENT_3D('',#15895,#12572,#12573);
#10392=AXIS2_PLACEMENT_3D('',#15896,#12574,#12575);
#10393=AXIS2_PLACEMENT_3D('',#15898,#12576,#12577);
#10394=AXIS2_PLACEMENT_3D('',#15901,#12579,#12580);
#10395=AXIS2_PLACEMENT_3D('',#15902,#12581,#12582);
#10396=AXIS2_PLACEMENT_3D('',#15908,#12586,#12587);
#10397=AXIS2_PLACEMENT_3D('',#15910,#12588,#12589);
#10398=AXIS2_PLACEMENT_3D('',#15913,#12591,#12592);
#10399=AXIS2_PLACEMENT_3D('',#15914,#12593,#12594);
#10400=AXIS2_PLACEMENT_3D('',#15920,#12598,#12599);
#10401=AXIS2_PLACEMENT_3D('',#15922,#12600,#12601);
#10402=AXIS2_PLACEMENT_3D('',#15925,#12603,#12604);
#10403=AXIS2_PLACEMENT_3D('',#15926,#12605,#12606);
#10404=AXIS2_PLACEMENT_3D('',#15932,#12610,#12611);
#10405=AXIS2_PLACEMENT_3D('',#15934,#12612,#12613);
#10406=AXIS2_PLACEMENT_3D('',#15937,#12615,#12616);
#10407=AXIS2_PLACEMENT_3D('',#15938,#12617,#12618);
#10408=AXIS2_PLACEMENT_3D('',#15944,#12622,#12623);
#10409=AXIS2_PLACEMENT_3D('',#15946,#12624,#12625);
#10410=AXIS2_PLACEMENT_3D('',#15949,#12627,#12628);
#10411=AXIS2_PLACEMENT_3D('',#15950,#12629,#12630);
#10412=AXIS2_PLACEMENT_3D('',#15956,#12634,#12635);
#10413=AXIS2_PLACEMENT_3D('',#15958,#12636,#12637);
#10414=AXIS2_PLACEMENT_3D('',#15961,#12639,#12640);
#10415=AXIS2_PLACEMENT_3D('',#15962,#12641,#12642);
#10416=AXIS2_PLACEMENT_3D('',#15968,#12646,#12647);
#10417=AXIS2_PLACEMENT_3D('',#15974,#12651,#12652);
#10418=AXIS2_PLACEMENT_3D('',#15978,#12655,#12656);
#10419=AXIS2_PLACEMENT_3D('',#15982,#12659,#12660);
#10420=AXIS2_PLACEMENT_3D('',#15984,#12662,#12663);
#10421=AXIS2_PLACEMENT_3D('',#15985,#12664,#12665);
#10422=AXIS2_PLACEMENT_3D('',#15991,#12669,#12670);
#10423=AXIS2_PLACEMENT_3D('',#15995,#12672,#12673);
#10424=AXIS2_PLACEMENT_3D('',#15996,#12674,#12675);
#10425=AXIS2_PLACEMENT_3D('',#15997,#12676,#12677);
#10426=AXIS2_PLACEMENT_3D('',#16001,#12679,#12680);
#10427=AXIS2_PLACEMENT_3D('',#16002,#12681,#12682);
#10428=AXIS2_PLACEMENT_3D('',#16003,#12683,#12684);
#10429=AXIS2_PLACEMENT_3D('',#16009,#12688,#12689);
#10430=AXIS2_PLACEMENT_3D('',#16015,#12693,#12694);
#10431=AXIS2_PLACEMENT_3D('',#16016,#12695,#12696);
#10432=AXIS2_PLACEMENT_3D('',#16017,#12697,#12698);
#10433=AXIS2_PLACEMENT_3D('',#16018,#12699,#12700);
#10434=AXIS2_PLACEMENT_3D('',#16022,#12702,#12703);
#10435=AXIS2_PLACEMENT_3D('',#16023,#12704,#12705);
#10436=AXIS2_PLACEMENT_3D('',#16024,#12706,#12707);
#10437=AXIS2_PLACEMENT_3D('',#16026,#12709,#12710);
#10438=AXIS2_PLACEMENT_3D('',#16028,#12712,#12713);
#10439=AXIS2_PLACEMENT_3D('',#16029,#12714,#12715);
#10440=AXIS2_PLACEMENT_3D('',#16035,#12719,#12720);
#10441=AXIS2_PLACEMENT_3D('',#16039,#12722,#12723);
#10442=AXIS2_PLACEMENT_3D('',#16040,#12724,#12725);
#10443=AXIS2_PLACEMENT_3D('',#16041,#12726,#12727);
#10444=AXIS2_PLACEMENT_3D('',#16045,#12729,#12730);
#10445=AXIS2_PLACEMENT_3D('',#16046,#12731,#12732);
#10446=AXIS2_PLACEMENT_3D('',#16047,#12733,#12734);
#10447=AXIS2_PLACEMENT_3D('',#16053,#12738,#12739);
#10448=AXIS2_PLACEMENT_3D('',#16059,#12743,#12744);
#10449=AXIS2_PLACEMENT_3D('',#16063,#12746,#12747);
#10450=AXIS2_PLACEMENT_3D('',#16064,#12748,#12749);
#10451=AXIS2_PLACEMENT_3D('',#16065,#12750,#12751);
#10452=AXIS2_PLACEMENT_3D('',#16066,#12752,#12753);
#10453=AXIS2_PLACEMENT_3D('',#16067,#12754,#12755);
#10454=AXIS2_PLACEMENT_3D('',#16068,#12756,#12757);
#10455=AXIS2_PLACEMENT_3D('',#16071,#12760,#12761);
#10456=AXIS2_PLACEMENT_3D('',#16072,#12762,#12763);
#10457=AXIS2_PLACEMENT_3D('',#16073,#12764,#12765);
#10458=AXIS2_PLACEMENT_3D('',#16079,#12769,#12770);
#10459=AXIS2_PLACEMENT_3D('',#16083,#12772,#12773);
#10460=AXIS2_PLACEMENT_3D('',#16084,#12774,#12775);
#10461=AXIS2_PLACEMENT_3D('',#16085,#12776,#12777);
#10462=AXIS2_PLACEMENT_3D('',#16089,#12779,#12780);
#10463=AXIS2_PLACEMENT_3D('',#16090,#12781,#12782);
#10464=AXIS2_PLACEMENT_3D('',#16091,#12783,#12784);
#10465=AXIS2_PLACEMENT_3D('',#16097,#12788,#12789);
#10466=AXIS2_PLACEMENT_3D('',#16103,#12793,#12794);
#10467=AXIS2_PLACEMENT_3D('',#16107,#12796,#12797);
#10468=AXIS2_PLACEMENT_3D('',#16108,#12798,#12799);
#10469=AXIS2_PLACEMENT_3D('',#16109,#12800,#12801);
#10470=AXIS2_PLACEMENT_3D('',#16110,#12802,#12803);
#10471=AXIS2_PLACEMENT_3D('',#16111,#12804,#12805);
#10472=AXIS2_PLACEMENT_3D('',#16112,#12806,#12807);
#10473=AXIS2_PLACEMENT_3D('',#16115,#12810,#12811);
#10474=AXIS2_PLACEMENT_3D('',#16116,#12812,#12813);
#10475=AXIS2_PLACEMENT_3D('',#16117,#12814,#12815);
#10476=AXIS2_PLACEMENT_3D('',#16119,#12816,#12817);
#10477=AXIS2_PLACEMENT_3D('',#16122,#12819,#12820);
#10478=AXIS2_PLACEMENT_3D('',#16123,#12821,#12822);
#10479=AXIS2_PLACEMENT_3D('',#16129,#12826,#12827);
#10480=AXIS2_PLACEMENT_3D('',#16131,#12828,#12829);
#10481=AXIS2_PLACEMENT_3D('',#16134,#12831,#12832);
#10482=AXIS2_PLACEMENT_3D('',#16135,#12833,#12834);
#10483=AXIS2_PLACEMENT_3D('',#16141,#12838,#12839);
#10484=AXIS2_PLACEMENT_3D('',#16143,#12840,#12841);
#10485=AXIS2_PLACEMENT_3D('',#16146,#12843,#12844);
#10486=AXIS2_PLACEMENT_3D('',#16147,#12845,#12846);
#10487=AXIS2_PLACEMENT_3D('',#16153,#12850,#12851);
#10488=AXIS2_PLACEMENT_3D('',#16155,#12852,#12853);
#10489=AXIS2_PLACEMENT_3D('',#16158,#12855,#12856);
#10490=AXIS2_PLACEMENT_3D('',#16159,#12857,#12858);
#10491=AXIS2_PLACEMENT_3D('',#16165,#12862,#12863);
#10492=AXIS2_PLACEMENT_3D('',#16171,#12867,#12868);
#10493=AXIS2_PLACEMENT_3D('',#16175,#12870,#12871);
#10494=AXIS2_PLACEMENT_3D('',#16176,#12872,#12873);
#10495=AXIS2_PLACEMENT_3D('',#16177,#12874,#12875);
#10496=AXIS2_PLACEMENT_3D('',#16181,#12877,#12878);
#10497=AXIS2_PLACEMENT_3D('',#16182,#12879,#12880);
#10498=AXIS2_PLACEMENT_3D('',#16183,#12881,#12882);
#10499=AXIS2_PLACEMENT_3D('',#16189,#12886,#12887);
#10500=AXIS2_PLACEMENT_3D('',#16195,#12891,#12892);
#10501=AXIS2_PLACEMENT_3D('',#16199,#12894,#12895);
#10502=AXIS2_PLACEMENT_3D('',#16200,#12896,#12897);
#10503=AXIS2_PLACEMENT_3D('',#16201,#12898,#12899);
#10504=AXIS2_PLACEMENT_3D('',#16202,#12900,#12901);
#10505=AXIS2_PLACEMENT_3D('',#16203,#12902,#12903);
#10506=AXIS2_PLACEMENT_3D('',#16204,#12904,#12905);
#10507=AXIS2_PLACEMENT_3D('',#16207,#12908,#12909);
#10508=AXIS2_PLACEMENT_3D('',#16208,#12910,#12911);
#10509=AXIS2_PLACEMENT_3D('',#16209,#12912,#12913);
#10510=AXIS2_PLACEMENT_3D('',#16215,#12917,#12918);
#10511=AXIS2_PLACEMENT_3D('',#16219,#12920,#12921);
#10512=AXIS2_PLACEMENT_3D('',#16220,#12922,#12923);
#10513=AXIS2_PLACEMENT_3D('',#16221,#12924,#12925);
#10514=AXIS2_PLACEMENT_3D('',#16225,#12927,#12928);
#10515=AXIS2_PLACEMENT_3D('',#16226,#12929,#12930);
#10516=AXIS2_PLACEMENT_3D('',#16227,#12931,#12932);
#10517=AXIS2_PLACEMENT_3D('',#16233,#12936,#12937);
#10518=AXIS2_PLACEMENT_3D('',#16239,#12941,#12942);
#10519=AXIS2_PLACEMENT_3D('',#16243,#12944,#12945);
#10520=AXIS2_PLACEMENT_3D('',#16244,#12946,#12947);
#10521=AXIS2_PLACEMENT_3D('',#16245,#12948,#12949);
#10522=AXIS2_PLACEMENT_3D('',#16246,#12950,#12951);
#10523=AXIS2_PLACEMENT_3D('',#16247,#12952,#12953);
#10524=AXIS2_PLACEMENT_3D('',#16248,#12954,#12955);
#10525=AXIS2_PLACEMENT_3D('',#16251,#12958,#12959);
#10526=AXIS2_PLACEMENT_3D('',#16252,#12960,#12961);
#10527=AXIS2_PLACEMENT_3D('',#16253,#12962,#12963);
#10528=AXIS2_PLACEMENT_3D('',#16255,#12964,#12965);
#10529=AXIS2_PLACEMENT_3D('',#16258,#12967,#12968);
#10530=AXIS2_PLACEMENT_3D('',#16259,#12969,#12970);
#10531=AXIS2_PLACEMENT_3D('',#16265,#12974,#12975);
#10532=AXIS2_PLACEMENT_3D('',#16267,#12976,#12977);
#10533=AXIS2_PLACEMENT_3D('',#16270,#12979,#12980);
#10534=AXIS2_PLACEMENT_3D('',#16271,#12981,#12982);
#10535=AXIS2_PLACEMENT_3D('',#16277,#12986,#12987);
#10536=AXIS2_PLACEMENT_3D('',#16283,#12991,#12992);
#10537=AXIS2_PLACEMENT_3D('',#16287,#12994,#12995);
#10538=AXIS2_PLACEMENT_3D('',#16288,#12996,#12997);
#10539=AXIS2_PLACEMENT_3D('',#16289,#12998,#12999);
#10540=AXIS2_PLACEMENT_3D('',#16293,#13001,#13002);
#10541=AXIS2_PLACEMENT_3D('',#16294,#13003,#13004);
#10542=AXIS2_PLACEMENT_3D('',#16295,#13005,#13006);
#10543=AXIS2_PLACEMENT_3D('',#16301,#13010,#13011);
#10544=AXIS2_PLACEMENT_3D('',#16307,#13015,#13016);
#10545=AXIS2_PLACEMENT_3D('',#16308,#13017,#13018);
#10546=AXIS2_PLACEMENT_3D('',#16309,#13019,#13020);
#10547=AXIS2_PLACEMENT_3D('',#16310,#13021,#13022);
#10548=AXIS2_PLACEMENT_3D('',#16314,#13024,#13025);
#10549=AXIS2_PLACEMENT_3D('',#16315,#13026,#13027);
#10550=AXIS2_PLACEMENT_3D('',#16316,#13028,#13029);
#10551=AXIS2_PLACEMENT_3D('',#16318,#13031,#13032);
#10552=AXIS2_PLACEMENT_3D('',#16320,#13034,#13035);
#10553=AXIS2_PLACEMENT_3D('',#16321,#13036,#13037);
#10554=AXIS2_PLACEMENT_3D('',#16327,#13041,#13042);
#10555=AXIS2_PLACEMENT_3D('',#16331,#13045,#13046);
#10556=AXIS2_PLACEMENT_3D('',#16335,#13049,#13050);
#10557=AXIS2_PLACEMENT_3D('',#16337,#13052,#13053);
#10558=AXIS2_PLACEMENT_3D('',#16338,#13054,#13055);
#10559=AXIS2_PLACEMENT_3D('',#16342,#13058,#13059);
#10560=AXIS2_PLACEMENT_3D('',#16346,#13062,#13063);
#10561=AXIS2_PLACEMENT_3D('',#16348,#13065,#13066);
#10562=AXIS2_PLACEMENT_3D('',#16349,#13067,#13068);
#10563=AXIS2_PLACEMENT_3D('',#16355,#13072,#13073);
#10564=AXIS2_PLACEMENT_3D('',#16359,#13076,#13077);
#10565=AXIS2_PLACEMENT_3D('',#16375,#13086,#13087);
#10566=AXIS2_PLACEMENT_3D('',#16378,#13090,#13091);
#10567=AXIS2_PLACEMENT_3D('',#16380,#13093,#13094);
#10568=AXIS2_PLACEMENT_3D('',#16383,#13097,#13098);
#10569=AXIS2_PLACEMENT_3D('',#16385,#13100,#13101);
#10570=AXIS2_PLACEMENT_3D('',#16388,#13104,#13105);
#10571=AXIS2_PLACEMENT_3D('',#16389,#13106,#13107);
#10572=AXIS2_PLACEMENT_3D('',#16391,#13109,#13110);
#10573=AXIS2_PLACEMENT_3D('',#16392,#13111,#13112);
#10574=AXIS2_PLACEMENT_3D('',#16393,#13113,#13114);
#10575=AXIS2_PLACEMENT_3D('',#16394,#13115,#13116);
#10576=AXIS2_PLACEMENT_3D('',#16405,#13123,#13124);
#10577=AXIS2_PLACEMENT_3D('',#16411,#13128,#13129);
#10578=AXIS2_PLACEMENT_3D('',#16417,#13133,#13134);
#10579=AXIS2_PLACEMENT_3D('',#16421,#13137,#13138);
#10580=AXIS2_PLACEMENT_3D('',#16431,#13144,#13145);
#10581=AXIS2_PLACEMENT_3D('',#16443,#13152,#13153);
#10582=AXIS2_PLACEMENT_3D('',#16447,#13156,#13157);
#10583=AXIS2_PLACEMENT_3D('',#16457,#13163,#13164);
#10584=AXIS2_PLACEMENT_3D('',#16461,#13167,#13168);
#10585=AXIS2_PLACEMENT_3D('',#16471,#13174,#13175);
#10586=AXIS2_PLACEMENT_3D('',#16473,#13176,#13177);
#10587=AXIS2_PLACEMENT_3D('',#16476,#13179,#13180);
#10588=AXIS2_PLACEMENT_3D('',#16477,#13181,#13182);
#10589=AXIS2_PLACEMENT_3D('',#16480,#13184,#13185);
#10590=AXIS2_PLACEMENT_3D('',#16482,#13186,#13187);
#10591=AXIS2_PLACEMENT_3D('',#16485,#13189,#13190);
#10592=AXIS2_PLACEMENT_3D('',#16486,#13191,#13192);
#10593=AXIS2_PLACEMENT_3D('',#16489,#13194,#13195);
#10594=AXIS2_PLACEMENT_3D('',#16490,#13196,#13197);
#10595=AXIS2_PLACEMENT_3D('',#16493,#13199,#13200);
#10596=AXIS2_PLACEMENT_3D('',#16495,#13201,#13202);
#10597=AXIS2_PLACEMENT_3D('',#16497,#13204,#13205);
#10598=AXIS2_PLACEMENT_3D('',#16499,#13207,#13208);
#10599=AXIS2_PLACEMENT_3D('',#16501,#13210,#13211);
#10600=AXIS2_PLACEMENT_3D('',#16502,#13212,#13213);
#10601=AXIS2_PLACEMENT_3D('',#16503,#13214,#13215);
#10602=AXIS2_PLACEMENT_3D('',#16505,#13216,#13217);
#10603=AXIS2_PLACEMENT_3D('',#16508,#13219,#13220);
#10604=AXIS2_PLACEMENT_3D('',#16509,#13221,#13222);
#10605=AXIS2_PLACEMENT_3D('',#16511,#13223,#13224);
#10606=AXIS2_PLACEMENT_3D('',#16514,#13226,#13227);
#10607=AXIS2_PLACEMENT_3D('',#16516,#13228,#13229);
#10608=AXIS2_PLACEMENT_3D('',#16518,#13231,#13232);
#10609=AXIS2_PLACEMENT_3D('',#16520,#13233,#13234);
#10610=AXIS2_PLACEMENT_3D('',#16522,#13236,#13237);
#10611=AXIS2_PLACEMENT_3D('',#16525,#13239,#13240);
#10612=AXIS2_PLACEMENT_3D('',#16527,#13241,#13242);
#10613=AXIS2_PLACEMENT_3D('',#16529,#13244,#13245);
#10614=AXIS2_PLACEMENT_3D('',#16531,#13247,#13248);
#10615=AXIS2_PLACEMENT_3D('',#16533,#13250,#13251);
#10616=AXIS2_PLACEMENT_3D('',#16534,#13252,#13253);
#10617=AXIS2_PLACEMENT_3D('',#16535,#13254,#13255);
#10618=AXIS2_PLACEMENT_3D('',#16537,#13257,#13258);
#10619=AXIS2_PLACEMENT_3D('',#16540,#13259,#13260);
#10620=AXIS2_PLACEMENT_3D('',#16548,#13265,#13266);
#10621=AXIS2_PLACEMENT_3D('',#16549,#13267,#13268);
#10622=AXIS2_PLACEMENT_3D('',#16552,#13271,#13272);
#10623=AXIS2_PLACEMENT_3D('',#16553,#13273,#13274);
#10624=AXIS2_PLACEMENT_3D('',#16555,#13276,#13277);
#10625=AXIS2_PLACEMENT_3D('',#16560,#13279,#13280);
#10626=AXIS2_PLACEMENT_3D('',#16563,#13282,#13283);
#10627=AXIS2_PLACEMENT_3D('',#16564,#13284,#13285);
#10628=AXIS2_PLACEMENT_3D('',#16569,#13288,#13289);
#10629=AXIS2_PLACEMENT_3D('',#16570,#13290,#13291);
#10630=AXIS2_PLACEMENT_3D('',#16574,#13293,#13294);
#10631=AXIS2_PLACEMENT_3D('',#16576,#13296,#13297);
#10632=AXIS2_PLACEMENT_3D('',#16581,#13300,#13301);
#10633=AXIS2_PLACEMENT_3D('',#16582,#13302,#13303);
#10634=AXIS2_PLACEMENT_3D('',#16587,#13306,#13307);
#10635=AXIS2_PLACEMENT_3D('',#16588,#13308,#13309);
#10636=AXIS2_PLACEMENT_3D('',#16593,#13312,#13313);
#10637=AXIS2_PLACEMENT_3D('',#16594,#13314,#13315);
#10638=AXIS2_PLACEMENT_3D('',#16598,#13317,#13318);
#10639=AXIS2_PLACEMENT_3D('',#16600,#13320,#13321);
#10640=AXIS2_PLACEMENT_3D('',#16605,#13324,#13325);
#10641=AXIS2_PLACEMENT_3D('',#16606,#13326,#13327);
#10642=AXIS2_PLACEMENT_3D('',#16611,#13330,#13331);
#10643=AXIS2_PLACEMENT_3D('',#16612,#13332,#13333);
#10644=AXIS2_PLACEMENT_3D('',#16617,#13336,#13337);
#10645=AXIS2_PLACEMENT_3D('',#16618,#13338,#13339);
#10646=AXIS2_PLACEMENT_3D('',#16622,#13341,#13342);
#10647=AXIS2_PLACEMENT_3D('',#16624,#13344,#13345);
#10648=AXIS2_PLACEMENT_3D('',#16629,#13348,#13349);
#10649=AXIS2_PLACEMENT_3D('',#16630,#13350,#13351);
#10650=AXIS2_PLACEMENT_3D('',#16635,#13354,#13355);
#10651=AXIS2_PLACEMENT_3D('',#16636,#13356,#13357);
#10652=AXIS2_PLACEMENT_3D('',#16640,#13360,#13361);
#10653=AXIS2_PLACEMENT_3D('',#16647,#13365,#13366);
#10654=AXIS2_PLACEMENT_3D('',#16648,#13367,#13368);
#10655=AXIS2_PLACEMENT_3D('',#16653,#13371,#13372);
#10656=AXIS2_PLACEMENT_3D('',#16654,#13373,#13374);
#10657=AXIS2_PLACEMENT_3D('',#16659,#13377,#13378);
#10658=AXIS2_PLACEMENT_3D('',#16660,#13379,#13380);
#10659=AXIS2_PLACEMENT_3D('',#16664,#13382,#13383);
#10660=AXIS2_PLACEMENT_3D('',#16666,#13385,#13386);
#10661=AXIS2_PLACEMENT_3D('',#16671,#13389,#13390);
#10662=AXIS2_PLACEMENT_3D('',#16672,#13391,#13392);
#10663=AXIS2_PLACEMENT_3D('',#16677,#13395,#13396);
#10664=AXIS2_PLACEMENT_3D('',#16678,#13397,#13398);
#10665=AXIS2_PLACEMENT_3D('',#16683,#13401,#13402);
#10666=AXIS2_PLACEMENT_3D('',#16684,#13403,#13404);
#10667=AXIS2_PLACEMENT_3D('',#16688,#13406,#13407);
#10668=AXIS2_PLACEMENT_3D('',#16690,#13409,#13410);
#10669=AXIS2_PLACEMENT_3D('',#16693,#13413,#13414);
#10670=AXIS2_PLACEMENT_3D('',#16695,#13416,#13417);
#10671=AXIS2_PLACEMENT_3D('',#16702,#13419,#13420);
#10672=AXIS2_PLACEMENT_3D('',#16704,#13421,#13422);
#10673=AXIS2_PLACEMENT_3D('',#16706,#13423,#13424);
#10674=AXIS2_PLACEMENT_3D('',#16707,#13425,#13426);
#10675=AXIS2_PLACEMENT_3D('',#16714,#13428,#13429);
#10676=AXIS2_PLACEMENT_3D('',#16716,#13430,#13431);
#10677=AXIS2_PLACEMENT_3D('',#16718,#13432,#13433);
#10678=AXIS2_PLACEMENT_3D('',#16719,#13434,#13435);
#10679=AXIS2_PLACEMENT_3D('',#16721,#13437,#13438);
#10680=AXIS2_PLACEMENT_3D('',#16723,#13440,#13441);
#10681=AXIS2_PLACEMENT_3D('',#16725,#13443,#13444);
#10682=AXIS2_PLACEMENT_3D('',#16727,#13446,#13447);
#10683=AXIS2_PLACEMENT_3D('',#16728,#13448,#13449);
#10684=AXIS2_PLACEMENT_3D('',#16730,#13451,#13452);
#10685=AXIS2_PLACEMENT_3D('',#16732,#13454,#13455);
#10686=AXIS2_PLACEMENT_3D('',#16734,#13457,#13458);
#10687=AXIS2_PLACEMENT_3D('',#16736,#13460,#13461);
#10688=AXIS2_PLACEMENT_3D('',#16738,#13463,#13464);
#10689=AXIS2_PLACEMENT_3D('',#16740,#13466,#13467);
#10690=AXIS2_PLACEMENT_3D('',#16742,#13469,#13470);
#10691=AXIS2_PLACEMENT_3D('',#16743,#13471,#13472);
#10692=AXIS2_PLACEMENT_3D('',#16744,#13473,#13474);
#10693=AXIS2_PLACEMENT_3D('',#16746,#13475,#13476);
#10694=AXIS2_PLACEMENT_3D('',#16747,#13477,#13478);
#10695=AXIS2_PLACEMENT_3D('',#16749,#13480,#13481);
#10696=AXIS2_PLACEMENT_3D('',#16751,#13482,#13483);
#10697=AXIS2_PLACEMENT_3D('',#16752,#13484,#13485);
#10698=AXIS2_PLACEMENT_3D('',#16754,#13487,#13488);
#10699=AXIS2_PLACEMENT_3D('',#16756,#13489,#13490);
#10700=AXIS2_PLACEMENT_3D('',#16757,#13491,#13492);
#10701=AXIS2_PLACEMENT_3D('',#16759,#13494,#13495);
#10702=AXIS2_PLACEMENT_3D('',#16760,#13496,#13497);
#10703=AXIS2_PLACEMENT_3D('',#16762,#13499,#13500);
#10704=AXIS2_PLACEMENT_3D('',#16764,#13502,#13503);
#10705=AXIS2_PLACEMENT_3D('',#16765,#13504,#13505);
#10706=AXIS2_PLACEMENT_3D('',#16767,#13507,#13508);
#10707=AXIS2_PLACEMENT_3D('',#16770,#13511,#13512);
#10708=AXIS2_PLACEMENT_3D('',#16772,#13514,#13515);
#10709=AXIS2_PLACEMENT_3D('',#16773,#13516,#13517);
#10710=AXIS2_PLACEMENT_3D('',#16774,#13518,#13519);
#10711=AXIS2_PLACEMENT_3D('',#16776,#13520,#13521);
#10712=AXIS2_PLACEMENT_3D('',#16778,#13523,#13524);
#10713=AXIS2_PLACEMENT_3D('',#16779,#13525,#13526);
#10714=AXIS2_PLACEMENT_3D('',#16781,#13527,#13528);
#10715=AXIS2_PLACEMENT_3D('',#16783,#13530,#13531);
#10716=AXIS2_PLACEMENT_3D('',#16784,#13532,#13533);
#10717=AXIS2_PLACEMENT_3D('',#16786,#13534,#13535);
#10718=AXIS2_PLACEMENT_3D('',#16788,#13537,#13538);
#10719=DIRECTION('axis',(0.,0.,1.));
#10720=DIRECTION('refdir',(1.,0.,0.));
#10721=DIRECTION('center_axis',(0.,0.,1.));
#10722=DIRECTION('ref_axis',(-1.,0.,0.));
#10723=DIRECTION('',(-1.,0.,0.));
#10724=DIRECTION('',(1.,0.,0.));
#10725=DIRECTION('center_axis',(0.,-1.,0.));
#10726=DIRECTION('ref_axis',(0.,0.,-1.));
#10727=DIRECTION('',(0.,0.,-1.));
#10728=DIRECTION('center_axis',(0.,1.,0.));
#10729=DIRECTION('ref_axis',(0.707106781186733,-4.36437063480695E-16,0.707106781186362));
#10730=DIRECTION('',(1.,0.,0.));
#10731=DIRECTION('',(0.,0.,1.));
#10732=DIRECTION('center_axis',(0.,1.,0.));
#10733=DIRECTION('ref_axis',(0.,-1.00445650866079E-15,1.));
#10734=DIRECTION('center_axis',(0.,1.,0.));
#10735=DIRECTION('ref_axis',(0.,-1.00445650866079E-15,1.));
#10736=DIRECTION('center_axis',(0.,1.,0.));
#10737=DIRECTION('ref_axis',(0.,-1.00445650866079E-15,1.));
#10738=DIRECTION('center_axis',(0.,1.,0.));
#10739=DIRECTION('ref_axis',(0.,-1.00445650866079E-15,1.));
#10740=DIRECTION('center_axis',(1.,0.,0.));
#10741=DIRECTION('ref_axis',(0.,0.,-1.));
#10742=DIRECTION('',(0.,0.600420225325875,0.799684658487097));
#10743=DIRECTION('',(1.31838984174237E-15,1.,0.));
#10744=DIRECTION('',(6.32321319341217E-30,1.0044565086608E-15,-1.));
#10745=DIRECTION('',(0.,1.,0.));
#10746=DIRECTION('',(0.,9.00180830777154E-16,1.));
#10747=DIRECTION('',(-3.23076826117025E-16,1.,-1.41482319188489E-15));
#10748=DIRECTION('',(0.,-9.49675767314157E-16,1.));
#10749=DIRECTION('',(0.,1.,9.99200722162641E-16));
#10750=DIRECTION('',(0.,0.,1.));
#10751=DIRECTION('center_axis',(-1.,0.,0.));
#10752=DIRECTION('ref_axis',(-1.47911419728939E-30,1.00445650866079E-15,
-1.));
#10753=DIRECTION('center_axis',(-1.,0.,0.));
#10754=DIRECTION('ref_axis',(0.,1.00445650866079E-15,-1.));
#10755=DIRECTION('center_axis',(-1.,0.,0.));
#10756=DIRECTION('ref_axis',(0.,1.00445650866079E-15,-1.));
#10757=DIRECTION('center_axis',(0.,0.,-1.));
#10758=DIRECTION('ref_axis',(1.,0.,0.));
#10759=DIRECTION('',(0.106922879226853,-0.994267317122433,0.));
#10760=DIRECTION('',(-1.,0.,0.));
#10761=DIRECTION('',(0.,-1.,0.));
#10762=DIRECTION('',(1.,0.,0.));
#10763=DIRECTION('center_axis',(0.,0.,1.));
#10764=DIRECTION('ref_axis',(-1.,0.,0.));
#10765=DIRECTION('',(-1.,0.,0.));
#10766=DIRECTION('',(0.,1.,0.));
#10767=DIRECTION('',(1.,0.,0.));
#10768=DIRECTION('center_axis',(0.,0.,1.));
#10769=DIRECTION('ref_axis',(-1.,0.,0.));
#10770=DIRECTION('center_axis',(0.106316872414405,-0.988632108157548,0.106316872414405));
#10771=DIRECTION('ref_axis',(-0.994332299907842,-0.105707391500319,0.0113677061089422));
#10772=DIRECTION('',(0.,0.994267317122433,-0.106922879226853));
#10773=DIRECTION('center_axis',(-1.,0.,0.));
#10774=DIRECTION('ref_axis',(0.,0.,-1.));
#10775=DIRECTION('',(0.,0.,1.));
#10776=DIRECTION('',(0.,-1.,0.));
#10777=DIRECTION('',(0.,-1.27856778267772E-16,-1.));
#10778=DIRECTION('',(0.,1.,-5.09395259938321E-16));
#10779=DIRECTION('',(0.,0.668688983046314,0.74354222741717));
#10780=DIRECTION('',(0.,2.48031500082128E-16,1.));
#10781=DIRECTION('',(0.,1.,0.));
#10782=DIRECTION('',(-3.33066907387539E-16,1.89263492836092E-15,-1.));
#10783=DIRECTION('',(-1.31838984174237E-15,-1.,0.));
#10784=DIRECTION('',(0.,-0.600420225325875,-0.799684658487097));
#10785=DIRECTION('center_axis',(1.,0.,0.));
#10786=DIRECTION('ref_axis',(0.,-1.00445650866079E-15,1.));
#10787=DIRECTION('center_axis',(1.,0.,0.));
#10788=DIRECTION('ref_axis',(0.,-1.00445650866079E-15,1.));
#10789=DIRECTION('center_axis',(1.,0.,0.));
#10790=DIRECTION('ref_axis',(1.4791141972894E-30,-1.00445650866079E-15,
1.));
#10791=DIRECTION('center_axis',(0.586967571460929,-1.3847879391565E-16,
-0.809610443394389));
#10792=DIRECTION('ref_axis',(-0.809610443394389,0.,-0.586967571460929));
#10793=DIRECTION('',(0.809610443394389,0.,0.586967571460929));
#10794=DIRECTION('',(2.35922392732846E-16,1.,0.));
#10795=DIRECTION('',(0.629238904244015,0.629238904244009,0.456198205576908));
#10796=DIRECTION('',(-2.35922392732846E-16,-1.,-5.34672002746098E-32));
#10797=DIRECTION('center_axis',(1.97746594151354E-16,0.586967571460932,
-0.809610443394387));
#10798=DIRECTION('ref_axis',(2.81114259082345E-15,-0.809610443394387,-0.586967571460932));
#10799=DIRECTION('',(-1.,3.70074341541719E-16,0.));
#10800=DIRECTION('',(2.81114259082345E-15,-0.809610443394387,-0.586967571460932));
#10801=DIRECTION('',(-1.,2.43015253846364E-17,-2.26630459513672E-16));
#10802=DIRECTION('center_axis',(-3.08964530321245E-16,0.278290508725091,
-0.96049695093401));
#10803=DIRECTION('ref_axis',(1.21123289080077E-15,-0.96049695093401,-0.278290508725091));
#10804=DIRECTION('',(1.21123289080077E-15,-0.96049695093401,-0.278290508725091));
#10805=DIRECTION('',(1.,0.,-3.21671536823516E-16));
#10806=DIRECTION('',(1.21123289080077E-15,-0.96049695093401,-0.278290508725091));
#10807=DIRECTION('',(1.,-3.70074341541719E-16,0.));
#10808=DIRECTION('center_axis',(0.,1.,0.));
#10809=DIRECTION('ref_axis',(1.,0.,0.));
#10810=DIRECTION('',(1.,0.,2.26630459513672E-16));
#10811=DIRECTION('',(-3.88693265468254E-17,0.,-1.));
#10812=DIRECTION('',(5.84198749797461E-31,0.,-1.));
#10813=DIRECTION('',(0.518512392703883,0.,-0.855070113272879));
#10814=DIRECTION('',(1.,0.,1.43653104202258E-15));
#10815=DIRECTION('',(0.518512392703887,0.,0.855070113272876));
#10816=DIRECTION('',(7.31853378867152E-32,0.,1.));
#10817=DIRECTION('',(-3.88693265468244E-17,0.,1.));
#10818=DIRECTION('',(1.,0.,2.26630459513672E-16));
#10819=DIRECTION('',(0.,0.,-1.));
#10820=DIRECTION('',(-1.,0.,0.));
#10821=DIRECTION('',(0.,0.,-1.));
#10822=DIRECTION('',(1.,0.,0.));
#10823=DIRECTION('',(0.,0.,-1.));
#10824=DIRECTION('',(-1.,0.,0.));
#10825=DIRECTION('',(0.,0.,-1.));
#10826=DIRECTION('',(1.,0.,0.));
#10827=DIRECTION('',(0.,0.,-1.));
#10828=DIRECTION('',(-1.,0.,0.));
#10829=DIRECTION('',(0.,0.,-1.));
#10830=DIRECTION('',(-1.,0.,0.));
#10831=DIRECTION('',(-0.928476690885259,0.,0.371390676354105));
#10832=DIRECTION('',(-1.,0.,0.));
#10833=DIRECTION('',(-1.,0.,0.));
#10834=DIRECTION('',(0.,0.,1.));
#10835=DIRECTION('',(0.687794982735255,0.,0.72590499497125));
#10836=DIRECTION('',(1.,0.,0.));
#10837=DIRECTION('',(0.,0.,1.));
#10838=DIRECTION('',(-1.,0.,0.));
#10839=DIRECTION('',(6.1635665308028E-16,0.,-1.));
#10840=DIRECTION('',(-6.1635665308028E-16,0.,1.));
#10841=DIRECTION('',(0.,0.,1.));
#10842=DIRECTION('center_axis',(0.,1.,0.));
#10843=DIRECTION('ref_axis',(-1.,0.,0.));
#10844=DIRECTION('center_axis',(0.,1.,0.));
#10845=DIRECTION('ref_axis',(-1.,0.,0.));
#10846=DIRECTION('',(-1.,0.,0.));
#10847=DIRECTION('',(0.,0.,-1.));
#10848=DIRECTION('',(1.,0.,0.));
#10849=DIRECTION('',(0.,0.,-1.));
#10850=DIRECTION('',(1.,0.,0.));
#10851=DIRECTION('',(0.,0.,1.));
#10852=DIRECTION('',(-1.,0.,0.));
#10853=DIRECTION('',(0.,0.,1.));
#10854=DIRECTION('',(-1.,0.,0.));
#10855=DIRECTION('',(0.,0.,-1.));
#10856=DIRECTION('',(1.,0.,0.));
#10857=DIRECTION('',(0.,0.,-1.));
#10858=DIRECTION('',(0.,0.,1.));
#10859=DIRECTION('',(-1.,0.,0.));
#10860=DIRECTION('',(0.,0.,-1.));
#10861=DIRECTION('',(-1.,0.,0.));
#10862=DIRECTION('',(0.,0.,1.));
#10863=DIRECTION('',(-1.,0.,0.));
#10864=DIRECTION('',(0.,0.,-1.));
#10865=DIRECTION('',(-1.,0.,0.));
#10866=DIRECTION('',(0.,0.,-1.));
#10867=DIRECTION('',(1.,0.,0.));
#10868=DIRECTION('',(0.,0.,1.));
#10869=DIRECTION('',(1.,0.,0.));
#10870=DIRECTION('',(0.,0.,-1.));
#10871=DIRECTION('',(1.,0.,0.));
#10872=DIRECTION('',(0.,0.,1.));
#10873=DIRECTION('',(1.,0.,0.));
#10874=DIRECTION('',(-1.77635683940026E-14,0.,-1.));
#10875=DIRECTION('',(1.,0.,0.));
#10876=DIRECTION('',(0.,0.,1.));
#10877=DIRECTION('',(1.,0.,0.));
#10878=DIRECTION('',(-8.88178419700128E-15,0.,1.));
#10879=DIRECTION('',(-1.,0.,0.));
#10880=DIRECTION('',(8.88178419700128E-15,0.,-1.));
#10881=DIRECTION('',(-1.,0.,0.));
#10882=DIRECTION('',(4.91417109363224E-15,0.,1.));
#10883=DIRECTION('',(-1.,0.,-3.96761310336905E-15));
#10884=DIRECTION('',(-4.91417109363224E-15,0.,-1.));
#10885=DIRECTION('',(-1.,0.,-3.96761310336905E-15));
#10886=DIRECTION('',(-4.91417109363224E-15,0.,-1.));
#10887=DIRECTION('',(1.,0.,3.96761310336905E-15));
#10888=DIRECTION('',(4.91417109363224E-15,0.,1.));
#10889=DIRECTION('',(1.,0.,3.96761310336905E-15));
#10890=DIRECTION('',(8.88178419700128E-15,0.,-1.));
#10891=DIRECTION('',(1.,0.,0.));
#10892=DIRECTION('',(-8.88178419700128E-15,0.,1.));
#10893=DIRECTION('',(1.,0.,0.));
#10894=DIRECTION('',(-1.,0.,0.));
#10895=DIRECTION('',(0.,0.,-1.));
#10896=DIRECTION('',(1.,0.,0.));
#10897=DIRECTION('',(0.,0.,1.));
#10898=DIRECTION('',(-1.,0.,0.));
#10899=DIRECTION('',(0.,0.,-1.));
#10900=DIRECTION('',(1.,0.,0.));
#10901=DIRECTION('',(0.,0.,-1.));
#10902=DIRECTION('',(1.,0.,0.));
#10903=DIRECTION('',(0.,0.,1.));
#10904=DIRECTION('',(-1.,0.,0.));
#10905=DIRECTION('',(0.,0.,1.));
#10906=DIRECTION('',(1.,0.,0.));
#10907=DIRECTION('',(0.,0.,1.));
#10908=DIRECTION('',(-1.,0.,0.));
#10909=DIRECTION('',(0.,0.,1.));
#10910=DIRECTION('',(-1.,0.,0.));
#10911=DIRECTION('',(0.,0.,-1.));
#10912=DIRECTION('',(1.,0.,0.));
#10913=DIRECTION('',(0.,0.,-1.));
#10914=DIRECTION('',(0.,0.,-1.));
#10915=DIRECTION('',(1.,0.,0.));
#10916=DIRECTION('',(0.,0.,1.));
#10917=DIRECTION('',(1.,0.,0.));
#10918=DIRECTION('',(0.,0.,1.));
#10919=DIRECTION('',(-1.,0.,0.));
#10920=DIRECTION('',(0.,0.,-1.));
#10921=DIRECTION('',(-1.,0.,0.));
#10922=DIRECTION('',(-1.,0.,0.));
#10923=DIRECTION('',(0.,0.,-1.));
#10924=DIRECTION('',(1.,0.,0.));
#10925=DIRECTION('',(0.,0.,1.));
#10926=DIRECTION('',(1.,0.,0.));
#10927=DIRECTION('',(0.,0.,1.));
#10928=DIRECTION('',(-1.,0.,0.));
#10929=DIRECTION('',(0.,0.,-1.));
#10930=DIRECTION('',(-1.,0.,0.));
#10931=DIRECTION('',(0.,0.,1.));
#10932=DIRECTION('',(-1.,0.,0.));
#10933=DIRECTION('',(0.,0.,-1.));
#10934=DIRECTION('',(1.,0.,0.));
#10935=DIRECTION('',(0.,0.,1.));
#10936=DIRECTION('',(1.,0.,0.));
#10937=DIRECTION('',(0.,0.,-1.));
#10938=DIRECTION('',(-6.31088724176809E-30,0.,1.));
#10939=DIRECTION('',(-1.,0.,-5.02898827078395E-30));
#10940=DIRECTION('',(6.31088724176809E-30,0.,-1.));
#10941=DIRECTION('',(1.,0.,5.02898827078395E-30));
#10942=DIRECTION('',(-6.31088724176809E-30,0.,1.));
#10943=DIRECTION('',(-1.,0.,5.19044446075617E-30));
#10944=DIRECTION('',(6.31088724176809E-30,0.,-1.));
#10945=DIRECTION('',(1.,0.,-5.19044446075617E-30));
#10946=DIRECTION('',(-0.707106781186546,0.,0.707106781186549));
#10947=DIRECTION('',(-1.,0.,-5.02898827078395E-30));
#10948=DIRECTION('',(-0.707106781186546,0.,-0.707106781186549));
#10949=DIRECTION('',(-2.14425238664715E-15,0.,-1.));
#10950=DIRECTION('',(0.707106781186548,0.,-0.707106781186548));
#10951=DIRECTION('',(1.,0.,5.02898827078395E-30));
#10952=DIRECTION('',(0.707106781186546,0.,0.707106781186549));
#10953=DIRECTION('',(-6.31088724176809E-30,0.,1.));
#10954=DIRECTION('center_axis',(0.,-1.,0.));
#10955=DIRECTION('ref_axis',(0.,-1.00445650866079E-15,1.));
#10956=DIRECTION('center_axis',(0.,-1.,0.));
#10957=DIRECTION('ref_axis',(0.,-1.00445650866079E-15,1.));
#10958=DIRECTION('center_axis',(0.,-1.,0.));
#10959=DIRECTION('ref_axis',(0.,-1.00445650866079E-15,1.));
#10960=DIRECTION('center_axis',(0.,-1.,0.));
#10961=DIRECTION('ref_axis',(0.,-1.00445650866079E-15,1.));
#10962=DIRECTION('center_axis',(0.,1.,0.));
#10963=DIRECTION('ref_axis',(-1.,0.,0.));
#10964=DIRECTION('',(-1.,0.,0.));
#10965=DIRECTION('',(-1.77635683940026E-14,0.,-1.));
#10966=DIRECTION('',(-1.,0.,0.));
#10967=DIRECTION('',(0.,0.,1.));
#10968=DIRECTION('center_axis',(0.,1.,0.));
#10969=DIRECTION('ref_axis',(-1.,0.,0.));
#10970=DIRECTION('center_axis',(0.,1.,0.));
#10971=DIRECTION('ref_axis',(-1.,0.,0.));
#10972=DIRECTION('center_axis',(0.,1.,0.));
#10973=DIRECTION('ref_axis',(-1.,0.,0.));
#10974=DIRECTION('center_axis',(0.,1.,0.));
#10975=DIRECTION('ref_axis',(-1.,0.,0.));
#10976=DIRECTION('center_axis',(1.,-3.70074341541719E-16,0.));
#10977=DIRECTION('ref_axis',(2.75165900219874E-16,0.743542227417175,-0.668688983046308));
#10978=DIRECTION('center_axis',(-1.,2.35922392732846E-16,-6.96283744417243E-32));
#10979=DIRECTION('ref_axis',(1.7541826139017E-16,0.743542227417175,-0.668688983046308));
#10980=DIRECTION('',(1.,-3.70074341541719E-16,0.));
#10981=DIRECTION('center_axis',(1.,-2.35922392732846E-16,6.96283744417243E-32));
#10982=DIRECTION('ref_axis',(1.7541826139017E-16,0.743542227417175,-0.668688983046308));
#10983=DIRECTION('center_axis',(-1.,2.35922392732846E-16,-6.96283744417243E-32));
#10984=DIRECTION('ref_axis',(-6.96283744417243E-32,3.98848363848121E-48,
1.));
#10985=DIRECTION('',(-2.35922392732846E-16,-1.,-1.24384090619089E-47));
#10986=DIRECTION('',(1.5775870487438E-16,0.668688983046316,0.743542227417168));
#10987=DIRECTION('center_axis',(-1.,2.35922392732846E-16,-5.2722460627101E-32));
#10988=DIRECTION('ref_axis',(-5.2722460627101E-32,0.,1.));
#10989=DIRECTION('center_axis',(-1.,2.35922392732846E-16,-5.2722460627101E-32));
#10990=DIRECTION('ref_axis',(-5.2722460627101E-32,7.95450424425562E-50,
1.));
#10991=DIRECTION('',(-2.35922392732846E-16,-1.,0.));
#10992=DIRECTION('',(-1.22681242359795E-31,-7.4205137892684E-16,-1.));
#10993=DIRECTION('',(2.35922392732846E-16,1.,1.93082265152202E-16));
#10994=DIRECTION('',(-5.2722460627101E-32,0.,1.));
#10995=DIRECTION('',(2.35922392732846E-16,1.,1.24384090619089E-47));
#10996=DIRECTION('center_axis',(-1.,2.35922392732846E-16,-6.68056949459322E-32));
#10997=DIRECTION('ref_axis',(-6.68056949459322E-32,3.32255033791598E-48,
1.));
#10998=DIRECTION('',(-1.57758704874381E-16,-0.668688983046319,0.743542227417165));
#10999=DIRECTION('center_axis',(-1.,2.35922392732846E-16,-7.14736493827594E-32));
#11000=DIRECTION('ref_axis',(1.75418261390168E-16,0.743542227417169,0.668688983046315));
#11001=DIRECTION('',(-4.61077061494849E-32,-1.56056870369949E-48,1.));
#11002=DIRECTION('',(0.,-1.,-8.88178419700125E-16));
#11003=DIRECTION('',(5.2722460627101E-32,0.,-1.));
#11004=DIRECTION('',(8.88178419700125E-16,-1.,2.01288283386766E-31));
#11005=DIRECTION('center_axis',(1.,-2.35922392732846E-16,5.2722460627101E-32));
#11006=DIRECTION('ref_axis',(-5.2722460627101E-32,0.,1.));
#11007=DIRECTION('center_axis',(0.,0.,1.));
#11008=DIRECTION('ref_axis',(1.,0.,0.));
#11009=DIRECTION('',(0.656178714924787,0.754605522163505,0.));
#11010=DIRECTION('center_axis',(-1.,2.35922392732846E-16,-5.2722460627101E-32));
#11011=DIRECTION('ref_axis',(-5.2722460627101E-32,7.95450424425562E-50,
1.));
#11012=DIRECTION('',(2.35922392732846E-16,1.,0.));
#11013=DIRECTION('',(-1.5775870487438E-16,-0.668688983046316,-0.743542227417168));
#11014=DIRECTION('',(-2.35922392732846E-16,-1.,0.));
#11015=DIRECTION('',(-1.22681242359795E-31,-7.4205137892684E-16,-1.));
#11016=DIRECTION('center_axis',(1.,-2.35922392732846E-16,5.2722460627101E-32));
#11017=DIRECTION('ref_axis',(-5.2722460627101E-32,0.,1.));
#11018=DIRECTION('center_axis',(0.,-1.,0.));
#11019=DIRECTION('ref_axis',(-1.,0.,0.));
#11020=DIRECTION('',(-0.447213595499958,0.894427190999916,-5.47678698264203E-17));
#11021=DIRECTION('center_axis',(0.,1.,0.));
#11022=DIRECTION('ref_axis',(-1.,0.,0.));
#11023=DIRECTION('center_axis',(0.,-1.,0.));
#11024=DIRECTION('ref_axis',(-1.,0.,0.));
#11025=DIRECTION('',(-0.447213595499957,0.894427190999917,-5.47678698264201E-17));
#11026=DIRECTION('center_axis',(0.,1.,0.));
#11027=DIRECTION('ref_axis',(-1.,0.,0.));
#11028=DIRECTION('center_axis',(0.,-1.,0.));
#11029=DIRECTION('ref_axis',(-1.,0.,0.));
#11030=DIRECTION('',(-0.447213595499958,0.894427190999916,-5.47678698264203E-17));
#11031=DIRECTION('center_axis',(0.,1.,0.));
#11032=DIRECTION('ref_axis',(-1.,0.,0.));
#11033=DIRECTION('center_axis',(0.,-1.,0.));
#11034=DIRECTION('ref_axis',(-1.,0.,0.));
#11035=DIRECTION('',(-0.447213595499957,0.894427190999917,-5.47678698264201E-17));
#11036=DIRECTION('center_axis',(0.,1.,0.));
#11037=DIRECTION('ref_axis',(-1.,0.,0.));
#11038=DIRECTION('center_axis',(0.,-1.,0.));
#11039=DIRECTION('ref_axis',(-1.,0.,0.));
#11040=DIRECTION('',(-0.447213595499957,0.894427190999917,-5.47678698264201E-17));
#11041=DIRECTION('center_axis',(0.,1.,0.));
#11042=DIRECTION('ref_axis',(-1.,0.,0.));
#11043=DIRECTION('center_axis',(0.,-1.,0.));
#11044=DIRECTION('ref_axis',(-1.,0.,0.));
#11045=DIRECTION('',(-0.447213595499957,0.894427190999917,-5.47678698264201E-17));
#11046=DIRECTION('center_axis',(0.,1.,0.));
#11047=DIRECTION('ref_axis',(-1.,0.,0.));
#11048=DIRECTION('center_axis',(1.31838984174238E-15,1.,1.00445650866079E-15));
#11049=DIRECTION('ref_axis',(0.,-1.00445650866079E-15,1.));
#11050=DIRECTION('',(-1.01883800296704E-15,-0.707106781186548,0.707106781186547));
#11051=DIRECTION('center_axis',(-1.31838984174238E-15,-1.,-1.00445650866079E-15));
#11052=DIRECTION('ref_axis',(0.,-1.00445650866079E-15,1.));
#11053=DIRECTION('center_axis',(-1.31838984174238E-15,-1.,-1.00445650866079E-15));
#11054=DIRECTION('ref_axis',(0.,-1.00445650866079E-15,1.));
#11055=DIRECTION('',(-1.31838984174238E-15,-1.,-1.00445650866079E-15));
#11056=DIRECTION('center_axis',(1.31838984174238E-15,1.,1.00445650866079E-15));
#11057=DIRECTION('ref_axis',(0.,-1.00445650866079E-15,1.));
#11058=DIRECTION('',(-1.01883800296704E-15,-0.707106781186548,0.707106781186547));
#11059=DIRECTION('center_axis',(-1.31838984174238E-15,-1.,-1.00445650866079E-15));
#11060=DIRECTION('ref_axis',(0.,-1.00445650866079E-15,1.));
#11061=DIRECTION('center_axis',(-1.31838984174238E-15,-1.,-1.00445650866079E-15));
#11062=DIRECTION('ref_axis',(0.,-1.00445650866079E-15,1.));
#11063=DIRECTION('',(-1.31838984174238E-15,-1.,-1.00445650866079E-15));
#11064=DIRECTION('center_axis',(1.31838984174238E-15,1.,1.00445650866079E-15));
#11065=DIRECTION('ref_axis',(0.,-1.00445650866079E-15,1.));
#11066=DIRECTION('',(-1.01883800296704E-15,-0.707106781186548,0.707106781186547));
#11067=DIRECTION('center_axis',(-1.31838984174238E-15,-1.,-1.00445650866079E-15));
#11068=DIRECTION('ref_axis',(0.,-1.00445650866079E-15,1.));
#11069=DIRECTION('center_axis',(-1.31838984174238E-15,-1.,-1.00445650866079E-15));
#11070=DIRECTION('ref_axis',(0.,-1.00445650866079E-15,1.));
#11071=DIRECTION('',(-1.31838984174238E-15,-1.,-1.00445650866079E-15));
#11072=DIRECTION('center_axis',(1.31838984174238E-15,1.,1.00445650866079E-15));
#11073=DIRECTION('ref_axis',(0.,-1.00445650866079E-15,1.));
#11074=DIRECTION('',(-1.01883800296704E-15,-0.707106781186548,0.707106781186547));
#11075=DIRECTION('center_axis',(-1.31838984174238E-15,-1.,-1.00445650866079E-15));
#11076=DIRECTION('ref_axis',(0.,-1.00445650866079E-15,1.));
#11077=DIRECTION('center_axis',(-1.31838984174238E-15,-1.,-1.00445650866079E-15));
#11078=DIRECTION('ref_axis',(0.,-1.00445650866079E-15,1.));
#11079=DIRECTION('',(-1.31838984174238E-15,-1.,-1.00445650866079E-15));
#11080=DIRECTION('center_axis',(0.725904994971248,0.687794982735257,-1.64261428613341E-16));
#11081=DIRECTION('ref_axis',(-2.26285023179717E-16,0.,-1.));
#11082=DIRECTION('',(0.,2.38823243461443E-16,1.));
#11083=DIRECTION('',(-0.687794982735257,0.725904994971248,-1.55875292988489E-16));
#11084=DIRECTION('',(0.,-2.38823243461443E-16,-1.));
#11085=DIRECTION('',(-0.662596107182769,0.699309875654636,-0.268201596859784));
#11086=DIRECTION('center_axis',(0.725904994971249,0.511404613469327,-0.459920927549595));
#11087=DIRECTION('ref_axis',(-0.535202481969185,0.,-0.844723802964036));
#11088=DIRECTION('',(0.,0.668688983046313,0.743542227417171));
#11089=DIRECTION('',(0.,-0.668688983046313,-0.743542227417171));
#11090=DIRECTION('',(-0.654413575225213,0.307753726658337,-0.690673958021337));
#11091=DIRECTION('center_axis',(0.72590499497125,0.,-0.687794982735255));
#11092=DIRECTION('ref_axis',(-0.687794982735255,0.,-0.72590499497125));
#11093=DIRECTION('',(0.,-1.,0.));
#11094=DIRECTION('',(0.,1.,0.));
#11095=DIRECTION('center_axis',(0.,0.743542227417171,-0.668688983046313));
#11096=DIRECTION('ref_axis',(0.,0.668688983046313,0.743542227417171));
#11097=DIRECTION('',(1.,0.,0.));
#11098=DIRECTION('',(0.,0.668688983046313,0.743542227417171));
#11099=DIRECTION('',(1.,0.,0.));
#11100=DIRECTION('center_axis',(0.,1.,-2.38823243461443E-16));
#11101=DIRECTION('ref_axis',(0.,2.38823243461443E-16,1.));
#11102=DIRECTION('',(-1.,-5.41246214082122E-32,-2.26630459513672E-16));
#11103=DIRECTION('',(0.,2.38823243461443E-16,1.));
#11104=DIRECTION('center_axis',(2.26630459513672E-16,0.,-1.));
#11105=DIRECTION('ref_axis',(-1.,0.,-2.26630459513672E-16));
#11106=DIRECTION('',(-1.,0.,0.));
#11107=DIRECTION('',(0.,1.,0.));
#11108=DIRECTION('',(0.,1.,0.));
#11109=DIRECTION('',(-1.,1.31838984174238E-15,-2.26630459513672E-16));
#11110=DIRECTION('',(0.,1.,0.));
#11111=DIRECTION('',(-0.573576436351031,0.819152044289002,-1.29989891336448E-16));
#11112=DIRECTION('',(-1.,4.28646016235839E-16,-2.26630459513672E-16));
#11113=DIRECTION('',(-0.57357643635104,-0.819152044288996,-1.29989891336451E-16));
#11114=DIRECTION('center_axis',(-2.26630459513672E-16,0.,1.));
#11115=DIRECTION('ref_axis',(1.,-1.31838984174238E-15,0.));
#11116=DIRECTION('center_axis',(1.,0.,0.));
#11117=DIRECTION('ref_axis',(0.,-1.00445650866079E-15,1.));
#11118=DIRECTION('',(1.,0.,0.));
#11119=DIRECTION('center_axis',(1.,1.31838984174236E-15,6.1635665308028E-16));
#11120=DIRECTION('ref_axis',(-6.16356653080279E-16,-1.00445650866079E-15,
1.));
#11121=DIRECTION('center_axis',(-1.,-1.31838984174236E-15,-6.1635665308028E-16));
#11122=DIRECTION('ref_axis',(-6.16356653080279E-16,-1.00445650866079E-15,
1.));
#11123=DIRECTION('center_axis',(-1.,-1.31838984174236E-15,-6.1635665308028E-16));
#11124=DIRECTION('ref_axis',(1.77185554883626E-30,-1.00445650866079E-15,
1.));
#11125=DIRECTION('center_axis',(1.,0.,0.));
#11126=DIRECTION('ref_axis',(0.,-1.00445650866079E-15,1.));
#11127=DIRECTION('',(1.,0.,0.));
#11128=DIRECTION('center_axis',(1.,1.31838984174236E-15,6.1635665308028E-16));
#11129=DIRECTION('ref_axis',(-6.16356653080279E-16,-1.00445650866079E-15,
1.));
#11130=DIRECTION('center_axis',(-1.,-1.31838984174236E-15,-6.1635665308028E-16));
#11131=DIRECTION('ref_axis',(-6.16356653080279E-16,-1.00445650866079E-15,
1.));
#11132=DIRECTION('center_axis',(-1.,-1.31838984174236E-15,-6.1635665308028E-16));
#11133=DIRECTION('ref_axis',(9.24446373305872E-31,-1.00445650866079E-15,
1.));
#11134=DIRECTION('center_axis',(1.,1.48029736616688E-15,0.));
#11135=DIRECTION('ref_axis',(1.4791141972894E-30,-1.00445650866079E-15,
1.));
#11136=DIRECTION('',(1.,1.48029736616688E-15,0.));
#11137=DIRECTION('center_axis',(1.,1.31838984174236E-15,6.1635665308028E-16));
#11138=DIRECTION('ref_axis',(-6.16356653080279E-16,-1.00445650866079E-15,
1.));
#11139=DIRECTION('center_axis',(-1.,-1.31838984174236E-15,-6.1635665308028E-16));
#11140=DIRECTION('ref_axis',(-6.16356653080279E-16,-1.00445650866079E-15,
1.));
#11141=DIRECTION('center_axis',(-1.,-1.31838984174236E-15,-6.1635665308028E-16));
#11142=DIRECTION('ref_axis',(1.30963236218332E-30,-1.00445650866079E-15,
1.));
#11143=DIRECTION('center_axis',(1.,1.77635683940025E-15,0.));
#11144=DIRECTION('ref_axis',(1.77185554883626E-30,-1.00445650866079E-15,
1.));
#11145=DIRECTION('',(1.,1.77635683940025E-15,0.));
#11146=DIRECTION('center_axis',(-1.,0.,0.));
#11147=DIRECTION('ref_axis',(1.77185554883626E-30,-1.00445650866079E-15,
1.));
#11148=DIRECTION('center_axis',(1.,8.88178419700125E-16,0.));
#11149=DIRECTION('ref_axis',(9.24446373305872E-31,-1.00445650866079E-15,
1.));
#11150=DIRECTION('',(1.,8.88178419700125E-16,0.));
#11151=DIRECTION('center_axis',(-1.,0.,0.));
#11152=DIRECTION('ref_axis',(9.24446373305872E-31,-1.00445650866079E-15,
1.));
#11153=DIRECTION('center_axis',(1.,1.33226762955019E-15,0.));
#11154=DIRECTION('ref_axis',(1.30963236218332E-30,-1.00445650866079E-15,
1.));
#11155=DIRECTION('',(1.,1.33226762955019E-15,0.));
#11156=DIRECTION('center_axis',(-1.,0.,0.));
#11157=DIRECTION('ref_axis',(1.30963236218332E-30,-1.00445650866079E-15,
1.));
#11158=DIRECTION('center_axis',(-1.,0.,0.));
#11159=DIRECTION('ref_axis',(0.,1.00445650866079E-15,-1.));
#11160=DIRECTION('',(-1.,0.,0.));
#11161=DIRECTION('center_axis',(-1.,-1.31838984174236E-15,-6.1635665308028E-16));
#11162=DIRECTION('ref_axis',(6.16356653080279E-16,1.00445650866079E-15,
-1.));
#11163=DIRECTION('center_axis',(1.,1.31838984174236E-15,6.1635665308028E-16));
#11164=DIRECTION('ref_axis',(6.16356653080279E-16,1.00445650866079E-15,
-1.));
#11165=DIRECTION('center_axis',(1.,1.31838984174236E-15,6.1635665308028E-16));
#11166=DIRECTION('ref_axis',(-1.77185554883626E-30,1.00445650866079E-15,
-1.));
#11167=DIRECTION('center_axis',(-1.,0.,0.));
#11168=DIRECTION('ref_axis',(0.,1.00445650866079E-15,-1.));
#11169=DIRECTION('',(-1.,0.,0.));
#11170=DIRECTION('center_axis',(-1.,-1.31838984174236E-15,-6.1635665308028E-16));
#11171=DIRECTION('ref_axis',(6.16356653080279E-16,1.00445650866079E-15,
-1.));
#11172=DIRECTION('center_axis',(1.,1.31838984174236E-15,6.1635665308028E-16));
#11173=DIRECTION('ref_axis',(6.16356653080279E-16,1.00445650866079E-15,
-1.));
#11174=DIRECTION('center_axis',(1.,1.31838984174236E-15,6.1635665308028E-16));
#11175=DIRECTION('ref_axis',(-9.24446373305872E-31,1.00445650866079E-15,
-1.));
#11176=DIRECTION('center_axis',(-1.,-1.48029736616687E-15,0.));
#11177=DIRECTION('ref_axis',(-1.47911419728939E-30,1.00445650866079E-15,
-1.));
#11178=DIRECTION('',(-1.,-1.48029736616687E-15,0.));
#11179=DIRECTION('center_axis',(-1.,-1.31838984174236E-15,-6.1635665308028E-16));
#11180=DIRECTION('ref_axis',(6.16356653080279E-16,1.00445650866079E-15,
-1.));
#11181=DIRECTION('center_axis',(1.,1.31838984174236E-15,6.1635665308028E-16));
#11182=DIRECTION('ref_axis',(6.16356653080279E-16,1.00445650866079E-15,
-1.));
#11183=DIRECTION('center_axis',(1.,1.31838984174236E-15,6.1635665308028E-16));
#11184=DIRECTION('ref_axis',(-1.30963236218332E-30,1.00445650866079E-15,
-1.));
#11185=DIRECTION('center_axis',(-1.,-1.33226762955019E-15,0.));
#11186=DIRECTION('ref_axis',(-1.30963236218332E-30,1.00445650866079E-15,
-1.));
#11187=DIRECTION('',(-1.,-1.33226762955019E-15,0.));
#11188=DIRECTION('center_axis',(1.,0.,0.));
#11189=DIRECTION('ref_axis',(-1.30963236218332E-30,1.00445650866079E-15,
-1.));
#11190=DIRECTION('center_axis',(-1.,-8.88178419700125E-16,0.));
#11191=DIRECTION('ref_axis',(-9.24446373305872E-31,1.00445650866079E-15,
-1.));
#11192=DIRECTION('',(-1.,-8.88178419700125E-16,0.));
#11193=DIRECTION('center_axis',(1.,0.,0.));
#11194=DIRECTION('ref_axis',(-9.24446373305872E-31,1.00445650866079E-15,
-1.));
#11195=DIRECTION('center_axis',(-1.,-1.77635683940025E-15,0.));
#11196=DIRECTION('ref_axis',(-1.77185554883626E-30,1.00445650866079E-15,
-1.));
#11197=DIRECTION('',(-1.,-1.77635683940025E-15,0.));
#11198=DIRECTION('center_axis',(1.,0.,0.));
#11199=DIRECTION('ref_axis',(-1.77185554883626E-30,1.00445650866079E-15,
-1.));
#11200=DIRECTION('center_axis',(-0.554700196225232,0.832050294337842,6.56896991587563E-16));
#11201=DIRECTION('ref_axis',(1.18423789293349E-15,0.,1.));
#11202=DIRECTION('',(-0.832050294337842,-0.554700196225232,0.));
#11203=DIRECTION('',(0.,7.89491928622334E-16,-1.));
#11204=DIRECTION('',(0.832050294337842,0.554700196225232,0.));
#11205=DIRECTION('',(0.,7.89491928622334E-16,-1.));
#11206=DIRECTION('center_axis',(-0.554700196225229,0.832050294337843,6.56896991587564E-16));
#11207=DIRECTION('ref_axis',(1.1842378929335E-15,0.,1.));
#11208=DIRECTION('',(-0.832050294337843,-0.554700196225229,0.));
#11209=DIRECTION('',(0.,7.89491928622334E-16,-1.));
#11210=DIRECTION('',(0.832050294337843,0.554700196225229,0.));
#11211=DIRECTION('',(0.,7.89491928622334E-16,-1.));
#11212=DIRECTION('center_axis',(0.,0.,1.));
#11213=DIRECTION('ref_axis',(1.,0.,0.));
#11214=DIRECTION('',(0.,1.,0.));
#11215=DIRECTION('',(-0.554700196225235,0.83205029433784,0.));
#11216=DIRECTION('',(0.,-1.,0.));
#11217=DIRECTION('',(0.554700196225235,0.83205029433784,0.));
#11218=DIRECTION('',(0.,1.,0.));
#11219=DIRECTION('',(0.,1.,0.));
#11220=DIRECTION('center_axis',(0.,-0.799684658487097,0.600420225325875));
#11221=DIRECTION('ref_axis',(0.,-0.600420225325875,-0.799684658487097));
#11222=DIRECTION('',(0.,-0.600420225325875,-0.799684658487097));
#11223=DIRECTION('',(1.,0.,0.));
#11224=DIRECTION('',(3.25808557905278E-16,0.600420225325875,0.799684658487097));
#11225=DIRECTION('',(1.,0.,0.));
#11226=DIRECTION('',(0.,0.600420225325875,0.799684658487097));
#11227=DIRECTION('',(-1.,0.,0.));
#11228=DIRECTION('',(7.24757812483175E-16,0.600420225325875,0.799684658487097));
#11229=DIRECTION('',(-1.,0.,0.));
#11230=DIRECTION('',(-0.894356645127586,0.26860078541715,0.357742658051035));
#11231=DIRECTION('',(-1.,0.,0.));
#11232=DIRECTION('center_axis',(-6.09729537434493E-16,-0.600000000000002,
-0.799999999999999));
#11233=DIRECTION('ref_axis',(-1.,0.,7.62161921793118E-16));
#11234=DIRECTION('',(0.,0.799999999999999,-0.600000000000002));
#11235=DIRECTION('',(0.,-0.799999999999999,0.600000000000002));
#11236=DIRECTION('',(1.,-1.31838984174238E-15,5.02898827078395E-30));
#11237=DIRECTION('center_axis',(1.,0.,0.));
#11238=DIRECTION('ref_axis',(0.,0.,-1.));
#11239=DIRECTION('',(0.,1.,0.));
#11240=DIRECTION('',(0.,0.600420225325875,0.799684658487097));
#11241=DIRECTION('center_axis',(5.02898827078395E-30,-6.6301670504431E-45,
-1.));
#11242=DIRECTION('ref_axis',(-1.,1.31838984174238E-15,-5.02898827078395E-30));
#11243=DIRECTION('',(1.,0.,0.));
#11244=DIRECTION('',(-1.,1.31838984174238E-15,-5.02898827078395E-30));
#11245=DIRECTION('center_axis',(1.31838984174237E-15,1.,0.));
#11246=DIRECTION('ref_axis',(0.,0.,1.));
#11247=DIRECTION('',(-1.,0.,0.));
#11248=DIRECTION('center_axis',(-1.48029736616688E-15,-1.,-1.01770443923973E-15));
#11249=DIRECTION('ref_axis',(-1.,1.48029736616688E-15,-4.86421426443083E-30));
#11250=DIRECTION('center_axis',(-1.31838984174238E-15,-1.,-1.00445650866079E-15));
#11251=DIRECTION('ref_axis',(-1.,1.48029736616688E-15,-4.86421426443083E-30));
#11252=DIRECTION('',(-1.48029736616688E-15,-1.,-1.01770443923973E-15));
#11253=DIRECTION('center_axis',(-1.31838984174238E-15,-1.,-1.00445650866079E-15));
#11254=DIRECTION('ref_axis',(-1.,1.31838984174238E-15,-5.02898827078395E-30));
#11255=DIRECTION('center_axis',(1.31838984174238E-15,1.,1.00445650866079E-15));
#11256=DIRECTION('ref_axis',(-1.,1.31838984174238E-15,-5.02898827078395E-30));
#11257=DIRECTION('center_axis',(-1.48029736616688E-15,-1.,-1.11022302462516E-15));
#11258=DIRECTION('ref_axis',(-1.,1.48029736616688E-15,-4.84923480930781E-30));
#11259=DIRECTION('center_axis',(-1.31838984174238E-15,-1.,-1.00445650866079E-15));
#11260=DIRECTION('ref_axis',(-1.,1.48029736616688E-15,-4.84923480930781E-30));
#11261=DIRECTION('',(-1.48029736616688E-15,-1.,-1.11022302462516E-15));
#11262=DIRECTION('center_axis',(-1.31838984174238E-15,-1.,-1.00445650866079E-15));
#11263=DIRECTION('ref_axis',(-1.,1.31838984174238E-15,-5.02898827078395E-30));
#11264=DIRECTION('center_axis',(1.31838984174238E-15,1.,1.00445650866079E-15));
#11265=DIRECTION('ref_axis',(-1.,1.31838984174238E-15,-5.02898827078395E-30));
#11266=DIRECTION('center_axis',(-1.48029736616688E-15,-1.,-1.11022302462516E-15));
#11267=DIRECTION('ref_axis',(-1.,1.48029736616688E-15,-4.84923480930781E-30));
#11268=DIRECTION('center_axis',(-1.31838984174238E-15,-1.,-1.00445650866079E-15));
#11269=DIRECTION('ref_axis',(-1.,1.48029736616688E-15,-4.84923480930781E-30));
#11270=DIRECTION('',(-1.48029736616688E-15,-1.,-1.11022302462516E-15));
#11271=DIRECTION('center_axis',(-1.31838984174238E-15,-1.,-1.00445650866079E-15));
#11272=DIRECTION('ref_axis',(-1.,1.31838984174238E-15,-5.02898827078395E-30));
#11273=DIRECTION('center_axis',(1.31838984174238E-15,1.,1.00445650866079E-15));
#11274=DIRECTION('ref_axis',(-1.,1.31838984174238E-15,-5.02898827078395E-30));
#11275=DIRECTION('center_axis',(-1.48029736616688E-15,-1.,-1.11022302462516E-15));
#11276=DIRECTION('ref_axis',(-1.,1.48029736616688E-15,-4.84923480930781E-30));
#11277=DIRECTION('center_axis',(-1.31838984174238E-15,-1.,-1.00445650866079E-15));
#11278=DIRECTION('ref_axis',(-1.,1.48029736616688E-15,-4.84923480930781E-30));
#11279=DIRECTION('',(-1.48029736616688E-15,-1.,-1.11022302462516E-15));
#11280=DIRECTION('center_axis',(-1.31838984174238E-15,-1.,-1.00445650866079E-15));
#11281=DIRECTION('ref_axis',(-1.,1.31838984174238E-15,-5.02898827078395E-30));
#11282=DIRECTION('center_axis',(1.31838984174238E-15,1.,1.00445650866079E-15));
#11283=DIRECTION('ref_axis',(-1.,1.31838984174238E-15,-5.02898827078395E-30));
#11284=DIRECTION('center_axis',(-1.48029736616688E-15,-1.,-7.40148683083438E-16));
#11285=DIRECTION('ref_axis',(-1.,1.48029736616688E-15,-4.90915262979986E-30));
#11286=DIRECTION('center_axis',(-1.31838984174238E-15,-1.,-1.00445650866079E-15));
#11287=DIRECTION('ref_axis',(-1.,1.48029736616688E-15,-4.90915262979986E-30));
#11288=DIRECTION('',(-1.48029736616688E-15,-1.,-7.40148683083438E-16));
#11289=DIRECTION('center_axis',(-1.31838984174238E-15,-1.,-1.00445650866079E-15));
#11290=DIRECTION('ref_axis',(-1.,1.31838984174238E-15,-5.02898827078395E-30));
#11291=DIRECTION('center_axis',(1.31838984174238E-15,1.,1.00445650866079E-15));
#11292=DIRECTION('ref_axis',(-1.,1.31838984174238E-15,-5.02898827078395E-30));
#11293=DIRECTION('center_axis',(-1.48029736616688E-15,-1.,-7.40148683083438E-16));
#11294=DIRECTION('ref_axis',(-1.,1.48029736616688E-15,-4.90915262979986E-30));
#11295=DIRECTION('center_axis',(-1.31838984174238E-15,-1.,-1.00445650866079E-15));
#11296=DIRECTION('ref_axis',(-1.,1.48029736616688E-15,-4.90915262979986E-30));
#11297=DIRECTION('',(-1.48029736616688E-15,-1.,-7.40148683083438E-16));
#11298=DIRECTION('center_axis',(-1.31838984174238E-15,-1.,-1.00445650866079E-15));
#11299=DIRECTION('ref_axis',(-1.,1.31838984174238E-15,-5.02898827078395E-30));
#11300=DIRECTION('center_axis',(1.31838984174238E-15,1.,1.00445650866079E-15));
#11301=DIRECTION('ref_axis',(-1.,1.31838984174238E-15,-5.02898827078395E-30));
#11302=DIRECTION('center_axis',(-1.48029736616688E-15,-1.,-1.11022302462516E-15));
#11303=DIRECTION('ref_axis',(-1.,1.48029736616688E-15,-4.84923480930781E-30));
#11304=DIRECTION('center_axis',(-1.31838984174238E-15,-1.,-1.00445650866079E-15));
#11305=DIRECTION('ref_axis',(-1.,1.48029736616688E-15,-4.84923480930781E-30));
#11306=DIRECTION('',(-1.48029736616688E-15,-1.,-1.11022302462516E-15));
#11307=DIRECTION('center_axis',(-1.31838984174238E-15,-1.,-1.00445650866079E-15));
#11308=DIRECTION('ref_axis',(-1.,1.31838984174238E-15,-5.02898827078395E-30));
#11309=DIRECTION('center_axis',(1.31838984174238E-15,1.,1.00445650866079E-15));
#11310=DIRECTION('ref_axis',(-1.,1.31838984174238E-15,-5.02898827078395E-30));
#11311=DIRECTION('center_axis',(-1.48029736616688E-15,-1.,-1.11022302462516E-15));
#11312=DIRECTION('ref_axis',(-1.,1.48029736616688E-15,-4.84923480930781E-30));
#11313=DIRECTION('center_axis',(-1.31838984174238E-15,-1.,-1.00445650866079E-15));
#11314=DIRECTION('ref_axis',(-1.,1.48029736616688E-15,-4.84923480930781E-30));
#11315=DIRECTION('',(-1.48029736616688E-15,-1.,-1.11022302462516E-15));
#11316=DIRECTION('center_axis',(-1.31838984174238E-15,-1.,-1.00445650866079E-15));
#11317=DIRECTION('ref_axis',(-1.,1.31838984174238E-15,-5.02898827078395E-30));
#11318=DIRECTION('center_axis',(1.31838984174238E-15,1.,1.00445650866079E-15));
#11319=DIRECTION('ref_axis',(-1.,1.31838984174238E-15,-5.02898827078395E-30));
#11320=DIRECTION('center_axis',(-1.48029736616688E-15,-1.,-1.01770443923973E-15));
#11321=DIRECTION('ref_axis',(-1.,1.48029736616688E-15,-4.86421426443083E-30));
#11322=DIRECTION('center_axis',(-1.31838984174238E-15,-1.,-1.00445650866079E-15));
#11323=DIRECTION('ref_axis',(-1.,1.48029736616688E-15,-4.86421426443083E-30));
#11324=DIRECTION('',(-1.48029736616688E-15,-1.,-1.01770443923973E-15));
#11325=DIRECTION('center_axis',(-1.31838984174238E-15,-1.,-1.00445650866079E-15));
#11326=DIRECTION('ref_axis',(-1.,1.31838984174238E-15,-5.02898827078395E-30));
#11327=DIRECTION('center_axis',(1.31838984174238E-15,1.,1.00445650866079E-15));
#11328=DIRECTION('ref_axis',(-1.,1.31838984174238E-15,-5.02898827078395E-30));
#11329=DIRECTION('center_axis',(-1.48029736616688E-15,-1.,-1.01770443923973E-15));
#11330=DIRECTION('ref_axis',(-1.,1.48029736616688E-15,-4.86421426443083E-30));
#11331=DIRECTION('center_axis',(-1.31838984174238E-15,-1.,-1.00445650866079E-15));
#11332=DIRECTION('ref_axis',(-1.,1.48029736616688E-15,-4.86421426443083E-30));
#11333=DIRECTION('',(-1.48029736616688E-15,-1.,-1.01770443923973E-15));
#11334=DIRECTION('center_axis',(-1.31838984174238E-15,-1.,-1.00445650866079E-15));
#11335=DIRECTION('ref_axis',(-1.,1.31838984174238E-15,-5.02898827078395E-30));
#11336=DIRECTION('center_axis',(1.31838984174238E-15,1.,1.00445650866079E-15));
#11337=DIRECTION('ref_axis',(-1.,1.31838984174238E-15,-5.02898827078395E-30));
#11338=DIRECTION('center_axis',(-1.48029736616688E-15,-1.,-1.11022302462516E-15));
#11339=DIRECTION('ref_axis',(-1.,1.48029736616688E-15,-4.84923480930781E-30));
#11340=DIRECTION('center_axis',(-1.31838984174238E-15,-1.,-1.00445650866079E-15));
#11341=DIRECTION('ref_axis',(-1.,1.48029736616688E-15,-4.84923480930781E-30));
#11342=DIRECTION('',(-1.48029736616688E-15,-1.,-1.11022302462516E-15));
#11343=DIRECTION('center_axis',(-1.31838984174238E-15,-1.,-1.00445650866079E-15));
#11344=DIRECTION('ref_axis',(-1.,1.31838984174238E-15,-5.02898827078395E-30));
#11345=DIRECTION('center_axis',(1.31838984174238E-15,1.,1.00445650866079E-15));
#11346=DIRECTION('ref_axis',(-1.,1.31838984174238E-15,-5.02898827078395E-30));
#11347=DIRECTION('center_axis',(-1.48029736616688E-15,-1.,-1.11022302462516E-15));
#11348=DIRECTION('ref_axis',(-1.,1.48029736616688E-15,-4.84923480930781E-30));
#11349=DIRECTION('center_axis',(-1.31838984174238E-15,-1.,-1.00445650866079E-15));
#11350=DIRECTION('ref_axis',(-1.,1.48029736616688E-15,-4.84923480930781E-30));
#11351=DIRECTION('',(-1.48029736616688E-15,-1.,-1.11022302462516E-15));
#11352=DIRECTION('center_axis',(-1.31838984174238E-15,-1.,-1.00445650866079E-15));
#11353=DIRECTION('ref_axis',(-1.,1.31838984174238E-15,-5.02898827078395E-30));
#11354=DIRECTION('center_axis',(1.31838984174238E-15,1.,1.00445650866079E-15));
#11355=DIRECTION('ref_axis',(-1.,1.31838984174238E-15,-5.02898827078395E-30));
#11356=DIRECTION('center_axis',(-1.48029736616688E-15,-1.,-1.11022302462516E-15));
#11357=DIRECTION('ref_axis',(-1.,1.48029736616688E-15,-4.84923480930781E-30));
#11358=DIRECTION('center_axis',(-1.31838984174238E-15,-1.,-1.00445650866079E-15));
#11359=DIRECTION('ref_axis',(-1.,1.48029736616688E-15,-4.84923480930781E-30));
#11360=DIRECTION('',(-1.48029736616688E-15,-1.,-1.11022302462516E-15));
#11361=DIRECTION('center_axis',(-1.31838984174238E-15,-1.,-1.00445650866079E-15));
#11362=DIRECTION('ref_axis',(-1.,1.31838984174238E-15,-5.02898827078395E-30));
#11363=DIRECTION('center_axis',(1.31838984174238E-15,1.,1.00445650866079E-15));
#11364=DIRECTION('ref_axis',(-1.,1.31838984174238E-15,-5.02898827078395E-30));
#11365=DIRECTION('center_axis',(-1.48029736616688E-15,-1.,-7.40148683083438E-16));
#11366=DIRECTION('ref_axis',(-1.,1.48029736616688E-15,-4.90915262979986E-30));
#11367=DIRECTION('center_axis',(-1.31838984174238E-15,-1.,-1.00445650866079E-15));
#11368=DIRECTION('ref_axis',(-1.,1.48029736616688E-15,-4.90915262979986E-30));
#11369=DIRECTION('',(-1.48029736616688E-15,-1.,-7.40148683083438E-16));
#11370=DIRECTION('center_axis',(-1.31838984174238E-15,-1.,-1.00445650866079E-15));
#11371=DIRECTION('ref_axis',(-1.,1.31838984174238E-15,-5.02898827078395E-30));
#11372=DIRECTION('center_axis',(1.31838984174238E-15,1.,1.00445650866079E-15));
#11373=DIRECTION('ref_axis',(-1.,1.31838984174238E-15,-5.02898827078395E-30));
#11374=DIRECTION('center_axis',(-1.48029736616688E-15,-1.,-7.40148683083438E-16));
#11375=DIRECTION('ref_axis',(-1.,1.48029736616688E-15,-4.90915262979986E-30));
#11376=DIRECTION('center_axis',(-1.31838984174238E-15,-1.,-1.00445650866079E-15));
#11377=DIRECTION('ref_axis',(-1.,1.48029736616688E-15,-4.90915262979986E-30));
#11378=DIRECTION('',(-1.48029736616688E-15,-1.,-7.40148683083438E-16));
#11379=DIRECTION('center_axis',(-1.31838984174238E-15,-1.,-1.00445650866079E-15));
#11380=DIRECTION('ref_axis',(-1.,1.31838984174238E-15,-5.02898827078395E-30));
#11381=DIRECTION('center_axis',(1.31838984174238E-15,1.,1.00445650866079E-15));
#11382=DIRECTION('ref_axis',(-1.,1.31838984174238E-15,-5.02898827078395E-30));
#11383=DIRECTION('center_axis',(-1.48029736616688E-15,-1.,-1.11022302462516E-15));
#11384=DIRECTION('ref_axis',(-1.,1.48029736616688E-15,-4.84923480930781E-30));
#11385=DIRECTION('center_axis',(-1.31838984174238E-15,-1.,-1.00445650866079E-15));
#11386=DIRECTION('ref_axis',(-1.,1.48029736616688E-15,-4.84923480930781E-30));
#11387=DIRECTION('',(-1.48029736616688E-15,-1.,-1.11022302462516E-15));
#11388=DIRECTION('center_axis',(-1.31838984174238E-15,-1.,-1.00445650866079E-15));
#11389=DIRECTION('ref_axis',(-1.,1.31838984174238E-15,-5.02898827078395E-30));
#11390=DIRECTION('center_axis',(1.31838984174238E-15,1.,1.00445650866079E-15));
#11391=DIRECTION('ref_axis',(-1.,1.31838984174238E-15,-5.02898827078395E-30));
#11392=DIRECTION('center_axis',(-1.48029736616688E-15,-1.,-1.11022302462516E-15));
#11393=DIRECTION('ref_axis',(-1.,1.48029736616688E-15,-4.84923480930781E-30));
#11394=DIRECTION('center_axis',(-1.31838984174238E-15,-1.,-1.00445650866079E-15));
#11395=DIRECTION('ref_axis',(-1.,1.48029736616688E-15,-4.84923480930781E-30));
#11396=DIRECTION('',(-1.48029736616688E-15,-1.,-1.11022302462516E-15));
#11397=DIRECTION('center_axis',(-1.31838984174238E-15,-1.,-1.00445650866079E-15));
#11398=DIRECTION('ref_axis',(-1.,1.31838984174238E-15,-5.02898827078395E-30));
#11399=DIRECTION('center_axis',(1.31838984174238E-15,1.,1.00445650866079E-15));
#11400=DIRECTION('ref_axis',(-1.,1.31838984174238E-15,-5.02898827078395E-30));
#11401=DIRECTION('center_axis',(-1.48029736616688E-15,-1.,-1.01770443923973E-15));
#11402=DIRECTION('ref_axis',(-1.,1.48029736616688E-15,-4.86421426443083E-30));
#11403=DIRECTION('center_axis',(-1.31838984174238E-15,-1.,-1.00445650866079E-15));
#11404=DIRECTION('ref_axis',(-1.,1.48029736616688E-15,-4.86421426443083E-30));
#11405=DIRECTION('',(-1.48029736616688E-15,-1.,-1.01770443923973E-15));
#11406=DIRECTION('center_axis',(-1.31838984174238E-15,-1.,-1.00445650866079E-15));
#11407=DIRECTION('ref_axis',(-1.,1.31838984174238E-15,-5.02898827078395E-30));
#11408=DIRECTION('center_axis',(1.31838984174238E-15,1.,1.00445650866079E-15));
#11409=DIRECTION('ref_axis',(-1.,1.31838984174238E-15,-5.02898827078395E-30));
#11410=DIRECTION('center_axis',(-1.48029736616688E-15,-1.,-1.01770443923973E-15));
#11411=DIRECTION('ref_axis',(-1.,1.48029736616688E-15,-4.86421426443083E-30));
#11412=DIRECTION('center_axis',(-1.31838984174238E-15,-1.,-1.00445650866079E-15));
#11413=DIRECTION('ref_axis',(-1.,1.48029736616688E-15,-4.86421426443083E-30));
#11414=DIRECTION('',(-1.48029736616688E-15,-1.,-1.01770443923973E-15));
#11415=DIRECTION('center_axis',(-1.31838984174238E-15,-1.,-1.00445650866079E-15));
#11416=DIRECTION('ref_axis',(-1.,1.31838984174238E-15,-5.02898827078395E-30));
#11417=DIRECTION('center_axis',(1.31838984174238E-15,1.,1.00445650866079E-15));
#11418=DIRECTION('ref_axis',(-1.,1.31838984174238E-15,-5.02898827078395E-30));
#11419=DIRECTION('center_axis',(0.,-1.,-9.25185853854297E-16));
#11420=DIRECTION('ref_axis',(-1.,0.,-6.24874390222921E-30));
#11421=DIRECTION('center_axis',(0.,-1.,0.));
#11422=DIRECTION('ref_axis',(-1.,0.,-6.24874390222921E-30));
#11423=DIRECTION('',(0.,-1.,-9.25185853854297E-16));
#11424=DIRECTION('center_axis',(-1.31838984174238E-15,-1.,-1.00445650866079E-15));
#11425=DIRECTION('ref_axis',(-1.,1.31838984174238E-15,-5.02898827078395E-30));
#11426=DIRECTION('center_axis',(1.31838984174238E-15,1.,1.00445650866079E-15));
#11427=DIRECTION('ref_axis',(-1.,1.31838984174238E-15,-5.02898827078395E-30));
#11428=DIRECTION('center_axis',(-1.48029736616688E-15,-1.,-9.25185853854297E-16));
#11429=DIRECTION('ref_axis',(-1.,1.48029736616688E-15,-4.87919371955384E-30));
#11430=DIRECTION('center_axis',(0.,-1.,0.));
#11431=DIRECTION('ref_axis',(-1.,1.48029736616688E-15,-4.87919371955384E-30));
#11432=DIRECTION('',(-1.48029736616688E-15,-1.,-9.25185853854297E-16));
#11433=DIRECTION('center_axis',(-1.31838984174238E-15,-1.,-1.00445650866079E-15));
#11434=DIRECTION('ref_axis',(-1.,1.31838984174238E-15,-5.02898827078395E-30));
#11435=DIRECTION('center_axis',(1.31838984174238E-15,1.,1.00445650866079E-15));
#11436=DIRECTION('ref_axis',(-1.,1.31838984174238E-15,-5.02898827078395E-30));
#11437=DIRECTION('center_axis',(-1.48029736616688E-15,-1.,-7.40148683083438E-16));
#11438=DIRECTION('ref_axis',(-1.,1.48029736616688E-15,-4.90915262979986E-30));
#11439=DIRECTION('center_axis',(0.,-1.,0.));
#11440=DIRECTION('ref_axis',(-1.,1.48029736616688E-15,-4.90915262979986E-30));
#11441=DIRECTION('',(-1.48029736616688E-15,-1.,-7.40148683083438E-16));
#11442=DIRECTION('center_axis',(-1.31838984174238E-15,-1.,-1.00445650866079E-15));
#11443=DIRECTION('ref_axis',(-1.,1.31838984174238E-15,-5.02898827078395E-30));
#11444=DIRECTION('center_axis',(1.31838984174238E-15,1.,1.00445650866079E-15));
#11445=DIRECTION('ref_axis',(-1.,1.31838984174238E-15,-5.02898827078395E-30));
#11446=DIRECTION('center_axis',(0.,-1.,-7.40148683083438E-16));
#11447=DIRECTION('ref_axis',(-1.,0.,-6.00479277594015E-30));
#11448=DIRECTION('center_axis',(0.,-1.,0.));
#11449=DIRECTION('ref_axis',(-1.,0.,-6.00479277594015E-30));
#11450=DIRECTION('',(0.,-1.,-7.40148683083438E-16));
#11451=DIRECTION('center_axis',(-1.31838984174238E-15,-1.,-1.00445650866079E-15));
#11452=DIRECTION('ref_axis',(-1.,1.31838984174238E-15,-5.02898827078395E-30));
#11453=DIRECTION('center_axis',(1.31838984174238E-15,1.,1.00445650866079E-15));
#11454=DIRECTION('ref_axis',(-1.,1.31838984174238E-15,-5.02898827078395E-30));
#11455=DIRECTION('center_axis',(-1.48029736616688E-15,-1.,-1.48029736616688E-15));
#11456=DIRECTION('ref_axis',(-1.,1.48029736616688E-15,-4.78931698881577E-30));
#11457=DIRECTION('center_axis',(0.,-1.,0.));
#11458=DIRECTION('ref_axis',(-1.,1.48029736616688E-15,-4.78931698881577E-30));
#11459=DIRECTION('',(-1.48029736616688E-15,-1.,-1.48029736616688E-15));
#11460=DIRECTION('center_axis',(-1.31838984174238E-15,-1.,-1.00445650866079E-15));
#11461=DIRECTION('ref_axis',(-1.,1.31838984174238E-15,-5.02898827078395E-30));
#11462=DIRECTION('center_axis',(1.31838984174238E-15,1.,1.00445650866079E-15));
#11463=DIRECTION('ref_axis',(-1.,1.31838984174238E-15,-5.02898827078395E-30));
#11464=DIRECTION('center_axis',(0.,-1.,-1.48029736616688E-15));
#11465=DIRECTION('ref_axis',(-1.,0.,-6.98059728109636E-30));
#11466=DIRECTION('center_axis',(0.,-1.,0.));
#11467=DIRECTION('ref_axis',(-1.,0.,-6.98059728109636E-30));
#11468=DIRECTION('',(0.,-1.,-1.48029736616688E-15));
#11469=DIRECTION('center_axis',(-1.31838984174238E-15,-1.,-1.00445650866079E-15));
#11470=DIRECTION('ref_axis',(-1.,1.31838984174238E-15,-5.02898827078395E-30));
#11471=DIRECTION('center_axis',(1.31838984174238E-15,1.,1.00445650866079E-15));
#11472=DIRECTION('ref_axis',(-1.,1.31838984174238E-15,-5.02898827078395E-30));
#11473=DIRECTION('center_axis',(-1.48029736616688E-15,-1.,-7.40148683083438E-16));
#11474=DIRECTION('ref_axis',(-1.,1.48029736616688E-15,-4.90915262979986E-30));
#11475=DIRECTION('center_axis',(0.,-1.,0.));
#11476=DIRECTION('ref_axis',(-1.,1.48029736616688E-15,-4.90915262979986E-30));
#11477=DIRECTION('',(-1.48029736616688E-15,-1.,-7.40148683083438E-16));
#11478=DIRECTION('center_axis',(-1.31838984174238E-15,-1.,-1.00445650866079E-15));
#11479=DIRECTION('ref_axis',(-1.,1.31838984174238E-15,-5.02898827078395E-30));
#11480=DIRECTION('center_axis',(1.31838984174238E-15,1.,1.00445650866079E-15));
#11481=DIRECTION('ref_axis',(-1.,1.31838984174238E-15,-5.02898827078395E-30));
#11482=DIRECTION('center_axis',(-1.48029736616688E-15,-1.,-9.25185853854297E-16));
#11483=DIRECTION('ref_axis',(-1.,1.48029736616688E-15,-4.87919371955384E-30));
#11484=DIRECTION('center_axis',(0.,-1.,0.));
#11485=DIRECTION('ref_axis',(-1.,1.48029736616688E-15,-4.87919371955384E-30));
#11486=DIRECTION('',(-1.48029736616688E-15,-1.,-9.25185853854297E-16));
#11487=DIRECTION('center_axis',(-1.31838984174238E-15,-1.,-1.00445650866079E-15));
#11488=DIRECTION('ref_axis',(-1.,1.31838984174238E-15,-5.02898827078395E-30));
#11489=DIRECTION('center_axis',(1.31838984174238E-15,1.,1.00445650866079E-15));
#11490=DIRECTION('ref_axis',(-1.,1.31838984174238E-15,-5.02898827078395E-30));
#11491=DIRECTION('center_axis',(0.,-1.,-7.40148683083438E-16));
#11492=DIRECTION('ref_axis',(-1.,0.,-6.00479277594015E-30));
#11493=DIRECTION('center_axis',(0.,-1.,0.));
#11494=DIRECTION('ref_axis',(-1.,0.,-6.00479277594015E-30));
#11495=DIRECTION('',(0.,-1.,-7.40148683083438E-16));
#11496=DIRECTION('center_axis',(-1.31838984174238E-15,-1.,-1.00445650866079E-15));
#11497=DIRECTION('ref_axis',(-1.,1.31838984174238E-15,-5.02898827078395E-30));
#11498=DIRECTION('center_axis',(1.31838984174238E-15,1.,1.00445650866079E-15));
#11499=DIRECTION('ref_axis',(-1.,1.31838984174238E-15,-5.02898827078395E-30));
#11500=DIRECTION('center_axis',(0.,-1.,-9.25185853854297E-16));
#11501=DIRECTION('ref_axis',(-1.,0.,-6.24874390222921E-30));
#11502=DIRECTION('center_axis',(0.,-1.,0.));
#11503=DIRECTION('ref_axis',(-1.,0.,-6.24874390222921E-30));
#11504=DIRECTION('',(0.,-1.,-9.25185853854297E-16));
#11505=DIRECTION('center_axis',(-1.31838984174238E-15,-1.,-1.00445650866079E-15));
#11506=DIRECTION('ref_axis',(-1.,1.31838984174238E-15,-5.02898827078395E-30));
#11507=DIRECTION('center_axis',(1.31838984174238E-15,1.,1.00445650866079E-15));
#11508=DIRECTION('ref_axis',(-1.,1.31838984174238E-15,-5.02898827078395E-30));
#11509=DIRECTION('center_axis',(0.,-1.,-9.25185853854297E-16));
#11510=DIRECTION('ref_axis',(-1.,0.,-6.24874390222921E-30));
#11511=DIRECTION('center_axis',(0.,-1.,0.));
#11512=DIRECTION('ref_axis',(-1.,0.,-6.24874390222921E-30));
#11513=DIRECTION('',(0.,-1.,-9.25185853854297E-16));
#11514=DIRECTION('center_axis',(-1.31838984174238E-15,-1.,-1.00445650866079E-15));
#11515=DIRECTION('ref_axis',(-1.,1.31838984174238E-15,-5.02898827078395E-30));
#11516=DIRECTION('center_axis',(1.31838984174238E-15,1.,1.00445650866079E-15));
#11517=DIRECTION('ref_axis',(-1.,1.31838984174238E-15,-5.02898827078395E-30));
#11518=DIRECTION('center_axis',(-1.48029736616688E-15,-1.,-7.40148683083438E-16));
#11519=DIRECTION('ref_axis',(-1.,1.48029736616688E-15,-4.90915262979986E-30));
#11520=DIRECTION('center_axis',(0.,-1.,0.));
#11521=DIRECTION('ref_axis',(-1.,1.48029736616688E-15,-4.90915262979986E-30));
#11522=DIRECTION('',(-1.48029736616688E-15,-1.,-7.40148683083438E-16));
#11523=DIRECTION('center_axis',(-1.31838984174238E-15,-1.,-1.00445650866079E-15));
#11524=DIRECTION('ref_axis',(-1.,1.31838984174238E-15,-5.02898827078395E-30));
#11525=DIRECTION('center_axis',(1.31838984174238E-15,1.,1.00445650866079E-15));
#11526=DIRECTION('ref_axis',(-1.,1.31838984174238E-15,-5.02898827078395E-30));
#11527=DIRECTION('center_axis',(0.,-1.,-7.40148683083438E-16));
#11528=DIRECTION('ref_axis',(-1.,0.,-6.00479277594015E-30));
#11529=DIRECTION('center_axis',(0.,-1.,0.));
#11530=DIRECTION('ref_axis',(-1.,0.,-6.00479277594015E-30));
#11531=DIRECTION('',(0.,-1.,-7.40148683083438E-16));
#11532=DIRECTION('center_axis',(-1.31838984174238E-15,-1.,-1.00445650866079E-15));
#11533=DIRECTION('ref_axis',(-1.,1.31838984174238E-15,-5.02898827078395E-30));
#11534=DIRECTION('center_axis',(1.31838984174238E-15,1.,1.00445650866079E-15));
#11535=DIRECTION('ref_axis',(-1.,1.31838984174238E-15,-5.02898827078395E-30));
#11536=DIRECTION('center_axis',(0.,-1.,-1.48029736616688E-15));
#11537=DIRECTION('ref_axis',(-1.,0.,-6.98059728109636E-30));
#11538=DIRECTION('center_axis',(0.,-1.,0.));
#11539=DIRECTION('ref_axis',(-1.,0.,-6.98059728109636E-30));
#11540=DIRECTION('',(0.,-1.,-1.48029736616688E-15));
#11541=DIRECTION('center_axis',(-1.31838984174238E-15,-1.,-1.00445650866079E-15));
#11542=DIRECTION('ref_axis',(-1.,1.31838984174238E-15,-5.02898827078395E-30));
#11543=DIRECTION('center_axis',(1.31838984174238E-15,1.,1.00445650866079E-15));
#11544=DIRECTION('ref_axis',(-1.,1.31838984174238E-15,-5.02898827078395E-30));
#11545=DIRECTION('center_axis',(0.,-1.,-1.48029736616688E-15));
#11546=DIRECTION('ref_axis',(-1.,0.,-6.98059728109636E-30));
#11547=DIRECTION('center_axis',(0.,-1.,0.));
#11548=DIRECTION('ref_axis',(-1.,0.,-6.98059728109636E-30));
#11549=DIRECTION('',(0.,-1.,-1.48029736616688E-15));
#11550=DIRECTION('center_axis',(-1.31838984174238E-15,-1.,-1.00445650866079E-15));
#11551=DIRECTION('ref_axis',(-1.,1.31838984174238E-15,-5.02898827078395E-30));
#11552=DIRECTION('center_axis',(1.31838984174238E-15,1.,1.00445650866079E-15));
#11553=DIRECTION('ref_axis',(-1.,1.31838984174238E-15,-5.02898827078395E-30));
#11554=DIRECTION('center_axis',(0.,-1.,-7.40148683083438E-16));
#11555=DIRECTION('ref_axis',(-1.,0.,-6.00479277594015E-30));
#11556=DIRECTION('center_axis',(0.,-1.,0.));
#11557=DIRECTION('ref_axis',(-1.,0.,-6.00479277594015E-30));
#11558=DIRECTION('',(0.,-1.,-7.40148683083438E-16));
#11559=DIRECTION('center_axis',(-1.31838984174238E-15,-1.,-1.00445650866079E-15));
#11560=DIRECTION('ref_axis',(-1.,1.31838984174238E-15,-5.02898827078395E-30));
#11561=DIRECTION('center_axis',(1.31838984174238E-15,1.,1.00445650866079E-15));
#11562=DIRECTION('ref_axis',(-1.,1.31838984174238E-15,-5.02898827078395E-30));
#11563=DIRECTION('center_axis',(-1.48029736616688E-15,-1.,-7.40148683083438E-16));
#11564=DIRECTION('ref_axis',(-1.,1.48029736616688E-15,-4.90915262979986E-30));
#11565=DIRECTION('center_axis',(0.,-1.,0.));
#11566=DIRECTION('ref_axis',(-1.,1.48029736616688E-15,-4.90915262979986E-30));
#11567=DIRECTION('',(-1.48029736616688E-15,-1.,-7.40148683083438E-16));
#11568=DIRECTION('center_axis',(-1.31838984174238E-15,-1.,-1.00445650866079E-15));
#11569=DIRECTION('ref_axis',(-1.,1.31838984174238E-15,-5.02898827078395E-30));
#11570=DIRECTION('center_axis',(1.31838984174238E-15,1.,1.00445650866079E-15));
#11571=DIRECTION('ref_axis',(-1.,1.31838984174238E-15,-5.02898827078395E-30));
#11572=DIRECTION('center_axis',(0.,-1.,-7.40148683083438E-16));
#11573=DIRECTION('ref_axis',(-1.,0.,-6.00479277594015E-30));
#11574=DIRECTION('center_axis',(0.,-1.,0.));
#11575=DIRECTION('ref_axis',(-1.,0.,-6.00479277594015E-30));
#11576=DIRECTION('',(0.,-1.,-7.40148683083438E-16));
#11577=DIRECTION('center_axis',(-1.31838984174238E-15,-1.,-1.00445650866079E-15));
#11578=DIRECTION('ref_axis',(-1.,1.31838984174238E-15,-5.02898827078395E-30));
#11579=DIRECTION('center_axis',(1.31838984174238E-15,1.,1.00445650866079E-15));
#11580=DIRECTION('ref_axis',(-1.,1.31838984174238E-15,-5.02898827078395E-30));
#11581=DIRECTION('center_axis',(0.,-1.,-7.40148683083438E-16));
#11582=DIRECTION('ref_axis',(-1.,0.,-6.00479277594015E-30));
#11583=DIRECTION('center_axis',(0.,-1.,0.));
#11584=DIRECTION('ref_axis',(-1.,0.,-6.00479277594015E-30));
#11585=DIRECTION('',(0.,-1.,-7.40148683083438E-16));
#11586=DIRECTION('center_axis',(-1.31838984174238E-15,-1.,-1.00445650866079E-15));
#11587=DIRECTION('ref_axis',(-1.,1.31838984174238E-15,-5.02898827078395E-30));
#11588=DIRECTION('center_axis',(1.31838984174238E-15,1.,1.00445650866079E-15));
#11589=DIRECTION('ref_axis',(-1.,1.31838984174238E-15,-5.02898827078395E-30));
#11590=DIRECTION('center_axis',(1.,1.08246744900952E-15,6.1635665308028E-16));
#11591=DIRECTION('ref_axis',(6.16356653080279E-16,1.00445650866079E-15,
-1.));
#11592=DIRECTION('center_axis',(1.,1.08246744900952E-15,6.1635665308028E-16));
#11593=DIRECTION('ref_axis',(0.,-1.95112299010336E-47,1.));
#11594=DIRECTION('center_axis',(-1.11022302462516E-15,-1.,-1.11022302462516E-15));
#11595=DIRECTION('ref_axis',(-1.,1.11022302462516E-15,-5.26009986411042E-30));
#11596=DIRECTION('center_axis',(-1.31838984174238E-15,-1.,-1.00445650866079E-15));
#11597=DIRECTION('ref_axis',(-1.,1.11022302462516E-15,-5.26009986411042E-30));
#11598=DIRECTION('',(-1.11022302462516E-15,-1.,-1.11022302462516E-15));
#11599=DIRECTION('center_axis',(-1.31838984174238E-15,-1.,-1.00445650866079E-15));
#11600=DIRECTION('ref_axis',(-1.,1.31838984174238E-15,-5.02898827078395E-30));
#11601=DIRECTION('center_axis',(1.31838984174238E-15,1.,1.00445650866079E-15));
#11602=DIRECTION('ref_axis',(-1.,1.31838984174238E-15,-5.02898827078395E-30));
#11603=DIRECTION('center_axis',(-1.11022302462516E-15,-1.,-1.11022302462516E-15));
#11604=DIRECTION('ref_axis',(-1.,1.11022302462516E-15,-5.26009986411042E-30));
#11605=DIRECTION('center_axis',(-1.31838984174238E-15,-1.,-1.00445650866079E-15));
#11606=DIRECTION('ref_axis',(-1.,1.11022302462516E-15,-5.26009986411042E-30));
#11607=DIRECTION('',(-1.11022302462516E-15,-1.,-1.11022302462516E-15));
#11608=DIRECTION('center_axis',(-1.31838984174238E-15,-1.,-1.00445650866079E-15));
#11609=DIRECTION('ref_axis',(-1.,1.31838984174238E-15,-5.02898827078395E-30));
#11610=DIRECTION('center_axis',(1.31838984174238E-15,1.,1.00445650866079E-15));
#11611=DIRECTION('ref_axis',(-1.,1.31838984174238E-15,-5.02898827078395E-30));
#11612=DIRECTION('center_axis',(-1.11022302462516E-15,-1.,0.));
#11613=DIRECTION('ref_axis',(-1.,1.11022302462516E-15,-5.02898827078395E-30));
#11614=DIRECTION('center_axis',(0.,-1.,0.));
#11615=DIRECTION('ref_axis',(-1.,1.11022302462516E-15,-5.02898827078395E-30));
#11616=DIRECTION('',(-1.11022302462516E-15,-1.,0.));
#11617=DIRECTION('center_axis',(-1.31838984174238E-15,-1.,-1.00445650866079E-15));
#11618=DIRECTION('ref_axis',(-1.,1.31838984174238E-15,-5.02898827078395E-30));
#11619=DIRECTION('center_axis',(1.31838984174238E-15,1.,1.00445650866079E-15));
#11620=DIRECTION('ref_axis',(-1.,1.31838984174238E-15,-5.02898827078395E-30));
#11621=DIRECTION('center_axis',(-2.22044604925031E-15,-1.,0.));
#11622=DIRECTION('ref_axis',(-1.,2.22044604925031E-15,-5.02898827078395E-30));
#11623=DIRECTION('center_axis',(0.,-1.,0.));
#11624=DIRECTION('ref_axis',(-1.,2.22044604925031E-15,-5.02898827078395E-30));
#11625=DIRECTION('',(-2.22044604925031E-15,-1.,0.));
#11626=DIRECTION('center_axis',(-1.31838984174238E-15,-1.,-1.00445650866079E-15));
#11627=DIRECTION('ref_axis',(-1.,1.31838984174238E-15,-5.02898827078395E-30));
#11628=DIRECTION('center_axis',(1.31838984174238E-15,1.,1.00445650866079E-15));
#11629=DIRECTION('ref_axis',(-1.,1.31838984174238E-15,-5.02898827078395E-30));
#11630=DIRECTION('center_axis',(0.,-1.,0.));
#11631=DIRECTION('ref_axis',(0.,0.,-1.));
#11632=DIRECTION('',(0.701673843159862,0.,-0.712498293208671));
#11633=DIRECTION('',(1.,0.,-2.50321986324279E-30));
#11634=DIRECTION('',(0.701673843159863,0.,0.71249829320867));
#11635=DIRECTION('',(6.31088724176809E-30,1.00445650866079E-15,-1.));
#11636=DIRECTION('',(-1.,1.30728761149613E-15,-5.04013997821545E-30));
#11637=DIRECTION('',(-6.31088724176809E-30,-1.00445650866079E-15,1.));
#11638=DIRECTION('center_axis',(0.,-1.,0.));
#11639=DIRECTION('ref_axis',(0.,0.,-1.));
#11640=DIRECTION('',(6.31088724176809E-30,0.,-1.));
#11641=DIRECTION('',(-0.701673843159862,0.,0.712498293208671));
#11642=DIRECTION('',(1.,-1.31838984174238E-15,5.02898827078395E-30));
#11643=DIRECTION('',(6.31088724176809E-30,1.00445650866079E-15,-1.));
#11644=DIRECTION('',(-1.,1.31838984174238E-15,-5.02898827078395E-30));
#11645=DIRECTION('center_axis',(0.,-1.,0.));
#11646=DIRECTION('ref_axis',(0.,0.,-1.));
#11647=DIRECTION('',(6.31088724176809E-30,0.,-1.));
#11648=DIRECTION('',(-1.,1.31838984174238E-15,-5.02898827078395E-30));
#11649=DIRECTION('',(-6.31088724176809E-30,-1.00445650866079E-15,1.));
#11650=DIRECTION('',(1.,-1.31838984174238E-15,5.02898827078395E-30));
#11651=DIRECTION('',(-0.701673843159862,0.,-0.712498293208671));
#11652=DIRECTION('center_axis',(-1.,0.,-6.31088724176809E-30));
#11653=DIRECTION('ref_axis',(6.31088724176809E-30,1.00445650866079E-15,
-1.));
#11654=DIRECTION('',(6.31088724176809E-30,0.,-1.));
#11655=DIRECTION('',(0.,-1.,0.));
#11656=DIRECTION('',(0.,-1.,0.));
#11657=DIRECTION('center_axis',(-5.02898827078395E-30,0.,1.));
#11658=DIRECTION('ref_axis',(-1.,1.31838984174238E-15,-5.02898827078395E-30));
#11659=DIRECTION('',(-1.,0.,-5.02898827078395E-30));
#11660=DIRECTION('',(0.,-1.,0.));
#11661=DIRECTION('',(0.,-1.,0.));
#11662=DIRECTION('',(0.,-1.,0.));
#11663=DIRECTION('center_axis',(1.,0.,6.31088724176809E-30));
#11664=DIRECTION('ref_axis',(-6.31088724176809E-30,-1.00445650866079E-15,
1.));
#11665=DIRECTION('',(-6.31088724176809E-30,0.,1.));
#11666=DIRECTION('',(0.,-1.,0.));
#11667=DIRECTION('center_axis',(-0.707106781186549,0.122787803968971,-0.696364240320018));
#11668=DIRECTION('ref_axis',(-0.707106781186546,-0.122787803968975,0.69636424032002));
#11669=DIRECTION('',(-0.171087869746033,-0.985255774317392,-8.60398890226214E-31));
#11670=DIRECTION('',(0.,0.984807753012208,0.173648177666929));
#11671=DIRECTION('',(-0.707106781186546,-0.122787803968975,0.69636424032002));
#11672=DIRECTION('',(0.,0.984807753012208,0.173648177666929));
#11673=DIRECTION('center_axis',(-1.,0.,2.14425238664715E-15));
#11674=DIRECTION('ref_axis',(-2.14425238664715E-15,1.0044565086608E-15,
-1.));
#11675=DIRECTION('',(0.,0.984807753012208,0.173648177666929));
#11676=DIRECTION('center_axis',(-1.,0.,0.));
#11677=DIRECTION('ref_axis',(0.,-1.,-1.85596515907877E-15));
#11678=DIRECTION('',(0.,1.30488986598451E-16,1.));
#11679=DIRECTION('center_axis',(-1.,0.,0.));
#11680=DIRECTION('ref_axis',(0.,-9.27982579539383E-16,-1.));
#11681=DIRECTION('',(0.,-1.,0.));
#11682=DIRECTION('',(0.,-1.,0.));
#11683=DIRECTION('center_axis',(-1.,0.,0.));
#11684=DIRECTION('ref_axis',(0.,-9.20255298405177E-16,-1.));
#11685=DIRECTION('',(0.,1.30488986598451E-16,1.));
#11686=DIRECTION('center_axis',(-1.,0.,0.));
#11687=DIRECTION('ref_axis',(0.,-1.,-1.63600941938699E-15));
#11688=DIRECTION('center_axis',(-0.707106781186548,-0.122787803968972,0.696364240320019));
#11689=DIRECTION('ref_axis',(0.707106781186547,-0.122787803968973,0.696364240320019));
#11690=DIRECTION('',(0.,0.984807753012208,0.173648177666929));
#11691=DIRECTION('',(0.707106781186547,-0.122787803968973,0.696364240320019));
#11692=DIRECTION('center_axis',(2.46519032881566E-30,-0.173648177666929,
0.984807753012208));
#11693=DIRECTION('ref_axis',(1.,1.29836053764043E-15,2.28935993473152E-16));
#11694=DIRECTION('',(0.,0.984807753012208,0.173648177666929));
#11695=DIRECTION('',(1.,1.29836053764043E-15,2.28935993473152E-16));
#11696=DIRECTION('center_axis',(0.707106781186549,-0.122787803968971,0.696364240320018));
#11697=DIRECTION('ref_axis',(0.707106781186546,0.122787803968975,-0.69636424032002));
#11698=DIRECTION('',(0.,0.984807753012208,0.173648177666929));
#11699=DIRECTION('',(0.707106781186546,0.122787803968975,-0.69636424032002));
#11700=DIRECTION('center_axis',(0.707106781186549,0.122787803968971,-0.696364240320018));
#11701=DIRECTION('ref_axis',(-0.707106781186546,0.122787803968973,-0.69636424032002));
#11702=DIRECTION('',(-0.171087869746033,0.985255774317392,-8.60398890226214E-31));
#11703=DIRECTION('',(0.,0.984807753012208,0.173648177666929));
#11704=DIRECTION('',(-0.707106781186546,0.122787803968973,-0.69636424032002));
#11705=DIRECTION('',(0.,0.984807753012208,0.173648177666929));
#11706=DIRECTION('center_axis',(-2.46519032881566E-30,0.173648177666929,
-0.984807753012208));
#11707=DIRECTION('ref_axis',(-1.,-1.29836053764043E-15,-2.28935993473152E-16));
#11708=DIRECTION('',(-1.,0.,-2.19625418574211E-16));
#11709=DIRECTION('',(-1.,-1.29836053764043E-15,-2.28935993473152E-16));
#11710=DIRECTION('center_axis',(1.,1.52933163746122E-34,9.3644554732583E-51));
#11711=DIRECTION('ref_axis',(1.52933163746122E-34,-1.,0.));
#11712=DIRECTION('',(-0.707106781186546,0.707106781186549,-1.78686585850706E-16));
#11713=DIRECTION('center_axis',(-1.,0.,0.));
#11714=DIRECTION('ref_axis',(0.,-1.,-1.63600941938699E-15));
#11715=DIRECTION('center_axis',(-1.,0.,0.));
#11716=DIRECTION('ref_axis',(0.,-1.,-3.55271367880052E-15));
#11717=DIRECTION('center_axis',(-1.,-1.52933163746122E-34,-9.3644554732583E-51));
#11718=DIRECTION('ref_axis',(1.52933163746122E-34,-1.,0.));
#11719=DIRECTION('',(0.707106781186546,0.707106781186549,1.68579820883628E-15));
#11720=DIRECTION('center_axis',(-1.,0.,0.));
#11721=DIRECTION('ref_axis',(0.,-1.,0.));
#11722=DIRECTION('center_axis',(-1.,0.,0.));
#11723=DIRECTION('ref_axis',(0.,-1.,-9.27982579539387E-16));
#11724=DIRECTION('center_axis',(-1.,-1.52933163746122E-34,-9.3644554732583E-51));
#11725=DIRECTION('ref_axis',(1.52933163746122E-34,-1.,0.));
#11726=DIRECTION('',(1.,4.94826017579804E-30,1.31838984174238E-15));
#11727=DIRECTION('center_axis',(-1.,0.,0.));
#11728=DIRECTION('ref_axis',(0.,-1.,0.));
#11729=DIRECTION('center_axis',(1.,1.52933163746122E-34,9.3644554732583E-51));
#11730=DIRECTION('ref_axis',(1.52933163746122E-34,-1.,0.));
#11731=DIRECTION('',(0.707106781186547,-0.707106781186547,1.78686585850708E-16));
#11732=DIRECTION('center_axis',(-1.,-1.52933163746122E-34,-9.3644554732583E-51));
#11733=DIRECTION('ref_axis',(1.52933163746122E-34,-1.,0.));
#11734=DIRECTION('',(-0.707106781186546,-0.707106781186549,-1.68579820883628E-15));
#11735=DIRECTION('center_axis',(-1.,0.,0.));
#11736=DIRECTION('ref_axis',(0.,-1.,-3.55271367880052E-15));
#11737=DIRECTION('center_axis',(-1.,-1.52933163746122E-34,-9.3644554732583E-51));
#11738=DIRECTION('ref_axis',(1.52933163746122E-34,-1.,0.));
#11739=DIRECTION('',(-1.,-4.94826017579804E-30,-1.31838984174238E-15));
#11740=DIRECTION('center_axis',(0.707106781186549,0.707106781186546,-9.22696472939252E-17));
#11741=DIRECTION('ref_axis',(-0.707106781186546,0.707106781186549,-1.78686585850706E-16));
#11742=DIRECTION('',(-0.707106781186546,0.707106781186549,-1.78686585850706E-16));
#11743=DIRECTION('',(0.,1.30488986598451E-16,1.));
#11744=DIRECTION('',(0.,1.30488986598451E-16,1.));
#11745=DIRECTION('center_axis',(0.707106781186549,-0.707106781186546,9.22696472939252E-17));
#11746=DIRECTION('ref_axis',(0.707106781186546,0.707106781186549,1.68579820883628E-15));
#11747=DIRECTION('',(0.707106781186546,0.707106781186549,1.68579820883628E-15));
#11748=DIRECTION('',(0.,1.30488986598451E-16,1.));
#11749=DIRECTION('',(0.,1.30488986598451E-16,1.));
#11750=DIRECTION('center_axis',(4.77622482140739E-30,-1.,1.30488986598451E-16));
#11751=DIRECTION('ref_axis',(1.,4.94826017579804E-30,1.31838984174238E-15));
#11752=DIRECTION('',(1.,4.94826017579804E-30,1.31838984174238E-15));
#11753=DIRECTION('',(0.,1.30488986598451E-16,1.));
#11754=DIRECTION('center_axis',(-0.707106781186548,-0.707106781186548,9.22696472939253E-17));
#11755=DIRECTION('ref_axis',(0.707106781186548,-0.707106781186548,1.78686585850708E-16));
#11756=DIRECTION('',(0.707106781186547,-0.707106781186547,1.78686585850708E-16));
#11757=DIRECTION('center_axis',(-0.707106781186549,0.707106781186546,-9.22696472939252E-17));
#11758=DIRECTION('ref_axis',(-0.707106781186546,-0.707106781186549,-1.68579820883628E-15));
#11759=DIRECTION('',(-0.707106781186546,-0.707106781186549,-1.68579820883628E-15));
#11760=DIRECTION('',(0.,1.30488986598451E-16,1.));
#11761=DIRECTION('center_axis',(-4.77622482140739E-30,1.,-1.30488986598451E-16));
#11762=DIRECTION('ref_axis',(-1.,-4.94826017579804E-30,-1.31838984174238E-15));
#11763=DIRECTION('',(-1.,-4.94826017579804E-30,-1.31838984174238E-15));
#11764=DIRECTION('center_axis',(1.,1.52933163746122E-34,1.42433516186397E-65));
#11765=DIRECTION('ref_axis',(1.42433516186397E-65,2.17828082538701E-99,
-1.));
#11766=DIRECTION('',(-0.707106781186546,2.21984388662481E-16,0.707106781186549));
#11767=DIRECTION('center_axis',(-1.,0.,0.));
#11768=DIRECTION('ref_axis',(0.,0.,-1.));
#11769=DIRECTION('center_axis',(-1.,0.,0.));
#11770=DIRECTION('ref_axis',(0.,-1.99840144432528E-15,-1.));
#11771=DIRECTION('center_axis',(-1.,-1.52933163746122E-34,-1.42433516186397E-65));
#11772=DIRECTION('ref_axis',(1.42433516186397E-65,2.17828082538701E-99,
-1.));
#11773=DIRECTION('',(0.707106781186546,-1.64250040602451E-15,0.707106781186549));
#11774=DIRECTION('center_axis',(-1.,0.,0.));
#11775=DIRECTION('ref_axis',(0.,-1.15463194561016E-15,-1.));
#11776=DIRECTION('center_axis',(-1.,0.,0.));
#11777=DIRECTION('ref_axis',(0.,-5.79989112212115E-16,-1.));
#11778=DIRECTION('center_axis',(-1.,-1.52933163746122E-34,-1.42433516186397E-65));
#11779=DIRECTION('ref_axis',(1.42433516186397E-65,2.17828082538701E-99,
-1.));
#11780=DIRECTION('',(1.,-1.31838984174238E-15,5.02898827078395E-30));
#11781=DIRECTION('center_axis',(-1.,0.,0.));
#11782=DIRECTION('ref_axis',(0.,8.88178419700128E-16,-1.));
#11783=DIRECTION('center_axis',(1.,1.52933163746122E-34,1.42433516186397E-65));
#11784=DIRECTION('ref_axis',(1.42433516186397E-65,2.17828082538701E-99,
-1.));
#11785=DIRECTION('',(0.707106781186547,-2.21984388662483E-16,-0.707106781186547));
#11786=DIRECTION('center_axis',(-1.,-1.52933163746122E-34,-1.42433516186397E-65));
#11787=DIRECTION('ref_axis',(1.42433516186397E-65,2.17828082538701E-99,
-1.));
#11788=DIRECTION('',(-0.707106781186546,1.64250040602451E-15,-0.707106781186549));
#11789=DIRECTION('center_axis',(-1.,0.,0.));
#11790=DIRECTION('ref_axis',(0.,-2.66453525910038E-15,-1.));
#11791=DIRECTION('center_axis',(-1.,-1.52933163746122E-34,-1.42433516186397E-65));
#11792=DIRECTION('ref_axis',(1.42433516186397E-65,2.17828082538701E-99,
-1.));
#11793=DIRECTION('',(-1.,1.31838984174238E-15,-5.02898827078395E-30));
#11794=DIRECTION('center_axis',(0.707106781186549,0.,0.707106781186546));
#11795=DIRECTION('ref_axis',(-0.707106781186546,2.21984388662481E-16,0.707106781186549));
#11796=DIRECTION('',(0.,-1.,0.));
#11797=DIRECTION('',(0.,-1.,0.));
#11798=DIRECTION('center_axis',(1.,0.,6.31088724176809E-30));
#11799=DIRECTION('ref_axis',(-6.31088724176809E-30,-1.00445650866079E-15,
1.));
#11800=DIRECTION('',(0.,-1.,0.));
#11801=DIRECTION('center_axis',(0.707106781186549,0.,-0.707106781186546));
#11802=DIRECTION('ref_axis',(0.707106781186546,-1.64250040602451E-15,0.707106781186549));
#11803=DIRECTION('',(0.,-1.,0.));
#11804=DIRECTION('center_axis',(5.02898827078395E-30,0.,-1.));
#11805=DIRECTION('ref_axis',(1.,-1.31838984174238E-15,5.02898827078395E-30));
#11806=DIRECTION('',(0.,-1.,0.));
#11807=DIRECTION('center_axis',(-0.707106781186548,0.,-0.707106781186548));
#11808=DIRECTION('ref_axis',(0.707106781186548,-2.21984388662483E-16,-0.707106781186548));
#11809=DIRECTION('center_axis',(-0.707106781186549,0.,0.707106781186546));
#11810=DIRECTION('ref_axis',(-0.707106781186546,1.64250040602451E-15,-0.707106781186549));
#11811=DIRECTION('',(0.,-1.,0.));
#11812=DIRECTION('center_axis',(-5.02898827078395E-30,0.,1.));
#11813=DIRECTION('ref_axis',(-1.,1.31838984174238E-15,-5.02898827078395E-30));
#11814=DIRECTION('center_axis',(0.,1.,0.));
#11815=DIRECTION('ref_axis',(1.,0.,0.));
#11816=DIRECTION('',(-1.,0.,-2.19625418574211E-16));
#11817=DIRECTION('',(-5.27224606271011E-32,0.,1.));
#11818=DIRECTION('',(-1.,0.,-4.6031360434125E-63));
#11819=DIRECTION('',(5.2722460627101E-32,0.,-1.));
#11820=DIRECTION('',(-1.,0.,0.));
#11821=DIRECTION('',(0.,0.,1.));
#11822=DIRECTION('',(-1.,0.,0.));
#11823=DIRECTION('',(0.,0.,1.));
#11824=DIRECTION('',(-1.,0.,0.));
#11825=DIRECTION('',(-1.,0.,0.));
#11826=DIRECTION('',(1.31733608196086E-30,0.,-1.));
#11827=DIRECTION('',(1.,0.,5.98502978234584E-16));
#11828=DIRECTION('',(-2.90827565738869E-31,0.,-1.));
#11829=DIRECTION('',(-1.,0.,-2.19625418574211E-16));
#11830=DIRECTION('center_axis',(0.,-1.,0.));
#11831=DIRECTION('ref_axis',(-1.,0.,-1.07005601494371E-29));
#11832=DIRECTION('center_axis',(0.,-1.,0.));
#11833=DIRECTION('ref_axis',(-1.,0.,-1.07005601494371E-29));
#11834=DIRECTION('center_axis',(1.,0.,6.31088724176809E-30));
#11835=DIRECTION('ref_axis',(-6.31088724176809E-30,-1.00445650866079E-15,
1.));
#11836=DIRECTION('center_axis',(1.,0.,0.));
#11837=DIRECTION('ref_axis',(0.,-2.09708793540307E-15,1.));
#11838=DIRECTION('',(0.,-1.,0.));
#11839=DIRECTION('',(0.,-1.,0.));
#11840=DIRECTION('center_axis',(1.,0.,0.));
#11841=DIRECTION('ref_axis',(0.,-6.66133814775094E-16,1.));
#11842=DIRECTION('',(0.,-1.93749778126013E-12,-1.));
#11843=DIRECTION('center_axis',(1.,0.,0.));
#11844=DIRECTION('ref_axis',(0.,-1.,1.94688709597212E-12));
#11845=DIRECTION('',(0.,1.,0.));
#11846=DIRECTION('',(0.,1.,0.));
#11847=DIRECTION('center_axis',(1.,0.,0.));
#11848=DIRECTION('ref_axis',(0.,-1.,1.9500450636913E-12));
#11849=DIRECTION('',(0.,-1.93749778126013E-12,-1.));
#11850=DIRECTION('center_axis',(5.19044446075617E-30,5.95248080956967E-96,
1.));
#11851=DIRECTION('ref_axis',(1.,1.31838984174238E-15,-5.19044446075617E-30));
#11852=DIRECTION('',(1.,1.31838984174238E-15,-5.19044446075617E-30));
#11853=DIRECTION('',(0.,1.,0.));
#11854=DIRECTION('center_axis',(-5.19044446075617E-30,-5.95248080956967E-96,
-1.));
#11855=DIRECTION('ref_axis',(-1.,-1.31838984174238E-15,5.19044446075617E-30));
#11856=DIRECTION('',(-1.,-1.31838984174238E-15,5.19044446075617E-30));
#11857=DIRECTION('',(0.,1.,0.));
#11858=DIRECTION('center_axis',(1.,1.52933163746122E-34,-6.97879633245061E-51));
#11859=DIRECTION('ref_axis',(1.52933163746122E-34,-1.,1.94688709597211E-12));
#11860=DIRECTION('',(1.,-2.57186588672865E-27,-1.31838984174238E-15));
#11861=DIRECTION('center_axis',(1.,0.,0.));
#11862=DIRECTION('ref_axis',(0.,-1.,1.94688709597212E-12));
#11863=DIRECTION('center_axis',(1.,1.52933163746122E-34,-6.97879633245061E-51));
#11864=DIRECTION('ref_axis',(1.52933163746122E-34,-1.,1.94688709597211E-12));
#11865=DIRECTION('',(-1.,2.57186588672865E-27,1.31838984174238E-15));
#11866=DIRECTION('center_axis',(1.,0.,0.));
#11867=DIRECTION('ref_axis',(0.,-1.,1.95004506369129E-12));
#11868=DIRECTION('center_axis',(1.74884935168954E-29,1.,-1.93749778126013E-12));
#11869=DIRECTION('ref_axis',(1.,-2.57186588672865E-27,-1.31838984174238E-15));
#11870=DIRECTION('',(1.,-2.57186588672865E-27,-1.31838984174238E-15));
#11871=DIRECTION('',(0.,-1.93749778126013E-12,-1.));
#11872=DIRECTION('center_axis',(-1.74884935168954E-29,-1.,1.93749778126013E-12));
#11873=DIRECTION('ref_axis',(-1.,2.57186588672865E-27,1.31838984174238E-15));
#11874=DIRECTION('',(-1.,2.57186588672865E-27,1.31838984174238E-15));
#11875=DIRECTION('',(0.,-1.93749778126013E-12,-1.));
#11876=DIRECTION('center_axis',(1.,1.52933163746122E-34,1.50803742488849E-65));
#11877=DIRECTION('ref_axis',(-1.50803742488849E-65,-2.3062893443575E-99,
1.));
#11878=DIRECTION('',(1.,-1.31838984174238E-15,5.02898827078395E-30));
#11879=DIRECTION('center_axis',(1.,0.,0.));
#11880=DIRECTION('ref_axis',(0.,-1.11022302462515E-15,1.));
#11881=DIRECTION('center_axis',(1.,1.52933163746122E-34,1.50803742488849E-65));
#11882=DIRECTION('ref_axis',(-1.50803742488849E-65,-2.3062893443575E-99,
1.));
#11883=DIRECTION('',(-1.,1.31838984174238E-15,-5.02898827078395E-30));
#11884=DIRECTION('center_axis',(1.,0.,0.));
#11885=DIRECTION('ref_axis',(0.,1.2335811384724E-15,1.));
#11886=DIRECTION('center_axis',(5.02898827078395E-30,0.,-1.));
#11887=DIRECTION('ref_axis',(1.,-1.31838984174238E-15,5.02898827078395E-30));
#11888=DIRECTION('',(0.,-1.,0.));
#11889=DIRECTION('center_axis',(-1.,0.,-6.31088724176809E-30));
#11890=DIRECTION('ref_axis',(6.31088724176809E-30,1.00445650866079E-15,
-1.));
#11891=DIRECTION('',(0.,-1.,0.));
#11892=DIRECTION('center_axis',(-5.02898827078395E-30,0.,1.));
#11893=DIRECTION('ref_axis',(-1.,1.31838984174238E-15,-5.02898827078395E-30));
#11894=DIRECTION('center_axis',(-0.819152044288998,-0.286788218175518,-0.496731764892147));
#11895=DIRECTION('ref_axis',(-0.573576436351037,0.409576022144499,0.709406479916227));
#11896=DIRECTION('',(0.,0.866025403784439,-0.499999999999999));
#11897=DIRECTION('',(-0.573576436351037,0.409576022144499,0.709406479916227));
#11898=DIRECTION('',(0.,0.866025403784439,-0.499999999999999));
#11899=DIRECTION('center_axis',(1.24407237571649E-15,-0.499999999999999,
-0.866025403784439));
#11900=DIRECTION('ref_axis',(-1.,-6.37497885435178E-16,-1.06847146625877E-15));
#11901=DIRECTION('',(-1.,-6.37497885435178E-16,-1.06847146625877E-15));
#11902=DIRECTION('',(0.,0.866025403784439,-0.499999999999999));
#11903=DIRECTION('center_axis',(0.819152044288994,-0.286788218175521,-0.496731764892151));
#11904=DIRECTION('ref_axis',(-0.573576436351042,-0.409576022144498,-0.709406479916225));
#11905=DIRECTION('',(-0.573576436351042,-0.409576022144498,-0.709406479916225));
#11906=DIRECTION('',(0.,0.866025403784439,-0.499999999999999));
#11907=DIRECTION('center_axis',(1.,-1.31838984174238E-15,-7.31853378867152E-32));
#11908=DIRECTION('ref_axis',(-1.31838984174238E-15,-1.,1.62592465551053E-23));
#11909=DIRECTION('center_axis',(1.,0.,0.));
#11910=DIRECTION('ref_axis',(0.,-1.,7.72329060608805E-16));
#11911=DIRECTION('',(0.,5.55111512312578E-17,-1.));
#11912=DIRECTION('',(-1.31838984174238E-15,-1.,-1.00445650866079E-15));
#11913=DIRECTION('',(0.,5.55111512312578E-17,-1.));
#11914=DIRECTION('center_axis',(1.,0.,0.));
#11915=DIRECTION('ref_axis',(0.,-1.,1.61486985400023E-15));
#11916=DIRECTION('center_axis',(1.,3.05866327492243E-34,0.));
#11917=DIRECTION('ref_axis',(3.05866327492243E-34,-1.,0.));
#11918=DIRECTION('',(0.573576436351031,-0.819152044289002,-1.02404084486959E-17));
#11919=DIRECTION('center_axis',(0.819152044289002,0.573576436351031,3.1839888300968E-17));
#11920=DIRECTION('ref_axis',(0.573576436351031,-0.819152044289002,-1.02404084486959E-17));
#11921=DIRECTION('',(0.573576436351031,-0.819152044289002,-4.79515397067612E-16));
#11922=DIRECTION('',(0.,5.55111512312578E-17,-1.));
#11923=DIRECTION('center_axis',(1.,3.05866327492243E-34,0.));
#11924=DIRECTION('ref_axis',(3.05866327492244E-34,-1.,0.));
#11925=DIRECTION('',(-0.573576436351037,0.819152044288998,1.0240408448696E-17));
#11926=DIRECTION('center_axis',(1.,0.,0.));
#11927=DIRECTION('ref_axis',(0.,-1.,0.));
#11928=DIRECTION('center_axis',(1.,0.,0.));
#11929=DIRECTION('ref_axis',(0.,-1.,0.));
#11930=DIRECTION('center_axis',(1.,3.05866327492243E-34,0.));
#11931=DIRECTION('ref_axis',(3.05866327492243E-34,-1.,0.));
#11932=DIRECTION('',(-1.,-1.24407237571649E-15,1.78536305163411E-17));
#11933=DIRECTION('center_axis',(1.,0.,0.));
#11934=DIRECTION('ref_axis',(0.,-1.,6.12536841172501E-16));
#11935=DIRECTION('center_axis',(-1.,-3.05866327492243E-34,0.));
#11936=DIRECTION('ref_axis',(3.05866327492243E-34,-1.,0.));
#11937=DIRECTION('',(-0.573576436351042,-0.819152044288995,1.02404350862862E-17));
#11938=DIRECTION('center_axis',(-1.,-3.05866327492243E-34,0.));
#11939=DIRECTION('ref_axis',(3.05866327492243E-34,-1.,0.));
#11940=DIRECTION('',(0.57357643635104,0.819152044288996,-1.02404350862862E-17));
#11941=DIRECTION('center_axis',(1.,0.,0.));
#11942=DIRECTION('ref_axis',(0.,-1.,1.61486985400024E-15));
#11943=DIRECTION('center_axis',(-0.819152044288998,-0.573576436351037,-3.18398883009684E-17));
#11944=DIRECTION('ref_axis',(-0.573576436351037,0.819152044288998,1.0240408448696E-17));
#11945=DIRECTION('',(-0.573576436351037,0.819152044288998,4.79515397067603E-16));
#11946=DIRECTION('',(0.,5.55111512312578E-17,-1.));
#11947=DIRECTION('',(0.,5.55111512312578E-17,-1.));
#11948=DIRECTION('center_axis',(0.819152044288995,-0.573576436351042,-3.18398883009686E-17));
#11949=DIRECTION('ref_axis',(-0.573576436351042,-0.819152044288994,1.02404350862862E-17));
#11950=DIRECTION('',(-0.573576436351042,-0.819152044288995,-1.16608980787015E-15));
#11951=DIRECTION('',(0.,5.55111512312578E-17,-1.));
#11952=DIRECTION('center_axis',(4.28646016235839E-16,1.,5.55111512312578E-17));
#11953=DIRECTION('ref_axis',(1.,-4.28646016235839E-16,-1.78536305163411E-17));
#11954=DIRECTION('',(1.,-4.28646016235839E-16,5.98502978234584E-16));
#11955=DIRECTION('',(0.,5.55111512312578E-17,-1.));
#11956=DIRECTION('center_axis',(-0.819152044288996,0.573576436351041,3.18398883009685E-17));
#11957=DIRECTION('ref_axis',(0.57357643635104,0.819152044288996,-1.02404350862862E-17));
#11958=DIRECTION('',(0.57357643635104,0.819152044288996,1.16608980787015E-15));
#11959=DIRECTION('',(0.,5.55111512312578E-17,-1.));
#11960=DIRECTION('center_axis',(-1.,-1.05239890875926E-14,-5.84198749797461E-31));
#11961=DIRECTION('ref_axis',(-1.05239890875926E-14,1.,-1.62592463436759E-23));
#11962=DIRECTION('',(-1.05239890875926E-14,1.,1.00445650866079E-15));
#11963=DIRECTION('center_axis',(0.,-1.,-2.03540887847945E-15));
#11964=DIRECTION('ref_axis',(-1.,0.,-1.07005601494371E-29));
#11965=DIRECTION('',(0.,-1.,-2.03540887847945E-15));
#11966=DIRECTION('center_axis',(-2.78645334537897E-15,-1.,-2.01375016741094E-15));
#11967=DIRECTION('ref_axis',(-1.,2.78645334537897E-15,-5.02898827078395E-30));
#11968=DIRECTION('center_axis',(2.78645334537897E-15,1.,2.01375016741094E-15));
#11969=DIRECTION('ref_axis',(-1.,2.78645334537897E-15,-5.02898827078395E-30));
#11970=DIRECTION('center_axis',(2.78645334537897E-15,1.,2.01375016741094E-15));
#11971=DIRECTION('ref_axis',(-1.,3.04518315325757E-15,-4.50783870917415E-30));
#11972=DIRECTION('center_axis',(0.,-1.,-2.03540887847945E-15));
#11973=DIRECTION('ref_axis',(-1.,0.,-1.07005601494371E-29));
#11974=DIRECTION('',(0.,-1.,-2.03540887847945E-15));
#11975=DIRECTION('center_axis',(-2.78645334537897E-15,-1.,-2.01375016741094E-15));
#11976=DIRECTION('ref_axis',(-1.,2.78645334537897E-15,-5.02898827078395E-30));
#11977=DIRECTION('center_axis',(2.78645334537897E-15,1.,2.01375016741094E-15));
#11978=DIRECTION('ref_axis',(-1.,2.78645334537897E-15,-5.02898827078395E-30));
#11979=DIRECTION('center_axis',(2.78645334537897E-15,1.,2.01375016741094E-15));
#11980=DIRECTION('ref_axis',(-1.,3.04518315325757E-15,-4.51194224902934E-30));
#11981=DIRECTION('center_axis',(-3.04518315325757E-15,-1.,-1.99840144432528E-15));
#11982=DIRECTION('ref_axis',(-1.,3.04518315325757E-15,-4.51194224902934E-30));
#11983=DIRECTION('',(-3.04518315325757E-15,-1.,-1.99840144432528E-15));
#11984=DIRECTION('center_axis',(-2.78645334537897E-15,-1.,-2.01375016741094E-15));
#11985=DIRECTION('ref_axis',(-1.,2.78645334537897E-15,-5.02898827078395E-30));
#11986=DIRECTION('center_axis',(2.78645334537897E-15,1.,2.01375016741094E-15));
#11987=DIRECTION('ref_axis',(-1.,2.78645334537897E-15,-5.02898827078395E-30));
#11988=DIRECTION('center_axis',(-3.04518315325757E-15,-1.,-2.0142617732485E-15));
#11989=DIRECTION('ref_axis',(-1.,3.04518315325757E-15,-4.50783870917415E-30));
#11990=DIRECTION('',(-3.04518315325757E-15,-1.,-2.0142617732485E-15));
#11991=DIRECTION('center_axis',(-2.78645334537897E-15,-1.,-2.01375016741094E-15));
#11992=DIRECTION('ref_axis',(-1.,2.78645334537897E-15,-5.02898827078395E-30));
#11993=DIRECTION('center_axis',(2.78645334537897E-15,1.,2.01375016741094E-15));
#11994=DIRECTION('ref_axis',(-1.,2.78645334537897E-15,-5.02898827078395E-30));
#11995=DIRECTION('center_axis',(0.,-9.99200722162641E-16,1.));
#11996=DIRECTION('ref_axis',(1.,0.,0.));
#11997=DIRECTION('',(1.,1.11022302462516E-15,5.98502978234585E-16));
#11998=DIRECTION('',(1.31838984174237E-15,-1.,-1.00445650866079E-15));
#11999=DIRECTION('',(1.,1.31670655211609E-15,5.98502978234586E-16));
#12000=DIRECTION('',(-1.31838984174237E-15,1.,1.00445650866079E-15));
#12001=DIRECTION('',(1.,1.32847199527796E-15,6.32605712037126E-16));
#12002=DIRECTION('',(1.11022302462516E-15,-1.,-1.00445650866079E-15));
#12003=DIRECTION('center_axis',(0.,0.,-1.));
#12004=DIRECTION('ref_axis',(1.,-1.31838984174238E-15,0.));
#12005=DIRECTION('center_axis',(5.98502978234584E-16,1.00445650866079E-15,
-1.));
#12006=DIRECTION('ref_axis',(1.,-1.31838984174238E-15,0.));
#12007=DIRECTION('',(0.,0.,-1.));
#12008=DIRECTION('center_axis',(-1.78536305163464E-17,-1.62592465069153E-23,
-1.));
#12009=DIRECTION('ref_axis',(1.,-1.31838984174238E-15,-1.78536305163464E-17));
#12010=DIRECTION('center_axis',(1.78536305163464E-17,1.62592465069153E-23,
1.));
#12011=DIRECTION('ref_axis',(1.,-1.31838984174238E-15,-1.78536305163464E-17));
#12012=DIRECTION('center_axis',(1.78536305163464E-17,1.62592465069153E-23,
1.));
#12013=DIRECTION('ref_axis',(1.,-1.31838984174238E-15,0.));
#12014=DIRECTION('center_axis',(0.,0.,1.));
#12015=DIRECTION('ref_axis',(1.,-1.31838984174238E-15,0.));
#12016=DIRECTION('',(0.,0.,1.));
#12017=DIRECTION('center_axis',(1.78536305163464E-17,1.62592465069153E-23,
1.));
#12018=DIRECTION('ref_axis',(1.,-1.31838984174238E-15,-1.78536305163464E-17));
#12019=DIRECTION('center_axis',(1.78536305163464E-17,1.62592465069153E-23,
1.));
#12020=DIRECTION('ref_axis',(1.,-1.31838984174238E-15,-1.78536305163464E-17));
#12021=DIRECTION('center_axis',(-1.78536305163464E-17,-1.62592465069153E-23,
-1.));
#12022=DIRECTION('ref_axis',(1.,-1.31838984174238E-15,0.));
#12023=DIRECTION('center_axis',(0.,0.,-1.));
#12024=DIRECTION('ref_axis',(1.,-1.31838984174238E-15,0.));
#12025=DIRECTION('',(0.,0.,-1.));
#12026=DIRECTION('center_axis',(0.,0.,-1.));
#12027=DIRECTION('ref_axis',(1.,-1.31838984174238E-15,0.));
#12028=DIRECTION('center_axis',(5.98502978234584E-16,1.00445650866079E-15,
-1.));
#12029=DIRECTION('ref_axis',(1.,-1.31838984174238E-15,0.));
#12030=DIRECTION('',(0.,0.,-1.));
#12031=DIRECTION('center_axis',(-1.78536305163464E-17,-1.62592465069153E-23,
-1.));
#12032=DIRECTION('ref_axis',(1.,-1.31838984174238E-15,-1.78536305163464E-17));
#12033=DIRECTION('center_axis',(1.78536305163464E-17,1.62592465069153E-23,
1.));
#12034=DIRECTION('ref_axis',(1.,-1.31838984174238E-15,-1.78536305163464E-17));
#12035=DIRECTION('center_axis',(-1.,-3.23076826117025E-16,2.90827565738869E-31));
#12036=DIRECTION('ref_axis',(3.23076826117025E-16,-1.,1.00445652492004E-15));
#12037=DIRECTION('',(3.23076826117025E-16,-1.,1.00445652492004E-15));
#12038=DIRECTION('',(0.,9.00180830777154E-16,1.));
#12039=DIRECTION('',(-3.23076826117025E-16,1.,-7.09558831675792E-32));
#12040=DIRECTION('center_axis',(0.668688983046304,0.743542227417179,-6.69322459994291E-16));
#12041=DIRECTION('ref_axis',(-0.743542227417179,0.668688983046304,-1.25649812204263E-14));
#12042=DIRECTION('',(0.743542227417179,-0.668688983046304,1.63300772924099E-16));
#12043=DIRECTION('',(0.,9.00180830777154E-16,1.));
#12044=DIRECTION('',(-0.743542227417179,0.668688983046304,-1.25649812204263E-14));
#12045=DIRECTION('',(0.,9.00180830777154E-16,1.));
#12046=DIRECTION('center_axis',(0.,9.00180830777154E-16,1.));
#12047=DIRECTION('ref_axis',(1.,7.63972218820099E-14,-6.90253292068308E-29));
#12048=DIRECTION('center_axis',(2.19625418574211E-16,0.,-1.));
#12049=DIRECTION('ref_axis',(1.,7.63972218820099E-14,-6.90253292068308E-29));
#12050=DIRECTION('center_axis',(1.1498961436427E-14,1.00445652492089E-15,
1.));
#12051=DIRECTION('ref_axis',(1.,7.63972218820099E-14,-1.14989614364271E-14));
#12052=DIRECTION('center_axis',(0.,9.00180830777154E-16,1.));
#12053=DIRECTION('ref_axis',(-0.668688983046237,0.743542227417239,-6.69322459994346E-16));
#12054=DIRECTION('center_axis',(2.19625418574211E-16,0.,-1.));
#12055=DIRECTION('ref_axis',(-0.668688983046237,0.743542227417239,-6.69322459994346E-16));
#12056=DIRECTION('center_axis',(3.96731190176719E-16,1.00445652492004E-15,
1.));
#12057=DIRECTION('ref_axis',(-0.668688983046237,0.743542227417239,-4.81566065780832E-16));
#12058=DIRECTION('',(0.,9.00180830777154E-16,1.));
#12059=DIRECTION('center_axis',(-0.668688983046317,0.743542227417167,-6.69322459994281E-16));
#12060=DIRECTION('ref_axis',(-0.743542227417167,-0.668688983046317,9.6665540499288E-16));
#12061=DIRECTION('',(0.743542227417167,0.668688983046317,1.63300772924097E-16));
#12062=DIRECTION('',(-0.743542227417167,-0.668688983046317,9.6665540499288E-16));
#12063=DIRECTION('',(0.,9.00180830777154E-16,1.));
#12064=DIRECTION('center_axis',(0.,9.00180830777154E-16,1.));
#12065=DIRECTION('ref_axis',(-4.30905311432596E-14,1.,-9.00180830777154E-16));
#12066=DIRECTION('center_axis',(2.19625418574211E-16,0.,-1.));
#12067=DIRECTION('ref_axis',(-4.30905311432596E-14,1.,-9.00180830777154E-16));
#12068=DIRECTION('center_axis',(3.96731190176719E-16,1.00445652492004E-15,
1.));
#12069=DIRECTION('ref_axis',(-4.30905311432596E-14,1.,-1.00445652492002E-15));
#12070=DIRECTION('',(0.,9.00180830777154E-16,1.));
#12071=DIRECTION('center_axis',(7.2485952339998E-17,1.,-9.00180830777154E-16));
#12072=DIRECTION('ref_axis',(-1.,7.24859523399984E-17,3.96731190176719E-16));
#12073=DIRECTION('',(1.,-7.24859523399978E-17,2.19625418574211E-16));
#12074=DIRECTION('',(-1.,7.24859523399984E-17,3.96731190176719E-16));
#12075=DIRECTION('',(0.,9.00180830777154E-16,1.));
#12076=DIRECTION('center_axis',(0.,9.00180830777154E-16,1.));
#12077=DIRECTION('ref_axis',(0.668688983046287,0.743542227417194,-6.69322459994305E-16));
#12078=DIRECTION('center_axis',(2.19625418574211E-16,0.,-1.));
#12079=DIRECTION('ref_axis',(0.668688983046287,0.743542227417194,-6.69322459994305E-16));
#12080=DIRECTION('center_axis',(3.96731190176719E-16,1.00445652492004E-15,
1.));
#12081=DIRECTION('ref_axis',(0.668688983046287,0.743542227417194,-1.01214561798479E-15));
#12082=DIRECTION('center_axis',(-2.19625418574211E-16,0.,1.));
#12083=DIRECTION('ref_axis',(1.,0.,2.19625418574211E-16));
#12084=DIRECTION('',(1.,5.44740220251269E-32,2.19625418574211E-16));
#12085=DIRECTION('',(0.,-1.,0.));
#12086=DIRECTION('',(1.,0.,0.));
#12087=DIRECTION('',(-1.,3.70074341541719E-16,3.28692043842088E-31));
#12088=DIRECTION('',(2.35922392732846E-16,1.,8.88178419700125E-16));
#12089=DIRECTION('center_axis',(-1.11022302462516E-15,1.,9.49675767314157E-16));
#12090=DIRECTION('ref_axis',(-6.16356653080279E-16,-9.49675767314158E-16,
1.));
#12091=DIRECTION('',(5.98502978234584E-16,9.49675767314158E-16,-1.));
#12092=DIRECTION('',(-6.16356653080279E-16,-9.49675767314158E-16,1.));
#12093=DIRECTION('',(1.,1.11022302462516E-15,5.98502978234585E-16));
#12094=DIRECTION('center_axis',(1.,1.11022302462516E-15,1.11022302462516E-15));
#12095=DIRECTION('ref_axis',(1.11022302462516E-15,0.,-1.));
#12096=DIRECTION('',(-1.11022302462516E-15,-1.00445650866079E-15,1.));
#12097=DIRECTION('',(1.11022302462516E-15,-1.,-1.00445650866079E-15));
#12098=DIRECTION('center_axis',(5.98502978234584E-16,1.00445650866079E-15,
-1.));
#12099=DIRECTION('ref_axis',(1.31838984174237E-15,-1.,-1.00445650866079E-15));
#12100=DIRECTION('',(-1.,-1.32847199527796E-15,-6.32605712037126E-16));
#12101=DIRECTION('',(1.31838984174237E-15,-1.,-1.00445650866079E-15));
#12102=DIRECTION('',(-1.,-1.31670655211609E-15,-5.98502978234586E-16));
#12103=DIRECTION('',(1.31838984174237E-15,-1.,-1.00445650866079E-15));
#12104=DIRECTION('',(-1.,-1.32847199527796E-15,-6.32605712037126E-16));
#12105=DIRECTION('center_axis',(1.32847199527797E-15,-1.,-1.00445650866079E-15));
#12106=DIRECTION('ref_axis',(-6.16356653080279E-16,-1.00445650866079E-15,
1.));
#12107=DIRECTION('',(0.,-9.99200722162641E-16,1.));
#12108=DIRECTION('center_axis',(1.,1.31838984174236E-15,6.1635665308028E-16));
#12109=DIRECTION('ref_axis',(6.16356653080279E-16,1.00445650866079E-15,
-1.));
#12110=DIRECTION('',(-6.16356653080279E-16,-9.49675767314158E-16,1.));
#12111=DIRECTION('center_axis',(1.31670655211609E-15,-1.,-9.49675767314157E-16));
#12112=DIRECTION('ref_axis',(-6.16356653080279E-16,-9.49675767314158E-16,
1.));
#12113=DIRECTION('center_axis',(-1.,-1.31670655211609E-15,-5.98502978234586E-16));
#12114=DIRECTION('ref_axis',(-5.98502978234586E-16,0.,1.));
#12115=DIRECTION('center_axis',(1.,0.,0.));
#12116=DIRECTION('ref_axis',(0.,0.,1.));
#12117=DIRECTION('center_axis',(1.,0.,0.));
#12118=DIRECTION('ref_axis',(0.,0.,1.));
#12119=DIRECTION('',(1.,0.,0.));
#12120=DIRECTION('center_axis',(1.,0.,0.));
#12121=DIRECTION('ref_axis',(0.,0.,1.));
#12122=DIRECTION('center_axis',(-1.,0.,0.));
#12123=DIRECTION('ref_axis',(0.,0.,1.));
#12124=DIRECTION('center_axis',(1.,0.,0.));
#12125=DIRECTION('ref_axis',(0.,0.,1.));
#12126=DIRECTION('center_axis',(1.,0.,0.));
#12127=DIRECTION('ref_axis',(0.,0.,1.));
#12128=DIRECTION('',(1.,0.,0.));
#12129=DIRECTION('center_axis',(1.,0.,0.));
#12130=DIRECTION('ref_axis',(0.,0.,1.));
#12131=DIRECTION('center_axis',(-1.,0.,0.));
#12132=DIRECTION('ref_axis',(0.,0.,1.));
#12133=DIRECTION('center_axis',(1.,0.,0.));
#12134=DIRECTION('ref_axis',(0.,0.,1.));
#12135=DIRECTION('center_axis',(1.,0.,0.));
#12136=DIRECTION('ref_axis',(0.,0.,1.));
#12137=DIRECTION('',(1.,0.,0.));
#12138=DIRECTION('center_axis',(-1.,0.,0.));
#12139=DIRECTION('ref_axis',(0.,0.,1.));
#12140=DIRECTION('center_axis',(0.,1.,-2.48031500082128E-16));
#12141=DIRECTION('ref_axis',(0.,2.48031500082128E-16,1.));
#12142=DIRECTION('',(1.,0.,0.));
#12143=DIRECTION('',(0.,2.48031500082128E-16,1.));
#12144=DIRECTION('center_axis',(0.,0.74354222741717,-0.668688983046314));
#12145=DIRECTION('ref_axis',(0.,0.668688983046314,0.74354222741717));
#12146=DIRECTION('',(1.,0.,0.));
#12147=DIRECTION('',(0.,0.668688983046314,0.74354222741717));
#12148=DIRECTION('center_axis',(0.,-5.09395259938321E-16,-1.));
#12149=DIRECTION('ref_axis',(0.,1.,-5.09395259938321E-16));
#12150=DIRECTION('',(1.,0.,0.));
#12151=DIRECTION('',(0.,1.,-5.09395259938321E-16));
#12152=DIRECTION('center_axis',(0.,-1.,1.27856778267772E-16));
#12153=DIRECTION('ref_axis',(0.,-1.27856778267772E-16,-1.));
#12154=DIRECTION('',(1.,0.,0.));
#12155=DIRECTION('',(0.,-1.27856778267772E-16,-1.));
#12156=DIRECTION('center_axis',(0.,0.,1.));
#12157=DIRECTION('ref_axis',(0.,-1.,0.));
#12158=DIRECTION('',(0.,-1.,0.));
#12159=DIRECTION('center_axis',(-1.,0.,0.));
#12160=DIRECTION('ref_axis',(0.,0.,1.));
#12161=DIRECTION('',(0.,7.4205137892684E-16,1.));
#12162=DIRECTION('',(0.,-1.,0.));
#12163=DIRECTION('',(0.,-0.668688983046314,-0.74354222741717));
#12164=DIRECTION('center_axis',(-1.,0.,0.));
#12165=DIRECTION('ref_axis',(0.,0.743542227417184,-0.668688983046298));
#12166=DIRECTION('',(0.,-0.668688983046313,-0.74354222741717));
#12167=DIRECTION('center_axis',(-1.,0.,0.));
#12168=DIRECTION('ref_axis',(0.,1.,2.66453525910056E-14));
#12169=DIRECTION('',(0.,0.,-1.));
#12170=DIRECTION('',(0.,1.,1.93082265152202E-16));
#12171=DIRECTION('center_axis',(0.,1.,0.));
#12172=DIRECTION('ref_axis',(0.,0.,1.));
#12173=DIRECTION('',(1.,0.,0.));
#12174=DIRECTION('',(0.,2.9326017970696E-16,-1.));
#12175=DIRECTION('center_axis',(1.,0.,0.));
#12176=DIRECTION('ref_axis',(0.,1.,2.66453525910056E-14));
#12177=DIRECTION('',(1.,0.,0.));
#12178=DIRECTION('center_axis',(-1.,0.,0.));
#12179=DIRECTION('ref_axis',(0.,1.,1.77635683940034E-14));
#12180=DIRECTION('center_axis',(0.,0.74354222741717,-0.668688983046313));
#12181=DIRECTION('ref_axis',(0.,0.668688983046313,0.74354222741717));
#12182=DIRECTION('',(1.,0.,0.));
#12183=DIRECTION('',(0.,-0.668688983046313,-0.743542227417171));
#12184=DIRECTION('center_axis',(1.,0.,0.));
#12185=DIRECTION('ref_axis',(0.,0.743542227417184,-0.668688983046298));
#12186=DIRECTION('',(-1.,0.,0.));
#12187=DIRECTION('center_axis',(-1.,0.,0.));
#12188=DIRECTION('ref_axis',(0.,0.743542227417202,-0.668688983046279));
#12189=DIRECTION('center_axis',(0.,-0.74354222741717,0.668688983046314));
#12190=DIRECTION('ref_axis',(0.,-0.668688983046314,-0.74354222741717));
#12191=DIRECTION('',(-1.,0.,0.));
#12192=DIRECTION('',(0.,-0.668688983046316,-0.743542227417168));
#12193=DIRECTION('center_axis',(0.,0.,1.));
#12194=DIRECTION('ref_axis',(0.,1.,0.));
#12195=DIRECTION('',(-1.,1.58603289232165E-16,0.));
#12196=DIRECTION('',(0.,-1.,0.));
#12197=DIRECTION('center_axis',(-1.58603289232165E-16,-1.,7.4205137892684E-16));
#12198=DIRECTION('ref_axis',(1.22681242359795E-31,7.4205137892684E-16,1.));
#12199=DIRECTION('',(1.,-1.58603289232165E-16,-3.06234823455363E-32));
#12200=DIRECTION('',(-1.22681242359795E-31,-7.4205137892684E-16,-1.));
#12201=DIRECTION('center_axis',(0.,0.,-1.));
#12202=DIRECTION('ref_axis',(0.,1.,0.));
#12203=DIRECTION('',(0.,1.,0.));
#12204=DIRECTION('center_axis',(-1.,0.,0.));
#12205=DIRECTION('ref_axis',(0.,0.,1.));
#12206=DIRECTION('center_axis',(0.,-0.799684658487097,0.600420225325875));
#12207=DIRECTION('ref_axis',(0.,-0.600420225325875,-0.799684658487097));
#12208=DIRECTION('',(-1.,0.,0.));
#12209=DIRECTION('',(3.62378906241588E-16,-0.600420225325875,-0.799684658487097));
#12210=DIRECTION('',(-1.,0.,0.));
#12211=DIRECTION('',(0.,-0.600420225325875,-0.799684658487097));
#12212=DIRECTION('',(1.,0.,0.));
#12213=DIRECTION('',(1.62904278952639E-16,-0.600420225325875,-0.799684658487097));
#12214=DIRECTION('center_axis',(-1.,2.35922392732846E-16,-6.96283744417243E-32));
#12215=DIRECTION('ref_axis',(-6.96283744417243E-32,3.98848363848121E-48,
1.));
#12216=DIRECTION('',(-4.61077061494849E-32,-1.56056870369949E-48,1.));
#12217=DIRECTION('center_axis',(1.,-2.35922392732846E-16,7.14736493827594E-32));
#12218=DIRECTION('ref_axis',(1.75418261390168E-16,0.743542227417169,0.668688983046315));
#12219=DIRECTION('',(-1.57758704874381E-16,-0.668688983046319,0.743542227417165));
#12220=DIRECTION('center_axis',(1.,-2.35922392732846E-16,6.68056949459322E-32));
#12221=DIRECTION('ref_axis',(-6.68056949459322E-32,3.32255033791598E-48,
1.));
#12222=DIRECTION('',(-2.35922392732846E-16,-1.,-1.24384090619089E-47));
#12223=DIRECTION('center_axis',(3.70074341541719E-16,1.,1.86238476969692E-47));
#12224=DIRECTION('ref_axis',(-4.61077061494849E-32,-1.56056870369949E-48,
1.));
#12225=DIRECTION('',(1.,-3.70074341541719E-16,0.));
#12226=DIRECTION('center_axis',(0.,0.,-1.));
#12227=DIRECTION('ref_axis',(1.,0.,0.));
#12228=DIRECTION('',(0.656178714924787,0.754605522163505,0.));
#12229=DIRECTION('',(1.,-3.70074341541719E-16,0.));
#12230=DIRECTION('center_axis',(0.,0.,1.));
#12231=DIRECTION('ref_axis',(-0.707106781186549,0.707106781186547,0.));
#12232=DIRECTION('center_axis',(0.,0.,-1.));
#12233=DIRECTION('ref_axis',(-0.707106781186549,0.707106781186547,0.));
#12234=DIRECTION('',(0.,0.,1.));
#12235=DIRECTION('center_axis',(0.,0.,1.));
#12236=DIRECTION('ref_axis',(-0.707106781186549,0.707106781186547,0.));
#12237=DIRECTION('center_axis',(1.,0.,0.));
#12238=DIRECTION('ref_axis',(0.,0.,1.));
#12239=DIRECTION('',(0.,-1.,0.));
#12240=DIRECTION('',(0.,0.,1.));
#12241=DIRECTION('',(0.,-1.,0.));
#12242=DIRECTION('center_axis',(0.,0.,-1.));
#12243=DIRECTION('ref_axis',(0.707106781186547,0.707106781186549,0.));
#12244=DIRECTION('center_axis',(0.,0.,1.));
#12245=DIRECTION('ref_axis',(0.707106781186547,0.707106781186549,0.));
#12246=DIRECTION('',(0.,0.,-1.));
#12247=DIRECTION('center_axis',(0.,0.,-1.));
#12248=DIRECTION('ref_axis',(0.707106781186547,0.707106781186549,0.));
#12249=DIRECTION('center_axis',(-1.,0.,0.));
#12250=DIRECTION('ref_axis',(0.,0.,1.));
#12251=DIRECTION('',(0.,1.,0.));
#12252=DIRECTION('',(0.,0.,1.));
#12253=DIRECTION('',(0.,1.,0.));
#12254=DIRECTION('center_axis',(1.,0.,0.));
#12255=DIRECTION('ref_axis',(0.,0.,-1.));
#12256=DIRECTION('',(0.,0.,-1.));
#12257=DIRECTION('',(0.,1.,0.));
#12258=DIRECTION('',(0.,1.,0.));
#12259=DIRECTION('center_axis',(0.,0.,1.));
#12260=DIRECTION('ref_axis',(3.5527136788005E-15,-1.,0.));
#12261=DIRECTION('',(0.,0.,1.));
#12262=DIRECTION('center_axis',(0.,0.,1.));
#12263=DIRECTION('ref_axis',(1.77635683940025E-15,-1.,0.));
#12264=DIRECTION('center_axis',(0.,0.,1.));
#12265=DIRECTION('ref_axis',(1.77635683940025E-15,-1.,0.));
#12266=DIRECTION('center_axis',(0.,0.,1.));
#12267=DIRECTION('ref_axis',(3.5527136788005E-15,-1.,0.));
#12268=DIRECTION('',(0.,0.,-1.));
#12269=DIRECTION('center_axis',(0.,0.,1.));
#12270=DIRECTION('ref_axis',(4.93432455388958E-16,-1.,0.));
#12271=DIRECTION('center_axis',(0.,0.,1.));
#12272=DIRECTION('ref_axis',(4.93432455388958E-16,-1.,0.));
#12273=DIRECTION('center_axis',(0.,1.,0.));
#12274=DIRECTION('ref_axis',(0.,0.,1.));
#12275=DIRECTION('',(0.,0.,1.));
#12276=DIRECTION('',(1.,0.,0.));
#12277=DIRECTION('',(1.,0.,0.));
#12278=DIRECTION('center_axis',(0.,-1.,0.));
#12279=DIRECTION('ref_axis',(0.,0.,-1.));
#12280=DIRECTION('',(0.,0.,-1.));
#12281=DIRECTION('',(1.,0.,0.));
#12282=DIRECTION('',(1.,0.,0.));
#12283=DIRECTION('center_axis',(0.,0.,1.));
#12284=DIRECTION('ref_axis',(-1.,0.,0.));
#12285=DIRECTION('center_axis',(0.,0.,1.));
#12286=DIRECTION('ref_axis',(-1.,-2.22044604925031E-16,0.));
#12287=DIRECTION('center_axis',(0.,0.,1.));
#12288=DIRECTION('ref_axis',(-1.,-2.22044604925031E-16,0.));
#12289=DIRECTION('center_axis',(0.,0.,1.));
#12290=DIRECTION('ref_axis',(-1.,0.,0.));
#12291=DIRECTION('',(0.,0.,-1.));
#12292=DIRECTION('center_axis',(0.,0.,1.));
#12293=DIRECTION('ref_axis',(-1.,0.,0.));
#12294=DIRECTION('center_axis',(0.,0.,1.));
#12295=DIRECTION('ref_axis',(-1.,0.,0.));
#12296=DIRECTION('center_axis',(0.,0.,-1.));
#12297=DIRECTION('ref_axis',(1.,0.,0.));
#12298=DIRECTION('',(0.,-1.,0.));
#12299=DIRECTION('center_axis',(-1.,0.,0.));
#12300=DIRECTION('ref_axis',(0.,0.,-1.));
#12301=DIRECTION('',(0.,-1.,0.));
#12302=DIRECTION('center_axis',(0.,0.,1.));
#12303=DIRECTION('ref_axis',(-1.,0.,0.));
#12304=DIRECTION('center_axis',(0.,-1.,0.));
#12305=DIRECTION('ref_axis',(1.,0.,0.));
#12306=DIRECTION('',(0.,0.,1.));
#12307=DIRECTION('',(1.,0.,0.));
#12308=DIRECTION('',(9.06304509898096E-16,0.,1.));
#12309=DIRECTION('',(-1.,0.,0.));
#12310=DIRECTION('',(0.,0.,1.));
#12311=DIRECTION('',(1.,0.,0.));
#12312=DIRECTION('',(4.07421293440426E-16,0.,1.));
#12313=DIRECTION('center_axis',(0.,0.,1.));
#12314=DIRECTION('ref_axis',(1.,0.,0.));
#12315=DIRECTION('center_axis',(0.,0.,-1.));
#12316=DIRECTION('ref_axis',(-1.,0.,0.));
#12317=DIRECTION('',(0.,1.,0.));
#12318=DIRECTION('',(0.,-1.,0.));
#12319=DIRECTION('center_axis',(0.,0.,1.));
#12320=DIRECTION('ref_axis',(1.,0.,0.));
#12321=DIRECTION('',(-1.,0.,0.));
#12322=DIRECTION('',(0.,1.,0.));
#12323=DIRECTION('',(0.,1.,0.));
#12324=DIRECTION('center_axis',(-1.,0.,0.));
#12325=DIRECTION('ref_axis',(0.,0.,1.));
#12326=DIRECTION('',(0.,0.,-1.));
#12327=DIRECTION('',(0.,1.,0.));
#12328=DIRECTION('center_axis',(0.,0.,-1.));
#12329=DIRECTION('ref_axis',(-1.,0.,0.));
#12330=DIRECTION('',(1.,0.,0.));
#12331=DIRECTION('',(0.,1.,0.));
#12332=DIRECTION('center_axis',(-1.,0.,-2.03710646720213E-16));
#12333=DIRECTION('ref_axis',(-2.03710646720213E-16,0.,1.));
#12334=DIRECTION('',(2.03710646720213E-16,0.,-1.));
#12335=DIRECTION('center_axis',(0.,-1.,0.));
#12336=DIRECTION('ref_axis',(1.,0.,0.));
#12337=DIRECTION('',(0.,0.,1.));
#12338=DIRECTION('',(4.53152254949048E-16,0.,-1.));
#12339=DIRECTION('',(1.,0.,0.));
#12340=DIRECTION('center_axis',(0.,0.,1.));
#12341=DIRECTION('ref_axis',(-1.,0.,0.));
#12342=DIRECTION('center_axis',(0.,0.,-1.));
#12343=DIRECTION('ref_axis',(-1.,0.,0.));
#12344=DIRECTION('center_axis',(0.,1.,0.));
#12345=DIRECTION('ref_axis',(1.,0.,0.));
#12346=DIRECTION('center_axis',(0.,1.,0.));
#12347=DIRECTION('ref_axis',(-1.,0.,0.));
#12348=DIRECTION('center_axis',(0.,1.,0.));
#12349=DIRECTION('ref_axis',(1.,0.,0.));
#12350=DIRECTION('center_axis',(0.,1.,0.));
#12351=DIRECTION('ref_axis',(-1.,0.,0.));
#12352=DIRECTION('center_axis',(0.,1.,0.));
#12353=DIRECTION('ref_axis',(1.,0.,0.));
#12354=DIRECTION('center_axis',(0.,-1.,0.));
#12355=DIRECTION('ref_axis',(-1.,0.,0.));
#12356=DIRECTION('center_axis',(0.,1.,0.));
#12357=DIRECTION('ref_axis',(1.,0.,0.));
#12358=DIRECTION('center_axis',(0.,-1.,0.));
#12359=DIRECTION('ref_axis',(-1.,0.,0.));
#12360=DIRECTION('center_axis',(0.,1.,0.));
#12361=DIRECTION('ref_axis',(1.,0.,0.));
#12362=DIRECTION('center_axis',(0.,-1.,0.));
#12363=DIRECTION('ref_axis',(-1.,0.,0.));
#12364=DIRECTION('center_axis',(0.,1.,0.));
#12365=DIRECTION('ref_axis',(1.,0.,0.));
#12366=DIRECTION('center_axis',(0.,-1.,0.));
#12367=DIRECTION('ref_axis',(-1.,0.,0.));
#12368=DIRECTION('center_axis',(0.,1.,0.));
#12369=DIRECTION('ref_axis',(-1.,0.,0.));
#12370=DIRECTION('center_axis',(0.,-1.,0.));
#12371=DIRECTION('ref_axis',(-1.,0.,0.));
#12372=DIRECTION('center_axis',(0.,1.,0.));
#12373=DIRECTION('ref_axis',(-1.,0.,0.));
#12374=DIRECTION('center_axis',(0.,-1.,0.));
#12375=DIRECTION('ref_axis',(-1.,0.,0.));
#12376=DIRECTION('center_axis',(0.,1.,0.));
#12377=DIRECTION('ref_axis',(-1.,0.,0.));
#12378=DIRECTION('center_axis',(0.,-1.,0.));
#12379=DIRECTION('ref_axis',(-1.,0.,0.));
#12380=DIRECTION('center_axis',(0.,1.,0.));
#12381=DIRECTION('ref_axis',(-1.,0.,0.));
#12382=DIRECTION('center_axis',(0.,-1.,0.));
#12383=DIRECTION('ref_axis',(-1.,0.,0.));
#12384=DIRECTION('center_axis',(0.,1.,0.));
#12385=DIRECTION('ref_axis',(-1.,0.,0.));
#12386=DIRECTION('center_axis',(0.,-1.,0.));
#12387=DIRECTION('ref_axis',(-1.,0.,0.));
#12388=DIRECTION('center_axis',(0.,1.,0.));
#12389=DIRECTION('ref_axis',(-1.,0.,0.));
#12390=DIRECTION('center_axis',(0.,-1.,0.));
#12391=DIRECTION('ref_axis',(-1.,0.,0.));
#12392=DIRECTION('center_axis',(0.0375030072986736,-0.123947477986171,-0.991579823889345));
#12393=DIRECTION('ref_axis',(-1.58603289232165E-15,-0.992277876713667,0.124034734589211));
#12394=DIRECTION('center_axis',(0.,-0.998052578482889,0.0623782861551806));
#12395=DIRECTION('ref_axis',(0.,0.0623782861551806,0.998052578482889));
#12396=DIRECTION('center_axis',(0.,0.992277876713668,-0.124034734589208));
#12397=DIRECTION('ref_axis',(0.,0.124034734589208,0.992277876713668));
#12398=DIRECTION('center_axis',(0.,0.992277876713668,-0.124034734589208));
#12399=DIRECTION('ref_axis',(0.,0.124034734589208,0.992277876713668));
#12400=DIRECTION('center_axis',(0.,0.992277876713668,-0.124034734589208));
#12401=DIRECTION('ref_axis',(0.,0.124034734589208,0.992277876713668));
#12402=DIRECTION('center_axis',(0.,0.992277876713668,-0.124034734589208));
#12403=DIRECTION('ref_axis',(0.,0.124034734589208,0.992277876713668));
#12404=DIRECTION('',(1.,0.,0.));
#12405=DIRECTION('center_axis',(0.,-0.998052578482889,0.0623782861551806));
#12406=DIRECTION('ref_axis',(0.,0.0623782861551806,0.998052578482889));
#12407=DIRECTION('center_axis',(-5.2722460627101E-32,0.,1.));
#12408=DIRECTION('ref_axis',(-0.707106781186549,0.707106781186546,0.));
#12409=DIRECTION('center_axis',(0.,1.93082265152202E-16,-1.));
#12410=DIRECTION('ref_axis',(-0.707106781186549,0.707106781186546,0.));
#12411=DIRECTION('center_axis',(4.6031360434125E-63,1.24384090619089E-47,
-1.));
#12412=DIRECTION('ref_axis',(-0.707106781186549,0.707106781186546,0.));
#12413=DIRECTION('center_axis',(0.,0.,-1.));
#12414=DIRECTION('ref_axis',(0.707106781186549,0.707106781186546,0.));
#12415=DIRECTION('center_axis',(0.,-1.93082265152202E-16,1.));
#12416=DIRECTION('ref_axis',(0.707106781186549,0.707106781186546,0.));
#12417=DIRECTION('center_axis',(0.,1.93082265152202E-16,-1.));
#12418=DIRECTION('ref_axis',(1.98522036479166E-18,-1.,-1.93082265152202E-16));
#12419=DIRECTION('center_axis',(-0.754605522163505,0.656178714924787,-4.8691832023238E-16));
#12420=DIRECTION('ref_axis',(-6.45262068632035E-16,0.,1.));
#12421=DIRECTION('center_axis',(-0.447213595499958,0.894427190999916,0.));
#12422=DIRECTION('ref_axis',(0.,0.,1.));
#12423=DIRECTION('',(0.894427190999916,0.447213595499958,0.));
#12424=DIRECTION('',(0.,0.,1.));
#12425=DIRECTION('',(-0.894427190999916,-0.447213595499958,0.));
#12426=DIRECTION('center_axis',(1.,0.,0.));
#12427=DIRECTION('ref_axis',(0.,0.70710678118655,0.707106781186545));
#12428=DIRECTION('center_axis',(-1.,-1.22464679914735E-16,0.));
#12429=DIRECTION('ref_axis',(0.,0.70710678118655,0.707106781186545));
#12430=DIRECTION('',(1.,0.,0.));
#12431=DIRECTION('center_axis',(1.,1.22464679914735E-16,0.));
#12432=DIRECTION('ref_axis',(0.,0.70710678118655,0.707106781186545));
#12433=DIRECTION('center_axis',(0.,0.,1.));
#12434=DIRECTION('ref_axis',(1.,1.22464679914735E-16,0.));
#12435=DIRECTION('',(-1.22464679914735E-16,1.,0.));
#12436=DIRECTION('',(1.,1.22464679914735E-16,0.));
#12437=DIRECTION('',(-1.22464679914735E-16,1.,0.));
#12438=DIRECTION('center_axis',(1.,0.,0.));
#12439=DIRECTION('ref_axis',(0.,0.70710678118655,0.707106781186545));
#12440=DIRECTION('center_axis',(-1.,0.,0.));
#12441=DIRECTION('ref_axis',(0.,0.70710678118655,0.707106781186545));
#12442=DIRECTION('',(1.,0.,0.));
#12443=DIRECTION('center_axis',(1.,0.,0.));
#12444=DIRECTION('ref_axis',(0.,0.70710678118655,0.707106781186545));
#12445=DIRECTION('center_axis',(0.,0.,-1.));
#12446=DIRECTION('ref_axis',(-1.,0.,0.));
#12447=DIRECTION('',(0.,1.,0.));
#12448=DIRECTION('',(-1.,0.,0.));
#12449=DIRECTION('',(0.,1.,0.));
#12450=DIRECTION('center_axis',(-1.,0.,0.));
#12451=DIRECTION('ref_axis',(0.,0.707106781186545,-0.70710678118655));
#12452=DIRECTION('center_axis',(1.,1.22464679914735E-16,0.));
#12453=DIRECTION('ref_axis',(0.,0.707106781186545,-0.70710678118655));
#12454=DIRECTION('',(-1.,0.,0.));
#12455=DIRECTION('center_axis',(-1.,-1.22464679914735E-16,0.));
#12456=DIRECTION('ref_axis',(0.,0.707106781186545,-0.70710678118655));
#12457=DIRECTION('center_axis',(0.,0.,-1.));
#12458=DIRECTION('ref_axis',(1.,1.22464679914735E-16,0.));
#12459=DIRECTION('',(1.22464679914735E-16,-1.,0.));
#12460=DIRECTION('',(1.,1.22464679914735E-16,0.));
#12461=DIRECTION('',(1.22464679914735E-16,-1.,0.));
#12462=DIRECTION('center_axis',(-1.,0.,0.));
#12463=DIRECTION('ref_axis',(0.,0.707106781186545,-0.70710678118655));
#12464=DIRECTION('center_axis',(1.,0.,0.));
#12465=DIRECTION('ref_axis',(0.,0.707106781186545,-0.70710678118655));
#12466=DIRECTION('',(-1.,0.,0.));
#12467=DIRECTION('center_axis',(-1.,0.,0.));
#12468=DIRECTION('ref_axis',(0.,0.707106781186545,-0.70710678118655));
#12469=DIRECTION('center_axis',(0.,0.,1.));
#12470=DIRECTION('ref_axis',(-1.,0.,0.));
#12471=DIRECTION('',(0.,-1.,0.));
#12472=DIRECTION('',(-1.,0.,0.));
#12473=DIRECTION('',(0.,-1.,0.));
#12474=DIRECTION('center_axis',(0.,0.,-1.));
#12475=DIRECTION('ref_axis',(-1.,-1.22464679914735E-16,0.));
#12476=DIRECTION('',(-1.,-1.22464679914735E-16,0.));
#12477=DIRECTION('',(-1.22464679914735E-16,1.,0.));
#12478=DIRECTION('',(-1.22464679914735E-16,1.,0.));
#12479=DIRECTION('center_axis',(-1.,-1.22464679914735E-16,0.));
#12480=DIRECTION('ref_axis',(1.22464679914735E-16,-1.,4.61852778244065E-14));
#12481=DIRECTION('',(1.,1.22464679914735E-16,0.));
#12482=DIRECTION('center_axis',(-1.,-1.22464679914735E-16,0.));
#12483=DIRECTION('ref_axis',(1.22464679914735E-16,-1.,4.61852778244065E-14));
#12484=DIRECTION('center_axis',(-1.,-1.22464679914735E-16,0.));
#12485=DIRECTION('ref_axis',(1.22464679914735E-16,-1.,4.61852778244065E-14));
#12486=DIRECTION('center_axis',(-1.,-1.22464679914735E-16,0.));
#12487=DIRECTION('ref_axis',(1.22464679914735E-16,-1.,4.61852778244065E-14));
#12488=DIRECTION('',(-1.,-1.22464679914735E-16,0.));
#12489=DIRECTION('center_axis',(-1.,-1.22464679914735E-16,0.));
#12490=DIRECTION('ref_axis',(1.22464679914735E-16,-1.,0.));
#12491=DIRECTION('center_axis',(-1.,-1.22464679914735E-16,0.));
#12492=DIRECTION('ref_axis',(1.22464679914735E-16,-1.,0.));
#12493=DIRECTION('center_axis',(1.22464679914735E-16,-1.,3.97829917157343E-15));
#12494=DIRECTION('ref_axis',(1.,1.22464679914735E-16,0.));
#12495=DIRECTION('',(1.,1.22464679914735E-16,0.));
#12496=DIRECTION('',(-4.87201134651797E-31,3.97829917157343E-15,1.));
#12497=DIRECTION('',(-4.87201134651797E-31,3.97829917157343E-15,1.));
#12498=DIRECTION('center_axis',(-1.22464679914735E-16,1.,-3.97829917157343E-15));
#12499=DIRECTION('ref_axis',(-1.,-1.22464679914735E-16,0.));
#12500=DIRECTION('',(-1.,-1.22464679914735E-16,0.));
#12501=DIRECTION('',(-4.87201134651797E-31,3.97829917157343E-15,1.));
#12502=DIRECTION('',(-4.87201134651797E-31,3.97829917157343E-15,1.));
#12503=DIRECTION('center_axis',(-1.,-1.22464679914735E-16,0.));
#12504=DIRECTION('ref_axis',(0.,0.,-1.));
#12505=DIRECTION('center_axis',(-1.,-1.22464679914735E-16,0.));
#12506=DIRECTION('ref_axis',(-4.35081943503005E-31,3.5527136788005E-15,
-1.));
#12507=DIRECTION('center_axis',(-1.,-1.22464679914735E-16,0.));
#12508=DIRECTION('ref_axis',(-4.35081943503005E-31,3.5527136788005E-15,
-1.));
#12509=DIRECTION('center_axis',(-1.,-1.22464679914735E-16,0.));
#12510=DIRECTION('ref_axis',(0.,0.,-1.));
#12511=DIRECTION('',(-1.,-1.22464679914735E-16,0.));
#12512=DIRECTION('center_axis',(-1.,-1.22464679914735E-16,0.));
#12513=DIRECTION('ref_axis',(-3.62568286252506E-31,2.96059473233377E-15,
-1.));
#12514=DIRECTION('center_axis',(-1.,-1.22464679914735E-16,0.));
#12515=DIRECTION('ref_axis',(-3.62568286252506E-31,2.96059473233377E-15,
-1.));
#12516=DIRECTION('center_axis',(1.,1.22464679914735E-16,0.));
#12517=DIRECTION('ref_axis',(0.,0.,1.));
#12518=DIRECTION('',(1.22464679914735E-16,-1.,0.));
#12519=DIRECTION('center_axis',(0.,0.,1.));
#12520=DIRECTION('ref_axis',(-1.,-1.22464679914735E-16,0.));
#12521=DIRECTION('',(1.22464679914735E-16,-1.,0.));
#12522=DIRECTION('center_axis',(-1.,-1.22464679914735E-16,0.));
#12523=DIRECTION('ref_axis',(0.,0.,-1.));
#12524=DIRECTION('center_axis',(0.,0.,1.));
#12525=DIRECTION('ref_axis',(1.,0.,0.));
#12526=DIRECTION('',(1.,0.,0.));
#12527=DIRECTION('',(0.,1.,0.));
#12528=DIRECTION('',(0.,1.,0.));
#12529=DIRECTION('center_axis',(-1.,0.,0.));
#12530=DIRECTION('ref_axis',(0.,-1.,4.61852778244065E-14));
#12531=DIRECTION('',(-1.,0.,0.));
#12532=DIRECTION('center_axis',(-1.,0.,0.));
#12533=DIRECTION('ref_axis',(0.,-1.,4.61852778244065E-14));
#12534=DIRECTION('center_axis',(-1.,0.,0.));
#12535=DIRECTION('ref_axis',(0.,-1.,4.61852778244065E-14));
#12536=DIRECTION('center_axis',(-1.,0.,0.));
#12537=DIRECTION('ref_axis',(0.,-1.,4.61852778244065E-14));
#12538=DIRECTION('',(1.,0.,0.));
#12539=DIRECTION('center_axis',(-1.,0.,0.));
#12540=DIRECTION('ref_axis',(0.,-1.,0.));
#12541=DIRECTION('center_axis',(-1.,0.,0.));
#12542=DIRECTION('ref_axis',(0.,-1.,0.));
#12543=DIRECTION('center_axis',(0.,1.,-3.97829917157343E-15));
#12544=DIRECTION('ref_axis',(-1.,0.,0.));
#12545=DIRECTION('',(-1.,0.,0.));
#12546=DIRECTION('',(0.,3.97829917157343E-15,1.));
#12547=DIRECTION('',(0.,3.97829917157343E-15,1.));
#12548=DIRECTION('center_axis',(0.,-1.,3.97829917157343E-15));
#12549=DIRECTION('ref_axis',(1.,0.,0.));
#12550=DIRECTION('',(1.,0.,0.));
#12551=DIRECTION('',(0.,3.97829917157343E-15,1.));
#12552=DIRECTION('',(0.,3.97829917157343E-15,1.));
#12553=DIRECTION('center_axis',(-1.,0.,0.));
#12554=DIRECTION('ref_axis',(0.,0.,-1.));
#12555=DIRECTION('center_axis',(-1.,0.,0.));
#12556=DIRECTION('ref_axis',(0.,3.5527136788005E-15,-1.));
#12557=DIRECTION('center_axis',(-1.,0.,0.));
#12558=DIRECTION('ref_axis',(0.,3.5527136788005E-15,-1.));
#12559=DIRECTION('center_axis',(-1.,0.,0.));
#12560=DIRECTION('ref_axis',(0.,0.,-1.));
#12561=DIRECTION('',(1.,0.,0.));
#12562=DIRECTION('center_axis',(-1.,0.,0.));
#12563=DIRECTION('ref_axis',(0.,2.96059473233377E-15,-1.));
#12564=DIRECTION('center_axis',(-1.,0.,0.));
#12565=DIRECTION('ref_axis',(0.,2.96059473233377E-15,-1.));
#12566=DIRECTION('center_axis',(1.,0.,0.));
#12567=DIRECTION('ref_axis',(0.,0.,1.));
#12568=DIRECTION('',(0.,-1.,0.));
#12569=DIRECTION('center_axis',(0.,0.,-1.));
#12570=DIRECTION('ref_axis',(1.,0.,0.));
#12571=DIRECTION('',(0.,-1.,0.));
#12572=DIRECTION('center_axis',(-1.,0.,0.));
#12573=DIRECTION('ref_axis',(0.,0.,-1.));
#12574=DIRECTION('center_axis',(1.,0.,0.));
#12575=DIRECTION('ref_axis',(0.,0.707106781186545,0.70710678118655));
#12576=DIRECTION('center_axis',(-1.,0.,1.77635683940026E-14));
#12577=DIRECTION('ref_axis',(0.,0.707106781186545,0.70710678118655));
#12578=DIRECTION('',(1.,0.,0.));
#12579=DIRECTION('center_axis',(1.,0.,0.));
#12580=DIRECTION('ref_axis',(0.,0.707106781186545,0.70710678118655));
#12581=DIRECTION('center_axis',(0.,0.,-1.));
#12582=DIRECTION('ref_axis',(-1.,0.,0.));
#12583=DIRECTION('',(0.,1.,0.));
#12584=DIRECTION('',(-1.,0.,0.));
#12585=DIRECTION('',(0.,1.,0.));
#12586=DIRECTION('center_axis',(-1.,0.,0.));
#12587=DIRECTION('ref_axis',(0.,0.707106781186545,-0.70710678118655));
#12588=DIRECTION('center_axis',(1.,0.,0.));
#12589=DIRECTION('ref_axis',(0.,0.707106781186545,-0.70710678118655));
#12590=DIRECTION('',(-1.,0.,0.));
#12591=DIRECTION('center_axis',(-1.,0.,1.77635683940026E-14));
#12592=DIRECTION('ref_axis',(0.,0.707106781186545,-0.70710678118655));
#12593=DIRECTION('center_axis',(0.,0.,1.));
#12594=DIRECTION('ref_axis',(-1.,0.,0.));
#12595=DIRECTION('',(0.,-1.,0.));
#12596=DIRECTION('',(-1.,0.,0.));
#12597=DIRECTION('',(0.,-1.,0.));
#12598=DIRECTION('center_axis',(1.,0.,0.));
#12599=DIRECTION('ref_axis',(0.,0.707106781186545,0.70710678118655));
#12600=DIRECTION('center_axis',(-1.,0.,-8.88178419700128E-15));
#12601=DIRECTION('ref_axis',(0.,0.707106781186545,0.70710678118655));
#12602=DIRECTION('',(1.,0.,0.));
#12603=DIRECTION('center_axis',(1.,0.,8.88178419700128E-15));
#12604=DIRECTION('ref_axis',(0.,0.707106781186545,0.70710678118655));
#12605=DIRECTION('center_axis',(0.,0.,-1.));
#12606=DIRECTION('ref_axis',(-1.,0.,0.));
#12607=DIRECTION('',(0.,1.,0.));
#12608=DIRECTION('',(-1.,0.,0.));
#12609=DIRECTION('',(0.,1.,0.));
#12610=DIRECTION('center_axis',(1.,0.,3.96761310336905E-15));
#12611=DIRECTION('ref_axis',(0.,0.707106781186545,0.70710678118655));
#12612=DIRECTION('center_axis',(-1.,-1.22464679914735E-16,4.91417109363224E-15));
#12613=DIRECTION('ref_axis',(0.,0.707106781186545,0.70710678118655));
#12614=DIRECTION('',(1.,0.,3.96761310336905E-15));
#12615=DIRECTION('center_axis',(1.,1.22464679914735E-16,-4.91417109363224E-15));
#12616=DIRECTION('ref_axis',(0.,0.707106781186545,0.70710678118655));
#12617=DIRECTION('center_axis',(-3.96761310336905E-15,-2.429462343648E-31,
1.));
#12618=DIRECTION('ref_axis',(1.,1.22464679914735E-16,3.96761310336905E-15));
#12619=DIRECTION('',(-1.22464679914735E-16,1.,-2.429462343648E-31));
#12620=DIRECTION('',(1.,1.22464679914735E-16,3.96761310336905E-15));
#12621=DIRECTION('',(-1.22464679914735E-16,1.,-2.429462343648E-31));
#12622=DIRECTION('center_axis',(-1.,0.,-3.96761310336905E-15));
#12623=DIRECTION('ref_axis',(0.,0.707106781186545,-0.70710678118655));
#12624=DIRECTION('center_axis',(1.,1.22464679914735E-16,-4.91417109363224E-15));
#12625=DIRECTION('ref_axis',(0.,0.707106781186545,-0.70710678118655));
#12626=DIRECTION('',(-1.,0.,-3.96761310336905E-15));
#12627=DIRECTION('center_axis',(-1.,-1.22464679914735E-16,4.91417109363224E-15));
#12628=DIRECTION('ref_axis',(0.,0.707106781186545,-0.70710678118655));
#12629=DIRECTION('center_axis',(3.96761310336905E-15,2.429462343648E-31,
-1.));
#12630=DIRECTION('ref_axis',(1.,1.22464679914735E-16,3.96761310336905E-15));
#12631=DIRECTION('',(1.22464679914735E-16,-1.,2.429462343648E-31));
#12632=DIRECTION('',(1.,1.22464679914735E-16,3.96761310336905E-15));
#12633=DIRECTION('',(1.22464679914735E-16,-1.,2.429462343648E-31));
#12634=DIRECTION('center_axis',(-1.,0.,0.));
#12635=DIRECTION('ref_axis',(0.,0.707106781186545,-0.70710678118655));
#12636=DIRECTION('center_axis',(1.,0.,8.88178419700128E-15));
#12637=DIRECTION('ref_axis',(0.,0.707106781186545,-0.70710678118655));
#12638=DIRECTION('',(-1.,0.,0.));
#12639=DIRECTION('center_axis',(-1.,0.,-8.88178419700128E-15));
#12640=DIRECTION('ref_axis',(0.,0.707106781186545,-0.70710678118655));
#12641=DIRECTION('center_axis',(0.,0.,1.));
#12642=DIRECTION('ref_axis',(-1.,0.,0.));
#12643=DIRECTION('',(0.,-1.,0.));
#12644=DIRECTION('',(-1.,0.,0.));
#12645=DIRECTION('',(0.,-1.,0.));
#12646=DIRECTION('center_axis',(0.,0.,1.));
#12647=DIRECTION('ref_axis',(-1.,0.,0.));
#12648=DIRECTION('',(0.,-1.,0.));
#12649=DIRECTION('',(-1.,0.,0.));
#12650=DIRECTION('',(0.,-1.,0.));
#12651=DIRECTION('center_axis',(1.,0.,0.));
#12652=DIRECTION('ref_axis',(0.,0.,1.));
#12653=DIRECTION('',(0.,-1.,0.));
#12654=DIRECTION('',(0.,0.,1.));
#12655=DIRECTION('center_axis',(0.,0.,-1.));
#12656=DIRECTION('ref_axis',(1.,0.,0.));
#12657=DIRECTION('',(0.,-1.,0.));
#12658=DIRECTION('',(1.,0.,0.));
#12659=DIRECTION('center_axis',(-1.,0.,0.));
#12660=DIRECTION('ref_axis',(0.,0.,-1.));
#12661=DIRECTION('',(0.,0.,-1.));
#12662=DIRECTION('center_axis',(0.,-1.,0.));
#12663=DIRECTION('ref_axis',(0.,0.,-1.));
#12664=DIRECTION('center_axis',(0.,0.,1.));
#12665=DIRECTION('ref_axis',(1.,0.,0.));
#12666=DIRECTION('',(1.,0.,0.));
#12667=DIRECTION('',(0.,1.,0.));
#12668=DIRECTION('',(0.,1.,0.));
#12669=DIRECTION('center_axis',(-1.,0.,0.));
#12670=DIRECTION('ref_axis',(0.,-1.,0.));
#12671=DIRECTION('',(-1.,0.,0.));
#12672=DIRECTION('center_axis',(-1.,0.,0.));
#12673=DIRECTION('ref_axis',(0.,-1.,7.10542735760103E-15));
#12674=DIRECTION('center_axis',(-1.,0.,0.));
#12675=DIRECTION('ref_axis',(0.,-1.,7.10542735760103E-15));
#12676=DIRECTION('center_axis',(-1.,0.,0.));
#12677=DIRECTION('ref_axis',(0.,-1.,0.));
#12678=DIRECTION('',(1.,0.,0.));
#12679=DIRECTION('center_axis',(-1.,0.,0.));
#12680=DIRECTION('ref_axis',(0.,-1.,3.94745964311169E-15));
#12681=DIRECTION('center_axis',(-1.,0.,0.));
#12682=DIRECTION('ref_axis',(0.,-1.,3.94745964311169E-15));
#12683=DIRECTION('center_axis',(0.,1.,4.44089209850061E-16));
#12684=DIRECTION('ref_axis',(-1.,0.,0.));
#12685=DIRECTION('',(-1.,0.,0.));
#12686=DIRECTION('',(0.,-4.44089209850061E-16,1.));
#12687=DIRECTION('',(0.,-4.44089209850061E-16,1.));
#12688=DIRECTION('center_axis',(0.,-1.,-4.44089209850061E-16));
#12689=DIRECTION('ref_axis',(1.,0.,0.));
#12690=DIRECTION('',(1.,0.,0.));
#12691=DIRECTION('',(0.,-4.44089209850061E-16,1.));
#12692=DIRECTION('',(0.,-4.44089209850061E-16,1.));
#12693=DIRECTION('center_axis',(-1.,0.,0.));
#12694=DIRECTION('ref_axis',(0.,0.,-1.));
#12695=DIRECTION('center_axis',(-1.,0.,0.));
#12696=DIRECTION('ref_axis',(0.,-2.22044604925031E-15,-1.));
#12697=DIRECTION('center_axis',(-1.,0.,0.));
#12698=DIRECTION('ref_axis',(0.,-2.22044604925031E-15,-1.));
#12699=DIRECTION('center_axis',(-1.,0.,0.));
#12700=DIRECTION('ref_axis',(0.,0.,-1.));
#12701=DIRECTION('',(1.,0.,0.));
#12702=DIRECTION('center_axis',(-1.,0.,0.));
#12703=DIRECTION('ref_axis',(0.,-7.40148683083439E-16,-1.));
#12704=DIRECTION('center_axis',(-1.,0.,0.));
#12705=DIRECTION('ref_axis',(0.,-7.40148683083439E-16,-1.));
#12706=DIRECTION('center_axis',(1.,0.,0.));
#12707=DIRECTION('ref_axis',(0.,0.,1.));
#12708=DIRECTION('',(0.,-1.,0.));
#12709=DIRECTION('center_axis',(0.,0.,-1.));
#12710=DIRECTION('ref_axis',(1.,0.,0.));
#12711=DIRECTION('',(0.,-1.,0.));
#12712=DIRECTION('center_axis',(-1.,0.,1.77635683940026E-14));
#12713=DIRECTION('ref_axis',(-1.77635683940026E-14,0.,-1.));
#12714=DIRECTION('center_axis',(3.96761310336905E-15,2.429462343648E-31,
-1.));
#12715=DIRECTION('ref_axis',(-1.,-1.22464679914735E-16,-3.96761310336905E-15));
#12716=DIRECTION('',(-1.,-1.22464679914735E-16,-3.96761310336905E-15));
#12717=DIRECTION('',(-1.22464679914735E-16,1.,-2.429462343648E-31));
#12718=DIRECTION('',(-1.22464679914735E-16,1.,-2.429462343648E-31));
#12719=DIRECTION('center_axis',(-1.,-1.22464679914735E-16,-3.96761310336905E-15));
#12720=DIRECTION('ref_axis',(1.22464679914735E-16,-1.,2.429462343648E-31));
#12721=DIRECTION('',(-1.,-1.22464679914735E-16,-3.96761310336905E-15));
#12722=DIRECTION('center_axis',(-1.,-1.22464679914735E-16,-3.96761310336905E-15));
#12723=DIRECTION('ref_axis',(1.22464679914735E-16,-1.,2.429462343648E-31));
#12724=DIRECTION('center_axis',(-1.,-1.22464679914735E-16,-3.96761310336905E-15));
#12725=DIRECTION('ref_axis',(1.22464679914735E-16,-1.,2.429462343648E-31));
#12726=DIRECTION('center_axis',(-1.,-1.22464679914735E-16,-3.96761310336905E-15));
#12727=DIRECTION('ref_axis',(1.22464679914735E-16,-1.,2.429462343648E-31));
#12728=DIRECTION('',(1.,1.22464679914735E-16,3.96761310336905E-15));
#12729=DIRECTION('center_axis',(-1.,-1.22464679914735E-16,-3.96761310336905E-15));
#12730=DIRECTION('ref_axis',(1.22464679914707E-16,-1.,7.10542735760101E-15));
#12731=DIRECTION('center_axis',(-1.,-1.22464679914735E-16,-3.96761310336905E-15));
#12732=DIRECTION('ref_axis',(1.22464679914707E-16,-1.,7.10542735760101E-15));
#12733=DIRECTION('center_axis',(-1.22464679914735E-16,1.,-2.429462343648E-31));
#12734=DIRECTION('ref_axis',(-1.,-1.22464679914735E-16,-3.96761310336905E-15));
#12735=DIRECTION('',(-1.,-1.22464679914735E-16,-3.96761310336905E-15));
#12736=DIRECTION('',(-3.96761310336905E-15,-2.429462343648E-31,1.));
#12737=DIRECTION('',(-3.96761310336905E-15,-2.429462343648E-31,1.));
#12738=DIRECTION('center_axis',(1.22464679914735E-16,-1.,2.429462343648E-31));
#12739=DIRECTION('ref_axis',(1.,1.22464679914735E-16,3.96761310336905E-15));
#12740=DIRECTION('',(1.,1.22464679914735E-16,3.96761310336905E-15));
#12741=DIRECTION('',(-3.96761310336905E-15,-2.429462343648E-31,1.));
#12742=DIRECTION('',(-3.96761310336905E-15,-2.429462343648E-31,1.));
#12743=DIRECTION('center_axis',(-1.,-1.22464679914735E-16,-3.96761310336905E-15));
#12744=DIRECTION('ref_axis',(3.96761310336905E-15,2.429462343648E-31,-1.));
#12745=DIRECTION('',(-1.,-1.22464679914735E-16,-3.96761310336905E-15));
#12746=DIRECTION('center_axis',(-1.,-1.22464679914735E-16,-3.96761310336905E-15));
#12747=DIRECTION('ref_axis',(3.96761310336905E-15,-6.16790569236199E-16,
-1.));
#12748=DIRECTION('center_axis',(-1.,-1.22464679914735E-16,-3.96761310336905E-15));
#12749=DIRECTION('ref_axis',(3.96761310336905E-15,-6.16790569236199E-16,
-1.));
#12750=DIRECTION('center_axis',(-1.,-1.22464679914735E-16,-3.96761310336905E-15));
#12751=DIRECTION('ref_axis',(3.96761310336905E-15,2.429462343648E-31,-1.));
#12752=DIRECTION('center_axis',(-1.,-1.22464679914735E-16,-3.96761310336905E-15));
#12753=DIRECTION('ref_axis',(3.96761310336905E-15,-2.33146835171283E-15,
-1.));
#12754=DIRECTION('center_axis',(-1.,-1.22464679914735E-16,-3.96761310336905E-15));
#12755=DIRECTION('ref_axis',(3.96761310336905E-15,-2.33146835171283E-15,
-1.));
#12756=DIRECTION('center_axis',(-3.96761310336905E-15,-2.429462343648E-31,
1.));
#12757=DIRECTION('ref_axis',(-1.,-1.22464679914735E-16,-3.96761310336905E-15));
#12758=DIRECTION('',(1.22464679914735E-16,-1.,2.429462343648E-31));
#12759=DIRECTION('',(1.22464679914735E-16,-1.,2.429462343648E-31));
#12760=DIRECTION('center_axis',(-1.,-1.22464679914735E-16,4.91417109363224E-15));
#12761=DIRECTION('ref_axis',(-4.91417109363224E-15,-8.44758624392717E-31,
-1.));
#12762=DIRECTION('center_axis',(1.,1.22464679914735E-16,-4.91417109363224E-15));
#12763=DIRECTION('ref_axis',(4.91417109363224E-15,8.44758624392717E-31,
1.));
#12764=DIRECTION('center_axis',(0.,0.,1.));
#12765=DIRECTION('ref_axis',(1.,0.,0.));
#12766=DIRECTION('',(1.,0.,0.));
#12767=DIRECTION('',(0.,1.,0.));
#12768=DIRECTION('',(0.,1.,0.));
#12769=DIRECTION('center_axis',(-1.,0.,0.));
#12770=DIRECTION('ref_axis',(0.,-1.,0.));
#12771=DIRECTION('',(1.,0.,0.));
#12772=DIRECTION('center_axis',(-1.,0.,0.));
#12773=DIRECTION('ref_axis',(0.,-1.,0.));
#12774=DIRECTION('center_axis',(-1.,0.,0.));
#12775=DIRECTION('ref_axis',(0.,-1.,0.));
#12776=DIRECTION('center_axis',(-1.,0.,0.));
#12777=DIRECTION('ref_axis',(0.,-1.,0.));
#12778=DIRECTION('',(-1.,0.,0.));
#12779=DIRECTION('center_axis',(-1.,0.,0.));
#12780=DIRECTION('ref_axis',(0.,-1.,7.10542735760101E-15));
#12781=DIRECTION('center_axis',(-1.,0.,0.));
#12782=DIRECTION('ref_axis',(0.,-1.,7.10542735760101E-15));
#12783=DIRECTION('center_axis',(0.,-1.,0.));
#12784=DIRECTION('ref_axis',(1.,0.,0.));
#12785=DIRECTION('',(1.,0.,0.));
#12786=DIRECTION('',(0.,0.,1.));
#12787=DIRECTION('',(0.,0.,1.));
#12788=DIRECTION('center_axis',(0.,1.,0.));
#12789=DIRECTION('ref_axis',(-1.,0.,0.));
#12790=DIRECTION('',(-1.,0.,0.));
#12791=DIRECTION('',(0.,0.,1.));
#12792=DIRECTION('',(0.,0.,1.));
#12793=DIRECTION('center_axis',(-1.,0.,0.));
#12794=DIRECTION('ref_axis',(0.,0.,-1.));
#12795=DIRECTION('',(1.,0.,0.));
#12796=DIRECTION('center_axis',(-1.,0.,0.));
#12797=DIRECTION('ref_axis',(0.,-6.16790569236199E-16,-1.));
#12798=DIRECTION('center_axis',(-1.,0.,0.));
#12799=DIRECTION('ref_axis',(0.,-6.16790569236199E-16,-1.));
#12800=DIRECTION('center_axis',(-1.,0.,0.));
#12801=DIRECTION('ref_axis',(0.,0.,-1.));
#12802=DIRECTION('center_axis',(-1.,0.,0.));
#12803=DIRECTION('ref_axis',(0.,-2.33146835171283E-15,-1.));
#12804=DIRECTION('center_axis',(-1.,0.,0.));
#12805=DIRECTION('ref_axis',(0.,-2.33146835171283E-15,-1.));
#12806=DIRECTION('center_axis',(0.,0.,-1.));
#12807=DIRECTION('ref_axis',(1.,0.,0.));
#12808=DIRECTION('',(0.,-1.,0.));
#12809=DIRECTION('',(0.,-1.,0.));
#12810=DIRECTION('center_axis',(-1.,0.,-8.88178419700128E-15));
#12811=DIRECTION('ref_axis',(8.88178419700128E-15,0.,-1.));
#12812=DIRECTION('center_axis',(1.,0.,8.88178419700128E-15));
#12813=DIRECTION('ref_axis',(-8.88178419700128E-15,0.,1.));
#12814=DIRECTION('center_axis',(0.,0.,1.));
#12815=DIRECTION('ref_axis',(-0.707106781186548,0.707106781186547,0.));
#12816=DIRECTION('center_axis',(0.,0.,-1.));
#12817=DIRECTION('ref_axis',(-0.707106781186548,0.707106781186547,0.));
#12818=DIRECTION('',(0.,0.,1.));
#12819=DIRECTION('center_axis',(0.,0.,1.));
#12820=DIRECTION('ref_axis',(-0.707106781186548,0.707106781186547,0.));
#12821=DIRECTION('center_axis',(-1.,0.,0.));
#12822=DIRECTION('ref_axis',(0.,0.,-1.));
#12823=DIRECTION('',(0.,-1.,0.));
#12824=DIRECTION('',(0.,0.,-1.));
#12825=DIRECTION('',(0.,-1.,0.));
#12826=DIRECTION('center_axis',(0.,0.,-1.));
#12827=DIRECTION('ref_axis',(0.707106781186548,0.707106781186547,0.));
#12828=DIRECTION('center_axis',(0.,0.,1.));
#12829=DIRECTION('ref_axis',(0.707106781186548,0.707106781186547,0.));
#12830=DIRECTION('',(0.,0.,-1.));
#12831=DIRECTION('center_axis',(0.,0.,-1.));
#12832=DIRECTION('ref_axis',(0.707106781186548,0.707106781186547,0.));
#12833=DIRECTION('center_axis',(1.,0.,0.));
#12834=DIRECTION('ref_axis',(0.,0.,-1.));
#12835=DIRECTION('',(0.,1.,0.));
#12836=DIRECTION('',(0.,0.,-1.));
#12837=DIRECTION('',(0.,1.,0.));
#12838=DIRECTION('center_axis',(0.,0.,-1.));
#12839=DIRECTION('ref_axis',(0.707106781186548,0.707106781186547,0.));
#12840=DIRECTION('center_axis',(0.,0.,1.));
#12841=DIRECTION('ref_axis',(0.707106781186548,0.707106781186547,0.));
#12842=DIRECTION('',(0.,0.,-1.));
#12843=DIRECTION('center_axis',(0.,0.,-1.));
#12844=DIRECTION('ref_axis',(0.707106781186548,0.707106781186547,0.));
#12845=DIRECTION('center_axis',(-1.,0.,0.));
#12846=DIRECTION('ref_axis',(0.,0.,1.));
#12847=DIRECTION('',(0.,1.,0.));
#12848=DIRECTION('',(0.,0.,1.));
#12849=DIRECTION('',(0.,1.,0.));
#12850=DIRECTION('center_axis',(0.,0.,1.));
#12851=DIRECTION('ref_axis',(-0.707106781186548,0.707106781186547,0.));
#12852=DIRECTION('center_axis',(0.,0.,-1.));
#12853=DIRECTION('ref_axis',(-0.707106781186548,0.707106781186547,0.));
#12854=DIRECTION('',(0.,0.,1.));
#12855=DIRECTION('center_axis',(0.,0.,1.));
#12856=DIRECTION('ref_axis',(-0.707106781186548,0.707106781186547,0.));
#12857=DIRECTION('center_axis',(1.,0.,0.));
#12858=DIRECTION('ref_axis',(0.,0.,1.));
#12859=DIRECTION('',(0.,-1.,0.));
#12860=DIRECTION('',(0.,0.,1.));
#12861=DIRECTION('',(0.,-1.,0.));
#12862=DIRECTION('center_axis',(-1.,0.,0.));
#12863=DIRECTION('ref_axis',(0.,0.,1.));
#12864=DIRECTION('',(0.,0.,1.));
#12865=DIRECTION('',(0.,1.,0.));
#12866=DIRECTION('',(0.,1.,0.));
#12867=DIRECTION('center_axis',(0.,0.,1.));
#12868=DIRECTION('ref_axis',(0.,-1.,0.));
#12869=DIRECTION('',(0.,0.,1.));
#12870=DIRECTION('center_axis',(0.,0.,1.));
#12871=DIRECTION('ref_axis',(-9.8686491077792E-16,-1.,0.));
#12872=DIRECTION('center_axis',(0.,0.,1.));
#12873=DIRECTION('ref_axis',(-9.8686491077792E-16,-1.,0.));
#12874=DIRECTION('center_axis',(0.,0.,1.));
#12875=DIRECTION('ref_axis',(0.,-1.,0.));
#12876=DIRECTION('',(0.,0.,-1.));
#12877=DIRECTION('center_axis',(0.,0.,1.));
#12878=DIRECTION('ref_axis',(-1.77635683940025E-15,-1.,0.));
#12879=DIRECTION('center_axis',(0.,0.,1.));
#12880=DIRECTION('ref_axis',(-1.77635683940025E-15,-1.,0.));
#12881=DIRECTION('center_axis',(0.,1.,0.));
#12882=DIRECTION('ref_axis',(0.,0.,1.));
#12883=DIRECTION('',(0.,0.,1.));
#12884=DIRECTION('',(1.,0.,0.));
#12885=DIRECTION('',(1.,0.,0.));
#12886=DIRECTION('center_axis',(0.,-1.,0.));
#12887=DIRECTION('ref_axis',(0.,0.,-1.));
#12888=DIRECTION('',(0.,0.,-1.));
#12889=DIRECTION('',(1.,0.,0.));
#12890=DIRECTION('',(1.,0.,0.));
#12891=DIRECTION('center_axis',(0.,0.,1.));
#12892=DIRECTION('ref_axis',(-1.,0.,0.));
#12893=DIRECTION('',(0.,0.,1.));
#12894=DIRECTION('center_axis',(0.,0.,1.));
#12895=DIRECTION('ref_axis',(-1.,3.7007434154172E-16,0.));
#12896=DIRECTION('center_axis',(0.,0.,1.));
#12897=DIRECTION('ref_axis',(-1.,3.7007434154172E-16,0.));
#12898=DIRECTION('center_axis',(0.,0.,1.));
#12899=DIRECTION('ref_axis',(-1.,0.,0.));
#12900=DIRECTION('center_axis',(0.,0.,1.));
#12901=DIRECTION('ref_axis',(-1.,6.66133814775095E-16,0.));
#12902=DIRECTION('center_axis',(0.,0.,1.));
#12903=DIRECTION('ref_axis',(-1.,6.66133814775095E-16,0.));
#12904=DIRECTION('center_axis',(1.,0.,0.));
#12905=DIRECTION('ref_axis',(0.,0.,1.));
#12906=DIRECTION('',(0.,-1.,0.));
#12907=DIRECTION('',(0.,-1.,0.));
#12908=DIRECTION('center_axis',(0.,0.,1.));
#12909=DIRECTION('ref_axis',(-1.,0.,0.));
#12910=DIRECTION('center_axis',(0.,0.,-1.));
#12911=DIRECTION('ref_axis',(1.,0.,0.));
#12912=DIRECTION('center_axis',(1.,0.,0.));
#12913=DIRECTION('ref_axis',(0.,0.,-1.));
#12914=DIRECTION('',(0.,0.,-1.));
#12915=DIRECTION('',(0.,1.,0.));
#12916=DIRECTION('',(0.,1.,0.));
#12917=DIRECTION('center_axis',(0.,0.,1.));
#12918=DIRECTION('ref_axis',(0.,-1.,0.));
#12919=DIRECTION('',(0.,0.,-1.));
#12920=DIRECTION('center_axis',(0.,0.,1.));
#12921=DIRECTION('ref_axis',(-9.8686491077792E-16,-1.,0.));
#12922=DIRECTION('center_axis',(0.,0.,1.));
#12923=DIRECTION('ref_axis',(-9.8686491077792E-16,-1.,0.));
#12924=DIRECTION('center_axis',(0.,0.,1.));
#12925=DIRECTION('ref_axis',(0.,-1.,0.));
#12926=DIRECTION('',(0.,0.,1.));
#12927=DIRECTION('center_axis',(0.,0.,1.));
#12928=DIRECTION('ref_axis',(-1.77635683940025E-15,-1.,0.));
#12929=DIRECTION('center_axis',(0.,0.,1.));
#12930=DIRECTION('ref_axis',(-1.77635683940025E-15,-1.,0.));
#12931=DIRECTION('center_axis',(0.,-1.,0.));
#12932=DIRECTION('ref_axis',(0.,0.,-1.));
#12933=DIRECTION('',(0.,0.,-1.));
#12934=DIRECTION('',(1.,0.,0.));
#12935=DIRECTION('',(1.,0.,0.));
#12936=DIRECTION('center_axis',(0.,1.,0.));
#12937=DIRECTION('ref_axis',(0.,0.,1.));
#12938=DIRECTION('',(0.,0.,1.));
#12939=DIRECTION('',(1.,0.,0.));
#12940=DIRECTION('',(1.,0.,0.));
#12941=DIRECTION('center_axis',(0.,0.,1.));
#12942=DIRECTION('ref_axis',(-1.,0.,0.));
#12943=DIRECTION('',(0.,0.,-1.));
#12944=DIRECTION('center_axis',(0.,0.,1.));
#12945=DIRECTION('ref_axis',(-1.,3.7007434154172E-16,0.));
#12946=DIRECTION('center_axis',(0.,0.,1.));
#12947=DIRECTION('ref_axis',(-1.,3.7007434154172E-16,0.));
#12948=DIRECTION('center_axis',(0.,0.,1.));
#12949=DIRECTION('ref_axis',(-1.,0.,0.));
#12950=DIRECTION('center_axis',(0.,0.,1.));
#12951=DIRECTION('ref_axis',(-1.,6.66133814775095E-16,0.));
#12952=DIRECTION('center_axis',(0.,0.,1.));
#12953=DIRECTION('ref_axis',(-1.,6.66133814775095E-16,0.));
#12954=DIRECTION('center_axis',(-1.,0.,0.));
#12955=DIRECTION('ref_axis',(0.,0.,-1.));
#12956=DIRECTION('',(0.,-1.,0.));
#12957=DIRECTION('',(0.,-1.,0.));
#12958=DIRECTION('center_axis',(0.,0.,1.));
#12959=DIRECTION('ref_axis',(-1.,0.,0.));
#12960=DIRECTION('center_axis',(0.,0.,-1.));
#12961=DIRECTION('ref_axis',(1.,0.,0.));
#12962=DIRECTION('center_axis',(-1.,0.,0.));
#12963=DIRECTION('ref_axis',(0.,0.707106781186555,-0.70710678118654));
#12964=DIRECTION('center_axis',(1.,0.,0.));
#12965=DIRECTION('ref_axis',(0.,0.707106781186555,-0.70710678118654));
#12966=DIRECTION('',(-1.,0.,0.));
#12967=DIRECTION('center_axis',(-1.,0.,0.));
#12968=DIRECTION('ref_axis',(0.,0.707106781186555,-0.70710678118654));
#12969=DIRECTION('center_axis',(0.,0.,1.));
#12970=DIRECTION('ref_axis',(1.,0.,0.));
#12971=DIRECTION('',(0.,1.,0.));
#12972=DIRECTION('',(1.,0.,0.));
#12973=DIRECTION('',(0.,1.,0.));
#12974=DIRECTION('center_axis',(1.,0.,0.));
#12975=DIRECTION('ref_axis',(0.,0.707106781186545,0.70710678118655));
#12976=DIRECTION('center_axis',(-1.,0.,0.));
#12977=DIRECTION('ref_axis',(0.,0.707106781186545,0.70710678118655));
#12978=DIRECTION('',(1.,0.,0.));
#12979=DIRECTION('center_axis',(1.,0.,0.));
#12980=DIRECTION('ref_axis',(0.,0.707106781186545,0.70710678118655));
#12981=DIRECTION('center_axis',(0.,0.,-1.));
#12982=DIRECTION('ref_axis',(1.,0.,0.));
#12983=DIRECTION('',(0.,-1.,0.));
#12984=DIRECTION('',(1.,0.,0.));
#12985=DIRECTION('',(0.,-1.,0.));
#12986=DIRECTION('center_axis',(0.,0.,-1.));
#12987=DIRECTION('ref_axis',(-1.,0.,0.));
#12988=DIRECTION('',(-1.,0.,0.));
#12989=DIRECTION('',(0.,1.,0.));
#12990=DIRECTION('',(0.,1.,0.));
#12991=DIRECTION('center_axis',(1.,0.,0.));
#12992=DIRECTION('ref_axis',(0.,-1.,0.));
#12993=DIRECTION('',(1.,0.,0.));
#12994=DIRECTION('center_axis',(1.,0.,0.));
#12995=DIRECTION('ref_axis',(0.,-1.,7.10542735760106E-15));
#12996=DIRECTION('center_axis',(1.,0.,0.));
#12997=DIRECTION('ref_axis',(0.,-1.,7.10542735760106E-15));
#12998=DIRECTION('center_axis',(1.,0.,0.));
#12999=DIRECTION('ref_axis',(0.,-1.,0.));
#13000=DIRECTION('',(-1.,0.,0.));
#13001=DIRECTION('center_axis',(1.,0.,0.));
#13002=DIRECTION('ref_axis',(0.,-1.,3.9474596431117E-15));
#13003=DIRECTION('center_axis',(1.,0.,0.));
#13004=DIRECTION('ref_axis',(0.,-1.,3.9474596431117E-15));
#13005=DIRECTION('center_axis',(0.,1.,0.));
#13006=DIRECTION('ref_axis',(1.,0.,0.));
#13007=DIRECTION('',(1.,0.,0.));
#13008=DIRECTION('',(0.,0.,-1.));
#13009=DIRECTION('',(0.,0.,-1.));
#13010=DIRECTION('center_axis',(0.,-1.,0.));
#13011=DIRECTION('ref_axis',(-1.,0.,0.));
#13012=DIRECTION('',(-1.,0.,0.));
#13013=DIRECTION('',(0.,0.,-1.));
#13014=DIRECTION('',(0.,0.,-1.));
#13015=DIRECTION('center_axis',(1.,0.,0.));
#13016=DIRECTION('ref_axis',(0.,0.,1.));
#13017=DIRECTION('center_axis',(1.,0.,0.));
#13018=DIRECTION('ref_axis',(0.,-2.44249065417534E-15,1.));
#13019=DIRECTION('center_axis',(1.,0.,0.));
#13020=DIRECTION('ref_axis',(0.,-2.44249065417534E-15,1.));
#13021=DIRECTION('center_axis',(1.,0.,0.));
#13022=DIRECTION('ref_axis',(0.,0.,1.));
#13023=DIRECTION('',(-1.,0.,0.));
#13024=DIRECTION('center_axis',(1.,0.,0.));
#13025=DIRECTION('ref_axis',(0.,-6.16790569236199E-16,1.));
#13026=DIRECTION('center_axis',(1.,0.,0.));
#13027=DIRECTION('ref_axis',(0.,-6.16790569236199E-16,1.));
#13028=DIRECTION('center_axis',(-1.,0.,0.));
#13029=DIRECTION('ref_axis',(0.,0.,-1.));
#13030=DIRECTION('',(0.,-1.,0.));
#13031=DIRECTION('center_axis',(0.,0.,1.));
#13032=DIRECTION('ref_axis',(-1.,0.,0.));
#13033=DIRECTION('',(0.,-1.,0.));
#13034=DIRECTION('center_axis',(1.,0.,0.));
#13035=DIRECTION('ref_axis',(0.,0.,1.));
#13036=DIRECTION('center_axis',(0.,0.,1.));
#13037=DIRECTION('ref_axis',(-1.,0.,0.));
#13038=DIRECTION('',(0.,-1.,0.));
#13039=DIRECTION('',(-1.,0.,0.));
#13040=DIRECTION('',(0.,-1.,0.));
#13041=DIRECTION('center_axis',(1.,0.,0.));
#13042=DIRECTION('ref_axis',(0.,0.,1.));
#13043=DIRECTION('',(0.,-1.,0.));
#13044=DIRECTION('',(0.,0.,1.));
#13045=DIRECTION('center_axis',(0.,0.,-1.));
#13046=DIRECTION('ref_axis',(1.,0.,0.));
#13047=DIRECTION('',(0.,-1.,0.));
#13048=DIRECTION('',(1.,0.,0.));
#13049=DIRECTION('center_axis',(-1.,0.,0.));
#13050=DIRECTION('ref_axis',(0.,0.,-1.));
#13051=DIRECTION('',(0.,0.,-1.));
#13052=DIRECTION('center_axis',(0.,-1.,0.));
#13053=DIRECTION('ref_axis',(0.,0.,-1.));
#13054=DIRECTION('center_axis',(0.,0.,1.));
#13055=DIRECTION('ref_axis',(-1.,0.,0.));
#13056=DIRECTION('',(-1.,0.,0.));
#13057=DIRECTION('',(0.,-1.,0.));
#13058=DIRECTION('center_axis',(0.,0.,-1.));
#13059=DIRECTION('ref_axis',(1.,0.,0.));
#13060=DIRECTION('',(0.,-1.,0.));
#13061=DIRECTION('',(1.,0.,0.));
#13062=DIRECTION('center_axis',(-1.,0.,0.));
#13063=DIRECTION('ref_axis',(0.,0.,-1.));
#13064=DIRECTION('',(0.,0.,-1.));
#13065=DIRECTION('center_axis',(0.,-1.,0.));
#13066=DIRECTION('ref_axis',(0.,0.,-1.));
#13067=DIRECTION('center_axis',(0.,0.894427190999916,-0.447213595499958));
#13068=DIRECTION('ref_axis',(0.,0.447213595499958,0.894427190999916));
#13069=DIRECTION('',(0.,-0.447213595499958,-0.894427190999916));
#13070=DIRECTION('',(0.,0.447213595499958,0.894427190999916));
#13071=DIRECTION('',(-1.,0.,0.));
#13072=DIRECTION('center_axis',(-1.,0.,0.));
#13073=DIRECTION('ref_axis',(0.,0.,-1.));
#13074=DIRECTION('',(0.,0.,-1.));
#13075=DIRECTION('',(0.,-1.,0.));
#13076=DIRECTION('center_axis',(0.,-1.,0.));
#13077=DIRECTION('ref_axis',(0.,0.,-1.));
#13078=DIRECTION('',(0.,0.,1.));
#13079=DIRECTION('',(1.,0.,0.));
#13080=DIRECTION('',(0.,0.,-1.));
#13081=DIRECTION('',(1.,0.,0.));
#13082=DIRECTION('',(1.,0.,0.));
#13083=DIRECTION('',(0.,0.,-1.));
#13084=DIRECTION('',(-1.,0.,0.));
#13085=DIRECTION('',(-1.,0.,0.));
#13086=DIRECTION('center_axis',(0.,0.894427190999916,0.447213595499958));
#13087=DIRECTION('ref_axis',(0.,-0.447213595499958,0.894427190999916));
#13088=DIRECTION('',(0.,-0.447213595499958,0.894427190999916));
#13089=DIRECTION('',(0.,0.447213595499958,-0.894427190999916));
#13090=DIRECTION('center_axis',(-1.,0.,0.));
#13091=DIRECTION('ref_axis',(0.,0.,-1.));
#13092=DIRECTION('',(0.,-1.,0.));
#13093=DIRECTION('center_axis',(0.,0.98058067569092,-0.196116135138184));
#13094=DIRECTION('ref_axis',(0.,0.196116135138184,0.98058067569092));
#13095=DIRECTION('',(0.,-0.196116135138184,-0.98058067569092));
#13096=DIRECTION('',(0.,0.196116135138184,0.98058067569092));
#13097=DIRECTION('center_axis',(1.,0.,0.));
#13098=DIRECTION('ref_axis',(0.,0.,1.));
#13099=DIRECTION('',(0.,-1.,0.));
#13100=DIRECTION('center_axis',(0.,0.98058067569092,0.196116135138184));
#13101=DIRECTION('ref_axis',(0.,-0.196116135138184,0.98058067569092));
#13102=DIRECTION('',(0.,0.196116135138184,-0.98058067569092));
#13103=DIRECTION('',(0.,-0.196116135138184,0.98058067569092));
#13104=DIRECTION('center_axis',(-1.,0.,0.));
#13105=DIRECTION('ref_axis',(0.,0.,-1.));
#13106=DIRECTION('center_axis',(0.,0.,-1.));
#13107=DIRECTION('ref_axis',(1.,0.,0.));
#13108=DIRECTION('',(0.,-1.,0.));
#13109=DIRECTION('center_axis',(1.,0.,0.));
#13110=DIRECTION('ref_axis',(0.,0.,1.));
#13111=DIRECTION('center_axis',(0.,0.,1.));
#13112=DIRECTION('ref_axis',(-1.,0.,0.));
#13113=DIRECTION('center_axis',(1.,0.,0.));
#13114=DIRECTION('ref_axis',(0.,0.,1.));
#13115=DIRECTION('center_axis',(0.,0.,1.));
#13116=DIRECTION('ref_axis',(1.,0.,0.));
#13117=DIRECTION('',(0.,1.,0.));
#13118=DIRECTION('',(-0.554700196225235,0.83205029433784,0.));
#13119=DIRECTION('',(0.,-1.,0.));
#13120=DIRECTION('',(0.554700196225235,0.83205029433784,0.));
#13121=DIRECTION('',(0.,1.,0.));
#13122=DIRECTION('',(0.,1.,0.));
#13123=DIRECTION('center_axis',(1.,0.,0.));
#13124=DIRECTION('ref_axis',(0.,0.,-1.));
#13125=DIRECTION('',(0.,1.,0.));
#13126=DIRECTION('',(0.,0.,-1.));
#13127=DIRECTION('',(0.,0.,1.));
#13128=DIRECTION('center_axis',(1.,0.,0.));
#13129=DIRECTION('ref_axis',(0.,0.,-1.));
#13130=DIRECTION('',(0.,1.,0.));
#13131=DIRECTION('',(0.,0.,-1.));
#13132=DIRECTION('',(0.,0.,1.));
#13133=DIRECTION('center_axis',(-1.,0.,0.));
#13134=DIRECTION('ref_axis',(0.,0.,1.));
#13135=DIRECTION('',(0.,1.,0.));
#13136=DIRECTION('',(0.,0.,-1.));
#13137=DIRECTION('center_axis',(-0.83205029433784,-0.554700196225235,0.));
#13138=DIRECTION('ref_axis',(0.,0.,1.));
#13139=DIRECTION('',(0.554700196225235,-0.83205029433784,0.));
#13140=DIRECTION('',(-0.554700196225235,0.83205029433784,0.));
#13141=DIRECTION('',(0.,0.,1.));
#13142=DIRECTION('',(0.554700196225235,-0.83205029433784,0.));
#13143=DIRECTION('',(0.,0.,-1.));
#13144=DIRECTION('center_axis',(-0.83205029433784,-0.554700196225235,0.));
#13145=DIRECTION('ref_axis',(0.,0.,1.));
#13146=DIRECTION('',(0.,0.,-1.));
#13147=DIRECTION('',(0.554700196225235,-0.83205029433784,0.));
#13148=DIRECTION('',(0.554700196225235,-0.83205029433784,0.));
#13149=DIRECTION('',(0.,0.,-1.));
#13150=DIRECTION('',(-0.554700196225235,0.83205029433784,0.));
#13151=DIRECTION('',(0.,0.,1.));
#13152=DIRECTION('center_axis',(-1.,0.,0.));
#13153=DIRECTION('ref_axis',(0.,0.,1.));
#13154=DIRECTION('',(0.,0.,1.));
#13155=DIRECTION('',(0.,1.,0.));
#13156=DIRECTION('center_axis',(-0.83205029433784,0.554700196225235,0.));
#13157=DIRECTION('ref_axis',(0.,0.,1.));
#13158=DIRECTION('',(-0.554700196225235,-0.83205029433784,0.));
#13159=DIRECTION('',(0.,0.,1.));
#13160=DIRECTION('',(-0.554700196225235,-0.83205029433784,0.));
#13161=DIRECTION('',(0.,0.,-1.));
#13162=DIRECTION('',(0.554700196225235,0.83205029433784,0.));
#13163=DIRECTION('center_axis',(-1.,0.,0.));
#13164=DIRECTION('ref_axis',(0.,0.,1.));
#13165=DIRECTION('',(0.,0.,1.));
#13166=DIRECTION('',(0.,1.,0.));
#13167=DIRECTION('center_axis',(-0.83205029433784,0.554700196225235,0.));
#13168=DIRECTION('ref_axis',(0.,0.,1.));
#13169=DIRECTION('',(-0.554700196225235,-0.83205029433784,0.));
#13170=DIRECTION('',(0.,0.,1.));
#13171=DIRECTION('',(-0.554700196225235,-0.83205029433784,0.));
#13172=DIRECTION('',(0.,0.,-1.));
#13173=DIRECTION('',(0.554700196225235,0.83205029433784,0.));
#13174=DIRECTION('center_axis',(0.,0.,-1.));
#13175=DIRECTION('ref_axis',(-0.554700196225228,0.832050294337844,0.));
#13176=DIRECTION('center_axis',(0.,0.,-1.));
#13177=DIRECTION('ref_axis',(-0.554700196225226,0.832050294337846,0.));
#13178=DIRECTION('',(0.,0.,-1.));
#13179=DIRECTION('center_axis',(0.,0.,-1.));
#13180=DIRECTION('ref_axis',(-0.554700196225226,0.832050294337846,0.));
#13181=DIRECTION('center_axis',(0.,0.,-1.));
#13182=DIRECTION('ref_axis',(-1.,0.,0.));
#13183=DIRECTION('',(0.,-1.,0.));
#13184=DIRECTION('center_axis',(0.,0.,-1.));
#13185=DIRECTION('ref_axis',(1.,-2.66453525910034E-14,0.));
#13186=DIRECTION('center_axis',(0.,0.,-1.));
#13187=DIRECTION('ref_axis',(1.,-8.88178419700118E-15,0.));
#13188=DIRECTION('',(0.,-1.,0.));
#13189=DIRECTION('center_axis',(0.,0.,-1.));
#13190=DIRECTION('ref_axis',(-0.554700196225224,0.832050294337847,0.));
#13191=DIRECTION('center_axis',(0.,0.,-1.));
#13192=DIRECTION('ref_axis',(-0.554700196225228,0.832050294337844,0.));
#13193=DIRECTION('',(0.,0.,1.));
#13194=DIRECTION('center_axis',(0.,0.,-1.));
#13195=DIRECTION('ref_axis',(-0.554700196225224,0.832050294337847,0.));
#13196=DIRECTION('center_axis',(0.,0.,1.));
#13197=DIRECTION('ref_axis',(1.,0.,0.));
#13198=DIRECTION('',(0.,-1.,0.));
#13199=DIRECTION('center_axis',(0.,0.,-1.));
#13200=DIRECTION('ref_axis',(1.,-8.88178419700118E-15,0.));
#13201=DIRECTION('center_axis',(0.,0.,-1.));
#13202=DIRECTION('ref_axis',(1.,-2.66453525910034E-14,0.));
#13203=DIRECTION('',(0.,-1.,0.));
#13204=DIRECTION('center_axis',(-1.,0.,0.));
#13205=DIRECTION('ref_axis',(0.,0.,-1.));
#13206=DIRECTION('',(0.,0.,-1.));
#13207=DIRECTION('center_axis',(1.,0.,0.));
#13208=DIRECTION('ref_axis',(0.,0.,1.));
#13209=DIRECTION('',(0.,0.,1.));
#13210=DIRECTION('center_axis',(0.,0.,-1.));
#13211=DIRECTION('ref_axis',(1.,-3.99680288865056E-14,0.));
#13212=DIRECTION('center_axis',(0.,0.,-1.));
#13213=DIRECTION('ref_axis',(1.,-3.99680288865056E-14,0.));
#13214=DIRECTION('center_axis',(0.,0.,-1.));
#13215=DIRECTION('ref_axis',(-0.554700196225228,0.832050294337844,0.));
#13216=DIRECTION('center_axis',(0.,0.,-1.));
#13217=DIRECTION('ref_axis',(-0.554700196225226,0.832050294337846,0.));
#13218=DIRECTION('',(0.,0.,1.));
#13219=DIRECTION('center_axis',(0.,0.,-1.));
#13220=DIRECTION('ref_axis',(-0.554700196225226,0.832050294337846,0.));
#13221=DIRECTION('center_axis',(0.,0.,-1.));
#13222=DIRECTION('ref_axis',(-1.,0.,0.));
#13223=DIRECTION('center_axis',(0.,0.,-1.));
#13224=DIRECTION('ref_axis',(-0.554700196225224,0.832050294337847,0.));
#13225=DIRECTION('',(0.,-1.,0.));
#13226=DIRECTION('center_axis',(0.,0.,-1.));
#13227=DIRECTION('ref_axis',(1.,-8.88178419700118E-15,0.));
#13228=DIRECTION('center_axis',(0.,0.,-1.));
#13229=DIRECTION('ref_axis',(1.,-2.66453525910034E-14,0.));
#13230=DIRECTION('',(0.,-1.,0.));
#13231=DIRECTION('center_axis',(0.,0.,-1.));
#13232=DIRECTION('ref_axis',(-0.554700196225228,0.832050294337844,0.));
#13233=DIRECTION('center_axis',(0.,0.,-1.));
#13234=DIRECTION('ref_axis',(-0.554700196225224,0.832050294337847,0.));
#13235=DIRECTION('',(0.,0.,-1.));
#13236=DIRECTION('center_axis',(0.,0.,1.));
#13237=DIRECTION('ref_axis',(1.,0.,0.));
#13238=DIRECTION('',(0.,-1.,0.));
#13239=DIRECTION('center_axis',(0.,0.,-1.));
#13240=DIRECTION('ref_axis',(1.,-2.66453525910034E-14,0.));
#13241=DIRECTION('center_axis',(0.,0.,-1.));
#13242=DIRECTION('ref_axis',(1.,-8.88178419700118E-15,0.));
#13243=DIRECTION('',(0.,-1.,0.));
#13244=DIRECTION('center_axis',(1.,0.,0.));
#13245=DIRECTION('ref_axis',(0.,0.,1.));
#13246=DIRECTION('',(0.,0.,1.));
#13247=DIRECTION('center_axis',(-1.,0.,0.));
#13248=DIRECTION('ref_axis',(0.,0.,-1.));
#13249=DIRECTION('',(0.,0.,-1.));
#13250=DIRECTION('center_axis',(0.,0.,-1.));
#13251=DIRECTION('ref_axis',(1.,-3.99680288865056E-14,0.));
#13252=DIRECTION('center_axis',(0.,0.,-1.));
#13253=DIRECTION('ref_axis',(1.,-3.99680288865056E-14,0.));
#13254=DIRECTION('center_axis',(0.371390676354104,0.,0.928476690885259));
#13255=DIRECTION('ref_axis',(0.928476690885259,0.,-0.371390676354105));
#13256=DIRECTION('',(0.,-1.,0.));
#13257=DIRECTION('center_axis',(0.,0.,1.));
#13258=DIRECTION('ref_axis',(1.,0.,0.));
#13259=DIRECTION('center_axis',(0.,0.,1.));
#13260=DIRECTION('ref_axis',(-1.,0.,0.));
#13261=DIRECTION('',(1.,0.,0.));
#13262=DIRECTION('',(0.,1.,0.));
#13263=DIRECTION('',(0.,1.,0.));
#13264=DIRECTION('',(1.,0.,0.));
#13265=DIRECTION('center_axis',(0.,0.,1.));
#13266=DIRECTION('ref_axis',(-1.,0.,0.));
#13267=DIRECTION('center_axis',(0.,0.,-1.));
#13268=DIRECTION('ref_axis',(-1.,0.,0.));
#13269=DIRECTION('',(0.,1.,0.));
#13270=DIRECTION('',(0.,1.,0.));
#13271=DIRECTION('center_axis',(-1.,0.,0.));
#13272=DIRECTION('ref_axis',(0.,0.,1.));
#13273=DIRECTION('center_axis',(0.,0.,-1.));
#13274=DIRECTION('ref_axis',(-1.,0.,0.));
#13275=DIRECTION('',(0.,1.,0.));
#13276=DIRECTION('center_axis',(0.,0.,-1.));
#13277=DIRECTION('ref_axis',(-1.,0.,0.));
#13278=DIRECTION('',(0.,0.,1.));
#13279=DIRECTION('center_axis',(0.,0.,-1.));
#13280=DIRECTION('ref_axis',(1.,0.,0.));
#13281=DIRECTION('',(0.,0.,-1.));
#13282=DIRECTION('center_axis',(0.,0.,-1.));
#13283=DIRECTION('ref_axis',(1.,0.,0.));
#13284=DIRECTION('center_axis',(0.,0.,1.));
#13285=DIRECTION('ref_axis',(1.,0.,0.));
#13286=DIRECTION('',(1.,0.,0.));
#13287=DIRECTION('',(1.,0.,0.));
#13288=DIRECTION('center_axis',(0.,0.,-1.));
#13289=DIRECTION('ref_axis',(1.,0.,0.));
#13290=DIRECTION('center_axis',(0.,0.,-1.));
#13291=DIRECTION('ref_axis',(-1.,0.,0.));
#13292=DIRECTION('',(0.,0.,-1.));
#13293=DIRECTION('center_axis',(0.,0.,-1.));
#13294=DIRECTION('ref_axis',(1.,0.,0.));
#13295=DIRECTION('',(0.,0.,1.));
#13296=DIRECTION('center_axis',(0.,0.,-1.));
#13297=DIRECTION('ref_axis',(-1.,0.,0.));
#13298=DIRECTION('',(-1.,0.,0.));
#13299=DIRECTION('',(-1.,0.,0.));
#13300=DIRECTION('center_axis',(0.,0.,-1.));
#13301=DIRECTION('ref_axis',(1.,0.,0.));
#13302=DIRECTION('center_axis',(0.,0.,-1.));
#13303=DIRECTION('ref_axis',(-1.,0.,0.));
#13304=DIRECTION('',(0.,0.,1.));
#13305=DIRECTION('',(0.,0.,-1.));
#13306=DIRECTION('center_axis',(0.,0.,-1.));
#13307=DIRECTION('ref_axis',(1.,0.,0.));
#13308=DIRECTION('center_axis',(0.,0.,1.));
#13309=DIRECTION('ref_axis',(1.,0.,0.));
#13310=DIRECTION('',(1.,0.,0.));
#13311=DIRECTION('',(1.,0.,0.));
#13312=DIRECTION('center_axis',(0.,0.,-1.));
#13313=DIRECTION('ref_axis',(1.,0.,0.));
#13314=DIRECTION('center_axis',(0.,0.,-1.));
#13315=DIRECTION('ref_axis',(-1.,0.,0.));
#13316=DIRECTION('',(0.,0.,-1.));
#13317=DIRECTION('center_axis',(0.,0.,-1.));
#13318=DIRECTION('ref_axis',(1.,0.,0.));
#13319=DIRECTION('',(0.,0.,1.));
#13320=DIRECTION('center_axis',(0.,0.,-1.));
#13321=DIRECTION('ref_axis',(-1.,0.,0.));
#13322=DIRECTION('',(-1.,0.,0.));
#13323=DIRECTION('',(-1.,0.,0.));
#13324=DIRECTION('center_axis',(0.,0.,-1.));
#13325=DIRECTION('ref_axis',(1.,0.,0.));
#13326=DIRECTION('center_axis',(0.,0.,-1.));
#13327=DIRECTION('ref_axis',(-1.,0.,0.));
#13328=DIRECTION('',(0.,0.,1.));
#13329=DIRECTION('',(0.,0.,-1.));
#13330=DIRECTION('center_axis',(0.,0.,-1.));
#13331=DIRECTION('ref_axis',(1.,0.,0.));
#13332=DIRECTION('center_axis',(0.,0.,1.));
#13333=DIRECTION('ref_axis',(1.,0.,0.));
#13334=DIRECTION('',(1.,0.,0.));
#13335=DIRECTION('',(1.,0.,0.));
#13336=DIRECTION('center_axis',(0.,0.,-1.));
#13337=DIRECTION('ref_axis',(1.,0.,0.));
#13338=DIRECTION('center_axis',(0.,0.,-1.));
#13339=DIRECTION('ref_axis',(-1.,0.,0.));
#13340=DIRECTION('',(0.,0.,-1.));
#13341=DIRECTION('center_axis',(0.,0.,-1.));
#13342=DIRECTION('ref_axis',(1.,0.,0.));
#13343=DIRECTION('',(0.,0.,1.));
#13344=DIRECTION('center_axis',(0.,0.,-1.));
#13345=DIRECTION('ref_axis',(-1.,0.,0.));
#13346=DIRECTION('',(-1.,0.,0.));
#13347=DIRECTION('',(-1.,0.,0.));
#13348=DIRECTION('center_axis',(0.,0.,-1.));
#13349=DIRECTION('ref_axis',(1.,0.,0.));
#13350=DIRECTION('center_axis',(0.,0.,-1.));
#13351=DIRECTION('ref_axis',(-1.,0.,0.));
#13352=DIRECTION('',(0.,0.,1.));
#13353=DIRECTION('',(0.,0.,-1.));
#13354=DIRECTION('center_axis',(0.,0.,-1.));
#13355=DIRECTION('ref_axis',(1.,0.,0.));
#13356=DIRECTION('center_axis',(-1.,0.,0.));
#13357=DIRECTION('ref_axis',(0.,0.,1.));
#13358=DIRECTION('',(0.,0.,-1.));
#13359=DIRECTION('',(0.,-1.,0.));
#13360=DIRECTION('center_axis',(0.,0.,1.));
#13361=DIRECTION('ref_axis',(1.,0.,0.));
#13362=DIRECTION('',(-1.,0.,0.));
#13363=DIRECTION('',(0.,1.,0.));
#13364=DIRECTION('',(-1.,0.,0.));
#13365=DIRECTION('center_axis',(0.,0.,-1.));
#13366=DIRECTION('ref_axis',(-1.,0.,0.));
#13367=DIRECTION('center_axis',(0.,0.,-1.));
#13368=DIRECTION('ref_axis',(-1.,0.,0.));
#13369=DIRECTION('',(0.,0.,1.));
#13370=DIRECTION('',(0.,0.,-1.));
#13371=DIRECTION('center_axis',(0.,0.,-1.));
#13372=DIRECTION('ref_axis',(1.,0.,0.));
#13373=DIRECTION('center_axis',(0.,0.,1.));
#13374=DIRECTION('ref_axis',(1.,0.,0.));
#13375=DIRECTION('',(1.,0.,0.));
#13376=DIRECTION('',(1.,0.,0.));
#13377=DIRECTION('center_axis',(0.,0.,-1.));
#13378=DIRECTION('ref_axis',(1.,0.,0.));
#13379=DIRECTION('center_axis',(0.,0.,-1.));
#13380=DIRECTION('ref_axis',(-1.,0.,0.));
#13381=DIRECTION('',(0.,0.,-1.));
#13382=DIRECTION('center_axis',(0.,0.,-1.));
#13383=DIRECTION('ref_axis',(1.,0.,0.));
#13384=DIRECTION('',(0.,0.,1.));
#13385=DIRECTION('center_axis',(0.,0.,-1.));
#13386=DIRECTION('ref_axis',(-1.,0.,0.));
#13387=DIRECTION('',(-1.,0.,0.));
#13388=DIRECTION('',(-1.,0.,0.));
#13389=DIRECTION('center_axis',(0.,0.,-1.));
#13390=DIRECTION('ref_axis',(1.,0.,0.));
#13391=DIRECTION('center_axis',(0.,0.,-1.));
#13392=DIRECTION('ref_axis',(-1.,0.,0.));
#13393=DIRECTION('',(0.,0.,1.));
#13394=DIRECTION('',(0.,0.,-1.));
#13395=DIRECTION('center_axis',(0.,0.,-1.));
#13396=DIRECTION('ref_axis',(1.,0.,0.));
#13397=DIRECTION('center_axis',(0.,0.,1.));
#13398=DIRECTION('ref_axis',(1.,0.,0.));
#13399=DIRECTION('',(1.,0.,0.));
#13400=DIRECTION('',(1.,0.,0.));
#13401=DIRECTION('center_axis',(0.,0.,-1.));
#13402=DIRECTION('ref_axis',(1.,0.,0.));
#13403=DIRECTION('center_axis',(0.,0.,-1.));
#13404=DIRECTION('ref_axis',(-1.,0.,0.));
#13405=DIRECTION('',(-1.,0.,0.));
#13406=DIRECTION('center_axis',(0.,0.,-1.));
#13407=DIRECTION('ref_axis',(1.,0.,0.));
#13408=DIRECTION('',(-1.,0.,0.));
#13409=DIRECTION('center_axis',(0.,0.,-1.));
#13410=DIRECTION('ref_axis',(-1.,0.,0.));
#13411=DIRECTION('',(0.,0.,-1.));
#13412=DIRECTION('',(0.,0.,1.));
#13413=DIRECTION('center_axis',(-1.,0.,0.));
#13414=DIRECTION('ref_axis',(0.,0.,1.));
#13415=DIRECTION('',(0.,0.,-1.));
#13416=DIRECTION('center_axis',(0.,-1.,0.));
#13417=DIRECTION('ref_axis',(0.,0.,-1.));
#13418=DIRECTION('',(0.,0.,1.));
#13419=DIRECTION('center_axis',(0.,-1.,0.));
#13420=DIRECTION('ref_axis',(-1.,0.,0.));
#13421=DIRECTION('center_axis',(0.,-1.,0.));
#13422=DIRECTION('ref_axis',(-1.,0.,0.));
#13423=DIRECTION('center_axis',(0.,-1.,0.));
#13424=DIRECTION('ref_axis',(-1.,0.,0.));
#13425=DIRECTION('center_axis',(0.,-1.,0.));
#13426=DIRECTION('ref_axis',(0.,0.,-1.));
#13427=DIRECTION('',(0.,0.,-1.));
#13428=DIRECTION('center_axis',(0.,-1.,0.));
#13429=DIRECTION('ref_axis',(-1.,0.,0.));
#13430=DIRECTION('center_axis',(0.,-1.,0.));
#13431=DIRECTION('ref_axis',(-1.,0.,0.));
#13432=DIRECTION('center_axis',(0.,-1.,0.));
#13433=DIRECTION('ref_axis',(-1.,0.,0.));
#13434=DIRECTION('center_axis',(1.,0.,-4.07421293440426E-16));
#13435=DIRECTION('ref_axis',(-4.07421293440426E-16,0.,-1.));
#13436=DIRECTION('',(0.,1.,0.));
#13437=DIRECTION('center_axis',(1.,0.,-9.06304509898096E-16));
#13438=DIRECTION('ref_axis',(-9.06304509898096E-16,0.,-1.));
#13439=DIRECTION('',(0.,1.,0.));
#13440=DIRECTION('center_axis',(0.,0.,1.));
#13441=DIRECTION('ref_axis',(1.,0.,0.));
#13442=DIRECTION('',(0.,1.,0.));
#13443=DIRECTION('center_axis',(1.,0.,0.));
#13444=DIRECTION('ref_axis',(0.,0.,-1.));
#13445=DIRECTION('',(0.,1.,0.));
#13446=DIRECTION('center_axis',(0.,0.,-1.));
#13447=DIRECTION('ref_axis',(-1.,0.,0.));
#13448=DIRECTION('center_axis',(0.,-1.,0.));
#13449=DIRECTION('ref_axis',(-1.,0.,0.));
#13450=DIRECTION('',(0.,-1.,0.));
#13451=DIRECTION('center_axis',(0.,-1.,0.));
#13452=DIRECTION('ref_axis',(-1.,0.,0.));
#13453=DIRECTION('',(0.,-1.,0.));
#13454=DIRECTION('center_axis',(0.,-1.,0.));
#13455=DIRECTION('ref_axis',(-1.,0.,0.));
#13456=DIRECTION('',(0.,-1.,0.));
#13457=DIRECTION('center_axis',(0.,-1.,0.));
#13458=DIRECTION('ref_axis',(-1.,0.,0.));
#13459=DIRECTION('',(0.,-1.,0.));
#13460=DIRECTION('center_axis',(0.,-1.,0.));
#13461=DIRECTION('ref_axis',(-1.,0.,0.));
#13462=DIRECTION('',(0.,-1.,0.));
#13463=DIRECTION('center_axis',(0.,-1.,0.));
#13464=DIRECTION('ref_axis',(-1.,0.,0.));
#13465=DIRECTION('',(0.,-1.,0.));
#13466=DIRECTION('center_axis',(0.,0.,1.));
#13467=DIRECTION('ref_axis',(-1.,0.,0.));
#13468=DIRECTION('',(0.,0.,1.));
#13469=DIRECTION('center_axis',(0.,0.,-1.));
#13470=DIRECTION('ref_axis',(1.,0.,0.));
#13471=DIRECTION('center_axis',(0.,0.,-1.));
#13472=DIRECTION('ref_axis',(-1.,0.,0.));
#13473=DIRECTION('center_axis',(0.,1.,0.));
#13474=DIRECTION('ref_axis',(-1.,0.,0.));
#13475=DIRECTION('center_axis',(0.,-1.,0.));
#13476=DIRECTION('ref_axis',(-1.,0.,0.));
#13477=DIRECTION('center_axis',(0.,1.,0.));
#13478=DIRECTION('ref_axis',(-1.,0.,0.));
#13479=DIRECTION('',(0.,-1.,0.));
#13480=DIRECTION('center_axis',(0.,1.,0.));
#13481=DIRECTION('ref_axis',(-1.,0.,0.));
#13482=DIRECTION('center_axis',(0.,-1.,0.));
#13483=DIRECTION('ref_axis',(-1.,0.,0.));
#13484=DIRECTION('center_axis',(0.,1.,0.));
#13485=DIRECTION('ref_axis',(-1.,0.,0.));
#13486=DIRECTION('',(0.,-1.,0.));
#13487=DIRECTION('center_axis',(0.,1.,0.));
#13488=DIRECTION('ref_axis',(-1.,0.,0.));
#13489=DIRECTION('center_axis',(0.,-1.,0.));
#13490=DIRECTION('ref_axis',(-1.,0.,0.));
#13491=DIRECTION('center_axis',(0.,1.,0.));
#13492=DIRECTION('ref_axis',(-1.,0.,0.));
#13493=DIRECTION('',(0.,-1.,0.));
#13494=DIRECTION('center_axis',(2.75165900219872E-16,0.743542227417168,
-0.668688983046316));
#13495=DIRECTION('ref_axis',(1.5775870487438E-16,0.668688983046316,0.743542227417168));
#13496=DIRECTION('center_axis',(1.,-3.70074341541719E-16,0.));
#13497=DIRECTION('ref_axis',(0.,-1.95112299010336E-47,1.));
#13498=DIRECTION('',(-1.,3.70074341541719E-16,0.));
#13499=DIRECTION('center_axis',(0.,0.,1.));
#13500=DIRECTION('ref_axis',(1.,0.,0.));
#13501=DIRECTION('',(0.,1.,0.));
#13502=DIRECTION('center_axis',(-1.,0.,-4.53152254949048E-16));
#13503=DIRECTION('ref_axis',(-4.53152254949048E-16,0.,1.));
#13504=DIRECTION('center_axis',(1.,-3.70074341541719E-16,0.));
#13505=DIRECTION('ref_axis',(0.,-1.95112299010336E-47,1.));
#13506=DIRECTION('',(-1.,3.70074341541719E-16,0.));
#13507=DIRECTION('center_axis',(1.,-3.70074341541719E-16,0.));
#13508=DIRECTION('ref_axis',(0.,-2.14005232304368E-47,1.));
#13509=DIRECTION('',(1.,-3.70074341541719E-16,0.));
#13510=DIRECTION('',(1.,-3.70074341541719E-16,0.));
#13511=DIRECTION('center_axis',(2.7516590021987E-16,0.743542227417165,0.668688983046319));
#13512=DIRECTION('ref_axis',(-1.57758704874381E-16,-0.668688983046319,0.743542227417165));
#13513=DIRECTION('',(1.,-3.70074341541719E-16,0.));
#13514=DIRECTION('center_axis',(1.,-3.70074341541719E-16,0.));
#13515=DIRECTION('ref_axis',(2.75165900219872E-16,0.743542227417169,0.668688983046315));
#13516=DIRECTION('center_axis',(-4.6031360434125E-63,-1.24384090619089E-47,
1.));
#13517=DIRECTION('ref_axis',(-2.35922392732846E-16,-1.,-1.24384090619089E-47));
#13518=DIRECTION('center_axis',(0.,1.,0.));
#13519=DIRECTION('ref_axis',(-1.,0.,0.));
#13520=DIRECTION('center_axis',(0.,-1.,0.));
#13521=DIRECTION('ref_axis',(-1.,0.,0.));
#13522=DIRECTION('',(0.,-1.,0.));
#13523=DIRECTION('center_axis',(0.,1.,0.));
#13524=DIRECTION('ref_axis',(-1.,0.,0.));
#13525=DIRECTION('center_axis',(0.,1.,0.));
#13526=DIRECTION('ref_axis',(-1.,0.,0.));
#13527=DIRECTION('center_axis',(0.,-1.,0.));
#13528=DIRECTION('ref_axis',(-1.,0.,0.));
#13529=DIRECTION('',(0.,-1.,0.));
#13530=DIRECTION('center_axis',(0.,1.,0.));
#13531=DIRECTION('ref_axis',(-1.,0.,0.));
#13532=DIRECTION('center_axis',(0.,1.,0.));
#13533=DIRECTION('ref_axis',(-1.,0.,0.));
#13534=DIRECTION('center_axis',(0.,-1.,0.));
#13535=DIRECTION('ref_axis',(-1.,0.,0.));
#13536=DIRECTION('',(0.,-1.,0.));
#13537=DIRECTION('center_axis',(0.,1.,0.));
#13538=DIRECTION('ref_axis',(-1.,0.,0.));
#13539=CARTESIAN_POINT('',(0.,0.,0.));
#13540=CARTESIAN_POINT('Ctrl Pts',(1.66533453693773E-14,0.,0.));
#13541=CARTESIAN_POINT('Ctrl Pts',(1.66666666666668,-6.66666666666667,0.));
#13542=CARTESIAN_POINT('Ctrl Pts',(3.33333333333335,-13.3333333333333,0.));
#13543=CARTESIAN_POINT('Ctrl Pts',(5.00000000000002,-20.,0.));
#13544=CARTESIAN_POINT('Ctrl Pts',(1.56469365003936E-14,0.,1.54134691646165E-16));
#13545=CARTESIAN_POINT('Ctrl Pts',(1.45046488883648,-6.7206150997178,-0.000408045625691715));
#13546=CARTESIAN_POINT('Ctrl Pts',(2.89620716776352,-13.4427168861322,0.000408045625692218));
#13547=CARTESIAN_POINT('Ctrl Pts',(4.34667205659998,-20.16333198585,1.16054356062995E-15));
#13548=CARTESIAN_POINT('Ctrl Pts',(1.28984827265224E-14,0.,4.94267553465415E-16));
#13549=CARTESIAN_POINT('Ctrl Pts',(0.962473541519099,-6.81942644358134,
-0.0931540174888759));
#13550=CARTESIAN_POINT('Ctrl Pts',(1.92598321626813,-13.6383332660001,-0.187350386397943));
#13551=CARTESIAN_POINT('Ctrl Pts',(2.88845675778722,-20.4577597095815,-0.280504403886821));
#13552=CARTESIAN_POINT('Ctrl Pts',(7.10839565317415E-15,0.,9.3736204082272E-16));
#13553=CARTESIAN_POINT('Ctrl Pts',(0.307341653254171,-6.85481678081282,
-0.606724556827874));
#13554=CARTESIAN_POINT('Ctrl Pts',(0.612376662327362,-13.7100698325551,
-1.21401067411905));
#13555=CARTESIAN_POINT('Ctrl Pts',(0.919718315581524,-20.5648866133679,
-1.82073523094693));
#13556=CARTESIAN_POINT('Ctrl Pts',(2.57565846279338E-15,0.,1.10598359742852E-15));
#13557=CARTESIAN_POINT('Ctrl Pts',(0.0320473004165588,-6.77143780393888,
-1.21553481716126));
#13558=CARTESIAN_POINT('Ctrl Pts',(0.0656102729662417,-13.5428217586201,
-2.42976935921991));
#13559=CARTESIAN_POINT('Ctrl Pts',(0.0976575733827995,-20.314259562559,
-3.64530417638118));
#13560=CARTESIAN_POINT('Ctrl Pts',(5.84805153598686E-16,0.,1.11475639790887E-15));
#13561=CARTESIAN_POINT('Ctrl Pts',(0.000806739934407447,-6.69385186571798,
-1.55711913052698));
#13562=CARTESIAN_POINT('Ctrl Pts',(-0.000806739934405954,-13.387814127207,
-3.116216897773));
#13563=CARTESIAN_POINT('Ctrl Pts',(7.25339725393718E-17,-20.081665992925,
-4.67333602829998));
#13564=CARTESIAN_POINT('Ctrl Pts',(0.,0.,1.11022302462516E-15));
#13565=CARTESIAN_POINT('Ctrl Pts',(0.,-6.66666666666667,-1.66666666666667));
#13566=CARTESIAN_POINT('Ctrl Pts',(0.,-13.3333333333333,-3.33333333333333));
#13567=CARTESIAN_POINT('Ctrl Pts',(0.,-20.,-5.));
#13568=CARTESIAN_POINT('',(0.,-20.,-5.));
#13569=CARTESIAN_POINT('',(5.00000000000002,-20.,0.));
#13570=CARTESIAN_POINT('Ctrl Pts',(-2.77555756156289E-17,-20.,-5.));
#13571=CARTESIAN_POINT('Ctrl Pts',(-1.8712201460426E-18,-20.,-4.8924722020261));
#13572=CARTESIAN_POINT('Ctrl Pts',(0.0031215890297555,-20.0000239577814,
-4.78516954972033));
#13573=CARTESIAN_POINT('Ctrl Pts',(0.00945544389720518,-20.0000493195897,
-4.678248579655));
#13574=CARTESIAN_POINT('Ctrl Pts',(0.0160050828608538,-20.0000755454335,
-4.56768498667314));
#13575=CARTESIAN_POINT('Ctrl Pts',(0.0259887335065223,-20.0001036008715,
-4.45752906821721));
#13576=CARTESIAN_POINT('Ctrl Pts',(0.0395137937228429,-20.0001204951467,
-4.34789898669334));
#13577=CARTESIAN_POINT('Ctrl Pts',(0.0534279699280414,-20.0001378754701,
-4.23511484767171));
#13578=CARTESIAN_POINT('Ctrl Pts',(0.0710893095132894,-20.0001438185944,
-4.12288668599203));
#13579=CARTESIAN_POINT('Ctrl Pts',(0.0926361929230577,-20.0001311321737,
-4.01129390623955));
#13580=CARTESIAN_POINT('Ctrl Pts',(0.0975008530764037,-20.0001282679485,
-3.98609949929266));
#13581=CARTESIAN_POINT('Ctrl Pts',(0.10256368661308,-20.0001244683066,-3.96093730521957));
#13582=CARTESIAN_POINT('Ctrl Pts',(0.107826508552232,-20.0001196671805,
-3.93580794848437));
#13583=CARTESIAN_POINT('Ctrl Pts',(0.128236944138262,-20.0001010473076,
-3.83835051540146));
#13584=CARTESIAN_POINT('Ctrl Pts',(0.151651749106788,-20.0000676130928,
-3.74138957354362));
#13585=CARTESIAN_POINT('Ctrl Pts',(0.177948572070082,-20.0000351710218,
-3.64511113113442));
#13586=CARTESIAN_POINT('Ctrl Pts',(0.204931988030847,-20.0000018819094,
-3.54631892101808));
#13587=CARTESIAN_POINT('Ctrl Pts',(0.234949842232519,-19.9999698091612,
-3.4482446675648));
#13588=CARTESIAN_POINT('Ctrl Pts',(0.267917115400368,-19.9999513740392,
-3.35106078800722));
#13589=CARTESIAN_POINT('Ctrl Pts',(0.301813861832737,-19.9999324191606,
-3.25113692394043));
#13590=CARTESIAN_POINT('Ctrl Pts',(0.338828599133564,-19.9999280865319,
-3.15215361175959));
#13591=CARTESIAN_POINT('Ctrl Pts',(0.378919104425553,-19.9999441071287,
-3.05427915809355));
#13592=CARTESIAN_POINT('Ctrl Pts',(0.382386354446604,-19.9999454926791,
-3.04581443062099));
#13593=CARTESIAN_POINT('Ctrl Pts',(0.385876641150486,-19.9999470246311,
-3.03735798978034));
#13594=CARTESIAN_POINT('Ctrl Pts',(0.389389954575721,-19.9999487032576,
-3.02890994083332));
#13595=CARTESIAN_POINT('Ctrl Pts',(0.432319721881088,-19.9999692146766,
-2.92568181069418));
#13596=CARTESIAN_POINT('Ctrl Pts',(0.478501962521297,-20.0000131168674,
-2.82414349869679));
#13597=CARTESIAN_POINT('Ctrl Pts',(0.52785121189239,-20.0000749983269,-2.72447158630162));
#13598=CARTESIAN_POINT('Ctrl Pts',(0.576559369620619,-20.0001360758898,
-2.62609450272105));
#13599=CARTESIAN_POINT('Ctrl Pts',(0.628353086456481,-20.0002148288377,
-2.52953469985206));
#13600=CARTESIAN_POINT('Ctrl Pts',(0.683203068466067,-20.0002958017798,
-2.43495009158632));
#13601=CARTESIAN_POINT('Ctrl Pts',(0.7391359450066,-20.0003783733579,-2.33849811433978));
#13602=CARTESIAN_POINT('Ctrl Pts',(0.798246931877333,-20.0004634891993,
-2.24409917535038));
#13603=CARTESIAN_POINT('Ctrl Pts',(0.860558638172621,-20.0005209581657,
-2.15192226346668));
#13604=CARTESIAN_POINT('Ctrl Pts',(0.922870344467909,-20.0005784271321,
-2.05974535158298));
#13605=CARTESIAN_POINT('Ctrl Pts',(0.988382878822833,-20.0006084515252,
-1.96978954896308));
#13606=CARTESIAN_POINT('Ctrl Pts',(1.05717110168188,-20.0005639324385,-1.88223922417939));
#13607=CARTESIAN_POINT('Ctrl Pts',(1.12350305357052,-20.000521003027,-1.79781512234895));
#13608=CARTESIAN_POINT('Ctrl Pts',(1.19288138612,-20.0004087952993,-1.71562718025334));
#13609=CARTESIAN_POINT('Ctrl Pts',(1.26511885567186,-20.0002808329448,-1.63571206000651));
#13610=CARTESIAN_POINT('Ctrl Pts',(1.32784991308779,-20.0001697103673,-1.5663137265972));
#13611=CARTESIAN_POINT('Ctrl Pts',(1.39273809269851,-20.000046400423,-1.49862960718944));
#13612=CARTESIAN_POINT('Ctrl Pts',(1.45968308096766,-19.9999353590456,-1.43270378497665));
#13613=CARTESIAN_POINT('Ctrl Pts',(1.5367988894786,-19.9998074473704,-1.35676198241413));
#13614=CARTESIAN_POINT('Ctrl Pts',(1.61630528269284,-19.999696830086,-1.28348520215923));
#13615=CARTESIAN_POINT('Ctrl Pts',(1.69801446430356,-19.9996258965011,-1.21290731160494));
#13616=CARTESIAN_POINT('Ctrl Pts',(1.78048479236739,-19.9995543021477,-1.1416719660376));
#13617=CARTESIAN_POINT('Ctrl Pts',(1.86519983607023,-19.999523082937,-1.07318553491399));
#13618=CARTESIAN_POINT('Ctrl Pts',(1.95199888114468,-19.9995377152413,-1.00752063959721));
#13619=CARTESIAN_POINT('Ctrl Pts',(2.03781263345285,-19.999552181448,-0.942601134351239));
#13620=CARTESIAN_POINT('Ctrl Pts',(2.12566409154067,-19.9996113694683,-0.880439101539077));
#13621=CARTESIAN_POINT('Ctrl Pts',(2.21541851810541,-19.9997046813483,-0.821147711338257));
#13622=CARTESIAN_POINT('Ctrl Pts',(2.30354424425472,-19.9997962999737,-0.762932233663955));
#13623=CARTESIAN_POINT('Ctrl Pts',(2.39350518615766,-19.9999207222159,-0.707483849714017));
#13624=CARTESIAN_POINT('Ctrl Pts',(2.48518320906119,-20.0000539131285,-0.654956294119405));
#13625=CARTESIAN_POINT('Ctrl Pts',(2.57362517394364,-20.0001824026579,-0.604282860289486));
#13626=CARTESIAN_POINT('Ctrl Pts',(2.66366571574409,-20.0003189453257,-0.556327548637986));
#13627=CARTESIAN_POINT('Ctrl Pts',(2.75519850118539,-20.0004303151406,-0.511275243699136));
#13628=CARTESIAN_POINT('Ctrl Pts',(2.79232777896019,-20.0004754910934,-0.493000266745198));
#13629=CARTESIAN_POINT('Ctrl Pts',(2.82970254493055,-20.000516396915,-0.475203522114543));
#13630=CARTESIAN_POINT('Ctrl Pts',(2.86731536350851,-20.0005502974722,-0.457899758149725));
#13631=CARTESIAN_POINT('Ctrl Pts',(2.91366528138947,-20.0005920728058,-0.436576494721899));
#13632=CARTESIAN_POINT('Ctrl Pts',(2.96037671393042,-20.0006232020606,-0.416001852981197));
#13633=CARTESIAN_POINT('Ctrl Pts',(3.00743963075355,-20.0006461674239,-0.396169145960757));
#13634=CARTESIAN_POINT('Ctrl Pts',(3.10774321152201,-20.0006951127151,-0.353900377580812));
#13635=CARTESIAN_POINT('Ctrl Pts',(3.2092341132827,-20.0007068156524,-0.315170764897484));
#13636=CARTESIAN_POINT('Ctrl Pts',(3.3118042479042,-20.0006989330477,-0.279853966490103));
#13637=CARTESIAN_POINT('Ctrl Pts',(3.41434196402711,-20.0006910529343,-0.244548330372637));
#13638=CARTESIAN_POINT('Ctrl Pts',(3.51795904123629,-20.0006633295088,-0.212653621820876));
#13639=CARTESIAN_POINT('Ctrl Pts',(3.62253212499826,-20.0006250548901,-0.184092379853718));
#13640=CARTESIAN_POINT('Ctrl Pts',(3.72551381181362,-20.0005873627359,-0.155965783893184));
#13641=CARTESIAN_POINT('Ctrl Pts',(3.82942338577722,-20.0005391624831,-0.131072314997613));
#13642=CARTESIAN_POINT('Ctrl Pts',(3.93411660510772,-20.0004852977776,-0.109380551366617));
#13643=CARTESIAN_POINT('Ctrl Pts',(4.03433030444498,-20.0004337377869,-0.0886169155503442));
#13644=CARTESIAN_POINT('Ctrl Pts',(4.13526253258987,-20.0003767503717,-0.0707873037672201));
#13645=CARTESIAN_POINT('Ctrl Pts',(4.23675352237864,-20.0003185615685,-0.0558975053695286));
#13646=CARTESIAN_POINT('Ctrl Pts',(4.33519636857637,-20.0002621203866,-0.0414549017785135));
#13647=CARTESIAN_POINT('Ctrl Pts',(4.43416541920059,-20.0002043478953,-0.0297784787122948));
#13648=CARTESIAN_POINT('Ctrl Pts',(4.53347554822753,-20.0001522124266,-0.0209003984468493));
#13649=CARTESIAN_POINT('Ctrl Pts',(4.6280445824701,-20.0001025659206,-0.0124461603458863));
#13650=CARTESIAN_POINT('Ctrl Pts',(4.72292319197367,-20.0000578827365,-0.00652976285828943));
#13651=CARTESIAN_POINT('Ctrl Pts',(4.81790993477745,-20.0000294990302,-0.00319928677934365));
#13652=CARTESIAN_POINT('Ctrl Pts',(4.87858432760985,-20.0000113684565,-0.00107188870285294));
#13653=CARTESIAN_POINT('Ctrl Pts',(4.93930200175984,-20.,1.01467971421479E-16));
#13654=CARTESIAN_POINT('Ctrl Pts',(5.00000000000002,-20.,0.));
#13655=CARTESIAN_POINT('',(0.,0.,0.));
#13656=CARTESIAN_POINT('Ctrl Pts',(5.00000000000002,-20.,0.));
#13657=CARTESIAN_POINT('Ctrl Pts',(3.33333333333335,-13.3333333333333,0.));
#13658=CARTESIAN_POINT('Ctrl Pts',(1.66666666666668,-6.66666666666667,0.));
#13659=CARTESIAN_POINT('Ctrl Pts',(1.66533453693773E-14,0.,0.));
#13660=CARTESIAN_POINT('Ctrl Pts',(0.,0.,1.11022302462516E-15));
#13661=CARTESIAN_POINT('Ctrl Pts',(0.,-6.66666666666667,-1.66666666666667));
#13662=CARTESIAN_POINT('Ctrl Pts',(0.,-13.3333333333333,-3.33333333333333));
#13663=CARTESIAN_POINT('Ctrl Pts',(0.,-20.,-5.));
#13664=CARTESIAN_POINT('Origin',(220.,0.,0.));
#13665=CARTESIAN_POINT('',(192.653683030073,-20.,0.));
#13666=CARTESIAN_POINT('',(0.,-20.,0.));
#13667=CARTESIAN_POINT('',(197.653683030073,0.,0.));
#13668=CARTESIAN_POINT('Ctrl Pts',(197.653683030073,0.,0.));
#13669=CARTESIAN_POINT('Ctrl Pts',(195.987016363406,-6.66666666666667,0.));
#13670=CARTESIAN_POINT('Ctrl Pts',(194.320349696739,-13.3333333333333,0.));
#13671=CARTESIAN_POINT('Ctrl Pts',(192.653683030073,-20.,0.));
#13672=CARTESIAN_POINT('',(0.,0.,0.));
#13673=CARTESIAN_POINT('Origin',(110.,-20.,-90.));
#13674=CARTESIAN_POINT('',(0.,-20.,-175.));
#13675=CARTESIAN_POINT('',(0.,-20.,-180.));
#13676=CARTESIAN_POINT('',(5.,-20.,-180.));
#13677=CARTESIAN_POINT('Origin',(5.05850011590697,-20.,-174.941499884093));
#13678=CARTESIAN_POINT('',(192.653683030073,-20.,-180.));
#13679=CARTESIAN_POINT('',(220.,-20.,-180.));
#13680=CARTESIAN_POINT('',(197.653683030073,-20.,-175.));
#13681=CARTESIAN_POINT('Ctrl Pts',(197.653683030073,-20.,-175.));
#13682=CARTESIAN_POINT('Ctrl Pts',(197.653683030073,-20.,-175.663380122953));
#13683=CARTESIAN_POINT('Ctrl Pts',(197.523170415106,-20.,-176.320126133302));
#13684=CARTESIAN_POINT('Ctrl Pts',(197.014542432697,-20.,-177.54121953994));
#13685=CARTESIAN_POINT('Ctrl Pts',(196.643049461657,-20.,-178.093454758048));
#13686=CARTESIAN_POINT('Ctrl Pts',(195.719658958704,-20.,-179.007250050316));
#13687=CARTESIAN_POINT('Ctrl Pts',(195.182720426624,-20.,-179.364952251369));
#13688=CARTESIAN_POINT('Ctrl Pts',(193.978477965155,-20.,-179.86855298764));
#13689=CARTESIAN_POINT('Ctrl Pts',(193.319433633258,-20.,-180.));
#13690=CARTESIAN_POINT('Ctrl Pts',(192.653683030073,-20.,-180.));
#13691=CARTESIAN_POINT('',(197.653683030073,-20.,-5.));
#13692=CARTESIAN_POINT('',(197.653683030073,-20.,-37.1012606604776));
#13693=CARTESIAN_POINT('Ctrl Pts',(192.653683030073,-20.,0.));
#13694=CARTESIAN_POINT('Ctrl Pts',(192.748883494596,-20.,7.75916453472188E-16));
#13695=CARTESIAN_POINT('Ctrl Pts',(192.844138436244,-20.0000287465306,-0.00263796901467099));
#13696=CARTESIAN_POINT('Ctrl Pts',(192.939212567137,-20.0000697286295,-0.00785361874152006));
#13697=CARTESIAN_POINT('Ctrl Pts',(193.037779256276,-20.0001122162101,-0.0132608659123187));
#13698=CARTESIAN_POINT('Ctrl Pts',(193.136152018569,-20.0001680274892,-0.0214383764755564));
#13699=CARTESIAN_POINT('Ctrl Pts',(193.234121958381,-20.0002267553091,-0.0323402931542918));
#13700=CARTESIAN_POINT('Ctrl Pts',(193.335605969424,-20.0002875896297,-0.0436332492869467));
#13701=CARTESIAN_POINT('Ctrl Pts',(193.43665823367,-20.0003517581922,-0.0578492320687634));
#13702=CARTESIAN_POINT('Ctrl Pts',(193.537095642377,-20.0004131642577,-0.074964468143922));
#13703=CARTESIAN_POINT('Ctrl Pts',(193.642162318572,-20.0004774005944,-0.0928685637378252));
#13704=CARTESIAN_POINT('Ctrl Pts',(193.746556683081,-20.0005388622424,-0.113944866545478));
#13705=CARTESIAN_POINT('Ctrl Pts',(193.850113990992,-20.0005929070266,-0.138201681797138));
#13706=CARTESIAN_POINT('Ctrl Pts',(193.955360083041,-20.0006478331582,-0.162854070530138));
#13707=CARTESIAN_POINT('Ctrl Pts',(194.059742381743,-20.0006953813841,-0.190791206884483));
#13708=CARTESIAN_POINT('Ctrl Pts',(194.163122763115,-20.0007289141006,-0.222063680372538));
#13709=CARTESIAN_POINT('Ctrl Pts',(194.266938320197,-20.0007625879717,-0.253467794126004));
#13710=CARTESIAN_POINT('Ctrl Pts',(194.369744333912,-20.000782406418,-0.288235097528602));
#13711=CARTESIAN_POINT('Ctrl Pts',(194.471423434185,-20.000775641375,-0.326463352333329));
#13712=CARTESIAN_POINT('Ctrl Pts',(194.523353671201,-20.0007721862865,-0.345987544890419));
#13713=CARTESIAN_POINT('Ctrl Pts',(194.574990245192,-20.0007616747559,-0.3664152708598));
#13714=CARTESIAN_POINT('Ctrl Pts',(194.626318727005,-20.0007414550455,-0.387764585189558));
#13715=CARTESIAN_POINT('Ctrl Pts',(194.680306778491,-20.000720187657,-0.410220107747898));
#13716=CARTESIAN_POINT('Ctrl Pts',(194.733834433017,-20.000688431788,-0.433645548755818));
#13717=CARTESIAN_POINT('Ctrl Pts',(194.786886349786,-20.000642457766,-0.458050542601346));
#13718=CARTESIAN_POINT('Ctrl Pts',(194.879662806273,-20.0005620590338,-0.500729657466131));
#13719=CARTESIAN_POINT('Ctrl Pts',(194.970983925922,-20.0004389440617,-0.546401016368014));
#13720=CARTESIAN_POINT('Ctrl Pts',(195.06074176656,-20.0003110423436,-0.594858743612217));
#13721=CARTESIAN_POINT('Ctrl Pts',(195.153103295029,-20.0001794304633,-0.644722128500104));
#13722=CARTESIAN_POINT('Ctrl Pts',(195.243810130467,-20.0000428440786,-0.697536100256654));
#13723=CARTESIAN_POINT('Ctrl Pts',(195.332748689357,-19.9999301610645,-0.75313016592673));
#13724=CARTESIAN_POINT('Ctrl Pts',(195.424450378795,-19.9998139772305,-0.810451420153416));
#13725=CARTESIAN_POINT('Ctrl Pts',(195.514272930586,-19.9997233274627,-0.870728424110522));
#13726=CARTESIAN_POINT('Ctrl Pts',(195.602085873976,-19.9996751383253,-0.933827236218932));
#13727=CARTESIAN_POINT('Ctrl Pts',(195.690448041467,-19.99962664779,-0.997320698444079));
#13728=CARTESIAN_POINT('Ctrl Pts',(195.776776129497,-19.9996212288597,-1.06367181003095));
#13729=CARTESIAN_POINT('Ctrl Pts',(195.86092012222,-19.9996600033272,-1.13279151622422));
#13730=CARTESIAN_POINT('Ctrl Pts',(195.94423495695,-19.9996983957097,-1.20123011429474));
#13731=CARTESIAN_POINT('Ctrl Pts',(196.025409203801,-19.9997801586093,-1.27238351215966));
#13732=CARTESIAN_POINT('Ctrl Pts',(196.104270031513,-19.9998897792866,-1.34620446199496));
#13733=CARTESIAN_POINT('Ctrl Pts',(196.144895474322,-19.9999462507779,-1.3842335933476));
#13734=CARTESIAN_POINT('Ctrl Pts',(196.184906468712,-20.0000098405022,-1.42297124174041));
#13735=CARTESIAN_POINT('Ctrl Pts',(196.224275623721,-20.0000766164132,-1.46241443012263));
#13736=CARTESIAN_POINT('Ctrl Pts',(196.300595561627,-20.0002060663184,-1.53887788704524));
#13737=CARTESIAN_POINT('Ctrl Pts',(196.374171772888,-20.0003479716023,-1.61765649027807));
#13738=CARTESIAN_POINT('Ctrl Pts',(196.444846034916,-20.0004619277109,-1.69868956669126));
#13739=CARTESIAN_POINT('Ctrl Pts',(196.497174156693,-20.0005463022619,-1.75868748628442));
#13740=CARTESIAN_POINT('Ctrl Pts',(196.547910869781,-20.0006150191653,-1.81992214698052));
#13741=CARTESIAN_POINT('Ctrl Pts',(196.596978624315,-20.000645539034,-1.88238015079891));
#13742=CARTESIAN_POINT('Ctrl Pts',(196.664203345939,-20.0006873524347,-1.96795003186946));
#13743=CARTESIAN_POINT('Ctrl Pts',(196.728297293891,-20.0006580572361,-2.0558156569671));
#13744=CARTESIAN_POINT('Ctrl Pts',(196.789330917012,-20.0006017509842,-2.14580420935005));
#13745=CARTESIAN_POINT('Ctrl Pts',(196.850715273272,-20.0005451211653,-2.23630988599643));
#13746=CARTESIAN_POINT('Ctrl Pts',(196.909004175495,-20.000460999942,-2.32896377965794));
#13747=CARTESIAN_POINT('Ctrl Pts',(196.964220709041,-20.0003784333076,-2.42360475677216));
#13748=CARTESIAN_POINT('Ctrl Pts',(197.018938667448,-20.0002966122049,-2.51739117755673));
#13749=CARTESIAN_POINT('Ctrl Pts',(197.070639550513,-20.0002161235261,-2.61312979632312));
#13750=CARTESIAN_POINT('Ctrl Pts',(197.119296902947,-20.0001525115106,-2.7106657722426));
#13751=CARTESIAN_POINT('Ctrl Pts',(197.167954255381,-20.0000888994952,-2.80820174816208));
#13752=CARTESIAN_POINT('Ctrl Pts',(197.213568250146,-20.0000419913497,-2.90753594537001));
#13753=CARTESIAN_POINT('Ctrl Pts',(197.256061437014,-20.0000172589246,-3.00850281765247));
#13754=CARTESIAN_POINT('Ctrl Pts',(197.29694043907,-19.9999934660078,-3.10563427057205));
#13755=CARTESIAN_POINT('Ctrl Pts',(197.334770279623,-19.9999897589688,-3.20389356230274));
#13756=CARTESIAN_POINT('Ctrl Pts',(197.369516002067,-20.0000017537696,-3.30311635116996));
#13757=CARTESIAN_POINT('Ctrl Pts',(197.40353617301,-20.0000134980979,-3.40026719453225));
#13758=CARTESIAN_POINT('Ctrl Pts',(197.434599654544,-20.000040108338,-3.49834243414525));
#13759=CARTESIAN_POINT('Ctrl Pts',(197.462627380954,-20.0000698970848,-3.59717184575214));
#13760=CARTESIAN_POINT('Ctrl Pts',(197.489645294834,-20.0000986125712,-3.69244052693904));
#13761=CARTESIAN_POINT('Ctrl Pts',(197.513842145614,-20.0001301136334,-3.7884105689069));
#13762=CARTESIAN_POINT('Ctrl Pts',(197.535104920297,-20.0001493988256,-3.88490543178069));
#13763=CARTESIAN_POINT('Ctrl Pts',(197.538843126099,-20.0001527893529,-3.90187018175447));
#13764=CARTESIAN_POINT('Ctrl Pts',(197.542490535642,-20.0001557941694,-3.91885107942356));
#13765=CARTESIAN_POINT('Ctrl Pts',(197.546046397133,-20.0001583224497,-3.93584706500394));
#13766=CARTESIAN_POINT('Ctrl Pts',(197.569302411661,-20.0001748578867,-4.04700406271005));
#13767=CARTESIAN_POINT('Ctrl Pts',(197.588645024901,-20.000170824378,-4.15880965894374));
#13768=CARTESIAN_POINT('Ctrl Pts',(197.604222288167,-20.0001535411579,-4.2711948335363));
#13769=CARTESIAN_POINT('Ctrl Pts',(197.619465744196,-20.0001366283022,-4.38117169134988));
#13770=CARTESIAN_POINT('Ctrl Pts',(197.63110260617,-20.0001066620197,-4.4917041245405));
#13771=CARTESIAN_POINT('Ctrl Pts',(197.639249381495,-20.0000758340768,-4.60268389486641));
#13772=CARTESIAN_POINT('Ctrl Pts',(197.647001967772,-20.0000464977717,-4.70829380921695));
#13773=CARTESIAN_POINT('Ctrl Pts',(197.651593237644,-20.000016110365,-4.81430910087787));
#13774=CARTESIAN_POINT('Ctrl Pts',(197.653115419681,-20.0000045373339,-4.92059088650714));
#13775=CARTESIAN_POINT('Ctrl Pts',(197.653494301976,-20.0000016567215,-4.94704520394045));
#13776=CARTESIAN_POINT('Ctrl Pts',(197.653683030073,-20.,-4.97351578971112));
#13777=CARTESIAN_POINT('Ctrl Pts',(197.653683030073,-20.,-5.));
#13778=CARTESIAN_POINT('',(171.653683030073,-20.0000000000001,-98.95));
#13779=CARTESIAN_POINT('Origin',(171.653683030073,-20.0000000000001,-97.1));
#13780=CARTESIAN_POINT('',(50.0002740218441,-19.9999999999998,-166.85));
#13781=CARTESIAN_POINT('Origin',(50.0002740218441,-19.9999999999998,-165.));
#13782=CARTESIAN_POINT('',(157.653683030073,-20.,-166.85));
#13783=CARTESIAN_POINT('Origin',(157.653683030073,-20.,-165.));
#13784=CARTESIAN_POINT('',(26.0002740218441,-19.9999999999999,-100.85));
#13785=CARTESIAN_POINT('Origin',(26.0002740218441,-19.9999999999999,-98.9999999999999));
#13786=CARTESIAN_POINT('Ctrl Pts',(192.653683030073,-20.,0.));
#13787=CARTESIAN_POINT('Ctrl Pts',(194.320349696739,-13.3333333333333,0.));
#13788=CARTESIAN_POINT('Ctrl Pts',(195.987016363406,-6.66666666666667,0.));
#13789=CARTESIAN_POINT('Ctrl Pts',(197.653683030073,0.,0.));
#13790=CARTESIAN_POINT('Ctrl Pts',(193.307010973473,-20.16333198585,5.65764985807098E-15));
#13791=CARTESIAN_POINT('Ctrl Pts',(194.757475862309,-13.4427168861322,0.000408045625696715));
#13792=CARTESIAN_POINT('Ctrl Pts',(196.203218141236,-6.7206150997178,-0.000408045625691869));
#13793=CARTESIAN_POINT('Ctrl Pts',(197.653683030073,0.,0.));
#13794=CARTESIAN_POINT('Ctrl Pts',(194.765992983906,-20.4578971933329,-0.280721180501341));
#13795=CARTESIAN_POINT('Ctrl Pts',(195.728466525425,-13.6384707497515,-0.187567163012464));
#13796=CARTESIAN_POINT('Ctrl Pts',(196.691209488554,-6.81942644358134,-0.0931540174888764));
#13797=CARTESIAN_POINT('Ctrl Pts',(197.653683030073,0.,0.));
#13798=CARTESIAN_POINT('Ctrl Pts',(196.734397048356,-20.5649579462371,-1.82088223333514));
#13799=CARTESIAN_POINT('Ctrl Pts',(197.041738701611,-13.7101411654243,-1.21415767650727));
#13800=CARTESIAN_POINT('Ctrl Pts',(197.346341376819,-6.85481678081282,-0.606724556827875));
#13801=CARTESIAN_POINT('Ctrl Pts',(197.653683030073,0.,0.));
#13802=CARTESIAN_POINT('Ctrl Pts',(197.556355040489,-20.3143270521659,-3.64536380175243));
#13803=CARTESIAN_POINT('Ctrl Pts',(197.588402340905,-13.542889248227,-2.42982898459117));
#13804=CARTESIAN_POINT('Ctrl Pts',(197.621635729656,-6.77143780393888,-1.21553481716126));
#13805=CARTESIAN_POINT('Ctrl Pts',(197.653683030073,0.,0.));
#13806=CARTESIAN_POINT('Ctrl Pts',(197.653683030073,-20.081665992925,-4.67333602829998));
#13807=CARTESIAN_POINT('Ctrl Pts',(197.654489770007,-13.387814127207,-3.116216897773));
#13808=CARTESIAN_POINT('Ctrl Pts',(197.652876290138,-6.69385186571798,-1.55711913052698));
#13809=CARTESIAN_POINT('Ctrl Pts',(197.653683030073,0.,0.));
#13810=CARTESIAN_POINT('Ctrl Pts',(197.653683030073,-20.,-5.));
#13811=CARTESIAN_POINT('Ctrl Pts',(197.653683030073,-13.3333333333333,-3.33333333333333));
#13812=CARTESIAN_POINT('Ctrl Pts',(197.653683030073,-6.66666666666667,-1.66666666666667));
#13813=CARTESIAN_POINT('Ctrl Pts',(197.653683030073,0.,0.));
#13814=CARTESIAN_POINT('Ctrl Pts',(197.653683030073,-20.,-5.));
#13815=CARTESIAN_POINT('Ctrl Pts',(197.653683030073,-13.3333333333333,-3.33333333333333));
#13816=CARTESIAN_POINT('Ctrl Pts',(197.653683030073,-6.66666666666667,-1.66666666666667));
#13817=CARTESIAN_POINT('Ctrl Pts',(197.653683030073,0.,0.));
#13818=CARTESIAN_POINT('Origin',(197.653683030073,0.,-62.0999999999999));
#13819=CARTESIAN_POINT('',(197.653683030073,26.4946007960066,-180.));
#13820=CARTESIAN_POINT('Ctrl Pts',(197.653683030073,26.4946007960066,-180.));
#13821=CARTESIAN_POINT('Ctrl Pts',(197.653683030073,10.9964005306711,-178.333333333333));
#13822=CARTESIAN_POINT('Ctrl Pts',(197.653683030073,-4.50179973466446,-176.666666666667));
#13823=CARTESIAN_POINT('Ctrl Pts',(197.653683030073,-20.,-175.));
#13824=CARTESIAN_POINT('',(197.653683030073,100.,-82.1));
#13825=CARTESIAN_POINT('',(197.653683030073,86.776246079366,-99.7123866117271));
#13826=CARTESIAN_POINT('',(197.653683030073,103.75,-82.1));
#13827=CARTESIAN_POINT('',(197.653683030073,99.9999999999998,-82.1));
#13828=CARTESIAN_POINT('',(197.653683030073,103.75,-62.1));
#13829=CARTESIAN_POINT('',(197.653683030073,103.75,-82.1));
#13830=CARTESIAN_POINT('',(197.653683030073,17.1435322651631,-62.1000000000001));
#13831=CARTESIAN_POINT('',(197.653683030073,0.,-62.0999999999999));
#13832=CARTESIAN_POINT('',(197.653683030073,17.1435322651631,-47.3000000000001));
#13833=CARTESIAN_POINT('',(197.653683030073,17.1435322651631,-62.1000000000001));
#13834=CARTESIAN_POINT('',(197.653683030073,-4.70000000000016,-47.2999999999999));
#13835=CARTESIAN_POINT('',(197.653683030073,-4.50000000000018,-47.3));
#13836=CARTESIAN_POINT('',(197.653683030073,-4.7000000000002,-11.8999999999998));
#13837=CARTESIAN_POINT('',(197.653683030073,-4.70000000000016,-54.6999999999999));
#13838=CARTESIAN_POINT('',(197.653683030073,-8.88178419700125E-15,-11.8999999999998));
#13839=CARTESIAN_POINT('',(197.653683030073,-2.35000000000012,-11.8999999999998));
#13840=CARTESIAN_POINT('',(197.653683030073,0.,-76.05));
#13841=CARTESIAN_POINT('',(197.653683030073,30.2487069862004,-163.672499044671));
#13842=CARTESIAN_POINT('Origin',(197.653683030073,30.2487069862004,-166.672499044671));
#13843=CARTESIAN_POINT('',(197.653683030073,60.8701384778201,-122.888581461829));
#13844=CARTESIAN_POINT('Origin',(197.653683030073,60.8701384778201,-125.888581461829));
#13845=CARTESIAN_POINT('',(197.653683030073,88.944173620344,-85.4974772678967));
#13846=CARTESIAN_POINT('Origin',(197.653683030073,88.944173620344,-88.4974772678967));
#13847=CARTESIAN_POINT('Ctrl Pts',(197.653683030073,26.4946007960066,-180.));
#13848=CARTESIAN_POINT('Ctrl Pts',(195.987016363406,10.9964005306711,-180.));
#13849=CARTESIAN_POINT('Ctrl Pts',(194.320349696739,-4.50179973466446,-180.));
#13850=CARTESIAN_POINT('Ctrl Pts',(192.653683030073,-20.,-180.));
#13851=CARTESIAN_POINT('Ctrl Pts',(197.653683030073,26.4946007960066,-180.));
#13852=CARTESIAN_POINT('Ctrl Pts',(196.208446787783,10.9725796582828,-180.000077966085));
#13853=CARTESIAN_POINT('Ctrl Pts',(194.768493712601,-4.54998447462406,-179.999922033915));
#13854=CARTESIAN_POINT('Ctrl Pts',(193.32325747031,-20.0720056123479,-180.));
#13855=CARTESIAN_POINT('Ctrl Pts',(197.653683030073,26.4946007960066,-180.));
#13856=CARTESIAN_POINT('Ctrl Pts',(196.701777514103,10.9296234883047,-179.906193234736));
#13857=CARTESIAN_POINT('Ctrl Pts',(195.749364036383,-4.63524481519553,-179.811880809853));
#13858=CARTESIAN_POINT('Ctrl Pts',(194.797458520413,-20.2002221228975,-179.718074044589));
#13859=CARTESIAN_POINT('Ctrl Pts',(197.653683030073,26.4946007960066,-180.));
#13860=CARTESIAN_POINT('Ctrl Pts',(197.240752609688,10.9169140949248,-179.485401773462));
#13861=CARTESIAN_POINT('Ctrl Pts',(196.82707763033,-4.66062650934256,-178.970189563284));
#13862=CARTESIAN_POINT('Ctrl Pts',(196.414147209946,-20.2383132104244,-178.455591336746));
#13863=CARTESIAN_POINT('Ctrl Pts',(197.653683030073,26.4946007960066,-180.));
#13864=CARTESIAN_POINT('Ctrl Pts',(197.581427571817,10.9407574981748,-178.923008908189));
#13865=CARTESIAN_POINT('Ctrl Pts',(197.509911447825,-4.61329333638855,-177.847208349608));
#13866=CARTESIAN_POINT('Ctrl Pts',(197.437655989569,-20.1671366342204,-176.770217257797));
#13867=CARTESIAN_POINT('Ctrl Pts',(197.653683030073,26.4946007960066,-180.));
#13868=CARTESIAN_POINT('Ctrl Pts',(197.655385728559,10.9722488207838,-178.556215456797));
#13869=CARTESIAN_POINT('Ctrl Pts',(197.651980331586,-4.54965363712506,-177.11335898344));
#13870=CARTESIAN_POINT('Ctrl Pts',(197.653683030073,-20.0720056123479,-175.669574440238));
#13871=CARTESIAN_POINT('Ctrl Pts',(197.653683030073,26.4946007960066,-180.));
#13872=CARTESIAN_POINT('Ctrl Pts',(197.653683030073,10.9964005306711,-178.333333333333));
#13873=CARTESIAN_POINT('Ctrl Pts',(197.653683030073,-4.50179973466446,-176.666666666667));
#13874=CARTESIAN_POINT('Ctrl Pts',(197.653683030073,-20.,-175.));
#13875=CARTESIAN_POINT('Ctrl Pts',(192.653683030073,-20.,-180.));
#13876=CARTESIAN_POINT('Ctrl Pts',(194.320349696739,-4.50179973466446,-180.));
#13877=CARTESIAN_POINT('Ctrl Pts',(195.987016363406,10.9964005306711,-180.));
#13878=CARTESIAN_POINT('Ctrl Pts',(197.653683030073,26.4946007960066,-180.));
#13879=CARTESIAN_POINT('Origin',(0.,0.,-180.));
#13880=CARTESIAN_POINT('',(2.18440966390468E-8,26.4946007960066,-180.));
#13881=CARTESIAN_POINT('',(2.84921263355403,0.,-180.));
#13882=CARTESIAN_POINT('',(8.2002740218441,26.4946007960066,-180.));
#13883=CARTESIAN_POINT('',(0.000274021844096639,26.4946007960066,-180.));
#13884=CARTESIAN_POINT('',(8.2002740218441,2.5,-180.));
#13885=CARTESIAN_POINT('',(8.2002740218441,0.,-180.));
#13886=CARTESIAN_POINT('',(11.5733378226626,2.5,-180.));
#13887=CARTESIAN_POINT('',(0.466923217353255,2.5,-180.));
#13888=CARTESIAN_POINT('',(16.5733378226626,2.5,-180.));
#13889=CARTESIAN_POINT('Origin',(14.0733378226626,2.5,-180.));
#13890=CARTESIAN_POINT('',(19.9464016234811,2.5,-180.));
#13891=CARTESIAN_POINT('',(19.9464016234811,2.5,-180.));
#13892=CARTESIAN_POINT('',(19.9464016234811,26.4946007960066,-180.));
#13893=CARTESIAN_POINT('',(19.9464016234811,0.,-180.));
#13894=CARTESIAN_POINT('',(0.00013701092204832,26.4946007960066,-180.));
#13895=CARTESIAN_POINT('',(186.153683030073,4.,-180.));
#13896=CARTESIAN_POINT('Origin',(181.653683030073,4.,-180.));
#13897=CARTESIAN_POINT('Origin',(2.8170071928994,0.299475821339234,-177.182992807101));
#13898=CARTESIAN_POINT('',(0.,0.,-177.150787366446));
#13899=CARTESIAN_POINT('Origin',(0.,0.,0.));
#13900=CARTESIAN_POINT('',(0.,0.,-39.5));
#13901=CARTESIAN_POINT('',(0.,0.,-180.));
#13902=CARTESIAN_POINT('',(0.,-14.7,-39.5));
#13903=CARTESIAN_POINT('',(0.,0.,-39.5));
#13904=CARTESIAN_POINT('',(0.,-14.7,-91.6));
#13905=CARTESIAN_POINT('',(0.,-14.7,-19.75));
#13906=CARTESIAN_POINT('',(0.,20.1718761068828,-91.6));
#13907=CARTESIAN_POINT('',(0.,-7.35000000000003,-91.6));
#13908=CARTESIAN_POINT('',(0.,30.6,-80.0045488054145));
#13909=CARTESIAN_POINT('',(0.,38.4336908916627,-71.2939522169239));
#13910=CARTESIAN_POINT('',(0.,30.6,-62.1));
#13911=CARTESIAN_POINT('',(0.,30.6,-40.0022744027072));
#13912=CARTESIAN_POINT('',(2.18440571740877E-8,103.75,-62.1));
#13913=CARTESIAN_POINT('',(0.,24.4,-62.1));
#13914=CARTESIAN_POINT('',(2.18440505127496E-8,103.75,-82.1));
#13915=CARTESIAN_POINT('',(2.18440571740877E-8,103.75,-62.1));
#13916=CARTESIAN_POINT('',(2.18440966390468E-8,100.,-82.1));
#13917=CARTESIAN_POINT('',(2.18440455687877E-8,100.,-82.1));
#13918=CARTESIAN_POINT('',(2.18440955288238E-8,89.9379827807323,-95.5013486959307));
#13919=CARTESIAN_POINT('',(2.18440352054073E-8,88.9441736203441,-91.4974772678967));
#13920=CARTESIAN_POINT('Origin',(2.18440966390468E-8,88.9441736203441,-88.4974772678967));
#13921=CARTESIAN_POINT('',(2.18440962677075E-8,60.8701384778201,-128.888581461829));
#13922=CARTESIAN_POINT('Origin',(2.18440966390468E-8,60.8701384778201,-125.888581461829));
#13923=CARTESIAN_POINT('',(2.18441484481558E-8,36.2529092394591,-161.6756524598));
#13924=CARTESIAN_POINT('Origin',(2.18440344622545E-8,36.2529092394591,-158.6756524598));
#13925=CARTESIAN_POINT('Origin',(41.4912740218441,5.94882550335571,-68.55));
#13926=CARTESIAN_POINT('',(39.4912740218441,0.,-70.));
#13927=CARTESIAN_POINT('',(43.4912740218441,0.,-67.1));
#13928=CARTESIAN_POINT('',(58.847267787729,0.,-55.9669045197335));
#13929=CARTESIAN_POINT('',(39.4912740218441,24.2,-70.));
#13930=CARTESIAN_POINT('',(39.4912740218441,10.5488255033557,-70.));
#13931=CARTESIAN_POINT('',(43.4912740218441,28.2,-67.1));
#13932=CARTESIAN_POINT('',(37.6902496226074,22.3989756007634,-71.3057426894466));
#13933=CARTESIAN_POINT('',(43.4912740218441,5.94882550335571,-67.1));
#13934=CARTESIAN_POINT('Origin',(39.4912740218441,28.2,-67.1));
#13935=CARTESIAN_POINT('',(29.4912740218441,24.2,-70.));
#13936=CARTESIAN_POINT('',(29.4912740218441,24.2,-70.));
#13937=CARTESIAN_POINT('',(29.4912740218441,28.2,-67.1));
#13938=CARTESIAN_POINT('',(29.4912740218441,24.2,-70.));
#13939=CARTESIAN_POINT('',(116.072478525958,28.2,-67.1));
#13940=CARTESIAN_POINT('Origin',(39.4912740218441,17.3661646721432,-84.9683975607471));
#13941=CARTESIAN_POINT('',(39.4912740218441,17.3661646721432,-84.9683975607471));
#13942=CARTESIAN_POINT('',(39.4912740218441,-1.77635684105461E-15,-89.9999999999999));
#13943=CARTESIAN_POINT('',(39.4912740218441,17.3661646721432,-84.9683975607471));
#13944=CARTESIAN_POINT('',(29.4912740218441,-1.33226762955019E-14,-89.9999999999999));
#13945=CARTESIAN_POINT('',(74.7456370109221,-1.11022302462516E-15,-89.9999999999999));
#13946=CARTESIAN_POINT('',(29.4912740218441,17.3661646721432,-84.9683975607471));
#13947=CARTESIAN_POINT('',(29.4912740218441,17.3661646721432,-84.9683975607471));
#13948=CARTESIAN_POINT('',(29.4912740218441,17.3661646721432,-84.9683975607471));
#13949=CARTESIAN_POINT('Origin',(110.,0.,-90.));
#13950=CARTESIAN_POINT('',(181.054098106492,0.,-67.0999999999999));
#13951=CARTESIAN_POINT('',(151.326841515036,0.,-67.0999999999999));
#13952=CARTESIAN_POINT('',(181.054098106492,0.,-67.3));
#13953=CARTESIAN_POINT('',(181.054098106492,2.22044604925031E-15,-68.65));
#13954=CARTESIAN_POINT('',(179.653683030073,0.,-71.5426406871194));
#13955=CARTESIAN_POINT('Ctrl Pts',(181.054098106492,0.,-67.3));
#13956=CARTESIAN_POINT('Ctrl Pts',(181.054098106492,0.,-68.9499158227686));
#13957=CARTESIAN_POINT('Ctrl Pts',(179.653683030073,0.,-71.5426406871194));
#13958=CARTESIAN_POINT('',(179.653683030073,0.,-78.5583302491978));
#13959=CARTESIAN_POINT('',(179.653683030073,0.,-68.65));
#13960=CARTESIAN_POINT('',(181.754305644702,0.,-82.0224318643356));
#13961=CARTESIAN_POINT('',(173.397079044567,0.,-68.2406692754803));
#13962=CARTESIAN_POINT('',(189.553060415444,0.,-82.0224318643356));
#13963=CARTESIAN_POINT('',(149.776530207722,-1.73472347597681E-17,-82.0224318643356));
#13964=CARTESIAN_POINT('',(191.653683030073,0.,-78.5583302491978));
#13965=CARTESIAN_POINT('',(178.42873726293,-1.11022302462516E-15,-100.367367090477));
#13966=CARTESIAN_POINT('',(191.653683030073,0.,-71.5426406871195));
#13967=CARTESIAN_POINT('',(191.653683030073,0.,-68.65));
#13968=CARTESIAN_POINT('',(190.253267953653,0.,-67.3));
#13969=CARTESIAN_POINT('Ctrl Pts',(191.653683030073,2.77555756156289E-16,
-71.5426406871195));
#13970=CARTESIAN_POINT('Ctrl Pts',(190.253267953653,-3.80425062677268E-47,
-68.9499158227687));
#13971=CARTESIAN_POINT('Ctrl Pts',(190.253267953653,0.,-67.3));
#13972=CARTESIAN_POINT('',(190.253267953653,0.,-67.0999999999999));
#13973=CARTESIAN_POINT('',(190.253267953653,0.,-68.65));
#13974=CARTESIAN_POINT('',(192.653683030073,0.,-67.0999999999999));
#13975=CARTESIAN_POINT('',(151.326841515036,0.,-67.0999999999999));
#13976=CARTESIAN_POINT('',(192.653683030073,0.,-91.));
#13977=CARTESIAN_POINT('',(192.653683030073,0.,-90.5));
#13978=CARTESIAN_POINT('',(186.653683030073,0.,-91.));
#13979=CARTESIAN_POINT('',(148.326841515036,0.,-91.));
#13980=CARTESIAN_POINT('',(186.653683030073,0.,-99.));
#13981=CARTESIAN_POINT('',(186.653683030073,0.,-94.5));
#13982=CARTESIAN_POINT('',(192.653683030073,0.,-99.));
#13983=CARTESIAN_POINT('',(151.326841515036,0.,-99.));
#13984=CARTESIAN_POINT('',(192.653683030073,0.,-111.));
#13985=CARTESIAN_POINT('',(192.653683030073,0.,-100.5));
#13986=CARTESIAN_POINT('',(186.653683030073,0.,-111.));
#13987=CARTESIAN_POINT('',(148.326841515036,0.,-111.));
#13988=CARTESIAN_POINT('',(186.653683030073,0.,-119.));
#13989=CARTESIAN_POINT('',(186.653683030073,0.,-104.5));
#13990=CARTESIAN_POINT('',(192.653683030073,0.,-119.));
#13991=CARTESIAN_POINT('',(151.326841515036,0.,-119.));
#13992=CARTESIAN_POINT('',(192.653683030073,0.,-140.));
#13993=CARTESIAN_POINT('',(192.653683030073,0.,-132.5));
#13994=CARTESIAN_POINT('',(172.653683030073,0.,-140.));
#13995=CARTESIAN_POINT('',(141.326841515036,0.,-140.));
#13996=CARTESIAN_POINT('',(172.653683030073,0.,-175.));
#13997=CARTESIAN_POINT('',(172.653683030073,0.,-132.5));
#13998=CARTESIAN_POINT('',(40.0002740218441,0.,-175.));
#13999=CARTESIAN_POINT('',(57.5001370109221,0.,-175.));
#14000=CARTESIAN_POINT('',(25.0002740218441,0.,-169.));
#14001=CARTESIAN_POINT('',(48.0173972882906,0.,-178.206849306579));
#14002=CARTESIAN_POINT('',(14.0733378226626,0.,-169.));
#14003=CARTESIAN_POINT('',(57.5001370109221,0.,-169.));
#14004=CARTESIAN_POINT('',(5.00027402184411,0.,-169.));
#14005=CARTESIAN_POINT('',(57.5001370109221,0.,-169.));
#14006=CARTESIAN_POINT('',(5.0002740218441,0.,-100.));
#14007=CARTESIAN_POINT('',(5.0002740218441,0.,-87.7));
#14008=CARTESIAN_POINT('',(8.7902740218441,0.,-96.));
#14009=CARTESIAN_POINT('',(33.2798300340892,0.,-70.153502889451));
#14010=CARTESIAN_POINT('',(8.791,0.,-96.));
#14011=CARTESIAN_POINT('',(55.,0.,-96.));
#14012=CARTESIAN_POINT('',(8.791,0.,-85.4));
#14013=CARTESIAN_POINT('',(8.79099999999999,0.,-78.425));
#14014=CARTESIAN_POINT('',(29.4912740218441,0.,-85.4));
#14015=CARTESIAN_POINT('',(8.7912740218441,0.,-85.4));
#14016=CARTESIAN_POINT('',(29.4912740218441,0.,-88.7420993901868));
#14017=CARTESIAN_POINT('',(39.4912740218441,0.,-78.));
#14018=CARTESIAN_POINT('',(39.4912740218441,0.,-88.7420993901868));
#14019=CARTESIAN_POINT('',(39.4912740218441,-2.22044604925031E-15,-80.5));
#14020=CARTESIAN_POINT('',(98.25,0.,-145.));
#14021=CARTESIAN_POINT('Origin',(93.,0.,-145.));
#14022=CARTESIAN_POINT('',(98.25,0.,-115.));
#14023=CARTESIAN_POINT('Origin',(93.,0.,-115.));
#14024=CARTESIAN_POINT('',(9.20000000000002,0.,-163.5));
#14025=CARTESIAN_POINT('',(6.00000000000001,0.,-163.5));
#14026=CARTESIAN_POINT('',(59.,0.,-163.5));
#14027=CARTESIAN_POINT('',(6.00000000000001,0.,-167.));
#14028=CARTESIAN_POINT('',(6.00000000000001,0.,-126.75));
#14029=CARTESIAN_POINT('',(9.20000000000002,0.,-167.));
#14030=CARTESIAN_POINT('',(58.,0.,-167.));
#14031=CARTESIAN_POINT('',(9.20000000000002,0.,-128.5));
#14032=CARTESIAN_POINT('',(19.3,0.,-167.));
#14033=CARTESIAN_POINT('',(22.5,-1.55431223447522E-14,-167.));
#14034=CARTESIAN_POINT('',(58.,0.,-167.));
#14035=CARTESIAN_POINT('',(22.5,-1.55431223447522E-14,-163.5));
#14036=CARTESIAN_POINT('',(22.5,0.,-126.75));
#14037=CARTESIAN_POINT('',(19.3,0.,-163.5));
#14038=CARTESIAN_POINT('',(59.,0.,-163.5));
#14039=CARTESIAN_POINT('',(19.3,0.,-128.5));
#14040=CARTESIAN_POINT('',(157.,0.,-117.));
#14041=CARTESIAN_POINT('',(113.,0.,-117.));
#14042=CARTESIAN_POINT('',(129.5,0.,-117.));
#14043=CARTESIAN_POINT('',(113.,0.,-129.));
#14044=CARTESIAN_POINT('',(113.,0.,-103.5));
#14045=CARTESIAN_POINT('',(157.,0.,-129.));
#14046=CARTESIAN_POINT('',(111.5,0.,-129.));
#14047=CARTESIAN_POINT('',(157.,0.,-109.5));
#14048=CARTESIAN_POINT('',(68.5,0.,-75.2));
#14049=CARTESIAN_POINT('',(68.5,-2.20742643975141E-13,-72.));
#14050=CARTESIAN_POINT('',(68.5,0.,-96.5));
#14051=CARTESIAN_POINT('',(65.,-2.21171270354843E-13,-72.));
#14052=CARTESIAN_POINT('',(89.25,0.,-72.));
#14053=CARTESIAN_POINT('',(65.,0.,-75.2));
#14054=CARTESIAN_POINT('',(65.,0.,-97.5));
#14055=CARTESIAN_POINT('',(87.5,0.,-75.2));
#14056=CARTESIAN_POINT('',(87.,0.,-75.2));
#14057=CARTESIAN_POINT('',(87.,-2.19824158875781E-13,-72.));
#14058=CARTESIAN_POINT('',(87.,0.,-97.5));
#14059=CARTESIAN_POINT('',(83.5,-2.19824158875781E-13,-72.));
#14060=CARTESIAN_POINT('',(96.75,0.,-72.));
#14061=CARTESIAN_POINT('',(83.5,0.,-75.2));
#14062=CARTESIAN_POINT('',(83.5,0.,-96.5));
#14063=CARTESIAN_POINT('',(98.5,0.,-75.2));
#14064=CARTESIAN_POINT('',(65.,0.,-101.8));
#14065=CARTESIAN_POINT('',(65.,-1.34711147906209E-15,-105.));
#14066=CARTESIAN_POINT('',(65.,0.,-97.5));
#14067=CARTESIAN_POINT('',(68.5,-9.18485099360516E-16,-105.));
#14068=CARTESIAN_POINT('',(89.25,0.,-105.));
#14069=CARTESIAN_POINT('',(68.5,0.,-101.8));
#14070=CARTESIAN_POINT('',(68.5,0.,-96.5));
#14071=CARTESIAN_POINT('',(87.5,0.,-101.8));
#14072=CARTESIAN_POINT('',(83.5,0.,-101.8));
#14073=CARTESIAN_POINT('',(83.5,0.,-105.));
#14074=CARTESIAN_POINT('',(83.5,0.,-96.5));
#14075=CARTESIAN_POINT('',(87.,0.,-105.));
#14076=CARTESIAN_POINT('',(96.75,0.,-105.));
#14077=CARTESIAN_POINT('',(87.,0.,-101.8));
#14078=CARTESIAN_POINT('',(87.,0.,-97.5));
#14079=CARTESIAN_POINT('',(98.5,0.,-101.8));
#14080=CARTESIAN_POINT('',(128.750000000001,0.,-129.3));
#14081=CARTESIAN_POINT('',(128.75,0.,-132.5));
#14082=CARTESIAN_POINT('',(128.750000000001,0.,-110.25));
#14083=CARTESIAN_POINT('',(132.25,0.,-132.5));
#14084=CARTESIAN_POINT('',(119.375,0.,-132.5));
#14085=CARTESIAN_POINT('',(132.25,0.,-129.3));
#14086=CARTESIAN_POINT('',(132.25,0.,-111.25));
#14087=CARTESIAN_POINT('',(121.125,0.,-129.3));
#14088=CARTESIAN_POINT('',(141.45,0.,-136.2));
#14089=CARTESIAN_POINT('',(141.45,1.52655665885959E-14,-133.));
#14090=CARTESIAN_POINT('',(141.45,0.,-121.2750000149));
#14091=CARTESIAN_POINT('',(137.95,1.52655665885959E-14,-133.));
#14092=CARTESIAN_POINT('',(123.975,0.,-133.));
#14093=CARTESIAN_POINT('',(137.95,0.,-136.2));
#14094=CARTESIAN_POINT('',(137.95,0.,-120.2750000149));
#14095=CARTESIAN_POINT('',(125.725,0.,-136.2));
#14096=CARTESIAN_POINT('',(123.55,0.,-136.2));
#14097=CARTESIAN_POINT('',(123.55,1.43838208932098E-14,-133.));
#14098=CARTESIAN_POINT('',(123.55,0.,-120.2750000149));
#14099=CARTESIAN_POINT('',(120.05,1.39551945135082E-14,-133.));
#14100=CARTESIAN_POINT('',(116.775,0.,-133.));
#14101=CARTESIAN_POINT('',(120.05,0.,-136.2));
#14102=CARTESIAN_POINT('',(120.05,0.,-121.2750000149));
#14103=CARTESIAN_POINT('',(115.025,0.,-136.2));
#14104=CARTESIAN_POINT('',(120.05,0.,-149.3500000298));
#14105=CARTESIAN_POINT('',(120.05,-1.31037207508767E-15,-152.5500000298));
#14106=CARTESIAN_POINT('',(120.05,0.,-121.2750000149));
#14107=CARTESIAN_POINT('',(123.55,-8.81745695386094E-16,-152.5500000298));
#14108=CARTESIAN_POINT('',(116.775,0.,-152.5500000298));
#14109=CARTESIAN_POINT('',(123.55,0.,-149.3500000298));
#14110=CARTESIAN_POINT('',(123.55,0.,-120.2750000149));
#14111=CARTESIAN_POINT('',(115.025,0.,-149.3500000298));
#14112=CARTESIAN_POINT('',(137.95,0.,-149.3500000298));
#14113=CARTESIAN_POINT('',(137.95,0.,-152.5500000298));
#14114=CARTESIAN_POINT('',(137.95,0.,-120.2750000149));
#14115=CARTESIAN_POINT('',(141.45,0.,-152.5500000298));
#14116=CARTESIAN_POINT('',(123.975,0.,-152.5500000298));
#14117=CARTESIAN_POINT('',(141.45,0.,-149.3500000298));
#14118=CARTESIAN_POINT('',(141.45,0.,-121.2750000149));
#14119=CARTESIAN_POINT('',(125.725,0.,-149.3500000298));
#14120=CARTESIAN_POINT('',(105.,0.,-77.));
#14121=CARTESIAN_POINT('',(47.,0.,-77.));
#14122=CARTESIAN_POINT('',(107.5,0.,-77.));
#14123=CARTESIAN_POINT('',(47.,0.,-100.));
#14124=CARTESIAN_POINT('',(47.,0.,-83.5));
#14125=CARTESIAN_POINT('',(105.,0.,-100.));
#14126=CARTESIAN_POINT('',(78.5,0.,-100.));
#14127=CARTESIAN_POINT('',(105.,0.,-95.));
#14128=CARTESIAN_POINT('',(9.20000000000001,0.,-148.25));
#14129=CARTESIAN_POINT('',(6.00000000000001,0.,-148.25));
#14130=CARTESIAN_POINT('',(58.,0.,-148.25));
#14131=CARTESIAN_POINT('',(6.00000000000001,0.,-151.75));
#14132=CARTESIAN_POINT('',(6.00000000000001,0.,-120.875));
#14133=CARTESIAN_POINT('',(9.20000000000001,0.,-151.75));
#14134=CARTESIAN_POINT('',(59.,0.,-151.75));
#14135=CARTESIAN_POINT('',(9.20000000000001,0.,-119.125));
#14136=CARTESIAN_POINT('',(19.3,0.,-151.75));
#14137=CARTESIAN_POINT('',(22.5,1.38777878078145E-15,-151.75));
#14138=CARTESIAN_POINT('',(59.,0.,-151.75));
#14139=CARTESIAN_POINT('',(22.5,1.38777878078145E-15,-148.25));
#14140=CARTESIAN_POINT('',(22.5,0.,-120.875));
#14141=CARTESIAN_POINT('',(19.3,0.,-148.25));
#14142=CARTESIAN_POINT('',(58.,0.,-148.25));
#14143=CARTESIAN_POINT('',(19.3,0.,-119.125));
#14144=CARTESIAN_POINT('',(19.3,0.,-111.75));
#14145=CARTESIAN_POINT('',(22.5,1.38777878078145E-15,-111.75));
#14146=CARTESIAN_POINT('',(58.,0.,-111.75));
#14147=CARTESIAN_POINT('',(22.5,1.38777878078145E-15,-108.25));
#14148=CARTESIAN_POINT('',(22.5,0.,-99.125));
#14149=CARTESIAN_POINT('',(19.3,0.,-108.25));
#14150=CARTESIAN_POINT('',(59.,0.,-108.25));
#14151=CARTESIAN_POINT('',(19.3,0.,-100.875));
#14152=CARTESIAN_POINT('',(9.20000000000001,0.,-108.25));
#14153=CARTESIAN_POINT('',(6.00000000000001,0.,-108.25));
#14154=CARTESIAN_POINT('',(59.,0.,-108.25));
#14155=CARTESIAN_POINT('',(6.00000000000001,0.,-111.75));
#14156=CARTESIAN_POINT('',(6.00000000000001,0.,-99.125));
#14157=CARTESIAN_POINT('',(9.20000000000001,0.,-111.75));
#14158=CARTESIAN_POINT('',(58.,0.,-111.75));
#14159=CARTESIAN_POINT('',(9.20000000000001,0.,-100.875));
#14160=CARTESIAN_POINT('',(22.,0.,-140.8));
#14161=CARTESIAN_POINT('',(22.,3.33066907387547E-15,-144.));
#14162=CARTESIAN_POINT('',(22.,0.,-103.));
#14163=CARTESIAN_POINT('',(25.5,3.33066907387547E-15,-144.));
#14164=CARTESIAN_POINT('',(67.75,0.,-144.));
#14165=CARTESIAN_POINT('',(25.5,0.,-140.8));
#14166=CARTESIAN_POINT('',(25.5,0.,-104.));
#14167=CARTESIAN_POINT('',(66.,0.,-140.8));
#14168=CARTESIAN_POINT('',(25.5,0.,-119.2));
#14169=CARTESIAN_POINT('',(25.5,0.,-116.));
#14170=CARTESIAN_POINT('',(25.5,0.,-104.));
#14171=CARTESIAN_POINT('',(22.,0.,-116.));
#14172=CARTESIAN_POINT('',(67.75,0.,-116.));
#14173=CARTESIAN_POINT('',(22.,0.,-119.2));
#14174=CARTESIAN_POINT('',(22.,0.,-103.));
#14175=CARTESIAN_POINT('',(66.,0.,-119.2));
#14176=CARTESIAN_POINT('',(148.5000000149,0.,-137.));
#14177=CARTESIAN_POINT('',(108.9999999851,0.,-137.));
#14178=CARTESIAN_POINT('',(129.25000000745,0.,-137.));
#14179=CARTESIAN_POINT('',(108.9999999851,0.,-148.5500000298));
#14180=CARTESIAN_POINT('',(108.9999999851,0.,-113.5));
#14181=CARTESIAN_POINT('',(148.5000000149,0.,-148.5500000298));
#14182=CARTESIAN_POINT('',(109.49999999255,0.,-148.5500000298));
#14183=CARTESIAN_POINT('',(148.5000000149,0.,-119.2750000149));
#14184=CARTESIAN_POINT('',(29.,0.,-150.));
#14185=CARTESIAN_POINT('',(41.,0.,-150.));
#14186=CARTESIAN_POINT('',(69.5,0.,-150.));
#14187=CARTESIAN_POINT('',(41.,0.,-110.));
#14188=CARTESIAN_POINT('',(41.,0.,-120.));
#14189=CARTESIAN_POINT('',(29.,0.,-110.));
#14190=CARTESIAN_POINT('',(75.5,0.,-110.));
#14191=CARTESIAN_POINT('',(29.,0.,-120.));
#14192=CARTESIAN_POINT('',(29.,0.,-100.));
#14193=CARTESIAN_POINT('',(18.5,0.,-120.));
#14194=CARTESIAN_POINT('',(69.5,0.,-120.));
#14195=CARTESIAN_POINT('',(18.5,0.,-100.));
#14196=CARTESIAN_POINT('',(18.5,0.,-105.));
#14197=CARTESIAN_POINT('',(10.,0.,-100.));
#14198=CARTESIAN_POINT('',(64.25,0.,-100.));
#14199=CARTESIAN_POINT('',(10.,0.,-160.));
#14200=CARTESIAN_POINT('',(10.,0.,-95.));
#14201=CARTESIAN_POINT('',(18.5,0.,-160.));
#14202=CARTESIAN_POINT('',(60.,0.,-160.));
#14203=CARTESIAN_POINT('',(18.5,0.,-140.));
#14204=CARTESIAN_POINT('',(18.5,0.,-125.));
#14205=CARTESIAN_POINT('',(29.,0.,-140.));
#14206=CARTESIAN_POINT('',(64.25,0.,-140.));
#14207=CARTESIAN_POINT('',(29.,0.,-115.));
#14208=CARTESIAN_POINT('',(159.403683030073,-1.34721513087549E-13,-75.0999999999999));
#14209=CARTESIAN_POINT('',(159.403683030073,-1.3673042610487E-13,-73.0999999999999));
#14210=CARTESIAN_POINT('',(159.403683030073,0.,-82.55));
#14211=CARTESIAN_POINT('',(155.903683030073,-1.32116061658772E-13,-73.0999999999999));
#14212=CARTESIAN_POINT('',(134.701841515036,0.,-73.1));
#14213=CARTESIAN_POINT('',(155.903683030073,-1.30107148641451E-13,-75.0999999999999));
#14214=CARTESIAN_POINT('',(155.903683030073,0.,-81.55));
#14215=CARTESIAN_POINT('',(132.951841515036,0.,-75.0999999999999));
#14216=CARTESIAN_POINT('',(159.403683030073,-1.31838984174237E-13,-89.1000000000135));
#14217=CARTESIAN_POINT('',(159.403683030073,-1.35169653248113E-13,-87.1000000000135));
#14218=CARTESIAN_POINT('',(159.403683030073,0.,-82.55));
#14219=CARTESIAN_POINT('',(155.903683030073,-1.35169653248113E-13,-87.1000000000135));
#14220=CARTESIAN_POINT('',(132.951841515036,0.,-87.1000000000135));
#14221=CARTESIAN_POINT('',(155.903683030073,-1.4960255256824E-13,-89.1000000000135));
#14222=CARTESIAN_POINT('',(155.903683030073,0.,-81.55));
#14223=CARTESIAN_POINT('',(134.701841515036,0.,-89.1000000000135));
#14224=CARTESIAN_POINT('',(54.0710678118654,3.41098019030677E-14,-104.928932188134));
#14225=CARTESIAN_POINT('',(51.1421356237309,3.50292913472587E-14,-102.));
#14226=CARTESIAN_POINT('',(64.3210678118654,0.,-115.178932188135));
#14227=CARTESIAN_POINT('',(46.9999999999999,4.04902408767048E-14,-102.));
#14228=CARTESIAN_POINT('',(80.5710678118654,0.,-102.));
#14229=CARTESIAN_POINT('',(44.0710678118654,4.72937003204914E-14,-104.928932188134));
#14230=CARTESIAN_POINT('',(65.7499999999999,0.,-83.2499999999999));
#14231=CARTESIAN_POINT('',(44.0710678118654,5.14542954075037E-14,-109.071067811865));
#14232=CARTESIAN_POINT('',(44.0710678118654,0.,-97.4644660940672));
#14233=CARTESIAN_POINT('',(46.9999999999999,5.05348059633127E-14,-112.));
#14234=CARTESIAN_POINT('',(55.7855339059327,0.,-120.785533905933));
#14235=CARTESIAN_POINT('',(51.1421356237309,4.50738564338666E-14,-112.));
#14236=CARTESIAN_POINT('',(78.5,0.,-112.));
#14237=CARTESIAN_POINT('',(54.0710678118654,3.82703969900799E-14,-109.071067811865));
#14238=CARTESIAN_POINT('',(71.3566017177981,0.,-91.7855339059327));
#14239=CARTESIAN_POINT('',(54.0710678118654,0.,-99.5355339059327));
#14240=CARTESIAN_POINT('',(26.0002740218441,1.25177646026486E-13,-103.));
#14241=CARTESIAN_POINT('Origin',(26.0002740218441,1.19765308781439E-13,
-98.9999999999999));
#14242=CARTESIAN_POINT('',(157.653683030073,1.79023462720806E-14,-169.));
#14243=CARTESIAN_POINT('Origin',(157.653683030073,1.2490009027033E-14,-165.));
#14244=CARTESIAN_POINT('',(50.0002740218441,1.59733337667944E-13,-169.));
#14245=CARTESIAN_POINT('Origin',(50.0002740218441,1.54459778300975E-13,
-165.));
#14246=CARTESIAN_POINT('',(171.653683030073,-6.88338275267597E-14,-101.1));
#14247=CARTESIAN_POINT('Origin',(171.653683030073,-7.42461647718073E-14,
-97.0999999999999));
#14248=CARTESIAN_POINT('',(130.788691855334,0.,-113.5));
#14249=CARTESIAN_POINT('',(138.75,-6.10622663543836E-15,-110.));
#14250=CARTESIAN_POINT('Origin',(134.,0.,-110.));
#14251=CARTESIAN_POINT('',(128.75,3.33066907387547E-15,-113.5));
#14252=CARTESIAN_POINT('',(119.375,0.,-113.5));
#14253=CARTESIAN_POINT('',(128.750000000001,0.,-116.7));
#14254=CARTESIAN_POINT('',(128.750000000001,0.,-110.25));
#14255=CARTESIAN_POINT('',(132.25,0.,-116.7));
#14256=CARTESIAN_POINT('',(121.125,0.,-116.7));
#14257=CARTESIAN_POINT('',(132.25,0.,-114.415880433164));
#14258=CARTESIAN_POINT('',(132.25,0.,-111.25));
#14259=CARTESIAN_POINT('Origin',(134.,0.,-110.));
#14260=CARTESIAN_POINT('',(118.75,0.,-110.));
#14261=CARTESIAN_POINT('Origin',(114.,0.,-110.));
#14262=CARTESIAN_POINT('',(68.25,0.,-115.));
#14263=CARTESIAN_POINT('Origin',(63.,0.,-115.));
#14264=CARTESIAN_POINT('',(68.25,0.,-145.));
#14265=CARTESIAN_POINT('Origin',(63.,0.,-145.));
#14266=CARTESIAN_POINT('Origin',(29.4912740218441,17.1435322651632,-84.1999999999999));
#14267=CARTESIAN_POINT('',(29.4912740218441,17.7383660470969,-84.734951186437));
#14268=CARTESIAN_POINT('Origin',(29.4912740218441,17.1435322651632,-84.1999999999999));
#14269=CARTESIAN_POINT('',(39.4912740218441,17.7383660470969,-84.734951186437));
#14270=CARTESIAN_POINT('',(29.4912740218441,17.7383660470969,-84.734951186437));
#14271=CARTESIAN_POINT('Origin',(39.4912740218441,17.1435322651632,-84.1999999999999));
#14272=CARTESIAN_POINT('Origin',(39.4912740218441,11.8976510067114,-81.5));
#14273=CARTESIAN_POINT('',(39.4912740218441,23.7953020134228,-78.));
#14274=CARTESIAN_POINT('',(39.4912740218441,-2.0788926136106E-15,-78.));
#14275=CARTESIAN_POINT('',(39.4912740218441,23.9948337819337,-77.7781325857602));
#14276=CARTESIAN_POINT('',(39.4912740218441,12.7,-83.4999999999999));
#14277=CARTESIAN_POINT('Origin',(39.4912740218441,12.7,-81.4999999999999));
#14278=CARTESIAN_POINT('Origin',(29.4912740218441,6.85,-66.55));
#14279=CARTESIAN_POINT('',(29.4912740218441,-11.5,-70.));
#14280=CARTESIAN_POINT('',(29.4912740218441,8.02500000000001,-70.));
#14281=CARTESIAN_POINT('',(29.4912740218441,-11.5,-47.7));
#14282=CARTESIAN_POINT('',(29.4912740218441,-11.5,-86.));
#14283=CARTESIAN_POINT('',(29.4912740218441,-0.699999999999999,-47.7));
#14284=CARTESIAN_POINT('',(29.4912740218441,3.42499999999999,-47.7));
#14285=CARTESIAN_POINT('',(29.4912740218441,-0.699999999999999,-48.1));
#14286=CARTESIAN_POINT('',(29.4912740218441,-0.699999999999999,-78.275));
#14287=CARTESIAN_POINT('',(29.4912740218441,17.1435322651632,-48.1));
#14288=CARTESIAN_POINT('',(29.4912740218441,-4.49999999999999,-48.1));
#14289=CARTESIAN_POINT('',(29.4912740218441,17.7383660470969,-48.3650488135629));
#14290=CARTESIAN_POINT('Origin',(29.4912740218441,17.1435322651632,-48.9));
#14291=CARTESIAN_POINT('',(29.4912740218441,23.9948337819337,-55.3218674142397));
#14292=CARTESIAN_POINT('',(29.4912740218441,18.2256490909991,-48.9068784668571));
#14293=CARTESIAN_POINT('',(29.4912740218441,24.2,-55.8568186006767));
#14294=CARTESIAN_POINT('Origin',(29.4912740218441,23.4,-55.8568186006767));
#14295=CARTESIAN_POINT('',(29.4912740218441,24.2,-62.1));
#14296=CARTESIAN_POINT('',(29.4912740218441,24.2,-77.2431813993231));
#14297=CARTESIAN_POINT('',(29.4912740218441,24.4,-62.1));
#14298=CARTESIAN_POINT('',(29.4912740218441,100.,-62.1));
#14299=CARTESIAN_POINT('',(29.4912740218441,24.4,-67.1));
#14300=CARTESIAN_POINT('',(29.4912740218441,24.4,-71.8965906996616));
#14301=CARTESIAN_POINT('',(29.4912740218441,13.0999999999999,-67.1));
#14302=CARTESIAN_POINT('',(29.4912740218441,12.7,-53.3));
#14303=CARTESIAN_POINT('Origin',(29.4912740218441,12.7,-51.6));
#14304=CARTESIAN_POINT('Origin',(39.4912740218441,0.,-70.));
#14305=CARTESIAN_POINT('',(36.9912740218441,-2.875,-70.));
#14306=CARTESIAN_POINT('Origin',(29.4912740218441,6.85,-66.55));
#14307=CARTESIAN_POINT('',(29.4912740218441,-11.5,-78.));
#14308=CARTESIAN_POINT('',(29.4912740218441,23.7953020134228,-78.));
#14309=CARTESIAN_POINT('',(29.4912740218441,8.02500000000001,-78.));
#14310=CARTESIAN_POINT('',(29.4912740218441,23.9948337819337,-77.7781325857602));
#14311=CARTESIAN_POINT('',(29.4912740218441,-11.5,-85.4));
#14312=CARTESIAN_POINT('',(29.4912740218441,-2.32500000000001,-85.4));
#14313=CARTESIAN_POINT('',(29.4912740218441,-11.5,-86.));
#14314=CARTESIAN_POINT('',(29.4912740218441,12.7,-83.4999999999999));
#14315=CARTESIAN_POINT('Origin',(29.4912740218441,12.7,-81.4999999999999));
#14316=CARTESIAN_POINT('Origin',(63.,2.,-145.));
#14317=CARTESIAN_POINT('',(66.25,4.,-145.));
#14318=CARTESIAN_POINT('',(67.25,2.,-145.));
#14319=CARTESIAN_POINT('Origin',(63.,4.,-145.));
#14320=CARTESIAN_POINT('Origin',(93.,2.,-145.));
#14321=CARTESIAN_POINT('',(96.25,4.,-145.));
#14322=CARTESIAN_POINT('',(97.25,2.,-145.));
#14323=CARTESIAN_POINT('Origin',(93.,4.,-145.));
#14324=CARTESIAN_POINT('Origin',(63.,2.,-115.));
#14325=CARTESIAN_POINT('',(66.25,4.,-115.));
#14326=CARTESIAN_POINT('',(67.25,2.,-115.));
#14327=CARTESIAN_POINT('Origin',(63.,4.,-115.));
#14328=CARTESIAN_POINT('Origin',(93.,2.,-115.));
#14329=CARTESIAN_POINT('',(96.25,4.,-115.));
#14330=CARTESIAN_POINT('',(97.25,2.,-115.));
#14331=CARTESIAN_POINT('Origin',(93.,4.,-115.));
#14332=CARTESIAN_POINT('Origin',(114.,2.,-110.));
#14333=CARTESIAN_POINT('',(116.75,4.,-110.));
#14334=CARTESIAN_POINT('',(117.75,2.,-110.));
#14335=CARTESIAN_POINT('Origin',(114.,4.,-110.));
#14336=CARTESIAN_POINT('Origin',(134.,2.,-110.));
#14337=CARTESIAN_POINT('',(132.25,1.67376207875082,-113.5));
#14338=CARTESIAN_POINT('Ctrl Pts',(132.25,1.67376207875085,-113.5));
#14339=CARTESIAN_POINT('Ctrl Pts',(131.58992911396,1.08337673028932,-113.5));
#14340=CARTESIAN_POINT('Ctrl Pts',(130.788691855334,1.88420707607812E-14,
-113.5));
#14341=CARTESIAN_POINT('',(136.75,4.,-110.));
#14342=CARTESIAN_POINT('',(137.75,2.,-110.));
#14343=CARTESIAN_POINT('Origin',(134.,4.,-110.));
#14344=CARTESIAN_POINT('Ctrl Pts',(132.25,1.43968170718106E-11,-114.415880433156));
#14345=CARTESIAN_POINT('Ctrl Pts',(132.25,0.933709557108382,-113.913701936328));
#14346=CARTESIAN_POINT('Ctrl Pts',(132.25,1.67376207875086,-113.5));
#14347=CARTESIAN_POINT('Origin',(171.653683030073,-1.07500000000013,-97.0999999999999));
#14348=CARTESIAN_POINT('',(171.653683030073,-2.15000000000014,-98.9499999999999));
#14349=CARTESIAN_POINT('',(171.653683030073,-1.07500000000013,-100.025));
#14350=CARTESIAN_POINT('Origin',(171.653683030073,-2.15000000000013,-97.0999999999999));
#14351=CARTESIAN_POINT('Origin',(171.653683030073,-12.5000000000001,-97.1));
#14352=CARTESIAN_POINT('',(171.653683030073,-12.5000000000001,-98.95));
#14353=CARTESIAN_POINT('Origin',(50.0002740218441,-1.0749999999999,-165.));
#14354=CARTESIAN_POINT('',(50.0002740218441,-2.14999999999991,-166.85));
#14355=CARTESIAN_POINT('',(50.0002740218441,-1.0749999999999,-167.925));
#14356=CARTESIAN_POINT('Origin',(50.0002740218441,-2.1499999999999,-165.));
#14357=CARTESIAN_POINT('Origin',(50.0002740218441,-12.4999999999999,-165.));
#14358=CARTESIAN_POINT('',(50.0002740218441,-12.4999999999999,-166.85));
#14359=CARTESIAN_POINT('Origin',(157.653683030073,-1.07500000000004,-165.));
#14360=CARTESIAN_POINT('',(157.653683030073,-2.15000000000005,-166.85));
#14361=CARTESIAN_POINT('',(157.653683030073,-1.07500000000004,-167.925));
#14362=CARTESIAN_POINT('Origin',(157.653683030073,-2.15000000000004,-165.));
#14363=CARTESIAN_POINT('Origin',(157.653683030073,-12.5,-165.));
#14364=CARTESIAN_POINT('',(157.653683030073,-12.5,-166.85));
#14365=CARTESIAN_POINT('Origin',(26.0002740218441,-1.07499999999993,-98.9999999999999));
#14366=CARTESIAN_POINT('',(26.0002740218441,-2.14999999999994,-100.85));
#14367=CARTESIAN_POINT('',(26.0002740218441,-1.07499999999993,-101.925));
#14368=CARTESIAN_POINT('Origin',(26.0002740218441,-2.14999999999994,-98.9999999999999));
#14369=CARTESIAN_POINT('Origin',(26.0002740218441,-12.4999999999999,-98.9999999999999));
#14370=CARTESIAN_POINT('',(26.0002740218441,-12.4999999999999,-100.85));
#14371=CARTESIAN_POINT('Origin',(6.8952740218441,34.4,-83.0474453284686));
#14372=CARTESIAN_POINT('',(5.0002740218441,36.4,-82.2289836603212));
#14373=CARTESIAN_POINT('',(5.0002740218441,36.4,-67.1));
#14374=CARTESIAN_POINT('',(5.0002740218441,36.4,-83.0474453284686));
#14375=CARTESIAN_POINT('',(8.79027402184409,32.4,-67.1));
#14376=CARTESIAN_POINT('',(59.4204001219936,-21.0354892877567,-67.1));
#14377=CARTESIAN_POINT('',(8.7902740218441,32.4,-80.6948906569372));
#14378=CARTESIAN_POINT('',(8.7902740218441,32.4,-83.0474453284686));
#14379=CARTESIAN_POINT('',(8.7902740218441,32.4,-80.6948906569372));
#14380=CARTESIAN_POINT('Origin',(6.8952740218441,18.5914862610026,-99.0400606445293));
#14381=CARTESIAN_POINT('',(5.0002740218441,20.4180121508929,-100.));
#14382=CARTESIAN_POINT('',(5.0002740218441,20.078570715837,-100.377438610622));
#14383=CARTESIAN_POINT('',(8.7902740218441,18.6356734767087,-96.));
#14384=CARTESIAN_POINT('',(8.7902740218441,17.1044018061683,-97.7026826784367));
#14385=CARTESIAN_POINT('',(8.7902740218441,18.6356734767087,-96.));
#14386=CARTESIAN_POINT('Origin',(6.8952740218441,-8.75,-98.));
#14387=CARTESIAN_POINT('',(8.7902740218441,-8.75,-96.));
#14388=CARTESIAN_POINT('',(5.0002740218441,-8.75,-100.));
#14389=CARTESIAN_POINT('Origin',(0.,18.6356734767087,-96.));
#14390=CARTESIAN_POINT('',(8.791,32.4,-80.6948906569372));
#14391=CARTESIAN_POINT('',(0.,32.4,-80.6948906569372));
#14392=CARTESIAN_POINT('',(8.791,18.6356734767087,-96.));
#14393=CARTESIAN_POINT('',(8.791,18.6356734767087,-96.));
#14394=CARTESIAN_POINT('',(0.,18.6356734767087,-96.));
#14395=CARTESIAN_POINT('Origin',(0.,32.4,-80.6948906569372));
#14396=CARTESIAN_POINT('',(8.791,32.4,-67.1));
#14397=CARTESIAN_POINT('',(96.3268415150364,32.4,-67.1));
#14398=CARTESIAN_POINT('',(8.791,32.4,-80.6948906569372));
#14399=CARTESIAN_POINT('Origin',(192.653683030073,0.,-67.0999999999999));
#14400=CARTESIAN_POINT('',(8.791,24.4,-67.1));
#14401=CARTESIAN_POINT('',(17.7457740218441,24.4,-67.1));
#14402=CARTESIAN_POINT('',(8.79100000000001,3.725,-67.1));
#14403=CARTESIAN_POINT('',(5.0002740218441,80.0000000000001,-67.1));
#14404=CARTESIAN_POINT('',(5.0002740218441,51.3858830662908,-67.1));
#14405=CARTESIAN_POINT('',(192.653683030073,79.9999999999999,-67.0999999999999));
#14406=CARTESIAN_POINT('',(145.740330778016,79.9999999999999,-67.0999999999999));
#14407=CARTESIAN_POINT('',(192.653683030073,0.,-67.0999999999999));
#14408=CARTESIAN_POINT('',(189.553060415444,0.999999999999832,-67.0999999999999));
#14409=CARTESIAN_POINT('',(190.298020376534,-0.0639130835337324,-67.0999999999999));
#14410=CARTESIAN_POINT('',(181.754305644702,0.999999999999835,-67.0999999999999));
#14411=CARTESIAN_POINT('',(187.203994337387,0.999999999999833,-67.0999999999999));
#14412=CARTESIAN_POINT('',(182.261963874657,1.72501108921692,-67.0999999999999));
#14413=CARTESIAN_POINT('',(161.253683030073,12.6999999999997,-67.0999999999999));
#14414=CARTESIAN_POINT('Origin',(164.253683030073,12.6999999999997,-67.0999999999999));
#14415=CARTESIAN_POINT('Origin',(0.000274021844033356,88.9441736203441,
-88.4974772678967));
#14416=CARTESIAN_POINT('',(3.00027402184404,88.9441736203441,-91.4974772678967));
#14417=CARTESIAN_POINT('',(0.000274021844033356,88.9441736203441,-91.4974772678967));
#14418=CARTESIAN_POINT('Origin',(3.00027402184403,88.9441736203441,-88.4974772678967));
#14419=CARTESIAN_POINT('Origin',(3.00027402184403,88.9441736203441,-88.4974772678967));
#14420=CARTESIAN_POINT('',(3.00027402184404,88.9441736203441,-90.0974772678967));
#14421=CARTESIAN_POINT('Origin',(3.00027402184403,88.9441736203441,-88.4974772678967));
#14422=CARTESIAN_POINT('Origin',(0.000274021844094419,60.8701384778201,
-125.888581461829));
#14423=CARTESIAN_POINT('',(3.0002740218441,60.8701384778201,-128.888581461829));
#14424=CARTESIAN_POINT('',(0.000274021844094419,60.8701384778201,-128.888581461829));
#14425=CARTESIAN_POINT('Origin',(3.00027402184409,60.8701384778201,-125.888581461829));
#14426=CARTESIAN_POINT('Origin',(3.00027402184409,60.8701384778201,-125.888581461829));
#14427=CARTESIAN_POINT('',(3.0002740218441,60.8701384778201,-127.488581461829));
#14428=CARTESIAN_POINT('Origin',(3.00027402184409,60.8701384778201,-125.888581461829));
#14429=CARTESIAN_POINT('Origin',(0.000274021844146599,36.2529092394591,
-158.6756524598));
#14430=CARTESIAN_POINT('',(3.00027402184415,36.2529092394591,-161.6756524598));
#14431=CARTESIAN_POINT('',(0.000274021844146599,36.2529092394591,-161.6756524598));
#14432=CARTESIAN_POINT('Origin',(3.00027402184415,36.2529092394591,-158.6756524598));
#14433=CARTESIAN_POINT('Origin',(3.00027402184415,36.2529092394591,-158.6756524598));
#14434=CARTESIAN_POINT('',(3.00027402184415,36.2529092394591,-160.2756524598));
#14435=CARTESIAN_POINT('Origin',(3.00027402184415,36.2529092394591,-158.6756524598));
#14436=CARTESIAN_POINT('Origin',(0.000274021844033356,88.9441736203441,
-88.4974772678967));
#14437=CARTESIAN_POINT('',(5.00027402184394,88.9441736203441,-90.0974772678967));
#14438=CARTESIAN_POINT('',(0.000274021844033356,88.9441736203441,-90.0974772678967));
#14439=CARTESIAN_POINT('Origin',(5.00027402184394,88.9441736203441,-88.4974772678967));
#14440=CARTESIAN_POINT('Origin',(0.000274021844094419,60.8701384778201,
-125.888581461829));
#14441=CARTESIAN_POINT('',(5.00027402184404,60.8701384778201,-127.488581461829));
#14442=CARTESIAN_POINT('',(0.000274021844094419,60.8701384778201,-127.488581461829));
#14443=CARTESIAN_POINT('Origin',(5.00027402184404,60.8701384778201,-125.888581461829));
#14444=CARTESIAN_POINT('Origin',(0.000274021844146599,36.2529092394591,
-158.6756524598));
#14445=CARTESIAN_POINT('',(5.00027402184405,36.2529092394591,-160.2756524598));
#14446=CARTESIAN_POINT('',(0.000274021844146599,36.2529092394591,-160.2756524598));
#14447=CARTESIAN_POINT('Origin',(5.00027402184405,36.2529092394591,-158.6756524598));
#14448=CARTESIAN_POINT('Origin',(197.653683030073,88.944173620344,-88.4974772678967));
#14449=CARTESIAN_POINT('',(194.653683030073,88.944173620344,-85.4974772678967));
#14450=CARTESIAN_POINT('',(197.653683030073,88.944173620344,-85.4974772678967));
#14451=CARTESIAN_POINT('Origin',(194.653683030073,88.944173620344,-88.4974772678967));
#14452=CARTESIAN_POINT('Origin',(194.653683030073,88.944173620344,-88.4974772678967));
#14453=CARTESIAN_POINT('',(194.653683030073,88.944173620344,-86.8974772678967));
#14454=CARTESIAN_POINT('Origin',(194.653683030073,88.944173620344,-88.4974772678967));
#14455=CARTESIAN_POINT('Origin',(197.653683030073,60.8701384778201,-125.888581461829));
#14456=CARTESIAN_POINT('',(194.653683030073,60.8701384778201,-122.888581461829));
#14457=CARTESIAN_POINT('',(197.653683030073,60.8701384778201,-122.888581461829));
#14458=CARTESIAN_POINT('Origin',(194.653683030073,60.8701384778201,-125.888581461829));
#14459=CARTESIAN_POINT('Origin',(194.653683030073,60.8701384778201,-125.888581461829));
#14460=CARTESIAN_POINT('',(194.653683030073,60.8701384778201,-124.288581461829));
#14461=CARTESIAN_POINT('Origin',(194.653683030073,60.8701384778201,-125.888581461829));
#14462=CARTESIAN_POINT('Origin',(197.653683030073,30.2487069862004,-166.672499044671));
#14463=CARTESIAN_POINT('',(194.653683030073,30.2487069862004,-163.672499044671));
#14464=CARTESIAN_POINT('',(197.653683030073,30.2487069862004,-163.672499044671));
#14465=CARTESIAN_POINT('Origin',(194.653683030073,30.2487069862004,-166.672499044671));
#14466=CARTESIAN_POINT('Origin',(194.653683030073,30.2487069862004,-166.672499044671));
#14467=CARTESIAN_POINT('',(194.653683030073,30.2487069862004,-165.072499044671));
#14468=CARTESIAN_POINT('Origin',(194.653683030073,30.2487069862004,-166.672499044671));
#14469=CARTESIAN_POINT('Origin',(197.653683030073,30.2487069862004,-166.672499044671));
#14470=CARTESIAN_POINT('',(192.653683030073,30.2487069862004,-165.072499044671));
#14471=CARTESIAN_POINT('',(197.653683030073,30.2487069862004,-165.072499044671));
#14472=CARTESIAN_POINT('Origin',(192.653683030073,30.2487069862004,-166.672499044671));
#14473=CARTESIAN_POINT('Origin',(197.653683030073,60.8701384778201,-125.888581461829));
#14474=CARTESIAN_POINT('',(192.653683030073,60.8701384778201,-124.288581461829));
#14475=CARTESIAN_POINT('',(197.653683030073,60.8701384778201,-124.288581461829));
#14476=CARTESIAN_POINT('Origin',(192.653683030073,60.8701384778201,-125.888581461829));
#14477=CARTESIAN_POINT('Origin',(197.653683030073,88.944173620344,-88.4974772678967));
#14478=CARTESIAN_POINT('',(192.653683030073,88.944173620344,-86.8974772678967));
#14479=CARTESIAN_POINT('',(197.653683030073,88.944173620344,-86.8974772678967));
#14480=CARTESIAN_POINT('Origin',(192.653683030073,88.944173620344,-88.4974772678967));
#14481=CARTESIAN_POINT('Origin',(189.653683030073,60.7499999999997,-145.));
#14482=CARTESIAN_POINT('',(192.653683030073,62.7499999999997,-119.));
#14483=CARTESIAN_POINT('',(186.653683030073,58.7499999999997,-119.));
#14484=CARTESIAN_POINT('',(176.672913799304,52.0961538461535,-119.));
#14485=CARTESIAN_POINT('',(186.653683030073,58.7499999999997,-111.));
#14486=CARTESIAN_POINT('',(186.653683030073,58.7499999999997,-117.));
#14487=CARTESIAN_POINT('',(192.653683030073,62.7499999999997,-111.));
#14488=CARTESIAN_POINT('',(174.595990722381,50.7115384615381,-111.));
#14489=CARTESIAN_POINT('',(192.653683030073,62.7499999999997,-145.));
#14490=CARTESIAN_POINT('Origin',(189.653683030073,60.7499999999997,-135.));
#14491=CARTESIAN_POINT('',(192.653683030073,62.7499999999997,-99.));
#14492=CARTESIAN_POINT('',(186.653683030073,58.7499999999997,-99.));
#14493=CARTESIAN_POINT('',(176.672913799304,52.0961538461536,-99.));
#14494=CARTESIAN_POINT('',(186.653683030073,58.7499999999997,-91.));
#14495=CARTESIAN_POINT('',(186.653683030073,58.7499999999997,-97.));
#14496=CARTESIAN_POINT('',(192.653683030073,62.7499999999997,-91.));
#14497=CARTESIAN_POINT('',(174.595990722381,50.7115384615382,-91.));
#14498=CARTESIAN_POINT('',(192.653683030073,62.7499999999997,-135.));
#14499=CARTESIAN_POINT('Origin',(186.653683030073,0.,-111.));
#14500=CARTESIAN_POINT('',(186.653683030073,52.5,-111.));
#14501=CARTESIAN_POINT('',(186.653683030073,0.,-111.));
#14502=CARTESIAN_POINT('',(188.653683030073,49.5,-111.));
#14503=CARTESIAN_POINT('',(199.269067645458,33.5769230769232,-111.));
#14504=CARTESIAN_POINT('',(188.653683030073,30.,-111.));
#14505=CARTESIAN_POINT('',(188.653683030073,19.875,-111.));
#14506=CARTESIAN_POINT('',(186.653683030073,27.,-111.));
#14507=CARTESIAN_POINT('',(180.922913799304,18.4038461538462,-111.));
#14508=CARTESIAN_POINT('',(186.653683030073,0.,-111.));
#14509=CARTESIAN_POINT('',(192.653683030073,0.,-111.));
#14510=CARTESIAN_POINT('Origin',(0.000274021844096639,100.,-82.1));
#14511=CARTESIAN_POINT('',(192.653683030073,100.,-82.1));
#14512=CARTESIAN_POINT('',(192.653683030073,30.2487069862004,-175.));
#14513=CARTESIAN_POINT('',(192.653683030073,59.6719568011344,-135.811910579685));
#14514=CARTESIAN_POINT('',(0.000274021844096639,100.,-82.1));
#14515=CARTESIAN_POINT('',(19.9464016234811,30.5865765433178,-174.55));
#14516=CARTESIAN_POINT('',(19.9464016234811,59.7799898407731,-135.668024080256));
#14517=CARTESIAN_POINT('',(24.9464016234811,30.5865765433178,-174.55));
#14518=CARTESIAN_POINT('',(12.4733378226626,30.5865765433178,-174.55));
#14519=CARTESIAN_POINT('',(24.9464016234811,32.9141223812379,-171.45));
#14520=CARTESIAN_POINT('',(24.9464016234811,60.5242174471727,-134.676805973075));
#14521=CARTESIAN_POINT('',(19.9464016234811,32.9141223812379,-171.45));
#14522=CARTESIAN_POINT('',(9.97333782266258,32.9141223812379,-171.45));
#14523=CARTESIAN_POINT('',(19.9464016234811,34.7536344144328,-169.));
#14524=CARTESIAN_POINT('',(19.9464016234811,61.1123973296498,-133.893423920626));
#14525=CARTESIAN_POINT('',(25.0002740218441,34.7536344144328,-169.));
#14526=CARTESIAN_POINT('',(2.5002740218441,34.7536344144329,-169.));
#14527=CARTESIAN_POINT('',(40.0002740218441,30.2487069862004,-175.));
#14528=CARTESIAN_POINT('',(-2.56251198899184,43.031524461014,-157.974885595666));
#14529=CARTESIAN_POINT('',(2.5002740218441,30.2487069862004,-175.));
#14530=CARTESIAN_POINT('Origin',(145.740330778016,89.9999999999999,-74.6));
#14531=CARTESIAN_POINT('',(192.653683030073,65.136,-55.952));
#14532=CARTESIAN_POINT('',(5.0002740218441,100.,-82.1));
#14533=CARTESIAN_POINT('',(5.00027402184409,63.7920000000001,-54.9439999999999));
#14534=CARTESIAN_POINT('',(0.000274021844045569,100.,-82.1));
#14535=CARTESIAN_POINT('Origin',(5.0002740218441,0.,-85.4));
#14536=CARTESIAN_POINT('',(5.0002740218441,34.7536344144328,-169.));
#14537=CARTESIAN_POINT('',(5.0002740218441,0.,-169.));
#14538=CARTESIAN_POINT('',(5.0002740218441,81.1825353602978,-107.162509804406));
#14539=CARTESIAN_POINT('Origin',(197.653683030073,99.9999999999998,-82.1));
#14540=CARTESIAN_POINT('',(0.000274021844096639,100.,-82.1));
#14541=CARTESIAN_POINT('',(0.000274021844050513,103.75,-82.1));
#14542=CARTESIAN_POINT('Origin',(98.8269785259584,103.75,-72.1));
#14543=CARTESIAN_POINT('',(0.000274021844057174,103.75,-62.1));
#14544=CARTESIAN_POINT('Origin',(97.4508616018866,-1.21346585238283E-13,
-7.10000000000006));
#14545=CARTESIAN_POINT('',(99.4508616018866,-6.00000000000013,-7.10000000000007));
#14546=CARTESIAN_POINT('Origin',(97.4508616018866,-6.00000000000012,-7.10000000000007));
#14547=CARTESIAN_POINT('',(99.4508616018866,-12.0000000000001,-7.10000000000007));
#14548=CARTESIAN_POINT('',(99.4508616018866,-1.24307179970616E-13,-7.10000000000006));
#14549=CARTESIAN_POINT('Origin',(97.4508616018866,-12.0000000000001,-7.10000000000007));
#14550=CARTESIAN_POINT('Origin',(97.4508616018866,-12.0000000000001,-7.10000000000007));
#14551=CARTESIAN_POINT('Origin',(122.450861601887,-1.3923948365193E-13,
-22.1000000000001));
#14552=CARTESIAN_POINT('',(124.450861601887,-6.00000000000014,-22.1000000000001));
#14553=CARTESIAN_POINT('Origin',(122.450861601887,-6.00000000000014,-22.1000000000001));
#14554=CARTESIAN_POINT('',(124.450861601887,-12.0000000000001,-22.1000000000001));
#14555=CARTESIAN_POINT('',(124.450861601887,-1.42200078384264E-13,-22.1000000000001));
#14556=CARTESIAN_POINT('Origin',(122.450861601887,-12.0000000000001,-22.1000000000001));
#14557=CARTESIAN_POINT('Origin',(122.450861601887,-12.0000000000001,-22.1000000000001));
#14558=CARTESIAN_POINT('Origin',(47.4508616018866,-2.52933978913398E-14,
-37.1000000000001));
#14559=CARTESIAN_POINT('',(49.4508616018866,-6.00000000000003,-37.1000000000001));
#14560=CARTESIAN_POINT('Origin',(47.4508616018866,-6.00000000000003,-37.1000000000001));
#14561=CARTESIAN_POINT('',(49.4508616018866,-12.,-37.1000000000001));
#14562=CARTESIAN_POINT('',(49.4508616018866,-2.82539926236735E-14,-37.1000000000001));
#14563=CARTESIAN_POINT('Origin',(47.4508616018866,-12.,-37.1000000000001));
#14564=CARTESIAN_POINT('Origin',(47.4508616018866,-12.,-37.1000000000001));
#14565=CARTESIAN_POINT('Origin',(147.450861601887,-1.57132382065578E-13,
-37.1000000000001));
#14566=CARTESIAN_POINT('',(149.450861601887,-6.00000000000016,-37.1000000000001));
#14567=CARTESIAN_POINT('Origin',(147.450861601887,-6.00000000000016,-37.1000000000001));
#14568=CARTESIAN_POINT('',(149.450861601887,-12.0000000000002,-37.1000000000001));
#14569=CARTESIAN_POINT('',(149.450861601887,-1.60092976797911E-13,-37.1000000000001));
#14570=CARTESIAN_POINT('Origin',(147.450861601887,-12.0000000000002,-37.1000000000001));
#14571=CARTESIAN_POINT('Origin',(147.450861601887,-12.0000000000002,-37.1000000000001));
#14572=CARTESIAN_POINT('Origin',(72.4508616018866,-4.31862963049873E-14,
-52.1000000000001));
#14573=CARTESIAN_POINT('',(74.4508616018866,-6.00000000000005,-52.1000000000001));
#14574=CARTESIAN_POINT('Origin',(72.4508616018866,-6.00000000000004,-52.1000000000001));
#14575=CARTESIAN_POINT('',(74.4508616018866,-12.,-52.1000000000001));
#14576=CARTESIAN_POINT('',(74.4508616018866,-4.61468910373211E-14,-52.1000000000001));
#14577=CARTESIAN_POINT('Origin',(72.4508616018866,-12.,-52.1000000000001));
#14578=CARTESIAN_POINT('Origin',(72.4508616018866,-12.,-52.1000000000001));
#14579=CARTESIAN_POINT('Origin',(147.450861601887,-1.42065534435666E-13,
-52.1000000000001));
#14580=CARTESIAN_POINT('',(149.450861601887,-6.00000000000015,-52.1000000000001));
#14581=CARTESIAN_POINT('Origin',(147.450861601887,-6.00000000000014,-52.1000000000001));
#14582=CARTESIAN_POINT('',(149.450861601887,-12.0000000000001,-52.1000000000001));
#14583=CARTESIAN_POINT('',(149.450861601887,-1.45026129167999E-13,-52.1000000000001));
#14584=CARTESIAN_POINT('Origin',(147.450861601887,-12.0000000000001,-52.1000000000001));
#14585=CARTESIAN_POINT('Origin',(147.450861601887,-12.0000000000001,-52.1000000000001));
#14586=CARTESIAN_POINT('Origin',(72.4508616018866,-5.82531439348992E-14,
-37.1000000000001));
#14587=CARTESIAN_POINT('',(74.4508616018866,-6.00000000000006,-37.1000000000001));
#14588=CARTESIAN_POINT('Origin',(72.4508616018866,-6.00000000000006,-37.1000000000001));
#14589=CARTESIAN_POINT('',(74.4508616018866,-12.0000000000001,-37.1000000000001));
#14590=CARTESIAN_POINT('',(74.4508616018866,-6.1213738667233E-14,-37.1000000000001));
#14591=CARTESIAN_POINT('Origin',(72.4508616018866,-12.0000000000001,-37.1000000000001));
#14592=CARTESIAN_POINT('Origin',(72.4508616018866,-12.0000000000001,-37.1000000000001));
#14593=CARTESIAN_POINT('Origin',(97.4508616018866,-1.06279737608371E-13,
-22.1000000000001));
#14594=CARTESIAN_POINT('',(99.4508616018866,-6.00000000000011,-22.1000000000001));
#14595=CARTESIAN_POINT('Origin',(97.4508616018866,-6.00000000000011,-22.1000000000001));
#14596=CARTESIAN_POINT('',(99.4508616018866,-12.0000000000001,-22.1000000000001));
#14597=CARTESIAN_POINT('',(99.4508616018866,-1.09240332340704E-13,-22.1000000000001));
#14598=CARTESIAN_POINT('Origin',(97.4508616018866,-12.0000000000001,-22.1000000000001));
#14599=CARTESIAN_POINT('Origin',(97.4508616018866,-12.0000000000001,-22.1000000000001));
#14600=CARTESIAN_POINT('Origin',(122.450861601887,-1.54306331281842E-13,
-7.10000000000006));
#14601=CARTESIAN_POINT('',(124.450861601887,-6.00000000000016,-7.10000000000007));
#14602=CARTESIAN_POINT('Origin',(122.450861601887,-6.00000000000016,-7.10000000000007));
#14603=CARTESIAN_POINT('',(124.450861601887,-12.0000000000002,-7.10000000000007));
#14604=CARTESIAN_POINT('',(124.450861601887,-1.57266926014176E-13,-7.10000000000006));
#14605=CARTESIAN_POINT('Origin',(122.450861601887,-12.0000000000002,-7.10000000000007));
#14606=CARTESIAN_POINT('Origin',(122.450861601887,-12.0000000000002,-7.10000000000007));
#14607=CARTESIAN_POINT('Origin',(72.4508616018866,-8.83868391947231E-14,
-7.10000000000006));
#14608=CARTESIAN_POINT('',(74.4508616018866,-6.00000000000009,-7.10000000000007));
#14609=CARTESIAN_POINT('Origin',(72.4508616018866,-6.00000000000009,-7.10000000000007));
#14610=CARTESIAN_POINT('',(74.4508616018866,-12.0000000000001,-7.10000000000007));
#14611=CARTESIAN_POINT('',(74.4508616018866,-9.13474339270568E-14,-7.10000000000006));
#14612=CARTESIAN_POINT('Origin',(72.4508616018866,-12.0000000000001,-7.10000000000007));
#14613=CARTESIAN_POINT('Origin',(72.4508616018866,-12.0000000000001,-7.10000000000007));
#14614=CARTESIAN_POINT('Origin',(147.450861601887,-1.7219922969549E-13,
-22.1000000000001));
#14615=CARTESIAN_POINT('',(149.450861601887,-6.00000000000018,-22.1000000000001));
#14616=CARTESIAN_POINT('Origin',(147.450861601887,-6.00000000000017,-22.1000000000001));
#14617=CARTESIAN_POINT('',(149.450861601887,-12.0000000000002,-22.1000000000001));
#14618=CARTESIAN_POINT('',(149.450861601887,-1.75159824427823E-13,-22.1000000000001));
#14619=CARTESIAN_POINT('Origin',(147.450861601887,-12.0000000000002,-22.1000000000001));
#14620=CARTESIAN_POINT('Origin',(147.450861601887,-12.0000000000002,-22.1000000000001));
#14621=CARTESIAN_POINT('Origin',(47.4508616018866,-4.03602455212517E-14,
-22.1000000000001));
#14622=CARTESIAN_POINT('',(49.4508616018866,-6.00000000000004,-22.1000000000001));
#14623=CARTESIAN_POINT('Origin',(47.4508616018866,-6.00000000000004,-22.1000000000001));
#14624=CARTESIAN_POINT('',(49.4508616018866,-12.,-22.1000000000001));
#14625=CARTESIAN_POINT('',(49.4508616018866,-4.33208402535854E-14,-22.1000000000001));
#14626=CARTESIAN_POINT('Origin',(47.4508616018866,-12.,-22.1000000000001));
#14627=CARTESIAN_POINT('Origin',(47.4508616018866,-12.,-22.1000000000001));
#14628=CARTESIAN_POINT('Origin',(122.450861601887,-1.24172636022018E-13,
-37.1000000000001));
#14629=CARTESIAN_POINT('',(124.450861601887,-6.00000000000013,-37.1000000000001));
#14630=CARTESIAN_POINT('Origin',(122.450861601887,-6.00000000000013,-37.1000000000001));
#14631=CARTESIAN_POINT('',(124.450861601887,-12.0000000000001,-37.1000000000001));
#14632=CARTESIAN_POINT('',(124.450861601887,-1.27133230754352E-13,-37.1000000000001));
#14633=CARTESIAN_POINT('Origin',(122.450861601887,-12.0000000000001,-37.1000000000001));
#14634=CARTESIAN_POINT('Origin',(122.450861601887,-12.0000000000001,-37.1000000000001));
#14635=CARTESIAN_POINT('Origin',(97.4508616018866,-7.61460423485468E-14,
-52.1000000000001));
#14636=CARTESIAN_POINT('',(99.4508616018866,-6.00000000000008,-52.1000000000001));
#14637=CARTESIAN_POINT('Origin',(97.4508616018866,-6.00000000000008,-52.1000000000001));
#14638=CARTESIAN_POINT('',(99.4508616018866,-12.0000000000001,-52.1000000000001));
#14639=CARTESIAN_POINT('',(99.4508616018866,-7.91066370808805E-14,-52.1000000000001));
#14640=CARTESIAN_POINT('Origin',(97.4508616018866,-12.0000000000001,-52.1000000000001));
#14641=CARTESIAN_POINT('Origin',(97.4508616018866,-12.0000000000001,-52.1000000000001));
#14642=CARTESIAN_POINT('Origin',(122.450861601887,-1.09105788392106E-13,
-52.1000000000001));
#14643=CARTESIAN_POINT('',(124.450861601887,-6.00000000000011,-52.1000000000001));
#14644=CARTESIAN_POINT('Origin',(122.450861601887,-6.00000000000011,-52.1000000000001));
#14645=CARTESIAN_POINT('',(124.450861601887,-12.0000000000001,-52.1000000000001));
#14646=CARTESIAN_POINT('',(124.450861601887,-1.1206638312444E-13,-52.1000000000001));
#14647=CARTESIAN_POINT('Origin',(122.450861601887,-12.0000000000001,-52.1000000000001));
#14648=CARTESIAN_POINT('Origin',(122.450861601887,-12.0000000000001,-52.1000000000001));
#14649=CARTESIAN_POINT('Origin',(97.4508616018866,-9.12128899784587E-14,
-37.1000000000001));
#14650=CARTESIAN_POINT('',(99.4508616018866,-6.0000000000001,-37.1000000000001));
#14651=CARTESIAN_POINT('Origin',(97.4508616018866,-6.00000000000009,-37.1000000000001));
#14652=CARTESIAN_POINT('',(99.4508616018866,-12.0000000000001,-37.1000000000001));
#14653=CARTESIAN_POINT('',(99.4508616018866,-9.41734847107924E-14,-37.1000000000001));
#14654=CARTESIAN_POINT('Origin',(97.4508616018866,-12.0000000000001,-37.1000000000001));
#14655=CARTESIAN_POINT('Origin',(97.4508616018866,-12.0000000000001,-37.1000000000001));
#14656=CARTESIAN_POINT('Origin',(72.4508616018866,-7.33199915648111E-14,
-22.1000000000001));
#14657=CARTESIAN_POINT('',(74.4508616018866,-6.00000000000008,-22.1000000000001));
#14658=CARTESIAN_POINT('Origin',(72.4508616018866,-6.00000000000007,-22.1000000000001));
#14659=CARTESIAN_POINT('',(74.4508616018866,-12.0000000000001,-22.1000000000001));
#14660=CARTESIAN_POINT('',(74.4508616018866,-7.62805862971449E-14,-22.1000000000001));
#14661=CARTESIAN_POINT('Origin',(72.4508616018866,-12.0000000000001,-22.1000000000001));
#14662=CARTESIAN_POINT('Origin',(72.4508616018866,-12.0000000000001,-22.1000000000001));
#14663=CARTESIAN_POINT('Origin',(147.450861601887,-1.87266077325401E-13,
-7.10000000000006));
#14664=CARTESIAN_POINT('',(149.450861601887,-6.00000000000019,-7.10000000000007));
#14665=CARTESIAN_POINT('Origin',(147.450861601887,-6.00000000000019,-7.10000000000007));
#14666=CARTESIAN_POINT('',(149.450861601887,-12.0000000000002,-7.10000000000007));
#14667=CARTESIAN_POINT('',(149.450861601887,-1.90226672057735E-13,-7.10000000000006));
#14668=CARTESIAN_POINT('Origin',(147.450861601887,-12.0000000000002,-7.10000000000007));
#14669=CARTESIAN_POINT('Origin',(147.450861601887,-12.0000000000002,-7.10000000000007));
#14670=CARTESIAN_POINT('Origin',(47.4508616018866,-5.54270931511636E-14,
-7.10000000000006));
#14671=CARTESIAN_POINT('',(49.4508616018866,-6.00000000000006,-7.10000000000007));
#14672=CARTESIAN_POINT('Origin',(47.4508616018866,-6.00000000000006,-7.10000000000007));
#14673=CARTESIAN_POINT('',(49.4508616018866,-12.0000000000001,-7.10000000000007));
#14674=CARTESIAN_POINT('',(49.4508616018866,-5.83876878834974E-14,-7.10000000000006));
#14675=CARTESIAN_POINT('Origin',(47.4508616018866,-12.0000000000001,-7.10000000000007));
#14676=CARTESIAN_POINT('Origin',(47.4508616018866,-12.0000000000001,-7.10000000000007));
#14677=CARTESIAN_POINT('Origin',(122.450861601887,-1.54306331281842E-13,
-7.10000000000006));
#14678=CARTESIAN_POINT('',(125.250861601887,-1.57997822838721E-13,-7.10000000000006));
#14679=CARTESIAN_POINT('Origin',(122.450861601887,-7.66979072845212E-14,
-7.10000000000006));
#14680=CARTESIAN_POINT('',(125.250861601887,-6.00000000000016,-7.10000000000007));
#14681=CARTESIAN_POINT('',(125.250861601887,-1.54306331281842E-13,-7.10000000000006));
#14682=CARTESIAN_POINT('Origin',(122.450861601887,-6.00000000000016,-7.10000000000007));
#14683=CARTESIAN_POINT('Origin',(122.450861601887,-6.00000000000016,-7.10000000000007));
#14684=CARTESIAN_POINT('Origin',(72.4508616018866,-8.83868391947231E-14,
-7.10000000000006));
#14685=CARTESIAN_POINT('',(75.2508616018866,-9.20783307516017E-14,-7.10000000000006));
#14686=CARTESIAN_POINT('Origin',(72.4508616018866,-2.11140166119584E-14,
-7.10000000000006));
#14687=CARTESIAN_POINT('',(75.2508616018866,-6.00000000000009,-7.10000000000007));
#14688=CARTESIAN_POINT('',(75.2508616018866,-9.25316718199903E-14,-7.10000000000006));
#14689=CARTESIAN_POINT('Origin',(72.4508616018866,-6.00000000000009,-7.10000000000007));
#14690=CARTESIAN_POINT('Origin',(72.4508616018866,-6.00000000000009,-7.10000000000007));
#14691=CARTESIAN_POINT('Origin',(47.4508616018866,-2.52933978913398E-14,
-37.1000000000001));
#14692=CARTESIAN_POINT('',(50.2508616018866,-2.89848894482184E-14,-37.1000000000001));
#14693=CARTESIAN_POINT('Origin',(47.4508616018866,5.34374594916209E-14,
-37.1000000000001));
#14694=CARTESIAN_POINT('',(50.2508616018866,-6.00000000000003,-37.1000000000001));
#14695=CARTESIAN_POINT('',(50.2508616018866,-2.9438230516607E-14,-37.1000000000001));
#14696=CARTESIAN_POINT('Origin',(47.4508616018866,-6.00000000000003,-37.1000000000001));
#14697=CARTESIAN_POINT('Origin',(47.4508616018866,-6.00000000000003,-37.1000000000001));
#14698=CARTESIAN_POINT('Origin',(147.450861601887,-1.57132382065578E-13,
-37.1000000000001));
#14699=CARTESIAN_POINT('',(150.250861601887,-1.60823873622456E-13,-37.1000000000001));
#14700=CARTESIAN_POINT('Origin',(147.450861601887,-3.91538653351138E-14,
-37.1000000000001));
#14701=CARTESIAN_POINT('',(150.250861601887,-6.00000000000016,-37.1000000000001));
#14702=CARTESIAN_POINT('',(150.250861601887,-1.57132382065578E-13,-37.1000000000001));
#14703=CARTESIAN_POINT('Origin',(147.450861601887,-6.00000000000016,-37.1000000000001));
#14704=CARTESIAN_POINT('Origin',(147.450861601887,-6.00000000000016,-37.1000000000001));
#14705=CARTESIAN_POINT('Origin',(72.4508616018866,-4.31862963049873E-14,
-52.1000000000001));
#14706=CARTESIAN_POINT('',(75.2508616018866,-4.6877787861866E-14,-52.1000000000001));
#14707=CARTESIAN_POINT('Origin',(72.4508616018866,-5.19379505161716E-16,
-52.1000000000001));
#14708=CARTESIAN_POINT('',(75.2508616018866,-6.00000000000005,-52.1000000000001));
#14709=CARTESIAN_POINT('',(75.2508616018866,-4.73311289302546E-14,-52.1000000000001));
#14710=CARTESIAN_POINT('Origin',(72.4508616018866,-6.00000000000004,-52.1000000000001));
#14711=CARTESIAN_POINT('Origin',(72.4508616018866,-6.00000000000004,-52.1000000000001));
#14712=CARTESIAN_POINT('Origin',(147.450861601887,-1.42065534435666E-13,
-52.1000000000001));
#14713=CARTESIAN_POINT('',(150.250861601887,-1.45757025992544E-13,-52.1000000000001));
#14714=CARTESIAN_POINT('Origin',(147.450861601887,-5.61032701777245E-14,
-52.1000000000001));
#14715=CARTESIAN_POINT('',(150.250861601887,-6.00000000000015,-52.1000000000001));
#14716=CARTESIAN_POINT('',(150.250861601887,-1.42065534435666E-13,-52.1000000000001));
#14717=CARTESIAN_POINT('Origin',(147.450861601887,-6.00000000000014,-52.1000000000001));
#14718=CARTESIAN_POINT('Origin',(147.450861601887,-6.00000000000014,-52.1000000000001));
#14719=CARTESIAN_POINT('Origin',(72.4508616018866,-5.82531439348992E-14,
-37.1000000000001));
#14720=CARTESIAN_POINT('',(75.2508616018866,-6.19446354917779E-14,-37.1000000000001));
#14721=CARTESIAN_POINT('Origin',(72.4508616018866,1.6430025337449E-14,-37.1000000000001));
#14722=CARTESIAN_POINT('',(75.2508616018866,-6.00000000000006,-37.1000000000001));
#14723=CARTESIAN_POINT('',(75.2508616018866,-6.23979765601665E-14,-37.1000000000001));
#14724=CARTESIAN_POINT('Origin',(72.4508616018866,-6.00000000000006,-37.1000000000001));
#14725=CARTESIAN_POINT('Origin',(72.4508616018866,-6.00000000000006,-37.1000000000001));
#14726=CARTESIAN_POINT('Origin',(47.4508616018866,-5.54270931511636E-14,
-7.10000000000006));
#14727=CARTESIAN_POINT('',(50.2508616018866,-5.91185847080423E-14,-7.10000000000006));
#14728=CARTESIAN_POINT('Origin',(47.4508616018866,1.58934175422135E-14,
-7.10000000000006));
#14729=CARTESIAN_POINT('',(50.2508616018866,-6.00000000000006,-7.10000000000007));
#14730=CARTESIAN_POINT('',(50.2508616018866,-5.95719257764309E-14,-7.10000000000006));
#14731=CARTESIAN_POINT('Origin',(47.4508616018866,-6.00000000000006,-7.10000000000007));
#14732=CARTESIAN_POINT('Origin',(47.4508616018866,-6.00000000000006,-7.10000000000007));
#14733=CARTESIAN_POINT('Origin',(122.450861601887,-1.3923948365193E-13,
-22.1000000000001));
#14734=CARTESIAN_POINT('',(125.250861601887,-1.42930975208809E-13,-22.1000000000001));
#14735=CARTESIAN_POINT('Origin',(122.450861601887,-5.02560955813654E-14,
-22.1000000000001));
#14736=CARTESIAN_POINT('',(125.250861601887,-6.00000000000014,-22.1000000000001));
#14737=CARTESIAN_POINT('',(125.250861601887,-1.3923948365193E-13,-22.1000000000001));
#14738=CARTESIAN_POINT('Origin',(122.450861601887,-6.00000000000014,-22.1000000000001));
#14739=CARTESIAN_POINT('Origin',(122.450861601887,-6.00000000000014,-22.1000000000001));
#14740=CARTESIAN_POINT('Origin',(147.450861601887,-1.87266077325401E-13,
-7.10000000000006));
#14741=CARTESIAN_POINT('',(150.250861601887,-1.9095756888228E-13,-7.10000000000006));
#14742=CARTESIAN_POINT('Origin',(147.450861601887,-7.66979072845212E-14,
-7.10000000000006));
#14743=CARTESIAN_POINT('',(150.250861601887,-6.00000000000019,-7.10000000000007));
#14744=CARTESIAN_POINT('',(150.250861601887,-1.87266077325401E-13,-7.10000000000006));
#14745=CARTESIAN_POINT('Origin',(147.450861601887,-6.00000000000019,-7.10000000000007));
#14746=CARTESIAN_POINT('Origin',(147.450861601887,-6.00000000000019,-7.10000000000007));
#14747=CARTESIAN_POINT('Origin',(97.4508616018866,-1.21346585238283E-13,
-7.10000000000006));
#14748=CARTESIAN_POINT('',(100.250861601887,-1.25038076795161E-13,-7.10000000000006));
#14749=CARTESIAN_POINT('Origin',(97.4508616018866,-7.66979072845212E-14,
-7.10000000000006));
#14750=CARTESIAN_POINT('',(100.250861601887,-6.00000000000013,-7.10000000000007));
#14751=CARTESIAN_POINT('',(100.250861601887,-1.21346585238283E-13,-7.10000000000006));
#14752=CARTESIAN_POINT('Origin',(97.4508616018866,-6.00000000000012,-7.10000000000007));
#14753=CARTESIAN_POINT('Origin',(97.4508616018866,-6.00000000000012,-7.10000000000007));
#14754=CARTESIAN_POINT('Origin',(47.4508616018866,-4.03602455212517E-14,
-22.1000000000001));
#14755=CARTESIAN_POINT('',(50.2508616018866,-4.40517370781304E-14,-22.1000000000001));
#14756=CARTESIAN_POINT('Origin',(47.4508616018866,4.23352292453693E-14,
-22.1000000000001));
#14757=CARTESIAN_POINT('',(50.2508616018866,-6.00000000000005,-22.1000000000001));
#14758=CARTESIAN_POINT('',(50.2508616018866,-4.45050781465189E-14,-22.1000000000001));
#14759=CARTESIAN_POINT('Origin',(47.4508616018866,-6.00000000000004,-22.1000000000001));
#14760=CARTESIAN_POINT('Origin',(47.4508616018866,-6.00000000000004,-22.1000000000001));
#14761=CARTESIAN_POINT('Origin',(122.450861601887,-1.24172636022018E-13,
-37.1000000000001));
#14762=CARTESIAN_POINT('',(125.250861601887,-1.27864127578897E-13,-37.1000000000001));
#14763=CARTESIAN_POINT('Origin',(122.450861601887,-3.91538653351138E-14,
-37.1000000000001));
#14764=CARTESIAN_POINT('',(125.250861601887,-6.00000000000013,-37.1000000000001));
#14765=CARTESIAN_POINT('',(125.250861601887,-1.24172636022018E-13,-37.1000000000001));
#14766=CARTESIAN_POINT('Origin',(122.450861601887,-6.00000000000013,-37.1000000000001));
#14767=CARTESIAN_POINT('Origin',(122.450861601887,-6.00000000000013,-37.1000000000001));
#14768=CARTESIAN_POINT('Origin',(97.4508616018866,-7.61460423485468E-14,
-52.1000000000001));
#14769=CARTESIAN_POINT('',(100.250861601887,-7.98375339054254E-14,-52.1000000000001));
#14770=CARTESIAN_POINT('Origin',(97.4508616018866,-5.61032701777245E-14,
-52.1000000000001));
#14771=CARTESIAN_POINT('',(100.250861601887,-6.00000000000008,-52.1000000000001));
#14772=CARTESIAN_POINT('',(100.250861601887,-7.61460423485468E-14,-52.1000000000001));
#14773=CARTESIAN_POINT('Origin',(97.4508616018866,-6.00000000000008,-52.1000000000001));
#14774=CARTESIAN_POINT('Origin',(97.4508616018866,-6.00000000000008,-52.1000000000001));
#14775=CARTESIAN_POINT('Origin',(122.450861601887,-1.09105788392106E-13,
-52.1000000000001));
#14776=CARTESIAN_POINT('',(125.250861601887,-1.12797279948985E-13,-52.1000000000001));
#14777=CARTESIAN_POINT('Origin',(122.450861601887,-5.61032701777245E-14,
-52.1000000000001));
#14778=CARTESIAN_POINT('',(125.250861601887,-6.00000000000011,-52.1000000000001));
#14779=CARTESIAN_POINT('',(125.250861601887,-1.09105788392106E-13,-52.1000000000001));
#14780=CARTESIAN_POINT('Origin',(122.450861601887,-6.00000000000011,-52.1000000000001));
#14781=CARTESIAN_POINT('Origin',(122.450861601887,-6.00000000000011,-52.1000000000001));
#14782=CARTESIAN_POINT('Origin',(97.4508616018866,-9.12128899784587E-14,
-37.1000000000001));
#14783=CARTESIAN_POINT('',(100.250861601887,-9.49043815353373E-14,-37.1000000000001));
#14784=CARTESIAN_POINT('Origin',(97.4508616018866,-3.91538653351138E-14,
-37.1000000000001));
#14785=CARTESIAN_POINT('',(100.250861601887,-6.0000000000001,-37.1000000000001));
#14786=CARTESIAN_POINT('',(100.250861601887,-9.12128899784587E-14,-37.1000000000001));
#14787=CARTESIAN_POINT('Origin',(97.4508616018866,-6.00000000000009,-37.1000000000001));
#14788=CARTESIAN_POINT('Origin',(97.4508616018866,-6.00000000000009,-37.1000000000001));
#14789=CARTESIAN_POINT('Origin',(72.4508616018866,-7.33199915648111E-14,
-22.1000000000001));
#14790=CARTESIAN_POINT('',(75.2508616018866,-7.70114831216898E-14,-22.1000000000001));
#14791=CARTESIAN_POINT('Origin',(72.4508616018866,5.3277950911974E-15,-22.1000000000001));
#14792=CARTESIAN_POINT('',(75.2508616018866,-6.00000000000008,-22.1000000000001));
#14793=CARTESIAN_POINT('',(75.2508616018866,-7.74648241900784E-14,-22.1000000000001));
#14794=CARTESIAN_POINT('Origin',(72.4508616018866,-6.00000000000007,-22.1000000000001));
#14795=CARTESIAN_POINT('Origin',(72.4508616018866,-6.00000000000007,-22.1000000000001));
#14796=CARTESIAN_POINT('Origin',(97.4508616018866,-1.06279737608371E-13,
-22.1000000000001));
#14797=CARTESIAN_POINT('',(100.250861601887,-1.09971229165249E-13,-22.1000000000001));
#14798=CARTESIAN_POINT('Origin',(97.4508616018866,-5.02560955813654E-14,
-22.1000000000001));
#14799=CARTESIAN_POINT('',(100.250861601887,-6.00000000000011,-22.1000000000001));
#14800=CARTESIAN_POINT('',(100.250861601887,-1.06279737608371E-13,-22.1000000000001));
#14801=CARTESIAN_POINT('Origin',(97.4508616018866,-6.00000000000011,-22.1000000000001));
#14802=CARTESIAN_POINT('Origin',(97.4508616018866,-6.00000000000011,-22.1000000000001));
#14803=CARTESIAN_POINT('Origin',(147.450861601887,-1.7219922969549E-13,
-22.1000000000001));
#14804=CARTESIAN_POINT('',(150.250861601887,-1.75890721252368E-13,-22.1000000000001));
#14805=CARTESIAN_POINT('Origin',(147.450861601887,-5.02560955813654E-14,
-22.1000000000001));
#14806=CARTESIAN_POINT('',(150.250861601887,-6.00000000000018,-22.1000000000001));
#14807=CARTESIAN_POINT('',(150.250861601887,-1.7219922969549E-13,-22.1000000000001));
#14808=CARTESIAN_POINT('Origin',(147.450861601887,-6.00000000000017,-22.1000000000001));
#14809=CARTESIAN_POINT('Origin',(147.450861601887,-6.00000000000017,-22.1000000000001));
#14810=CARTESIAN_POINT('Origin',(34.2912740218441,12.7,-51.6));
#14811=CARTESIAN_POINT('',(34.2912740218441,12.7,-53.3));
#14812=CARTESIAN_POINT('Origin',(34.2912740218441,12.7,-51.6));
#14813=CARTESIAN_POINT('Origin',(59.7710678118653,-2.39582437051832E-14,
-54.6000000000001));
#14814=CARTESIAN_POINT('',(60.7710678118653,-4.00000000000002,-54.6000000000001));
#14815=CARTESIAN_POINT('Origin',(59.7710678118653,-4.00000000000002,-54.6000000000001));
#14816=CARTESIAN_POINT('',(60.7710678118653,-8.00000000000003,-54.6000000000001));
#14817=CARTESIAN_POINT('',(60.7710678118653,-2.50684667298084E-14,-54.6000000000001));
#14818=CARTESIAN_POINT('Origin',(59.7710678118653,-8.00000000000002,-54.6000000000001));
#14819=CARTESIAN_POINT('Origin',(59.7710678118653,-8.00000000000002,-54.6000000000001));
#14820=CARTESIAN_POINT('Origin',(38.3710678118653,4.25529890810369E-15,
-54.6000000000001));
#14821=CARTESIAN_POINT('',(39.3710678118653,-4.,-54.6000000000001));
#14822=CARTESIAN_POINT('Origin',(38.3710678118653,-4.,-54.6000000000001));
#14823=CARTESIAN_POINT('',(39.3710678118653,-8.,-54.6000000000001));
#14824=CARTESIAN_POINT('',(39.3710678118653,3.14507588347853E-15,-54.6000000000001));
#14825=CARTESIAN_POINT('Origin',(38.3710678118653,-8.,-54.6000000000001));
#14826=CARTESIAN_POINT('Origin',(38.3710678118653,-8.,-54.6000000000001));
#14827=CARTESIAN_POINT('Origin',(38.3710678118653,4.25529890810369E-15,
-54.6000000000001));
#14828=CARTESIAN_POINT('',(39.8710678118653,-2.00000000000002,-54.6000000000001));
#14829=CARTESIAN_POINT('Origin',(38.3710678118653,-2.00000000000002,-54.6000000000001));
#14830=CARTESIAN_POINT('',(39.8710678118653,-4.,-54.6000000000001));
#14831=CARTESIAN_POINT('',(39.8710678118653,2.58996437116595E-15,-54.6000000000001));
#14832=CARTESIAN_POINT('Origin',(38.3710678118653,-4.,-54.6000000000001));
#14833=CARTESIAN_POINT('Origin',(38.3710678118653,-4.,-54.6000000000001));
#14834=CARTESIAN_POINT('Origin',(59.7710678118653,-2.39582437051832E-14,
-54.6000000000001));
#14835=CARTESIAN_POINT('',(61.2710678118653,-2.00000000000006,-54.6000000000001));
#14836=CARTESIAN_POINT('Origin',(59.7710678118653,-2.00000000000005,-54.6000000000001));
#14837=CARTESIAN_POINT('',(61.2710678118653,-4.00000000000003,-54.6000000000001));
#14838=CARTESIAN_POINT('',(61.2710678118653,-2.72889127790587E-14,-54.6000000000001));
#14839=CARTESIAN_POINT('Origin',(59.7710678118653,-4.00000000000002,-54.6000000000001));
#14840=CARTESIAN_POINT('Origin',(59.7710678118653,-4.00000000000002,-54.6000000000001));
#14841=CARTESIAN_POINT('Origin',(49.0710678118654,-4.00000000000003,-53.7377604509941));
#14842=CARTESIAN_POINT('',(51.1421356237309,-4.00000000000003,-52.6510418039764));
#14843=CARTESIAN_POINT('',(54.0710678118653,-4.00000000000005,-55.6251574922169));
#14844=CARTESIAN_POINT('',(51.0304686169676,-4.00000000000003,-52.5376521536394));
#14845=CARTESIAN_POINT('',(46.9999999999999,-4.00000000000003,-52.6510418039764));
#14846=CARTESIAN_POINT('',(48.0355339059326,-4.00000000000003,-52.6510418039764));
#14847=CARTESIAN_POINT('',(44.0710678118654,-4.00000000000003,-55.625157492217));
#14848=CARTESIAN_POINT('',(45.6696184260865,-4.00000000000003,-54.0019466580906));
#14849=CARTESIAN_POINT('',(44.0710678118654,-4.00000000000004,-50.1000000000001));
#14850=CARTESIAN_POINT('',(44.0710678118654,-4.00000000000003,-55.2725035308));
#14851=CARTESIAN_POINT('',(54.0710678118653,-4.00000000000005,-50.1000000000001));
#14852=CARTESIAN_POINT('',(36.5710678118653,-4.00000000000003,-50.1000000000001));
#14853=CARTESIAN_POINT('',(54.0710678118653,-4.00000000000005,-55.2725035308));
#14854=CARTESIAN_POINT('Origin',(49.0710678118654,-2.00000000000003,-56.1000000000001));
#14855=CARTESIAN_POINT('',(44.0710678118654,-2.00000000000004,-50.1000000000001));
#14856=CARTESIAN_POINT('',(44.0710678118654,-2.00000000000003,-59.4785382731764));
#14857=CARTESIAN_POINT('',(44.0710678118654,-2.00000000000003,-53.1000000000001));
#14858=CARTESIAN_POINT('',(46.6527036446661,-2.,-62.1000000000001));
#14859=CARTESIAN_POINT('',(46.0600050688627,-2.00000000000003,-61.4981580933025));
#14860=CARTESIAN_POINT('',(36.5710678118654,-1.99999999999998,-62.1000000000001));
#14861=CARTESIAN_POINT('',(197.653683030073,-2.0000000000002,-62.1000000000001));
#14862=CARTESIAN_POINT('',(36.5710678118654,-2.,-50.1000000000001));
#14863=CARTESIAN_POINT('',(36.5710678118654,-1.99999999999999,-62.1));
#14864=CARTESIAN_POINT('',(36.5710678118654,-2.,-50.1000000000001));
#14865=CARTESIAN_POINT('Origin',(49.0710678118654,-2.00000000000003,-56.1000000000001));
#14866=CARTESIAN_POINT('',(54.0710678118653,-2.00000000000005,-50.1000000000001));
#14867=CARTESIAN_POINT('',(54.0710678118654,-2.00000000000003,-59.4785382731764));
#14868=CARTESIAN_POINT('',(54.0710678118654,-2.00000000000003,-82.5855339059327));
#14869=CARTESIAN_POINT('',(61.5710678118654,-2.00000000000003,-50.1000000000001));
#14870=CARTESIAN_POINT('',(36.5710678118654,-2.,-50.1000000000001));
#14871=CARTESIAN_POINT('',(61.5710678118654,-2.00000000000002,-62.1000000000001));
#14872=CARTESIAN_POINT('',(61.5710678118654,-2.00000000000003,-50.1000000000001));
#14873=CARTESIAN_POINT('',(51.4894319790646,-2.,-62.1000000000001));
#14874=CARTESIAN_POINT('',(197.653683030073,-2.0000000000002,-62.1000000000001));
#14875=CARTESIAN_POINT('',(53.5241791355448,-2.00000000000003,-60.0338635888513));
#14876=CARTESIAN_POINT('Origin',(36.5710678118654,2.10834633426635E-15,
-50.1000000000001));
#14877=CARTESIAN_POINT('',(36.5710678118654,2.10834633426635E-15,-50.1000000000001));
#14878=CARTESIAN_POINT('',(36.5710678118654,1.69704312509533E-14,-62.1000000000001));
#14879=CARTESIAN_POINT('',(36.5710678118654,0.,-70.05));
#14880=CARTESIAN_POINT('',(36.5710678118654,2.10834633426635E-15,-50.1000000000001));
#14881=CARTESIAN_POINT('',(36.5710678118654,1.69704312509533E-14,-62.1000000000001));
#14882=CARTESIAN_POINT('Origin',(61.5710678118654,-3.08513997092931E-14,
-50.1000000000001));
#14883=CARTESIAN_POINT('',(61.5710678118654,-3.08513997092931E-14,-50.1000000000001));
#14884=CARTESIAN_POINT('',(85.7855339059327,0.,-50.1000000000001));
#14885=CARTESIAN_POINT('',(61.5710678118654,-3.08513997092931E-14,-50.1000000000001));
#14886=CARTESIAN_POINT('',(54.0710678118653,-2.00000000000005,-50.1000000000001));
#14887=CARTESIAN_POINT('',(44.0710678118654,-2.00000000000004,-50.1000000000001));
#14888=CARTESIAN_POINT('Origin',(61.5710678118654,-1.87979216053637E-14,
-62.1));
#14889=CARTESIAN_POINT('',(61.5710678118654,-1.59893147926062E-14,-62.1000000000001));
#14890=CARTESIAN_POINT('',(61.5710678118654,0.,-76.05));
#14891=CARTESIAN_POINT('',(61.5710678118654,-1.59893147926062E-14,-62.1000000000001));
#14892=CARTESIAN_POINT('Origin',(46.9999999999999,-5.1341204441673,-63.0052839565136));
#14893=CARTESIAN_POINT('',(46.9999999999999,5.32907051820075E-14,-62.1));
#14894=CARTESIAN_POINT('',(46.4146497482108,-3.37089775230436,-62.1000000000001));
#14895=CARTESIAN_POINT('',(44.0710678118654,-5.64272418114689,-60.1208488295917));
#14896=CARTESIAN_POINT('',(44.0710678118654,-5.64272418114689,-60.1208488295917));
#14897=CARTESIAN_POINT('',(46.9999999999999,-5.13412044416731,-63.0052839565136));
#14898=CARTESIAN_POINT('',(44.0710678118654,-5.64272418114689,-60.1208488295917));
#14899=CARTESIAN_POINT('',(46.9999999999999,-5.13412044416731,-63.0052839565136));
#14900=CARTESIAN_POINT('Origin',(44.0710678118654,4.72937003204914E-14,
-104.928932188134));
#14901=CARTESIAN_POINT('',(44.0710678118654,-6.36199848385705,-56.0416415533134));
#14902=CARTESIAN_POINT('',(44.0710678118654,-6.36199848385705,-56.0416415533134));
#14903=CARTESIAN_POINT('',(44.0710678118654,-14.2710678118654,-65.4673033390441));
#14904=CARTESIAN_POINT('Origin',(44.0710678118654,-4.69999999999999,-65.4673033390441));
#14905=CARTESIAN_POINT('',(44.0710678118654,-14.2710678118654,-99.5));
#14906=CARTESIAN_POINT('',(44.0710678118654,-14.2710678118654,-99.5));
#14907=CARTESIAN_POINT('',(44.0710678118654,-4.69999999999999,-109.071067811865));
#14908=CARTESIAN_POINT('Origin',(44.0710678118654,-4.69999999999998,-99.5));
#14909=CARTESIAN_POINT('',(44.0710678118654,5.14542954075037E-14,-109.071067811865));
#14910=CARTESIAN_POINT('',(44.0710678118654,-4.69999999999999,-104.928932188134));
#14911=CARTESIAN_POINT('',(44.0710678118654,4.72937003204914E-14,-104.928932188134));
#14912=CARTESIAN_POINT('',(44.0710678118654,-10.1289321881345,-99.5));
#14913=CARTESIAN_POINT('Origin',(44.0710678118654,-4.69999999999999,-99.5));
#14914=CARTESIAN_POINT('',(44.0710678118654,-10.1289321881345,-65.4673033390441));
#14915=CARTESIAN_POINT('',(44.0710678118654,-10.1289321881345,-99.5));
#14916=CARTESIAN_POINT('Origin',(44.0710678118654,-4.7,-65.4673033390441));
#14917=CARTESIAN_POINT('Origin',(44.0710678118654,-6.36199848385704,-56.0416415533134));
#14918=CARTESIAN_POINT('',(46.9999999999999,-6.87060222083661,-53.1572064263915));
#14919=CARTESIAN_POINT('',(46.9999999999999,-6.87060222083661,-53.1572064263915));
#14920=CARTESIAN_POINT('',(46.9999999999999,-6.87060222083661,-53.1572064263915));
#14921=CARTESIAN_POINT('Origin',(46.9999999999999,-6.87060222083662,-53.1572064263915));
#14922=CARTESIAN_POINT('',(51.1421356237309,-6.87060222083661,-53.1572064263915));
#14923=CARTESIAN_POINT('',(51.1421356237309,-6.87060222083661,-53.1572064263915));
#14924=CARTESIAN_POINT('',(51.1421356237309,-6.87060222083661,-53.1572064263915));
#14925=CARTESIAN_POINT('Origin',(51.1421356237309,-6.87060222083662,-53.1572064263916));
#14926=CARTESIAN_POINT('',(54.0710678118654,-6.36199848385704,-56.0416415533134));
#14927=CARTESIAN_POINT('',(54.0710678118654,-6.36199848385704,-56.0416415533134));
#14928=CARTESIAN_POINT('',(54.0710678118654,-6.36199848385703,-56.0416415533135));
#14929=CARTESIAN_POINT('Origin',(54.0710678118654,-5.64272418114689,-60.1208488295917));
#14930=CARTESIAN_POINT('',(51.1421356237309,5.77315972805081E-14,-62.1));
#14931=CARTESIAN_POINT('',(51.4473305832382,-1.75754772441579,-62.1000000000001));
#14932=CARTESIAN_POINT('',(51.1421356237309,-5.13412044416731,-63.0052839565136));
#14933=CARTESIAN_POINT('',(51.1421356237309,-5.13412044416731,-63.0052839565136));
#14934=CARTESIAN_POINT('',(54.0710678118654,-5.64272418114689,-60.1208488295917));
#14935=CARTESIAN_POINT('',(51.1421356237309,-5.13412044416731,-63.0052839565136));
#14936=CARTESIAN_POINT('',(54.0710678118654,-5.64272418114689,-60.1208488295917));
#14937=CARTESIAN_POINT('Origin',(51.1421356237309,-5.13412044416731,-63.0052839565136));
#14938=CARTESIAN_POINT('',(72.945637010922,0.,-62.1));
#14939=CARTESIAN_POINT('',(46.9999999999999,-5.13412044416731,-63.0052839565136));
#14940=CARTESIAN_POINT('Origin',(52.6066017177981,-4.69999999999999,-65.4673033390441));
#14941=CARTESIAN_POINT('',(54.0710678118654,-10.1289321881345,-65.4673033390441));
#14942=CARTESIAN_POINT('',(51.1421356237309,-7.19999999999999,-65.4673033390441));
#14943=CARTESIAN_POINT('',(51.1421356237309,-7.19999999999998,-65.4673033390441));
#14944=CARTESIAN_POINT('Origin',(54.0710678118654,-4.7,-65.4673033390441));
#14945=CARTESIAN_POINT('Origin',(51.1421356237309,-4.70000000000001,-65.4673033390441));
#14946=CARTESIAN_POINT('Origin',(52.6066017177981,-4.69999999999999,-65.4673033390441));
#14947=CARTESIAN_POINT('',(51.1421356237309,-17.2,-65.4673033390441));
#14948=CARTESIAN_POINT('',(54.0710678118654,-14.2710678118654,-65.4673033390441));
#14949=CARTESIAN_POINT('',(54.0710678118654,-14.2710678118654,-65.4673033390441));
#14950=CARTESIAN_POINT('Origin',(51.1421356237309,-4.69999999999999,-65.4673033390441));
#14951=CARTESIAN_POINT('Origin',(54.0710678118654,-4.70000000000001,-65.4673033390441));
#14952=CARTESIAN_POINT('Origin',(49.0710678118654,-4.69999999999999,-65.4673033390441));
#14953=CARTESIAN_POINT('',(46.9999999999999,-17.2,-65.4673033390441));
#14954=CARTESIAN_POINT('',(51.1421356237309,-17.1999999999999,-65.4673033390441));
#14955=CARTESIAN_POINT('Origin',(46.9999999999999,-4.69999999999999,-65.4673033390441));
#14956=CARTESIAN_POINT('Origin',(45.5355339059327,-4.69999999999999,-65.4673033390441));
#14957=CARTESIAN_POINT('',(46.9999999999999,-17.1999999999999,-65.4673033390441));
#14958=CARTESIAN_POINT('Origin',(45.5355339059327,-4.69999999999999,-65.4673033390441));
#14959=CARTESIAN_POINT('',(46.9999999999999,-7.19999999999999,-65.4673033390441));
#14960=CARTESIAN_POINT('',(44.0710678118654,-10.1289321881345,-65.4673033390441));
#14961=CARTESIAN_POINT('Origin',(46.9999999999999,-4.70000000000001,-65.4673033390441));
#14962=CARTESIAN_POINT('Origin',(49.0710678118654,-4.69999999999999,-65.4673033390441));
#14963=CARTESIAN_POINT('',(46.9999999999999,-7.19999999999998,-65.4673033390441));
#14964=CARTESIAN_POINT('Origin',(54.0710678118654,-10.1289321881345,-99.5));
#14965=CARTESIAN_POINT('',(54.0710678118654,-10.1289321881345,-99.5));
#14966=CARTESIAN_POINT('',(51.1421356237309,-7.2,-99.5));
#14967=CARTESIAN_POINT('',(51.1421356237309,-7.19999999999999,-99.5));
#14968=CARTESIAN_POINT('',(54.0710678118654,-10.1289321881345,-99.5));
#14969=CARTESIAN_POINT('',(51.1421356237309,-7.2,-99.5));
#14970=CARTESIAN_POINT('Origin',(51.1421356237309,-17.1999999999999,-99.5));
#14971=CARTESIAN_POINT('',(51.1421356237309,-17.2,-99.5));
#14972=CARTESIAN_POINT('',(54.0710678118654,-14.2710678118654,-99.5));
#14973=CARTESIAN_POINT('',(54.0710678118654,-14.2710678118654,-99.5));
#14974=CARTESIAN_POINT('',(51.1421356237309,-17.2,-99.5));
#14975=CARTESIAN_POINT('',(54.0710678118654,-14.2710678118654,-99.5));
#14976=CARTESIAN_POINT('Origin',(46.9999999999999,-17.2,-99.5));
#14977=CARTESIAN_POINT('',(46.9999999999999,-17.2,-99.5));
#14978=CARTESIAN_POINT('',(51.1421356237309,-17.2,-99.5));
#14979=CARTESIAN_POINT('',(46.9999999999999,-17.2,-99.5));
#14980=CARTESIAN_POINT('Origin',(44.0710678118654,-14.2710678118654,-99.5));
#14981=CARTESIAN_POINT('',(46.9999999999999,-17.2,-99.5));
#14982=CARTESIAN_POINT('Origin',(46.9999999999999,-7.19999999999997,-99.5));
#14983=CARTESIAN_POINT('',(46.9999999999999,-7.2,-99.5));
#14984=CARTESIAN_POINT('',(44.0710678118654,-10.1289321881345,-99.5));
#14985=CARTESIAN_POINT('',(46.9999999999999,-7.2,-99.5));
#14986=CARTESIAN_POINT('Origin',(51.1421356237309,-7.19999999999999,-99.5));
#14987=CARTESIAN_POINT('',(46.9999999999999,-7.19999999999999,-99.5));
#14988=CARTESIAN_POINT('Origin',(52.6066017177981,-4.7,-99.5));
#14989=CARTESIAN_POINT('',(54.0710678118654,-4.7,-104.928932188134));
#14990=CARTESIAN_POINT('',(51.1421356237309,-4.7,-102.));
#14991=CARTESIAN_POINT('',(51.1421356237309,-4.7,-102.));
#14992=CARTESIAN_POINT('Origin',(54.0710678118654,-4.7,-99.5));
#14993=CARTESIAN_POINT('Origin',(51.1421356237309,-4.7,-99.5));
#14994=CARTESIAN_POINT('Origin',(52.6066017177981,-4.7,-99.5));
#14995=CARTESIAN_POINT('',(51.1421356237309,-4.69999999999999,-112.));
#14996=CARTESIAN_POINT('',(54.0710678118654,-4.7,-109.071067811865));
#14997=CARTESIAN_POINT('',(54.0710678118654,-4.7,-109.071067811865));
#14998=CARTESIAN_POINT('Origin',(51.1421356237309,-4.69999999999998,-99.5));
#14999=CARTESIAN_POINT('Origin',(54.0710678118654,-4.69999999999999,-99.5));
#15000=CARTESIAN_POINT('Origin',(49.0710678118654,-4.7,-99.5));
#15001=CARTESIAN_POINT('',(46.9999999999999,-4.69999999999999,-112.));
#15002=CARTESIAN_POINT('',(51.1421356237309,-4.69999999999999,-112.));
#15003=CARTESIAN_POINT('Origin',(46.9999999999999,-4.7,-99.5));
#15004=CARTESIAN_POINT('Origin',(45.5355339059327,-4.7,-99.5));
#15005=CARTESIAN_POINT('',(46.9999999999999,-4.69999999999999,-112.));
#15006=CARTESIAN_POINT('Origin',(45.5355339059327,-4.7,-99.5));
#15007=CARTESIAN_POINT('',(46.9999999999999,-4.7,-102.));
#15008=CARTESIAN_POINT('',(44.0710678118654,-4.69999999999999,-104.928932188134));
#15009=CARTESIAN_POINT('Origin',(46.9999999999999,-4.69999999999999,-99.5));
#15010=CARTESIAN_POINT('Origin',(49.0710678118654,-4.7,-99.5));
#15011=CARTESIAN_POINT('',(46.9999999999999,-4.7,-102.));
#15012=CARTESIAN_POINT('Origin',(54.0710678118654,3.41098019030677E-14,
-104.928932188135));
#15013=CARTESIAN_POINT('',(54.0710678118654,3.41098019030677E-14,-104.928932188134));
#15014=CARTESIAN_POINT('',(51.1421356237309,3.50292913472587E-14,-102.));
#15015=CARTESIAN_POINT('Origin',(54.0710678118654,3.82703969900799E-14,
-109.071067811865));
#15016=CARTESIAN_POINT('',(54.0710678118654,3.82703969900799E-14,-109.071067811865));
#15017=CARTESIAN_POINT('Origin',(51.1421356237309,4.50738564338666E-14,
-112.));
#15018=CARTESIAN_POINT('',(51.1421356237309,4.50738564338666E-14,-112.));
#15019=CARTESIAN_POINT('Origin',(46.9999999999999,5.05348059633127E-14,
-112.));
#15020=CARTESIAN_POINT('',(46.9999999999999,5.05348059633127E-14,-112.));
#15021=CARTESIAN_POINT('Origin',(44.0710678118654,5.14542954075037E-14,
-109.071067811865));
#15022=CARTESIAN_POINT('Origin',(46.9999999999999,4.04902408767048E-14,
-102.));
#15023=CARTESIAN_POINT('',(46.9999999999999,4.04902408767048E-14,-102.));
#15024=CARTESIAN_POINT('Origin',(51.1421356237309,3.50292913472587E-14,
-102.));
#15025=CARTESIAN_POINT('Origin',(110.,0.,-90.));
#15026=CARTESIAN_POINT('',(35.4912740218441,0.,-62.1000000000001));
#15027=CARTESIAN_POINT('',(72.945637010922,0.,-62.1));
#15028=CARTESIAN_POINT('',(35.4912740218441,-2.22044604925031E-15,-48.1));
#15029=CARTESIAN_POINT('',(35.4912740218441,0.,-74.775));
#15030=CARTESIAN_POINT('',(30.1912740218441,0.,-48.1));
#15031=CARTESIAN_POINT('',(64.1590577684402,0.,-48.1));
#15032=CARTESIAN_POINT('',(30.1912740218441,0.,-39.743580423809));
#15033=CARTESIAN_POINT('',(30.1912740218441,0.,-78.275));
#15034=CARTESIAN_POINT('',(30.0683669742062,-5.72191866537581E-16,-39.7));
#15035=CARTESIAN_POINT('Ctrl Pts',(30.0683669742062,-5.55111512312578E-16,
-39.7));
#15036=CARTESIAN_POINT('Ctrl Pts',(30.0721392626561,-5.55111512312578E-16,
-39.7));
#15037=CARTESIAN_POINT('Ctrl Pts',(30.0759124095846,0.,-39.7000824773295));
#15038=CARTESIAN_POINT('Ctrl Pts',(30.096438573438,0.,-39.7010086374975));
#15039=CARTESIAN_POINT('Ctrl Pts',(30.113190434553,-5.16503506631238E-12,
-39.7035002100153));
#15040=CARTESIAN_POINT('Ctrl Pts',(30.1410718219604,-5.16503506631238E-12,
-39.7116700574533));
#15041=CARTESIAN_POINT('Ctrl Pts',(30.1525415580401,-2.81843998350277E-12,
-39.7163411901611));
#15042=CARTESIAN_POINT('Ctrl Pts',(30.1733266586466,-2.81843987163833E-12,
-39.7281148871939));
#15043=CARTESIAN_POINT('Ctrl Pts',(30.1826096119239,1.38777073513112E-16,
-39.734993561215));
#15044=CARTESIAN_POINT('Ctrl Pts',(30.1910052310042,1.38777891212764E-16,
-39.7433122508263));
#15045=CARTESIAN_POINT('Ctrl Pts',(30.1911397803727,4.17185279790851E-16,
-39.7434461823376));
#15046=CARTESIAN_POINT('Ctrl Pts',(30.1912740218441,4.16333634234434E-16,
-39.743580423809));
#15047=CARTESIAN_POINT('',(8.21418106948202,-5.76461955093832E-16,-39.7));
#15048=CARTESIAN_POINT('',(69.7456370109221,0.,-39.7));
#15049=CARTESIAN_POINT('',(8.09127402184409,0.,-39.743580423809));
#15050=CARTESIAN_POINT('Ctrl Pts',(8.09127402184409,1.38777878078145E-16,
-39.743580423809));
#15051=CARTESIAN_POINT('Ctrl Pts',(8.09140825604008,1.38777878078145E-16,
-39.743446189613));
#15052=CARTESIAN_POINT('Ctrl Pts',(8.09154279794888,-1.38777878078145E-16,
-39.7433122654929));
#15053=CARTESIAN_POINT('Ctrl Pts',(8.1007750210193,-1.38777878078145E-16,
-39.7341646331502));
#15054=CARTESIAN_POINT('Ctrl Pts',(8.11110888653327,1.38837062103927E-16,
-39.7267408715599));
#15055=CARTESIAN_POINT('Ctrl Pts',(8.13471017721803,1.38712801471126E-16,
-39.7141135737568));
#15056=CARTESIAN_POINT('Ctrl Pts',(8.1480047598543,-6.34811647692857E-12,
-39.7092881139764));
#15057=CARTESIAN_POINT('Ctrl Pts',(8.17877051122629,-6.34811647692857E-12,
-39.7018082036794));
#15058=CARTESIAN_POINT('Ctrl Pts',(8.19651819946981,-1.38777878078145E-16,
-39.7));
#15059=CARTESIAN_POINT('Ctrl Pts',(8.214181069482,-1.38777878078145E-16,
-39.7));
#15060=CARTESIAN_POINT('',(8.09127402184409,-1.11022302462516E-15,-47.7));
#15061=CARTESIAN_POINT('',(8.09127402184409,0.,-64.85));
#15062=CARTESIAN_POINT('',(4.,0.,-47.7));
#15063=CARTESIAN_POINT('',(8.7912740218441,-1.11022302462516E-15,-47.7));
#15064=CARTESIAN_POINT('',(4.,0.,-39.5));
#15065=CARTESIAN_POINT('',(4.,0.,-77.775));
#15066=CARTESIAN_POINT('',(55.,0.,-39.5));
#15067=CARTESIAN_POINT('',(160.553683030073,-5.77315972805081E-14,-11.8999999999998));
#15068=CARTESIAN_POINT('',(153.826841515036,0.,-11.8999999999998));
#15069=CARTESIAN_POINT('',(160.553683030073,-2.33146835171283E-14,-47.2999999999999));
#15070=CARTESIAN_POINT('',(160.553683030073,0.,-53.4499999999999));
#15071=CARTESIAN_POINT('',(160.753683030073,0.,-47.2999999999999));
#15072=CARTESIAN_POINT('',(153.826841515036,0.,-47.2999999999999));
#15073=CARTESIAN_POINT('',(160.753683030073,0.,-62.1));
#15074=CARTESIAN_POINT('',(160.753683030073,0.,-76.05));
#15075=CARTESIAN_POINT('',(72.945637010922,0.,-62.1));
#15076=CARTESIAN_POINT('',(174.51050163075,-4.44089209850063E-13,-8.89999999999978));
#15077=CARTESIAN_POINT('Origin',(172.51050163075,-1.65071660044684E-13,
-8.89999999999978));
#15078=CARTESIAN_POINT('',(187.896864429396,-4.9293902293357E-13,-4.00000000000002));
#15079=CARTESIAN_POINT('Origin',(185.896864429396,-1.75045163549233E-13,
-4.00000000000002));
#15080=CARTESIAN_POINT('Origin',(159.403683030073,-1.34721513087549E-13,
-75.0999999999999));
#15081=CARTESIAN_POINT('',(159.403683030073,-2.00000000000014,-73.0999999999999));
#15082=CARTESIAN_POINT('',(159.403683030073,-6.50000000000014,-77.5999999999912));
#15083=CARTESIAN_POINT('Origin',(159.403683030073,-2.00000000000013,-77.6));
#15084=CARTESIAN_POINT('',(159.403683030073,-1.3673042610487E-13,-73.0999999999999));
#15085=CARTESIAN_POINT('',(159.403683030073,-2.00000000000013,-75.0999999999999));
#15086=CARTESIAN_POINT('',(159.403683030073,-1.34721513087549E-13,-75.0999999999999));
#15087=CARTESIAN_POINT('',(159.403683030073,-4.50000000000013,-77.5999999999951));
#15088=CARTESIAN_POINT('Origin',(159.403683030073,-2.00000000000013,-77.5999999999999));
#15089=CARTESIAN_POINT('',(159.403683030073,-4.5000000000137,-84.5999999999951));
#15090=CARTESIAN_POINT('',(159.403683030073,-4.50000000000013,-77.5999999999951));
#15091=CARTESIAN_POINT('',(159.403683030073,-2.00000000000014,-87.1000000000135));
#15092=CARTESIAN_POINT('Origin',(159.403683030073,-2.00000000000014,-84.5999999999999));
#15093=CARTESIAN_POINT('',(159.403683030073,-2.00000000000014,-87.1000000000135));
#15094=CARTESIAN_POINT('',(159.403683030073,-2.00000000000013,-89.1000000000135));
#15095=CARTESIAN_POINT('',(159.403683030073,-2.00000000000013,-89.1000000000135));
#15096=CARTESIAN_POINT('',(159.403683030073,-6.5000000000137,-84.5999999999912));
#15097=CARTESIAN_POINT('Origin',(159.403683030073,-2.00000000000016,-84.6));
#15098=CARTESIAN_POINT('',(159.403683030073,-6.50000000000014,-77.5999999999912));
#15099=CARTESIAN_POINT('Origin',(155.903683030073,-2.00000000000014,-87.1000000000135));
#15100=CARTESIAN_POINT('',(155.903683030073,-2.00000000000014,-87.1000000000135));
#15101=CARTESIAN_POINT('',(155.903683030073,-2.00000000000014,-87.1000000000135));
#15102=CARTESIAN_POINT('',(155.903683030073,-2.00000000000014,-87.1000000000135));
#15103=CARTESIAN_POINT('Origin',(159.403683030073,-2.00000000000014,-89.1000000000135));
#15104=CARTESIAN_POINT('',(155.903683030073,-2.00000000000015,-89.1000000000135));
#15105=CARTESIAN_POINT('',(159.403683030073,-2.00000000000014,-89.1000000000135));
#15106=CARTESIAN_POINT('',(155.903683030073,-2.00000000000015,-89.1000000000135));
#15107=CARTESIAN_POINT('Origin',(157.653683030073,-2.00000000000014,-84.5999999999999));
#15108=CARTESIAN_POINT('',(155.903683030073,-4.5000000000137,-84.5999999999951));
#15109=CARTESIAN_POINT('',(155.903683030073,-4.5000000000137,-84.5999999999951));
#15110=CARTESIAN_POINT('Origin',(155.903683030073,-2.00000000000014,-84.5999999999999));
#15111=CARTESIAN_POINT('Origin',(157.653683030073,-2.00000000000014,-84.5999999999999));
#15112=CARTESIAN_POINT('',(155.903683030073,-6.5000000000137,-84.5999999999912));
#15113=CARTESIAN_POINT('',(159.403683030073,-6.5000000000137,-84.5999999999912));
#15114=CARTESIAN_POINT('Origin',(155.903683030073,-2.00000000000015,-84.5999999999999));
#15115=CARTESIAN_POINT('Origin',(155.903683030073,-4.50000000000014,-77.5999999999951));
#15116=CARTESIAN_POINT('',(155.903683030073,-4.50000000000013,-77.5999999999951));
#15117=CARTESIAN_POINT('',(155.903683030073,-4.50000000000014,-77.5999999999951));
#15118=CARTESIAN_POINT('',(155.903683030073,-4.50000000000013,-77.5999999999951));
#15119=CARTESIAN_POINT('Origin',(159.403683030073,-6.50000000000014,-77.5999999999912));
#15120=CARTESIAN_POINT('',(155.903683030073,-6.50000000000014,-77.5999999999912));
#15121=CARTESIAN_POINT('',(159.403683030073,-6.50000000000014,-77.5999999999912));
#15122=CARTESIAN_POINT('',(155.903683030073,-6.50000000000014,-77.5999999999912));
#15123=CARTESIAN_POINT('Origin',(157.653683030073,-2.00000000000013,-77.5999999999999));
#15124=CARTESIAN_POINT('',(155.903683030073,-2.00000000000013,-75.0999999999999));
#15125=CARTESIAN_POINT('',(155.903683030073,-2.00000000000013,-75.0999999999999));
#15126=CARTESIAN_POINT('Origin',(155.903683030073,-2.00000000000013,-77.6));
#15127=CARTESIAN_POINT('Origin',(157.653683030073,-2.00000000000013,-77.5999999999999));
#15128=CARTESIAN_POINT('',(155.903683030073,-2.00000000000013,-73.0999999999999));
#15129=CARTESIAN_POINT('',(159.403683030073,-2.00000000000014,-73.0999999999999));
#15130=CARTESIAN_POINT('Origin',(155.903683030073,-2.00000000000014,-77.5999999999999));
#15131=CARTESIAN_POINT('Origin',(155.903683030073,-1.30107148641451E-13,
-75.0999999999999));
#15132=CARTESIAN_POINT('',(155.903683030073,-1.30107148641451E-13,-75.0999999999999));
#15133=CARTESIAN_POINT('Origin',(155.903683030073,-1.32116061658772E-13,
-73.0999999999999));
#15134=CARTESIAN_POINT('',(155.903683030073,-1.32116061658772E-13,-73.0999999999999));
#15135=CARTESIAN_POINT('Origin',(159.403683030073,-1.3673042610487E-13,
-73.0999999999999));
#15136=CARTESIAN_POINT('Origin',(181.754305644702,-3.75000000000018,-79.8573683548744));
#15137=CARTESIAN_POINT('',(179.653683030073,-2.25000000000017,-77.2592921435211));
#15138=CARTESIAN_POINT('',(179.653683030073,-2.25000000000017,-77.2592921435211));
#15139=CARTESIAN_POINT('',(181.754305644702,-3.75000000000017,-79.8573683548744));
#15140=CARTESIAN_POINT('',(179.653683030073,-2.25000000000017,-77.2592921435211));
#15141=CARTESIAN_POINT('',(181.754305644702,-3.75000000000017,-79.8573683548744));
#15142=CARTESIAN_POINT('Origin',(189.553060415444,-3.75000000000017,-79.8573683548744));
#15143=CARTESIAN_POINT('',(189.553060415444,-3.75000000000017,-79.8573683548744));
#15144=CARTESIAN_POINT('',(181.754305644702,-3.75000000000018,-79.8573683548744));
#15145=CARTESIAN_POINT('',(189.553060415444,-3.75000000000017,-79.8573683548744));
#15146=CARTESIAN_POINT('Origin',(191.653683030073,-2.25000000000019,-77.2592921435211));
#15147=CARTESIAN_POINT('',(191.653683030073,-2.25000000000018,-77.2592921435211));
#15148=CARTESIAN_POINT('',(189.553060415444,-3.75000000000018,-79.8573683548744));
#15149=CARTESIAN_POINT('',(191.653683030073,-2.25000000000018,-77.2592921435211));
#15150=CARTESIAN_POINT('Origin',(191.653683030073,-2.00000000000017,-47.3));
#15151=CARTESIAN_POINT('',(191.653683030073,-8.00000000000017,-67.3));
#15152=CARTESIAN_POINT('Origin',(191.653683030073,3.49999999999982,-67.3));
#15153=CARTESIAN_POINT('',(191.653683030073,-8.00000000000017,-47.3));
#15154=CARTESIAN_POINT('',(191.653683030073,-8.00000000000017,-47.3));
#15155=CARTESIAN_POINT('',(191.653683030073,-2.00000000000017,-47.3));
#15156=CARTESIAN_POINT('',(191.653683030073,-1.00000000000007,-47.2999999999999));
#15157=CARTESIAN_POINT('',(191.653683030073,-2.00000000000017,-67.3));
#15158=CARTESIAN_POINT('',(191.653683030073,-2.00000000000017,-47.3));
#15159=CARTESIAN_POINT('Origin',(191.653683030073,3.49999999999982,-67.3));
#15160=CARTESIAN_POINT('Origin',(190.603371722758,3.49999999999983,-67.3));
#15161=CARTESIAN_POINT('',(191.653683030073,-2.00000000000017,-67.3));
#15162=CARTESIAN_POINT('Origin',(189.553060415444,0.99999999999983,-47.3));
#15163=CARTESIAN_POINT('',(189.553060415444,0.999999999999831,-47.3));
#15164=CARTESIAN_POINT('',(191.120495197377,-1.2385288595161,-47.2999999999999));
#15165=CARTESIAN_POINT('',(189.553060415444,0.999999999999831,-47.3));
#15166=CARTESIAN_POINT('Origin',(180.703994337387,3.49999999999983,-67.3));
#15167=CARTESIAN_POINT('',(181.754305644702,-11.0000000000002,-67.3));
#15168=CARTESIAN_POINT('',(179.653683030073,-8.00000000000016,-67.3));
#15169=CARTESIAN_POINT('',(179.653683030073,-8.00000000000016,-67.3));
#15170=CARTESIAN_POINT('Origin',(181.754305644702,3.49999999999983,-67.3));
#15171=CARTESIAN_POINT('Origin',(179.653683030073,3.49999999999982,-67.3));
#15172=CARTESIAN_POINT('Origin',(185.653683030073,3.49999999999983,-67.3));
#15173=CARTESIAN_POINT('',(189.553060415444,-11.0000000000002,-67.3));
#15174=CARTESIAN_POINT('',(181.754305644702,-11.0000000000002,-67.3));
#15175=CARTESIAN_POINT('Origin',(189.553060415444,3.49999999999982,-67.3));
#15176=CARTESIAN_POINT('Origin',(190.603371722758,3.49999999999983,-67.3));
#15177=CARTESIAN_POINT('',(189.553060415444,-11.0000000000002,-67.3));
#15178=CARTESIAN_POINT('Origin',(180.703994337387,3.49999999999983,-67.3));
#15179=CARTESIAN_POINT('',(179.653683030073,-2.00000000000016,-67.3));
#15180=CARTESIAN_POINT('',(179.653683030073,-2.00000000000016,-67.3));
#15181=CARTESIAN_POINT('Origin',(179.653683030073,3.49999999999981,-67.3));
#15182=CARTESIAN_POINT('Origin',(181.754305644702,-11.0000000000002,-47.3));
#15183=CARTESIAN_POINT('',(181.754305644702,-11.0000000000002,-47.3));
#15184=CARTESIAN_POINT('',(179.653683030073,-8.00000000000016,-47.3));
#15185=CARTESIAN_POINT('',(181.78551845085,-11.0445765068853,-47.2999999999999));
#15186=CARTESIAN_POINT('',(181.754305644702,-11.0000000000002,-47.3));
#15187=CARTESIAN_POINT('',(179.653683030073,-8.00000000000016,-47.3));
#15188=CARTESIAN_POINT('Origin',(191.653683030073,-8.00000000000017,-47.3));
#15189=CARTESIAN_POINT('',(189.553060415444,-11.0000000000002,-47.3));
#15190=CARTESIAN_POINT('',(194.520038056656,-3.90642078216989,-47.2999999999999));
#15191=CARTESIAN_POINT('',(189.553060415444,-11.0000000000002,-47.3));
#15192=CARTESIAN_POINT('Origin',(181.754305644702,0.999999999999834,-47.3));
#15193=CARTESIAN_POINT('',(181.754305644702,0.999999999999834,-47.3));
#15194=CARTESIAN_POINT('',(189.703994337387,0.999999999999831,-47.2999999999999));
#15195=CARTESIAN_POINT('',(181.754305644702,0.999999999999834,-47.3));
#15196=CARTESIAN_POINT('Origin',(179.653683030073,-2.00000000000016,-47.3));
#15197=CARTESIAN_POINT('',(179.653683030073,-2.00000000000016,-47.3));
#15198=CARTESIAN_POINT('',(183.0844386955,2.89962686519931,-47.2999999999999));
#15199=CARTESIAN_POINT('',(179.653683030073,-2.00000000000016,-47.3));
#15200=CARTESIAN_POINT('Origin',(179.653683030073,-8.00000000000016,-47.3));
#15201=CARTESIAN_POINT('',(179.653683030073,-4.00000000000016,-47.2999999999999));
#15202=CARTESIAN_POINT('Origin',(185.896864429396,-4.88498130835069E-13,
-4.00000000000002));
#15203=CARTESIAN_POINT('',(187.896864429396,-6.00000000000049,-4.00000000000004));
#15204=CARTESIAN_POINT('',(187.896864429396,-4.88498130835069E-13,-4.00000000000002));
#15205=CARTESIAN_POINT('Origin',(185.896864429396,-6.00000000000049,-4.00000000000004));
#15206=CARTESIAN_POINT('Origin',(185.896864429396,-6.00000000000049,-4.00000000000004));
#15207=CARTESIAN_POINT('',(187.496864429396,-6.00000000000049,-4.00000000000004));
#15208=CARTESIAN_POINT('Origin',(185.896864429396,-6.00000000000049,-4.00000000000004));
#15209=CARTESIAN_POINT('Origin',(172.51050163075,-4.39648317751562E-13,
-8.89999999999978));
#15210=CARTESIAN_POINT('',(174.51050163075,-6.00000000000044,-8.89999999999979));
#15211=CARTESIAN_POINT('',(174.51050163075,-4.39648317751562E-13,-8.89999999999978));
#15212=CARTESIAN_POINT('Origin',(172.51050163075,-6.00000000000044,-8.89999999999979));
#15213=CARTESIAN_POINT('Origin',(172.51050163075,-6.00000000000044,-8.89999999999979));
#15214=CARTESIAN_POINT('',(174.11050163075,-6.00000000000044,-8.89999999999979));
#15215=CARTESIAN_POINT('Origin',(172.51050163075,-6.00000000000044,-8.89999999999979));
#15216=CARTESIAN_POINT('Origin',(172.51050163075,24.1999999999996,-8.89999999999973));
#15217=CARTESIAN_POINT('',(174.11050163075,-10.8000000000004,-8.8999999999998));
#15218=CARTESIAN_POINT('',(174.11050163075,24.1999999999996,-8.89999999999973));
#15219=CARTESIAN_POINT('Origin',(172.51050163075,-10.8000000000004,-8.8999999999998));
#15220=CARTESIAN_POINT('Origin',(172.51050163075,-10.8000000000004,-8.8999999999998));
#15221=CARTESIAN_POINT('Origin',(185.896864429396,24.1999999999995,-3.99999999999998));
#15222=CARTESIAN_POINT('',(187.496864429396,-10.8000000000005,-4.00000000000005));
#15223=CARTESIAN_POINT('',(187.496864429396,24.1999999999995,-3.99999999999998));
#15224=CARTESIAN_POINT('Origin',(185.896864429396,-10.8000000000005,-4.00000000000005));
#15225=CARTESIAN_POINT('Origin',(185.896864429396,-10.8000000000005,-4.00000000000005));
#15226=CARTESIAN_POINT('Origin',(197.653683030073,-4.7000000000002,-11.8999999999998));
#15227=CARTESIAN_POINT('',(160.553683030073,-4.70000000000024,-11.8999999999998));
#15228=CARTESIAN_POINT('',(162.553683030073,-4.70000000000024,-11.8999999999998));
#15229=CARTESIAN_POINT('',(179.103683030073,-4.70000000000022,-11.8999999999998));
#15230=CARTESIAN_POINT('',(160.553683030073,-11.0000000000002,-11.8999999999998));
#15231=CARTESIAN_POINT('',(195.653683030073,-4.7000000000002,-11.8999999999998));
#15232=CARTESIAN_POINT('',(197.653683030073,-4.7000000000002,-11.8999999999998));
#15233=CARTESIAN_POINT('',(195.653683030073,-11.0000000000002,-11.8999999999998));
#15234=CARTESIAN_POINT('',(195.653683030073,-11.0000000000002,-11.8999999999998));
#15235=CARTESIAN_POINT('',(162.553683030073,-11.0000000000002,-11.8999999999998));
#15236=CARTESIAN_POINT('',(195.653683030073,-11.0000000000002,-11.8999999999998));
#15237=CARTESIAN_POINT('',(162.553683030073,-6.27500000000023,-11.8999999999998));
#15238=CARTESIAN_POINT('Origin',(164.253683030073,12.6999999999997,-47.2999999999999));
#15239=CARTESIAN_POINT('',(162.253683030073,12.6999999999997,-47.2999999999999));
#15240=CARTESIAN_POINT('Origin',(164.253683030073,12.6999999999997,-47.2999999999999));
#15241=CARTESIAN_POINT('',(162.253683030073,12.6999999999997,-55.2999999999999));
#15242=CARTESIAN_POINT('',(162.253683030073,12.6999999999997,-47.2999999999999));
#15243=CARTESIAN_POINT('Origin',(164.253683030073,12.6999999999997,-55.2999999999999));
#15244=CARTESIAN_POINT('Origin',(164.253683030073,12.6999999999997,-55.2999999999999));
#15245=CARTESIAN_POINT('',(162.653683030073,12.6999999999997,-55.2999999999999));
#15246=CARTESIAN_POINT('Origin',(164.253683030073,12.6999999999997,-55.2999999999999));
#15247=CARTESIAN_POINT('Origin',(164.253683030073,12.6999999999997,-67.0999999999999));
#15248=CARTESIAN_POINT('',(161.253683030073,12.6999999999997,-63.0999999999999));
#15249=CARTESIAN_POINT('',(161.253683030073,12.6999999999997,-67.0999999999999));
#15250=CARTESIAN_POINT('Origin',(164.253683030073,12.6999999999997,-63.0999999999999));
#15251=CARTESIAN_POINT('Origin',(164.253683030073,12.6999999999997,-63.0999999999999));
#15252=CARTESIAN_POINT('',(162.653683030073,12.6999999999997,-63.0999999999999));
#15253=CARTESIAN_POINT('Origin',(164.253683030073,12.6999999999997,-63.0999999999999));
#15254=CARTESIAN_POINT('Origin',(164.253683030073,12.6999999999997,-47.2999999999999));
#15255=CARTESIAN_POINT('',(162.653683030073,12.6999999999997,-47.2999999999999));
#15256=CARTESIAN_POINT('Origin',(194.153683030073,12.6999999999996,-47.2999999999999));
#15257=CARTESIAN_POINT('',(192.453683030073,12.6999999999996,-47.2999999999999));
#15258=CARTESIAN_POINT('Origin',(194.153683030073,12.6999999999996,-47.2999999999999));
#15259=CARTESIAN_POINT('',(192.453683030073,12.6999999999996,-53.2999999999999));
#15260=CARTESIAN_POINT('',(192.453683030073,12.6999999999996,-47.2999999999999));
#15261=CARTESIAN_POINT('Origin',(194.153683030073,12.6999999999996,-53.2999999999999));
#15262=CARTESIAN_POINT('Origin',(194.153683030073,12.6999999999996,-53.2999999999999));
#15263=CARTESIAN_POINT('Origin',(160.753683030073,17.1435322651631,-62.1000000000001));
#15264=CARTESIAN_POINT('',(160.753683030073,17.1435322651631,-47.3));
#15265=CARTESIAN_POINT('',(160.753683030073,17.1435322651631,-47.3));
#15266=CARTESIAN_POINT('',(160.753683030073,17.1435322651631,-62.1000000000001));
#15267=CARTESIAN_POINT('',(160.753683030073,17.1435322651631,-62.1000000000001));
#15268=CARTESIAN_POINT('',(160.753683030073,8.57176613258156,-62.0999999999999));
#15269=CARTESIAN_POINT('Origin',(197.38863421651,17.7383660470968,-62.1000000000001));
#15270=CARTESIAN_POINT('',(190.431815615833,23.9948337819337,-62.1000000000001));
#15271=CARTESIAN_POINT('',(197.38863421651,17.7383660470968,-62.1000000000001));
#15272=CARTESIAN_POINT('',(157.156063591394,53.9206778844481,-62.0999999999999));
#15273=CARTESIAN_POINT('',(190.431815615833,23.9948337819337,-47.3000000000001));
#15274=CARTESIAN_POINT('',(190.431815615833,23.9948337819337,-62.1000000000001));
#15275=CARTESIAN_POINT('',(197.38863421651,17.7383660470968,-47.3000000000001));
#15276=CARTESIAN_POINT('',(197.38863421651,17.7383660470968,-47.3000000000001));
#15277=CARTESIAN_POINT('',(197.38863421651,17.7383660470968,-62.1000000000001));
#15278=CARTESIAN_POINT('Origin',(196.853683030073,17.143532265163,-62.1000000000001));
#15279=CARTESIAN_POINT('Origin',(196.853683030073,17.143532265163,-62.1));
#15280=CARTESIAN_POINT('Origin',(196.853683030073,17.143532265163,-47.3000000000001));
#15281=CARTESIAN_POINT('Origin',(161.553683030073,17.1435322651632,-62.1000000000001));
#15282=CARTESIAN_POINT('',(161.018731843636,17.7383660470968,-62.1000000000001));
#15283=CARTESIAN_POINT('Origin',(161.553683030073,17.1435322651632,-62.1));
#15284=CARTESIAN_POINT('',(161.018731843636,17.7383660470968,-47.3));
#15285=CARTESIAN_POINT('Origin',(161.553683030073,17.1435322651632,-47.3));
#15286=CARTESIAN_POINT('',(161.018731843636,17.7383660470968,-62.1000000000001));
#15287=CARTESIAN_POINT('Origin',(167.975550444313,23.9948337819337,-62.1000000000001));
#15288=CARTESIAN_POINT('',(167.975550444313,23.9948337819337,-62.1000000000001));
#15289=CARTESIAN_POINT('',(125.498723587908,-14.2058024513434,-62.0999999999999));
#15290=CARTESIAN_POINT('',(167.975550444313,23.9948337819337,-47.3000000000001));
#15291=CARTESIAN_POINT('',(167.975550444313,23.9948337819337,-47.3000000000001));
#15292=CARTESIAN_POINT('',(167.975550444313,23.9948337819337,-62.1000000000001));
#15293=CARTESIAN_POINT('Origin',(168.51050163075,23.3999999999999,-62.1000000000001));
#15294=CARTESIAN_POINT('',(168.51050163075,24.2,-62.1000000000001));
#15295=CARTESIAN_POINT('Origin',(168.51050163075,23.3999999999999,-62.1));
#15296=CARTESIAN_POINT('',(168.51050163075,24.2,-47.3000000000001));
#15297=CARTESIAN_POINT('Origin',(168.51050163075,23.3999999999999,-47.3000000000001));
#15298=CARTESIAN_POINT('',(168.51050163075,24.2,-62.1000000000001));
#15299=CARTESIAN_POINT('Origin',(189.896864429396,24.2,-62.1000000000001));
#15300=CARTESIAN_POINT('',(189.896864429396,24.2,-62.1000000000001));
#15301=CARTESIAN_POINT('',(112.89406922562,24.2,-62.0999999999999));
#15302=CARTESIAN_POINT('',(189.896864429396,24.2,-47.3000000000001));
#15303=CARTESIAN_POINT('',(189.896864429396,24.2,-47.3000000000001));
#15304=CARTESIAN_POINT('',(189.896864429396,24.2,-62.1000000000001));
#15305=CARTESIAN_POINT('Origin',(189.896864429396,23.3999999999999,-62.1000000000001));
#15306=CARTESIAN_POINT('Origin',(189.896864429396,23.3999999999999,-62.1));
#15307=CARTESIAN_POINT('Origin',(189.896864429396,23.3999999999999,-47.3000000000001));
#15308=CARTESIAN_POINT('Origin',(35.8912740218441,0.,-62.1));
#15309=CARTESIAN_POINT('',(4.,30.6,-62.1));
#15310=CARTESIAN_POINT('',(17.945637010922,30.6,-62.1));
#15311=CARTESIAN_POINT('',(4.,24.4,-62.1));
#15312=CARTESIAN_POINT('',(4.,3.975,-62.1));
#15313=CARTESIAN_POINT('',(0.000274021844095529,24.4,-62.1));
#15314=CARTESIAN_POINT('',(35.4912740218441,24.2,-62.1));
#15315=CARTESIAN_POINT('',(37.9073452104714,24.2,-62.1));
#15316=CARTESIAN_POINT('',(35.4912740218441,55.9488255033557,-62.1));
#15317=CARTESIAN_POINT('Origin',(160.553683030073,-4.70000000000021,-47.2999999999999));
#15318=CARTESIAN_POINT('',(160.553683030073,-4.70000000000021,-47.2999999999999));
#15319=CARTESIAN_POINT('',(160.553683030073,-4.70000000000022,-39.6999999999999));
#15320=CARTESIAN_POINT('',(162.553683030073,-4.70000000000021,-47.2999999999999));
#15321=CARTESIAN_POINT('',(162.553683030073,-4.70000000000024,-16.8999999999998));
#15322=CARTESIAN_POINT('',(179.103683030073,-4.70000000000019,-47.2999999999999));
#15323=CARTESIAN_POINT('Origin',(162.553683030073,-7.85000000000021,-32.0999999999999));
#15324=CARTESIAN_POINT('',(162.553683030073,-11.0000000000002,-47.2999999999999));
#15325=CARTESIAN_POINT('',(162.553683030073,-11.0000000000002,-39.6999999999999));
#15326=CARTESIAN_POINT('',(162.553683030073,-3.92500000000011,-47.2999999999999));
#15327=CARTESIAN_POINT('Origin',(197.653683030073,2.54642640685871E-14,
-47.2999999999999));
#15328=CARTESIAN_POINT('',(195.653683030073,-11.0000000000001,-47.2999999999999));
#15329=CARTESIAN_POINT('',(195.653683030073,-11.0000000000001,-47.2999999999999));
#15330=CARTESIAN_POINT('',(195.653683030073,-4.70000000000016,-47.2999999999999));
#15331=CARTESIAN_POINT('',(195.653683030073,2.28274843851024E-14,-47.2999999999999));
#15332=CARTESIAN_POINT('',(197.653683030073,-4.70000000000016,-47.2999999999999));
#15333=CARTESIAN_POINT('',(160.553683030073,-2.38018826491542E-14,-47.2999999999999));
#15334=CARTESIAN_POINT('',(195.653683030073,-11.0000000000001,-47.2999999999999));
#15335=CARTESIAN_POINT('Origin',(195.653683030073,-11.0000000000001,-47.2999999999999));
#15336=CARTESIAN_POINT('',(195.653683030073,-11.0000000000002,-16.8999999999998));
#15337=CARTESIAN_POINT('Origin',(195.653683030073,-7.85000000000017,-32.0999999999998));
#15338=CARTESIAN_POINT('',(195.653683030073,-4.70000000000017,-39.6999999999999));
#15339=CARTESIAN_POINT('Origin',(197.653683030073,-4.70000000000016,-47.2999999999999));
#15340=CARTESIAN_POINT('Origin',(160.553683030073,-2.35000000000013,-32.0999999999999));
#15341=CARTESIAN_POINT('Origin',(0.,-5.,-88.4));
#15342=CARTESIAN_POINT('',(4.,-5.,-89.9));
#15343=CARTESIAN_POINT('Origin',(4.,-5.,-88.4));
#15344=CARTESIAN_POINT('',(8.791,-5.,-89.9));
#15345=CARTESIAN_POINT('',(0.,-5.,-89.9));
#15346=CARTESIAN_POINT('Origin',(8.791,-5.,-88.4));
#15347=CARTESIAN_POINT('Origin',(8.791,-5.,-88.4));
#15348=CARTESIAN_POINT('Origin',(0.,-5.,-43.7));
#15349=CARTESIAN_POINT('',(4.,-5.,-45.2));
#15350=CARTESIAN_POINT('Origin',(4.,-5.,-43.7));
#15351=CARTESIAN_POINT('',(8.791,-5.,-45.2));
#15352=CARTESIAN_POINT('',(0.,-5.,-45.2));
#15353=CARTESIAN_POINT('Origin',(8.791,-5.,-43.7));
#15354=CARTESIAN_POINT('Origin',(8.791,-5.,-43.7));
#15355=CARTESIAN_POINT('Origin',(0.,27.4,-70.1));
#15356=CARTESIAN_POINT('',(4.,27.4,-71.6));
#15357=CARTESIAN_POINT('Origin',(4.,27.4,-70.1));
#15358=CARTESIAN_POINT('',(8.791,27.4,-71.6));
#15359=CARTESIAN_POINT('',(0.,27.4,-71.6));
#15360=CARTESIAN_POINT('Origin',(8.791,27.4,-70.1));
#15361=CARTESIAN_POINT('Origin',(0.,30.6,-80.0045488054145));
#15362=CARTESIAN_POINT('',(4.,30.6,-80.0045488054145));
#15363=CARTESIAN_POINT('',(0.,30.6,-80.0045488054145));
#15364=CARTESIAN_POINT('',(4.,30.6,-62.1));
#15365=CARTESIAN_POINT('Origin',(0.,20.1718761068828,-91.6));
#15366=CARTESIAN_POINT('',(4.,20.1718761068828,-91.6));
#15367=CARTESIAN_POINT('',(0.,20.1718761068828,-91.6));
#15368=CARTESIAN_POINT('',(4.,30.6,-80.0045488054145));
#15369=CARTESIAN_POINT('Origin',(0.,-14.7,-91.6));
#15370=CARTESIAN_POINT('',(4.,-14.7,-91.6));
#15371=CARTESIAN_POINT('',(0.,-14.7,-91.6));
#15372=CARTESIAN_POINT('',(4.,20.1718761068828,-91.6));
#15373=CARTESIAN_POINT('Origin',(0.,-14.7,-39.5));
#15374=CARTESIAN_POINT('',(4.,-14.7,-39.5));
#15375=CARTESIAN_POINT('',(0.,-14.7,-39.5));
#15376=CARTESIAN_POINT('',(4.,-14.7,-91.6));
#15377=CARTESIAN_POINT('Origin',(0.,0.,-39.5));
#15378=CARTESIAN_POINT('',(4.,-14.7,-39.5));
#15379=CARTESIAN_POINT('Origin',(4.,7.94999999999999,-65.55));
#15380=CARTESIAN_POINT('',(4.,-11.5,-85.4));
#15381=CARTESIAN_POINT('',(4.,-11.5,-47.7));
#15382=CARTESIAN_POINT('',(4.,-11.5,-75.775));
#15383=CARTESIAN_POINT('',(4.,17.383800721539,-85.4));
#15384=CARTESIAN_POINT('',(4.,-1.77500000000001,-85.4));
#15385=CARTESIAN_POINT('',(4.,17.7435322651632,-85.));
#15386=CARTESIAN_POINT('',(4.,20.3892233606973,-82.0581494534732));
#15387=CARTESIAN_POINT('',(4.,17.8870744925803,-84.8686889830463));
#15388=CARTESIAN_POINT('Origin',(4.,17.1435322651632,-84.2000000000001));
#15389=CARTESIAN_POINT('',(4.,24.1435422274172,-77.9118703823695));
#15390=CARTESIAN_POINT('',(4.,20.4680296765673,-81.9988209053295));
#15391=CARTESIAN_POINT('',(4.,24.4,-77.2431813993232));
#15392=CARTESIAN_POINT('Origin',(4.,23.4000000000001,-77.2431813993232));
#15393=CARTESIAN_POINT('',(4.,24.4,-71.3965906996616));
#15394=CARTESIAN_POINT('',(4.,3.97499999999999,-47.7));
#15395=CARTESIAN_POINT('Origin',(0.000274021844095529,24.4,-77.2431813993232));
#15396=CARTESIAN_POINT('',(8.791,24.4,-77.2431813993232));
#15397=CARTESIAN_POINT('',(0.,24.4,-77.2431813993232));
#15398=CARTESIAN_POINT('',(8.791,24.4,-77.2431813993232));
#15399=CARTESIAN_POINT('Origin',(0.000274021844095529,23.4000000000001,
-77.2431813993232));
#15400=CARTESIAN_POINT('',(8.791,24.1435422274172,-77.9118703823695));
#15401=CARTESIAN_POINT('',(0.,24.1435422274172,-77.9118703823695));
#15402=CARTESIAN_POINT('Origin',(8.791,23.4000000000001,-77.2431813993232));
#15403=CARTESIAN_POINT('Origin',(0.000274021844095529,17.8870744925803,
-84.8686889830463));
#15404=CARTESIAN_POINT('',(8.791,17.8870744925803,-84.8686889830463));
#15405=CARTESIAN_POINT('',(0.,17.8870744925803,-84.8686889830463));
#15406=CARTESIAN_POINT('',(8.791,17.8870744925803,-84.8686889830463));
#15407=CARTESIAN_POINT('Origin',(0.000274021844095529,17.1435322651632,
-84.2000000000001));
#15408=CARTESIAN_POINT('',(8.791,17.7435322651632,-85.));
#15409=CARTESIAN_POINT('',(0.000274021844095529,17.7435322651632,-85.));
#15410=CARTESIAN_POINT('Origin',(8.791,17.1435322651634,-84.2000000000003));
#15411=CARTESIAN_POINT('Origin',(0.000274021844095529,17.7435322651632,
-85.));
#15412=CARTESIAN_POINT('',(8.791,17.383800721539,-85.4));
#15413=CARTESIAN_POINT('',(4.3957740218441,17.383800721539,-85.4));
#15414=CARTESIAN_POINT('',(8.791,17.383800721539,-85.4));
#15415=CARTESIAN_POINT('Origin',(8.7912740218441,-11.5,-85.4));
#15416=CARTESIAN_POINT('',(8.9412740218441,-11.5,-85.4));
#15417=CARTESIAN_POINT('',(8.791,-11.5,-85.4));
#15418=CARTESIAN_POINT('Origin',(9.09127402184409,-11.5,-86.));
#15419=CARTESIAN_POINT('',(8.94127402184409,-11.5,-47.7));
#15420=CARTESIAN_POINT('',(29.4912740218441,-11.5,-86.));
#15421=CARTESIAN_POINT('Origin',(0.,-17.5,-96.));
#15422=CARTESIAN_POINT('',(8.791,17.1435322651631,-96.));
#15423=CARTESIAN_POINT('Origin',(8.791,7.45,-66.85));
#15424=CARTESIAN_POINT('Origin',(0.000274021844096639,100.,-82.1));
#15425=CARTESIAN_POINT('',(8.2002740218441,34.7536344144328,-169.));
#15426=CARTESIAN_POINT('',(2.5002740218441,34.7536344144329,-169.));
#15427=CARTESIAN_POINT('',(8.2002740218441,32.9141223812379,-171.45));
#15428=CARTESIAN_POINT('',(8.20027402184408,60.5242174471727,-134.676805973075));
#15429=CARTESIAN_POINT('',(3.2002740218441,32.9141223812379,-171.45));
#15430=CARTESIAN_POINT('',(1.6002740218441,32.9141223812379,-171.45));
#15431=CARTESIAN_POINT('',(3.2002740218441,30.5865765433178,-174.55));
#15432=CARTESIAN_POINT('',(3.2002740218441,59.7799898407731,-135.668024080256));
#15433=CARTESIAN_POINT('',(8.20027402184409,30.5865765433178,-174.55));
#15434=CARTESIAN_POINT('',(4.1002740218441,30.5865765433178,-174.55));
#15435=CARTESIAN_POINT('',(8.20027402184409,58.4715896940382,-137.410649462234));
#15436=CARTESIAN_POINT('Origin',(35.4912740218441,11.8976510067114,-81.5));
#15437=CARTESIAN_POINT('',(35.4912740218441,24.2,-55.8568186006767));
#15438=CARTESIAN_POINT('',(35.4912740218441,24.2,-77.2431813993231));
#15439=CARTESIAN_POINT('',(35.4912740218441,23.9948337819337,-55.3218674142397));
#15440=CARTESIAN_POINT('Origin',(35.4912740218441,23.4,-55.8568186006767));
#15441=CARTESIAN_POINT('',(35.4912740218441,17.7383660470969,-48.3650488135629));
#15442=CARTESIAN_POINT('',(35.4912740218441,18.2256490909991,-48.9068784668571));
#15443=CARTESIAN_POINT('',(35.4912740218441,17.1435322651632,-48.1));
#15444=CARTESIAN_POINT('Origin',(35.4912740218441,17.1435322651632,-48.9));
#15445=CARTESIAN_POINT('',(35.4912740218441,-4.49999999999999,-48.1));
#15446=CARTESIAN_POINT('Origin',(29.4912740218441,24.2,-71.));
#15447=CARTESIAN_POINT('',(29.4912740218441,24.2,-55.8568186006767));
#15448=CARTESIAN_POINT('Origin',(29.4912740218441,0.,-78.));
#15449=CARTESIAN_POINT('',(34.8384214922424,-5.35078040904198,-78.));
#15450=CARTESIAN_POINT('',(32.4912740218441,23.7953020134228,-78.));
#15451=CARTESIAN_POINT('Origin',(9.20000000000002,-1.2,-128.5));
#15452=CARTESIAN_POINT('',(8.00000000000001,-1.2,-167.));
#15453=CARTESIAN_POINT('Origin',(9.20000000000002,-1.2,-167.));
#15454=CARTESIAN_POINT('',(8.00000000000001,-1.2,-163.5));
#15455=CARTESIAN_POINT('',(8.00000000000001,-1.2,-128.5));
#15456=CARTESIAN_POINT('Origin',(9.20000000000002,-1.2,-163.5));
#15457=CARTESIAN_POINT('Origin',(8.00000000000001,0.,-167.));
#15458=CARTESIAN_POINT('',(8.00000000000001,-2.49999999999999,-167.));
#15459=CARTESIAN_POINT('',(8.00000000000001,0.,-167.));
#15460=CARTESIAN_POINT('',(8.00000000000001,-2.49999999999999,-163.5));
#15461=CARTESIAN_POINT('',(8.00000000000001,-2.49999999999999,-167.));
#15462=CARTESIAN_POINT('',(8.00000000000001,0.,-163.5));
#15463=CARTESIAN_POINT('Origin',(19.3,-1.2,-128.5));
#15464=CARTESIAN_POINT('',(20.5,-1.2,-163.5));
#15465=CARTESIAN_POINT('Origin',(19.3,-1.2,-163.5));
#15466=CARTESIAN_POINT('',(20.5,-1.2,-167.));
#15467=CARTESIAN_POINT('',(20.5,-1.2,-128.5));
#15468=CARTESIAN_POINT('Origin',(19.3,-1.2,-167.));
#15469=CARTESIAN_POINT('Origin',(20.5,-2.49999999999999,-167.));
#15470=CARTESIAN_POINT('',(20.5,-2.49999999999999,-163.5));
#15471=CARTESIAN_POINT('',(20.5,-2.49999999999999,-163.5));
#15472=CARTESIAN_POINT('',(20.5,-2.49999999999999,-167.));
#15473=CARTESIAN_POINT('',(20.5,-2.49999999999999,-167.));
#15474=CARTESIAN_POINT('',(20.5,-2.49999999999999,-167.));
#15475=CARTESIAN_POINT('Origin',(22.5,-2.5,-163.5));
#15476=CARTESIAN_POINT('',(22.5,-2.5,-163.5));
#15477=CARTESIAN_POINT('',(22.5,-2.5,-167.));
#15478=CARTESIAN_POINT('',(22.5,-2.5,-163.5));
#15479=CARTESIAN_POINT('',(22.5,-2.5,-163.5));
#15480=CARTESIAN_POINT('',(22.5,-2.5,-167.));
#15481=CARTESIAN_POINT('Origin',(18.,-2.49999999999999,-165.25));
#15482=CARTESIAN_POINT('',(18.,-4.99999999999999,-167.));
#15483=CARTESIAN_POINT('',(18.,-4.99999999999999,-163.5));
#15484=CARTESIAN_POINT('',(18.,-4.99999999999999,-167.));
#15485=CARTESIAN_POINT('Origin',(18.,-2.49999999999999,-167.));
#15486=CARTESIAN_POINT('Origin',(18.,-2.49999999999999,-163.5));
#15487=CARTESIAN_POINT('Origin',(18.,-2.49999999999999,-165.25));
#15488=CARTESIAN_POINT('',(18.,-6.99999999999999,-163.5));
#15489=CARTESIAN_POINT('',(18.,-6.99999999999999,-167.));
#15490=CARTESIAN_POINT('',(18.,-6.99999999999999,-163.5));
#15491=CARTESIAN_POINT('Origin',(18.,-2.49999999999998,-163.5));
#15492=CARTESIAN_POINT('Origin',(18.,-2.49999999999998,-167.));
#15493=CARTESIAN_POINT('Origin',(10.5,-4.99999999999999,-167.));
#15494=CARTESIAN_POINT('',(10.5,-4.99999999999999,-167.));
#15495=CARTESIAN_POINT('',(10.5,-4.99999999999999,-163.5));
#15496=CARTESIAN_POINT('',(10.5,-4.99999999999999,-167.));
#15497=CARTESIAN_POINT('',(10.5,-4.99999999999999,-167.));
#15498=CARTESIAN_POINT('',(10.5,-4.99999999999999,-163.5));
#15499=CARTESIAN_POINT('Origin',(10.5,-6.99999999999999,-163.5));
#15500=CARTESIAN_POINT('',(10.5,-6.99999999999999,-163.5));
#15501=CARTESIAN_POINT('',(10.5,-6.99999999999999,-167.));
#15502=CARTESIAN_POINT('',(10.5,-6.99999999999999,-163.5));
#15503=CARTESIAN_POINT('',(10.5,-6.99999999999999,-163.5));
#15504=CARTESIAN_POINT('',(10.5,-6.99999999999999,-167.));
#15505=CARTESIAN_POINT('Origin',(10.5,-2.49999999999999,-165.25));
#15506=CARTESIAN_POINT('Origin',(10.5,-2.49999999999999,-167.));
#15507=CARTESIAN_POINT('Origin',(10.5,-2.49999999999999,-163.5));
#15508=CARTESIAN_POINT('Origin',(10.5,-2.49999999999999,-165.25));
#15509=CARTESIAN_POINT('',(6.00000000000001,-2.49999999999999,-163.5));
#15510=CARTESIAN_POINT('',(6.00000000000001,-2.49999999999999,-167.));
#15511=CARTESIAN_POINT('',(6.00000000000001,-2.49999999999999,-163.5));
#15512=CARTESIAN_POINT('Origin',(10.5,-2.49999999999999,-163.5));
#15513=CARTESIAN_POINT('Origin',(10.5,-2.49999999999999,-167.));
#15514=CARTESIAN_POINT('Origin',(6.00000000000001,0.,-167.));
#15515=CARTESIAN_POINT('',(6.00000000000001,0.,-167.));
#15516=CARTESIAN_POINT('Origin',(6.00000000000001,0.,-163.5));
#15517=CARTESIAN_POINT('',(6.00000000000001,0.,-163.5));
#15518=CARTESIAN_POINT('Origin',(8.00000000000001,0.,-163.5));
#15519=CARTESIAN_POINT('Origin',(0.93384643470651,2.5,-180.));
#15520=CARTESIAN_POINT('',(16.5733378226626,2.5,-169.));
#15521=CARTESIAN_POINT('',(16.5733378226626,2.5,-171.75));
#15522=CARTESIAN_POINT('',(19.9464016234811,2.5,-169.));
#15523=CARTESIAN_POINT('',(8.2002740218441,2.5,-169.));
#15524=CARTESIAN_POINT('',(19.9464016234811,2.5,-171.45));
#15525=CARTESIAN_POINT('',(19.9464016234811,2.5,-171.75));
#15526=CARTESIAN_POINT('',(24.9464016234811,2.5,-171.45));
#15527=CARTESIAN_POINT('',(17.0098697230718,2.5,-171.45));
#15528=CARTESIAN_POINT('',(24.9464016234811,2.5,-174.55));
#15529=CARTESIAN_POINT('',(24.9464016234811,2.5,-172.975));
#15530=CARTESIAN_POINT('',(19.9464016234811,2.5,-174.55));
#15531=CARTESIAN_POINT('',(19.5098697230718,2.5,-174.55));
#15532=CARTESIAN_POINT('',(19.9464016234811,2.5,-174.525));
#15533=CARTESIAN_POINT('Origin',(5.00027402184411,0.,-169.));
#15534=CARTESIAN_POINT('Origin',(14.0733378226626,2.5,-169.));
#15535=CARTESIAN_POINT('',(25.0002740218441,0.,-169.));
#15536=CARTESIAN_POINT('',(19.9464016234811,0.,-169.));
#15537=CARTESIAN_POINT('Origin',(3.2002740218441,0.,-171.45));
#15538=CARTESIAN_POINT('',(8.2002740218441,2.5,-171.45));
#15539=CARTESIAN_POINT('',(3.2002740218441,2.5,-171.45));
#15540=CARTESIAN_POINT('',(8.63680592225334,2.5,-171.45));
#15541=CARTESIAN_POINT('',(3.2002740218441,0.,-171.45));
#15542=CARTESIAN_POINT('',(8.2002740218441,0.,-171.45));
#15543=CARTESIAN_POINT('Origin',(3.2002740218441,0.,-174.55));
#15544=CARTESIAN_POINT('',(3.2002740218441,2.5,-174.55));
#15545=CARTESIAN_POINT('',(3.2002740218441,2.5,-174.525));
#15546=CARTESIAN_POINT('',(3.2002740218441,0.,-174.55));
#15547=CARTESIAN_POINT('Origin',(8.20027402184409,0.,-174.55));
#15548=CARTESIAN_POINT('',(8.20027402184409,2.5,-174.55));
#15549=CARTESIAN_POINT('',(11.1368059222533,2.5,-174.55));
#15550=CARTESIAN_POINT('',(8.20027402184409,0.,-174.55));
#15551=CARTESIAN_POINT('Origin',(8.2002740218441,0.,-180.));
#15552=CARTESIAN_POINT('',(8.2002740218441,2.5,-177.25));
#15553=CARTESIAN_POINT('Origin',(0.93384643470651,2.5,-180.));
#15554=CARTESIAN_POINT('',(11.5733378226626,2.5,-169.));
#15555=CARTESIAN_POINT('',(11.5733378226626,2.5,-180.));
#15556=CARTESIAN_POINT('',(8.2002740218441,2.5,-169.));
#15557=CARTESIAN_POINT('',(8.2002740218441,2.5,-172.975));
#15558=CARTESIAN_POINT('',(8.2002740218441,2.5,-169.));
#15559=CARTESIAN_POINT('Origin',(14.0733378226626,2.5,-180.));
#15560=CARTESIAN_POINT('Origin',(14.0733378226626,2.5,-169.));
#15561=CARTESIAN_POINT('Origin',(110.,0.,-90.));
#15562=CARTESIAN_POINT('',(135.5,0.,-110.));
#15563=CARTESIAN_POINT('Origin',(134.,0.,-110.));
#15564=CARTESIAN_POINT('Origin',(110.,0.,-90.));
#15565=CARTESIAN_POINT('',(115.5,0.,-110.));
#15566=CARTESIAN_POINT('Origin',(114.,0.,-110.));
#15567=CARTESIAN_POINT('Origin',(110.,-10.,-90.));
#15568=CARTESIAN_POINT('',(95.,-10.,-145.));
#15569=CARTESIAN_POINT('Origin',(93.,-10.,-145.));
#15570=CARTESIAN_POINT('Origin',(110.,-10.,-90.));
#15571=CARTESIAN_POINT('',(65.,-10.,-115.));
#15572=CARTESIAN_POINT('Origin',(63.,-10.,-115.));
#15573=CARTESIAN_POINT('Origin',(110.,-10.,-90.));
#15574=CARTESIAN_POINT('',(65.,-10.,-145.));
#15575=CARTESIAN_POINT('Origin',(63.,-10.,-145.));
#15576=CARTESIAN_POINT('Origin',(110.,-10.,-90.));
#15577=CARTESIAN_POINT('',(95.,-10.,-115.));
#15578=CARTESIAN_POINT('Origin',(93.,-10.,-115.));
#15579=CARTESIAN_POINT('Origin',(175.453683030073,-4.3,-158.8));
#15580=CARTESIAN_POINT('',(176.953683030073,-4.3,-158.8));
#15581=CARTESIAN_POINT('Origin',(175.453683030073,-4.3,-158.8));
#15582=CARTESIAN_POINT('Origin',(175.453683030073,-4.3,-169.5));
#15583=CARTESIAN_POINT('',(176.953683030073,-4.3,-169.5));
#15584=CARTESIAN_POINT('Origin',(175.453683030073,-4.3,-169.5));
#15585=CARTESIAN_POINT('Origin',(175.453683030073,-4.3,-143.5));
#15586=CARTESIAN_POINT('',(176.953683030073,-4.3,-143.5));
#15587=CARTESIAN_POINT('Origin',(175.453683030073,-4.3,-143.5));
#15588=CARTESIAN_POINT('Origin',(187.845645341393,-4.3,-153.9));
#15589=CARTESIAN_POINT('',(189.345645341393,-4.3,-153.9));
#15590=CARTESIAN_POINT('Origin',(187.845645341393,-4.3,-153.9));
#15591=CARTESIAN_POINT('Origin',(187.845645341393,-4.3,-169.5));
#15592=CARTESIAN_POINT('',(189.345645341393,-4.3,-169.5));
#15593=CARTESIAN_POINT('Origin',(187.845645341393,-4.3,-169.5));
#15594=CARTESIAN_POINT('Origin',(187.845645341393,-4.3,-143.5));
#15595=CARTESIAN_POINT('',(189.345645341393,-4.3,-143.5));
#15596=CARTESIAN_POINT('Origin',(187.845645341393,-4.3,-143.5));
#15597=CARTESIAN_POINT('Ctrl Pts',(8.09127402184409,1.38777878078145E-16,
-39.743580423809));
#15598=CARTESIAN_POINT('Ctrl Pts',(8.21897220057041,1.38777878078145E-16,
-39.743580423809));
#15599=CARTESIAN_POINT('Ctrl Pts',(8.51721992404857,-0.08337212532627,-41.0775344290293));
#15600=CARTESIAN_POINT('Ctrl Pts',(8.71196687123325,-0.334308466653051,
-45.0925158902578));
#15601=CARTESIAN_POINT('Ctrl Pts',(8.7612763132181,-0.497276223511939,-47.7));
#15602=CARTESIAN_POINT('Ctrl Pts',(8.09127402184409,1.38777878078145E-16,
-39.7290723411119));
#15603=CARTESIAN_POINT('Ctrl Pts',(8.24014540015456,1.43479270571315E-16,
-39.7290723411119));
#15604=CARTESIAN_POINT('Ctrl Pts',(8.58806026750682,-0.111657407128087,
-41.0624627125058));
#15605=CARTESIAN_POINT('Ctrl Pts',(8.78165685635401,-0.438549496196217,
-45.0754467878197));
#15606=CARTESIAN_POINT('Ctrl Pts',(8.80413703164003,-0.638930942312615,
-47.6806721047421));
#15607=CARTESIAN_POINT('Ctrl Pts',(8.0912740218441,0.00090237510427634,
-39.7000561798421));
#15608=CARTESIAN_POINT('Ctrl Pts',(8.28265643994828,0.000902375104276354,
-39.7000561798421));
#15609=CARTESIAN_POINT('Ctrl Pts',(8.72979062265704,-0.152113039609824,
-41.0323147808964));
#15610=CARTESIAN_POINT('Ctrl Pts',(8.9699154879502,-0.607103472854938,-45.041248599395));
#15611=CARTESIAN_POINT('Ctrl Pts',(8.98436948605081,-0.893087304712722,
-47.6420859029407));
#15612=CARTESIAN_POINT('Ctrl Pts',(8.09127402184409,0.00360598011369705,
-39.6711521590904));
#15613=CARTESIAN_POINT('Ctrl Pts',(8.32533239506385,0.00360598011369707,
-39.6711521590904));
#15614=CARTESIAN_POINT('Ctrl Pts',(8.87204868686017,-0.162914749600073,
-41.0039926614074));
#15615=CARTESIAN_POINT('Ctrl Pts',(9.21192671401174,-0.663897723597988,
-45.0151258028667));
#15616=CARTESIAN_POINT('Ctrl Pts',(9.2821298986369,-0.989841240528818,-47.6187299242305));
#15617=CARTESIAN_POINT('Ctrl Pts',(8.09127402184409,0.00540548630043297,
-39.6567561095966));
#15618=CARTESIAN_POINT('Ctrl Pts',(8.34667037929672,0.005405486300433,-39.6567561095966));
#15619=CARTESIAN_POINT('Ctrl Pts',(8.94316582625305,-0.161338764352108,
-40.9907101148169));
#15620=CARTESIAN_POINT('Ctrl Pts',(9.33265972062241,-0.66321144700567,-45.0056915760454));
#15621=CARTESIAN_POINT('Ctrl Pts',(9.43127860459211,-0.989146960723445,
-47.6131756857876));
#15622=CARTESIAN_POINT('',(9.43127860459211,-0.989146960723445,-47.6131756857876));
#15623=CARTESIAN_POINT('',(8.7612763132181,-0.497276223511939,-47.7));
#15624=CARTESIAN_POINT('Origin',(9.43127860459211,-0.294552447023878,-47.7));
#15625=CARTESIAN_POINT('Origin',(8.09127402184409,-0.7,-50.943580423809));
#15626=CARTESIAN_POINT('Origin',(8.09127402184409,-1.39459451369957,-50.8567561095965));
#15627=CARTESIAN_POINT('Ctrl Pts',(8.7612763132181,-0.497276223511938,-47.7));
#15628=CARTESIAN_POINT('Ctrl Pts',(8.76182295407105,-0.499082872097421,
-47.7289063773677));
#15629=CARTESIAN_POINT('Ctrl Pts',(8.76236228749318,-0.500891731705011,
-47.7578481310892));
#15630=CARTESIAN_POINT('Ctrl Pts',(8.76289429583793,-0.502702743150217,
-47.7868243142125));
#15631=CARTESIAN_POINT('Ctrl Pts',(8.80413703164003,-0.638930942312615,
-47.6806721047421));
#15632=CARTESIAN_POINT('Ctrl Pts',(8.80438624521248,-0.641152356309843,
-47.7095534412985));
#15633=CARTESIAN_POINT('Ctrl Pts',(8.80464226197368,-0.643371587426657,
-47.7384704611232));
#15634=CARTESIAN_POINT('Ctrl Pts',(8.804870959057,-0.645595647505209,-47.7674213018042));
#15635=CARTESIAN_POINT('Ctrl Pts',(8.98436957677245,-0.893087183211352,
-47.6420859146971));
#15636=CARTESIAN_POINT('Ctrl Pts',(8.98452981273401,-0.896257578970952,
-47.6709186060594));
#15637=CARTESIAN_POINT('Ctrl Pts',(8.98466838589672,-0.899437637356508,
-47.6997853864146));
#15638=CARTESIAN_POINT('Ctrl Pts',(8.98479966444288,-0.902613519977815,
-47.7286870158559));
#15639=CARTESIAN_POINT('Ctrl Pts',(9.2821298986369,-0.989841240528817,-47.6187299242305));
#15640=CARTESIAN_POINT('Ctrl Pts',(9.28290816598649,-0.993454626422815,
-47.647593288332));
#15641=CARTESIAN_POINT('Ctrl Pts',(9.28367562602132,-0.997056158223428,
-47.6764938359185));
#15642=CARTESIAN_POINT('Ctrl Pts',(9.28442462523338,-1.00067832135547,-47.7054265708438));
#15643=CARTESIAN_POINT('Ctrl Pts',(9.43127860459211,-0.989146960723445,
-47.6131756857876));
#15644=CARTESIAN_POINT('Ctrl Pts',(9.43237188629801,-0.992760257894411,
-47.6420820631553));
#15645=CARTESIAN_POINT('Ctrl Pts',(9.43345055314228,-0.996377977109589,
-47.6710238168767));
#15646=CARTESIAN_POINT('Ctrl Pts',(9.43451456983176,-1.,-47.7));
#15647=CARTESIAN_POINT('',(9.43451456983176,-1.,-47.7));
#15648=CARTESIAN_POINT('Ctrl Pts',(9.43451456983176,-1.,-47.7));
#15649=CARTESIAN_POINT('Ctrl Pts',(9.40102867387233,-1.,-47.7));
#15650=CARTESIAN_POINT('Ctrl Pts',(9.36767681124516,-0.997499227622506,
-47.700009843375));
#15651=CARTESIAN_POINT('Ctrl Pts',(9.33469724173206,-0.992641481223804,
-47.7000190701093));
#15652=CARTESIAN_POINT('Ctrl Pts',(9.30106286210737,-0.987687284158572,
-47.7000284800406));
#15653=CARTESIAN_POINT('Ctrl Pts',(9.26781450697666,-0.98028137508659,-47.7000373235994));
#15654=CARTESIAN_POINT('Ctrl Pts',(9.23520646439771,-0.970522974845864,
-47.7000409470736));
#15655=CARTESIAN_POINT('Ctrl Pts',(9.21332303615973,-0.963974061311162,
-47.7000433788062));
#15656=CARTESIAN_POINT('Ctrl Pts',(9.1917280422383,-0.956364525549386,-47.7000435920234));
#15657=CARTESIAN_POINT('Ctrl Pts',(9.17050290893205,-0.94771206823489,-47.7000414925343));
#15658=CARTESIAN_POINT('Ctrl Pts',(9.1388012314032,-0.93478883201024,-47.7000383567554));
#15659=CARTESIAN_POINT('Ctrl Pts',(9.10815116915728,-0.919633877116669,
-47.7000300478339));
#15660=CARTESIAN_POINT('Ctrl Pts',(9.07879966231241,-0.902363351596849,
-47.7000209454768));
#15661=CARTESIAN_POINT('Ctrl Pts',(9.05653724403056,-0.889264069672364,
-47.7000140415559));
#15662=CARTESIAN_POINT('Ctrl Pts',(9.03502178067392,-0.874946583743051,
-47.7000068209144));
#15663=CARTESIAN_POINT('Ctrl Pts',(9.0143683803339,-0.859443069604394,-47.7000030902055));
#15664=CARTESIAN_POINT('Ctrl Pts',(8.98972349217188,-0.840943337561474,
-47.6999986384978));
#15665=CARTESIAN_POINT('Ctrl Pts',(8.96630504950447,-0.820755134858107,
-47.6999991622292));
#15666=CARTESIAN_POINT('Ctrl Pts',(8.94423023044808,-0.799040355066274,
-47.7000004106166));
#15667=CARTESIAN_POINT('Ctrl Pts',(8.91994710953561,-0.775153290718174,
-47.7000017838891));
#15668=CARTESIAN_POINT('Ctrl Pts',(8.89742720629342,-0.749555270179784,
-47.7000041518818));
#15669=CARTESIAN_POINT('Ctrl Pts',(8.87680497489203,-0.722487340112009,
-47.7000052723485));
#15670=CARTESIAN_POINT('Ctrl Pts',(8.86137985236917,-0.702240930806964,
-47.7000061104409));
#15671=CARTESIAN_POINT('Ctrl Pts',(8.84701698284364,-0.681171075789523,
-47.7000063561055));
#15672=CARTESIAN_POINT('Ctrl Pts',(8.833787178616,-0.659366394723746,-47.7000059367436));
#15673=CARTESIAN_POINT('Ctrl Pts',(8.81605096357854,-0.630134479757251,
-47.7000053745363));
#15674=CARTESIAN_POINT('Ctrl Pts',(8.80042645387166,-0.599709485294362,
-47.7000036347077));
#15675=CARTESIAN_POINT('Ctrl Pts',(8.78706939630175,-0.568314114037018,
-47.7000020950189));
#15676=CARTESIAN_POINT('Ctrl Pts',(8.77720884548044,-0.545137179130757,
-47.7000009583778));
#15677=CARTESIAN_POINT('Ctrl Pts',(8.76858474131767,-0.521430585954695,
-47.7));
#15678=CARTESIAN_POINT('Ctrl Pts',(8.7612763132181,-0.497276223511938,-47.7));
#15679=CARTESIAN_POINT('Origin',(8.09127402184409,-1.39459451369957,-50.8567561095965));
#15680=CARTESIAN_POINT('Origin',(24.3162740218441,-0.5,-43.7));
#15681=CARTESIAN_POINT('',(28.8480334738564,-1.,-47.7));
#15682=CARTESIAN_POINT('Origin',(30.1912740218441,-1.39459451369957,-50.8567561095965));
#15683=CARTESIAN_POINT('',(13.9662740218441,-1.,-47.7));
#15684=CARTESIAN_POINT('Ctrl Pts',(29.5196537478503,-0.502702743150217,
-47.7868243142125));
#15685=CARTESIAN_POINT('Ctrl Pts',(29.5558738948086,-0.379405615695587,
-45.8140702749384));
#15686=CARTESIAN_POINT('Ctrl Pts',(29.6743266912953,-0.191346362874896,
-42.8051222298073));
#15687=CARTESIAN_POINT('Ctrl Pts',(29.9343728757024,-0.0318570472411372,
-40.2532931796672));
#15688=CARTESIAN_POINT('Ctrl Pts',(30.1056026064524,4.16333634234434E-16,
-39.743580423809));
#15689=CARTESIAN_POINT('Ctrl Pts',(30.1912740218441,4.16333634234434E-16,
-39.743580423809));
#15690=CARTESIAN_POINT('Ctrl Pts',(29.4776770846312,-0.645595647505208,
-47.7674213018042));
#15691=CARTESIAN_POINT('Ctrl Pts',(29.4932472200408,-0.494177378063645,
-45.7963926245377));
#15692=CARTESIAN_POINT('Ctrl Pts',(29.601650544734,-0.253051778777569,-42.7892082263697));
#15693=CARTESIAN_POINT('Ctrl Pts',(29.8917162257619,-0.0424733235802882,
-40.2385796300701));
#15694=CARTESIAN_POINT('Ctrl Pts',(30.0913977211922,5.08374819683065E-16,
-39.7290723411119));
#15695=CARTESIAN_POINT('Ctrl Pts',(30.1912740218441,5.08374819683065E-16,
-39.7290723411119));
#15696=CARTESIAN_POINT('Ctrl Pts',(29.2977339281763,-0.902594329387514,
-47.7286888840308));
#15697=CARTESIAN_POINT('Ctrl Pts',(29.3066716230101,-0.686374158401432,
-45.7610106022076));
#15698=CARTESIAN_POINT('Ctrl Pts',(29.436450805787,-0.348185519804207,-42.7573782015523));
#15699=CARTESIAN_POINT('Ctrl Pts',(29.8063681789617,-0.057562201771399,
-40.2091346276954));
#15700=CARTESIAN_POINT('Ctrl Pts',(30.0628774949428,0.000902377361317926,
-39.7000561799826));
#15701=CARTESIAN_POINT('Ctrl Pts',(30.1912740218441,0.000902377361317926,
-39.7000561799826));
#15702=CARTESIAN_POINT('Ctrl Pts',(28.9981234184548,-1.00067832135547,-47.7054265708438));
#15703=CARTESIAN_POINT('Ctrl Pts',(29.0491167192194,-0.754074518527585,
-45.7356305681006));
#15704=CARTESIAN_POINT('Ctrl Pts',(29.2503883569881,-0.378690380105963,
-42.7299373005675));
#15705=CARTESIAN_POINT('Ctrl Pts',(29.7203923874661,-0.0599089023640079,
-40.1804582657526));
#15706=CARTESIAN_POINT('Ctrl Pts',(30.0342466286735,0.00360598011369755,
-39.6711521590904));
#15707=CARTESIAN_POINT('Ctrl Pts',(30.1912740218441,0.00360598011369755,
-39.6711521590904));
#15708=CARTESIAN_POINT('Ctrl Pts',(28.8480334738564,-0.999999999999998,
-47.7));
#15709=CARTESIAN_POINT('Ctrl Pts',(28.9204737677731,-0.753405745090739,
-45.7272459607259));
#15710=CARTESIAN_POINT('Ctrl Pts',(29.1573793607466,-0.37728723944936,-42.7182979155949));
#15711=CARTESIAN_POINT('Ctrl Pts',(29.6774717295607,-0.0583086081818418,
-40.1664688654547));
#15712=CARTESIAN_POINT('Ctrl Pts',(30.0199311910607,0.00540548630043339,
-39.6567561095965));
#15713=CARTESIAN_POINT('Ctrl Pts',(30.1912740218441,0.00540548630043339,
-39.6567561095965));
#15714=CARTESIAN_POINT('',(29.5212717304701,-0.497276223511939,-47.7));
#15715=CARTESIAN_POINT('Ctrl Pts',(29.5212722961226,-0.497276531271207,
-47.7000049241483));
#15716=CARTESIAN_POINT('Ctrl Pts',(29.5114990710563,-0.529563810178617,
-47.7000045426774));
#15717=CARTESIAN_POINT('Ctrl Pts',(29.4993896898195,-0.561012775608903,
-47.7000057602115));
#15718=CARTESIAN_POINT('Ctrl Pts',(29.4851428036368,-0.591432955319799,
-47.7000070022907));
#15719=CARTESIAN_POINT('Ctrl Pts',(29.4706671336013,-0.622341637979883,
-47.7000082643159));
#15720=CARTESIAN_POINT('Ctrl Pts',(29.4539841236388,-0.652189259860914,
-47.7000094000594));
#15721=CARTESIAN_POINT('Ctrl Pts',(29.4352530238584,-0.680755465565943,
-47.7000091628597));
#15722=CARTESIAN_POINT('Ctrl Pts',(29.4216364908718,-0.701521607802317,
-47.7000089904278));
#15723=CARTESIAN_POINT('Ctrl Pts',(29.4069365737601,-0.721610210358148,
-47.7000080922482));
#15724=CARTESIAN_POINT('Ctrl Pts',(29.3912014832505,-0.740925175765775,
-47.700006824356));
#15725=CARTESIAN_POINT('Ctrl Pts',(29.3696357643817,-0.767397290030711,
-47.7000050866471));
#15726=CARTESIAN_POINT('Ctrl Pts',(29.3462742880555,-0.792236804872209,
-47.700002271802));
#15727=CARTESIAN_POINT('Ctrl Pts',(29.321281710621,-0.815232262340459,-47.7000015811744));
#15728=CARTESIAN_POINT('Ctrl Pts',(29.3043171063751,-0.830841250105921,
-47.7000011123864));
#15729=CARTESIAN_POINT('Ctrl Pts',(29.2865999914641,-0.845600100234849,
-47.700001639136));
#15730=CARTESIAN_POINT('Ctrl Pts',(29.268172087856,-0.859433087078965,-47.7000049049536));
#15731=CARTESIAN_POINT('Ctrl Pts',(29.2402185448433,-0.880416537012501,
-47.7000098589177));
#15732=CARTESIAN_POINT('Ctrl Pts',(29.2106299241647,-0.899272258020125,
-47.700020816835));
#15733=CARTESIAN_POINT('Ctrl Pts',(29.1796739431256,-0.915885661923,-47.7000293227987));
#15734=CARTESIAN_POINT('Ctrl Pts',(29.1496362095975,-0.932006262294233,
-47.7000375764499));
#15735=CARTESIAN_POINT('Ctrl Pts',(29.1184841280516,-0.9459226110018,-47.7000433611207));
#15736=CARTESIAN_POINT('Ctrl Pts',(29.0864805374938,-0.957557458820713,
-47.7000436550963));
#15737=CARTESIAN_POINT('Ctrl Pts',(29.0643782028106,-0.965592722864543,
-47.7000438581219));
#15738=CARTESIAN_POINT('Ctrl Pts',(29.0418690681644,-0.972538891113898,
-47.7000415255584));
#15739=CARTESIAN_POINT('Ctrl Pts',(29.0190355161084,-0.978356704161062,
-47.700037153406));
#15740=CARTESIAN_POINT('Ctrl Pts',(28.9861975927503,-0.986723553895422,
-47.7000308656236));
#15741=CARTESIAN_POINT('Ctrl Pts',(28.9528405275977,-0.99272021288204,-47.7000201149425));
#15742=CARTESIAN_POINT('Ctrl Pts',(28.9192158205476,-0.996253030752568,
-47.7000113103184));
#15743=CARTESIAN_POINT('Ctrl Pts',(28.8955921652613,-0.998735076809899,
-47.7000051244681));
#15744=CARTESIAN_POINT('Ctrl Pts',(28.8718359684082,-0.999999999999998,
-47.7));
#15745=CARTESIAN_POINT('Ctrl Pts',(28.8480334738564,-0.999999999999998,
-47.7));
#15746=CARTESIAN_POINT('Origin',(30.1912740218441,-0.7,-50.943580423809));
#15747=CARTESIAN_POINT('Origin',(30.1912740218441,-0.7,-78.275));
#15748=CARTESIAN_POINT('Origin',(30.1912740218441,-0.7,-47.7));
#15749=CARTESIAN_POINT('Origin',(30.1912740218441,-0.7,-48.1));
#15750=CARTESIAN_POINT('Origin',(8.09127402184409,-0.7,-64.85));
#15751=CARTESIAN_POINT('Origin',(8.09127402184409,-0.7,-47.7));
#15752=CARTESIAN_POINT('Origin',(8.7912740218441,-1.11022302462516E-15,
-47.7));
#15753=CARTESIAN_POINT('Origin',(34.4912740218441,-5.75,-82.));
#15754=CARTESIAN_POINT('Origin',(153.,-2.,-109.5));
#15755=CARTESIAN_POINT('',(149.,-4.,-129.));
#15756=CARTESIAN_POINT('',(137.4,-9.80000000000001,-129.));
#15757=CARTESIAN_POINT('',(149.,-4.,-117.));
#15758=CARTESIAN_POINT('',(149.,-4.,-129.));
#15759=CARTESIAN_POINT('',(151.8,-2.6,-117.));
#15760=CARTESIAN_POINT('Origin',(87.5,-1.2,-75.2));
#15761=CARTESIAN_POINT('',(65.,-1.2,-74.));
#15762=CARTESIAN_POINT('Origin',(65.,-1.2,-75.2));
#15763=CARTESIAN_POINT('',(68.5,-1.2,-74.));
#15764=CARTESIAN_POINT('',(87.5,-1.2,-74.));
#15765=CARTESIAN_POINT('Origin',(68.5,-1.2,-75.2));
#15766=CARTESIAN_POINT('Origin',(65.,-5.50000000000014,-74.));
#15767=CARTESIAN_POINT('',(65.,-5.50000000000014,-74.));
#15768=CARTESIAN_POINT('',(65.,-5.50000000000014,-74.));
#15769=CARTESIAN_POINT('',(68.5,-5.50000000000014,-74.));
#15770=CARTESIAN_POINT('',(65.,-5.50000000000014,-74.));
#15771=CARTESIAN_POINT('',(68.5,-5.50000000000014,-74.));
#15772=CARTESIAN_POINT('Origin',(98.5,-1.2,-75.2));
#15773=CARTESIAN_POINT('',(83.5,-1.2,-74.));
#15774=CARTESIAN_POINT('Origin',(83.5,-1.2,-75.2));
#15775=CARTESIAN_POINT('',(87.,-1.2,-74.));
#15776=CARTESIAN_POINT('',(98.5,-1.2,-74.));
#15777=CARTESIAN_POINT('Origin',(87.,-1.2,-75.2));
#15778=CARTESIAN_POINT('Origin',(87.,-5.50000000000014,-74.));
#15779=CARTESIAN_POINT('',(83.5,-5.50000000000014,-74.));
#15780=CARTESIAN_POINT('',(83.5,-5.50000000000014,-74.));
#15781=CARTESIAN_POINT('',(87.,-5.50000000000014,-74.));
#15782=CARTESIAN_POINT('',(87.,-5.50000000000014,-74.));
#15783=CARTESIAN_POINT('',(87.,-5.50000000000014,-74.));
#15784=CARTESIAN_POINT('Origin',(87.5,-1.2,-101.8));
#15785=CARTESIAN_POINT('',(68.5,-1.2,-103.));
#15786=CARTESIAN_POINT('Origin',(68.5,-1.2,-101.8));
#15787=CARTESIAN_POINT('',(65.,-1.2,-103.));
#15788=CARTESIAN_POINT('',(87.5,-1.2,-103.));
#15789=CARTESIAN_POINT('Origin',(65.,-1.2,-101.8));
#15790=CARTESIAN_POINT('Origin',(65.,-1.34711147906209E-15,-103.));
#15791=CARTESIAN_POINT('',(68.5,-5.50000000000012,-103.));
#15792=CARTESIAN_POINT('',(68.5,-9.18485099360516E-16,-103.));
#15793=CARTESIAN_POINT('',(65.,-5.50000000000012,-103.));
#15794=CARTESIAN_POINT('',(65.,-5.50000000000012,-103.));
#15795=CARTESIAN_POINT('',(65.,-1.34711147906209E-15,-103.));
#15796=CARTESIAN_POINT('Origin',(98.5,-1.2,-101.8));
#15797=CARTESIAN_POINT('',(87.,-1.2,-103.));
#15798=CARTESIAN_POINT('Origin',(87.,-1.2,-101.8));
#15799=CARTESIAN_POINT('',(83.5,-1.2,-103.));
#15800=CARTESIAN_POINT('',(98.5,-1.2,-103.));
#15801=CARTESIAN_POINT('Origin',(83.5,-1.2,-101.8));
#15802=CARTESIAN_POINT('Origin',(87.,0.,-103.));
#15803=CARTESIAN_POINT('',(87.,-5.50000000000012,-103.));
#15804=CARTESIAN_POINT('',(87.,0.,-103.));
#15805=CARTESIAN_POINT('',(83.5,-5.50000000000012,-103.));
#15806=CARTESIAN_POINT('',(87.,-5.50000000000012,-103.));
#15807=CARTESIAN_POINT('',(83.5,0.,-103.));
#15808=CARTESIAN_POINT('Origin',(68.5,-5.50000000000034,-72.));
#15809=CARTESIAN_POINT('',(68.5,-5.50000000000034,-72.));
#15810=CARTESIAN_POINT('',(65.,-5.50000000000034,-72.));
#15811=CARTESIAN_POINT('',(68.5,-5.50000000000034,-72.));
#15812=CARTESIAN_POINT('',(65.,-5.50000000000034,-72.));
#15813=CARTESIAN_POINT('',(68.5,-5.50000000000034,-72.));
#15814=CARTESIAN_POINT('Origin',(66.75,-5.50000000000013,-76.5));
#15815=CARTESIAN_POINT('',(65.,-8.00000000000012,-76.4999999999999));
#15816=CARTESIAN_POINT('',(68.5,-8.00000000000012,-76.4999999999999));
#15817=CARTESIAN_POINT('',(65.,-8.00000000000012,-76.4999999999999));
#15818=CARTESIAN_POINT('Origin',(68.5,-5.50000000000012,-76.5));
#15819=CARTESIAN_POINT('Origin',(65.,-5.50000000000012,-76.5));
#15820=CARTESIAN_POINT('Origin',(66.75,-5.50000000000013,-76.5));
#15821=CARTESIAN_POINT('',(68.5,-10.0000000000001,-76.5));
#15822=CARTESIAN_POINT('',(65.,-10.0000000000001,-76.5));
#15823=CARTESIAN_POINT('',(68.5,-10.0000000000001,-76.5));
#15824=CARTESIAN_POINT('Origin',(65.,-5.50000000000013,-76.5));
#15825=CARTESIAN_POINT('Origin',(68.5,-5.50000000000013,-76.5));
#15826=CARTESIAN_POINT('Origin',(65.,-8.00000000000012,-100.5));
#15827=CARTESIAN_POINT('',(65.,-8.00000000000012,-100.5));
#15828=CARTESIAN_POINT('',(68.5,-8.00000000000012,-100.5));
#15829=CARTESIAN_POINT('',(65.,-8.00000000000012,-100.5));
#15830=CARTESIAN_POINT('',(68.5,-8.00000000000012,-100.5));
#15831=CARTESIAN_POINT('',(65.,-8.00000000000012,-100.5));
#15832=CARTESIAN_POINT('Origin',(68.5,-10.0000000000001,-100.5));
#15833=CARTESIAN_POINT('',(68.5,-10.0000000000001,-100.5));
#15834=CARTESIAN_POINT('',(65.,-10.0000000000001,-100.5));
#15835=CARTESIAN_POINT('',(68.5,-10.0000000000001,-100.5));
#15836=CARTESIAN_POINT('',(65.,-10.0000000000001,-100.5));
#15837=CARTESIAN_POINT('',(68.5,-10.0000000000001,-100.5));
#15838=CARTESIAN_POINT('Origin',(66.75,-5.50000000000012,-100.5));
#15839=CARTESIAN_POINT('Origin',(68.5,-5.50000000000013,-100.5));
#15840=CARTESIAN_POINT('Origin',(65.,-5.50000000000013,-100.5));
#15841=CARTESIAN_POINT('Origin',(66.75,-5.50000000000012,-100.5));
#15842=CARTESIAN_POINT('',(68.5,-5.50000000000012,-105.));
#15843=CARTESIAN_POINT('',(65.,-5.50000000000012,-105.));
#15844=CARTESIAN_POINT('',(68.5,-5.50000000000012,-105.));
#15845=CARTESIAN_POINT('Origin',(65.,-5.50000000000014,-100.5));
#15846=CARTESIAN_POINT('Origin',(68.5,-5.50000000000013,-100.5));
#15847=CARTESIAN_POINT('Origin',(65.,-1.34711147906209E-15,-105.));
#15848=CARTESIAN_POINT('',(65.,-1.34711147906209E-15,-105.));
#15849=CARTESIAN_POINT('Origin',(68.5,-9.18485099360516E-16,-105.));
#15850=CARTESIAN_POINT('',(68.5,-9.18485099360516E-16,-105.));
#15851=CARTESIAN_POINT('Origin',(68.5,-9.18485099360516E-16,-103.));
#15852=CARTESIAN_POINT('Origin',(83.5,-5.50000000000034,-72.));
#15853=CARTESIAN_POINT('',(83.5,-5.50000000000034,-72.));
#15854=CARTESIAN_POINT('',(87.,-5.50000000000034,-72.));
#15855=CARTESIAN_POINT('',(83.5,-5.50000000000034,-72.));
#15856=CARTESIAN_POINT('',(83.5,-5.50000000000034,-72.));
#15857=CARTESIAN_POINT('',(87.,-5.50000000000034,-72.));
#15858=CARTESIAN_POINT('Origin',(85.25,-5.50000000000013,-76.5));
#15859=CARTESIAN_POINT('',(87.,-8.00000000000012,-76.4999999999999));
#15860=CARTESIAN_POINT('',(83.5,-8.00000000000012,-76.4999999999999));
#15861=CARTESIAN_POINT('',(87.,-8.00000000000011,-76.4999999999999));
#15862=CARTESIAN_POINT('Origin',(87.,-5.50000000000012,-76.5));
#15863=CARTESIAN_POINT('Origin',(83.5,-5.50000000000012,-76.5));
#15864=CARTESIAN_POINT('Origin',(85.25,-5.50000000000013,-76.5));
#15865=CARTESIAN_POINT('',(83.5,-10.0000000000001,-76.5));
#15866=CARTESIAN_POINT('',(87.,-10.0000000000001,-76.5));
#15867=CARTESIAN_POINT('',(83.5,-10.0000000000001,-76.5));
#15868=CARTESIAN_POINT('Origin',(83.5,-5.50000000000013,-76.5));
#15869=CARTESIAN_POINT('Origin',(87.,-5.50000000000013,-76.5));
#15870=CARTESIAN_POINT('Origin',(87.,-8.00000000000011,-100.5));
#15871=CARTESIAN_POINT('',(87.,-8.00000000000012,-100.5));
#15872=CARTESIAN_POINT('',(83.5,-8.00000000000012,-100.5));
#15873=CARTESIAN_POINT('',(87.,-8.00000000000011,-100.5));
#15874=CARTESIAN_POINT('',(87.,-8.00000000000012,-100.5));
#15875=CARTESIAN_POINT('',(83.5,-8.00000000000012,-100.5));
#15876=CARTESIAN_POINT('Origin',(83.5,-10.0000000000001,-100.5));
#15877=CARTESIAN_POINT('',(83.5,-10.0000000000001,-100.5));
#15878=CARTESIAN_POINT('',(87.,-10.0000000000001,-100.5));
#15879=CARTESIAN_POINT('',(83.5,-10.0000000000001,-100.5));
#15880=CARTESIAN_POINT('',(83.5,-10.0000000000001,-100.5));
#15881=CARTESIAN_POINT('',(87.,-10.0000000000001,-100.5));
#15882=CARTESIAN_POINT('Origin',(85.25,-5.50000000000012,-100.5));
#15883=CARTESIAN_POINT('Origin',(87.,-5.50000000000013,-100.5));
#15884=CARTESIAN_POINT('Origin',(83.5,-5.50000000000013,-100.5));
#15885=CARTESIAN_POINT('Origin',(85.25,-5.50000000000012,-100.5));
#15886=CARTESIAN_POINT('',(83.5,-5.50000000000012,-105.));
#15887=CARTESIAN_POINT('',(87.,-5.50000000000012,-105.));
#15888=CARTESIAN_POINT('',(83.5,-5.50000000000012,-105.));
#15889=CARTESIAN_POINT('Origin',(83.5,-5.50000000000013,-100.5));
#15890=CARTESIAN_POINT('Origin',(87.,-5.50000000000013,-100.5));
#15891=CARTESIAN_POINT('Origin',(87.,0.,-105.));
#15892=CARTESIAN_POINT('',(87.,0.,-105.));
#15893=CARTESIAN_POINT('Origin',(83.5,0.,-105.));
#15894=CARTESIAN_POINT('',(83.5,0.,-105.));
#15895=CARTESIAN_POINT('Origin',(83.5,0.,-103.));
#15896=CARTESIAN_POINT('Origin',(121.125,-1.2,-116.7));
#15897=CARTESIAN_POINT('',(128.75,-1.2,-115.5));
#15898=CARTESIAN_POINT('Origin',(128.75,-1.2,-116.7));
#15899=CARTESIAN_POINT('',(132.25,-1.2,-115.5));
#15900=CARTESIAN_POINT('',(121.125,-1.2,-115.5));
#15901=CARTESIAN_POINT('Origin',(132.25,-1.2,-116.7));
#15902=CARTESIAN_POINT('Origin',(132.25,-3.5,-115.5));
#15903=CARTESIAN_POINT('',(128.75,-3.5,-115.5));
#15904=CARTESIAN_POINT('',(128.75,-3.5,-115.5));
#15905=CARTESIAN_POINT('',(132.25,-3.5,-115.5));
#15906=CARTESIAN_POINT('',(132.25,-3.5,-115.5));
#15907=CARTESIAN_POINT('',(132.25,-3.5,-115.5));
#15908=CARTESIAN_POINT('Origin',(121.125,-1.2,-129.3));
#15909=CARTESIAN_POINT('',(132.25,-1.2,-130.5));
#15910=CARTESIAN_POINT('Origin',(132.25,-1.2,-129.3));
#15911=CARTESIAN_POINT('',(128.75,-1.2,-130.5));
#15912=CARTESIAN_POINT('',(121.125,-1.2,-130.5));
#15913=CARTESIAN_POINT('Origin',(128.75,-1.2,-129.3));
#15914=CARTESIAN_POINT('Origin',(132.25,0.,-130.5));
#15915=CARTESIAN_POINT('',(132.25,-3.5,-130.5));
#15916=CARTESIAN_POINT('',(132.25,0.,-130.5));
#15917=CARTESIAN_POINT('',(128.75,-3.5,-130.5));
#15918=CARTESIAN_POINT('',(132.25,-3.5,-130.5));
#15919=CARTESIAN_POINT('',(128.75,0.,-130.5));
#15920=CARTESIAN_POINT('Origin',(125.725,-1.2,-136.2));
#15921=CARTESIAN_POINT('',(137.95,-1.2,-135.));
#15922=CARTESIAN_POINT('Origin',(137.95,-1.2,-136.2));
#15923=CARTESIAN_POINT('',(141.45,-1.2,-135.));
#15924=CARTESIAN_POINT('',(125.725,-1.2,-135.));
#15925=CARTESIAN_POINT('Origin',(141.45,-1.2,-136.2));
#15926=CARTESIAN_POINT('Origin',(141.45,-1.49999999999999,-135.));
#15927=CARTESIAN_POINT('',(137.95,-1.49999999999999,-135.));
#15928=CARTESIAN_POINT('',(137.95,-1.49999999999999,-135.));
#15929=CARTESIAN_POINT('',(141.45,-1.49999999999999,-135.));
#15930=CARTESIAN_POINT('',(141.45,-1.49999999999999,-135.));
#15931=CARTESIAN_POINT('',(141.45,-1.49999999999999,-135.));
#15932=CARTESIAN_POINT('Origin',(115.025,-1.2,-136.2));
#15933=CARTESIAN_POINT('',(120.05,-1.2,-135.));
#15934=CARTESIAN_POINT('Origin',(120.05,-1.2,-136.2));
#15935=CARTESIAN_POINT('',(123.55,-1.2,-135.));
#15936=CARTESIAN_POINT('',(115.025,-1.2,-135.));
#15937=CARTESIAN_POINT('Origin',(123.55,-1.2,-136.2));
#15938=CARTESIAN_POINT('Origin',(120.05,-1.49999999999999,-135.));
#15939=CARTESIAN_POINT('',(120.05,-1.49999999999999,-135.));
#15940=CARTESIAN_POINT('',(120.05,-1.49999999999999,-135.));
#15941=CARTESIAN_POINT('',(123.55,-1.49999999999999,-135.));
#15942=CARTESIAN_POINT('',(120.05,-1.49999999999999,-135.));
#15943=CARTESIAN_POINT('',(123.55,-1.49999999999999,-135.));
#15944=CARTESIAN_POINT('Origin',(115.025,-1.2,-149.3500000298));
#15945=CARTESIAN_POINT('',(123.55,-1.2,-150.5500000298));
#15946=CARTESIAN_POINT('Origin',(123.55,-1.2,-149.3500000298));
#15947=CARTESIAN_POINT('',(120.05,-1.2,-150.5500000298));
#15948=CARTESIAN_POINT('',(115.025,-1.2,-150.5500000298));
#15949=CARTESIAN_POINT('Origin',(120.05,-1.2,-149.3500000298));
#15950=CARTESIAN_POINT('Origin',(120.05,-1.31037207508766E-15,-150.5500000298));
#15951=CARTESIAN_POINT('',(123.55,-1.5,-150.5500000298));
#15952=CARTESIAN_POINT('',(123.55,-8.81745695386092E-16,-150.5500000298));
#15953=CARTESIAN_POINT('',(120.05,-1.5,-150.5500000298));
#15954=CARTESIAN_POINT('',(120.05,-1.5,-150.5500000298));
#15955=CARTESIAN_POINT('',(120.05,-1.31037207508766E-15,-150.5500000298));
#15956=CARTESIAN_POINT('Origin',(125.725,-1.2,-149.3500000298));
#15957=CARTESIAN_POINT('',(141.45,-1.2,-150.5500000298));
#15958=CARTESIAN_POINT('Origin',(141.45,-1.2,-149.3500000298));
#15959=CARTESIAN_POINT('',(137.95,-1.2,-150.5500000298));
#15960=CARTESIAN_POINT('',(125.725,-1.2,-150.5500000298));
#15961=CARTESIAN_POINT('Origin',(137.95,-1.2,-149.3500000298));
#15962=CARTESIAN_POINT('Origin',(141.45,0.,-150.5500000298));
#15963=CARTESIAN_POINT('',(141.45,-1.5,-150.5500000298));
#15964=CARTESIAN_POINT('',(141.45,0.,-150.5500000298));
#15965=CARTESIAN_POINT('',(137.95,-1.5,-150.5500000298));
#15966=CARTESIAN_POINT('',(141.45,-1.5,-150.5500000298));
#15967=CARTESIAN_POINT('',(137.95,0.,-150.5500000298));
#15968=CARTESIAN_POINT('Origin',(105.,0.,-77.));
#15969=CARTESIAN_POINT('',(105.,-6.,-77.));
#15970=CARTESIAN_POINT('',(105.,0.,-77.));
#15971=CARTESIAN_POINT('',(47.,-6.,-77.));
#15972=CARTESIAN_POINT('',(105.,-6.,-77.));
#15973=CARTESIAN_POINT('',(47.,0.,-77.));
#15974=CARTESIAN_POINT('Origin',(105.,0.,-100.));
#15975=CARTESIAN_POINT('',(105.,-6.,-100.));
#15976=CARTESIAN_POINT('',(105.,0.,-100.));
#15977=CARTESIAN_POINT('',(105.,-6.,-100.));
#15978=CARTESIAN_POINT('Origin',(47.,0.,-100.));
#15979=CARTESIAN_POINT('',(47.,-6.,-100.));
#15980=CARTESIAN_POINT('',(47.,0.,-100.));
#15981=CARTESIAN_POINT('',(47.,-6.,-100.));
#15982=CARTESIAN_POINT('Origin',(47.,0.,-77.));
#15983=CARTESIAN_POINT('',(47.,-6.,-77.));
#15984=CARTESIAN_POINT('Origin',(76.,-6.,-88.5));
#15985=CARTESIAN_POINT('Origin',(128.75,-3.5,-113.5));
#15986=CARTESIAN_POINT('',(128.75,-3.5,-113.5));
#15987=CARTESIAN_POINT('',(132.25,-3.5,-113.5));
#15988=CARTESIAN_POINT('',(128.75,-3.5,-113.5));
#15989=CARTESIAN_POINT('',(128.75,-3.5,-113.5));
#15990=CARTESIAN_POINT('',(132.25,-3.5,-113.5));
#15991=CARTESIAN_POINT('Origin',(130.5,-3.50000000000001,-118.));
#15992=CARTESIAN_POINT('',(132.25,-6.,-118.));
#15993=CARTESIAN_POINT('',(128.75,-6.,-118.));
#15994=CARTESIAN_POINT('',(132.25,-6.,-118.));
#15995=CARTESIAN_POINT('Origin',(132.25,-3.50000000000001,-118.));
#15996=CARTESIAN_POINT('Origin',(128.75,-3.50000000000001,-118.));
#15997=CARTESIAN_POINT('Origin',(130.5,-3.50000000000001,-118.));
#15998=CARTESIAN_POINT('',(128.75,-7.99999999999999,-118.));
#15999=CARTESIAN_POINT('',(132.25,-7.99999999999999,-118.));
#16000=CARTESIAN_POINT('',(128.75,-7.99999999999999,-118.));
#16001=CARTESIAN_POINT('Origin',(128.75,-3.50000000000001,-118.));
#16002=CARTESIAN_POINT('Origin',(132.25,-3.50000000000001,-118.));
#16003=CARTESIAN_POINT('Origin',(132.25,-6.,-128.));
#16004=CARTESIAN_POINT('',(132.25,-6.,-128.));
#16005=CARTESIAN_POINT('',(128.75,-6.,-128.));
#16006=CARTESIAN_POINT('',(132.25,-6.,-128.));
#16007=CARTESIAN_POINT('',(132.25,-6.,-128.));
#16008=CARTESIAN_POINT('',(128.75,-6.,-128.));
#16009=CARTESIAN_POINT('Origin',(128.75,-7.99999999999999,-128.));
#16010=CARTESIAN_POINT('',(128.75,-7.99999999999999,-128.));
#16011=CARTESIAN_POINT('',(132.25,-7.99999999999999,-128.));
#16012=CARTESIAN_POINT('',(128.75,-7.99999999999999,-128.));
#16013=CARTESIAN_POINT('',(128.75,-7.99999999999999,-128.));
#16014=CARTESIAN_POINT('',(132.25,-7.99999999999999,-128.));
#16015=CARTESIAN_POINT('Origin',(130.5,-3.5,-128.));
#16016=CARTESIAN_POINT('Origin',(132.25,-3.49999999999999,-128.));
#16017=CARTESIAN_POINT('Origin',(128.75,-3.49999999999999,-128.));
#16018=CARTESIAN_POINT('Origin',(130.5,-3.5,-128.));
#16019=CARTESIAN_POINT('',(128.75,-3.5,-132.5));
#16020=CARTESIAN_POINT('',(132.25,-3.5,-132.5));
#16021=CARTESIAN_POINT('',(128.75,-3.5,-132.5));
#16022=CARTESIAN_POINT('Origin',(128.75,-3.5,-128.));
#16023=CARTESIAN_POINT('Origin',(132.25,-3.5,-128.));
#16024=CARTESIAN_POINT('Origin',(132.25,0.,-132.5));
#16025=CARTESIAN_POINT('',(132.25,0.,-132.5));
#16026=CARTESIAN_POINT('Origin',(128.75,0.,-132.5));
#16027=CARTESIAN_POINT('',(128.75,0.,-132.5));
#16028=CARTESIAN_POINT('Origin',(128.75,0.,-130.5));
#16029=CARTESIAN_POINT('Origin',(123.55,-1.49999999999999,-133.));
#16030=CARTESIAN_POINT('',(123.55,-1.49999999999999,-133.));
#16031=CARTESIAN_POINT('',(120.05,-1.49999999999999,-133.));
#16032=CARTESIAN_POINT('',(123.55,-1.49999999999999,-133.));
#16033=CARTESIAN_POINT('',(120.05,-1.49999999999999,-133.));
#16034=CARTESIAN_POINT('',(123.55,-1.49999999999999,-133.));
#16035=CARTESIAN_POINT('Origin',(121.8,-1.5,-137.5));
#16036=CARTESIAN_POINT('',(123.55,-6.,-137.5));
#16037=CARTESIAN_POINT('',(120.05,-6.,-137.5));
#16038=CARTESIAN_POINT('',(123.55,-6.,-137.5));
#16039=CARTESIAN_POINT('Origin',(120.05,-1.50000000000001,-137.5));
#16040=CARTESIAN_POINT('Origin',(123.55,-1.50000000000001,-137.5));
#16041=CARTESIAN_POINT('Origin',(121.8,-1.5,-137.5));
#16042=CARTESIAN_POINT('',(120.05,-4.,-137.5));
#16043=CARTESIAN_POINT('',(123.55,-4.,-137.5));
#16044=CARTESIAN_POINT('',(120.05,-4.,-137.5));
#16045=CARTESIAN_POINT('Origin',(123.55,-1.50000000000001,-137.5));
#16046=CARTESIAN_POINT('Origin',(120.05,-1.50000000000001,-137.5));
#16047=CARTESIAN_POINT('Origin',(123.55,-6.,-148.0500000298));
#16048=CARTESIAN_POINT('',(123.55,-6.,-148.0500000298));
#16049=CARTESIAN_POINT('',(120.05,-6.,-148.0500000298));
#16050=CARTESIAN_POINT('',(123.55,-6.,-148.0500000298));
#16051=CARTESIAN_POINT('',(120.05,-6.,-148.0500000298));
#16052=CARTESIAN_POINT('',(123.55,-6.,-148.0500000298));
#16053=CARTESIAN_POINT('Origin',(120.05,-4.,-148.0500000298));
#16054=CARTESIAN_POINT('',(120.05,-4.,-148.0500000298));
#16055=CARTESIAN_POINT('',(123.55,-4.,-148.0500000298));
#16056=CARTESIAN_POINT('',(120.05,-4.,-148.0500000298));
#16057=CARTESIAN_POINT('',(123.55,-4.,-148.0500000298));
#16058=CARTESIAN_POINT('',(120.05,-4.,-148.0500000298));
#16059=CARTESIAN_POINT('Origin',(121.8,-1.5,-148.0500000298));
#16060=CARTESIAN_POINT('',(123.55,-1.5,-152.5500000298));
#16061=CARTESIAN_POINT('',(120.05,-1.5,-152.5500000298));
#16062=CARTESIAN_POINT('',(123.55,-1.5,-152.5500000298));
#16063=CARTESIAN_POINT('Origin',(120.05,-1.5,-148.0500000298));
#16064=CARTESIAN_POINT('Origin',(123.55,-1.5,-148.0500000298));
#16065=CARTESIAN_POINT('Origin',(121.8,-1.5,-148.0500000298));
#16066=CARTESIAN_POINT('Origin',(123.55,-1.5,-148.0500000298));
#16067=CARTESIAN_POINT('Origin',(120.05,-1.5,-148.0500000298));
#16068=CARTESIAN_POINT('Origin',(123.55,-8.81745695386094E-16,-152.5500000298));
#16069=CARTESIAN_POINT('',(120.05,-1.31037207508767E-15,-152.5500000298));
#16070=CARTESIAN_POINT('',(123.55,-8.81745695386094E-16,-152.5500000298));
#16071=CARTESIAN_POINT('Origin',(123.55,-8.81745695386092E-16,-150.5500000298));
#16072=CARTESIAN_POINT('Origin',(120.05,-1.31037207508767E-15,-152.5500000298));
#16073=CARTESIAN_POINT('Origin',(137.95,-1.49999999999999,-133.));
#16074=CARTESIAN_POINT('',(137.95,-1.49999999999999,-133.));
#16075=CARTESIAN_POINT('',(141.45,-1.49999999999999,-133.));
#16076=CARTESIAN_POINT('',(137.95,-1.49999999999999,-133.));
#16077=CARTESIAN_POINT('',(137.95,-1.49999999999999,-133.));
#16078=CARTESIAN_POINT('',(141.45,-1.49999999999999,-133.));
#16079=CARTESIAN_POINT('Origin',(139.7,-1.5,-137.5));
#16080=CARTESIAN_POINT('',(137.95,-5.99999999999999,-137.5));
#16081=CARTESIAN_POINT('',(141.45,-5.99999999999999,-137.5));
#16082=CARTESIAN_POINT('',(137.95,-6.,-137.5));
#16083=CARTESIAN_POINT('Origin',(137.95,-1.50000000000001,-137.5));
#16084=CARTESIAN_POINT('Origin',(141.45,-1.50000000000001,-137.5));
#16085=CARTESIAN_POINT('Origin',(139.7,-1.5,-137.5));
#16086=CARTESIAN_POINT('',(141.45,-4.,-137.5));
#16087=CARTESIAN_POINT('',(137.95,-4.,-137.5));
#16088=CARTESIAN_POINT('',(141.45,-4.,-137.5));
#16089=CARTESIAN_POINT('Origin',(141.45,-1.5,-137.5));
#16090=CARTESIAN_POINT('Origin',(137.95,-1.5,-137.5));
#16091=CARTESIAN_POINT('Origin',(137.95,-6.,-148.0500000298));
#16092=CARTESIAN_POINT('',(137.95,-5.99999999999999,-148.0500000298));
#16093=CARTESIAN_POINT('',(141.45,-5.99999999999999,-148.0500000298));
#16094=CARTESIAN_POINT('',(137.95,-6.,-148.0500000298));
#16095=CARTESIAN_POINT('',(137.95,-5.99999999999999,-148.0500000298));
#16096=CARTESIAN_POINT('',(141.45,-5.99999999999999,-148.0500000298));
#16097=CARTESIAN_POINT('Origin',(141.45,-4.,-148.0500000298));
#16098=CARTESIAN_POINT('',(141.45,-4.,-148.0500000298));
#16099=CARTESIAN_POINT('',(137.95,-4.,-148.0500000298));
#16100=CARTESIAN_POINT('',(141.45,-4.,-148.0500000298));
#16101=CARTESIAN_POINT('',(141.45,-4.,-148.0500000298));
#16102=CARTESIAN_POINT('',(137.95,-4.,-148.0500000298));
#16103=CARTESIAN_POINT('Origin',(139.7,-1.5,-148.0500000298));
#16104=CARTESIAN_POINT('',(137.95,-1.5,-152.5500000298));
#16105=CARTESIAN_POINT('',(141.45,-1.5,-152.5500000298));
#16106=CARTESIAN_POINT('',(137.95,-1.5,-152.5500000298));
#16107=CARTESIAN_POINT('Origin',(137.95,-1.5,-148.0500000298));
#16108=CARTESIAN_POINT('Origin',(141.45,-1.5,-148.0500000298));
#16109=CARTESIAN_POINT('Origin',(139.7,-1.5,-148.0500000298));
#16110=CARTESIAN_POINT('Origin',(141.45,-1.5,-148.0500000298));
#16111=CARTESIAN_POINT('Origin',(137.95,-1.5,-148.0500000298));
#16112=CARTESIAN_POINT('Origin',(137.95,0.,-152.5500000298));
#16113=CARTESIAN_POINT('',(137.95,0.,-152.5500000298));
#16114=CARTESIAN_POINT('',(141.45,0.,-152.5500000298));
#16115=CARTESIAN_POINT('Origin',(137.95,0.,-150.5500000298));
#16116=CARTESIAN_POINT('Origin',(141.45,0.,-152.5500000298));
#16117=CARTESIAN_POINT('Origin',(9.20000000000001,-1.2,-119.125));
#16118=CARTESIAN_POINT('',(8.00000000000001,-1.2,-151.75));
#16119=CARTESIAN_POINT('Origin',(9.20000000000001,-1.2,-151.75));
#16120=CARTESIAN_POINT('',(8.00000000000001,-1.2,-148.25));
#16121=CARTESIAN_POINT('',(8.00000000000001,-1.2,-119.125));
#16122=CARTESIAN_POINT('Origin',(9.20000000000001,-1.2,-148.25));
#16123=CARTESIAN_POINT('Origin',(8.00000000000001,0.,-148.25));
#16124=CARTESIAN_POINT('',(8.00000000000001,-2.5,-151.75));
#16125=CARTESIAN_POINT('',(8.00000000000001,0.,-151.75));
#16126=CARTESIAN_POINT('',(8.00000000000001,-2.5,-148.25));
#16127=CARTESIAN_POINT('',(8.00000000000001,-2.5,-148.25));
#16128=CARTESIAN_POINT('',(8.00000000000001,0.,-148.25));
#16129=CARTESIAN_POINT('Origin',(19.3,-1.2,-119.125));
#16130=CARTESIAN_POINT('',(20.5,-1.2,-148.25));
#16131=CARTESIAN_POINT('Origin',(19.3,-1.2,-148.25));
#16132=CARTESIAN_POINT('',(20.5,-1.2,-151.75));
#16133=CARTESIAN_POINT('',(20.5,-1.2,-119.125));
#16134=CARTESIAN_POINT('Origin',(19.3,-1.2,-151.75));
#16135=CARTESIAN_POINT('Origin',(20.5,-2.5,-148.25));
#16136=CARTESIAN_POINT('',(20.5,-2.5,-148.25));
#16137=CARTESIAN_POINT('',(20.5,-2.5,-148.25));
#16138=CARTESIAN_POINT('',(20.5,-2.5,-151.75));
#16139=CARTESIAN_POINT('',(20.5,-2.5,-148.25));
#16140=CARTESIAN_POINT('',(20.5,-2.5,-151.75));
#16141=CARTESIAN_POINT('Origin',(19.3,-1.2,-100.875));
#16142=CARTESIAN_POINT('',(20.5,-1.2,-108.25));
#16143=CARTESIAN_POINT('Origin',(19.3,-1.2,-108.25));
#16144=CARTESIAN_POINT('',(20.5,-1.2,-111.75));
#16145=CARTESIAN_POINT('',(20.5,-1.2,-100.875));
#16146=CARTESIAN_POINT('Origin',(19.3,-1.2,-111.75));
#16147=CARTESIAN_POINT('Origin',(20.5,-2.5,-111.75));
#16148=CARTESIAN_POINT('',(20.5,-2.5,-108.25));
#16149=CARTESIAN_POINT('',(20.5,-2.5,-108.25));
#16150=CARTESIAN_POINT('',(20.5,-2.5,-111.75));
#16151=CARTESIAN_POINT('',(20.5,-2.5,-111.75));
#16152=CARTESIAN_POINT('',(20.5,-2.5,-111.75));
#16153=CARTESIAN_POINT('Origin',(9.20000000000001,-1.2,-100.875));
#16154=CARTESIAN_POINT('',(8.00000000000001,-1.2,-111.75));
#16155=CARTESIAN_POINT('Origin',(9.20000000000001,-1.2,-111.75));
#16156=CARTESIAN_POINT('',(8.00000000000001,-1.2,-108.25));
#16157=CARTESIAN_POINT('',(8.00000000000001,-1.2,-100.875));
#16158=CARTESIAN_POINT('Origin',(9.20000000000001,-1.2,-108.25));
#16159=CARTESIAN_POINT('Origin',(8.00000000000001,0.,-111.75));
#16160=CARTESIAN_POINT('',(8.00000000000001,-2.5,-111.75));
#16161=CARTESIAN_POINT('',(8.00000000000001,0.,-111.75));
#16162=CARTESIAN_POINT('',(8.00000000000001,-2.5,-108.25));
#16163=CARTESIAN_POINT('',(8.00000000000001,-2.5,-111.75));
#16164=CARTESIAN_POINT('',(8.00000000000001,0.,-108.25));
#16165=CARTESIAN_POINT('Origin',(22.5,-2.5,-151.75));
#16166=CARTESIAN_POINT('',(22.5,-2.5,-151.75));
#16167=CARTESIAN_POINT('',(22.5,-2.5,-148.25));
#16168=CARTESIAN_POINT('',(22.5,-2.5,-151.75));
#16169=CARTESIAN_POINT('',(22.5,-2.5,-148.25));
#16170=CARTESIAN_POINT('',(22.5,-2.5,-151.75));
#16171=CARTESIAN_POINT('Origin',(18.,-2.5,-150.));
#16172=CARTESIAN_POINT('',(18.,-6.99999999999999,-151.75));
#16173=CARTESIAN_POINT('',(18.,-6.99999999999999,-148.25));
#16174=CARTESIAN_POINT('',(18.,-6.99999999999999,-151.75));
#16175=CARTESIAN_POINT('Origin',(18.,-2.5,-148.25));
#16176=CARTESIAN_POINT('Origin',(18.,-2.5,-151.75));
#16177=CARTESIAN_POINT('Origin',(18.,-2.5,-150.));
#16178=CARTESIAN_POINT('',(18.,-5.,-148.25));
#16179=CARTESIAN_POINT('',(18.,-5.,-151.75));
#16180=CARTESIAN_POINT('',(18.,-5.,-148.25));
#16181=CARTESIAN_POINT('Origin',(18.,-2.5,-151.75));
#16182=CARTESIAN_POINT('Origin',(18.,-2.5,-148.25));
#16183=CARTESIAN_POINT('Origin',(10.5,-6.99999999999999,-151.75));
#16184=CARTESIAN_POINT('',(10.5,-6.99999999999999,-151.75));
#16185=CARTESIAN_POINT('',(10.5,-6.99999999999999,-148.25));
#16186=CARTESIAN_POINT('',(10.5,-6.99999999999999,-151.75));
#16187=CARTESIAN_POINT('',(10.5,-6.99999999999999,-148.25));
#16188=CARTESIAN_POINT('',(10.5,-6.99999999999999,-151.75));
#16189=CARTESIAN_POINT('Origin',(10.5,-5.,-148.25));
#16190=CARTESIAN_POINT('',(10.5,-5.,-148.25));
#16191=CARTESIAN_POINT('',(10.5,-5.,-151.75));
#16192=CARTESIAN_POINT('',(10.5,-5.,-148.25));
#16193=CARTESIAN_POINT('',(10.5,-5.,-151.75));
#16194=CARTESIAN_POINT('',(10.5,-5.,-148.25));
#16195=CARTESIAN_POINT('Origin',(10.5,-2.5,-150.));
#16196=CARTESIAN_POINT('',(6.00000000000001,-2.5,-151.75));
#16197=CARTESIAN_POINT('',(6.00000000000001,-2.5,-148.25));
#16198=CARTESIAN_POINT('',(6.00000000000001,-2.5,-151.75));
#16199=CARTESIAN_POINT('Origin',(10.5,-2.5,-148.25));
#16200=CARTESIAN_POINT('Origin',(10.5,-2.5,-151.75));
#16201=CARTESIAN_POINT('Origin',(10.5,-2.5,-150.));
#16202=CARTESIAN_POINT('Origin',(10.5,-2.5,-151.75));
#16203=CARTESIAN_POINT('Origin',(10.5,-2.5,-148.25));
#16204=CARTESIAN_POINT('Origin',(6.00000000000001,0.,-151.75));
#16205=CARTESIAN_POINT('',(6.00000000000001,0.,-148.25));
#16206=CARTESIAN_POINT('',(6.00000000000001,0.,-151.75));
#16207=CARTESIAN_POINT('Origin',(8.00000000000001,0.,-151.75));
#16208=CARTESIAN_POINT('Origin',(6.00000000000001,0.,-148.25));
#16209=CARTESIAN_POINT('Origin',(22.5,-2.5,-108.25));
#16210=CARTESIAN_POINT('',(22.5,-2.5,-108.25));
#16211=CARTESIAN_POINT('',(22.5,-2.5,-111.75));
#16212=CARTESIAN_POINT('',(22.5,-2.5,-108.25));
#16213=CARTESIAN_POINT('',(22.5,-2.5,-108.25));
#16214=CARTESIAN_POINT('',(22.5,-2.5,-111.75));
#16215=CARTESIAN_POINT('Origin',(18.,-2.5,-110.));
#16216=CARTESIAN_POINT('',(18.,-6.99999999999999,-108.25));
#16217=CARTESIAN_POINT('',(18.,-6.99999999999999,-111.75));
#16218=CARTESIAN_POINT('',(18.,-6.99999999999999,-108.25));
#16219=CARTESIAN_POINT('Origin',(18.,-2.5,-108.25));
#16220=CARTESIAN_POINT('Origin',(18.,-2.5,-111.75));
#16221=CARTESIAN_POINT('Origin',(18.,-2.5,-110.));
#16222=CARTESIAN_POINT('',(18.,-5.,-111.75));
#16223=CARTESIAN_POINT('',(18.,-5.,-108.25));
#16224=CARTESIAN_POINT('',(18.,-5.,-111.75));
#16225=CARTESIAN_POINT('Origin',(18.,-2.5,-111.75));
#16226=CARTESIAN_POINT('Origin',(18.,-2.5,-108.25));
#16227=CARTESIAN_POINT('Origin',(10.5,-6.99999999999999,-108.25));
#16228=CARTESIAN_POINT('',(10.5,-6.99999999999999,-108.25));
#16229=CARTESIAN_POINT('',(10.5,-6.99999999999999,-111.75));
#16230=CARTESIAN_POINT('',(10.5,-6.99999999999999,-108.25));
#16231=CARTESIAN_POINT('',(10.5,-6.99999999999999,-108.25));
#16232=CARTESIAN_POINT('',(10.5,-6.99999999999999,-111.75));
#16233=CARTESIAN_POINT('Origin',(10.5,-5.,-111.75));
#16234=CARTESIAN_POINT('',(10.5,-5.,-111.75));
#16235=CARTESIAN_POINT('',(10.5,-5.,-108.25));
#16236=CARTESIAN_POINT('',(10.5,-5.,-111.75));
#16237=CARTESIAN_POINT('',(10.5,-5.,-111.75));
#16238=CARTESIAN_POINT('',(10.5,-5.,-108.25));
#16239=CARTESIAN_POINT('Origin',(10.5,-2.5,-110.));
#16240=CARTESIAN_POINT('',(6.00000000000001,-2.5,-108.25));
#16241=CARTESIAN_POINT('',(6.00000000000001,-2.5,-111.75));
#16242=CARTESIAN_POINT('',(6.00000000000001,-2.5,-108.25));
#16243=CARTESIAN_POINT('Origin',(10.5,-2.5,-108.25));
#16244=CARTESIAN_POINT('Origin',(10.5,-2.5,-111.75));
#16245=CARTESIAN_POINT('Origin',(10.5,-2.5,-110.));
#16246=CARTESIAN_POINT('Origin',(10.5,-2.5,-111.75));
#16247=CARTESIAN_POINT('Origin',(10.5,-2.5,-108.25));
#16248=CARTESIAN_POINT('Origin',(6.00000000000001,0.,-108.25));
#16249=CARTESIAN_POINT('',(6.00000000000001,0.,-108.25));
#16250=CARTESIAN_POINT('',(6.00000000000001,0.,-111.75));
#16251=CARTESIAN_POINT('Origin',(8.00000000000001,0.,-108.25));
#16252=CARTESIAN_POINT('Origin',(6.00000000000001,0.,-111.75));
#16253=CARTESIAN_POINT('Origin',(66.,-1.2,-140.8));
#16254=CARTESIAN_POINT('',(25.5,-1.2,-142.));
#16255=CARTESIAN_POINT('Origin',(25.5,-1.2,-140.8));
#16256=CARTESIAN_POINT('',(22.,-1.2,-142.));
#16257=CARTESIAN_POINT('',(66.,-1.2,-142.));
#16258=CARTESIAN_POINT('Origin',(22.,-1.2,-140.8));
#16259=CARTESIAN_POINT('Origin',(22.,-3.5,-142.));
#16260=CARTESIAN_POINT('',(25.5,-3.5,-142.));
#16261=CARTESIAN_POINT('',(25.5,-3.5,-142.));
#16262=CARTESIAN_POINT('',(22.,-3.5,-142.));
#16263=CARTESIAN_POINT('',(22.,-3.5,-142.));
#16264=CARTESIAN_POINT('',(22.,-3.5,-142.));
#16265=CARTESIAN_POINT('Origin',(66.,-1.2,-119.2));
#16266=CARTESIAN_POINT('',(22.,-1.2,-118.));
#16267=CARTESIAN_POINT('Origin',(22.,-1.2,-119.2));
#16268=CARTESIAN_POINT('',(25.5,-1.2,-118.));
#16269=CARTESIAN_POINT('',(66.,-1.2,-118.));
#16270=CARTESIAN_POINT('Origin',(25.5,-1.2,-119.2));
#16271=CARTESIAN_POINT('Origin',(22.,0.,-118.));
#16272=CARTESIAN_POINT('',(22.,-3.5,-118.));
#16273=CARTESIAN_POINT('',(22.,0.,-118.));
#16274=CARTESIAN_POINT('',(25.5,-3.5,-118.));
#16275=CARTESIAN_POINT('',(22.,-3.5,-118.));
#16276=CARTESIAN_POINT('',(25.5,0.,-118.));
#16277=CARTESIAN_POINT('Origin',(25.5,-3.5,-144.));
#16278=CARTESIAN_POINT('',(25.5,-3.5,-144.));
#16279=CARTESIAN_POINT('',(22.,-3.5,-144.));
#16280=CARTESIAN_POINT('',(25.5,-3.5,-144.));
#16281=CARTESIAN_POINT('',(25.5,-3.5,-144.));
#16282=CARTESIAN_POINT('',(22.,-3.5,-144.));
#16283=CARTESIAN_POINT('Origin',(23.75,-3.5,-139.5));
#16284=CARTESIAN_POINT('',(22.,-6.,-139.5));
#16285=CARTESIAN_POINT('',(25.5,-6.,-139.5));
#16286=CARTESIAN_POINT('',(22.,-6.,-139.5));
#16287=CARTESIAN_POINT('Origin',(22.,-3.50000000000002,-139.5));
#16288=CARTESIAN_POINT('Origin',(25.5,-3.50000000000002,-139.5));
#16289=CARTESIAN_POINT('Origin',(23.75,-3.5,-139.5));
#16290=CARTESIAN_POINT('',(25.5,-7.99999999999999,-139.5));
#16291=CARTESIAN_POINT('',(22.,-7.99999999999999,-139.5));
#16292=CARTESIAN_POINT('',(25.5,-7.99999999999999,-139.5));
#16293=CARTESIAN_POINT('Origin',(25.5,-3.50000000000003,-139.5));
#16294=CARTESIAN_POINT('Origin',(22.,-3.50000000000003,-139.5));
#16295=CARTESIAN_POINT('Origin',(22.,-6.,-120.5));
#16296=CARTESIAN_POINT('',(22.,-6.,-120.5));
#16297=CARTESIAN_POINT('',(25.5,-6.,-120.5));
#16298=CARTESIAN_POINT('',(22.,-6.,-120.5));
#16299=CARTESIAN_POINT('',(22.,-6.,-120.5));
#16300=CARTESIAN_POINT('',(25.5,-6.,-120.5));
#16301=CARTESIAN_POINT('Origin',(25.5,-7.99999999999999,-120.5));
#16302=CARTESIAN_POINT('',(25.5,-7.99999999999999,-120.5));
#16303=CARTESIAN_POINT('',(22.,-7.99999999999999,-120.5));
#16304=CARTESIAN_POINT('',(25.5,-7.99999999999999,-120.5));
#16305=CARTESIAN_POINT('',(25.5,-7.99999999999999,-120.5));
#16306=CARTESIAN_POINT('',(22.,-7.99999999999999,-120.5));
#16307=CARTESIAN_POINT('Origin',(23.75,-3.5,-120.5));
#16308=CARTESIAN_POINT('Origin',(22.,-3.49999999999999,-120.5));
#16309=CARTESIAN_POINT('Origin',(25.5,-3.49999999999999,-120.5));
#16310=CARTESIAN_POINT('Origin',(23.75,-3.5,-120.5));
#16311=CARTESIAN_POINT('',(25.5,-3.5,-116.));
#16312=CARTESIAN_POINT('',(22.,-3.5,-116.));
#16313=CARTESIAN_POINT('',(25.5,-3.5,-116.));
#16314=CARTESIAN_POINT('Origin',(25.5,-3.5,-120.5));
#16315=CARTESIAN_POINT('Origin',(22.,-3.5,-120.5));
#16316=CARTESIAN_POINT('Origin',(22.,0.,-116.));
#16317=CARTESIAN_POINT('',(22.,0.,-116.));
#16318=CARTESIAN_POINT('Origin',(25.5,0.,-116.));
#16319=CARTESIAN_POINT('',(25.5,0.,-116.));
#16320=CARTESIAN_POINT('Origin',(25.5,0.,-118.));
#16321=CARTESIAN_POINT('Origin',(148.5000000149,0.,-137.));
#16322=CARTESIAN_POINT('',(148.5000000149,-1.6,-137.));
#16323=CARTESIAN_POINT('',(148.5000000149,0.,-137.));
#16324=CARTESIAN_POINT('',(108.9999999851,-1.6,-137.));
#16325=CARTESIAN_POINT('',(148.5000000149,-1.6,-137.));
#16326=CARTESIAN_POINT('',(108.9999999851,0.,-137.));
#16327=CARTESIAN_POINT('Origin',(148.5000000149,0.,-148.5500000298));
#16328=CARTESIAN_POINT('',(148.5000000149,-1.6,-148.5500000298));
#16329=CARTESIAN_POINT('',(148.5000000149,0.,-148.5500000298));
#16330=CARTESIAN_POINT('',(148.5000000149,-1.6,-148.5500000298));
#16331=CARTESIAN_POINT('Origin',(108.9999999851,0.,-148.5500000298));
#16332=CARTESIAN_POINT('',(108.9999999851,-1.6,-148.5500000298));
#16333=CARTESIAN_POINT('',(108.9999999851,0.,-148.5500000298));
#16334=CARTESIAN_POINT('',(108.9999999851,-1.6,-148.5500000298));
#16335=CARTESIAN_POINT('Origin',(108.9999999851,0.,-137.));
#16336=CARTESIAN_POINT('',(108.9999999851,-1.6,-137.));
#16337=CARTESIAN_POINT('Origin',(128.75,-1.6,-142.7750000149));
#16338=CARTESIAN_POINT('Origin',(149.,0.,-117.));
#16339=CARTESIAN_POINT('',(113.,-4.,-117.));
#16340=CARTESIAN_POINT('',(149.,-4.,-117.));
#16341=CARTESIAN_POINT('',(113.,0.,-117.));
#16342=CARTESIAN_POINT('Origin',(113.,0.,-129.));
#16343=CARTESIAN_POINT('',(113.,-4.,-129.));
#16344=CARTESIAN_POINT('',(113.,0.,-129.));
#16345=CARTESIAN_POINT('',(113.,-4.,-129.));
#16346=CARTESIAN_POINT('Origin',(113.,0.,-117.));
#16347=CARTESIAN_POINT('',(113.,-4.,-117.));
#16348=CARTESIAN_POINT('Origin',(131.,-4.,-123.));
#16349=CARTESIAN_POINT('Origin',(33.25,-2.,-114.));
#16350=CARTESIAN_POINT('',(29.,-4.,-118.));
#16351=CARTESIAN_POINT('',(29.,-1.,-112.));
#16352=CARTESIAN_POINT('',(41.,-4.,-118.));
#16353=CARTESIAN_POINT('',(41.,-9.,-128.));
#16354=CARTESIAN_POINT('',(33.25,-4.,-118.));
#16355=CARTESIAN_POINT('Origin',(29.,0.,-110.));
#16356=CARTESIAN_POINT('',(29.,-4.,-120.));
#16357=CARTESIAN_POINT('',(29.,-4.,-110.));
#16358=CARTESIAN_POINT('',(29.,0.,-120.));
#16359=CARTESIAN_POINT('Origin',(25.5,-4.,-130.));
#16360=CARTESIAN_POINT('',(41.,-4.,-142.));
#16361=CARTESIAN_POINT('',(41.,-4.,-120.));
#16362=CARTESIAN_POINT('',(29.,-4.,-142.));
#16363=CARTESIAN_POINT('',(27.25,-4.,-142.));
#16364=CARTESIAN_POINT('',(29.,-4.,-140.));
#16365=CARTESIAN_POINT('',(29.,-4.,-150.));
#16366=CARTESIAN_POINT('',(18.5,-4.,-140.));
#16367=CARTESIAN_POINT('',(10.,-4.,-140.));
#16368=CARTESIAN_POINT('',(10.,-4.,-140.));
#16369=CARTESIAN_POINT('',(17.75,-4.,-140.));
#16370=CARTESIAN_POINT('',(10.,-4.,-120.));
#16371=CARTESIAN_POINT('',(10.,-4.,-160.));
#16372=CARTESIAN_POINT('',(18.5,-4.,-120.));
#16373=CARTESIAN_POINT('',(22.,-4.,-120.));
#16374=CARTESIAN_POINT('',(41.,-4.,-120.));
#16375=CARTESIAN_POINT('Origin',(27.25,-2.,-146.));
#16376=CARTESIAN_POINT('',(41.,-1.,-148.));
#16377=CARTESIAN_POINT('',(29.,-3.,-144.));
#16378=CARTESIAN_POINT('Origin',(29.,0.,-140.));
#16379=CARTESIAN_POINT('',(29.,0.,-140.));
#16380=CARTESIAN_POINT('Origin',(22.,-2.,-110.));
#16381=CARTESIAN_POINT('',(10.,-1.,-105.));
#16382=CARTESIAN_POINT('',(18.5,-2.92307692307692,-114.615384615385));
#16383=CARTESIAN_POINT('Origin',(18.5,0.,-120.));
#16384=CARTESIAN_POINT('',(18.5,0.,-120.));
#16385=CARTESIAN_POINT('Origin',(17.75,-2.,-150.));
#16386=CARTESIAN_POINT('',(10.,-6.76923076923077,-126.153846153846));
#16387=CARTESIAN_POINT('',(18.5,-1.,-155.));
#16388=CARTESIAN_POINT('Origin',(10.,0.,-100.));
#16389=CARTESIAN_POINT('Origin',(18.5,0.,-140.));
#16390=CARTESIAN_POINT('',(18.5,0.,-140.));
#16391=CARTESIAN_POINT('Origin',(18.5,0.,-160.));
#16392=CARTESIAN_POINT('Origin',(29.,0.,-120.));
#16393=CARTESIAN_POINT('Origin',(41.,0.,-150.));
#16394=CARTESIAN_POINT('Origin',(186.653683030073,0.,-91.));
#16395=CARTESIAN_POINT('',(186.653683030073,52.5,-91.));
#16396=CARTESIAN_POINT('',(186.653683030073,0.,-91.));
#16397=CARTESIAN_POINT('',(188.653683030073,49.5,-91.));
#16398=CARTESIAN_POINT('',(199.269067645458,33.5769230769232,-91.));
#16399=CARTESIAN_POINT('',(188.653683030073,30.,-91.));
#16400=CARTESIAN_POINT('',(188.653683030073,19.875,-91.));
#16401=CARTESIAN_POINT('',(186.653683030073,27.,-91.));
#16402=CARTESIAN_POINT('',(180.922913799304,18.4038461538462,-91.));
#16403=CARTESIAN_POINT('',(186.653683030073,0.,-91.));
#16404=CARTESIAN_POINT('',(192.653683030073,0.,-91.));
#16405=CARTESIAN_POINT('Origin',(188.653683030073,39.75,-111.047173837397));
#16406=CARTESIAN_POINT('',(188.653683030073,30.,-119.));
#16407=CARTESIAN_POINT('',(188.653683030073,49.5,-119.));
#16408=CARTESIAN_POINT('',(188.653683030073,19.875,-119.));
#16409=CARTESIAN_POINT('',(188.653683030073,30.,-80.0876703770447));
#16410=CARTESIAN_POINT('',(188.653683030073,49.5,-131.094347674793));
#16411=CARTESIAN_POINT('Origin',(188.653683030073,39.75,-111.047173837397));
#16412=CARTESIAN_POINT('',(188.653683030073,30.,-99.));
#16413=CARTESIAN_POINT('',(188.653683030073,49.5,-99.));
#16414=CARTESIAN_POINT('',(188.653683030073,19.875,-99.));
#16415=CARTESIAN_POINT('',(188.653683030073,30.,-80.0876703770447));
#16416=CARTESIAN_POINT('',(188.653683030073,49.5,-131.094347674793));
#16417=CARTESIAN_POINT('Origin',(186.653683030073,0.,-99.));
#16418=CARTESIAN_POINT('',(186.653683030073,52.5,-99.));
#16419=CARTESIAN_POINT('',(186.653683030073,0.,-99.));
#16420=CARTESIAN_POINT('',(186.653683030073,52.5,-115.047173837397));
#16421=CARTESIAN_POINT('Origin',(187.653683030073,51.,-115.047173837397));
#16422=CARTESIAN_POINT('',(200.192144568534,32.1923076923078,-99.));
#16423=CARTESIAN_POINT('',(188.208383226298,50.1679497056622,-96.75));
#16424=CARTESIAN_POINT('',(187.098982833848,51.8320502943379,-96.75));
#16425=CARTESIAN_POINT('',(187.37633293196,51.4160251471689,-96.75));
#16426=CARTESIAN_POINT('',(187.098982833848,51.8320502943379,-93.25));
#16427=CARTESIAN_POINT('',(187.098982833848,51.8320502943378,-95.));
#16428=CARTESIAN_POINT('',(188.208383226298,50.1679497056622,-93.25));
#16429=CARTESIAN_POINT('',(187.931033128185,50.5839748528311,-93.25));
#16430=CARTESIAN_POINT('',(188.208383226298,50.1679497056622,-95.));
#16431=CARTESIAN_POINT('Origin',(187.653683030073,51.,-125.047173837397));
#16432=CARTESIAN_POINT('',(186.653683030073,52.5,-119.));
#16433=CARTESIAN_POINT('',(186.653683030073,52.5,-125.047173837397));
#16434=CARTESIAN_POINT('',(200.192144568534,32.1923076923078,-119.));
#16435=CARTESIAN_POINT('',(187.098982833848,51.8320502943379,-113.25));
#16436=CARTESIAN_POINT('',(188.208383226298,50.1679497056622,-113.25));
#16437=CARTESIAN_POINT('',(187.37633293196,51.4160251471689,-113.25));
#16438=CARTESIAN_POINT('',(188.208383226298,50.1679497056622,-116.75));
#16439=CARTESIAN_POINT('',(188.208383226298,50.1679497056622,-115.));
#16440=CARTESIAN_POINT('',(187.098982833848,51.8320502943379,-116.75));
#16441=CARTESIAN_POINT('',(187.931033128185,50.5839748528311,-116.75));
#16442=CARTESIAN_POINT('',(187.098982833848,51.8320502943378,-115.));
#16443=CARTESIAN_POINT('Origin',(186.653683030073,0.,-99.));
#16444=CARTESIAN_POINT('',(186.653683030073,27.,-99.));
#16445=CARTESIAN_POINT('',(186.653683030073,27.,-95.));
#16446=CARTESIAN_POINT('',(186.653683030073,0.,-99.));
#16447=CARTESIAN_POINT('Origin',(187.653683030073,28.5,-95.));
#16448=CARTESIAN_POINT('',(181.845990722381,19.7884615384616,-99.));
#16449=CARTESIAN_POINT('',(188.208383226298,29.3320502943377,-96.75));
#16450=CARTESIAN_POINT('',(188.208383226298,29.3320502943377,-93.25));
#16451=CARTESIAN_POINT('',(188.208383226298,29.3320502943377,-95.));
#16452=CARTESIAN_POINT('',(187.098982833848,27.667949705662,-93.25));
#16453=CARTESIAN_POINT('',(192.739317607722,36.1284518664734,-93.25));
#16454=CARTESIAN_POINT('',(187.098982833848,27.667949705662,-96.75));
#16455=CARTESIAN_POINT('',(187.098982833848,27.6679497056621,-95.));
#16456=CARTESIAN_POINT('',(192.952663837039,36.4484712104495,-96.75));
#16457=CARTESIAN_POINT('Origin',(186.653683030073,0.,-119.));
#16458=CARTESIAN_POINT('',(186.653683030073,27.,-119.));
#16459=CARTESIAN_POINT('',(186.653683030073,27.,-105.));
#16460=CARTESIAN_POINT('',(186.653683030073,0.,-119.));
#16461=CARTESIAN_POINT('Origin',(187.653683030073,28.5,-105.));
#16462=CARTESIAN_POINT('',(181.845990722381,19.7884615384616,-119.));
#16463=CARTESIAN_POINT('',(188.208383226298,29.3320502943377,-116.75));
#16464=CARTESIAN_POINT('',(188.208383226298,29.3320502943377,-113.25));
#16465=CARTESIAN_POINT('',(188.208383226298,29.3320502943377,-115.));
#16466=CARTESIAN_POINT('',(187.098982833848,27.667949705662,-113.25));
#16467=CARTESIAN_POINT('',(192.952663837039,36.4484712104495,-113.25));
#16468=CARTESIAN_POINT('',(187.098982833848,27.667949705662,-116.75));
#16469=CARTESIAN_POINT('',(187.098982833848,27.6679497056621,-115.));
#16470=CARTESIAN_POINT('',(192.739317607722,36.1284518664734,-116.75));
#16471=CARTESIAN_POINT('Origin',(190.427184011199,46.8397485283108,-115.));
#16472=CARTESIAN_POINT('',(194.427184011199,46.839748528311,-113.25));
#16473=CARTESIAN_POINT('Origin',(190.427184011199,46.8397485283108,-113.25));
#16474=CARTESIAN_POINT('',(194.427184011199,46.839748528311,-116.75));
#16475=CARTESIAN_POINT('',(194.427184011199,46.839748528311,-113.25));
#16476=CARTESIAN_POINT('Origin',(190.427184011199,46.8397485283108,-116.75));
#16477=CARTESIAN_POINT('Origin',(188.208383226298,50.1679497056622,-116.75));
#16478=CARTESIAN_POINT('',(194.427184011199,32.660251471689,-116.75));
#16479=CARTESIAN_POINT('',(194.427184011199,46.839748528311,-116.75));
#16480=CARTESIAN_POINT('Origin',(190.427184011199,32.6602514716892,-116.75));
#16481=CARTESIAN_POINT('',(196.427184011199,32.6602514716891,-116.75));
#16482=CARTESIAN_POINT('Origin',(190.427184011199,32.6602514716892,-116.75));
#16483=CARTESIAN_POINT('',(196.427184011199,46.839748528311,-116.75));
#16484=CARTESIAN_POINT('',(196.427184011199,46.839748528311,-116.75));
#16485=CARTESIAN_POINT('Origin',(190.427184011199,46.8397485283108,-116.75));
#16486=CARTESIAN_POINT('Origin',(190.427184011199,46.8397485283108,-115.));
#16487=CARTESIAN_POINT('',(196.427184011199,46.839748528311,-113.25));
#16488=CARTESIAN_POINT('',(196.427184011199,46.839748528311,-116.75));
#16489=CARTESIAN_POINT('Origin',(190.427184011199,46.8397485283108,-113.25));
#16490=CARTESIAN_POINT('Origin',(187.098982833848,51.8320502943379,-113.25));
#16491=CARTESIAN_POINT('',(196.427184011199,32.6602514716891,-113.25));
#16492=CARTESIAN_POINT('',(196.427184011199,46.839748528311,-113.25));
#16493=CARTESIAN_POINT('Origin',(190.427184011199,32.6602514716892,-113.25));
#16494=CARTESIAN_POINT('',(194.427184011199,32.660251471689,-113.25));
#16495=CARTESIAN_POINT('Origin',(190.427184011199,32.6602514716892,-113.25));
#16496=CARTESIAN_POINT('',(194.427184011199,46.839748528311,-113.25));
#16497=CARTESIAN_POINT('Origin',(194.427184011199,46.839748528311,-113.25));
#16498=CARTESIAN_POINT('',(194.427184011199,32.660251471689,-113.25));
#16499=CARTESIAN_POINT('Origin',(196.427184011199,46.839748528311,-116.75));
#16500=CARTESIAN_POINT('',(196.427184011199,32.6602514716891,-116.75));
#16501=CARTESIAN_POINT('Origin',(190.427184011199,32.6602514716892,-115.));
#16502=CARTESIAN_POINT('Origin',(190.427184011199,32.6602514716892,-115.));
#16503=CARTESIAN_POINT('Origin',(190.427184011199,46.8397485283108,-95.));
#16504=CARTESIAN_POINT('',(194.427184011199,46.839748528311,-93.25));
#16505=CARTESIAN_POINT('Origin',(190.427184011199,46.8397485283108,-93.25));
#16506=CARTESIAN_POINT('',(194.427184011199,46.839748528311,-96.75));
#16507=CARTESIAN_POINT('',(194.427184011199,46.839748528311,-96.75));
#16508=CARTESIAN_POINT('Origin',(190.427184011199,46.8397485283108,-96.75));
#16509=CARTESIAN_POINT('Origin',(188.208383226298,50.1679497056622,-93.25));
#16510=CARTESIAN_POINT('',(196.427184011199,46.839748528311,-93.25));
#16511=CARTESIAN_POINT('Origin',(190.427184011199,46.8397485283108,-93.25));
#16512=CARTESIAN_POINT('',(196.427184011199,32.6602514716891,-93.25));
#16513=CARTESIAN_POINT('',(196.427184011199,46.839748528311,-93.25));
#16514=CARTESIAN_POINT('Origin',(190.427184011199,32.6602514716892,-93.25));
#16515=CARTESIAN_POINT('',(194.427184011199,32.660251471689,-93.25));
#16516=CARTESIAN_POINT('Origin',(190.427184011199,32.6602514716892,-93.25));
#16517=CARTESIAN_POINT('',(194.427184011199,46.839748528311,-93.25));
#16518=CARTESIAN_POINT('Origin',(190.427184011199,46.8397485283108,-95.));
#16519=CARTESIAN_POINT('',(196.427184011199,46.839748528311,-96.75));
#16520=CARTESIAN_POINT('Origin',(190.427184011199,46.8397485283108,-96.75));
#16521=CARTESIAN_POINT('',(196.427184011199,46.839748528311,-93.25));
#16522=CARTESIAN_POINT('Origin',(187.098982833848,51.8320502943379,-96.75));
#16523=CARTESIAN_POINT('',(194.427184011199,32.660251471689,-96.75));
#16524=CARTESIAN_POINT('',(194.427184011199,46.839748528311,-96.75));
#16525=CARTESIAN_POINT('Origin',(190.427184011199,32.6602514716892,-96.75));
#16526=CARTESIAN_POINT('',(196.427184011199,32.6602514716891,-96.75));
#16527=CARTESIAN_POINT('Origin',(190.427184011199,32.6602514716892,-96.75));
#16528=CARTESIAN_POINT('',(196.427184011199,46.839748528311,-96.75));
#16529=CARTESIAN_POINT('Origin',(194.427184011199,46.839748528311,-96.75));
#16530=CARTESIAN_POINT('',(194.427184011199,32.660251471689,-96.75));
#16531=CARTESIAN_POINT('Origin',(196.427184011199,46.839748528311,-93.25));
#16532=CARTESIAN_POINT('',(196.427184011199,32.6602514716891,-93.25));
#16533=CARTESIAN_POINT('Origin',(190.427184011199,32.6602514716892,-95.));
#16534=CARTESIAN_POINT('Origin',(190.427184011199,32.6602514716892,-95.));
#16535=CARTESIAN_POINT('Origin',(25.0002740218441,0.,-169.));
#16536=CARTESIAN_POINT('',(40.0002740218441,0.,-175.));
#16537=CARTESIAN_POINT('Origin',(5.00027402184411,0.,-175.));
#16538=CARTESIAN_POINT('',(186.143671894202,3.7,-175.));
#16539=CARTESIAN_POINT('',(186.153683030073,4.,-175.));
#16540=CARTESIAN_POINT('Origin',(181.653683030073,4.,-175.));
#16541=CARTESIAN_POINT('',(192.653683030073,3.7,-175.));
#16542=CARTESIAN_POINT('',(172.653683030073,3.7,-175.));
#16543=CARTESIAN_POINT('',(192.653683030073,0.,-175.));
#16544=CARTESIAN_POINT('',(172.653683030073,3.7,-175.));
#16545=CARTESIAN_POINT('',(172.653683030073,0.,-175.));
#16546=CARTESIAN_POINT('',(177.163694165944,3.7,-175.));
#16547=CARTESIAN_POINT('',(172.653683030073,3.7,-175.));
#16548=CARTESIAN_POINT('Origin',(181.653683030073,4.,-175.));
#16549=CARTESIAN_POINT('Origin',(192.653683030073,0.,-119.));
#16550=CARTESIAN_POINT('',(192.653683030073,0.,-119.));
#16551=CARTESIAN_POINT('',(186.653683030073,0.,-119.));
#16552=CARTESIAN_POINT('Origin',(186.653683030073,0.,-119.));
#16553=CARTESIAN_POINT('Origin',(192.653683030073,0.,-99.));
#16554=CARTESIAN_POINT('',(192.653683030073,0.,-99.));
#16555=CARTESIAN_POINT('Origin',(181.653683030073,4.,-153.75));
#16556=CARTESIAN_POINT('',(178.668720718753,3.7,-155.));
#16557=CARTESIAN_POINT('',(178.668720718753,3.7,-152.5));
#16558=CARTESIAN_POINT('',(178.668720718753,3.7,-153.75));
#16559=CARTESIAN_POINT('',(184.638645341393,3.7,-152.5));
#16560=CARTESIAN_POINT('Origin',(181.653683030073,4.,-152.5));
#16561=CARTESIAN_POINT('',(184.638645341393,3.7,-155.));
#16562=CARTESIAN_POINT('',(184.638645341393,3.7,-153.75));
#16563=CARTESIAN_POINT('Origin',(181.653683030073,4.,-155.));
#16564=CARTESIAN_POINT('Origin',(177.653683030073,4.,-155.));
#16565=CARTESIAN_POINT('',(177.664948895037,3.7,-155.));
#16566=CARTESIAN_POINT('',(175.153683030073,3.7,-155.));
#16567=CARTESIAN_POINT('',(185.642417165109,3.7,-155.));
#16568=CARTESIAN_POINT('',(175.153683030073,3.7,-155.));
#16569=CARTESIAN_POINT('Origin',(181.653683030073,4.,-155.));
#16570=CARTESIAN_POINT('Origin',(181.653683030073,4.,-156.25));
#16571=CARTESIAN_POINT('',(185.642417165109,3.7,-157.5));
#16572=CARTESIAN_POINT('',(185.642417165109,3.7,-156.25));
#16573=CARTESIAN_POINT('',(177.664948895037,3.7,-157.5));
#16574=CARTESIAN_POINT('Origin',(181.653683030073,4.,-157.5));
#16575=CARTESIAN_POINT('',(177.664948895037,3.7,-156.25));
#16576=CARTESIAN_POINT('Origin',(178.653683030073,4.,-157.5));
#16577=CARTESIAN_POINT('',(178.668720718753,3.7,-157.5));
#16578=CARTESIAN_POINT('',(175.653683030073,3.7,-157.5));
#16579=CARTESIAN_POINT('',(184.638645341393,3.7,-157.5));
#16580=CARTESIAN_POINT('',(175.653683030073,3.7,-157.5));
#16581=CARTESIAN_POINT('Origin',(181.653683030073,4.,-157.5));
#16582=CARTESIAN_POINT('Origin',(181.653683030073,4.,-158.75));
#16583=CARTESIAN_POINT('',(178.668720718753,3.7,-160.));
#16584=CARTESIAN_POINT('',(178.668720718753,3.7,-158.75));
#16585=CARTESIAN_POINT('',(184.638645341393,3.7,-160.));
#16586=CARTESIAN_POINT('',(184.638645341393,3.7,-158.75));
#16587=CARTESIAN_POINT('Origin',(181.653683030073,4.,-160.));
#16588=CARTESIAN_POINT('Origin',(177.653683030073,4.,-160.));
#16589=CARTESIAN_POINT('',(177.664948895037,3.7,-160.));
#16590=CARTESIAN_POINT('',(175.153683030073,3.7,-160.));
#16591=CARTESIAN_POINT('',(185.642417165109,3.7,-160.));
#16592=CARTESIAN_POINT('',(175.153683030073,3.7,-160.));
#16593=CARTESIAN_POINT('Origin',(181.653683030073,4.,-160.));
#16594=CARTESIAN_POINT('Origin',(181.653683030073,4.,-161.25));
#16595=CARTESIAN_POINT('',(185.642417165109,3.7,-162.5));
#16596=CARTESIAN_POINT('',(185.642417165109,3.7,-161.25));
#16597=CARTESIAN_POINT('',(177.664948895037,3.7,-162.5));
#16598=CARTESIAN_POINT('Origin',(181.653683030073,4.,-162.5));
#16599=CARTESIAN_POINT('',(177.664948895037,3.7,-161.25));
#16600=CARTESIAN_POINT('Origin',(178.653683030073,4.,-162.5));
#16601=CARTESIAN_POINT('',(178.668720718753,3.7,-162.5));
#16602=CARTESIAN_POINT('',(175.653683030073,3.7,-162.5));
#16603=CARTESIAN_POINT('',(184.638645341393,3.7,-162.5));
#16604=CARTESIAN_POINT('',(175.653683030073,3.7,-162.5));
#16605=CARTESIAN_POINT('Origin',(181.653683030073,4.,-162.5));
#16606=CARTESIAN_POINT('Origin',(181.653683030073,4.,-163.75));
#16607=CARTESIAN_POINT('',(178.668720718753,3.7,-165.));
#16608=CARTESIAN_POINT('',(178.668720718753,3.7,-163.75));
#16609=CARTESIAN_POINT('',(184.638645341393,3.7,-165.));
#16610=CARTESIAN_POINT('',(184.638645341393,3.7,-163.75));
#16611=CARTESIAN_POINT('Origin',(181.653683030073,4.,-165.));
#16612=CARTESIAN_POINT('Origin',(177.653683030073,4.,-165.));
#16613=CARTESIAN_POINT('',(177.664948895037,3.7,-165.));
#16614=CARTESIAN_POINT('',(175.153683030073,3.7,-165.));
#16615=CARTESIAN_POINT('',(185.642417165109,3.7,-165.));
#16616=CARTESIAN_POINT('',(175.153683030073,3.7,-165.));
#16617=CARTESIAN_POINT('Origin',(181.653683030073,4.,-165.));
#16618=CARTESIAN_POINT('Origin',(181.653683030073,4.,-166.25));
#16619=CARTESIAN_POINT('',(185.642417165109,3.7,-167.5));
#16620=CARTESIAN_POINT('',(185.642417165109,3.7,-166.25));
#16621=CARTESIAN_POINT('',(177.664948895037,3.7,-167.5));
#16622=CARTESIAN_POINT('Origin',(181.653683030073,4.,-167.5));
#16623=CARTESIAN_POINT('',(177.664948895037,3.7,-166.25));
#16624=CARTESIAN_POINT('Origin',(178.653683030073,4.,-167.5));
#16625=CARTESIAN_POINT('',(178.668720718753,3.7,-167.5));
#16626=CARTESIAN_POINT('',(175.653683030073,3.7,-167.5));
#16627=CARTESIAN_POINT('',(184.638645341393,3.7,-167.5));
#16628=CARTESIAN_POINT('',(175.653683030073,3.7,-167.5));
#16629=CARTESIAN_POINT('Origin',(181.653683030073,4.,-167.5));
#16630=CARTESIAN_POINT('Origin',(181.653683030073,4.,-168.75));
#16631=CARTESIAN_POINT('',(178.668720718753,3.7,-170.));
#16632=CARTESIAN_POINT('',(178.668720718753,3.7,-168.75));
#16633=CARTESIAN_POINT('',(184.638645341393,3.7,-170.));
#16634=CARTESIAN_POINT('',(184.638645341393,3.7,-168.75));
#16635=CARTESIAN_POINT('Origin',(181.653683030073,4.,-170.));
#16636=CARTESIAN_POINT('Origin',(192.653683030073,0.,-175.));
#16637=CARTESIAN_POINT('',(192.653683030073,3.7,-140.));
#16638=CARTESIAN_POINT('',(192.653683030073,3.7,-140.));
#16639=CARTESIAN_POINT('',(192.653683030073,0.,-140.));
#16640=CARTESIAN_POINT('Origin',(172.653683030073,0.,-140.));
#16641=CARTESIAN_POINT('',(178.668720718753,3.7,-140.));
#16642=CARTESIAN_POINT('',(172.653683030073,3.7,-140.));
#16643=CARTESIAN_POINT('',(172.653683030073,3.7,-140.));
#16644=CARTESIAN_POINT('',(172.653683030073,0.,-140.));
#16645=CARTESIAN_POINT('',(184.638645341393,3.7,-140.));
#16646=CARTESIAN_POINT('',(172.653683030073,3.7,-140.));
#16647=CARTESIAN_POINT('Origin',(181.653683030073,4.,-140.));
#16648=CARTESIAN_POINT('Origin',(181.653683030073,4.,-142.5));
#16649=CARTESIAN_POINT('',(178.668720718753,3.7,-145.));
#16650=CARTESIAN_POINT('',(178.668720718753,3.7,-142.5));
#16651=CARTESIAN_POINT('',(184.638645341393,3.7,-145.));
#16652=CARTESIAN_POINT('',(184.638645341393,3.7,-142.5));
#16653=CARTESIAN_POINT('Origin',(181.653683030073,4.,-145.));
#16654=CARTESIAN_POINT('Origin',(177.653683030073,4.,-145.));
#16655=CARTESIAN_POINT('',(177.664948895037,3.7,-145.));
#16656=CARTESIAN_POINT('',(175.153683030073,3.7,-145.));
#16657=CARTESIAN_POINT('',(185.642417165109,3.7,-145.));
#16658=CARTESIAN_POINT('',(175.153683030073,3.7,-145.));
#16659=CARTESIAN_POINT('Origin',(181.653683030073,4.,-145.));
#16660=CARTESIAN_POINT('Origin',(181.653683030073,4.,-146.25));
#16661=CARTESIAN_POINT('',(185.642417165109,3.7,-147.5));
#16662=CARTESIAN_POINT('',(185.642417165109,3.7,-146.25));
#16663=CARTESIAN_POINT('',(177.664948895037,3.7,-147.5));
#16664=CARTESIAN_POINT('Origin',(181.653683030073,4.,-147.5));
#16665=CARTESIAN_POINT('',(177.664948895037,3.7,-146.25));
#16666=CARTESIAN_POINT('Origin',(178.653683030073,4.,-147.5));
#16667=CARTESIAN_POINT('',(178.668720718753,3.7,-147.5));
#16668=CARTESIAN_POINT('',(175.653683030073,3.7,-147.5));
#16669=CARTESIAN_POINT('',(184.638645341393,3.7,-147.5));
#16670=CARTESIAN_POINT('',(175.653683030073,3.7,-147.5));
#16671=CARTESIAN_POINT('Origin',(181.653683030073,4.,-147.5));
#16672=CARTESIAN_POINT('Origin',(181.653683030073,4.,-148.75));
#16673=CARTESIAN_POINT('',(178.668720718753,3.7,-150.));
#16674=CARTESIAN_POINT('',(178.668720718753,3.7,-148.75));
#16675=CARTESIAN_POINT('',(184.638645341393,3.7,-150.));
#16676=CARTESIAN_POINT('',(184.638645341393,3.7,-148.75));
#16677=CARTESIAN_POINT('Origin',(181.653683030073,4.,-150.));
#16678=CARTESIAN_POINT('Origin',(177.653683030073,4.,-150.));
#16679=CARTESIAN_POINT('',(177.664948895037,3.7,-150.));
#16680=CARTESIAN_POINT('',(175.153683030073,3.7,-150.));
#16681=CARTESIAN_POINT('',(185.642417165109,3.7,-150.));
#16682=CARTESIAN_POINT('',(175.153683030073,3.7,-150.));
#16683=CARTESIAN_POINT('Origin',(181.653683030073,4.,-150.));
#16684=CARTESIAN_POINT('Origin',(178.653683030073,4.,-152.5));
#16685=CARTESIAN_POINT('',(177.664948895037,3.7,-152.5));
#16686=CARTESIAN_POINT('',(175.653683030073,3.7,-152.5));
#16687=CARTESIAN_POINT('',(185.642417165109,3.7,-152.5));
#16688=CARTESIAN_POINT('Origin',(181.653683030073,4.,-152.5));
#16689=CARTESIAN_POINT('',(175.653683030073,3.7,-152.5));
#16690=CARTESIAN_POINT('Origin',(181.653683030073,4.,-151.25));
#16691=CARTESIAN_POINT('',(185.642417165109,3.7,-151.25));
#16692=CARTESIAN_POINT('',(177.664948895037,3.7,-151.25));
#16693=CARTESIAN_POINT('Origin',(172.653683030073,0.,-175.));
#16694=CARTESIAN_POINT('',(172.653683030073,3.7,-157.5));
#16695=CARTESIAN_POINT('Origin',(172.653683030073,3.7,-140.));
#16696=CARTESIAN_POINT('',(177.163694165944,3.7,-172.));
#16697=CARTESIAN_POINT('Ctrl Pts',(177.163694165944,3.7,-172.));
#16698=CARTESIAN_POINT('Ctrl Pts',(178.066710097637,3.7,-170.798657340021));
#16699=CARTESIAN_POINT('Ctrl Pts',(178.668720718753,3.7,-170.));
#16700=CARTESIAN_POINT('',(177.163694165944,3.7,-180.));
#16701=CARTESIAN_POINT('',(176.953683030073,3.7,-158.8));
#16702=CARTESIAN_POINT('Origin',(175.453683030073,3.7,-158.8));
#16703=CARTESIAN_POINT('',(176.953683030073,3.7,-169.5));
#16704=CARTESIAN_POINT('Origin',(175.453683030073,3.7,-169.5));
#16705=CARTESIAN_POINT('',(176.953683030073,3.7,-143.5));
#16706=CARTESIAN_POINT('Origin',(175.453683030073,3.7,-143.5));
#16707=CARTESIAN_POINT('Origin',(172.653683030073,3.7,-140.));
#16708=CARTESIAN_POINT('',(186.143671894202,3.7,-172.));
#16709=CARTESIAN_POINT('',(186.143671894202,3.7,-180.));
#16710=CARTESIAN_POINT('Ctrl Pts',(184.638645341393,3.7,-170.));
#16711=CARTESIAN_POINT('Ctrl Pts',(185.240655962509,3.7,-170.798657340021));
#16712=CARTESIAN_POINT('Ctrl Pts',(186.143671894202,3.7,-172.));
#16713=CARTESIAN_POINT('',(189.345645341393,3.7,-153.9));
#16714=CARTESIAN_POINT('Origin',(187.845645341393,3.7,-153.9));
#16715=CARTESIAN_POINT('',(189.345645341393,3.7,-169.5));
#16716=CARTESIAN_POINT('Origin',(187.845645341393,3.7,-169.5));
#16717=CARTESIAN_POINT('',(189.345645341393,3.7,-143.5));
#16718=CARTESIAN_POINT('Origin',(187.845645341393,3.7,-143.5));
#16719=CARTESIAN_POINT('Origin',(19.9464016234811,0.,-174.55));
#16720=CARTESIAN_POINT('',(19.9464016234811,0.,-174.55));
#16721=CARTESIAN_POINT('Origin',(19.9464016234811,0.,-169.));
#16722=CARTESIAN_POINT('',(19.9464016234811,0.,-171.45));
#16723=CARTESIAN_POINT('Origin',(19.9464016234811,0.,-171.45));
#16724=CARTESIAN_POINT('',(24.9464016234811,0.,-171.45));
#16725=CARTESIAN_POINT('Origin',(24.9464016234811,0.,-171.45));
#16726=CARTESIAN_POINT('',(24.9464016234811,0.,-174.55));
#16727=CARTESIAN_POINT('Origin',(24.9464016234811,0.,-174.55));
#16728=CARTESIAN_POINT('Origin',(187.845645341393,3.7,-143.5));
#16729=CARTESIAN_POINT('',(189.345645341393,3.7,-143.5));
#16730=CARTESIAN_POINT('Origin',(187.845645341393,3.7,-169.5));
#16731=CARTESIAN_POINT('',(189.345645341393,3.7,-169.5));
#16732=CARTESIAN_POINT('Origin',(187.845645341393,3.7,-153.9));
#16733=CARTESIAN_POINT('',(189.345645341393,3.7,-153.9));
#16734=CARTESIAN_POINT('Origin',(175.453683030073,3.7,-143.5));
#16735=CARTESIAN_POINT('',(176.953683030073,3.7,-143.5));
#16736=CARTESIAN_POINT('Origin',(175.453683030073,3.7,-169.5));
#16737=CARTESIAN_POINT('',(176.953683030073,3.7,-169.5));
#16738=CARTESIAN_POINT('Origin',(175.453683030073,3.7,-158.8));
#16739=CARTESIAN_POINT('',(176.953683030073,3.7,-158.8));
#16740=CARTESIAN_POINT('Origin',(181.653683030073,4.,-180.));
#16741=CARTESIAN_POINT('',(186.153683030073,4.,-180.));
#16742=CARTESIAN_POINT('Origin',(181.653683030073,4.,-172.));
#16743=CARTESIAN_POINT('Origin',(181.653683030073,4.,-171.));
#16744=CARTESIAN_POINT('Origin',(93.,4.,-115.));
#16745=CARTESIAN_POINT('',(95.,4.,-115.));
#16746=CARTESIAN_POINT('Origin',(93.,4.,-115.));
#16747=CARTESIAN_POINT('Origin',(93.,0.,-115.));
#16748=CARTESIAN_POINT('',(95.,0.,-115.));
#16749=CARTESIAN_POINT('Origin',(93.,4.,-145.));
#16750=CARTESIAN_POINT('',(95.,4.,-145.));
#16751=CARTESIAN_POINT('Origin',(93.,4.,-145.));
#16752=CARTESIAN_POINT('Origin',(93.,0.,-145.));
#16753=CARTESIAN_POINT('',(95.,0.,-145.));
#16754=CARTESIAN_POINT('Origin',(134.,4.,-110.));
#16755=CARTESIAN_POINT('',(135.5,4.,-110.));
#16756=CARTESIAN_POINT('Origin',(134.,4.,-110.));
#16757=CARTESIAN_POINT('Origin',(134.,0.,-110.));
#16758=CARTESIAN_POINT('',(135.5,0.,-110.));
#16759=CARTESIAN_POINT('Origin',(29.4912740218441,17.7383660470969,-84.734951186437));
#16760=CARTESIAN_POINT('Origin',(29.4912740218441,12.7,-81.4999999999999));
#16761=CARTESIAN_POINT('',(29.4912740218441,12.7,-83.4999999999999));
#16762=CARTESIAN_POINT('Origin',(5.00027402184411,0.,-169.));
#16763=CARTESIAN_POINT('',(8.2002740218441,0.,-169.));
#16764=CARTESIAN_POINT('Origin',(8.2002740218441,0.,-171.45));
#16765=CARTESIAN_POINT('Origin',(29.4912740218441,12.7,-51.6));
#16766=CARTESIAN_POINT('',(29.4912740218441,12.7,-53.3));
#16767=CARTESIAN_POINT('Origin',(29.4912740218441,17.1435322651632,-48.9));
#16768=CARTESIAN_POINT('',(29.4912740218441,17.1435322651632,-48.1));
#16769=CARTESIAN_POINT('',(29.4912740218441,17.7383660470969,-48.3650488135629));
#16770=CARTESIAN_POINT('Origin',(29.4912740218441,23.9948337819338,-55.3218674142397));
#16771=CARTESIAN_POINT('',(29.4912740218441,23.9948337819337,-55.3218674142397));
#16772=CARTESIAN_POINT('Origin',(29.4912740218441,23.4,-55.8568186006767));
#16773=CARTESIAN_POINT('Origin',(29.4912740218441,17.1435322651632,-48.1));
#16774=CARTESIAN_POINT('Origin',(114.,0.,-110.));
#16775=CARTESIAN_POINT('',(115.5,4.,-110.));
#16776=CARTESIAN_POINT('Origin',(114.,4.,-110.));
#16777=CARTESIAN_POINT('',(115.5,0.,-110.));
#16778=CARTESIAN_POINT('Origin',(114.,4.,-110.));
#16779=CARTESIAN_POINT('Origin',(63.,0.,-145.));
#16780=CARTESIAN_POINT('',(65.,4.,-145.));
#16781=CARTESIAN_POINT('Origin',(63.,4.,-145.));
#16782=CARTESIAN_POINT('',(65.,0.,-145.));
#16783=CARTESIAN_POINT('Origin',(63.,4.,-145.));
#16784=CARTESIAN_POINT('Origin',(63.,0.,-115.));
#16785=CARTESIAN_POINT('',(65.,4.,-115.));
#16786=CARTESIAN_POINT('Origin',(63.,4.,-115.));
#16787=CARTESIAN_POINT('',(65.,0.,-115.));
#16788=CARTESIAN_POINT('Origin',(63.,4.,-115.));
#16789=UNCERTAINTY_MEASURE_WITH_UNIT(LENGTH_MEASURE(0.01),#16793,
'DISTANCE_ACCURACY_VALUE',
'Maximum model space distance between geometric entities at asserted c
onnectivities');
#16790=UNCERTAINTY_MEASURE_WITH_UNIT(LENGTH_MEASURE(0.01),#16793,
'DISTANCE_ACCURACY_VALUE',
'Maximum model space distance between geometric entities at asserted c
onnectivities');
#16791=(
GEOMETRIC_REPRESENTATION_CONTEXT(3)
GLOBAL_UNCERTAINTY_ASSIGNED_CONTEXT((#16789))
GLOBAL_UNIT_ASSIGNED_CONTEXT((#16793,#16795,#16796))
REPRESENTATION_CONTEXT('','3D')
);
#16792=(
GEOMETRIC_REPRESENTATION_CONTEXT(3)
GLOBAL_UNCERTAINTY_ASSIGNED_CONTEXT((#16790))
GLOBAL_UNIT_ASSIGNED_CONTEXT((#16793,#16795,#16796))
REPRESENTATION_CONTEXT('','3D')
);
#16793=(
LENGTH_UNIT()
NAMED_UNIT(*)
SI_UNIT(.MILLI.,.METRE.)
);
#16794=(
LENGTH_UNIT()
NAMED_UNIT(*)
SI_UNIT($,.METRE.)
);
#16795=(
NAMED_UNIT(*)
PLANE_ANGLE_UNIT()
SI_UNIT($,.RADIAN.)
);
#16796=(
NAMED_UNIT(*)
SI_UNIT($,.STERADIAN.)
SOLID_ANGLE_UNIT()
);
#16797=SHAPE_DEFINITION_REPRESENTATION(#16798,#16799);
#16798=PRODUCT_DEFINITION_SHAPE('',$,#16801);
#16799=SHAPE_REPRESENTATION('',(#9786),#16791);
#16800=PRODUCT_DEFINITION_CONTEXT('part definition',#16805,'design');
#16801=PRODUCT_DEFINITION('Basy-Main-Body','Basy-Main-Body',#16802,#16800);
#16802=PRODUCT_DEFINITION_FORMATION('',$,#16807);
#16803=PRODUCT_RELATED_PRODUCT_CATEGORY('Basy-Main-Body',
'Basy-Main-Body',(#16807));
#16804=APPLICATION_PROTOCOL_DEFINITION('international standard',
'automotive_design',2009,#16805);
#16805=APPLICATION_CONTEXT(
'Core Data for Automotive Mechanical Design Process');
#16806=PRODUCT_CONTEXT('part definition',#16805,'mechanical');
#16807=PRODUCT('Basy-Main-Body','Basy-Main-Body',$,(#16806));
#16808=PRESENTATION_STYLE_ASSIGNMENT((#16809));
#16809=SURFACE_STYLE_USAGE(.BOTH.,#16810);
#16810=SURFACE_SIDE_STYLE('',(#16811));
#16811=SURFACE_STYLE_FILL_AREA(#16812);
#16812=FILL_AREA_STYLE('Steel - Satin',(#16813));
#16813=FILL_AREA_STYLE_COLOUR('Steel - Satin',#16814);
#16814=COLOUR_RGB('Steel - Satin',0.627450980392157,0.627450980392157,0.627450980392157);
ENDSEC;
END-ISO-10303-21;
