ISO-10303-21;
HEADER;
/* Generated by software containing ST-Developer
 * from STEP Tools, Inc. (www.steptools.com) 
 */

FILE_DESCRIPTION(
/* description */ (''),
/* implementation_level */ '2;1');

FILE_NAME(
/* name */ 'Telem & Signal Terminal Block.step',
/* time_stamp */ '2025-05-01T11:09:30+01:00',
/* author */ (''),
/* organization */ (''),
/* preprocessor_version */ 'ST-DEVELOPER v20.1',
/* originating_system */ 'Autodesk Translation Framework v14.4.0.0',
/* authorisation */ '');

FILE_SCHEMA (('AUTOMOTIVE_DESIGN { 1 0 10303 214 3 1 1 }'));
ENDSEC;

DATA;
#10=MECHANICAL_DESIGN_GEOMETRIC_PRESENTATION_REPRESENTATION('',(#13),#2338);
#11=SHAPE_REPRESENTATION_RELATIONSHIP('SRR','None',#2345,#12);
#12=ADVANCED_BREP_SHAPE_REPRESENTATION('',(#14),#2337);
#13=STYLED_ITEM('',(#2354),#14);
#14=MANIFOLD_SOLID_BREP('Telem Terminal Block',#1386);
#15=B_SPLINE_CURVE_WITH_KNOTS('',3,(#2016,#2017,#2018,#2019,#2020,#2021,
#2022,#2023,#2024,#2025,#2026,#2027,#2028,#2029,#2030,#2031),
 .UNSPECIFIED.,.F.,.F.,(4,2,2,2,2,2,2,4),(0.,0.03265490813878,0.0654161535494942,
0.1036619478536,0.154992740120989,0.208793995484801,0.265011715344456,0.265704557042394),
 .UNSPECIFIED.);
#16=B_SPLINE_CURVE_WITH_KNOTS('',3,(#2110,#2111,#2112,#2113,#2114,#2115,
#2116,#2117,#2118,#2119),.UNSPECIFIED.,.F.,.F.,(4,2,2,2,4),(-0.204399683645587,
-0.162901869477158,-0.103643364774506,-0.051821682387253,0.),
 .UNSPECIFIED.);
#17=B_SPLINE_CURVE_WITH_KNOTS('',3,(#2123,#2124,#2125,#2126,#2127,#2128,
#2129,#2130,#2131,#2132),.UNSPECIFIED.,.F.,.F.,(4,2,2,2,4),(0.,0.0518216823872543,
0.103643364774509,0.162901869477159,0.204399683645349),.UNSPECIFIED.);
#18=B_SPLINE_CURVE_WITH_KNOTS('',3,(#2217,#2218,#2219,#2220,#2221,#2222,
#2223,#2224,#2225,#2226),.UNSPECIFIED.,.F.,.F.,(4,2,2,2,4),(-0.318977786407319,
-0.2229929256829,-0.112904368757125,0.,0.000935582575942446),
 .UNSPECIFIED.);
#19=B_SPLINE_CURVE_WITH_KNOTS('',3,(#2241,#2242,#2243,#2244,#2245,#2246,
#2247,#2248),.UNSPECIFIED.,.F.,.F.,(4,2,2,4),(-0.86857677826333,-0.734096363129157,
-0.666856155562071,-0.616428243050199),.UNSPECIFIED.);
#20=ELLIPSE('',#1424,1.62103048868847,1.5);
#21=ELLIPSE('',#1439,2.10526820105755,1.5);
#22=ELLIPSE('',#1440,2.10526820105755,1.5);
#23=ELLIPSE('',#1449,1.62103048868845,1.5);
#24=ELLIPSE('',#1454,1.62103048868846,1.5);
#25=ELLIPSE('',#1463,3.93954312071843,3.59999999999999);
#26=ELLIPSE('',#1481,1.41421356237307,1.);
#27=ELLIPSE('',#1485,1.4142135623731,1.);
#28=FACE_BOUND('',#442,.T.);
#29=FACE_BOUND('',#443,.T.);
#30=FACE_BOUND('',#444,.T.);
#31=FACE_BOUND('',#445,.T.);
#32=FACE_BOUND('',#449,.T.);
#33=FACE_BOUND('',#450,.T.);
#34=FACE_BOUND('',#478,.T.);
#35=FACE_BOUND('',#481,.T.);
#36=FACE_BOUND('',#509,.T.);
#37=FACE_BOUND('',#512,.T.);
#38=LINE('',#1901,#189);
#39=LINE('',#1904,#190);
#40=LINE('',#1907,#191);
#41=LINE('',#1909,#192);
#42=LINE('',#1910,#193);
#43=LINE('',#1913,#194);
#44=LINE('',#1915,#195);
#45=LINE('',#1917,#196);
#46=LINE('',#1919,#197);
#47=LINE('',#1921,#198);
#48=LINE('',#1925,#199);
#49=LINE('',#1927,#200);
#50=LINE('',#1929,#201);
#51=LINE('',#1931,#202);
#52=LINE('',#1933,#203);
#53=LINE('',#1934,#204);
#54=LINE('',#1941,#205);
#55=LINE('',#1943,#206);
#56=LINE('',#1945,#207);
#57=LINE('',#1946,#208);
#58=LINE('',#1951,#209);
#59=LINE('',#1954,#210);
#60=LINE('',#1957,#211);
#61=LINE('',#1959,#212);
#62=LINE('',#1961,#213);
#63=LINE('',#1963,#214);
#64=LINE('',#1964,#215);
#65=LINE('',#1967,#216);
#66=LINE('',#1969,#217);
#67=LINE('',#1971,#218);
#68=LINE('',#1973,#219);
#69=LINE('',#1975,#220);
#70=LINE('',#1977,#221);
#71=LINE('',#1979,#222);
#72=LINE('',#1981,#223);
#73=LINE('',#1985,#224);
#74=LINE('',#1989,#225);
#75=LINE('',#1991,#226);
#76=LINE('',#1993,#227);
#77=LINE('',#1995,#228);
#78=LINE('',#1998,#229);
#79=LINE('',#2006,#230);
#80=LINE('',#2010,#231);
#81=LINE('',#2014,#232);
#82=LINE('',#2032,#233);
#83=LINE('',#2036,#234);
#84=LINE('',#2039,#235);
#85=LINE('',#2041,#236);
#86=LINE('',#2043,#237);
#87=LINE('',#2045,#238);
#88=LINE('',#2047,#239);
#89=LINE('',#2048,#240);
#90=LINE('',#2050,#241);
#91=LINE('',#2053,#242);
#92=LINE('',#2055,#243);
#93=LINE('',#2057,#244);
#94=LINE('',#2058,#245);
#95=LINE('',#2060,#246);
#96=LINE('',#2062,#247);
#97=LINE('',#2064,#248);
#98=LINE('',#2065,#249);
#99=LINE('',#2068,#250);
#100=LINE('',#2076,#251);
#101=LINE('',#2079,#252);
#102=LINE('',#2082,#253);
#103=LINE('',#2084,#254);
#104=LINE('',#2088,#255);
#105=LINE('',#2092,#256);
#106=LINE('',#2095,#257);
#107=LINE('',#2098,#258);
#108=LINE('',#2101,#259);
#109=LINE('',#2104,#260);
#110=LINE('',#2106,#261);
#111=LINE('',#2107,#262);
#112=LINE('',#2121,#263);
#113=LINE('',#2133,#264);
#114=LINE('',#2136,#265);
#115=LINE('',#2137,#266);
#116=LINE('',#2138,#267);
#117=LINE('',#2143,#268);
#118=LINE('',#2145,#269);
#119=LINE('',#2146,#270);
#120=LINE('',#2150,#271);
#121=LINE('',#2154,#272);
#122=LINE('',#2157,#273);
#123=LINE('',#2158,#274);
#124=LINE('',#2160,#275);
#125=LINE('',#2161,#276);
#126=LINE('',#2164,#277);
#127=LINE('',#2165,#278);
#128=LINE('',#2168,#279);
#129=LINE('',#2169,#280);
#130=LINE('',#2171,#281);
#131=LINE('',#2177,#282);
#132=LINE('',#2184,#283);
#133=LINE('',#2189,#284);
#134=LINE('',#2190,#285);
#135=LINE('',#2191,#286);
#136=LINE('',#2193,#287);
#137=LINE('',#2196,#288);
#138=LINE('',#2201,#289);
#139=LINE('',#2206,#290);
#140=LINE('',#2209,#291);
#141=LINE('',#2211,#292);
#142=LINE('',#2215,#293);
#143=LINE('',#2228,#294);
#144=LINE('',#2232,#295);
#145=LINE('',#2233,#296);
#146=LINE('',#2237,#297);
#147=LINE('',#2239,#298);
#148=LINE('',#2251,#299);
#149=LINE('',#2252,#300);
#150=LINE('',#2255,#301);
#151=LINE('',#2257,#302);
#152=LINE('',#2258,#303);
#153=LINE('',#2261,#304);
#154=LINE('',#2263,#305);
#155=LINE('',#2265,#306);
#156=LINE('',#2267,#307);
#157=LINE('',#2269,#308);
#158=LINE('',#2270,#309);
#159=LINE('',#2272,#310);
#160=LINE('',#2274,#311);
#161=LINE('',#2276,#312);
#162=LINE('',#2278,#313);
#163=LINE('',#2283,#314);
#164=LINE('',#2284,#315);
#165=LINE('',#2287,#316);
#166=LINE('',#2288,#317);
#167=LINE('',#2291,#318);
#168=LINE('',#2292,#319);
#169=LINE('',#2295,#320);
#170=LINE('',#2296,#321);
#171=LINE('',#2299,#322);
#172=LINE('',#2300,#323);
#173=LINE('',#2302,#324);
#174=LINE('',#2305,#325);
#175=LINE('',#2306,#326);
#176=LINE('',#2309,#327);
#177=LINE('',#2310,#328);
#178=LINE('',#2313,#329);
#179=LINE('',#2314,#330);
#180=LINE('',#2317,#331);
#181=LINE('',#2319,#332);
#182=LINE('',#2321,#333);
#183=LINE('',#2322,#334);
#184=LINE('',#2324,#335);
#185=LINE('',#2325,#336);
#186=LINE('',#2328,#337);
#187=LINE('',#2330,#338);
#188=LINE('',#2332,#339);
#189=VECTOR('',#1526,10.);
#190=VECTOR('',#1529,10.);
#191=VECTOR('',#1532,10.);
#192=VECTOR('',#1533,10.);
#193=VECTOR('',#1534,10.);
#194=VECTOR('',#1537,10.);
#195=VECTOR('',#1538,10.);
#196=VECTOR('',#1539,10.);
#197=VECTOR('',#1540,10.);
#198=VECTOR('',#1541,10.);
#199=VECTOR('',#1544,10.);
#200=VECTOR('',#1545,10.);
#201=VECTOR('',#1546,10.);
#202=VECTOR('',#1547,10.);
#203=VECTOR('',#1548,10.);
#204=VECTOR('',#1549,10.);
#205=VECTOR('',#1554,10.);
#206=VECTOR('',#1555,10.);
#207=VECTOR('',#1556,10.);
#208=VECTOR('',#1557,10.);
#209=VECTOR('',#1562,10.);
#210=VECTOR('',#1565,10.);
#211=VECTOR('',#1568,10.);
#212=VECTOR('',#1569,10.);
#213=VECTOR('',#1570,10.);
#214=VECTOR('',#1571,10.);
#215=VECTOR('',#1572,10.);
#216=VECTOR('',#1575,10.);
#217=VECTOR('',#1576,10.);
#218=VECTOR('',#1577,10.);
#219=VECTOR('',#1578,10.);
#220=VECTOR('',#1579,10.);
#221=VECTOR('',#1580,10.);
#222=VECTOR('',#1581,10.);
#223=VECTOR('',#1582,10.);
#224=VECTOR('',#1585,10.);
#225=VECTOR('',#1588,10.);
#226=VECTOR('',#1589,10.);
#227=VECTOR('',#1590,10.);
#228=VECTOR('',#1591,10.);
#229=VECTOR('',#1594,10.);
#230=VECTOR('',#1601,10.);
#231=VECTOR('',#1604,10.);
#232=VECTOR('',#1609,10.);
#233=VECTOR('',#1610,10.);
#234=VECTOR('',#1615,10.);
#235=VECTOR('',#1620,10.);
#236=VECTOR('',#1621,10.);
#237=VECTOR('',#1622,10.);
#238=VECTOR('',#1623,10.);
#239=VECTOR('',#1624,10.);
#240=VECTOR('',#1625,10.);
#241=VECTOR('',#1628,10.);
#242=VECTOR('',#1631,10.);
#243=VECTOR('',#1632,10.);
#244=VECTOR('',#1633,10.);
#245=VECTOR('',#1634,10.);
#246=VECTOR('',#1635,10.);
#247=VECTOR('',#1636,10.);
#248=VECTOR('',#1637,10.);
#249=VECTOR('',#1638,10.);
#250=VECTOR('',#1641,1.5);
#251=VECTOR('',#1650,10.);
#252=VECTOR('',#1653,10.);
#253=VECTOR('',#1656,10.);
#254=VECTOR('',#1657,10.);
#255=VECTOR('',#1660,10.);
#256=VECTOR('',#1663,10.);
#257=VECTOR('',#1666,10.);
#258=VECTOR('',#1669,10.);
#259=VECTOR('',#1672,10.);
#260=VECTOR('',#1675,10.);
#261=VECTOR('',#1676,10.);
#262=VECTOR('',#1677,10.);
#263=VECTOR('',#1680,1.5);
#264=VECTOR('',#1681,10.);
#265=VECTOR('',#1684,10.);
#266=VECTOR('',#1685,10.);
#267=VECTOR('',#1686,10.);
#268=VECTOR('',#1695,10.);
#269=VECTOR('',#1698,10.);
#270=VECTOR('',#1699,10.);
#271=VECTOR('',#1702,10.);
#272=VECTOR('',#1709,10.);
#273=VECTOR('',#1712,10.);
#274=VECTOR('',#1713,10.);
#275=VECTOR('',#1716,10.);
#276=VECTOR('',#1717,10.);
#277=VECTOR('',#1720,10.);
#278=VECTOR('',#1721,10.);
#279=VECTOR('',#1724,10.);
#280=VECTOR('',#1725,10.);
#281=VECTOR('',#1728,10.);
#282=VECTOR('',#1735,3.59999999999999);
#283=VECTOR('',#1744,2.10000000000001);
#284=VECTOR('',#1749,10.);
#285=VECTOR('',#1750,10.);
#286=VECTOR('',#1751,10.);
#287=VECTOR('',#1754,10.);
#288=VECTOR('',#1757,1.5);
#289=VECTOR('',#1764,1.5);
#290=VECTOR('',#1771,10.);
#291=VECTOR('',#1774,10.);
#292=VECTOR('',#1777,10.);
#293=VECTOR('',#1780,10.);
#294=VECTOR('',#1781,10.);
#295=VECTOR('',#1786,10.);
#296=VECTOR('',#1787,10.);
#297=VECTOR('',#1792,10.);
#298=VECTOR('',#1793,10.);
#299=VECTOR('',#1798,10.);
#300=VECTOR('',#1799,10.);
#301=VECTOR('',#1802,10.);
#302=VECTOR('',#1803,10.);
#303=VECTOR('',#1804,10.);
#304=VECTOR('',#1807,10.);
#305=VECTOR('',#1808,10.);
#306=VECTOR('',#1809,10.);
#307=VECTOR('',#1810,10.);
#308=VECTOR('',#1811,10.);
#309=VECTOR('',#1812,10.);
#310=VECTOR('',#1815,10.);
#311=VECTOR('',#1818,10.);
#312=VECTOR('',#1821,1.5);
#313=VECTOR('',#1824,1.5);
#314=VECTOR('',#1831,10.);
#315=VECTOR('',#1832,10.);
#316=VECTOR('',#1835,10.);
#317=VECTOR('',#1836,10.);
#318=VECTOR('',#1839,10.);
#319=VECTOR('',#1840,10.);
#320=VECTOR('',#1843,10.);
#321=VECTOR('',#1844,10.);
#322=VECTOR('',#1847,10.);
#323=VECTOR('',#1848,10.);
#324=VECTOR('',#1851,10.);
#325=VECTOR('',#1854,10.);
#326=VECTOR('',#1855,10.);
#327=VECTOR('',#1858,10.);
#328=VECTOR('',#1859,10.);
#329=VECTOR('',#1862,10.);
#330=VECTOR('',#1863,10.);
#331=VECTOR('',#1866,10.);
#332=VECTOR('',#1867,10.);
#333=VECTOR('',#1868,10.);
#334=VECTOR('',#1869,10.);
#335=VECTOR('',#1872,10.);
#336=VECTOR('',#1873,10.);
#337=VECTOR('',#1878,10.);
#338=VECTOR('',#1881,10.);
#339=VECTOR('',#1884,10.);
#340=CYLINDRICAL_SURFACE('',#1404,1.);
#341=CYLINDRICAL_SURFACE('',#1413,1.);
#342=CYLINDRICAL_SURFACE('',#1422,1.5);
#343=CYLINDRICAL_SURFACE('',#1425,1.5);
#344=CYLINDRICAL_SURFACE('',#1426,1.);
#345=CYLINDRICAL_SURFACE('',#1432,1.5);
#346=CYLINDRICAL_SURFACE('',#1435,3.5);
#347=CYLINDRICAL_SURFACE('',#1442,3.5);
#348=CYLINDRICAL_SURFACE('',#1445,1.5);
#349=CYLINDRICAL_SURFACE('',#1447,1.5);
#350=CYLINDRICAL_SURFACE('',#1450,1.5);
#351=CYLINDRICAL_SURFACE('',#1452,1.5);
#352=CYLINDRICAL_SURFACE('',#1455,1.5);
#353=CYLINDRICAL_SURFACE('',#1462,3.59999999999999);
#354=CYLINDRICAL_SURFACE('',#1467,2.10000000000001);
#355=CYLINDRICAL_SURFACE('',#1471,1.5);
#356=CYLINDRICAL_SURFACE('',#1474,1.5);
#357=CYLINDRICAL_SURFACE('',#1477,3.);
#358=CYLINDRICAL_SURFACE('',#1480,1.);
#359=CYLINDRICAL_SURFACE('',#1482,3.5);
#360=CYLINDRICAL_SURFACE('',#1484,1.);
#361=CYLINDRICAL_SURFACE('',#1486,3.);
#362=CYLINDRICAL_SURFACE('',#1491,1.5);
#363=CYLINDRICAL_SURFACE('',#1492,1.5);
#364=FACE_OUTER_BOUND('',#437,.T.);
#365=FACE_OUTER_BOUND('',#438,.T.);
#366=FACE_OUTER_BOUND('',#439,.T.);
#367=FACE_OUTER_BOUND('',#440,.T.);
#368=FACE_OUTER_BOUND('',#441,.T.);
#369=FACE_OUTER_BOUND('',#446,.T.);
#370=FACE_OUTER_BOUND('',#447,.T.);
#371=FACE_OUTER_BOUND('',#448,.T.);
#372=FACE_OUTER_BOUND('',#451,.T.);
#373=FACE_OUTER_BOUND('',#452,.T.);
#374=FACE_OUTER_BOUND('',#453,.T.);
#375=FACE_OUTER_BOUND('',#454,.T.);
#376=FACE_OUTER_BOUND('',#455,.T.);
#377=FACE_OUTER_BOUND('',#456,.T.);
#378=FACE_OUTER_BOUND('',#457,.T.);
#379=FACE_OUTER_BOUND('',#458,.T.);
#380=FACE_OUTER_BOUND('',#459,.T.);
#381=FACE_OUTER_BOUND('',#460,.T.);
#382=FACE_OUTER_BOUND('',#461,.T.);
#383=FACE_OUTER_BOUND('',#462,.T.);
#384=FACE_OUTER_BOUND('',#463,.T.);
#385=FACE_OUTER_BOUND('',#464,.T.);
#386=FACE_OUTER_BOUND('',#465,.T.);
#387=FACE_OUTER_BOUND('',#466,.T.);
#388=FACE_OUTER_BOUND('',#467,.T.);
#389=FACE_OUTER_BOUND('',#468,.T.);
#390=FACE_OUTER_BOUND('',#469,.T.);
#391=FACE_OUTER_BOUND('',#470,.T.);
#392=FACE_OUTER_BOUND('',#471,.T.);
#393=FACE_OUTER_BOUND('',#472,.T.);
#394=FACE_OUTER_BOUND('',#473,.T.);
#395=FACE_OUTER_BOUND('',#474,.T.);
#396=FACE_OUTER_BOUND('',#475,.T.);
#397=FACE_OUTER_BOUND('',#476,.T.);
#398=FACE_OUTER_BOUND('',#477,.T.);
#399=FACE_OUTER_BOUND('',#479,.T.);
#400=FACE_OUTER_BOUND('',#480,.T.);
#401=FACE_OUTER_BOUND('',#482,.T.);
#402=FACE_OUTER_BOUND('',#483,.T.);
#403=FACE_OUTER_BOUND('',#484,.T.);
#404=FACE_OUTER_BOUND('',#485,.T.);
#405=FACE_OUTER_BOUND('',#486,.T.);
#406=FACE_OUTER_BOUND('',#487,.T.);
#407=FACE_OUTER_BOUND('',#488,.T.);
#408=FACE_OUTER_BOUND('',#489,.T.);
#409=FACE_OUTER_BOUND('',#490,.T.);
#410=FACE_OUTER_BOUND('',#491,.T.);
#411=FACE_OUTER_BOUND('',#492,.T.);
#412=FACE_OUTER_BOUND('',#493,.T.);
#413=FACE_OUTER_BOUND('',#494,.T.);
#414=FACE_OUTER_BOUND('',#495,.T.);
#415=FACE_OUTER_BOUND('',#496,.T.);
#416=FACE_OUTER_BOUND('',#497,.T.);
#417=FACE_OUTER_BOUND('',#498,.T.);
#418=FACE_OUTER_BOUND('',#499,.T.);
#419=FACE_OUTER_BOUND('',#500,.T.);
#420=FACE_OUTER_BOUND('',#501,.T.);
#421=FACE_OUTER_BOUND('',#502,.T.);
#422=FACE_OUTER_BOUND('',#503,.T.);
#423=FACE_OUTER_BOUND('',#504,.T.);
#424=FACE_OUTER_BOUND('',#505,.T.);
#425=FACE_OUTER_BOUND('',#506,.T.);
#426=FACE_OUTER_BOUND('',#507,.T.);
#427=FACE_OUTER_BOUND('',#508,.T.);
#428=FACE_OUTER_BOUND('',#510,.T.);
#429=FACE_OUTER_BOUND('',#511,.T.);
#430=FACE_OUTER_BOUND('',#513,.T.);
#431=FACE_OUTER_BOUND('',#514,.T.);
#432=FACE_OUTER_BOUND('',#515,.T.);
#433=FACE_OUTER_BOUND('',#516,.T.);
#434=FACE_OUTER_BOUND('',#517,.T.);
#435=FACE_OUTER_BOUND('',#518,.T.);
#436=FACE_OUTER_BOUND('',#519,.T.);
#437=EDGE_LOOP('',(#874));
#438=EDGE_LOOP('',(#875));
#439=EDGE_LOOP('',(#876,#877,#878,#879));
#440=EDGE_LOOP('',(#880,#881,#882,#883));
#441=EDGE_LOOP('',(#884,#885,#886,#887,#888,#889,#890,#891,#892,#893,#894,
#895,#896,#897));
#442=EDGE_LOOP('',(#898));
#443=EDGE_LOOP('',(#899));
#444=EDGE_LOOP('',(#900,#901,#902,#903));
#445=EDGE_LOOP('',(#904));
#446=EDGE_LOOP('',(#905,#906,#907,#908));
#447=EDGE_LOOP('',(#909,#910,#911,#912,#913,#914));
#448=EDGE_LOOP('',(#915,#916,#917,#918,#919,#920,#921,#922,#923,#924,#925,
#926,#927,#928,#929,#930,#931,#932,#933,#934));
#449=EDGE_LOOP('',(#935));
#450=EDGE_LOOP('',(#936));
#451=EDGE_LOOP('',(#937,#938,#939,#940));
#452=EDGE_LOOP('',(#941,#942,#943,#944));
#453=EDGE_LOOP('',(#945,#946,#947,#948,#949));
#454=EDGE_LOOP('',(#950,#951,#952,#953,#954,#955,#956,#957));
#455=EDGE_LOOP('',(#958,#959,#960,#961));
#456=EDGE_LOOP('',(#962,#963,#964,#965,#966,#967,#968,#969,#970,#971,#972,
#973,#974,#975));
#457=EDGE_LOOP('',(#976,#977,#978,#979));
#458=EDGE_LOOP('',(#980));
#459=EDGE_LOOP('',(#981,#982,#983,#984));
#460=EDGE_LOOP('',(#985,#986,#987,#988,#989,#990,#991,#992,#993));
#461=EDGE_LOOP('',(#994,#995,#996,#997));
#462=EDGE_LOOP('',(#998,#999,#1000,#1001,#1002));
#463=EDGE_LOOP('',(#1003,#1004,#1005,#1006));
#464=EDGE_LOOP('',(#1007,#1008,#1009,#1010));
#465=EDGE_LOOP('',(#1011,#1012,#1013,#1014,#1015));
#466=EDGE_LOOP('',(#1016,#1017,#1018,#1019));
#467=EDGE_LOOP('',(#1020,#1021,#1022,#1023,#1024,#1025,#1026,#1027));
#468=EDGE_LOOP('',(#1028,#1029,#1030,#1031,#1032));
#469=EDGE_LOOP('',(#1033,#1034,#1035,#1036));
#470=EDGE_LOOP('',(#1037,#1038,#1039,#1040,#1041));
#471=EDGE_LOOP('',(#1042,#1043,#1044,#1045,#1046,#1047,#1048,#1049,#1050));
#472=EDGE_LOOP('',(#1051,#1052,#1053,#1054,#1055,#1056,#1057));
#473=EDGE_LOOP('',(#1058,#1059,#1060,#1061));
#474=EDGE_LOOP('',(#1062,#1063,#1064,#1065,#1066,#1067,#1068));
#475=EDGE_LOOP('',(#1069,#1070,#1071,#1072));
#476=EDGE_LOOP('',(#1073,#1074,#1075,#1076));
#477=EDGE_LOOP('',(#1077));
#478=EDGE_LOOP('',(#1078));
#479=EDGE_LOOP('',(#1079,#1080,#1081,#1082));
#480=EDGE_LOOP('',(#1083,#1084,#1085,#1086));
#481=EDGE_LOOP('',(#1087));
#482=EDGE_LOOP('',(#1088,#1089,#1090,#1091));
#483=EDGE_LOOP('',(#1092,#1093,#1094,#1095));
#484=EDGE_LOOP('',(#1096));
#485=EDGE_LOOP('',(#1097,#1098,#1099,#1100));
#486=EDGE_LOOP('',(#1101));
#487=EDGE_LOOP('',(#1102,#1103,#1104,#1105));
#488=EDGE_LOOP('',(#1106,#1107,#1108,#1109,#1110,#1111));
#489=EDGE_LOOP('',(#1112,#1113,#1114,#1115));
#490=EDGE_LOOP('',(#1116,#1117,#1118,#1119,#1120));
#491=EDGE_LOOP('',(#1121,#1122,#1123,#1124,#1125));
#492=EDGE_LOOP('',(#1126,#1127,#1128,#1129));
#493=EDGE_LOOP('',(#1130,#1131,#1132,#1133,#1134,#1135));
#494=EDGE_LOOP('',(#1136,#1137,#1138,#1139,#1140,#1141,#1142,#1143,#1144,
#1145));
#495=EDGE_LOOP('',(#1146,#1147,#1148,#1149,#1150));
#496=EDGE_LOOP('',(#1151,#1152,#1153,#1154));
#497=EDGE_LOOP('',(#1155,#1156,#1157,#1158));
#498=EDGE_LOOP('',(#1159,#1160,#1161,#1162));
#499=EDGE_LOOP('',(#1163,#1164,#1165,#1166,#1167,#1168,#1169,#1170,#1171,
#1172));
#500=EDGE_LOOP('',(#1173,#1174,#1175,#1176,#1177,#1178));
#501=EDGE_LOOP('',(#1179,#1180,#1181,#1182));
#502=EDGE_LOOP('',(#1183,#1184,#1185,#1186));
#503=EDGE_LOOP('',(#1187,#1188,#1189,#1190));
#504=EDGE_LOOP('',(#1191,#1192,#1193,#1194));
#505=EDGE_LOOP('',(#1195,#1196,#1197,#1198,#1199,#1200,#1201,#1202));
#506=EDGE_LOOP('',(#1203,#1204,#1205,#1206));
#507=EDGE_LOOP('',(#1207,#1208,#1209,#1210));
#508=EDGE_LOOP('',(#1211,#1212,#1213,#1214,#1215,#1216));
#509=EDGE_LOOP('',(#1217,#1218,#1219,#1220));
#510=EDGE_LOOP('',(#1221,#1222,#1223,#1224));
#511=EDGE_LOOP('',(#1225,#1226,#1227,#1228,#1229,#1230,#1231,#1232));
#512=EDGE_LOOP('',(#1233));
#513=EDGE_LOOP('',(#1234,#1235,#1236,#1237));
#514=EDGE_LOOP('',(#1238,#1239,#1240,#1241));
#515=EDGE_LOOP('',(#1242,#1243,#1244,#1245));
#516=EDGE_LOOP('',(#1246,#1247,#1248,#1249));
#517=EDGE_LOOP('',(#1250,#1251,#1252,#1253));
#518=EDGE_LOOP('',(#1254,#1255,#1256,#1257,#1258,#1259));
#519=EDGE_LOOP('',(#1260,#1261,#1262,#1263));
#520=CIRCLE('',#1401,1.5);
#521=CIRCLE('',#1403,1.5);
#522=CIRCLE('',#1405,1.);
#523=CIRCLE('',#1406,1.);
#524=CIRCLE('',#1409,1.);
#525=CIRCLE('',#1410,1.5);
#526=CIRCLE('',#1411,1.5);
#527=CIRCLE('',#1412,1.5);
#528=CIRCLE('',#1414,1.);
#529=CIRCLE('',#1417,3.);
#530=CIRCLE('',#1418,3.);
#531=CIRCLE('',#1419,3.5);
#532=CIRCLE('',#1420,1.5);
#533=CIRCLE('',#1421,1.5);
#534=CIRCLE('',#1423,1.5);
#535=CIRCLE('',#1427,1.);
#536=CIRCLE('',#1428,1.);
#537=CIRCLE('',#1433,1.5);
#538=CIRCLE('',#1436,3.5);
#539=CIRCLE('',#1437,3.5);
#540=CIRCLE('',#1441,3.5);
#541=CIRCLE('',#1443,3.5);
#542=CIRCLE('',#1448,1.5);
#543=CIRCLE('',#1453,1.5);
#544=CIRCLE('',#1464,3.59999999999999);
#545=CIRCLE('',#1466,2.10000000000001);
#546=CIRCLE('',#1468,2.10000000000001);
#547=CIRCLE('',#1472,1.5);
#548=CIRCLE('',#1475,1.5);
#549=CIRCLE('',#1478,3.);
#550=CIRCLE('',#1483,3.5);
#551=VERTEX_POINT('',#1891);
#552=VERTEX_POINT('',#1894);
#553=VERTEX_POINT('',#1897);
#554=VERTEX_POINT('',#1898);
#555=VERTEX_POINT('',#1900);
#556=VERTEX_POINT('',#1902);
#557=VERTEX_POINT('',#1906);
#558=VERTEX_POINT('',#1908);
#559=VERTEX_POINT('',#1912);
#560=VERTEX_POINT('',#1914);
#561=VERTEX_POINT('',#1916);
#562=VERTEX_POINT('',#1918);
#563=VERTEX_POINT('',#1920);
#564=VERTEX_POINT('',#1922);
#565=VERTEX_POINT('',#1924);
#566=VERTEX_POINT('',#1926);
#567=VERTEX_POINT('',#1928);
#568=VERTEX_POINT('',#1930);
#569=VERTEX_POINT('',#1932);
#570=VERTEX_POINT('',#1935);
#571=VERTEX_POINT('',#1937);
#572=VERTEX_POINT('',#1939);
#573=VERTEX_POINT('',#1940);
#574=VERTEX_POINT('',#1942);
#575=VERTEX_POINT('',#1944);
#576=VERTEX_POINT('',#1947);
#577=VERTEX_POINT('',#1950);
#578=VERTEX_POINT('',#1952);
#579=VERTEX_POINT('',#1956);
#580=VERTEX_POINT('',#1958);
#581=VERTEX_POINT('',#1960);
#582=VERTEX_POINT('',#1962);
#583=VERTEX_POINT('',#1966);
#584=VERTEX_POINT('',#1968);
#585=VERTEX_POINT('',#1970);
#586=VERTEX_POINT('',#1972);
#587=VERTEX_POINT('',#1974);
#588=VERTEX_POINT('',#1976);
#589=VERTEX_POINT('',#1978);
#590=VERTEX_POINT('',#1980);
#591=VERTEX_POINT('',#1982);
#592=VERTEX_POINT('',#1984);
#593=VERTEX_POINT('',#1986);
#594=VERTEX_POINT('',#1988);
#595=VERTEX_POINT('',#1990);
#596=VERTEX_POINT('',#1992);
#597=VERTEX_POINT('',#1994);
#598=VERTEX_POINT('',#1996);
#599=VERTEX_POINT('',#1999);
#600=VERTEX_POINT('',#2001);
#601=VERTEX_POINT('',#2004);
#602=VERTEX_POINT('',#2005);
#603=VERTEX_POINT('',#2007);
#604=VERTEX_POINT('',#2009);
#605=VERTEX_POINT('',#2013);
#606=VERTEX_POINT('',#2015);
#607=VERTEX_POINT('',#2034);
#608=VERTEX_POINT('',#2040);
#609=VERTEX_POINT('',#2042);
#610=VERTEX_POINT('',#2044);
#611=VERTEX_POINT('',#2046);
#612=VERTEX_POINT('',#2052);
#613=VERTEX_POINT('',#2054);
#614=VERTEX_POINT('',#2056);
#615=VERTEX_POINT('',#2059);
#616=VERTEX_POINT('',#2061);
#617=VERTEX_POINT('',#2063);
#618=VERTEX_POINT('',#2067);
#619=VERTEX_POINT('',#2072);
#620=VERTEX_POINT('',#2073);
#621=VERTEX_POINT('',#2075);
#622=VERTEX_POINT('',#2077);
#623=VERTEX_POINT('',#2081);
#624=VERTEX_POINT('',#2083);
#625=VERTEX_POINT('',#2085);
#626=VERTEX_POINT('',#2087);
#627=VERTEX_POINT('',#2089);
#628=VERTEX_POINT('',#2091);
#629=VERTEX_POINT('',#2093);
#630=VERTEX_POINT('',#2097);
#631=VERTEX_POINT('',#2099);
#632=VERTEX_POINT('',#2103);
#633=VERTEX_POINT('',#2105);
#634=VERTEX_POINT('',#2109);
#635=VERTEX_POINT('',#2120);
#636=VERTEX_POINT('',#2122);
#637=VERTEX_POINT('',#2135);
#638=VERTEX_POINT('',#2148);
#639=VERTEX_POINT('',#2149);
#640=VERTEX_POINT('',#2156);
#641=VERTEX_POINT('',#2163);
#642=VERTEX_POINT('',#2167);
#643=VERTEX_POINT('',#2174);
#644=VERTEX_POINT('',#2176);
#645=VERTEX_POINT('',#2180);
#646=VERTEX_POINT('',#2183);
#647=VERTEX_POINT('',#2187);
#648=VERTEX_POINT('',#2188);
#649=VERTEX_POINT('',#2195);
#650=VERTEX_POINT('',#2200);
#651=VERTEX_POINT('',#2205);
#652=VERTEX_POINT('',#2207);
#653=VERTEX_POINT('',#2213);
#654=VERTEX_POINT('',#2214);
#655=VERTEX_POINT('',#2216);
#656=VERTEX_POINT('',#2227);
#657=VERTEX_POINT('',#2231);
#658=VERTEX_POINT('',#2236);
#659=VERTEX_POINT('',#2238);
#660=VERTEX_POINT('',#2240);
#661=VERTEX_POINT('',#2254);
#662=VERTEX_POINT('',#2256);
#663=VERTEX_POINT('',#2260);
#664=VERTEX_POINT('',#2262);
#665=VERTEX_POINT('',#2264);
#666=VERTEX_POINT('',#2266);
#667=VERTEX_POINT('',#2268);
#668=VERTEX_POINT('',#2282);
#669=VERTEX_POINT('',#2286);
#670=VERTEX_POINT('',#2290);
#671=VERTEX_POINT('',#2294);
#672=VERTEX_POINT('',#2298);
#673=VERTEX_POINT('',#2304);
#674=VERTEX_POINT('',#2308);
#675=VERTEX_POINT('',#2312);
#676=VERTEX_POINT('',#2316);
#677=VERTEX_POINT('',#2318);
#678=VERTEX_POINT('',#2320);
#679=EDGE_CURVE('',#551,#551,#520,.T.);
#680=EDGE_CURVE('',#552,#552,#521,.T.);
#681=EDGE_CURVE('',#553,#554,#522,.T.);
#682=EDGE_CURVE('',#554,#555,#38,.T.);
#683=EDGE_CURVE('',#555,#556,#523,.T.);
#684=EDGE_CURVE('',#556,#553,#39,.T.);
#685=EDGE_CURVE('',#557,#554,#40,.T.);
#686=EDGE_CURVE('',#558,#557,#41,.T.);
#687=EDGE_CURVE('',#555,#558,#42,.T.);
#688=EDGE_CURVE('',#553,#559,#43,.T.);
#689=EDGE_CURVE('',#559,#560,#44,.T.);
#690=EDGE_CURVE('',#560,#561,#45,.T.);
#691=EDGE_CURVE('',#561,#562,#46,.T.);
#692=EDGE_CURVE('',#562,#563,#47,.T.);
#693=EDGE_CURVE('',#564,#563,#524,.T.);
#694=EDGE_CURVE('',#564,#565,#48,.T.);
#695=EDGE_CURVE('',#565,#566,#49,.T.);
#696=EDGE_CURVE('',#566,#567,#50,.T.);
#697=EDGE_CURVE('',#567,#568,#51,.T.);
#698=EDGE_CURVE('',#568,#569,#52,.T.);
#699=EDGE_CURVE('',#569,#557,#53,.T.);
#700=EDGE_CURVE('',#570,#570,#525,.T.);
#701=EDGE_CURVE('',#571,#571,#526,.T.);
#702=EDGE_CURVE('',#572,#573,#54,.T.);
#703=EDGE_CURVE('',#573,#574,#55,.T.);
#704=EDGE_CURVE('',#574,#575,#56,.T.);
#705=EDGE_CURVE('',#575,#572,#57,.T.);
#706=EDGE_CURVE('',#576,#576,#527,.T.);
#707=EDGE_CURVE('',#563,#577,#58,.T.);
#708=EDGE_CURVE('',#577,#578,#528,.T.);
#709=EDGE_CURVE('',#578,#564,#59,.T.);
#710=EDGE_CURVE('',#579,#577,#60,.T.);
#711=EDGE_CURVE('',#579,#580,#61,.T.);
#712=EDGE_CURVE('',#580,#581,#62,.T.);
#713=EDGE_CURVE('',#582,#581,#63,.T.);
#714=EDGE_CURVE('',#578,#582,#64,.T.);
#715=EDGE_CURVE('',#562,#583,#65,.T.);
#716=EDGE_CURVE('',#584,#583,#66,.T.);
#717=EDGE_CURVE('',#585,#584,#67,.T.);
#718=EDGE_CURVE('',#586,#585,#68,.T.);
#719=EDGE_CURVE('',#587,#586,#69,.T.);
#720=EDGE_CURVE('',#588,#587,#70,.T.);
#721=EDGE_CURVE('',#589,#588,#71,.T.);
#722=EDGE_CURVE('',#589,#590,#72,.T.);
#723=EDGE_CURVE('',#591,#590,#529,.T.);
#724=EDGE_CURVE('',#592,#591,#73,.T.);
#725=EDGE_CURVE('',#593,#592,#530,.T.);
#726=EDGE_CURVE('',#593,#594,#74,.T.);
#727=EDGE_CURVE('',#594,#595,#75,.T.);
#728=EDGE_CURVE('',#595,#596,#76,.T.);
#729=EDGE_CURVE('',#596,#597,#77,.T.);
#730=EDGE_CURVE('',#598,#597,#531,.T.);
#731=EDGE_CURVE('',#579,#598,#78,.T.);
#732=EDGE_CURVE('',#599,#599,#532,.T.);
#733=EDGE_CURVE('',#600,#600,#533,.T.);
#734=EDGE_CURVE('',#601,#602,#79,.T.);
#735=EDGE_CURVE('',#602,#603,#534,.F.);
#736=EDGE_CURVE('',#603,#604,#80,.T.);
#737=EDGE_CURVE('',#604,#601,#20,.T.);
#738=EDGE_CURVE('',#604,#605,#81,.T.);
#739=EDGE_CURVE('',#605,#606,#15,.T.);
#740=EDGE_CURVE('',#606,#601,#82,.T.);
#741=EDGE_CURVE('',#588,#607,#535,.T.);
#742=EDGE_CURVE('',#607,#606,#83,.T.);
#743=EDGE_CURVE('',#605,#589,#536,.T.);
#744=EDGE_CURVE('',#581,#602,#84,.T.);
#745=EDGE_CURVE('',#608,#601,#85,.T.);
#746=EDGE_CURVE('',#609,#608,#86,.T.);
#747=EDGE_CURVE('',#609,#610,#87,.T.);
#748=EDGE_CURVE('',#610,#611,#88,.T.);
#749=EDGE_CURVE('',#582,#611,#89,.T.);
#750=EDGE_CURVE('',#608,#607,#90,.T.);
#751=EDGE_CURVE('',#612,#558,#91,.T.);
#752=EDGE_CURVE('',#612,#613,#92,.T.);
#753=EDGE_CURVE('',#613,#614,#93,.T.);
#754=EDGE_CURVE('',#614,#609,#94,.T.);
#755=EDGE_CURVE('',#587,#615,#95,.T.);
#756=EDGE_CURVE('',#615,#616,#96,.T.);
#757=EDGE_CURVE('',#616,#617,#97,.T.);
#758=EDGE_CURVE('',#617,#556,#98,.T.);
#759=EDGE_CURVE('',#576,#618,#99,.T.);
#760=EDGE_CURVE('',#618,#618,#537,.T.);
#761=EDGE_CURVE('',#619,#620,#538,.F.);
#762=EDGE_CURVE('',#620,#621,#100,.T.);
#763=EDGE_CURVE('',#621,#622,#539,.F.);
#764=EDGE_CURVE('',#622,#619,#101,.T.);
#765=EDGE_CURVE('',#620,#623,#102,.T.);
#766=EDGE_CURVE('',#623,#624,#103,.T.);
#767=EDGE_CURVE('',#625,#624,#21,.F.);
#768=EDGE_CURVE('',#626,#625,#104,.T.);
#769=EDGE_CURVE('',#627,#626,#22,.F.);
#770=EDGE_CURVE('',#627,#628,#105,.T.);
#771=EDGE_CURVE('',#629,#628,#540,.F.);
#772=EDGE_CURVE('',#621,#629,#106,.T.);
#773=EDGE_CURVE('',#628,#630,#107,.T.);
#774=EDGE_CURVE('',#630,#631,#541,.F.);
#775=EDGE_CURVE('',#631,#629,#108,.T.);
#776=EDGE_CURVE('',#632,#627,#109,.T.);
#777=EDGE_CURVE('',#633,#632,#110,.T.);
#778=EDGE_CURVE('',#633,#630,#111,.T.);
#779=EDGE_CURVE('',#611,#634,#16,.F.);
#780=EDGE_CURVE('',#634,#635,#112,.T.);
#781=EDGE_CURVE('',#636,#635,#17,.T.);
#782=EDGE_CURVE('',#611,#636,#113,.T.);
#783=EDGE_CURVE('',#636,#637,#114,.T.);
#784=EDGE_CURVE('',#637,#566,#115,.T.);
#785=EDGE_CURVE('',#636,#565,#116,.T.);
#786=EDGE_CURVE('',#635,#633,#542,.F.);
#787=EDGE_CURVE('',#632,#637,#23,.T.);
#788=EDGE_CURVE('',#626,#637,#117,.T.);
#789=EDGE_CURVE('',#610,#625,#118,.T.);
#790=EDGE_CURVE('',#614,#567,#119,.T.);
#791=EDGE_CURVE('',#638,#639,#120,.T.);
#792=EDGE_CURVE('',#639,#634,#543,.F.);
#793=EDGE_CURVE('',#610,#638,#24,.T.);
#794=EDGE_CURVE('',#624,#638,#121,.T.);
#795=EDGE_CURVE('',#640,#623,#122,.T.);
#796=EDGE_CURVE('',#639,#640,#123,.T.);
#797=EDGE_CURVE('',#572,#640,#124,.T.);
#798=EDGE_CURVE('',#575,#631,#125,.T.);
#799=EDGE_CURVE('',#619,#641,#126,.T.);
#800=EDGE_CURVE('',#573,#641,#127,.T.);
#801=EDGE_CURVE('',#642,#622,#128,.T.);
#802=EDGE_CURVE('',#641,#642,#129,.T.);
#803=EDGE_CURVE('',#574,#642,#130,.T.);
#804=EDGE_CURVE('',#643,#643,#25,.T.);
#805=EDGE_CURVE('',#643,#644,#131,.T.);
#806=EDGE_CURVE('',#644,#644,#544,.T.);
#807=EDGE_CURVE('',#645,#645,#545,.T.);
#808=EDGE_CURVE('',#645,#646,#132,.T.);
#809=EDGE_CURVE('',#646,#646,#546,.T.);
#810=EDGE_CURVE('',#647,#648,#133,.T.);
#811=EDGE_CURVE('',#584,#648,#134,.T.);
#812=EDGE_CURVE('',#583,#647,#135,.T.);
#813=EDGE_CURVE('',#647,#561,#136,.T.);
#814=EDGE_CURVE('',#570,#649,#137,.T.);
#815=EDGE_CURVE('',#649,#649,#547,.T.);
#816=EDGE_CURVE('',#571,#650,#138,.T.);
#817=EDGE_CURVE('',#650,#650,#548,.T.);
#818=EDGE_CURVE('',#590,#651,#139,.T.);
#819=EDGE_CURVE('',#651,#652,#549,.F.);
#820=EDGE_CURVE('',#652,#591,#140,.T.);
#821=EDGE_CURVE('',#603,#651,#141,.T.);
#822=EDGE_CURVE('',#653,#654,#142,.T.);
#823=EDGE_CURVE('',#654,#655,#18,.T.);
#824=EDGE_CURVE('',#655,#656,#143,.T.);
#825=EDGE_CURVE('',#656,#653,#26,.T.);
#826=EDGE_CURVE('',#657,#598,#144,.T.);
#827=EDGE_CURVE('',#597,#655,#145,.T.);
#828=EDGE_CURVE('',#654,#657,#550,.T.);
#829=EDGE_CURVE('',#658,#653,#146,.T.);
#830=EDGE_CURVE('',#656,#659,#147,.T.);
#831=EDGE_CURVE('',#659,#660,#19,.T.);
#832=EDGE_CURVE('',#660,#658,#27,.T.);
#833=EDGE_CURVE('',#659,#593,#148,.T.);
#834=EDGE_CURVE('',#592,#660,#149,.T.);
#835=EDGE_CURVE('',#661,#656,#150,.T.);
#836=EDGE_CURVE('',#662,#661,#151,.T.);
#837=EDGE_CURVE('',#662,#594,#152,.T.);
#838=EDGE_CURVE('',#663,#596,#153,.T.);
#839=EDGE_CURVE('',#663,#664,#154,.T.);
#840=EDGE_CURVE('',#665,#664,#155,.T.);
#841=EDGE_CURVE('',#666,#665,#156,.T.);
#842=EDGE_CURVE('',#666,#667,#157,.T.);
#843=EDGE_CURVE('',#667,#661,#158,.T.);
#844=EDGE_CURVE('',#652,#658,#159,.F.);
#845=EDGE_CURVE('',#657,#580,#160,.F.);
#846=EDGE_CURVE('',#551,#600,#161,.T.);
#847=EDGE_CURVE('',#552,#599,#162,.T.);
#848=EDGE_CURVE('',#668,#595,#163,.T.);
#849=EDGE_CURVE('',#663,#668,#164,.T.);
#850=EDGE_CURVE('',#669,#668,#165,.T.);
#851=EDGE_CURVE('',#664,#669,#166,.T.);
#852=EDGE_CURVE('',#670,#667,#167,.T.);
#853=EDGE_CURVE('',#662,#670,#168,.T.);
#854=EDGE_CURVE('',#671,#666,#169,.T.);
#855=EDGE_CURVE('',#671,#670,#170,.T.);
#856=EDGE_CURVE('',#672,#671,#171,.T.);
#857=EDGE_CURVE('',#672,#669,#172,.T.);
#858=EDGE_CURVE('',#665,#672,#173,.T.);
#859=EDGE_CURVE('',#673,#648,#174,.T.);
#860=EDGE_CURVE('',#585,#673,#175,.T.);
#861=EDGE_CURVE('',#674,#560,#176,.T.);
#862=EDGE_CURVE('',#673,#674,#177,.T.);
#863=EDGE_CURVE('',#674,#675,#178,.T.);
#864=EDGE_CURVE('',#675,#559,#179,.T.);
#865=EDGE_CURVE('',#676,#586,#180,.T.);
#866=EDGE_CURVE('',#675,#677,#181,.T.);
#867=EDGE_CURVE('',#677,#678,#182,.T.);
#868=EDGE_CURVE('',#678,#676,#183,.T.);
#869=EDGE_CURVE('',#612,#569,#184,.T.);
#870=EDGE_CURVE('',#613,#568,#185,.T.);
#871=EDGE_CURVE('',#615,#676,#186,.T.);
#872=EDGE_CURVE('',#616,#678,#187,.T.);
#873=EDGE_CURVE('',#617,#677,#188,.T.);
#874=ORIENTED_EDGE('',*,*,#679,.F.);
#875=ORIENTED_EDGE('',*,*,#680,.F.);
#876=ORIENTED_EDGE('',*,*,#681,.T.);
#877=ORIENTED_EDGE('',*,*,#682,.T.);
#878=ORIENTED_EDGE('',*,*,#683,.T.);
#879=ORIENTED_EDGE('',*,*,#684,.T.);
#880=ORIENTED_EDGE('',*,*,#682,.F.);
#881=ORIENTED_EDGE('',*,*,#685,.F.);
#882=ORIENTED_EDGE('',*,*,#686,.F.);
#883=ORIENTED_EDGE('',*,*,#687,.F.);
#884=ORIENTED_EDGE('',*,*,#681,.F.);
#885=ORIENTED_EDGE('',*,*,#688,.T.);
#886=ORIENTED_EDGE('',*,*,#689,.T.);
#887=ORIENTED_EDGE('',*,*,#690,.T.);
#888=ORIENTED_EDGE('',*,*,#691,.T.);
#889=ORIENTED_EDGE('',*,*,#692,.T.);
#890=ORIENTED_EDGE('',*,*,#693,.F.);
#891=ORIENTED_EDGE('',*,*,#694,.T.);
#892=ORIENTED_EDGE('',*,*,#695,.T.);
#893=ORIENTED_EDGE('',*,*,#696,.T.);
#894=ORIENTED_EDGE('',*,*,#697,.T.);
#895=ORIENTED_EDGE('',*,*,#698,.T.);
#896=ORIENTED_EDGE('',*,*,#699,.T.);
#897=ORIENTED_EDGE('',*,*,#685,.T.);
#898=ORIENTED_EDGE('',*,*,#700,.T.);
#899=ORIENTED_EDGE('',*,*,#701,.T.);
#900=ORIENTED_EDGE('',*,*,#702,.T.);
#901=ORIENTED_EDGE('',*,*,#703,.T.);
#902=ORIENTED_EDGE('',*,*,#704,.T.);
#903=ORIENTED_EDGE('',*,*,#705,.T.);
#904=ORIENTED_EDGE('',*,*,#706,.T.);
#905=ORIENTED_EDGE('',*,*,#693,.T.);
#906=ORIENTED_EDGE('',*,*,#707,.T.);
#907=ORIENTED_EDGE('',*,*,#708,.T.);
#908=ORIENTED_EDGE('',*,*,#709,.T.);
#909=ORIENTED_EDGE('',*,*,#708,.F.);
#910=ORIENTED_EDGE('',*,*,#710,.F.);
#911=ORIENTED_EDGE('',*,*,#711,.T.);
#912=ORIENTED_EDGE('',*,*,#712,.T.);
#913=ORIENTED_EDGE('',*,*,#713,.F.);
#914=ORIENTED_EDGE('',*,*,#714,.F.);
#915=ORIENTED_EDGE('',*,*,#707,.F.);
#916=ORIENTED_EDGE('',*,*,#692,.F.);
#917=ORIENTED_EDGE('',*,*,#715,.T.);
#918=ORIENTED_EDGE('',*,*,#716,.F.);
#919=ORIENTED_EDGE('',*,*,#717,.F.);
#920=ORIENTED_EDGE('',*,*,#718,.F.);
#921=ORIENTED_EDGE('',*,*,#719,.F.);
#922=ORIENTED_EDGE('',*,*,#720,.F.);
#923=ORIENTED_EDGE('',*,*,#721,.F.);
#924=ORIENTED_EDGE('',*,*,#722,.T.);
#925=ORIENTED_EDGE('',*,*,#723,.F.);
#926=ORIENTED_EDGE('',*,*,#724,.F.);
#927=ORIENTED_EDGE('',*,*,#725,.F.);
#928=ORIENTED_EDGE('',*,*,#726,.T.);
#929=ORIENTED_EDGE('',*,*,#727,.T.);
#930=ORIENTED_EDGE('',*,*,#728,.T.);
#931=ORIENTED_EDGE('',*,*,#729,.T.);
#932=ORIENTED_EDGE('',*,*,#730,.F.);
#933=ORIENTED_EDGE('',*,*,#731,.F.);
#934=ORIENTED_EDGE('',*,*,#710,.T.);
#935=ORIENTED_EDGE('',*,*,#732,.T.);
#936=ORIENTED_EDGE('',*,*,#733,.T.);
#937=ORIENTED_EDGE('',*,*,#734,.T.);
#938=ORIENTED_EDGE('',*,*,#735,.T.);
#939=ORIENTED_EDGE('',*,*,#736,.T.);
#940=ORIENTED_EDGE('',*,*,#737,.T.);
#941=ORIENTED_EDGE('',*,*,#738,.T.);
#942=ORIENTED_EDGE('',*,*,#739,.T.);
#943=ORIENTED_EDGE('',*,*,#740,.T.);
#944=ORIENTED_EDGE('',*,*,#737,.F.);
#945=ORIENTED_EDGE('',*,*,#721,.T.);
#946=ORIENTED_EDGE('',*,*,#741,.T.);
#947=ORIENTED_EDGE('',*,*,#742,.T.);
#948=ORIENTED_EDGE('',*,*,#739,.F.);
#949=ORIENTED_EDGE('',*,*,#743,.T.);
#950=ORIENTED_EDGE('',*,*,#744,.T.);
#951=ORIENTED_EDGE('',*,*,#734,.F.);
#952=ORIENTED_EDGE('',*,*,#745,.F.);
#953=ORIENTED_EDGE('',*,*,#746,.F.);
#954=ORIENTED_EDGE('',*,*,#747,.T.);
#955=ORIENTED_EDGE('',*,*,#748,.T.);
#956=ORIENTED_EDGE('',*,*,#749,.F.);
#957=ORIENTED_EDGE('',*,*,#713,.T.);
#958=ORIENTED_EDGE('',*,*,#740,.F.);
#959=ORIENTED_EDGE('',*,*,#742,.F.);
#960=ORIENTED_EDGE('',*,*,#750,.F.);
#961=ORIENTED_EDGE('',*,*,#745,.T.);
#962=ORIENTED_EDGE('',*,*,#683,.F.);
#963=ORIENTED_EDGE('',*,*,#687,.T.);
#964=ORIENTED_EDGE('',*,*,#751,.F.);
#965=ORIENTED_EDGE('',*,*,#752,.T.);
#966=ORIENTED_EDGE('',*,*,#753,.T.);
#967=ORIENTED_EDGE('',*,*,#754,.T.);
#968=ORIENTED_EDGE('',*,*,#746,.T.);
#969=ORIENTED_EDGE('',*,*,#750,.T.);
#970=ORIENTED_EDGE('',*,*,#741,.F.);
#971=ORIENTED_EDGE('',*,*,#720,.T.);
#972=ORIENTED_EDGE('',*,*,#755,.T.);
#973=ORIENTED_EDGE('',*,*,#756,.T.);
#974=ORIENTED_EDGE('',*,*,#757,.T.);
#975=ORIENTED_EDGE('',*,*,#758,.T.);
#976=ORIENTED_EDGE('',*,*,#706,.F.);
#977=ORIENTED_EDGE('',*,*,#759,.T.);
#978=ORIENTED_EDGE('',*,*,#760,.T.);
#979=ORIENTED_EDGE('',*,*,#759,.F.);
#980=ORIENTED_EDGE('',*,*,#760,.F.);
#981=ORIENTED_EDGE('',*,*,#761,.T.);
#982=ORIENTED_EDGE('',*,*,#762,.T.);
#983=ORIENTED_EDGE('',*,*,#763,.T.);
#984=ORIENTED_EDGE('',*,*,#764,.T.);
#985=ORIENTED_EDGE('',*,*,#762,.F.);
#986=ORIENTED_EDGE('',*,*,#765,.T.);
#987=ORIENTED_EDGE('',*,*,#766,.T.);
#988=ORIENTED_EDGE('',*,*,#767,.F.);
#989=ORIENTED_EDGE('',*,*,#768,.F.);
#990=ORIENTED_EDGE('',*,*,#769,.F.);
#991=ORIENTED_EDGE('',*,*,#770,.T.);
#992=ORIENTED_EDGE('',*,*,#771,.F.);
#993=ORIENTED_EDGE('',*,*,#772,.F.);
#994=ORIENTED_EDGE('',*,*,#771,.T.);
#995=ORIENTED_EDGE('',*,*,#773,.T.);
#996=ORIENTED_EDGE('',*,*,#774,.T.);
#997=ORIENTED_EDGE('',*,*,#775,.T.);
#998=ORIENTED_EDGE('',*,*,#773,.F.);
#999=ORIENTED_EDGE('',*,*,#770,.F.);
#1000=ORIENTED_EDGE('',*,*,#776,.F.);
#1001=ORIENTED_EDGE('',*,*,#777,.F.);
#1002=ORIENTED_EDGE('',*,*,#778,.T.);
#1003=ORIENTED_EDGE('',*,*,#779,.T.);
#1004=ORIENTED_EDGE('',*,*,#780,.T.);
#1005=ORIENTED_EDGE('',*,*,#781,.F.);
#1006=ORIENTED_EDGE('',*,*,#782,.F.);
#1007=ORIENTED_EDGE('',*,*,#783,.T.);
#1008=ORIENTED_EDGE('',*,*,#784,.T.);
#1009=ORIENTED_EDGE('',*,*,#695,.F.);
#1010=ORIENTED_EDGE('',*,*,#785,.F.);
#1011=ORIENTED_EDGE('',*,*,#783,.F.);
#1012=ORIENTED_EDGE('',*,*,#781,.T.);
#1013=ORIENTED_EDGE('',*,*,#786,.T.);
#1014=ORIENTED_EDGE('',*,*,#777,.T.);
#1015=ORIENTED_EDGE('',*,*,#787,.T.);
#1016=ORIENTED_EDGE('',*,*,#776,.T.);
#1017=ORIENTED_EDGE('',*,*,#769,.T.);
#1018=ORIENTED_EDGE('',*,*,#788,.T.);
#1019=ORIENTED_EDGE('',*,*,#787,.F.);
#1020=ORIENTED_EDGE('',*,*,#788,.F.);
#1021=ORIENTED_EDGE('',*,*,#768,.T.);
#1022=ORIENTED_EDGE('',*,*,#789,.F.);
#1023=ORIENTED_EDGE('',*,*,#747,.F.);
#1024=ORIENTED_EDGE('',*,*,#754,.F.);
#1025=ORIENTED_EDGE('',*,*,#790,.T.);
#1026=ORIENTED_EDGE('',*,*,#696,.F.);
#1027=ORIENTED_EDGE('',*,*,#784,.F.);
#1028=ORIENTED_EDGE('',*,*,#791,.T.);
#1029=ORIENTED_EDGE('',*,*,#792,.T.);
#1030=ORIENTED_EDGE('',*,*,#779,.F.);
#1031=ORIENTED_EDGE('',*,*,#748,.F.);
#1032=ORIENTED_EDGE('',*,*,#793,.T.);
#1033=ORIENTED_EDGE('',*,*,#789,.T.);
#1034=ORIENTED_EDGE('',*,*,#767,.T.);
#1035=ORIENTED_EDGE('',*,*,#794,.T.);
#1036=ORIENTED_EDGE('',*,*,#793,.F.);
#1037=ORIENTED_EDGE('',*,*,#791,.F.);
#1038=ORIENTED_EDGE('',*,*,#794,.F.);
#1039=ORIENTED_EDGE('',*,*,#766,.F.);
#1040=ORIENTED_EDGE('',*,*,#795,.F.);
#1041=ORIENTED_EDGE('',*,*,#796,.F.);
#1042=ORIENTED_EDGE('',*,*,#780,.F.);
#1043=ORIENTED_EDGE('',*,*,#792,.F.);
#1044=ORIENTED_EDGE('',*,*,#796,.T.);
#1045=ORIENTED_EDGE('',*,*,#797,.F.);
#1046=ORIENTED_EDGE('',*,*,#705,.F.);
#1047=ORIENTED_EDGE('',*,*,#798,.T.);
#1048=ORIENTED_EDGE('',*,*,#774,.F.);
#1049=ORIENTED_EDGE('',*,*,#778,.F.);
#1050=ORIENTED_EDGE('',*,*,#786,.F.);
#1051=ORIENTED_EDGE('',*,*,#799,.T.);
#1052=ORIENTED_EDGE('',*,*,#800,.F.);
#1053=ORIENTED_EDGE('',*,*,#702,.F.);
#1054=ORIENTED_EDGE('',*,*,#797,.T.);
#1055=ORIENTED_EDGE('',*,*,#795,.T.);
#1056=ORIENTED_EDGE('',*,*,#765,.F.);
#1057=ORIENTED_EDGE('',*,*,#761,.F.);
#1058=ORIENTED_EDGE('',*,*,#764,.F.);
#1059=ORIENTED_EDGE('',*,*,#801,.F.);
#1060=ORIENTED_EDGE('',*,*,#802,.F.);
#1061=ORIENTED_EDGE('',*,*,#799,.F.);
#1062=ORIENTED_EDGE('',*,*,#775,.F.);
#1063=ORIENTED_EDGE('',*,*,#798,.F.);
#1064=ORIENTED_EDGE('',*,*,#704,.F.);
#1065=ORIENTED_EDGE('',*,*,#803,.T.);
#1066=ORIENTED_EDGE('',*,*,#801,.T.);
#1067=ORIENTED_EDGE('',*,*,#763,.F.);
#1068=ORIENTED_EDGE('',*,*,#772,.T.);
#1069=ORIENTED_EDGE('',*,*,#703,.F.);
#1070=ORIENTED_EDGE('',*,*,#800,.T.);
#1071=ORIENTED_EDGE('',*,*,#802,.T.);
#1072=ORIENTED_EDGE('',*,*,#803,.F.);
#1073=ORIENTED_EDGE('',*,*,#804,.F.);
#1074=ORIENTED_EDGE('',*,*,#805,.T.);
#1075=ORIENTED_EDGE('',*,*,#806,.T.);
#1076=ORIENTED_EDGE('',*,*,#805,.F.);
#1077=ORIENTED_EDGE('',*,*,#806,.F.);
#1078=ORIENTED_EDGE('',*,*,#807,.F.);
#1079=ORIENTED_EDGE('',*,*,#807,.T.);
#1080=ORIENTED_EDGE('',*,*,#808,.T.);
#1081=ORIENTED_EDGE('',*,*,#809,.F.);
#1082=ORIENTED_EDGE('',*,*,#808,.F.);
#1083=ORIENTED_EDGE('',*,*,#810,.T.);
#1084=ORIENTED_EDGE('',*,*,#811,.F.);
#1085=ORIENTED_EDGE('',*,*,#716,.T.);
#1086=ORIENTED_EDGE('',*,*,#812,.T.);
#1087=ORIENTED_EDGE('',*,*,#804,.T.);
#1088=ORIENTED_EDGE('',*,*,#812,.F.);
#1089=ORIENTED_EDGE('',*,*,#715,.F.);
#1090=ORIENTED_EDGE('',*,*,#691,.F.);
#1091=ORIENTED_EDGE('',*,*,#813,.F.);
#1092=ORIENTED_EDGE('',*,*,#700,.F.);
#1093=ORIENTED_EDGE('',*,*,#814,.T.);
#1094=ORIENTED_EDGE('',*,*,#815,.T.);
#1095=ORIENTED_EDGE('',*,*,#814,.F.);
#1096=ORIENTED_EDGE('',*,*,#815,.F.);
#1097=ORIENTED_EDGE('',*,*,#701,.F.);
#1098=ORIENTED_EDGE('',*,*,#816,.T.);
#1099=ORIENTED_EDGE('',*,*,#817,.T.);
#1100=ORIENTED_EDGE('',*,*,#816,.F.);
#1101=ORIENTED_EDGE('',*,*,#817,.F.);
#1102=ORIENTED_EDGE('',*,*,#723,.T.);
#1103=ORIENTED_EDGE('',*,*,#818,.T.);
#1104=ORIENTED_EDGE('',*,*,#819,.T.);
#1105=ORIENTED_EDGE('',*,*,#820,.T.);
#1106=ORIENTED_EDGE('',*,*,#736,.F.);
#1107=ORIENTED_EDGE('',*,*,#821,.T.);
#1108=ORIENTED_EDGE('',*,*,#818,.F.);
#1109=ORIENTED_EDGE('',*,*,#722,.F.);
#1110=ORIENTED_EDGE('',*,*,#743,.F.);
#1111=ORIENTED_EDGE('',*,*,#738,.F.);
#1112=ORIENTED_EDGE('',*,*,#822,.T.);
#1113=ORIENTED_EDGE('',*,*,#823,.T.);
#1114=ORIENTED_EDGE('',*,*,#824,.T.);
#1115=ORIENTED_EDGE('',*,*,#825,.T.);
#1116=ORIENTED_EDGE('',*,*,#826,.T.);
#1117=ORIENTED_EDGE('',*,*,#730,.T.);
#1118=ORIENTED_EDGE('',*,*,#827,.T.);
#1119=ORIENTED_EDGE('',*,*,#823,.F.);
#1120=ORIENTED_EDGE('',*,*,#828,.T.);
#1121=ORIENTED_EDGE('',*,*,#829,.T.);
#1122=ORIENTED_EDGE('',*,*,#825,.F.);
#1123=ORIENTED_EDGE('',*,*,#830,.T.);
#1124=ORIENTED_EDGE('',*,*,#831,.T.);
#1125=ORIENTED_EDGE('',*,*,#832,.T.);
#1126=ORIENTED_EDGE('',*,*,#833,.T.);
#1127=ORIENTED_EDGE('',*,*,#725,.T.);
#1128=ORIENTED_EDGE('',*,*,#834,.T.);
#1129=ORIENTED_EDGE('',*,*,#831,.F.);
#1130=ORIENTED_EDGE('',*,*,#833,.F.);
#1131=ORIENTED_EDGE('',*,*,#830,.F.);
#1132=ORIENTED_EDGE('',*,*,#835,.F.);
#1133=ORIENTED_EDGE('',*,*,#836,.F.);
#1134=ORIENTED_EDGE('',*,*,#837,.T.);
#1135=ORIENTED_EDGE('',*,*,#726,.F.);
#1136=ORIENTED_EDGE('',*,*,#824,.F.);
#1137=ORIENTED_EDGE('',*,*,#827,.F.);
#1138=ORIENTED_EDGE('',*,*,#729,.F.);
#1139=ORIENTED_EDGE('',*,*,#838,.F.);
#1140=ORIENTED_EDGE('',*,*,#839,.T.);
#1141=ORIENTED_EDGE('',*,*,#840,.F.);
#1142=ORIENTED_EDGE('',*,*,#841,.F.);
#1143=ORIENTED_EDGE('',*,*,#842,.T.);
#1144=ORIENTED_EDGE('',*,*,#843,.T.);
#1145=ORIENTED_EDGE('',*,*,#835,.T.);
#1146=ORIENTED_EDGE('',*,*,#820,.F.);
#1147=ORIENTED_EDGE('',*,*,#844,.T.);
#1148=ORIENTED_EDGE('',*,*,#832,.F.);
#1149=ORIENTED_EDGE('',*,*,#834,.F.);
#1150=ORIENTED_EDGE('',*,*,#724,.T.);
#1151=ORIENTED_EDGE('',*,*,#826,.F.);
#1152=ORIENTED_EDGE('',*,*,#845,.T.);
#1153=ORIENTED_EDGE('',*,*,#711,.F.);
#1154=ORIENTED_EDGE('',*,*,#731,.T.);
#1155=ORIENTED_EDGE('',*,*,#679,.T.);
#1156=ORIENTED_EDGE('',*,*,#846,.T.);
#1157=ORIENTED_EDGE('',*,*,#733,.F.);
#1158=ORIENTED_EDGE('',*,*,#846,.F.);
#1159=ORIENTED_EDGE('',*,*,#680,.T.);
#1160=ORIENTED_EDGE('',*,*,#847,.T.);
#1161=ORIENTED_EDGE('',*,*,#732,.F.);
#1162=ORIENTED_EDGE('',*,*,#847,.F.);
#1163=ORIENTED_EDGE('',*,*,#829,.F.);
#1164=ORIENTED_EDGE('',*,*,#844,.F.);
#1165=ORIENTED_EDGE('',*,*,#819,.F.);
#1166=ORIENTED_EDGE('',*,*,#821,.F.);
#1167=ORIENTED_EDGE('',*,*,#735,.F.);
#1168=ORIENTED_EDGE('',*,*,#744,.F.);
#1169=ORIENTED_EDGE('',*,*,#712,.F.);
#1170=ORIENTED_EDGE('',*,*,#845,.F.);
#1171=ORIENTED_EDGE('',*,*,#828,.F.);
#1172=ORIENTED_EDGE('',*,*,#822,.F.);
#1173=ORIENTED_EDGE('',*,*,#709,.F.);
#1174=ORIENTED_EDGE('',*,*,#714,.T.);
#1175=ORIENTED_EDGE('',*,*,#749,.T.);
#1176=ORIENTED_EDGE('',*,*,#782,.T.);
#1177=ORIENTED_EDGE('',*,*,#785,.T.);
#1178=ORIENTED_EDGE('',*,*,#694,.F.);
#1179=ORIENTED_EDGE('',*,*,#728,.F.);
#1180=ORIENTED_EDGE('',*,*,#848,.F.);
#1181=ORIENTED_EDGE('',*,*,#849,.F.);
#1182=ORIENTED_EDGE('',*,*,#838,.T.);
#1183=ORIENTED_EDGE('',*,*,#849,.T.);
#1184=ORIENTED_EDGE('',*,*,#850,.F.);
#1185=ORIENTED_EDGE('',*,*,#851,.F.);
#1186=ORIENTED_EDGE('',*,*,#839,.F.);
#1187=ORIENTED_EDGE('',*,*,#836,.T.);
#1188=ORIENTED_EDGE('',*,*,#843,.F.);
#1189=ORIENTED_EDGE('',*,*,#852,.F.);
#1190=ORIENTED_EDGE('',*,*,#853,.F.);
#1191=ORIENTED_EDGE('',*,*,#854,.F.);
#1192=ORIENTED_EDGE('',*,*,#855,.T.);
#1193=ORIENTED_EDGE('',*,*,#852,.T.);
#1194=ORIENTED_EDGE('',*,*,#842,.F.);
#1195=ORIENTED_EDGE('',*,*,#856,.F.);
#1196=ORIENTED_EDGE('',*,*,#857,.T.);
#1197=ORIENTED_EDGE('',*,*,#850,.T.);
#1198=ORIENTED_EDGE('',*,*,#848,.T.);
#1199=ORIENTED_EDGE('',*,*,#727,.F.);
#1200=ORIENTED_EDGE('',*,*,#837,.F.);
#1201=ORIENTED_EDGE('',*,*,#853,.T.);
#1202=ORIENTED_EDGE('',*,*,#855,.F.);
#1203=ORIENTED_EDGE('',*,*,#858,.F.);
#1204=ORIENTED_EDGE('',*,*,#840,.T.);
#1205=ORIENTED_EDGE('',*,*,#851,.T.);
#1206=ORIENTED_EDGE('',*,*,#857,.F.);
#1207=ORIENTED_EDGE('',*,*,#811,.T.);
#1208=ORIENTED_EDGE('',*,*,#859,.F.);
#1209=ORIENTED_EDGE('',*,*,#860,.F.);
#1210=ORIENTED_EDGE('',*,*,#717,.T.);
#1211=ORIENTED_EDGE('',*,*,#813,.T.);
#1212=ORIENTED_EDGE('',*,*,#690,.F.);
#1213=ORIENTED_EDGE('',*,*,#861,.F.);
#1214=ORIENTED_EDGE('',*,*,#862,.F.);
#1215=ORIENTED_EDGE('',*,*,#859,.T.);
#1216=ORIENTED_EDGE('',*,*,#810,.F.);
#1217=ORIENTED_EDGE('',*,*,#854,.T.);
#1218=ORIENTED_EDGE('',*,*,#841,.T.);
#1219=ORIENTED_EDGE('',*,*,#858,.T.);
#1220=ORIENTED_EDGE('',*,*,#856,.T.);
#1221=ORIENTED_EDGE('',*,*,#863,.F.);
#1222=ORIENTED_EDGE('',*,*,#861,.T.);
#1223=ORIENTED_EDGE('',*,*,#689,.F.);
#1224=ORIENTED_EDGE('',*,*,#864,.F.);
#1225=ORIENTED_EDGE('',*,*,#865,.T.);
#1226=ORIENTED_EDGE('',*,*,#718,.T.);
#1227=ORIENTED_EDGE('',*,*,#860,.T.);
#1228=ORIENTED_EDGE('',*,*,#862,.T.);
#1229=ORIENTED_EDGE('',*,*,#863,.T.);
#1230=ORIENTED_EDGE('',*,*,#866,.T.);
#1231=ORIENTED_EDGE('',*,*,#867,.T.);
#1232=ORIENTED_EDGE('',*,*,#868,.T.);
#1233=ORIENTED_EDGE('',*,*,#809,.T.);
#1234=ORIENTED_EDGE('',*,*,#752,.F.);
#1235=ORIENTED_EDGE('',*,*,#869,.T.);
#1236=ORIENTED_EDGE('',*,*,#698,.F.);
#1237=ORIENTED_EDGE('',*,*,#870,.F.);
#1238=ORIENTED_EDGE('',*,*,#753,.F.);
#1239=ORIENTED_EDGE('',*,*,#870,.T.);
#1240=ORIENTED_EDGE('',*,*,#697,.F.);
#1241=ORIENTED_EDGE('',*,*,#790,.F.);
#1242=ORIENTED_EDGE('',*,*,#755,.F.);
#1243=ORIENTED_EDGE('',*,*,#719,.T.);
#1244=ORIENTED_EDGE('',*,*,#865,.F.);
#1245=ORIENTED_EDGE('',*,*,#871,.F.);
#1246=ORIENTED_EDGE('',*,*,#756,.F.);
#1247=ORIENTED_EDGE('',*,*,#871,.T.);
#1248=ORIENTED_EDGE('',*,*,#868,.F.);
#1249=ORIENTED_EDGE('',*,*,#872,.F.);
#1250=ORIENTED_EDGE('',*,*,#757,.F.);
#1251=ORIENTED_EDGE('',*,*,#872,.T.);
#1252=ORIENTED_EDGE('',*,*,#867,.F.);
#1253=ORIENTED_EDGE('',*,*,#873,.F.);
#1254=ORIENTED_EDGE('',*,*,#684,.F.);
#1255=ORIENTED_EDGE('',*,*,#758,.F.);
#1256=ORIENTED_EDGE('',*,*,#873,.T.);
#1257=ORIENTED_EDGE('',*,*,#866,.F.);
#1258=ORIENTED_EDGE('',*,*,#864,.T.);
#1259=ORIENTED_EDGE('',*,*,#688,.F.);
#1260=ORIENTED_EDGE('',*,*,#751,.T.);
#1261=ORIENTED_EDGE('',*,*,#686,.T.);
#1262=ORIENTED_EDGE('',*,*,#699,.F.);
#1263=ORIENTED_EDGE('',*,*,#869,.F.);
#1264=PLANE('',#1400);
#1265=PLANE('',#1402);
#1266=PLANE('',#1407);
#1267=PLANE('',#1408);
#1268=PLANE('',#1415);
#1269=PLANE('',#1416);
#1270=PLANE('',#1429);
#1271=PLANE('',#1430);
#1272=PLANE('',#1431);
#1273=PLANE('',#1434);
#1274=PLANE('',#1438);
#1275=PLANE('',#1444);
#1276=PLANE('',#1446);
#1277=PLANE('',#1451);
#1278=PLANE('',#1456);
#1279=PLANE('',#1457);
#1280=PLANE('',#1458);
#1281=PLANE('',#1459);
#1282=PLANE('',#1460);
#1283=PLANE('',#1461);
#1284=PLANE('',#1465);
#1285=PLANE('',#1469);
#1286=PLANE('',#1470);
#1287=PLANE('',#1473);
#1288=PLANE('',#1476);
#1289=PLANE('',#1479);
#1290=PLANE('',#1487);
#1291=PLANE('',#1488);
#1292=PLANE('',#1489);
#1293=PLANE('',#1490);
#1294=PLANE('',#1493);
#1295=PLANE('',#1494);
#1296=PLANE('',#1495);
#1297=PLANE('',#1496);
#1298=PLANE('',#1497);
#1299=PLANE('',#1498);
#1300=PLANE('',#1499);
#1301=PLANE('',#1500);
#1302=PLANE('',#1501);
#1303=PLANE('',#1502);
#1304=PLANE('',#1503);
#1305=PLANE('',#1504);
#1306=PLANE('',#1505);
#1307=PLANE('',#1506);
#1308=PLANE('',#1507);
#1309=PLANE('',#1508);
#1310=PLANE('',#1509);
#1311=PLANE('',#1510);
#1312=PLANE('',#1511);
#1313=ADVANCED_FACE('',(#364),#1264,.F.);
#1314=ADVANCED_FACE('',(#365),#1265,.F.);
#1315=ADVANCED_FACE('',(#366),#340,.T.);
#1316=ADVANCED_FACE('',(#367),#1266,.T.);
#1317=ADVANCED_FACE('',(#368,#28,#29,#30,#31),#1267,.T.);
#1318=ADVANCED_FACE('',(#369),#341,.T.);
#1319=ADVANCED_FACE('',(#370),#1268,.F.);
#1320=ADVANCED_FACE('',(#371,#32,#33),#1269,.T.);
#1321=ADVANCED_FACE('',(#372),#342,.T.);
#1322=ADVANCED_FACE('',(#373),#343,.T.);
#1323=ADVANCED_FACE('',(#374),#344,.T.);
#1324=ADVANCED_FACE('',(#375),#1270,.T.);
#1325=ADVANCED_FACE('',(#376),#1271,.T.);
#1326=ADVANCED_FACE('',(#377),#1272,.F.);
#1327=ADVANCED_FACE('',(#378),#345,.F.);
#1328=ADVANCED_FACE('',(#379),#1273,.T.);
#1329=ADVANCED_FACE('',(#380),#346,.T.);
#1330=ADVANCED_FACE('',(#381),#1274,.F.);
#1331=ADVANCED_FACE('',(#382),#347,.T.);
#1332=ADVANCED_FACE('',(#383),#1275,.F.);
#1333=ADVANCED_FACE('',(#384),#348,.T.);
#1334=ADVANCED_FACE('',(#385),#1276,.T.);
#1335=ADVANCED_FACE('',(#386),#349,.T.);
#1336=ADVANCED_FACE('',(#387),#350,.T.);
#1337=ADVANCED_FACE('',(#388),#1277,.T.);
#1338=ADVANCED_FACE('',(#389),#351,.T.);
#1339=ADVANCED_FACE('',(#390),#352,.T.);
#1340=ADVANCED_FACE('',(#391),#1278,.F.);
#1341=ADVANCED_FACE('',(#392),#1279,.F.);
#1342=ADVANCED_FACE('',(#393),#1280,.F.);
#1343=ADVANCED_FACE('',(#394),#1281,.F.);
#1344=ADVANCED_FACE('',(#395),#1282,.F.);
#1345=ADVANCED_FACE('',(#396),#1283,.F.);
#1346=ADVANCED_FACE('',(#397),#353,.F.);
#1347=ADVANCED_FACE('',(#398,#34),#1284,.T.);
#1348=ADVANCED_FACE('',(#399),#354,.F.);
#1349=ADVANCED_FACE('',(#400,#35),#1285,.T.);
#1350=ADVANCED_FACE('',(#401),#1286,.F.);
#1351=ADVANCED_FACE('',(#402),#355,.F.);
#1352=ADVANCED_FACE('',(#403),#1287,.T.);
#1353=ADVANCED_FACE('',(#404),#356,.F.);
#1354=ADVANCED_FACE('',(#405),#1288,.T.);
#1355=ADVANCED_FACE('',(#406),#357,.T.);
#1356=ADVANCED_FACE('',(#407),#1289,.F.);
#1357=ADVANCED_FACE('',(#408),#358,.T.);
#1358=ADVANCED_FACE('',(#409),#359,.T.);
#1359=ADVANCED_FACE('',(#410),#360,.T.);
#1360=ADVANCED_FACE('',(#411),#361,.T.);
#1361=ADVANCED_FACE('',(#412),#1290,.F.);
#1362=ADVANCED_FACE('',(#413),#1291,.F.);
#1363=ADVANCED_FACE('',(#414),#1292,.T.);
#1364=ADVANCED_FACE('',(#415),#1293,.T.);
#1365=ADVANCED_FACE('',(#416),#362,.F.);
#1366=ADVANCED_FACE('',(#417),#363,.F.);
#1367=ADVANCED_FACE('',(#418),#1294,.F.);
#1368=ADVANCED_FACE('',(#419),#1295,.T.);
#1369=ADVANCED_FACE('',(#420),#1296,.F.);
#1370=ADVANCED_FACE('',(#421),#1297,.F.);
#1371=ADVANCED_FACE('',(#422),#1298,.F.);
#1372=ADVANCED_FACE('',(#423),#1299,.F.);
#1373=ADVANCED_FACE('',(#424),#1300,.F.);
#1374=ADVANCED_FACE('',(#425),#1301,.F.);
#1375=ADVANCED_FACE('',(#426),#1302,.T.);
#1376=ADVANCED_FACE('',(#427,#36),#1303,.T.);
#1377=ADVANCED_FACE('',(#428),#1304,.T.);
#1378=ADVANCED_FACE('',(#429,#37),#1305,.F.);
#1379=ADVANCED_FACE('',(#430),#1306,.T.);
#1380=ADVANCED_FACE('',(#431),#1307,.T.);
#1381=ADVANCED_FACE('',(#432),#1308,.T.);
#1382=ADVANCED_FACE('',(#433),#1309,.T.);
#1383=ADVANCED_FACE('',(#434),#1310,.T.);
#1384=ADVANCED_FACE('',(#435),#1311,.T.);
#1385=ADVANCED_FACE('',(#436),#1312,.T.);
#1386=CLOSED_SHELL('',(#1313,#1314,#1315,#1316,#1317,#1318,#1319,#1320,
#1321,#1322,#1323,#1324,#1325,#1326,#1327,#1328,#1329,#1330,#1331,#1332,
#1333,#1334,#1335,#1336,#1337,#1338,#1339,#1340,#1341,#1342,#1343,#1344,
#1345,#1346,#1347,#1348,#1349,#1350,#1351,#1352,#1353,#1354,#1355,#1356,
#1357,#1358,#1359,#1360,#1361,#1362,#1363,#1364,#1365,#1366,#1367,#1368,
#1369,#1370,#1371,#1372,#1373,#1374,#1375,#1376,#1377,#1378,#1379,#1380,
#1381,#1382,#1383,#1384,#1385));
#1387=DERIVED_UNIT_ELEMENT(#1389,1.);
#1388=DERIVED_UNIT_ELEMENT(#2340,-3.);
#1389=(
MASS_UNIT()
NAMED_UNIT(*)
SI_UNIT(.KILO.,.GRAM.)
);
#1390=DERIVED_UNIT((#1387,#1388));
#1391=MEASURE_REPRESENTATION_ITEM('density measure',
POSITIVE_RATIO_MEASURE(7850.),#1390);
#1392=PROPERTY_DEFINITION_REPRESENTATION(#1397,#1394);
#1393=PROPERTY_DEFINITION_REPRESENTATION(#1398,#1395);
#1394=REPRESENTATION('material name',(#1396),#2337);
#1395=REPRESENTATION('density',(#1391),#2337);
#1396=DESCRIPTIVE_REPRESENTATION_ITEM('Steel','Steel');
#1397=PROPERTY_DEFINITION('material property','material name',#2347);
#1398=PROPERTY_DEFINITION('material property','density of part',#2347);
#1399=AXIS2_PLACEMENT_3D('',#1889,#1512,#1513);
#1400=AXIS2_PLACEMENT_3D('',#1890,#1514,#1515);
#1401=AXIS2_PLACEMENT_3D('',#1892,#1516,#1517);
#1402=AXIS2_PLACEMENT_3D('',#1893,#1518,#1519);
#1403=AXIS2_PLACEMENT_3D('',#1895,#1520,#1521);
#1404=AXIS2_PLACEMENT_3D('',#1896,#1522,#1523);
#1405=AXIS2_PLACEMENT_3D('',#1899,#1524,#1525);
#1406=AXIS2_PLACEMENT_3D('',#1903,#1527,#1528);
#1407=AXIS2_PLACEMENT_3D('',#1905,#1530,#1531);
#1408=AXIS2_PLACEMENT_3D('',#1911,#1535,#1536);
#1409=AXIS2_PLACEMENT_3D('',#1923,#1542,#1543);
#1410=AXIS2_PLACEMENT_3D('',#1936,#1550,#1551);
#1411=AXIS2_PLACEMENT_3D('',#1938,#1552,#1553);
#1412=AXIS2_PLACEMENT_3D('',#1948,#1558,#1559);
#1413=AXIS2_PLACEMENT_3D('',#1949,#1560,#1561);
#1414=AXIS2_PLACEMENT_3D('',#1953,#1563,#1564);
#1415=AXIS2_PLACEMENT_3D('',#1955,#1566,#1567);
#1416=AXIS2_PLACEMENT_3D('',#1965,#1573,#1574);
#1417=AXIS2_PLACEMENT_3D('',#1983,#1583,#1584);
#1418=AXIS2_PLACEMENT_3D('',#1987,#1586,#1587);
#1419=AXIS2_PLACEMENT_3D('',#1997,#1592,#1593);
#1420=AXIS2_PLACEMENT_3D('',#2000,#1595,#1596);
#1421=AXIS2_PLACEMENT_3D('',#2002,#1597,#1598);
#1422=AXIS2_PLACEMENT_3D('',#2003,#1599,#1600);
#1423=AXIS2_PLACEMENT_3D('',#2008,#1602,#1603);
#1424=AXIS2_PLACEMENT_3D('',#2011,#1605,#1606);
#1425=AXIS2_PLACEMENT_3D('',#2012,#1607,#1608);
#1426=AXIS2_PLACEMENT_3D('',#2033,#1611,#1612);
#1427=AXIS2_PLACEMENT_3D('',#2035,#1613,#1614);
#1428=AXIS2_PLACEMENT_3D('',#2037,#1616,#1617);
#1429=AXIS2_PLACEMENT_3D('',#2038,#1618,#1619);
#1430=AXIS2_PLACEMENT_3D('',#2049,#1626,#1627);
#1431=AXIS2_PLACEMENT_3D('',#2051,#1629,#1630);
#1432=AXIS2_PLACEMENT_3D('',#2066,#1639,#1640);
#1433=AXIS2_PLACEMENT_3D('',#2069,#1642,#1643);
#1434=AXIS2_PLACEMENT_3D('',#2070,#1644,#1645);
#1435=AXIS2_PLACEMENT_3D('',#2071,#1646,#1647);
#1436=AXIS2_PLACEMENT_3D('',#2074,#1648,#1649);
#1437=AXIS2_PLACEMENT_3D('',#2078,#1651,#1652);
#1438=AXIS2_PLACEMENT_3D('',#2080,#1654,#1655);
#1439=AXIS2_PLACEMENT_3D('',#2086,#1658,#1659);
#1440=AXIS2_PLACEMENT_3D('',#2090,#1661,#1662);
#1441=AXIS2_PLACEMENT_3D('',#2094,#1664,#1665);
#1442=AXIS2_PLACEMENT_3D('',#2096,#1667,#1668);
#1443=AXIS2_PLACEMENT_3D('',#2100,#1670,#1671);
#1444=AXIS2_PLACEMENT_3D('',#2102,#1673,#1674);
#1445=AXIS2_PLACEMENT_3D('',#2108,#1678,#1679);
#1446=AXIS2_PLACEMENT_3D('',#2134,#1682,#1683);
#1447=AXIS2_PLACEMENT_3D('',#2139,#1687,#1688);
#1448=AXIS2_PLACEMENT_3D('',#2140,#1689,#1690);
#1449=AXIS2_PLACEMENT_3D('',#2141,#1691,#1692);
#1450=AXIS2_PLACEMENT_3D('',#2142,#1693,#1694);
#1451=AXIS2_PLACEMENT_3D('',#2144,#1696,#1697);
#1452=AXIS2_PLACEMENT_3D('',#2147,#1700,#1701);
#1453=AXIS2_PLACEMENT_3D('',#2151,#1703,#1704);
#1454=AXIS2_PLACEMENT_3D('',#2152,#1705,#1706);
#1455=AXIS2_PLACEMENT_3D('',#2153,#1707,#1708);
#1456=AXIS2_PLACEMENT_3D('',#2155,#1710,#1711);
#1457=AXIS2_PLACEMENT_3D('',#2159,#1714,#1715);
#1458=AXIS2_PLACEMENT_3D('',#2162,#1718,#1719);
#1459=AXIS2_PLACEMENT_3D('',#2166,#1722,#1723);
#1460=AXIS2_PLACEMENT_3D('',#2170,#1726,#1727);
#1461=AXIS2_PLACEMENT_3D('',#2172,#1729,#1730);
#1462=AXIS2_PLACEMENT_3D('',#2173,#1731,#1732);
#1463=AXIS2_PLACEMENT_3D('',#2175,#1733,#1734);
#1464=AXIS2_PLACEMENT_3D('',#2178,#1736,#1737);
#1465=AXIS2_PLACEMENT_3D('',#2179,#1738,#1739);
#1466=AXIS2_PLACEMENT_3D('',#2181,#1740,#1741);
#1467=AXIS2_PLACEMENT_3D('',#2182,#1742,#1743);
#1468=AXIS2_PLACEMENT_3D('',#2185,#1745,#1746);
#1469=AXIS2_PLACEMENT_3D('',#2186,#1747,#1748);
#1470=AXIS2_PLACEMENT_3D('',#2192,#1752,#1753);
#1471=AXIS2_PLACEMENT_3D('',#2194,#1755,#1756);
#1472=AXIS2_PLACEMENT_3D('',#2197,#1758,#1759);
#1473=AXIS2_PLACEMENT_3D('',#2198,#1760,#1761);
#1474=AXIS2_PLACEMENT_3D('',#2199,#1762,#1763);
#1475=AXIS2_PLACEMENT_3D('',#2202,#1765,#1766);
#1476=AXIS2_PLACEMENT_3D('',#2203,#1767,#1768);
#1477=AXIS2_PLACEMENT_3D('',#2204,#1769,#1770);
#1478=AXIS2_PLACEMENT_3D('',#2208,#1772,#1773);
#1479=AXIS2_PLACEMENT_3D('',#2210,#1775,#1776);
#1480=AXIS2_PLACEMENT_3D('',#2212,#1778,#1779);
#1481=AXIS2_PLACEMENT_3D('',#2229,#1782,#1783);
#1482=AXIS2_PLACEMENT_3D('',#2230,#1784,#1785);
#1483=AXIS2_PLACEMENT_3D('',#2234,#1788,#1789);
#1484=AXIS2_PLACEMENT_3D('',#2235,#1790,#1791);
#1485=AXIS2_PLACEMENT_3D('',#2249,#1794,#1795);
#1486=AXIS2_PLACEMENT_3D('',#2250,#1796,#1797);
#1487=AXIS2_PLACEMENT_3D('',#2253,#1800,#1801);
#1488=AXIS2_PLACEMENT_3D('',#2259,#1805,#1806);
#1489=AXIS2_PLACEMENT_3D('',#2271,#1813,#1814);
#1490=AXIS2_PLACEMENT_3D('',#2273,#1816,#1817);
#1491=AXIS2_PLACEMENT_3D('',#2275,#1819,#1820);
#1492=AXIS2_PLACEMENT_3D('',#2277,#1822,#1823);
#1493=AXIS2_PLACEMENT_3D('',#2279,#1825,#1826);
#1494=AXIS2_PLACEMENT_3D('',#2280,#1827,#1828);
#1495=AXIS2_PLACEMENT_3D('',#2281,#1829,#1830);
#1496=AXIS2_PLACEMENT_3D('',#2285,#1833,#1834);
#1497=AXIS2_PLACEMENT_3D('',#2289,#1837,#1838);
#1498=AXIS2_PLACEMENT_3D('',#2293,#1841,#1842);
#1499=AXIS2_PLACEMENT_3D('',#2297,#1845,#1846);
#1500=AXIS2_PLACEMENT_3D('',#2301,#1849,#1850);
#1501=AXIS2_PLACEMENT_3D('',#2303,#1852,#1853);
#1502=AXIS2_PLACEMENT_3D('',#2307,#1856,#1857);
#1503=AXIS2_PLACEMENT_3D('',#2311,#1860,#1861);
#1504=AXIS2_PLACEMENT_3D('',#2315,#1864,#1865);
#1505=AXIS2_PLACEMENT_3D('',#2323,#1870,#1871);
#1506=AXIS2_PLACEMENT_3D('',#2326,#1874,#1875);
#1507=AXIS2_PLACEMENT_3D('',#2327,#1876,#1877);
#1508=AXIS2_PLACEMENT_3D('',#2329,#1879,#1880);
#1509=AXIS2_PLACEMENT_3D('',#2331,#1882,#1883);
#1510=AXIS2_PLACEMENT_3D('',#2333,#1885,#1886);
#1511=AXIS2_PLACEMENT_3D('',#2334,#1887,#1888);
#1512=DIRECTION('axis',(0.,0.,1.));
#1513=DIRECTION('refdir',(1.,0.,0.));
#1514=DIRECTION('center_axis',(1.7265796333761E-15,1.00445652492004E-15,
1.));
#1515=DIRECTION('ref_axis',(1.,-1.31838984174238E-15,-1.7265796333761E-15));
#1516=DIRECTION('center_axis',(1.7265796333761E-15,1.00445652492004E-15,
1.));
#1517=DIRECTION('ref_axis',(1.,-1.31838984174238E-15,-4.22942104619107E-16));
#1518=DIRECTION('center_axis',(1.7265796333761E-15,1.00445652492004E-15,
1.));
#1519=DIRECTION('ref_axis',(1.,-1.31838984174238E-15,-1.7265796333761E-15));
#1520=DIRECTION('center_axis',(1.7265796333761E-15,1.00445652492004E-15,
1.));
#1521=DIRECTION('ref_axis',(1.,-1.31838984174238E-15,-4.22942104619107E-16));
#1522=DIRECTION('center_axis',(0.,1.,0.));
#1523=DIRECTION('ref_axis',(0.922408218512783,0.,-0.386216362185853));
#1524=DIRECTION('center_axis',(-1.33226762955019E-15,-1.,-1.03620815631681E-15));
#1525=DIRECTION('ref_axis',(0.922408218512783,0.,-0.386216362185853));
#1526=DIRECTION('',(0.,-1.,0.));
#1527=DIRECTION('center_axis',(1.21087825833862E-15,1.,1.00445650866079E-15));
#1528=DIRECTION('ref_axis',(0.922408218512783,0.,-0.386216362185853));
#1529=DIRECTION('',(0.,1.,0.));
#1530=DIRECTION('center_axis',(0.712498293208675,0.,0.701673843159858));
#1531=DIRECTION('ref_axis',(0.701673843159858,-2.09406119015131E-16,-0.712498293208675));
#1532=DIRECTION('',(0.701673843159858,-2.0940611901513E-16,-0.712498293208676));
#1533=DIRECTION('',(0.,1.,0.));
#1534=DIRECTION('',(-0.701673843159858,2.09406119015131E-16,0.712498293208675));
#1535=DIRECTION('center_axis',(1.33226762955019E-15,1.,1.03620815631681E-15));
#1536=DIRECTION('ref_axis',(0.,-1.03620815631681E-15,1.));
#1537=DIRECTION('',(-1.,1.31838984174238E-15,-5.02898827078395E-30));
#1538=DIRECTION('',(-6.31088724176809E-30,-1.00445650866079E-15,1.));
#1539=DIRECTION('',(1.,-1.31838984174238E-15,5.02898827078395E-30));
#1540=DIRECTION('',(7.59756989171488E-30,1.03620815631681E-15,-1.));
#1541=DIRECTION('',(-1.,1.31838984174238E-15,-5.02898827078395E-30));
#1542=DIRECTION('center_axis',(-1.33226762955019E-15,-1.,-1.03620815631681E-15));
#1543=DIRECTION('ref_axis',(-0.922408218512791,0.,-0.386216362185834));
#1544=DIRECTION('',(0.701673843159865,-1.64075321506146E-15,0.712498293208668));
#1545=DIRECTION('',(-2.30493291524381E-15,-1.00445650866079E-15,1.));
#1546=DIRECTION('',(-0.701673843159861,2.09406119015136E-16,0.712498293208672));
#1547=DIRECTION('',(-1.,1.31838984174238E-15,-5.02898827078395E-30));
#1548=DIRECTION('',(-0.701673843159859,1.64075321506146E-15,-0.712498293208674));
#1549=DIRECTION('',(4.60986583048766E-15,1.00445650866079E-15,-1.));
#1550=DIRECTION('center_axis',(-1.33226762955019E-15,-1.,-1.03620815631681E-15));
#1551=DIRECTION('ref_axis',(-1.,2.66453525910038E-15,-5.00433636749583E-30));
#1552=DIRECTION('center_axis',(-1.33226762955019E-15,-1.,-1.03620815631681E-15));
#1553=DIRECTION('ref_axis',(-1.,2.66453525910038E-15,-5.00433636749583E-30));
#1554=DIRECTION('',(-5.99172402157915E-30,-1.03620815631681E-15,1.));
#1555=DIRECTION('',(-1.,1.33226762955019E-15,-5.02898827078395E-30));
#1556=DIRECTION('',(5.99172402157915E-30,1.03620815631681E-15,-1.));
#1557=DIRECTION('',(1.,-1.33226762955019E-15,5.02898827078395E-30));
#1558=DIRECTION('center_axis',(-1.33226762955019E-15,-1.,-1.03620815631681E-15));
#1559=DIRECTION('ref_axis',(-1.,1.77635683940025E-15,-6.58205817793786E-30));
#1560=DIRECTION('center_axis',(0.,1.,0.));
#1561=DIRECTION('ref_axis',(-0.922408218512791,0.,-0.386216362185834));
#1562=DIRECTION('',(0.,-1.,0.));
#1563=DIRECTION('center_axis',(1.86902360047427E-15,1.,-1.11022302462516E-15));
#1564=DIRECTION('ref_axis',(-0.922408218512791,0.,-0.386216362185834));
#1565=DIRECTION('',(0.,1.,0.));
#1566=DIRECTION('center_axis',(1.86902360047427E-15,1.,-1.11022302462516E-15));
#1567=DIRECTION('ref_axis',(-1.,1.86902360047427E-15,6.16356608750925E-16));
#1568=DIRECTION('',(-1.,1.86902360047427E-15,-5.02898827078395E-30));
#1569=DIRECTION('',(0.,1.11022302462516E-15,1.));
#1570=DIRECTION('',(-1.,1.86902360047427E-15,6.16356608750925E-16));
#1571=DIRECTION('',(-2.84109866749838E-15,1.11022302462516E-15,1.));
#1572=DIRECTION('',(0.701673843159865,-5.20412962574882E-16,0.712498293208668));
#1573=DIRECTION('center_axis',(5.02898827078395E-30,0.,-1.));
#1574=DIRECTION('ref_axis',(-1.,1.31838984174238E-15,-5.02898827078395E-30));
#1575=DIRECTION('',(-2.8421709430404E-15,-1.,-1.42932443361131E-44));
#1576=DIRECTION('',(-0.913811548620256,0.40613846605345,-4.59554755971819E-30));
#1577=DIRECTION('',(1.33226762955019E-15,1.,1.03620815631681E-15));
#1578=DIRECTION('',(1.,-1.31838984174238E-15,5.02898827078395E-30));
#1579=DIRECTION('',(0.,1.,0.));
#1580=DIRECTION('',(1.,-1.31838984174238E-15,5.02898827078395E-30));
#1581=DIRECTION('',(0.,-1.,0.));
#1582=DIRECTION('',(1.,-2.14434047984022E-15,5.02898827078395E-30));
#1583=DIRECTION('center_axis',(-5.02898827078395E-30,0.,1.));
#1584=DIRECTION('ref_axis',(0.382683432365095,0.923879532511284,-3.2045246465048E-15));
#1585=DIRECTION('',(-0.707106781186544,0.707106781186551,-3.55603170877892E-30));
#1586=DIRECTION('center_axis',(-5.02898827078395E-30,0.,1.));
#1587=DIRECTION('ref_axis',(0.923879532511288,0.382683432365086,0.));
#1588=DIRECTION('',(-1.31838984174238E-15,-1.,-6.63016705044312E-45));
#1589=DIRECTION('',(1.,-1.31838984174238E-15,5.02898827078395E-30));
#1590=DIRECTION('',(1.31838984174238E-15,1.,6.63016705044312E-45));
#1591=DIRECTION('',(-1.,1.31838984174238E-15,-5.02898827078395E-30));
#1592=DIRECTION('center_axis',(-5.02898827078395E-30,0.,1.));
#1593=DIRECTION('ref_axis',(-0.382683432365095,-0.923879532511285,0.));
#1594=DIRECTION('',(0.707106781186543,-0.707106781186552,3.55603170877892E-30));
#1595=DIRECTION('center_axis',(-5.02898827078395E-30,0.,1.));
#1596=DIRECTION('ref_axis',(1.,-1.31838984174238E-15,-4.22942104619107E-16));
#1597=DIRECTION('center_axis',(-5.02898827078395E-30,0.,1.));
#1598=DIRECTION('ref_axis',(1.,-1.31838984174238E-15,-4.22942104619107E-16));
#1599=DIRECTION('center_axis',(2.84109866749838E-15,-1.11022302462516E-15,
-1.));
#1600=DIRECTION('ref_axis',(-0.707106781186548,0.707106781186548,0.));
#1601=DIRECTION('',(-2.84109866749838E-15,1.11022302462516E-15,1.));
#1602=DIRECTION('center_axis',(0.,1.11022302462516E-15,1.));
#1603=DIRECTION('ref_axis',(-0.707106781186548,0.707106781186548,0.));
#1604=DIRECTION('',(2.84109866749838E-15,-1.11022302462516E-15,-1.));
#1605=DIRECTION('center_axis',(0.379144897625785,0.,0.925337315039404));
#1606=DIRECTION('ref_axis',(-0.925337315039404,2.92822884226426E-15,0.379144897625785));
#1607=DIRECTION('center_axis',(-0.701673843159865,7.13595615406369E-16,
-0.712498293208668));
#1608=DIRECTION('ref_axis',(-0.503812374711693,0.707106781186545,0.496158332679568));
#1609=DIRECTION('',(-0.701673843159865,7.13595615406369E-16,-0.712498293208668));
#1610=DIRECTION('',(0.701673843159865,-7.13595615406369E-16,0.712498293208668));
#1611=DIRECTION('center_axis',(0.,1.,0.));
#1612=DIRECTION('ref_axis',(-0.922408218512791,0.,-0.386216362185834));
#1613=DIRECTION('center_axis',(1.21087825833862E-15,1.,1.00445650866079E-15));
#1614=DIRECTION('ref_axis',(-0.922408218512791,0.,-0.386216362185834));
#1615=DIRECTION('',(0.,1.,0.));
#1616=DIRECTION('center_axis',(-2.14434047984022E-15,-1.,1.11022302462516E-15));
#1617=DIRECTION('ref_axis',(-0.922408218512791,0.,-0.386216362185834));
#1618=DIRECTION('center_axis',(-1.,0.,-2.84109866749838E-15));
#1619=DIRECTION('ref_axis',(-2.84109866749838E-15,-1.00445650866079E-15,
1.));
#1620=DIRECTION('',(-3.15425315588855E-30,-1.,1.11022302462516E-15));
#1621=DIRECTION('',(0.,1.,0.));
#1622=DIRECTION('',(2.84109866749838E-15,1.00445650866079E-15,-1.));
#1623=DIRECTION('',(0.,1.,0.));
#1624=DIRECTION('',(2.84109866749838E-15,2.08983157576499E-15,-1.));
#1625=DIRECTION('',(0.,1.,0.));
#1626=DIRECTION('center_axis',(-0.712498293208668,0.,0.701673843159865));
#1627=DIRECTION('ref_axis',(0.701673843159865,-1.64075321506145E-15,0.712498293208668));
#1628=DIRECTION('',(-0.701673843159865,1.64075321506145E-15,-0.712498293208668));
#1629=DIRECTION('center_axis',(1.21087825833862E-15,1.,1.00445650866079E-15));
#1630=DIRECTION('ref_axis',(-1.,1.21087825833862E-15,-5.13697898049028E-30));
#1631=DIRECTION('',(3.78813155666451E-15,1.00445650866079E-15,-1.));
#1632=DIRECTION('',(0.701673843159862,-1.64075321506145E-15,0.712498293208671));
#1633=DIRECTION('',(1.,-1.31838984174238E-15,5.02898827078395E-30));
#1634=DIRECTION('',(0.701673843159858,-2.09406119015131E-16,-0.712498293208675));
#1635=DIRECTION('',(-6.31088724176809E-30,-1.00445650866079E-15,1.));
#1636=DIRECTION('',(-1.,1.31838984174238E-15,-5.02898827078395E-30));
#1637=DIRECTION('',(6.31088724176809E-30,1.00445650866079E-15,-1.));
#1638=DIRECTION('',(1.,-1.31838984174238E-15,5.02898827078395E-30));
#1639=DIRECTION('center_axis',(-1.77635683940025E-15,-1.,-1.77635683940025E-15));
#1640=DIRECTION('ref_axis',(-1.,1.77635683940025E-15,-6.58205817793786E-30));
#1641=DIRECTION('',(-1.77635683940025E-15,-1.,-1.77635683940025E-15));
#1642=DIRECTION('center_axis',(-2.65065747129258E-15,-1.,-2.04066466497761E-15));
#1643=DIRECTION('ref_axis',(-1.,2.65065747129258E-15,-5.02898827078395E-30));
#1644=DIRECTION('center_axis',(2.65065747129258E-15,1.,2.04066466497761E-15));
#1645=DIRECTION('ref_axis',(-1.,2.65065747129258E-15,-5.02898827078395E-30));
#1646=DIRECTION('center_axis',(-1.,4.44089209850062E-15,-1.2876994188167E-30));
#1647=DIRECTION('ref_axis',(3.58878276270577E-15,0.707106781186549,-0.707106781186546));
#1648=DIRECTION('center_axis',(1.,-4.44089209850062E-15,1.39003540778992E-30));
#1649=DIRECTION('ref_axis',(3.58878276270577E-15,0.707106781186549,-0.707106781186546));
#1650=DIRECTION('',(-1.,4.44089209850062E-15,-1.2876994188167E-30));
#1651=DIRECTION('center_axis',(-1.,4.44089209850062E-15,-1.39003540778992E-30));
#1652=DIRECTION('ref_axis',(3.58878276270577E-15,0.707106781186549,-0.707106781186546));
#1653=DIRECTION('',(1.,-4.44089209850062E-15,1.2876994188167E-30));
#1654=DIRECTION('center_axis',(-1.05684159508286E-29,-2.089831575765E-15,
1.));
#1655=DIRECTION('ref_axis',(-1.,2.65065747129258E-15,-5.02898827078395E-30));
#1656=DIRECTION('',(-2.61228946970625E-15,-1.,-2.089831575765E-15));
#1657=DIRECTION('',(-1.,1.31838984174238E-15,6.1635660875092E-16));
#1658=DIRECTION('center_axis',(-1.05684159508286E-29,-2.089831575765E-15,
1.));
#1659=DIRECTION('ref_axis',(-1.,2.70269270126519E-15,5.85481300571897E-31));
#1660=DIRECTION('',(1.06888576499812E-15,-1.,-1.08537505084496E-15));
#1661=DIRECTION('center_axis',(-1.05684159508286E-29,-2.089831575765E-15,
1.));
#1662=DIRECTION('ref_axis',(-1.,3.49372471139159E-15,1.92037866587582E-29));
#1663=DIRECTION('',(1.,-1.31838984174238E-15,-6.1635660875092E-16));
#1664=DIRECTION('center_axis',(-1.05684159508286E-29,-2.089831575765E-15,
1.));
#1665=DIRECTION('ref_axis',(0.707106781186546,-0.707106781186549,0.));
#1666=DIRECTION('',(-2.61228946970625E-15,-1.,-2.089831575765E-15));
#1667=DIRECTION('center_axis',(1.39003540778992E-30,-1.83260856129245E-45,
-1.));
#1668=DIRECTION('ref_axis',(0.707106781186546,-0.707106781186549,0.));
#1669=DIRECTION('',(1.39003540778992E-30,-1.83260856129245E-45,-1.));
#1670=DIRECTION('center_axis',(5.02898827078395E-30,-2.23331942751768E-44,
-1.));
#1671=DIRECTION('ref_axis',(0.707106781186546,-0.707106781186549,0.));
#1672=DIRECTION('',(-1.39003540778992E-30,1.83260856129245E-45,1.));
#1673=DIRECTION('center_axis',(1.31838984174238E-15,1.,0.));
#1674=DIRECTION('ref_axis',(1.,-1.31838984174238E-15,-6.1635660875092E-16));
#1675=DIRECTION('',(-0.701673843159858,9.25079667038291E-16,0.712498293208675));
#1676=DIRECTION('',(-2.84109866749838E-15,3.74567562261767E-30,1.));
#1677=DIRECTION('',(1.,-1.31838984174238E-15,-6.1635660875092E-16));
#1678=DIRECTION('center_axis',(1.12313372059003E-73,1.,-2.23331942751768E-44));
#1679=DIRECTION('ref_axis',(-0.789066476850037,0.,0.614307817882428));
#1680=DIRECTION('',(1.12313372059003E-73,1.,-2.23331942751768E-44));
#1681=DIRECTION('',(0.,1.,0.));
#1682=DIRECTION('center_axis',(-1.,0.,-2.84109866749838E-15));
#1683=DIRECTION('ref_axis',(-2.84109866749838E-15,-1.00445650866079E-15,
1.));
#1684=DIRECTION('',(-2.84109866749838E-15,3.74567562261767E-30,1.));
#1685=DIRECTION('',(0.,1.,0.));
#1686=DIRECTION('',(0.,1.,0.));
#1687=DIRECTION('center_axis',(-2.84109866749838E-15,3.74567562261767E-30,
1.));
#1688=DIRECTION('ref_axis',(-0.707106781186548,-0.707106781186548,0.));
#1689=DIRECTION('center_axis',(5.02898827078395E-30,-2.23331942751768E-44,
-1.));
#1690=DIRECTION('ref_axis',(-0.707106781186548,-0.707106781186548,0.));
#1691=DIRECTION('center_axis',(0.379144897625764,0.,-0.925337315039413));
#1692=DIRECTION('ref_axis',(-0.925337315039413,-9.87927213599187E-30,-0.379144897625764));
#1693=DIRECTION('center_axis',(-0.701673843159858,9.25079667038291E-16,
0.712498293208675));
#1694=DIRECTION('ref_axis',(-0.503812374711691,-0.707106781186554,-0.496158332679557));
#1695=DIRECTION('',(0.701673843159858,-9.25079667038291E-16,-0.712498293208675));
#1696=DIRECTION('center_axis',(-0.712498293208675,0.,-0.701673843159858));
#1697=DIRECTION('ref_axis',(-0.701673843159858,2.09406119015131E-16,0.712498293208675));
#1698=DIRECTION('',(-0.701673843159858,3.43973760828653E-16,0.712498293208675));
#1699=DIRECTION('',(0.,1.,0.));
#1700=DIRECTION('center_axis',(2.84109866749838E-15,2.08983157576499E-15,
-1.));
#1701=DIRECTION('ref_axis',(-0.707106781186548,0.707106781186548,0.));
#1702=DIRECTION('',(2.84109866749838E-15,2.08983157576499E-15,-1.));
#1703=DIRECTION('center_axis',(5.02898827078395E-30,-2.23331942751768E-44,
-1.));
#1704=DIRECTION('ref_axis',(-0.707106781186548,0.707106781186548,0.));
#1705=DIRECTION('center_axis',(0.379144897625769,0.,-0.925337315039411));
#1706=DIRECTION('ref_axis',(0.925337315039411,-5.51196017367417E-15,0.379144897625769));
#1707=DIRECTION('center_axis',(0.701673843159858,-3.43973760828653E-16,
-0.712498293208675));
#1708=DIRECTION('ref_axis',(-0.503812374711694,0.70710678118655,-0.49615833267956));
#1709=DIRECTION('',(0.701673843159858,-3.43973760828653E-16,-0.712498293208675));
#1710=DIRECTION('center_axis',(-2.61228946970625E-15,-1.,-2.089831575765E-15));
#1711=DIRECTION('ref_axis',(0.,2.089831575765E-15,-1.));
#1712=DIRECTION('',(-1.04524069941784E-29,-2.04066466497761E-15,1.));
#1713=DIRECTION('',(1.,-2.65065747129258E-15,5.02898827078395E-30));
#1714=DIRECTION('center_axis',(5.02898827078395E-30,-2.23331942751768E-44,
-1.));
#1715=DIRECTION('ref_axis',(1.,-2.65065747129258E-15,5.02898827078395E-30));
#1716=DIRECTION('',(-4.44089209850062E-15,-1.,0.));
#1717=DIRECTION('',(-4.44089209850062E-15,-1.,0.));
#1718=DIRECTION('center_axis',(1.,-4.44089209850062E-15,1.39003540778992E-30));
#1719=DIRECTION('ref_axis',(-1.04524069941784E-29,-2.04066466497761E-15,
1.));
#1720=DIRECTION('',(-1.04524069941784E-29,-2.04066466497761E-15,1.));
#1721=DIRECTION('',(-4.44089209850062E-15,-1.,0.));
#1722=DIRECTION('center_axis',(-4.44089209850062E-15,-1.,0.));
#1723=DIRECTION('ref_axis',(0.,0.,-1.));
#1724=DIRECTION('',(1.04524069941784E-29,2.04066466497761E-15,-1.));
#1725=DIRECTION('',(-1.,2.65065747129258E-15,-5.02898827078395E-30));
#1726=DIRECTION('center_axis',(-1.,4.44089209850062E-15,-1.39003540778992E-30));
#1727=DIRECTION('ref_axis',(1.04524069941784E-29,2.04066466497761E-15,-1.));
#1728=DIRECTION('',(-4.44089209850062E-15,-1.,0.));
#1729=DIRECTION('center_axis',(-5.02898827078395E-30,2.23331942751768E-44,
1.));
#1730=DIRECTION('ref_axis',(-1.,2.65065747129258E-15,-5.02898827078395E-30));
#1731=DIRECTION('center_axis',(-2.75938926508777E-15,-1.,-2.06954194881583E-15));
#1732=DIRECTION('ref_axis',(-1.,2.75938926508777E-15,-4.80396326235482E-30));
#1733=DIRECTION('center_axis',(-0.40613846605345,-0.913811548620256,-1.78558093374598E-15));
#1734=DIRECTION('ref_axis',(-0.913811548620256,0.40613846605345,8.40520592525317E-16));
#1735=DIRECTION('',(-2.75938926508777E-15,-1.,-2.06954194881583E-15));
#1736=DIRECTION('center_axis',(-2.65065747129258E-15,-1.,-2.04066466497761E-15));
#1737=DIRECTION('ref_axis',(-1.,2.65065747129258E-15,-5.02898827078395E-30));
#1738=DIRECTION('center_axis',(2.65065747129258E-15,1.,2.04066466497761E-15));
#1739=DIRECTION('ref_axis',(-1.,2.65065747129258E-15,-5.02898827078395E-30));
#1740=DIRECTION('center_axis',(2.65065747129258E-15,1.,2.04066466497761E-15));
#1741=DIRECTION('ref_axis',(-1.,2.69144975666705E-15,-4.94664548087521E-30));
#1742=DIRECTION('center_axis',(-2.69144975666705E-15,-1.,-2.01858731750028E-15));
#1743=DIRECTION('ref_axis',(-1.,2.69144975666705E-15,-4.94664548087521E-30));
#1744=DIRECTION('',(-2.69144975666705E-15,-1.,-2.01858731750028E-15));
#1745=DIRECTION('center_axis',(1.31838984174238E-15,1.,1.00445650866079E-15));
#1746=DIRECTION('ref_axis',(-1.,2.69144975666705E-15,-4.94664548087521E-30));
#1747=DIRECTION('center_axis',(0.40613846605345,0.913811548620256,1.78558093374598E-15));
#1748=DIRECTION('ref_axis',(0.,-1.95399252334028E-15,1.));
#1749=DIRECTION('',(0.913811548620256,-0.40613846605345,-4.20843991118578E-16));
#1750=DIRECTION('',(-7.57592333721766E-30,-1.95399252334028E-15,1.));
#1751=DIRECTION('',(-1.02060699516457E-29,-1.95399252334028E-15,1.));
#1752=DIRECTION('center_axis',(-1.,2.8421709430404E-15,-4.65248917888977E-30));
#1753=DIRECTION('ref_axis',(1.04524069941784E-29,2.04066466497761E-15,-1.));
#1754=DIRECTION('',(2.8421709430404E-15,1.,1.03620815631681E-15));
#1755=DIRECTION('center_axis',(-2.66453525910038E-15,-1.,-1.77635683940025E-15));
#1756=DIRECTION('ref_axis',(-1.,2.66453525910038E-15,-5.00433636749583E-30));
#1757=DIRECTION('',(-2.66453525910038E-15,-1.,-1.77635683940025E-15));
#1758=DIRECTION('center_axis',(-2.65065747129258E-15,-1.,-2.04066466497761E-15));
#1759=DIRECTION('ref_axis',(-1.,2.65065747129258E-15,-5.02898827078395E-30));
#1760=DIRECTION('center_axis',(2.65065747129258E-15,1.,2.04066466497761E-15));
#1761=DIRECTION('ref_axis',(-1.,2.65065747129258E-15,-5.02898827078395E-30));
#1762=DIRECTION('center_axis',(-2.66453525910038E-15,-1.,-1.77635683940025E-15));
#1763=DIRECTION('ref_axis',(-1.,2.66453525910038E-15,-5.00433636749583E-30));
#1764=DIRECTION('',(-2.66453525910038E-15,-1.,-1.77635683940025E-15));
#1765=DIRECTION('center_axis',(-2.65065747129258E-15,-1.,-2.04066466497761E-15));
#1766=DIRECTION('ref_axis',(-1.,2.65065747129258E-15,-5.02898827078395E-30));
#1767=DIRECTION('center_axis',(2.65065747129258E-15,1.,2.04066466497761E-15));
#1768=DIRECTION('ref_axis',(-1.,2.65065747129258E-15,-5.02898827078395E-30));
#1769=DIRECTION('center_axis',(1.4210854715202E-15,1.11022302462515E-15,
1.));
#1770=DIRECTION('ref_axis',(0.382683432365095,0.923879532511284,-3.2045246465048E-15));
#1771=DIRECTION('',(1.4210854715202E-15,1.11022302462515E-15,1.));
#1772=DIRECTION('center_axis',(0.,1.11022302462516E-15,1.));
#1773=DIRECTION('ref_axis',(0.382683432365095,0.923879532511284,-3.2045246465048E-15));
#1774=DIRECTION('',(-1.4210854715202E-15,-1.11022302462515E-15,-1.));
#1775=DIRECTION('center_axis',(-2.14434047984022E-15,-1.,1.11022302462516E-15));
#1776=DIRECTION('ref_axis',(1.,-2.14434047984022E-15,-6.16356608750925E-16));
#1777=DIRECTION('',(1.,-2.14434047984022E-15,-6.16356608750925E-16));
#1778=DIRECTION('center_axis',(-1.,1.31838984174238E-15,-1.4637067577343E-30));
#1779=DIRECTION('ref_axis',(0.,-0.707106781186551,-0.707106781186544));
#1780=DIRECTION('',(1.,-1.31838984174238E-15,1.4637067577343E-30));
#1781=DIRECTION('',(-1.,1.31838984174238E-15,-1.4637067577343E-30));
#1782=DIRECTION('center_axis',(0.707106781186559,0.707106781186537,0.));
#1783=DIRECTION('ref_axis',(0.707106781186537,-0.707106781186559,2.06999394812503E-30));
#1784=DIRECTION('center_axis',(-1.4637067577343E-30,1.46370675773431E-30,
1.));
#1785=DIRECTION('ref_axis',(-0.382683432365095,-0.923879532511285,0.));
#1786=DIRECTION('',(1.4637067577343E-30,-1.46370675773431E-30,-1.));
#1787=DIRECTION('',(-1.4637067577343E-30,1.46370675773431E-30,1.));
#1788=DIRECTION('center_axis',(0.,-1.11022302462516E-15,-1.));
#1789=DIRECTION('ref_axis',(-0.382683432365095,-0.923879532511285,0.));
#1790=DIRECTION('center_axis',(1.31838984174238E-15,1.,-1.11022302462516E-15));
#1791=DIRECTION('ref_axis',(0.707106781186541,0.,-0.707106781186554));
#1792=DIRECTION('',(1.31838984174238E-15,1.,-1.11022302462516E-15));
#1793=DIRECTION('',(-1.31838984174238E-15,-1.,1.11022302462516E-15));
#1794=DIRECTION('center_axis',(0.707106781186551,0.707106781186544,-1.7899054028995E-15));
#1795=DIRECTION('ref_axis',(0.707106781186544,-0.707106781186551,-4.90653893338678E-17));
#1796=DIRECTION('center_axis',(-1.4210854715202E-15,-1.11022302462515E-15,
-1.));
#1797=DIRECTION('ref_axis',(0.923879532511288,0.382683432365086,0.));
#1798=DIRECTION('',(-1.4210854715202E-15,-1.11022302462515E-15,-1.));
#1799=DIRECTION('',(1.4210854715202E-15,1.11022302462515E-15,1.));
#1800=DIRECTION('center_axis',(-1.,1.31838984174238E-15,1.4210854715202E-15));
#1801=DIRECTION('ref_axis',(1.31838984174238E-15,1.,-1.00445652492004E-15));
#1802=DIRECTION('',(-1.4210854715202E-15,-1.06581410364015E-15,-1.));
#1803=DIRECTION('',(1.31838984174238E-15,1.,-1.4637067577343E-30));
#1804=DIRECTION('',(-1.4210854715202E-15,-1.06581410364015E-15,-1.));
#1805=DIRECTION('center_axis',(1.31838984174238E-15,1.,-1.4637067577343E-30));
#1806=DIRECTION('ref_axis',(1.,-1.31838984174238E-15,-6.16356608750924E-16));
#1807=DIRECTION('',(-1.4210854715202E-15,-1.06581410364015E-15,-1.));
#1808=DIRECTION('',(1.,-1.31838984174238E-15,-6.16356608750924E-16));
#1809=DIRECTION('',(-1.11022302462516E-15,0.,-1.));
#1810=DIRECTION('',(1.,-1.31838984174238E-15,5.02898827078395E-30));
#1811=DIRECTION('',(-1.11022302462516E-15,0.,-1.));
#1812=DIRECTION('',(1.,-1.31838984174238E-15,-6.16356608750924E-16));
#1813=DIRECTION('center_axis',(0.707106781186551,0.707106781186544,-1.7899054028995E-15));
#1814=DIRECTION('ref_axis',(-2.53130849614534E-15,0.,-1.));
#1815=DIRECTION('',(-0.707106781186544,0.707106781186551,-7.85046229341891E-16));
#1816=DIRECTION('center_axis',(-0.707106781186552,-0.707106781186543,-9.49581494649119E-45));
#1817=DIRECTION('ref_axis',(-1.34291102831129E-44,0.,1.));
#1818=DIRECTION('',(0.707106781186543,-0.707106781186552,7.85046229341892E-16));
#1819=DIRECTION('center_axis',(-4.22942104619107E-16,0.,-1.));
#1820=DIRECTION('ref_axis',(1.,-1.31838984174238E-15,-4.22942104619107E-16));
#1821=DIRECTION('',(-4.22942104619107E-16,0.,-1.));
#1822=DIRECTION('center_axis',(-4.22942104619107E-16,0.,-1.));
#1823=DIRECTION('ref_axis',(1.,-1.31838984174238E-15,-4.22942104619107E-16));
#1824=DIRECTION('',(-4.22942104619107E-16,0.,-1.));
#1825=DIRECTION('center_axis',(0.,1.11022302462516E-15,1.));
#1826=DIRECTION('ref_axis',(1.,0.,0.));
#1827=DIRECTION('center_axis',(-0.712498293208668,0.,0.701673843159865));
#1828=DIRECTION('ref_axis',(0.701673843159865,-1.64075321506145E-15,0.712498293208668));
#1829=DIRECTION('center_axis',(1.,-1.31838984174238E-15,-1.4210854715202E-15));
#1830=DIRECTION('ref_axis',(-1.31838984174238E-15,-1.,1.00445652492004E-15));
#1831=DIRECTION('',(-1.4210854715202E-15,-1.06581410364015E-15,-1.));
#1832=DIRECTION('',(-1.31838984174238E-15,-1.,1.4637067577343E-30));
#1833=DIRECTION('center_axis',(-1.11022302462516E-15,0.,-1.));
#1834=DIRECTION('ref_axis',(-1.,0.,1.11022302462516E-15));
#1835=DIRECTION('',(-1.,1.31838984174238E-15,6.16356608750924E-16));
#1836=DIRECTION('',(-1.31838984174238E-15,-1.,-3.17516313967707E-17));
#1837=DIRECTION('center_axis',(-1.11022302462516E-15,0.,-1.));
#1838=DIRECTION('ref_axis',(-1.,0.,1.11022302462516E-15));
#1839=DIRECTION('',(1.31838984174238E-15,1.,3.17516313967707E-17));
#1840=DIRECTION('',(-1.,1.31838984174238E-15,6.16356608750924E-16));
#1841=DIRECTION('center_axis',(-1.,1.31838984174238E-15,1.11022302462516E-15));
#1842=DIRECTION('ref_axis',(1.31838984174238E-15,1.,3.17516313967707E-17));
#1843=DIRECTION('',(1.31838984174238E-15,1.,1.03620815631681E-15));
#1844=DIRECTION('',(-1.11022302462516E-15,0.,-1.));
#1845=DIRECTION('center_axis',(-1.31838984174238E-15,-1.,1.4637067577343E-30));
#1846=DIRECTION('ref_axis',(-1.,1.31838984174238E-15,6.16356608750924E-16));
#1847=DIRECTION('',(-1.,1.31838984174238E-15,-5.02898827078395E-30));
#1848=DIRECTION('',(-1.11022302462516E-15,0.,-1.));
#1849=DIRECTION('center_axis',(1.,-1.31838984174238E-15,-1.11022302462516E-15));
#1850=DIRECTION('ref_axis',(-1.31838984174238E-15,-1.,-3.17516313967707E-17));
#1851=DIRECTION('',(-1.31838984174238E-15,-1.,-1.03620815631681E-15));
#1852=DIRECTION('center_axis',(1.,-1.33226762955019E-15,4.97268234998832E-30));
#1853=DIRECTION('ref_axis',(6.31088724176809E-30,1.00445650866079E-15,-1.));
#1854=DIRECTION('',(1.33226762955019E-15,1.,1.03620815631681E-15));
#1855=DIRECTION('',(-6.31088724176809E-30,-1.00445650866079E-15,1.));
#1856=DIRECTION('center_axis',(-6.39511457800263E-30,-1.03620815631681E-15,
1.));
#1857=DIRECTION('ref_axis',(1.,-1.31838984174238E-15,5.02898827078395E-30));
#1858=DIRECTION('',(1.33226762955019E-15,1.,1.03620815631681E-15));
#1859=DIRECTION('',(-1.,1.31838984174238E-15,-5.02898827078395E-30));
#1860=DIRECTION('center_axis',(-1.,1.33226762955019E-15,-4.97268234998832E-30));
#1861=DIRECTION('ref_axis',(-6.31088724176809E-30,-1.00445650866079E-15,
1.));
#1862=DIRECTION('',(6.31088724176809E-30,1.00445650866079E-15,-1.));
#1863=DIRECTION('',(1.33226762955019E-15,1.,1.03620815631681E-15));
#1864=DIRECTION('center_axis',(1.31838984174238E-15,1.,1.00445650866079E-15));
#1865=DIRECTION('ref_axis',(-1.,1.31838984174238E-15,-5.02898827078395E-30));
#1866=DIRECTION('',(6.31088724176809E-30,1.00445650866079E-15,-1.));
#1867=DIRECTION('',(1.,-1.31838984174238E-15,5.02898827078395E-30));
#1868=DIRECTION('',(-6.31088724176809E-30,-1.00445650866079E-15,1.));
#1869=DIRECTION('',(1.,-1.31838984174238E-15,5.02898827078395E-30));
#1870=DIRECTION('center_axis',(0.712498293208671,0.,-0.701673843159862));
#1871=DIRECTION('ref_axis',(-0.701673843159862,1.64075321506145E-15,-0.712498293208671));
#1872=DIRECTION('',(0.,1.,0.));
#1873=DIRECTION('',(0.,1.,0.));
#1874=DIRECTION('center_axis',(5.02898827078395E-30,0.,-1.));
#1875=DIRECTION('ref_axis',(-1.,1.31838984174238E-15,-5.02898827078395E-30));
#1876=DIRECTION('center_axis',(1.,0.,6.31088724176809E-30));
#1877=DIRECTION('ref_axis',(6.31088724176809E-30,1.00445650866079E-15,-1.));
#1878=DIRECTION('',(0.,1.,0.));
#1879=DIRECTION('center_axis',(-5.02898827078395E-30,0.,1.));
#1880=DIRECTION('ref_axis',(1.,-1.31838984174238E-15,5.02898827078395E-30));
#1881=DIRECTION('',(0.,1.,0.));
#1882=DIRECTION('center_axis',(-1.,0.,-6.31088724176809E-30));
#1883=DIRECTION('ref_axis',(-6.31088724176809E-30,-1.00445650866079E-15,
1.));
#1884=DIRECTION('',(0.,1.,0.));
#1885=DIRECTION('center_axis',(5.02898827078395E-30,0.,-1.));
#1886=DIRECTION('ref_axis',(-1.,1.31838984174238E-15,-5.02898827078395E-30));
#1887=DIRECTION('center_axis',(1.,0.,3.78813155666451E-15));
#1888=DIRECTION('ref_axis',(3.78813155666451E-15,1.00445650866079E-15,-1.));
#1889=CARTESIAN_POINT('',(0.,0.,0.));
#1890=CARTESIAN_POINT('Origin',(60.0210678118655,30.6999999999999,-55.1000000000002));
#1891=CARTESIAN_POINT('',(58.5210678118655,30.6999999999999,-55.1000000000002));
#1892=CARTESIAN_POINT('Origin',(60.0210678118654,30.6999999999999,-55.1000000000002));
#1893=CARTESIAN_POINT('Origin',(80.5210678118654,30.6999999999999,-55.1000000000002));
#1894=CARTESIAN_POINT('',(79.0210678118654,30.6999999999999,-55.1000000000002));
#1895=CARTESIAN_POINT('Origin',(80.5210678118654,30.6999999999999,-55.1000000000002));
#1896=CARTESIAN_POINT('Origin',(44.0674222070131,-2.00000000000003,-60.9000000000001));
#1897=CARTESIAN_POINT('',(44.0674222070131,60.,-61.9));
#1898=CARTESIAN_POINT('',(44.7799205002218,60.,-60.1983261568402));
#1899=CARTESIAN_POINT('Origin',(44.0674222070131,59.9999999999999,-60.9000000000001));
#1900=CARTESIAN_POINT('',(44.7799205002218,-2.00000000000003,-60.1983261568402));
#1901=CARTESIAN_POINT('',(44.7799205002218,-2.00000000000003,-60.1983261568402));
#1902=CARTESIAN_POINT('',(44.0674222070131,-2.00000000000003,-61.9000000000001));
#1903=CARTESIAN_POINT('Origin',(44.0674222070131,-2.00000000000004,-60.9000000000001));
#1904=CARTESIAN_POINT('',(44.0674222070131,-2.00000000000003,-61.9000000000001));
#1905=CARTESIAN_POINT('Origin',(44.0710678118654,-2.00000000000003,-59.4785382731764));
#1906=CARTESIAN_POINT('',(44.0710678118654,60.,-59.4785382731763));
#1907=CARTESIAN_POINT('',(44.0710678118654,60.,-59.4785382731763));
#1908=CARTESIAN_POINT('',(44.0710678118654,-2.00000000000003,-59.4785382731764));
#1909=CARTESIAN_POINT('',(44.0710678118654,-2.00000000000003,-59.4785382731764));
#1910=CARTESIAN_POINT('',(46.6527036446661,-2.00000000000003,-62.1000000000001));
#1911=CARTESIAN_POINT('Origin',(70.6912740218441,59.9999999999999,-54.4));
#1912=CARTESIAN_POINT('',(35.6912740218441,60.,-61.9));
#1913=CARTESIAN_POINT('',(35.6912740218441,60.,-61.9));
#1914=CARTESIAN_POINT('',(35.6912740218441,60.,-46.9));
#1915=CARTESIAN_POINT('',(35.6912740218441,60.,-46.9));
#1916=CARTESIAN_POINT('',(87.6912740218441,59.9999999999998,-46.9));
#1917=CARTESIAN_POINT('',(105.691274021844,59.9999999999999,-46.9));
#1918=CARTESIAN_POINT('',(87.6912740218441,59.9999999999999,-61.9));
#1919=CARTESIAN_POINT('',(87.6912740218441,59.9999999999999,-50.65));
#1920=CARTESIAN_POINT('',(54.0747134167176,60.,-61.9));
#1921=CARTESIAN_POINT('',(35.6912740218441,60.,-61.9));
#1922=CARTESIAN_POINT('',(53.362215123509,60.,-60.1983261568402));
#1923=CARTESIAN_POINT('Origin',(54.0747134167176,59.9999999999999,-60.9000000000001));
#1924=CARTESIAN_POINT('',(54.0710678118654,60.,-59.4785382731763));
#1925=CARTESIAN_POINT('',(51.6863935296671,60.,-61.9));
#1926=CARTESIAN_POINT('',(54.0710678118654,60.,-55.6251574922169));
#1927=CARTESIAN_POINT('',(54.0710678118654,60.,-59.4785382731763));
#1928=CARTESIAN_POINT('',(51.1421356237309,60.,-52.6510418039763));
#1929=CARTESIAN_POINT('',(54.0710678118654,60.,-55.6251574922169));
#1930=CARTESIAN_POINT('',(46.9999999999999,60.,-52.6510418039763));
#1931=CARTESIAN_POINT('',(51.1421356237309,60.,-52.6510418039763));
#1932=CARTESIAN_POINT('',(44.0710678118654,60.,-55.6251574922169));
#1933=CARTESIAN_POINT('',(46.9999999999999,60.,-52.6510418039763));
#1934=CARTESIAN_POINT('',(44.0710678118654,60.,-55.6251574922169));
#1935=CARTESIAN_POINT('',(41.3912740218441,60.,-55.4));
#1936=CARTESIAN_POINT('Origin',(39.8912740218441,60.,-55.4));
#1937=CARTESIAN_POINT('',(59.7508616018867,59.9999999999999,-55.4));
#1938=CARTESIAN_POINT('Origin',(58.2508616018866,60.,-55.4));
#1939=CARTESIAN_POINT('',(76.8508616018866,59.9999999999999,-58.9));
#1940=CARTESIAN_POINT('',(76.8508616018866,59.9999999999999,-49.));
#1941=CARTESIAN_POINT('',(76.8508616018866,59.9999999999999,-56.65));
#1942=CARTESIAN_POINT('',(66.0508616018866,59.9999999999999,-49.));
#1943=CARTESIAN_POINT('',(73.7710678118654,59.9999999999999,-49.));
#1944=CARTESIAN_POINT('',(66.0508616018866,59.9999999999999,-58.9));
#1945=CARTESIAN_POINT('',(66.0508616018866,59.9999999999999,-51.7));
#1946=CARTESIAN_POINT('',(68.3710678118654,59.9999999999999,-58.9));
#1947=CARTESIAN_POINT('',(86.1508616018866,59.9999999999999,-55.4));
#1948=CARTESIAN_POINT('Origin',(84.6508616018866,59.9999999999999,-55.4));
#1949=CARTESIAN_POINT('Origin',(54.0747134167176,-2.00000000000004,-60.9000000000001));
#1950=CARTESIAN_POINT('',(54.0747134167176,39.3999999999999,-61.9000000000001));
#1951=CARTESIAN_POINT('',(54.0747134167176,-2.00000000000004,-61.9000000000001));
#1952=CARTESIAN_POINT('',(53.362215123509,39.3999999999999,-60.1983261568402));
#1953=CARTESIAN_POINT('Origin',(54.0747134167176,39.3999999999999,-60.9000000000001));
#1954=CARTESIAN_POINT('',(53.362215123509,-2.00000000000004,-60.1983261568402));
#1955=CARTESIAN_POINT('Origin',(65.9710678118655,39.3999999999999,-61.9000000000001));
#1956=CARTESIAN_POINT('',(65.9710678118655,39.3999999999999,-61.9000000000001));
#1957=CARTESIAN_POINT('',(63.6710678118655,39.3999999999999,-61.9000000000001));
#1958=CARTESIAN_POINT('',(65.9710678118655,39.3999999999999,-57.9000000000001));
#1959=CARTESIAN_POINT('',(65.9710678118655,39.3999999999999,-61.9000000000001));
#1960=CARTESIAN_POINT('',(54.0710678118653,39.3999999999999,-57.9000000000001));
#1961=CARTESIAN_POINT('',(65.9710678118655,39.3999999999999,-57.9000000000001));
#1962=CARTESIAN_POINT('',(54.0710678118653,39.3999999999999,-59.4785382731764));
#1963=CARTESIAN_POINT('',(54.0710678118653,39.3999999999999,-60.6892691365883));
#1964=CARTESIAN_POINT('',(55.202895952892,39.3999999999999,-58.3292498586967));
#1965=CARTESIAN_POINT('Origin',(61.3710678118653,-2.00000000000005,-61.9000000000001));
#1966=CARTESIAN_POINT('',(87.691274021844,17.9999999999999,-61.9000000000001));
#1967=CARTESIAN_POINT('',(87.691274021844,28.9999999999999,-61.9000000000001));
#1968=CARTESIAN_POINT('',(105.691274021844,9.99999999999982,-61.9000000000001));
#1969=CARTESIAN_POINT('',(84.9132497795333,19.2346774410268,-61.9000000000001));
#1970=CARTESIAN_POINT('',(105.691274021844,-1.10195579572509E-13,-61.9000000000001));
#1971=CARTESIAN_POINT('',(105.691274021844,-1.10195579572509E-13,-61.9000000000001));
#1972=CARTESIAN_POINT('',(61.3710678118653,-4.96824803519758E-14,-61.9000000000001));
#1973=CARTESIAN_POINT('',(35.6912740218441,-1.79082906505426E-14,-61.9000000000001));
#1974=CARTESIAN_POINT('',(61.3710678118653,-2.00000000000005,-61.9000000000001));
#1975=CARTESIAN_POINT('',(61.3710678118653,-2.00000000000005,-61.9000000000001));
#1976=CARTESIAN_POINT('',(54.0747134167176,-2.00000000000004,-61.9000000000001));
#1977=CARTESIAN_POINT('',(36.7710678118653,-2.00000000000002,-61.9000000000001));
#1978=CARTESIAN_POINT('',(54.0747134167176,33.3999999999999,-61.9000000000001));
#1979=CARTESIAN_POINT('',(54.0747134167176,-2.00000000000004,-61.9000000000001));
#1980=CARTESIAN_POINT('',(62.7284271247462,33.3999999999999,-61.9000000000001));
#1981=CARTESIAN_POINT('',(55.6060118139769,33.3999999999999,-61.9000000000001));
#1982=CARTESIAN_POINT('',(64.8497474683058,32.5213203435595,-61.9000000000001));
#1983=CARTESIAN_POINT('Origin',(62.7284271247462,30.3999999999999,-61.9000000000001));
#1984=CARTESIAN_POINT('',(65.0923881554251,32.2786796564403,-61.9000000000001));
#1985=CARTESIAN_POINT('',(72.6710678118654,24.6999999999999,-61.9000000000001));
#1986=CARTESIAN_POINT('',(65.9710678118655,30.1573593128806,-61.9000000000001));
#1987=CARTESIAN_POINT('Origin',(62.9710678118655,30.1573593128806,-61.9000000000001));
#1988=CARTESIAN_POINT('',(65.9710678118655,24.9999999999999,-61.9000000000001));
#1989=CARTESIAN_POINT('',(65.9710678118654,11.4999999999999,-61.9000000000001));
#1990=CARTESIAN_POINT('',(74.5710678118654,24.9999999999999,-61.9000000000001));
#1991=CARTESIAN_POINT('',(67.9710678118654,24.9999999999999,-61.9000000000001));
#1992=CARTESIAN_POINT('',(74.5710678118654,36.3999999999999,-61.9000000000001));
#1993=CARTESIAN_POINT('',(74.5710678118654,17.1999999999999,-61.9000000000001));
#1994=CARTESIAN_POINT('',(70.4208152801713,36.3999999999999,-61.9000000000001));
#1995=CARTESIAN_POINT('',(63.6710678118654,36.3999999999999,-61.9000000000001));
#1996=CARTESIAN_POINT('',(67.9459415460184,37.425126265847,-61.9000000000001));
#1997=CARTESIAN_POINT('Origin',(70.4208152801713,39.8999999999999,-61.9000000000001));
#1998=CARTESIAN_POINT('',(75.9210678118655,29.4499999999998,-61.9000000000001));
#1999=CARTESIAN_POINT('',(79.0210678118654,30.6999999999999,-61.9000000000001));
#2000=CARTESIAN_POINT('Origin',(80.5210678118654,30.6999999999999,-61.9000000000001));
#2001=CARTESIAN_POINT('',(58.5210678118654,30.6999999999999,-61.9000000000001));
#2002=CARTESIAN_POINT('Origin',(60.0210678118654,30.6999999999999,-61.9000000000001));
#2003=CARTESIAN_POINT('Origin',(55.5710678118653,31.8999999999999,-60.6892691365883));
#2004=CARTESIAN_POINT('',(54.0710678118653,31.8999999999999,-59.4785382731764));
#2005=CARTESIAN_POINT('',(54.0710678118653,31.8999999999999,-57.9000000000001));
#2006=CARTESIAN_POINT('',(54.0710678118653,31.8999999999999,-60.6892691365883));
#2007=CARTESIAN_POINT('',(55.5710678118653,33.3999999999999,-57.9000000000001));
#2008=CARTESIAN_POINT('Origin',(55.5710678118653,31.8999999999999,-57.9000000000001));
#2009=CARTESIAN_POINT('',(55.5710678118653,33.3999999999999,-60.0931437118584));
#2010=CARTESIAN_POINT('',(55.5710678118653,33.3999999999999,-60.6892691365883));
#2011=CARTESIAN_POINT('Origin',(55.5710678118653,31.8999999999999,-60.0931437118584));
#2012=CARTESIAN_POINT('Origin',(52.3008438631192,31.8999999999999,-63.4138161362414));
#2013=CARTESIAN_POINT('',(53.8232951899745,33.3999999999999,-61.8678785436518));
#2014=CARTESIAN_POINT('',(52.3008438631192,33.3999999999999,-63.4138161362414));
#2015=CARTESIAN_POINT('',(53.362215123509,31.8999999999999,-60.1983261568402));
#2016=CARTESIAN_POINT('Ctrl Pts',(53.8232951899745,33.3999999999999,-61.8678785436518));
#2017=CARTESIAN_POINT('Ctrl Pts',(53.7179419068663,33.3999999999999,-61.840511746656));
#2018=CARTESIAN_POINT('Ctrl Pts',(53.6189525502718,33.3910125763496,-61.7964881481842));
#2019=CARTESIAN_POINT('Ctrl Pts',(53.4395907569801,33.3481629507124,-61.6798093353444));
#2020=CARTESIAN_POINT('Ctrl Pts',(53.362996012081,33.3151189008502,-61.6095657999362));
#2021=CARTESIAN_POINT('Ctrl Pts',(53.2258494746353,33.2193268091546,-61.4413805733927));
#2022=CARTESIAN_POINT('Ctrl Pts',(53.1725418334175,33.1542977633621,-61.3438422029269));
#2023=CARTESIAN_POINT('Ctrl Pts',(53.0879387008212,32.9806508611978,-61.1143058479898));
#2024=CARTESIAN_POINT('Ctrl Pts',(53.0706182598169,32.8655647698649,-60.9828952982645));
#2025=CARTESIAN_POINT('Ctrl Pts',(53.08062869727,32.6170765363009,-60.7315938306987));
#2026=CARTESIAN_POINT('Ctrl Pts',(53.1101929676936,32.4814482609227,-60.610722507555));
#2027=CARTESIAN_POINT('Ctrl Pts',(53.2063699948046,32.2002014313744,-60.3888786948604));
#2028=CARTESIAN_POINT('Ctrl Pts',(53.2753108095434,32.0523625327483,-60.2873434990556));
#2029=CARTESIAN_POINT('Ctrl Pts',(53.3601425810183,31.9036216216236,-60.2004353447972));
#2030=CARTESIAN_POINT('Ctrl Pts',(53.3611776846211,31.901810809922,-60.1993795998951));
#2031=CARTESIAN_POINT('Ctrl Pts',(53.362215123509,31.8999999999999,-60.1983261568402));
#2032=CARTESIAN_POINT('',(51.2320964233061,31.8999999999999,-62.3613053715016));
#2033=CARTESIAN_POINT('Origin',(54.0747134167176,-2.00000000000004,-60.9000000000001));
#2034=CARTESIAN_POINT('',(53.362215123509,-2.00000000000004,-60.1983261568402));
#2035=CARTESIAN_POINT('Origin',(54.0747134167176,-2.00000000000004,-60.9000000000001));
#2036=CARTESIAN_POINT('',(53.362215123509,-2.00000000000004,-60.1983261568402));
#2037=CARTESIAN_POINT('Origin',(54.0747134167176,33.3999999999999,-60.9000000000001));
#2038=CARTESIAN_POINT('Origin',(54.0710678118653,-2.00000000000004,-59.4785382731764));
#2039=CARTESIAN_POINT('',(54.0710678118653,15.0999999999999,-57.9000000000001));
#2040=CARTESIAN_POINT('',(54.0710678118653,-2.00000000000004,-59.4785382731764));
#2041=CARTESIAN_POINT('',(54.0710678118653,-2.00000000000004,-59.4785382731764));
#2042=CARTESIAN_POINT('',(54.0710678118653,-2.00000000000005,-55.6251574922169));
#2043=CARTESIAN_POINT('',(54.0710678118653,-2.00000000000005,-50.1000000000001));
#2044=CARTESIAN_POINT('',(54.0710678118653,41.4999999999999,-55.6251574922169));
#2045=CARTESIAN_POINT('',(54.0710678118653,-2.00000000000005,-55.6251574922169));
#2046=CARTESIAN_POINT('',(54.0710678118653,41.4999999999999,-59.4785382731764));
#2047=CARTESIAN_POINT('',(54.0710678118653,41.4999999999999,-58.1892691365882));
#2048=CARTESIAN_POINT('',(54.0710678118653,-2.00000000000004,-59.4785382731764));
#2049=CARTESIAN_POINT('Origin',(51.686393529667,-2.00000000000004,-61.9000000000001));
#2050=CARTESIAN_POINT('',(54.0710678118653,-2.00000000000004,-59.4785382731764));
#2051=CARTESIAN_POINT('Origin',(49.0710678118653,-2.00000000000004,-56.1000000000001));
#2052=CARTESIAN_POINT('',(44.0710678118654,-2.00000000000003,-55.625157492217));
#2053=CARTESIAN_POINT('',(44.0710678118653,-2.00000000000004,-50.1000000000001));
#2054=CARTESIAN_POINT('',(46.9999999999999,-2.00000000000004,-52.6510418039764));
#2055=CARTESIAN_POINT('',(44.0710678118653,-2.00000000000003,-55.625157492217));
#2056=CARTESIAN_POINT('',(51.1421356237308,-2.00000000000005,-52.6510418039764));
#2057=CARTESIAN_POINT('',(46.9999999999999,-2.00000000000004,-52.6510418039764));
#2058=CARTESIAN_POINT('',(51.1421356237308,-2.00000000000005,-52.6510418039764));
#2059=CARTESIAN_POINT('',(61.3710678118653,-2.00000000000006,-50.3000000000001));
#2060=CARTESIAN_POINT('',(61.3710678118653,-2.00000000000005,-61.9000000000001));
#2061=CARTESIAN_POINT('',(36.7710678118653,-2.00000000000003,-50.3000000000001));
#2062=CARTESIAN_POINT('',(61.3710678118653,-2.00000000000006,-50.3000000000001));
#2063=CARTESIAN_POINT('',(36.7710678118653,-2.00000000000002,-61.9000000000001));
#2064=CARTESIAN_POINT('',(36.7710678118653,-2.00000000000003,-50.3000000000001));
#2065=CARTESIAN_POINT('',(36.7710678118653,-2.00000000000002,-61.9000000000001));
#2066=CARTESIAN_POINT('Origin',(84.6508616018866,59.9999999999999,-55.4));
#2067=CARTESIAN_POINT('',(86.1508616018866,49.9999999999999,-55.4));
#2068=CARTESIAN_POINT('',(86.1508616018866,59.9999999999999,-55.4));
#2069=CARTESIAN_POINT('Origin',(84.6508616018866,49.9999999999999,-55.4));
#2070=CARTESIAN_POINT('Origin',(84.6508616018866,49.9999999999999,-55.4));
#2071=CARTESIAN_POINT('Origin',(74.1508616018866,54.4999999999999,-51.4));
#2072=CARTESIAN_POINT('',(76.8508616018866,57.9999999999999,-51.4));
#2073=CARTESIAN_POINT('',(76.8508616018866,54.4999999999999,-54.9));
#2074=CARTESIAN_POINT('Origin',(76.8508616018866,54.4999999999999,-51.4));
#2075=CARTESIAN_POINT('',(66.0508616018866,54.4999999999999,-54.9));
#2076=CARTESIAN_POINT('',(74.1508616018866,54.4999999999999,-54.9));
#2077=CARTESIAN_POINT('',(66.0508616018866,57.9999999999999,-51.4));
#2078=CARTESIAN_POINT('Origin',(66.0508616018866,54.4999999999999,-51.4));
#2079=CARTESIAN_POINT('',(74.1508616018866,57.9999999999999,-51.4));
#2080=CARTESIAN_POINT('Origin',(76.8508616018866,59.9999999999999,-54.9));
#2081=CARTESIAN_POINT('',(76.8508616018866,42.9999999999999,-54.9));
#2082=CARTESIAN_POINT('',(76.8508616018866,59.9999999999999,-54.9));
#2083=CARTESIAN_POINT('',(55.4621952924328,42.9999999999999,-54.9000000000001));
#2084=CARTESIAN_POINT('',(76.8508616018866,42.9999999999999,-54.9000000000001));
#2085=CARTESIAN_POINT('',(53.3569270913752,41.4999999999999,-54.9));
#2086=CARTESIAN_POINT('Origin',(55.4621952924328,41.4999999999999,-54.9));
#2087=CARTESIAN_POINT('',(53.3569270913752,49.4999999999999,-54.9));
#2088=CARTESIAN_POINT('',(53.3569270913753,21.7499999999999,-54.9000000000002));
#2089=CARTESIAN_POINT('',(55.4621952924328,47.9999999999999,-54.9000000000001));
#2090=CARTESIAN_POINT('Origin',(55.4621952924328,49.4999999999999,-54.9));
#2091=CARTESIAN_POINT('',(62.5508616018866,47.9999999999999,-54.9000000000001));
#2092=CARTESIAN_POINT('',(49.4208692302208,47.9999999999999,-54.9000000000001));
#2093=CARTESIAN_POINT('',(66.0508616018866,51.4999999999999,-54.9));
#2094=CARTESIAN_POINT('Origin',(62.5508616018866,51.4999999999999,-54.9));
#2095=CARTESIAN_POINT('',(66.0508616018866,59.9999999999999,-54.9));
#2096=CARTESIAN_POINT('Origin',(62.5508616018866,51.4999999999999,-51.9500000000001));
#2097=CARTESIAN_POINT('',(62.5508616018866,47.9999999999999,-58.9000000000001));
#2098=CARTESIAN_POINT('',(62.5508616018866,47.9999999999999,-51.9500000000001));
#2099=CARTESIAN_POINT('',(66.0508616018866,51.4999999999999,-58.9));
#2100=CARTESIAN_POINT('Origin',(62.5508616018866,51.4999999999999,-58.9));
#2101=CARTESIAN_POINT('',(66.0508616018866,51.4999999999999,-51.9500000000001));
#2102=CARTESIAN_POINT('Origin',(49.4208692302208,47.9999999999999,-54.9000000000001));
#2103=CARTESIAN_POINT('',(55.5710678118653,47.9999999999999,-55.0105520535349));
#2104=CARTESIAN_POINT('',(53.8137933610542,47.9999999999999,-53.2261688117944));
#2105=CARTESIAN_POINT('',(55.5710678118653,47.9999999999999,-58.9000000000001));
#2106=CARTESIAN_POINT('',(55.5710678118653,47.9999999999999,-57.1892691365882));
#2107=CARTESIAN_POINT('',(49.4208692302208,47.9999999999999,-58.9000000000001));
#2108=CARTESIAN_POINT('Origin',(55.2546675271404,-2.00000000000004,-60.4));
#2109=CARTESIAN_POINT('',(55.2546675271404,42.9662506128987,-58.9000000000001));
#2110=CARTESIAN_POINT('Ctrl Pts',(55.2546675271404,42.9662506128987,-58.9));
#2111=CARTESIAN_POINT('Ctrl Pts',(55.1116382183387,42.9353865071102,-58.9));
#2112=CARTESIAN_POINT('Ctrl Pts',(54.9733918941817,42.8823359684451,-58.9215199241156));
#2113=CARTESIAN_POINT('Ctrl Pts',(54.6865758212649,42.7265887423349,-59.0007507094662));
#2114=CARTESIAN_POINT('Ctrl Pts',(54.5179883583983,42.5834629481559,-59.0860642516407));
#2115=CARTESIAN_POINT('Ctrl Pts',(54.3044744712972,42.3190710977344,-59.2330562096231));
#2116=CARTESIAN_POINT('Ctrl Pts',(54.2185741992057,42.170952498034,-59.311987821569));
#2117=CARTESIAN_POINT('Ctrl Pts',(54.1020284703044,41.8483373470303,-59.4363176232232));
#2118=CARTESIAN_POINT('Ctrl Pts',(54.0710678118653,41.6727389412908,-59.4785382731764));
#2119=CARTESIAN_POINT('Ctrl Pts',(54.0710678118653,41.4999999999999,-59.4785382731764));
#2120=CARTESIAN_POINT('',(55.2546675271404,48.0337493871011,-58.9));
#2121=CARTESIAN_POINT('',(55.2546675271404,-2.00000000000004,-58.9));
#2122=CARTESIAN_POINT('',(54.0710678118653,49.4999999999999,-59.4785382731764));
#2123=CARTESIAN_POINT('Ctrl Pts',(54.0710678118654,49.4999999999999,-59.4785382731764));
#2124=CARTESIAN_POINT('Ctrl Pts',(54.0710678118654,49.327261058709,-59.4785382731764));
#2125=CARTESIAN_POINT('Ctrl Pts',(54.1020284703044,49.1516626529695,-59.4363176232232));
#2126=CARTESIAN_POINT('Ctrl Pts',(54.2185741992057,48.8290475019658,-59.311987821569));
#2127=CARTESIAN_POINT('Ctrl Pts',(54.3044744712973,48.6809289022654,-59.2330562096231));
#2128=CARTESIAN_POINT('Ctrl Pts',(54.5179883583984,48.4165370518439,-59.0860642516407));
#2129=CARTESIAN_POINT('Ctrl Pts',(54.686575821265,48.2734112576649,-59.0007507094662));
#2130=CARTESIAN_POINT('Ctrl Pts',(54.973391894181,48.1176640315551,-58.9215199241158));
#2131=CARTESIAN_POINT('Ctrl Pts',(55.1116382183371,48.0646134928902,-58.9000000000003));
#2132=CARTESIAN_POINT('Ctrl Pts',(55.254667527138,48.0337493871017,-58.9));
#2133=CARTESIAN_POINT('',(54.0710678118653,-2.00000000000004,-59.4785382731764));
#2134=CARTESIAN_POINT('Origin',(54.0710678118653,-2.00000000000004,-59.4785382731764));
#2135=CARTESIAN_POINT('',(54.0710678118653,49.4999999999999,-55.6251574922169));
#2136=CARTESIAN_POINT('',(54.0710678118653,49.4999999999999,-57.1892691365882));
#2137=CARTESIAN_POINT('',(54.0710678118653,-2.00000000000005,-55.6251574922169));
#2138=CARTESIAN_POINT('',(54.0710678118653,-2.00000000000004,-59.4785382731764));
#2139=CARTESIAN_POINT('Origin',(55.5710678118653,49.4999999999999,-57.1892691365882));
#2140=CARTESIAN_POINT('Origin',(55.5710678118653,49.4999999999999,-58.9));
#2141=CARTESIAN_POINT('Origin',(55.5710678118653,49.4999999999999,-55.0105520535349));
#2142=CARTESIAN_POINT('Origin',(53.8137933610542,49.4999999999999,-53.2261688117944));
#2143=CARTESIAN_POINT('',(52.7450459212412,49.4999999999999,-54.2786795765342));
#2144=CARTESIAN_POINT('Origin',(54.0710678118653,-2.00000000000005,-55.6251574922169));
#2145=CARTESIAN_POINT('',(58.6681786556457,41.4999999999999,-60.2931861807802));
#2146=CARTESIAN_POINT('',(51.1421356237308,-2.00000000000005,-52.6510418039764));
#2147=CARTESIAN_POINT('Origin',(55.5710678118653,41.4999999999999,-58.1892691365882));
#2148=CARTESIAN_POINT('',(55.5710678118653,42.9999999999999,-55.0105520535349));
#2149=CARTESIAN_POINT('',(55.5710678118653,42.9999999999999,-58.9));
#2150=CARTESIAN_POINT('',(55.5710678118653,42.9999999999999,-58.1892691365882));
#2151=CARTESIAN_POINT('Origin',(55.5710678118653,41.4999999999999,-58.9000000000001));
#2152=CARTESIAN_POINT('Origin',(55.5710678118653,41.4999999999999,-55.0105520535349));
#2153=CARTESIAN_POINT('Origin',(59.7369260954587,41.4999999999999,-59.2406754160404));
#2154=CARTESIAN_POINT('',(59.7369260954587,42.9999999999999,-59.2406754160404));
#2155=CARTESIAN_POINT('Origin',(71.4508616018866,42.9999999999999,-56.9));
#2156=CARTESIAN_POINT('',(76.8508616018866,42.9999999999999,-58.9));
#2157=CARTESIAN_POINT('',(76.8508616018866,42.9999999999999,-49.));
#2158=CARTESIAN_POINT('',(80.1508616018866,42.9999999999999,-58.9));
#2159=CARTESIAN_POINT('Origin',(66.0508616018866,59.9999999999999,-58.9));
#2160=CARTESIAN_POINT('',(76.8508616018866,59.9999999999999,-58.9));
#2161=CARTESIAN_POINT('',(66.0508616018866,59.9999999999999,-58.9));
#2162=CARTESIAN_POINT('Origin',(76.8508616018866,59.9999999999999,-58.9));
#2163=CARTESIAN_POINT('',(76.8508616018866,57.9999999999999,-49.));
#2164=CARTESIAN_POINT('',(76.8508616018866,57.9999999999999,-49.));
#2165=CARTESIAN_POINT('',(76.8508616018866,59.9999999999999,-49.));
#2166=CARTESIAN_POINT('Origin',(71.4508616018866,57.9999999999999,-53.95));
#2167=CARTESIAN_POINT('',(66.0508616018866,57.9999999999999,-49.));
#2168=CARTESIAN_POINT('',(66.0508616018866,57.9999999999999,-49.));
#2169=CARTESIAN_POINT('',(80.1508616018866,57.9999999999998,-49.));
#2170=CARTESIAN_POINT('Origin',(66.0508616018866,59.9999999999999,-49.));
#2171=CARTESIAN_POINT('',(66.0508616018866,59.9999999999999,-49.));
#2172=CARTESIAN_POINT('Origin',(76.8508616018866,59.9999999999999,-49.));
#2173=CARTESIAN_POINT('Origin',(97.4508616018867,59.9999999999998,-52.0999999999999));
#2174=CARTESIAN_POINT('',(101.050861601887,12.0624055199809,-52.1));
#2175=CARTESIAN_POINT('Origin',(97.4508616018866,13.6624055199809,-52.1));
#2176=CARTESIAN_POINT('',(101.050861601887,8.49999999999981,-52.1000000000001));
#2177=CARTESIAN_POINT('',(101.050861601887,59.9999999999998,-52.0999999999999));
#2178=CARTESIAN_POINT('Origin',(97.4508616018866,8.49999999999982,-52.1000000000001));
#2179=CARTESIAN_POINT('Origin',(97.4508616018866,8.49999999999982,-52.1000000000001));
#2180=CARTESIAN_POINT('',(99.5508616018866,8.49999999999981,-52.1000000000001));
#2181=CARTESIAN_POINT('Origin',(97.4508616018866,8.49999999999982,-52.1000000000001));
#2182=CARTESIAN_POINT('Origin',(97.4508616018867,59.9999999999998,-52.0999999999999));
#2183=CARTESIAN_POINT('',(99.5508616018866,-1.56642375838022E-13,-52.1000000000001));
#2184=CARTESIAN_POINT('',(99.5508616018867,59.9999999999998,-52.0999999999999));
#2185=CARTESIAN_POINT('Origin',(97.4508616018866,-1.50990331349021E-13,
-52.1000000000001));
#2186=CARTESIAN_POINT('Origin',(96.691274021844,13.9999999999998,-50.6500000000001));
#2187=CARTESIAN_POINT('',(87.691274021844,17.9999999999998,-46.9));
#2188=CARTESIAN_POINT('',(105.691274021844,9.99999999999979,-46.9000000000001));
#2189=CARTESIAN_POINT('',(73.8201400012255,24.1649484536081,-46.9));
#2190=CARTESIAN_POINT('',(105.691274021844,9.99999999999979,-50.6500000000001));
#2191=CARTESIAN_POINT('',(87.691274021844,17.9999999999998,-50.6500000000001));
#2192=CARTESIAN_POINT('Origin',(87.6912740218441,59.9999999999998,-46.9));
#2193=CARTESIAN_POINT('',(87.691274021844,29.9999999999998,-46.9));
#2194=CARTESIAN_POINT('Origin',(39.8912740218441,60.,-55.4));
#2195=CARTESIAN_POINT('',(41.3912740218441,50.,-55.4));
#2196=CARTESIAN_POINT('',(41.3912740218441,60.,-55.4));
#2197=CARTESIAN_POINT('Origin',(39.8912740218441,50.,-55.4));
#2198=CARTESIAN_POINT('Origin',(39.8912740218441,50.,-55.4));
#2199=CARTESIAN_POINT('Origin',(58.2508616018866,59.9999999999999,-55.4));
#2200=CARTESIAN_POINT('',(59.7508616018866,49.9999999999999,-55.4));
#2201=CARTESIAN_POINT('',(59.7508616018867,59.9999999999999,-55.4));
#2202=CARTESIAN_POINT('Origin',(58.2508616018866,49.9999999999999,-55.4));
#2203=CARTESIAN_POINT('Origin',(58.2508616018866,49.9999999999999,-55.4));
#2204=CARTESIAN_POINT('Origin',(62.7284271247462,30.3999999999999,-60.1500000000001));
#2205=CARTESIAN_POINT('',(62.7284271247462,33.3999999999999,-57.9000000000001));
#2206=CARTESIAN_POINT('',(62.7284271247462,33.3999999999999,-60.1500000000001));
#2207=CARTESIAN_POINT('',(64.8497474683058,32.5213203435596,-57.9000000000001));
#2208=CARTESIAN_POINT('Origin',(62.7284271247462,30.3999999999999,-57.9000000000001));
#2209=CARTESIAN_POINT('',(64.8497474683058,32.5213203435596,-60.1500000000001));
#2210=CARTESIAN_POINT('Origin',(49.8409558160883,33.3999999999999,-61.9000000000001));
#2211=CARTESIAN_POINT('',(49.8409558160883,33.4,-57.9000000000001));
#2212=CARTESIAN_POINT('Origin',(59.6385398129212,37.3999999999999,-56.9000000000001));
#2213=CARTESIAN_POINT('',(64.9710678118655,37.3999999999999,-57.9000000000001));
#2214=CARTESIAN_POINT('',(67.9713255373881,37.3999999999999,-57.9000000000001));
#2215=CARTESIAN_POINT('',(59.6385398129212,37.3999999999999,-57.9000000000001));
#2216=CARTESIAN_POINT('',(70.4208152801713,36.3999999999999,-56.9000000000001));
#2217=CARTESIAN_POINT('Ctrl Pts',(67.9713255373881,37.3999999999999,-57.9000000000001));
#2218=CARTESIAN_POINT('Ctrl Pts',(68.1360787701747,37.2385754584795,-57.9000000000001));
#2219=CARTESIAN_POINT('Ctrl Pts',(68.3302376457637,37.080349933608,-57.8609505783319));
#2220=CARTESIAN_POINT('Ctrl Pts',(68.8141046076383,36.7756118073924,-57.7023827782622));
#2221=CARTESIAN_POINT('Ctrl Pts',(69.1035813168829,36.6404573282825,-57.5754300963331));
#2222=CARTESIAN_POINT('Ctrl Pts',(69.7465880538465,36.4487935247457,-57.2606003172621));
#2223=CARTESIAN_POINT('Ctrl Pts',(70.080656905462,36.4007921815179,-57.0818213673558));
#2224=CARTESIAN_POINT('Ctrl Pts',(70.4153145701809,36.4000032419064,-56.902940253166));
#2225=CARTESIAN_POINT('Ctrl Pts',(70.4180649259192,36.3999999999999,-56.9014701261864));
#2226=CARTESIAN_POINT('Ctrl Pts',(70.4208152801713,36.3999999999999,-56.9000000000001));
#2227=CARTESIAN_POINT('',(65.9710678118655,36.3999999999999,-56.9000000000001));
#2228=CARTESIAN_POINT('',(59.6385398129212,36.3999999999999,-56.9000000000001));
#2229=CARTESIAN_POINT('Origin',(64.9710678118655,37.3999999999999,-56.9000000000001));
#2230=CARTESIAN_POINT('Origin',(70.4208152801713,39.8999999999999,-50.6500000000001));
#2231=CARTESIAN_POINT('',(67.9459415460184,37.425126265847,-57.9000000000001));
#2232=CARTESIAN_POINT('',(67.9459415460184,37.425126265847,-50.6500000000001));
#2233=CARTESIAN_POINT('',(70.4208152801713,36.3999999999999,-50.6500000000001));
#2234=CARTESIAN_POINT('Origin',(70.4208152801713,39.8999999999999,-57.9000000000001));
#2235=CARTESIAN_POINT('Origin',(64.9710678118655,28.5999999999999,-56.9000000000001));
#2236=CARTESIAN_POINT('',(64.9710678118655,32.3999999999999,-57.9000000000001));
#2237=CARTESIAN_POINT('',(64.9710678118655,28.5999999999999,-57.9000000000001));
#2238=CARTESIAN_POINT('',(65.9710678118655,30.1573593128806,-56.9000000000001));
#2239=CARTESIAN_POINT('',(65.9710678118655,28.5999999999999,-56.9000000000001));
#2240=CARTESIAN_POINT('',(65.0923881554251,32.2786796564403,-57.8926134062357));
#2241=CARTESIAN_POINT('Ctrl Pts',(65.9710678118655,30.1573593128806,-56.9000000000001));
#2242=CARTESIAN_POINT('Ctrl Pts',(65.9710678118655,30.5455708322729,-57.1241340252238));
#2243=CARTESIAN_POINT('Ctrl Pts',(65.8921133917124,30.9610174387696,-57.3655390679541));
#2244=CARTESIAN_POINT('Ctrl Pts',(65.6405350107674,31.5424781209177,-57.6537002463808));
#2245=CARTESIAN_POINT('Ctrl Pts',(65.5353283847481,31.7293426181944,-57.7373586808601));
#2246=CARTESIAN_POINT('Ctrl Pts',(65.3153794444212,32.0362932642092,-57.8446961286818));
#2247=CARTESIAN_POINT('Ctrl Pts',(65.2097327456904,32.161335066175,-57.8782711800312));
#2248=CARTESIAN_POINT('Ctrl Pts',(65.0923881554251,32.2786796564403,-57.8926134062357));
#2249=CARTESIAN_POINT('Origin',(64.9710678118655,32.3999999999999,-56.9000000000001));
#2250=CARTESIAN_POINT('Origin',(62.9710678118655,30.1573593128806,-56.6500000000001));
#2251=CARTESIAN_POINT('',(65.9710678118655,30.1573593128806,-56.6500000000001));
#2252=CARTESIAN_POINT('',(65.0923881554251,32.2786796564403,-56.6500000000002));
#2253=CARTESIAN_POINT('Origin',(65.9710678118655,24.9999999999999,-54.9000000000002));
#2254=CARTESIAN_POINT('',(65.9710678118655,36.3999999999999,-54.9000000000002));
#2255=CARTESIAN_POINT('',(65.9710678118655,36.3999999999999,-54.9000000000002));
#2256=CARTESIAN_POINT('',(65.9710678118655,24.9999999999999,-54.9000000000002));
#2257=CARTESIAN_POINT('',(65.9710678118655,27.8499999999999,-54.9000000000001));
#2258=CARTESIAN_POINT('',(65.9710678118655,24.9999999999999,-54.9000000000002));
#2259=CARTESIAN_POINT('Origin',(57.0710678118654,36.3999999999999,-46.9000000000001));
#2260=CARTESIAN_POINT('',(74.5710678118655,36.3999999999999,-54.9000000000002));
#2261=CARTESIAN_POINT('',(74.5710678118655,36.3999999999999,-54.9000000000002));
#2262=CARTESIAN_POINT('',(83.4710678118654,36.3999999999999,-54.9000000000001));
#2263=CARTESIAN_POINT('',(57.0710678118654,36.3999999999999,-54.9000000000001));
#2264=CARTESIAN_POINT('',(83.4710678118654,36.3999999999999,-46.9000000000001));
#2265=CARTESIAN_POINT('',(83.4710678118654,36.3999999999999,-46.9000000000001));
#2266=CARTESIAN_POINT('',(57.0710678118654,36.3999999999999,-46.9000000000001));
#2267=CARTESIAN_POINT('',(46.3811709168548,36.3999999999999,-46.9));
#2268=CARTESIAN_POINT('',(57.0710678118654,36.3999999999999,-54.9000000000001));
#2269=CARTESIAN_POINT('',(57.0710678118654,36.3999999999999,-46.9000000000001));
#2270=CARTESIAN_POINT('',(57.0710678118654,36.3999999999999,-54.9000000000001));
#2271=CARTESIAN_POINT('Origin',(64.9710678118655,32.3999999999999,-58.4000000000001));
#2272=CARTESIAN_POINT('',(64.3298038123933,33.0412639994721,-57.9000000000001));
#2273=CARTESIAN_POINT('Origin',(67.4710678118655,37.8999999999999,-54.4000000000001));
#2274=CARTESIAN_POINT('',(67.5798038123934,37.7912639994721,-57.9000000000001));
#2275=CARTESIAN_POINT('Origin',(60.0210678118654,30.6999999999999,-46.9000000000001));
#2276=CARTESIAN_POINT('',(58.5210678118654,30.6999999999999,-46.9000000000001));
#2277=CARTESIAN_POINT('Origin',(80.5210678118654,30.6999999999999,-46.9000000000001));
#2278=CARTESIAN_POINT('',(79.0210678118654,30.6999999999999,-46.9000000000001));
#2279=CARTESIAN_POINT('Origin',(62.2060118139769,32.1999999999999,-57.9000000000001));
#2280=CARTESIAN_POINT('Origin',(51.686393529667,-2.00000000000004,-61.9000000000001));
#2281=CARTESIAN_POINT('Origin',(74.5710678118655,36.3999999999999,-54.9000000000002));
#2282=CARTESIAN_POINT('',(74.5710678118654,24.9999999999999,-54.9000000000002));
#2283=CARTESIAN_POINT('',(74.5710678118654,24.9999999999999,-54.9000000000002));
#2284=CARTESIAN_POINT('',(74.5710678118655,33.5499999999999,-54.9000000000001));
#2285=CARTESIAN_POINT('Origin',(70.2710678118654,30.6999999999999,-54.9000000000001));
#2286=CARTESIAN_POINT('',(83.4710678118654,24.9999999999999,-54.9000000000001));
#2287=CARTESIAN_POINT('',(83.4710678118654,24.9999999999999,-54.9000000000001));
#2288=CARTESIAN_POINT('',(83.4710678118654,36.3999999999999,-54.9000000000001));
#2289=CARTESIAN_POINT('Origin',(70.2710678118654,30.6999999999999,-54.9000000000001));
#2290=CARTESIAN_POINT('',(57.0710678118654,24.9999999999999,-54.9000000000001));
#2291=CARTESIAN_POINT('',(57.0710678118654,24.9999999999999,-54.9000000000001));
#2292=CARTESIAN_POINT('',(83.4710678118654,24.9999999999999,-54.9000000000001));
#2293=CARTESIAN_POINT('Origin',(57.0710678118654,24.9999999999999,-46.9000000000001));
#2294=CARTESIAN_POINT('',(57.0710678118654,24.9999999999999,-46.9000000000001));
#2295=CARTESIAN_POINT('',(57.0710678118654,12.4999999999999,-46.9000000000001));
#2296=CARTESIAN_POINT('',(57.0710678118654,24.9999999999999,-46.9000000000001));
#2297=CARTESIAN_POINT('Origin',(83.4710678118654,24.9999999999999,-46.9000000000001));
#2298=CARTESIAN_POINT('',(83.4710678118654,24.9999999999999,-46.9000000000001));
#2299=CARTESIAN_POINT('',(59.5811709168548,24.9999999999999,-46.9));
#2300=CARTESIAN_POINT('',(83.4710678118654,24.9999999999999,-46.9000000000001));
#2301=CARTESIAN_POINT('Origin',(83.4710678118654,36.3999999999999,-46.9000000000001));
#2302=CARTESIAN_POINT('',(83.4710678118654,18.1999999999999,-46.9));
#2303=CARTESIAN_POINT('Origin',(105.691274021844,-1.25262427202421E-13,
-46.9000000000001));
#2304=CARTESIAN_POINT('',(105.691274021844,-1.25262427202421E-13,-46.9000000000001));
#2305=CARTESIAN_POINT('',(105.691274021844,-1.25262427202421E-13,-46.9000000000001));
#2306=CARTESIAN_POINT('',(105.691274021844,-1.10195579572509E-13,-61.9000000000001));
#2307=CARTESIAN_POINT('Origin',(35.6912740218441,-3.29751382804545E-14,
-46.9000000000001));
#2308=CARTESIAN_POINT('',(35.6912740218441,-3.29751382804545E-14,-46.9000000000001));
#2309=CARTESIAN_POINT('',(35.6912740218441,-3.29751382804545E-14,-46.9000000000001));
#2310=CARTESIAN_POINT('',(105.691274021844,-1.25262427202421E-13,-46.9000000000001));
#2311=CARTESIAN_POINT('Origin',(35.6912740218441,-1.79082906505426E-14,
-61.9000000000001));
#2312=CARTESIAN_POINT('',(35.6912740218441,-1.79082906505426E-14,-61.9000000000001));
#2313=CARTESIAN_POINT('',(35.6912740218441,-3.29751382804545E-14,-46.9000000000001));
#2314=CARTESIAN_POINT('',(35.6912740218441,-1.79082906505426E-14,-61.9000000000001));
#2315=CARTESIAN_POINT('Origin',(70.6912740218441,-7.15853589264818E-14,
-54.4000000000001));
#2316=CARTESIAN_POINT('',(61.3710678118653,-6.10622663543836E-14,-50.3000000000001));
#2317=CARTESIAN_POINT('',(61.3710678118653,-4.96824803519758E-14,-61.9000000000001));
#2318=CARTESIAN_POINT('',(36.7710678118653,-1.72084568816899E-14,-61.9000000000001));
#2319=CARTESIAN_POINT('',(35.6912740218441,-1.79082906505426E-14,-61.9000000000001));
#2320=CARTESIAN_POINT('',(36.7710678118653,-2.88657986402541E-14,-50.3000000000001));
#2321=CARTESIAN_POINT('',(36.7710678118653,-2.88657986402541E-14,-50.3000000000001));
#2322=CARTESIAN_POINT('',(61.3710678118653,-6.10622663543836E-14,-50.3000000000001));
#2323=CARTESIAN_POINT('Origin',(46.9999999999999,-2.00000000000004,-52.6510418039764));
#2324=CARTESIAN_POINT('',(44.0710678118654,-2.00000000000003,-55.625157492217));
#2325=CARTESIAN_POINT('',(46.9999999999999,-2.00000000000004,-52.6510418039764));
#2326=CARTESIAN_POINT('Origin',(51.1421356237308,-2.00000000000005,-52.6510418039764));
#2327=CARTESIAN_POINT('Origin',(61.3710678118653,-2.00000000000006,-50.3000000000001));
#2328=CARTESIAN_POINT('',(61.3710678118653,-2.00000000000006,-50.3000000000001));
#2329=CARTESIAN_POINT('Origin',(36.7710678118653,-2.00000000000003,-50.3000000000001));
#2330=CARTESIAN_POINT('',(36.7710678118653,-2.00000000000003,-50.3000000000001));
#2331=CARTESIAN_POINT('Origin',(36.7710678118653,-2.00000000000002,-61.9000000000001));
#2332=CARTESIAN_POINT('',(36.7710678118653,-2.00000000000002,-61.9000000000001));
#2333=CARTESIAN_POINT('Origin',(46.4557420940636,-2.00000000000003,-61.9000000000001));
#2334=CARTESIAN_POINT('Origin',(44.0710678118654,-2.00000000000003,-55.625157492217));
#2335=UNCERTAINTY_MEASURE_WITH_UNIT(LENGTH_MEASURE(0.01),#2339,
'DISTANCE_ACCURACY_VALUE',
'Maximum model space distance between geometric entities at asserted c
onnectivities');
#2336=UNCERTAINTY_MEASURE_WITH_UNIT(LENGTH_MEASURE(0.01),#2339,
'DISTANCE_ACCURACY_VALUE',
'Maximum model space distance between geometric entities at asserted c
onnectivities');
#2337=(
GEOMETRIC_REPRESENTATION_CONTEXT(3)
GLOBAL_UNCERTAINTY_ASSIGNED_CONTEXT((#2335))
GLOBAL_UNIT_ASSIGNED_CONTEXT((#2339,#2341,#2342))
REPRESENTATION_CONTEXT('','3D')
);
#2338=(
GEOMETRIC_REPRESENTATION_CONTEXT(3)
GLOBAL_UNCERTAINTY_ASSIGNED_CONTEXT((#2336))
GLOBAL_UNIT_ASSIGNED_CONTEXT((#2339,#2341,#2342))
REPRESENTATION_CONTEXT('','3D')
);
#2339=(
LENGTH_UNIT()
NAMED_UNIT(*)
SI_UNIT(.MILLI.,.METRE.)
);
#2340=(
LENGTH_UNIT()
NAMED_UNIT(*)
SI_UNIT($,.METRE.)
);
#2341=(
NAMED_UNIT(*)
PLANE_ANGLE_UNIT()
SI_UNIT($,.RADIAN.)
);
#2342=(
NAMED_UNIT(*)
SI_UNIT($,.STERADIAN.)
SOLID_ANGLE_UNIT()
);
#2343=SHAPE_DEFINITION_REPRESENTATION(#2344,#2345);
#2344=PRODUCT_DEFINITION_SHAPE('',$,#2347);
#2345=SHAPE_REPRESENTATION('',(#1399),#2337);
#2346=PRODUCT_DEFINITION_CONTEXT('part definition',#2351,'design');
#2347=PRODUCT_DEFINITION('Telem Terminal Block','Telem Terminal Block',
#2348,#2346);
#2348=PRODUCT_DEFINITION_FORMATION('',$,#2353);
#2349=PRODUCT_RELATED_PRODUCT_CATEGORY('Telem Terminal Block',
'Telem Terminal Block',(#2353));
#2350=APPLICATION_PROTOCOL_DEFINITION('international standard',
'automotive_design',2009,#2351);
#2351=APPLICATION_CONTEXT(
'Core Data for Automotive Mechanical Design Process');
#2352=PRODUCT_CONTEXT('part definition',#2351,'mechanical');
#2353=PRODUCT('Telem Terminal Block','Telem Terminal Block',$,(#2352));
#2354=PRESENTATION_STYLE_ASSIGNMENT((#2355));
#2355=SURFACE_STYLE_USAGE(.BOTH.,#2356);
#2356=SURFACE_SIDE_STYLE('',(#2357));
#2357=SURFACE_STYLE_FILL_AREA(#2358);
#2358=FILL_AREA_STYLE('Steel - Satin',(#2359));
#2359=FILL_AREA_STYLE_COLOUR('Steel - Satin',#2360);
#2360=COLOUR_RGB('Steel - Satin',0.627450980392157,0.627450980392157,0.627450980392157);
ENDSEC;
END-ISO-10303-21;
