ISO-10303-21;
HEADER;
/* Generated by software containing ST-Developer
 * from STEP Tools, Inc. (www.steptools.com) 
 */

FILE_DESCRIPTION(
/* description */ (''),
/* implementation_level */ '2;1');

FILE_NAME(
/* name */ 'Base Body.step',
/* time_stamp */ '2025-05-01T08:19:21+01:00',
/* author */ (''),
/* organization */ (''),
/* preprocessor_version */ 'ST-DEVELOPER v20.1',
/* originating_system */ 'Autodesk Translation Framework v14.4.0.0',
/* authorisation */ '');

FILE_SCHEMA (('AUTOMOTIVE_DESIGN { 1 0 10303 214 3 1 1 }'));
ENDSEC;

DATA;
#10=MECHANICAL_DESIGN_GEOMETRIC_PRESENTATION_REPRESENTATION('',(#13),#11416);
#11=SHAPE_REPRESENTATION_RELATIONSHIP('SRR','None',#11423,#12);
#12=ADVANCED_BREP_SHAPE_REPRESENTATION('',(#14),#11415);
#13=STYLED_ITEM('',(#11432),#14);
#14=MANIFOLD_SOLID_BREP('Base Towers',#4557);
#15=(
BOUNDED_SURFACE()
B_SPLINE_SURFACE(5,1,((#8273,#8274),(#8275,#8276),(#8277,#8278),(#8279,
#8280),(#8281,#8282),(#8283,#8284),(#8285,#8286),(#8287,#8288),(#8289,#8290),
(#8291,#8292),(#8293,#8294),(#8295,#8296),(#8297,#8298),(#8299,#8300),(#8301,
#8302)),.UNSPECIFIED.,.F.,.F.,.F.)
B_SPLINE_SURFACE_WITH_KNOTS((6,1,1,1,1,1,1,1,1,1,6),(2,2),(0.,0.1,0.2,0.3,
0.4,0.5,0.6,0.7,0.8,0.9,1.),(0.,3.8),.UNSPECIFIED.)
GEOMETRIC_REPRESENTATION_ITEM()
RATIONAL_B_SPLINE_SURFACE(((1.,1.),(1.,1.),(1.,1.),(1.,1.),(1.,1.),(1.,
1.),(1.,1.),(1.,1.),(1.,1.),(1.,1.),(1.,1.),(1.,1.),(1.,1.),(1.,1.),(1.,
1.)))
REPRESENTATION_ITEM('')
SURFACE()
);
#16=(
BOUNDED_SURFACE()
B_SPLINE_SURFACE(5,1,((#9095,#9096),(#9097,#9098),(#9099,#9100),(#9101,
#9102),(#9103,#9104),(#9105,#9106),(#9107,#9108),(#9109,#9110),(#9111,#9112),
(#9113,#9114),(#9115,#9116),(#9117,#9118),(#9119,#9120),(#9121,#9122),(#9123,
#9124)),.UNSPECIFIED.,.F.,.F.,.F.)
B_SPLINE_SURFACE_WITH_KNOTS((6,1,1,1,1,1,1,1,1,1,6),(2,2),(0.,0.1,0.2,0.3,
0.4,0.5,0.6,0.7,0.8,0.9,1.),(-1.1,1.1),.UNSPECIFIED.)
GEOMETRIC_REPRESENTATION_ITEM()
RATIONAL_B_SPLINE_SURFACE(((1.,1.),(1.,1.),(1.,1.),(1.,1.),(1.,1.),(1.,
1.),(1.,1.),(1.,1.),(1.,1.),(1.,1.),(1.,1.),(1.,1.),(1.,1.),(1.,1.),(1.,
1.)))
REPRESENTATION_ITEM('')
SURFACE()
);
#17=(
BOUNDED_SURFACE()
B_SPLINE_SURFACE(5,1,((#10305,#10306),(#10307,#10308),(#10309,#10310),(#10311,
#10312),(#10313,#10314),(#10315,#10316),(#10317,#10318),(#10319,#10320)),
 .UNSPECIFIED.,.F.,.F.,.F.)
B_SPLINE_SURFACE_WITH_KNOTS((6,1,1,6),(2,2),(0.,0.0666666666666667,0.133333333333333,
0.181243225914658),(0.,3.8),.UNSPECIFIED.)
GEOMETRIC_REPRESENTATION_ITEM()
RATIONAL_B_SPLINE_SURFACE(((1.,1.),(1.,1.),(1.,1.),(1.,1.),(1.,1.),(1.,
1.),(1.,1.),(1.,1.)))
REPRESENTATION_ITEM('')
SURFACE()
);
#18=(
BOUNDED_SURFACE()
B_SPLINE_SURFACE(5,1,((#10369,#10370),(#10371,#10372),(#10373,#10374),(#10375,
#10376),(#10377,#10378),(#10379,#10380),(#10381,#10382),(#10383,#10384),
(#10385,#10386),(#10387,#10388),(#10389,#10390),(#10391,#10392),(#10393,
#10394),(#10395,#10396),(#10397,#10398),(#10399,#10400),(#10401,#10402),
(#10403,#10404)),.UNSPECIFIED.,.F.,.F.,.F.)
B_SPLINE_SURFACE_WITH_KNOTS((6,1,1,1,1,1,1,1,1,1,1,1,1,6),(2,2),(-1.,-0.933333333333333,
-0.866666666666667,-0.8,-0.733333333333333,-0.666666666666667,-0.6,-0.533333333333333,
-0.466666666666667,-0.4,-0.333333333333333,-0.266666666666667,-0.2,-0.181243225914661),
(0.,3.8),.UNSPECIFIED.)
GEOMETRIC_REPRESENTATION_ITEM()
RATIONAL_B_SPLINE_SURFACE(((1.,1.),(1.,1.),(1.,1.),(1.,1.),(1.,1.),(1.,
1.),(1.,1.),(1.,1.),(1.,1.),(1.,1.),(1.,1.),(1.,1.),(1.,1.),(1.,1.),(1.,
1.),(1.,1.),(1.,1.),(1.,1.)))
REPRESENTATION_ITEM('')
SURFACE()
);
#19=(
BOUNDED_SURFACE()
B_SPLINE_SURFACE(5,1,((#10555,#10556),(#10557,#10558),(#10559,#10560),(#10561,
#10562),(#10563,#10564),(#10565,#10566),(#10567,#10568),(#10569,#10570),
(#10571,#10572),(#10573,#10574),(#10575,#10576),(#10577,#10578),(#10579,
#10580),(#10581,#10582),(#10583,#10584),(#10585,#10586),(#10587,#10588),
(#10589,#10590)),.UNSPECIFIED.,.F.,.F.,.F.)
B_SPLINE_SURFACE_WITH_KNOTS((6,1,1,1,1,1,1,1,1,1,1,1,1,6),(2,2),(-1.,-0.933333333333333,
-0.866666666666667,-0.8,-0.733333333333333,-0.666666666666667,-0.6,-0.533333333333333,
-0.466666666666667,-0.4,-0.333333333333333,-0.266666666666667,-0.2,-0.181243225914661),
(0.,3.8),.UNSPECIFIED.)
GEOMETRIC_REPRESENTATION_ITEM()
RATIONAL_B_SPLINE_SURFACE(((1.,1.),(1.,1.),(1.,1.),(1.,1.),(1.,1.),(1.,
1.),(1.,1.),(1.,1.),(1.,1.),(1.,1.),(1.,1.),(1.,1.),(1.,1.),(1.,1.),(1.,
1.),(1.,1.),(1.,1.),(1.,1.)))
REPRESENTATION_ITEM('')
SURFACE()
);
#20=(
BOUNDED_SURFACE()
B_SPLINE_SURFACE(5,1,((#10659,#10660),(#10661,#10662),(#10663,#10664),(#10665,
#10666),(#10667,#10668),(#10669,#10670),(#10671,#10672),(#10673,#10674)),
 .UNSPECIFIED.,.F.,.F.,.F.)
B_SPLINE_SURFACE_WITH_KNOTS((6,1,1,6),(2,2),(0.,0.0666666666666667,0.133333333333333,
0.181243225914658),(0.,3.8),.UNSPECIFIED.)
GEOMETRIC_REPRESENTATION_ITEM()
RATIONAL_B_SPLINE_SURFACE(((1.,1.),(1.,1.),(1.,1.),(1.,1.),(1.,1.),(1.,
1.),(1.,1.),(1.,1.)))
REPRESENTATION_ITEM('')
SURFACE()
);
#21=TOROIDAL_SURFACE('',#4712,18.,7.);
#22=B_SPLINE_SURFACE_WITH_KNOTS('',3,3,((#6392,#6393,#6394,#6395),(#6396,
#6397,#6398,#6399),(#6400,#6401,#6402,#6403),(#6404,#6405,#6406,#6407),
(#6408,#6409,#6410,#6411),(#6412,#6413,#6414,#6415)),.UNSPECIFIED.,.F.,
 .F.,.F.,(4,1,1,4),(4,4),(0.,0.285714285714286,0.571428571428571,1.),(0.,
0.514842358305653),.UNSPECIFIED.);
#23=B_SPLINE_SURFACE_WITH_KNOTS('',3,3,((#6681,#6682,#6683,#6684,#6685,
#6686,#6687),(#6688,#6689,#6690,#6691,#6692,#6693,#6694),(#6695,#6696,#6697,
#6698,#6699,#6700,#6701),(#6702,#6703,#6704,#6705,#6706,#6707,#6708),(#6709,
#6710,#6711,#6712,#6713,#6714,#6715)),.UNSPECIFIED.,.F.,.F.,.F.,(4,1,4),
(4,1,1,1,4),(0.,0.571428571428571,1.),(0.,0.45566812890024,1.36700438670072,
2.2783406445012,3.18967690230168),.UNSPECIFIED.);
#24=B_SPLINE_SURFACE_WITH_KNOTS('',3,3,((#6839,#6840,#6841,#6842),(#6843,
#6844,#6845,#6846),(#6847,#6848,#6849,#6850),(#6851,#6852,#6853,#6854),
(#6855,#6856,#6857,#6858),(#6859,#6860,#6861,#6862)),.UNSPECIFIED.,.F.,
 .F.,.F.,(4,1,1,4),(4,4),(0.,0.285714285714286,0.571428571428571,1.),(-1.03456658434021,
0.),.UNSPECIFIED.);
#25=B_SPLINE_SURFACE_WITH_KNOTS('',3,3,((#6871,#6872,#6873,#6874,#6875,
#6876),(#6877,#6878,#6879,#6880,#6881,#6882),(#6883,#6884,#6885,#6886,#6887,
#6888),(#6889,#6890,#6891,#6892,#6893,#6894),(#6895,#6896,#6897,#6898,#6899,
#6900),(#6901,#6902,#6903,#6904,#6905,#6906)),.UNSPECIFIED.,.F.,.F.,.F.,
(4,1,1,4),(4,1,1,4),(0.,0.285714285714286,0.571428571428571,1.),(0.,0.0785373479513514,
0.157074695902703,0.27488071782973),.UNSPECIFIED.);
#26=B_SPLINE_SURFACE_WITH_KNOTS('',3,3,((#6919,#6920,#6921,#6922,#6923,
#6924),(#6925,#6926,#6927,#6928,#6929,#6930),(#6931,#6932,#6933,#6934,#6935,
#6936),(#6937,#6938,#6939,#6940,#6941,#6942),(#6943,#6944,#6945,#6946,#6947,
#6948),(#6949,#6950,#6951,#6952,#6953,#6954)),.UNSPECIFIED.,.F.,.F.,.F.,
(4,1,1,4),(4,1,1,4),(0.,0.285714285714286,0.571428571428571,1.),(0.,0.117809837754895,
0.196349729591491,0.274889621428088),.UNSPECIFIED.);
#27=B_SPLINE_SURFACE_WITH_KNOTS('',3,3,((#6963,#6964,#6965,#6966),(#6967,
#6968,#6969,#6970),(#6971,#6972,#6973,#6974),(#6975,#6976,#6977,#6978),
(#6979,#6980,#6981,#6982),(#6983,#6984,#6985,#6986)),.UNSPECIFIED.,.F.,
 .F.,.F.,(4,1,1,4),(4,4),(0.,0.285714285714286,0.571428571428571,1.),(-3.68520236799958,
-2.65069073422856),.UNSPECIFIED.);
#28=B_SPLINE_SURFACE_WITH_KNOTS('',3,3,((#6993,#6994,#6995,#6996,#6997,
#6998),(#6999,#7000,#7001,#7002,#7003,#7004),(#7005,#7006,#7007,#7008,#7009,
#7010),(#7011,#7012,#7013,#7014,#7015,#7016),(#7017,#7018,#7019,#7020,#7021,
#7022),(#7023,#7024,#7025,#7026,#7027,#7028)),.UNSPECIFIED.,.F.,.F.,.F.,
(4,1,1,4),(4,2,4),(0.,0.285714285714286,0.571428571428571,1.),(-3.8223049795131E-10,
0.804849206286294,1.48807968491871),.UNSPECIFIED.);
#29=B_SPLINE_SURFACE_WITH_KNOTS('',3,3,((#7044,#7045,#7046,#7047,#7048,
#7049,#7050,#7051),(#7052,#7053,#7054,#7055,#7056,#7057,#7058,#7059),(#7060,
#7061,#7062,#7063,#7064,#7065,#7066,#7067),(#7068,#7069,#7070,#7071,#7072,
#7073,#7074,#7075),(#7076,#7077,#7078,#7079,#7080,#7081,#7082,#7083),(#7084,
#7085,#7086,#7087,#7088,#7089,#7090,#7091)),.UNSPECIFIED.,.F.,.F.,.F.,(4,
1,1,4),(4,2,2,4),(0.,0.285714285714286,0.571428571428571,1.),(-1.4881268702263,
-0.885769846029763,-0.391854500880638,0.),.UNSPECIFIED.);
#30=B_SPLINE_SURFACE_WITH_KNOTS('',3,3,((#7102,#7103,#7104,#7105,#7106,
#7107),(#7108,#7109,#7110,#7111,#7112,#7113),(#7114,#7115,#7116,#7117,#7118,
#7119),(#7120,#7121,#7122,#7123,#7124,#7125),(#7126,#7127,#7128,#7129,#7130,
#7131)),.UNSPECIFIED.,.F.,.F.,.F.,(4,1,4),(4,2,4),(0.,0.571428571428571,
1.),(-1.04077100542658,0.071995884601384,1.16383738392721),
 .UNSPECIFIED.);
#31=B_SPLINE_SURFACE_WITH_KNOTS('',3,3,((#7178,#7179,#7180,#7181,#7182,
#7183),(#7184,#7185,#7186,#7187,#7188,#7189),(#7190,#7191,#7192,#7193,#7194,
#7195),(#7196,#7197,#7198,#7199,#7200,#7201),(#7202,#7203,#7204,#7205,#7206,
#7207)),.UNSPECIFIED.,.F.,.F.,.F.,(4,1,4),(4,2,4),(0.,0.571428571428571,
1.),(-2.20460839074544,-1.09184150071557,0.),.UNSPECIFIED.);
#32=B_SPLINE_SURFACE_WITH_KNOTS('',3,3,((#7254,#7255,#7256,#7257),(#7258,
#7259,#7260,#7261),(#7262,#7263,#7264,#7265),(#7266,#7267,#7268,#7269),
(#7270,#7271,#7272,#7273),(#7274,#7275,#7276,#7277)),.UNSPECIFIED.,.F.,
 .F.,.F.,(4,1,1,4),(4,4),(0.,0.396224199321368,0.660373665535613,0.924523131749858),
(-1.06978706163827E-16,1.02028587225949),.UNSPECIFIED.);
#33=B_SPLINE_SURFACE_WITH_KNOTS('',3,3,((#7293,#7294,#7295,#7296),(#7297,
#7298,#7299,#7300),(#7301,#7302,#7303,#7304),(#7305,#7306,#7307,#7308),
(#7309,#7310,#7311,#7312)),.UNSPECIFIED.,.F.,.F.,.F.,(4,1,4),(4,4),(0.,
0.351170886733527,0.819398735711563),(1.02028546301537,1.36112660286644),
 .UNSPECIFIED.);
#34=B_SPLINE_SURFACE_WITH_KNOTS('',3,3,((#7319,#7320,#7321,#7322),(#7323,
#7324,#7325,#7326),(#7327,#7328,#7329,#7330),(#7331,#7332,#7333,#7334),
(#7335,#7336,#7337,#7338)),.UNSPECIFIED.,.F.,.F.,.F.,(4,1,4),(4,4),(0.,
0.331973475674798,0.774604776574528),(0.,1.31314009732348),
 .UNSPECIFIED.);
#35=B_SPLINE_SURFACE_WITH_KNOTS('',3,3,((#7345,#7346,#7347,#7348,#7349,
#7350,#7351,#7352),(#7353,#7354,#7355,#7356,#7357,#7358,#7359,#7360),(#7361,
#7362,#7363,#7364,#7365,#7366,#7367,#7368),(#7369,#7370,#7371,#7372,#7373,
#7374,#7375,#7376),(#7377,#7378,#7379,#7380,#7381,#7382,#7383,#7384)),
 .UNSPECIFIED.,.F.,.F.,.F.,(4,1,4),(4,1,1,1,1,4),(0.,0.571428571428571,
1.),(0.,0.455686902353558,1.36706070706067,2.27843451176779,2.73412141412135,
3.1898083164749),.UNSPECIFIED.);
#36=B_SPLINE_SURFACE_WITH_KNOTS('',3,3,((#7395,#7396,#7397,#7398),(#7399,
#7400,#7401,#7402),(#7403,#7404,#7405,#7406),(#7407,#7408,#7409,#7410),
(#7411,#7412,#7413,#7414)),.UNSPECIFIED.,.F.,.F.,.F.,(4,1,4),(4,4),(0.,
0.331973515627743,0.774604869798067),(3.14671403829606E-12,1.31314009707345),
 .UNSPECIFIED.);
#37=B_SPLINE_SURFACE_WITH_KNOTS('',3,3,((#7421,#7422,#7423,#7424),(#7425,
#7426,#7427,#7428),(#7429,#7430,#7431,#7432),(#7433,#7434,#7435,#7436),
(#7437,#7438,#7439,#7440)),.UNSPECIFIED.,.F.,.F.,.F.,(4,1,4),(4,4),(0.,
0.351170886733545,0.819398735711605),(0.,0.340841139851281),
 .UNSPECIFIED.);
#38=B_SPLINE_SURFACE_WITH_KNOTS('',3,3,((#7478,#7479,#7480,#7481),(#7482,
#7483,#7484,#7485),(#7486,#7487,#7488,#7489),(#7490,#7491,#7492,#7493),
(#7494,#7495,#7496,#7497),(#7498,#7499,#7500,#7501)),.UNSPECIFIED.,.F.,
 .F.,.F.,(4,1,1,4),(4,4),(0.,0.285714285714286,0.571428571428571,1.),(1.02028546301549,
1.36112660286665),.UNSPECIFIED.);
#39=B_SPLINE_SURFACE_WITH_KNOTS('',3,3,((#7516,#7517,#7518,#7519),(#7520,
#7521,#7522,#7523),(#7524,#7525,#7526,#7527),(#7528,#7529,#7530,#7531),
(#7532,#7533,#7534,#7535)),.UNSPECIFIED.,.F.,.F.,.F.,(4,1,4),(4,4),(0.,
0.571428571428571,1.),(0.,2.35661027668232),.UNSPECIFIED.);
#40=B_SPLINE_SURFACE_WITH_KNOTS('',3,3,((#7547,#7548,#7549,#7550),(#7551,
#7552,#7553,#7554),(#7555,#7556,#7557,#7558),(#7559,#7560,#7561,#7562),
(#7563,#7564,#7565,#7566),(#7567,#7568,#7569,#7570)),.UNSPECIFIED.,.F.,
 .F.,.F.,(4,1,1,4),(4,4),(0.,0.285714285714286,0.571428571428571,1.),(0.,
0.514842358076137),.UNSPECIFIED.);
#41=B_SPLINE_SURFACE_WITH_KNOTS('',3,3,((#7590,#7591,#7592,#7593),(#7594,
#7595,#7596,#7597),(#7598,#7599,#7600,#7601),(#7602,#7603,#7604,#7605),
(#7606,#7607,#7608,#7609)),.UNSPECIFIED.,.F.,.F.,.F.,(4,1,4),(4,4),(0.,
0.571428571428571,1.),(0.,2.35661027662858),.UNSPECIFIED.);
#42=B_SPLINE_SURFACE_WITH_KNOTS('',3,3,((#7621,#7622,#7623,#7624),(#7625,
#7626,#7627,#7628),(#7629,#7630,#7631,#7632),(#7633,#7634,#7635,#7636),
(#7637,#7638,#7639,#7640),(#7641,#7642,#7643,#7644)),.UNSPECIFIED.,.F.,
 .F.,.F.,(4,1,1,4),(4,4),(0.,0.285714285714286,0.571428571428571,1.),(5.93706145840677E-14,
0.340841139851338),.UNSPECIFIED.);
#43=B_SPLINE_SURFACE_WITH_KNOTS('',3,3,((#7656,#7657,#7658,#7659),(#7660,
#7661,#7662,#7663),(#7664,#7665,#7666,#7667),(#7668,#7669,#7670,#7671),
(#7672,#7673,#7674,#7675),(#7676,#7677,#7678,#7679)),.UNSPECIFIED.,.F.,
 .F.,.F.,(4,1,1,4),(4,4),(0.,0.285714285714286,0.571428571428571,1.),(-7.0249020738354E-15,
1.02028587225953),.UNSPECIFIED.);
#44=B_SPLINE_SURFACE_WITH_KNOTS('',3,3,((#7695,#7696,#7697,#7698),(#7699,
#7700,#7701,#7702),(#7703,#7704,#7705,#7706),(#7707,#7708,#7709,#7710)),
 .UNSPECIFIED.,.F.,.F.,.F.,(4,4),(4,4),(0.,1.),(1.27675647831893E-15,0.0101428603823943),
 .UNSPECIFIED.);
#45=B_SPLINE_SURFACE_WITH_KNOTS('',3,3,((#7715,#7716,#7717,#7718),(#7719,
#7720,#7721,#7722),(#7723,#7724,#7725,#7726),(#7727,#7728,#7729,#7730),
(#7731,#7732,#7733,#7734),(#7735,#7736,#7737,#7738)),.UNSPECIFIED.,.F.,
 .F.,.F.,(4,1,1,4),(4,4),(0.,0.396224199321367,0.660373665535612,0.924523131749856),
(0.,1.02028587225927),.UNSPECIFIED.);
#46=B_SPLINE_SURFACE_WITH_KNOTS('',3,3,((#7755,#7756,#7757,#7758),(#7759,
#7760,#7761,#7762),(#7763,#7764,#7765,#7766),(#7767,#7768,#7769,#7770),
(#7771,#7772,#7773,#7774),(#7775,#7776,#7777,#7778)),.UNSPECIFIED.,.F.,
 .F.,.F.,(4,1,1,4),(4,4),(0.,0.285714285714286,0.571428571428571,1.),(0.,
1.02028587225936),.UNSPECIFIED.);
#47=B_SPLINE_SURFACE_WITH_KNOTS('',3,3,((#7824,#7825,#7826,#7827,#7828,
#7829,#7830),(#7831,#7832,#7833,#7834,#7835,#7836,#7837),(#7838,#7839,#7840,
#7841,#7842,#7843,#7844),(#7845,#7846,#7847,#7848,#7849,#7850,#7851)),
 .UNSPECIFIED.,.F.,.F.,.F.,(4,4),(4,1,1,1,4),(0.,1.),(2.44545326582457E-15,
2.14824622563723,3.22236933845584,5.37061556409306,7.51886178973028),
 .UNSPECIFIED.);
#48=B_SPLINE_SURFACE_WITH_KNOTS('',3,3,((#7962,#7963,#7964,#7965,#7966,
#7967,#7968),(#7969,#7970,#7971,#7972,#7973,#7974,#7975),(#7976,#7977,#7978,
#7979,#7980,#7981,#7982),(#7983,#7984,#7985,#7986,#7987,#7988,#7989)),
 .UNSPECIFIED.,.F.,.F.,.F.,(4,4),(4,1,1,1,4),(0.,1.),(1.04345226683947E-13,
2.1482462256401,4.29649245128009,6.44473867692009,7.51886178974009),
 .UNSPECIFIED.);
#49=B_SPLINE_SURFACE_WITH_KNOTS('',3,3,((#8067,#8068,#8069,#8070,#8071,
#8072,#8073,#8074,#8075),(#8076,#8077,#8078,#8079,#8080,#8081,#8082,#8083,
#8084),(#8085,#8086,#8087,#8088,#8089,#8090,#8091,#8092,#8093),(#8094,#8095,
#8096,#8097,#8098,#8099,#8100,#8101,#8102)),.UNSPECIFIED.,.F.,.F.,.F.,(4,
4),(4,1,1,1,1,1,4),(0.385592403060639,0.821590552001283),(0.,0.210378412584621,
0.315567618876932,0.420756825169243,0.525946031461554,0.631135237753864,
0.736324444046175),.UNSPECIFIED.);
#50=B_SPLINE_SURFACE_WITH_KNOTS('',3,3,((#8121,#8122,#8123,#8124,#8125,
#8126,#8127,#8128,#8129,#8130,#8131,#8132,#8133,#8134,#8135,#8136,#8137,
#8138),(#8139,#8140,#8141,#8142,#8143,#8144,#8145,#8146,#8147,#8148,#8149,
#8150,#8151,#8152,#8153,#8154,#8155,#8156),(#8157,#8158,#8159,#8160,#8161,
#8162,#8163,#8164,#8165,#8166,#8167,#8168,#8169,#8170,#8171,#8172,#8173,
#8174),(#8175,#8176,#8177,#8178,#8179,#8180,#8181,#8182,#8183,#8184,#8185,
#8186,#8187,#8188,#8189,#8190,#8191,#8192),(#8193,#8194,#8195,#8196,#8197,
#8198,#8199,#8200,#8201,#8202,#8203,#8204,#8205,#8206,#8207,#8208,#8209,
#8210),(#8211,#8212,#8213,#8214,#8215,#8216,#8217,#8218,#8219,#8220,#8221,
#8222,#8223,#8224,#8225,#8226,#8227,#8228),(#8229,#8230,#8231,#8232,#8233,
#8234,#8235,#8236,#8237,#8238,#8239,#8240,#8241,#8242,#8243,#8244,#8245,
#8246)),.UNSPECIFIED.,.F.,.F.,.F.,(4,1,1,1,4),(4,1,1,1,1,1,1,1,1,1,1,1,
1,1,1,4),(0.,0.285714285714286,0.571428571428571,0.857142857142857,1.),
(0.309388591436274,0.820352231671924,1.62837344565298,3.22196336924557,
4.01231567886529,4.79781615123452,5.57484016880441,6.34141931223114,7.09855243168706,
7.84968290457156,8.23427835071026,8.59929185138941,8.7777225358281,8.97678239236869,
9.16965821240926,9.3677010821311),.UNSPECIFIED.);
#51=B_SPLINE_SURFACE_WITH_KNOTS('',3,3,((#8323,#8324,#8325,#8326,#8327,
#8328,#8329,#8330,#8331,#8332,#8333,#8334,#8335,#8336,#8337,#8338,#8339,
#8340),(#8341,#8342,#8343,#8344,#8345,#8346,#8347,#8348,#8349,#8350,#8351,
#8352,#8353,#8354,#8355,#8356,#8357,#8358),(#8359,#8360,#8361,#8362,#8363,
#8364,#8365,#8366,#8367,#8368,#8369,#8370,#8371,#8372,#8373,#8374,#8375,
#8376),(#8377,#8378,#8379,#8380,#8381,#8382,#8383,#8384,#8385,#8386,#8387,
#8388,#8389,#8390,#8391,#8392,#8393,#8394),(#8395,#8396,#8397,#8398,#8399,
#8400,#8401,#8402,#8403,#8404,#8405,#8406,#8407,#8408,#8409,#8410,#8411,
#8412),(#8413,#8414,#8415,#8416,#8417,#8418,#8419,#8420,#8421,#8422,#8423,
#8424,#8425,#8426,#8427,#8428,#8429,#8430),(#8431,#8432,#8433,#8434,#8435,
#8436,#8437,#8438,#8439,#8440,#8441,#8442,#8443,#8444,#8445,#8446,#8447,
#8448)),.UNSPECIFIED.,.F.,.F.,.F.,(4,1,1,1,4),(4,1,1,1,1,1,1,1,1,1,1,1,
1,1,1,4),(0.,0.285714285714286,0.571428571428571,0.857142857142857,1.),
(1.58379819418094,1.78184106399357,1.97471688393004,2.1737767403769,2.35220742492956,
2.71722092547113,3.10181637174529,3.85294684463032,4.61007996408561,5.37665910751349,
6.15368312508116,6.93918359745441,7.72953590706787,9.32312583066929,10.1311470446019,
10.6421106847386),.UNSPECIFIED.);
#52=B_SPLINE_SURFACE_WITH_KNOTS('',3,3,((#8473,#8474,#8475,#8476,#8477,
#8478,#8479,#8480,#8481),(#8482,#8483,#8484,#8485,#8486,#8487,#8488,#8489,
#8490),(#8491,#8492,#8493,#8494,#8495,#8496,#8497,#8498,#8499),(#8500,#8501,
#8502,#8503,#8504,#8505,#8506,#8507,#8508)),.UNSPECIFIED.,.F.,.F.,.F.,(4,
4),(4,1,1,1,1,1,4),(0.178409448000743,0.614407596933185),(0.,0.105189206289463,
0.31556761886839,0.420756825157854,0.525946031447317,0.63113523773678,0.736324444026244),
 .UNSPECIFIED.);
#53=B_SPLINE_SURFACE_WITH_KNOTS('',3,3,((#8529,#8530,#8531,#8532,#8533),
(#8534,#8535,#8536,#8537,#8538),(#8539,#8540,#8541,#8542,#8543),(#8544,
#8545,#8546,#8547,#8548),(#8549,#8550,#8551,#8552,#8553)),.UNSPECIFIED.,
 .F.,.F.,.F.,(4,1,4),(4,1,4),(0.,0.571428571428571,1.),(-2.59618282018993,
-1.48353304010853,0.),.UNSPECIFIED.);
#54=B_SPLINE_SURFACE_WITH_KNOTS('',3,3,((#8567,#8568,#8569,#8570,#8571,
#8572),(#8573,#8574,#8575,#8576,#8577,#8578),(#8579,#8580,#8581,#8582,#8583,
#8584),(#8585,#8586,#8587,#8588,#8589,#8590),(#8591,#8592,#8593,#8594,#8595,
#8596)),.UNSPECIFIED.,.F.,.F.,.F.,(4,1,4),(4,2,4),(0.,0.571428571428571,
1.),(-0.767394589413767,-0.302079318351772,0.),.UNSPECIFIED.);
#55=B_SPLINE_SURFACE_WITH_KNOTS('',3,3,((#8612,#8613,#8614,#8615,#8616,
#8617,#8618,#8619),(#8620,#8621,#8622,#8623,#8624,#8625,#8626,#8627),(#8628,
#8629,#8630,#8631,#8632,#8633,#8634,#8635),(#8636,#8637,#8638,#8639,#8640,
#8641,#8642,#8643),(#8644,#8645,#8646,#8647,#8648,#8649,#8650,#8651),(#8652,
#8653,#8654,#8655,#8656,#8657,#8658,#8659)),.UNSPECIFIED.,.F.,.F.,.F.,(4,
1,1,4),(4,2,2,4),(0.,0.285714285714286,0.571428571428571,1.),(-2.28997572610958,
-0.932125159504942,-0.238357032108371,0.),.UNSPECIFIED.);
#56=B_SPLINE_SURFACE_WITH_KNOTS('',3,3,((#8727,#8728,#8729,#8730,#8731,
#8732,#8733,#8734,#8735,#8736,#8737,#8738),(#8739,#8740,#8741,#8742,#8743,
#8744,#8745,#8746,#8747,#8748,#8749,#8750),(#8751,#8752,#8753,#8754,#8755,
#8756,#8757,#8758,#8759,#8760,#8761,#8762),(#8763,#8764,#8765,#8766,#8767,
#8768,#8769,#8770,#8771,#8772,#8773,#8774)),.UNSPECIFIED.,.F.,.F.,.F.,(4,
4),(4,1,1,1,1,1,1,1,1,4),(0.,1.),(3.562015075413,3.78665270767261,4.16311386439285,
4.41049000377798,5.02502604572777,5.20389233049106,5.64853294075538,6.94696670311413,
7.628968235091,7.63638643054908),.UNSPECIFIED.);
#57=B_SPLINE_SURFACE_WITH_KNOTS('',3,3,((#8791,#8792,#8793,#8794,#8795,
#8796),(#8797,#8798,#8799,#8800,#8801,#8802),(#8803,#8804,#8805,#8806,#8807,
#8808),(#8809,#8810,#8811,#8812,#8813,#8814)),.UNSPECIFIED.,.F.,.F.,.F.,
(4,4),(4,2,4),(0.571316025342432,1.),(2.77291176657165,3.0951109720453,
3.56201507541464),.UNSPECIFIED.);
#58=B_SPLINE_SURFACE_WITH_KNOTS('',3,3,((#8821,#8822,#8823,#8824,#8825,
#8826,#8827,#8828,#8829),(#8830,#8831,#8832,#8833,#8834,#8835,#8836,#8837,
#8838),(#8839,#8840,#8841,#8842,#8843,#8844,#8845,#8846,#8847),(#8848,#8849,
#8850,#8851,#8852,#8853,#8854,#8855,#8856)),.UNSPECIFIED.,.F.,.F.,.F.,(4,
4),(4,1,1,1,1,1,4),(0.178409447997554,0.926299189577424),(0.,0.115276432603793,
0.345829297811378,0.461105730415171,0.576382163018964,0.691658595622756,
0.806935028226549),.UNSPECIFIED.);
#59=B_SPLINE_SURFACE_WITH_KNOTS('',3,3,((#8908,#8909,#8910,#8911,#8912),
(#8913,#8914,#8915,#8916,#8917),(#8918,#8919,#8920,#8921,#8922),(#8923,
#8924,#8925,#8926,#8927),(#8928,#8929,#8930,#8931,#8932)),.UNSPECIFIED.,
 .F.,.F.,.F.,(4,1,4),(4,1,4),(0.,0.571428571428571,1.),(0.610110175122256,
2.0936433182943,3.20629317567333),.UNSPECIFIED.);
#60=B_SPLINE_SURFACE_WITH_KNOTS('',3,3,((#8946,#8947,#8948,#8949),(#8950,
#8951,#8952,#8953),(#8954,#8955,#8956,#8957),(#8958,#8959,#8960,#8961),
(#8962,#8963,#8964,#8965),(#8966,#8967,#8968,#8969)),.UNSPECIFIED.,.F.,
 .F.,.F.,(4,1,1,4),(4,4),(0.,0.285714285714286,0.571428571428571,1.),(-9.14219949845706E-15,
0.767394576106827),.UNSPECIFIED.);
#61=B_SPLINE_SURFACE_WITH_KNOTS('',3,3,((#8981,#8982,#8983,#8984,#8985,
#8986,#8987,#8988,#8989),(#8990,#8991,#8992,#8993,#8994,#8995,#8996,#8997,
#8998),(#8999,#9000,#9001,#9002,#9003,#9004,#9005,#9006,#9007),(#9008,#9009,
#9010,#9011,#9012,#9013,#9014,#9015,#9016),(#9017,#9018,#9019,#9020,#9021,
#9022,#9023,#9024,#9025),(#9026,#9027,#9028,#9029,#9030,#9031,#9032,#9033,
#9034)),.UNSPECIFIED.,.F.,.F.,.F.,(4,1,1,4),(4,2,1,2,4),(0.,0.285714285714286,
0.571428571428571,1.),(-1.25395844224784,0.103892124321363,0.383799430888841,
0.797660266349667,1.03601711681019),.UNSPECIFIED.);
#62=B_SPLINE_SURFACE_WITH_KNOTS('',3,3,((#9200,#9201,#9202,#9203,#9204,
#9205,#9206,#9207,#9208,#9209,#9210,#9211),(#9212,#9213,#9214,#9215,#9216,
#9217,#9218,#9219,#9220,#9221,#9222,#9223),(#9224,#9225,#9226,#9227,#9228,
#9229,#9230,#9231,#9232,#9233,#9234,#9235),(#9236,#9237,#9238,#9239,#9240,
#9241,#9242,#9243,#9244,#9245,#9246,#9247)),.UNSPECIFIED.,.F.,.F.,.F.,(4,
4),(4,1,1,1,1,1,1,1,1,4),(0.,1.),(0.699071193893755,0.706489389023403,1.38849092111879,
2.68692468348119,3.13156532094387,3.31043157851966,3.92496761979286,4.17234413455831,
4.54880489379391,4.77344244674442),.UNSPECIFIED.);
#63=B_SPLINE_SURFACE_WITH_KNOTS('',3,3,((#9273,#9274,#9275,#9276,#9277),
(#9278,#9279,#9280,#9281,#9282),(#9283,#9284,#9285,#9286,#9287),(#9288,
#9289,#9290,#9291,#9292)),.UNSPECIFIED.,.F.,.F.,.F.,(4,4),(4,1,4),(0.571315934598202,
1.),(4.77344244674368,5.24034594285229,5.56254738783527),.UNSPECIFIED.);
#64=B_SPLINE_SURFACE_WITH_KNOTS('',3,3,((#9298,#9299,#9300,#9301,#9302,
#9303,#9304,#9305,#9306),(#9307,#9308,#9309,#9310,#9311,#9312,#9313,#9314,
#9315),(#9316,#9317,#9318,#9319,#9320,#9321,#9322,#9323,#9324),(#9325,#9326,
#9327,#9328,#9329,#9330,#9331,#9332,#9333)),.UNSPECIFIED.,.F.,.F.,.F.,(4,
4),(4,1,1,1,1,1,4),(0.0737007915572791,0.821590551997469),(0.,0.115276432603067,
0.345829297809201,0.461105730412267,0.576382163015334,0.691658595618401,
0.806935028221468),.UNSPECIFIED.);
#65=B_SPLINE_SURFACE_WITH_KNOTS('',3,3,((#9353,#9354,#9355,#9356,#9357,
#9358,#9359,#9360,#9361,#9362),(#9363,#9364,#9365,#9366,#9367,#9368,#9369,
#9370,#9371,#9372),(#9373,#9374,#9375,#9376,#9377,#9378,#9379,#9380,#9381,
#9382),(#9383,#9384,#9385,#9386,#9387,#9388,#9389,#9390,#9391,#9392),(#9393,
#9394,#9395,#9396,#9397,#9398,#9399,#9400,#9401,#9402),(#9403,#9404,#9405,
#9406,#9407,#9408,#9409,#9410,#9411,#9412),(#9413,#9414,#9415,#9416,#9417,
#9418,#9419,#9420,#9421,#9422)),.UNSPECIFIED.,.F.,.F.,.F.,(4,1,1,1,4),(4,
1,1,1,1,1,1,4),(0.,0.285714285714286,0.571428571428571,0.857142857142857,
1.),(4.43904495455208,5.43053141262506,6.42201787069804,7.41350432877103,
8.40499078684401,9.39647724491699,10.38796370299,11.379450161063),
 .UNSPECIFIED.);
#66=B_SPLINE_SURFACE_WITH_KNOTS('',3,3,((#9430,#9431,#9432,#9433,#9434),
(#9435,#9436,#9437,#9438,#9439),(#9440,#9441,#9442,#9443,#9444),(#9445,
#9446,#9447,#9448,#9449),(#9450,#9451,#9452,#9453,#9454),(#9455,#9456,#9457,
#9458,#9459),(#9460,#9461,#9462,#9463,#9464)),.UNSPECIFIED.,.F.,.F.,.F.,
(4,1,1,1,4),(4,1,4),(0.,0.285714285714286,0.571428571428571,0.785714285714286,
1.),(11.3794501610619,13.0046812131893,14.2236045022849),.UNSPECIFIED.);
#67=B_SPLINE_SURFACE_WITH_KNOTS('',3,3,((#9478,#9479,#9480,#9481,#9482,
#9483,#9484,#9485,#9486,#9487),(#9488,#9489,#9490,#9491,#9492,#9493,#9494,
#9495,#9496,#9497),(#9498,#9499,#9500,#9501,#9502,#9503,#9504,#9505,#9506,
#9507),(#9508,#9509,#9510,#9511,#9512,#9513,#9514,#9515,#9516,#9517),(#9518,
#9519,#9520,#9521,#9522,#9523,#9524,#9525,#9526,#9527),(#9528,#9529,#9530,
#9531,#9532,#9533,#9534,#9535,#9536,#9537),(#9538,#9539,#9540,#9541,#9542,
#9543,#9544,#9545,#9546,#9547)),.UNSPECIFIED.,.F.,.F.,.F.,(4,1,1,1,4),(4,
1,1,1,1,1,1,4),(0.,0.285714285714286,0.571428571428571,0.785714285714286,
1.),(14.2236042162779,14.6263708641637,15.0291375120495,15.4319041599354,
15.8346708078212,16.237437455707,16.6402041035929,17.0429707514787),
 .UNSPECIFIED.);
#68=B_SPLINE_SURFACE_WITH_KNOTS('',3,3,((#9576,#9577,#9578,#9579,#9580),
(#9581,#9582,#9583,#9584,#9585),(#9586,#9587,#9588,#9589,#9590),(#9591,
#9592,#9593,#9594,#9595),(#9596,#9597,#9598,#9599,#9600),(#9601,#9602,#9603,
#9604,#9605),(#9606,#9607,#9608,#9609,#9610)),.UNSPECIFIED.,.F.,.F.,.F.,
(4,1,1,1,4),(4,1,4),(0.,0.285714285714286,0.571428571428571,0.785714285714286,
1.),(17.0429707514787,18.2618939181701,19.8871248070919),.UNSPECIFIED.);
#69=B_SPLINE_SURFACE_WITH_KNOTS('',3,3,((#9623,#9624,#9625,#9626,#9627,
#9628,#9629,#9630,#9631,#9632),(#9633,#9634,#9635,#9636,#9637,#9638,#9639,
#9640,#9641,#9642),(#9643,#9644,#9645,#9646,#9647,#9648,#9649,#9650,#9651,
#9652),(#9653,#9654,#9655,#9656,#9657,#9658,#9659,#9660,#9661,#9662),(#9663,
#9664,#9665,#9666,#9667,#9668,#9669,#9670,#9671,#9672),(#9673,#9674,#9675,
#9676,#9677,#9678,#9679,#9680,#9681,#9682),(#9683,#9684,#9685,#9686,#9687,
#9688,#9689,#9690,#9691,#9692)),.UNSPECIFIED.,.F.,.F.,.F.,(4,1,1,1,4),(4,
1,1,1,1,1,1,4),(0.,0.285714285714286,0.571428571428571,0.857142857142857,
1.),(19.8871248066941,20.8786112647111,21.8700977227281,22.8615841807451,
23.8530706387621,24.844557096779,25.836043554796,26.827530012813),
 .UNSPECIFIED.);
#70=B_SPLINE_SURFACE_WITH_KNOTS('',3,1,((#9759,#9760),(#9761,#9762),(#9763,
#9764),(#9765,#9766),(#9767,#9768),(#9769,#9770),(#9771,#9772),(#9773,#9774),
(#9775,#9776),(#9777,#9778),(#9779,#9780),(#9781,#9782),(#9783,#9784),(#9785,
#9786),(#9787,#9788),(#9789,#9790)),.UNSPECIFIED.,.F.,.F.,.F.,(4,3,3,3,
3,4),(2,2),(-6.72580563798451,-4.74051085894621,-2.21731960409085,-1.69837033174846,
0.,0.0719950022897472),(-0.300000000000001,0.5),.UNSPECIFIED.);
#71=B_SPLINE_SURFACE_WITH_KNOTS('',3,3,((#9829,#9830,#9831,#9832,#9833,
#9834,#9835,#9836),(#9837,#9838,#9839,#9840,#9841,#9842,#9843,#9844),(#9845,
#9846,#9847,#9848,#9849,#9850,#9851,#9852),(#9853,#9854,#9855,#9856,#9857,
#9858,#9859,#9860),(#9861,#9862,#9863,#9864,#9865,#9866,#9867,#9868),(#9869,
#9870,#9871,#9872,#9873,#9874,#9875,#9876),(#9877,#9878,#9879,#9880,#9881,
#9882,#9883,#9884)),.UNSPECIFIED.,.F.,.F.,.F.,(4,1,1,1,4),(4,1,1,1,1,4),
(0.,0.285714285714286,0.571428571428571,0.857142857142857,1.),(-0.111273278291804,
0.,0.395949548546179,0.791899097092358,1.18784864563854,1.58379819418472),
 .UNSPECIFIED.);
#72=B_SPLINE_SURFACE_WITH_KNOTS('',3,3,((#9950,#9951,#9952,#9953,#9954,
#9955,#9956,#9957),(#9958,#9959,#9960,#9961,#9962,#9963,#9964,#9965),(#9966,
#9967,#9968,#9969,#9970,#9971,#9972,#9973),(#9974,#9975,#9976,#9977,#9978,
#9979,#9980,#9981),(#9982,#9983,#9984,#9985,#9986,#9987,#9988,#9989),(#9990,
#9991,#9992,#9993,#9994,#9995,#9996,#9997),(#9998,#9999,#10000,#10001,#10002,
#10003,#10004,#10005)),.UNSPECIFIED.,.F.,.F.,.F.,(4,1,1,1,4),(4,1,1,1,1,
4),(0.,0.285714285714286,0.571428571428571,0.857142857142857,1.),(9.3677010821311,
9.76365063067318,10.1596001792153,10.5555497277574,10.9514992762995,11.064708128292),
 .UNSPECIFIED.);
#73=B_SPLINE_SURFACE_WITH_KNOTS('',3,3,((#10215,#10216,#10217,#10218,#10219,
#10220,#10221),(#10222,#10223,#10224,#10225,#10226,#10227,#10228),(#10229,
#10230,#10231,#10232,#10233,#10234,#10235),(#10236,#10237,#10238,#10239,
#10240,#10241,#10242)),.UNSPECIFIED.,.F.,.F.,.F.,(4,4),(4,1,1,1,4),(0.,
1.),(3.07996261685952,5.22820884250012,7.37645506814072,8.45057818096102,
10.5988244066016),.UNSPECIFIED.);
#74=B_SPLINE_SURFACE_WITH_KNOTS('',3,3,((#10264,#10265,#10266,#10267,#10268,
#10269,#10270),(#10271,#10272,#10273,#10274,#10275,#10276,#10277),(#10278,
#10279,#10280,#10281,#10282,#10283,#10284),(#10285,#10286,#10287,#10288,
#10289,#10290,#10291)),.UNSPECIFIED.,.F.,.F.,.F.,(4,4),(4,1,1,1,4),(0.,
1.),(3.07996261685892,4.15408572967858,6.30233195531788,8.45057818095719,
10.5988244065965),.UNSPECIFIED.);
#75=B_SPLINE_SURFACE_WITH_KNOTS('',3,3,((#10876,#10877,#10878,#10879),(#10880,
#10881,#10882,#10883),(#10884,#10885,#10886,#10887),(#10888,#10889,#10890,
#10891),(#10892,#10893,#10894,#10895)),.UNSPECIFIED.,.F.,.F.,.F.,(4,1,4),
(4,4),(0.,0.571428571428571,1.),(0.499999999999999,0.799999999999998),
 .UNSPECIFIED.);
#76=B_SPLINE_SURFACE_WITH_KNOTS('',3,1,((#10911,#10912),(#10913,#10914),
(#10915,#10916),(#10917,#10918),(#10919,#10920),(#10921,#10922),(#10923,
#10924),(#10925,#10926),(#10927,#10928),(#10929,#10930),(#10931,#10932),
(#10933,#10934),(#10935,#10936),(#10937,#10938),(#10939,#10940),(#10941,
#10942)),.UNSPECIFIED.,.F.,.F.,.F.,(4,3,3,3,3,4),(2,2),(-6.72580563798451,
-4.74051085894621,-2.21731960409085,-1.69837033174846,0.,0.0719950022897472),
(-0.300000000000001,0.5),.UNSPECIFIED.);
#77=B_SPLINE_SURFACE_WITH_KNOTS('',3,1,((#11076,#11077),(#11078,#11079),
(#11080,#11081),(#11082,#11083),(#11084,#11085),(#11086,#11087)),
 .UNSPECIFIED.,.F.,.F.,.F.,(4,2,4),(2,2),(-1.33138787970325,-0.612306032145838,
0.),(0.,0.7),.UNSPECIFIED.);
#78=B_SPLINE_SURFACE_WITH_KNOTS('',3,1,((#11089,#11090),(#11091,#11092),
(#11093,#11094),(#11095,#11096)),.UNSPECIFIED.,.F.,.F.,.F.,(4,4),(2,2),
(-1.44324031315974,-0.0515006252706583),(0.,0.7),.UNSPECIFIED.);
#79=B_SPLINE_SURFACE_WITH_KNOTS('',3,1,((#11098,#11099),(#11100,#11101),
(#11102,#11103),(#11104,#11105),(#11106,#11107),(#11108,#11109)),
 .UNSPECIFIED.,.F.,.F.,.F.,(4,2,4),(2,2),(-6.79287139607515,-3.31603382899403,
-1.51190980828964),(0.,0.7),.UNSPECIFIED.);
#80=B_SPLINE_SURFACE_WITH_KNOTS('',3,1,((#11120,#11121),(#11122,#11123),
(#11124,#11125),(#11126,#11127)),.UNSPECIFIED.,.F.,.F.,.F.,(4,4),(2,2),
(-1.51190980828387,-1.49895643476878),(0.,0.7),.UNSPECIFIED.);
#81=B_SPLINE_SURFACE_WITH_KNOTS('',3,1,((#11134,#11135),(#11136,#11137),
(#11138,#11139),(#11140,#11141)),.UNSPECIFIED.,.F.,.F.,.F.,(4,4),(2,2),
(-2.90589140266789,-2.89890596885278),(0.,0.7),.UNSPECIFIED.);
#82=B_SPLINE_SURFACE_WITH_KNOTS('',3,1,((#11150,#11151),(#11152,#11153),
(#11154,#11155),(#11156,#11157),(#11158,#11159),(#11160,#11161)),
 .UNSPECIFIED.,.F.,.F.,.F.,(4,2,4),(2,2),(-2.89890596884967,-1.92598652619888,
-0.051014058066476),(0.,0.7),.UNSPECIFIED.);
#83=B_SPLINE_SURFACE_WITH_KNOTS('',3,1,((#11171,#11172),(#11173,#11174),
(#11175,#11176),(#11177,#11178)),.UNSPECIFIED.,.F.,.F.,.F.,(4,4),(2,2),
(-1.28919385287813,0.),(0.,0.7),.UNSPECIFIED.);
#84=B_SPLINE_SURFACE_WITH_KNOTS('',3,1,((#11180,#11181),(#11182,#11183),
(#11184,#11185),(#11186,#11187),(#11188,#11189),(#11190,#11191)),
 .UNSPECIFIED.,.F.,.F.,.F.,(4,2,4),(2,2),(-1.2961381329355,-0.700043479088086,
0.),(0.,0.7),.UNSPECIFIED.);
#85=B_SPLINE_SURFACE_WITH_KNOTS('',3,3,((#11204,#11205,#11206,#11207),(#11208,
#11209,#11210,#11211),(#11212,#11213,#11214,#11215),(#11216,#11217,#11218,
#11219),(#11220,#11221,#11222,#11223)),.UNSPECIFIED.,.F.,.F.,.F.,(4,1,4),
(4,4),(0.,0.571428571428571,1.),(0.499999999999999,0.799999999999997),
 .UNSPECIFIED.);
#86=B_SPLINE_SURFACE_WITH_KNOTS('',3,1,((#11228,#11229),(#11230,#11231),
(#11232,#11233),(#11234,#11235),(#11236,#11237),(#11238,#11239),(#11240,
#11241)),.UNSPECIFIED.,.F.,.F.,.F.,(4,3,4),(2,2),(-1.33138787970325,-0.612306032145838,
0.),(0.,0.4),.UNSPECIFIED.);
#87=B_SPLINE_SURFACE_WITH_KNOTS('',3,1,((#11249,#11250),(#11251,#11252),
(#11253,#11254),(#11255,#11256)),.UNSPECIFIED.,.F.,.F.,.F.,(4,4),(2,2),
(-1.44324031315974,-0.0515006252706583),(0.,0.4),.UNSPECIFIED.);
#88=B_SPLINE_SURFACE_WITH_KNOTS('',3,1,((#11258,#11259),(#11260,#11261),
(#11262,#11263),(#11264,#11265),(#11266,#11267),(#11268,#11269),(#11270,
#11271)),.UNSPECIFIED.,.F.,.F.,.F.,(4,3,4),(2,2),(-6.79287139607515,-3.31603382899403,
-1.43564986841615),(0.,0.4),.UNSPECIFIED.);
#89=B_SPLINE_SURFACE_WITH_KNOTS('',3,1,((#11279,#11280),(#11281,#11282),
(#11283,#11284),(#11285,#11286)),.UNSPECIFIED.,.F.,.F.,.F.,(4,4),(2,2),
(-1.43564986841615,-1.4232702689135),(0.,0.4),.UNSPECIFIED.);
#90=B_SPLINE_SURFACE_WITH_KNOTS('',3,1,((#11289,#11290),(#11291,#11292),
(#11293,#11294),(#11295,#11296),(#11297,#11298),(#11299,#11300),(#11301,
#11302)),.UNSPECIFIED.,.F.,.F.,.F.,(4,3,4),(2,2),(-1.2961381329355,-0.700043479088086,
0.),(0.,0.4),.UNSPECIFIED.);
#91=B_SPLINE_SURFACE_WITH_KNOTS('',3,1,((#11304,#11305),(#11306,#11307),
(#11308,#11309),(#11310,#11311)),.UNSPECIFIED.,.F.,.F.,.F.,(4,4),(2,2),
(-1.28919385287813,0.),(0.,0.4),.UNSPECIFIED.);
#92=B_SPLINE_SURFACE_WITH_KNOTS('',3,1,((#11313,#11314),(#11315,#11316),
(#11317,#11318),(#11319,#11320),(#11321,#11322),(#11323,#11324),(#11325,
#11326),(#11327,#11328),(#11329,#11330),(#11331,#11332)),.UNSPECIFIED.,
 .F.,.F.,.F.,(4,3,3,4),(2,2),(-2.92763487703029,-2.04011150644598,-1.92598652619888,
-0.051014058066476),(0.,0.4),.UNSPECIFIED.);
#93=B_SPLINE_SURFACE_WITH_KNOTS('',3,1,((#11334,#11335),(#11336,#11337),
(#11338,#11339),(#11340,#11341)),.UNSPECIFIED.,.F.,.F.,.F.,(4,4),(2,2),
(-2.9343333870467,-2.92763487703029),(0.,0.4),.UNSPECIFIED.);
#94=B_SPLINE_SURFACE_WITH_KNOTS('',3,1,((#11345,#11346),(#11347,#11348),
(#11349,#11350),(#11351,#11352),(#11353,#11354),(#11355,#11356),(#11357,
#11358),(#11359,#11360),(#11361,#11362),(#11363,#11364),(#11365,#11366),
(#11367,#11368),(#11369,#11370),(#11371,#11372),(#11373,#11374),(#11375,
#11376)),.UNSPECIFIED.,.F.,.F.,.F.,(4,3,3,3,3,4),(2,2),(-1.16609463760235,
-1.14824963111519,-0.676819588394036,-0.0684343111917284,0.,0.492740903732589),
(-0.300000000000001,0.5),.UNSPECIFIED.);
#95=B_SPLINE_SURFACE_WITH_KNOTS('',3,1,((#11378,#11379),(#11380,#11381),
(#11382,#11383),(#11384,#11385),(#11386,#11387),(#11388,#11389),(#11390,
#11391),(#11392,#11393),(#11394,#11395),(#11396,#11397),(#11398,#11399),
(#11400,#11401),(#11402,#11403),(#11404,#11405),(#11406,#11407),(#11408,
#11409)),.UNSPECIFIED.,.F.,.F.,.F.,(4,3,3,3,3,4),(2,2),(-1.16609463760235,
-1.14824963111519,-0.676819588394036,-0.0684343111917284,0.,0.492740903732589),
(-0.300000000000001,0.5),.UNSPECIFIED.);
#96=FACE_BOUND('',#1286,.T.);
#97=FACE_BOUND('',#1290,.T.);
#98=FACE_BOUND('',#1294,.T.);
#99=FACE_BOUND('',#1300,.T.);
#100=FACE_BOUND('',#1304,.T.);
#101=FACE_BOUND('',#1311,.T.);
#102=FACE_BOUND('',#1325,.T.);
#103=FACE_BOUND('',#1326,.T.);
#104=FACE_BOUND('',#1327,.T.);
#105=FACE_BOUND('',#1328,.T.);
#106=FACE_BOUND('',#1329,.T.);
#107=FACE_BOUND('',#1330,.T.);
#108=FACE_BOUND('',#1331,.T.);
#109=FACE_BOUND('',#1332,.T.);
#110=FACE_BOUND('',#1333,.T.);
#111=FACE_BOUND('',#1334,.T.);
#112=FACE_BOUND('',#1335,.T.);
#113=FACE_BOUND('',#1336,.T.);
#114=FACE_BOUND('',#1344,.T.);
#115=FACE_BOUND('',#1369,.T.);
#116=FACE_BOUND('',#1371,.T.);
#117=FACE_BOUND('',#1378,.T.);
#118=FACE_BOUND('',#1379,.T.);
#119=FACE_BOUND('',#1382,.T.);
#120=FACE_BOUND('',#1383,.T.);
#121=FACE_BOUND('',#1423,.T.);
#122=FACE_BOUND('',#1424,.T.);
#123=FACE_BOUND('',#1448,.T.);
#124=FACE_BOUND('',#1449,.T.);
#125=FACE_BOUND('',#1451,.T.);
#126=FACE_BOUND('',#1452,.T.);
#127=ELLIPSE('',#4592,2.07846096908265,1.8);
#128=ELLIPSE('',#4594,2.07846096908265,1.8);
#129=ELLIPSE('',#4596,2.07846096908265,1.8);
#130=ELLIPSE('',#4598,2.07846096908266,1.80000000000001);
#131=ELLIPSE('',#4616,2.07846096908265,1.8);
#132=ELLIPSE('',#4618,2.07846096908265,1.8);
#133=ELLIPSE('',#4632,2.07846096908265,1.8);
#134=ELLIPSE('',#4634,2.07846096908266,1.80000000000001);
#135=ELLIPSE('',#4645,1.91551999045664,1.8);
#136=ELLIPSE('',#4732,7.10798628320022,7.);
#137=ELLIPSE('',#4741,7.10798628320022,7.);
#138=B_SPLINE_CURVE_WITH_KNOTS('',3,(#5941,#5942,#5943,#5944,#5945,#5946,
#5947,#5948,#5949,#5950,#5951,#5952,#5953,#5954,#5955,#5956,#5957,#5958,
#5959,#5960,#5961,#5962,#5963,#5964,#5965,#5966),.UNSPECIFIED.,.F.,.F.,
(4,2,2,2,2,2,2,2,2,2,2,2,4),(0.,0.132981194450103,0.265962388900206,0.398818134717381,
0.531673880534557,0.670208547835161,0.808743215135765,0.946787124895721,
1.08483103465568,1.22094864419893,1.35706625374218,1.4975058270639,1.63794540038561),
 .UNSPECIFIED.);
#139=B_SPLINE_CURVE_WITH_KNOTS('',3,(#5967,#5968,#5969,#5970,#5971,#5972,
#5973,#5974,#5975,#5976),.UNSPECIFIED.,.F.,.F.,(4,2,2,2,4),(1.63794540038561,
1.76988546070361,1.9018255210216,2.03572086477533,2.16961620852905),
 .UNSPECIFIED.);
#140=B_SPLINE_CURVE_WITH_KNOTS('',3,(#5987,#5988,#5989,#5990,#5991,#5992,
#5993,#5994,#5995,#5996,#5997,#5998,#5999,#6000,#6001,#6002),
 .UNSPECIFIED.,.F.,.F.,(4,2,2,2,2,2,2,4),(-0.692738968408393,-0.611881821144463,
-0.537240266073467,-0.442635876948104,-0.360080607890234,-0.270811934381929,
-0.150373357311423,0.),.UNSPECIFIED.);
#141=B_SPLINE_CURVE_WITH_KNOTS('',3,(#6004,#6005,#6006,#6007,#6008,#6009,
#6010,#6011,#6012,#6013,#6014,#6015,#6016,#6017,#6018),.UNSPECIFIED.,.F.,
 .F.,(4,2,2,2,3,2,4),(-0.531670808143438,-0.399730747825445,-0.267790687507451,
-0.133895343753726,0.,0.133895343753725,0.204847789978861),
 .UNSPECIFIED.);
#142=B_SPLINE_CURVE_WITH_KNOTS('',3,(#6020,#6021,#6022,#6023,#6024,#6025,
#6026,#6027,#6028,#6029,#6030,#6031,#6032,#6033),.UNSPECIFIED.,.F.,.F.,
(4,2,2,2,2,2,4),(-1.29578396482238,-1.22090278341663,-1.08478517387338,
-0.948667564330126,-0.812549954786873,-0.672110381465155,-0.531670808143438),
 .UNSPECIFIED.);
#143=B_SPLINE_CURVE_WITH_KNOTS('',3,(#6043,#6044,#6045,#6046,#6047,#6048,
#6049,#6050,#6051,#6052,#6053,#6054),.UNSPECIFIED.,.F.,.F.,(4,2,2,2,2,4),
(0.,0.0720572855480172,0.144114571096034,0.288229142192069,0.433811453216467,
0.579393764240865),.UNSPECIFIED.);
#144=B_SPLINE_CURVE_WITH_KNOTS('',3,(#6055,#6056,#6057,#6058,#6059,#6060,
#6061,#6062,#6063,#6064,#6065,#6066,#6067,#6068,#6069,#6070,#6071,#6072,
#6073,#6074,#6075,#6076,#6077,#6078,#6079,#6080,#6081,#6082),
 .UNSPECIFIED.,.F.,.F.,(4,2,2,2,2,2,2,2,2,2,2,2,2,4),(0.579393764240865,
0.711787167655013,0.844180571069161,0.977465584765472,1.11075059846178,
1.24403561215809,1.37732062585441,1.50971402926855,1.6421074326827,1.79270475795265,
1.94330208322259,2.08225364063433,2.15172941934021,2.22120519804608),
 .UNSPECIFIED.);
#145=B_SPLINE_CURVE_WITH_KNOTS('',3,(#6093,#6094,#6095,#6096,#6097,#6098,
#6099,#6100,#6101,#6102,#6103,#6104),.UNSPECIFIED.,.F.,.F.,(4,2,2,2,2,4),
(0.,0.0720572855480176,0.144114571096035,0.28822914219207,0.433811453216468,
0.579393764240866),.UNSPECIFIED.);
#146=B_SPLINE_CURVE_WITH_KNOTS('',3,(#6105,#6106,#6107,#6108,#6109,#6110,
#6111,#6112,#6113,#6114,#6115,#6116,#6117,#6118,#6119,#6120,#6121,#6122,
#6123,#6124,#6125,#6126,#6127,#6128,#6129,#6130,#6131,#6132),
 .UNSPECIFIED.,.F.,.F.,(4,2,2,2,2,2,2,2,2,2,2,2,2,4),(0.579393764240866,
0.711787167655014,0.844180571069162,0.977465584765473,1.11075059846178,
1.2440356121581,1.37732062585441,1.50971402926855,1.6421074326827,1.79270475795265,
1.94330208322259,2.08225364063434,2.15172941934021,2.22120519804608),
 .UNSPECIFIED.);
#147=B_SPLINE_CURVE_WITH_KNOTS('',3,(#6171,#6172,#6173,#6174,#6175,#6176,
#6177,#6178,#6179,#6180),.UNSPECIFIED.,.F.,.F.,(4,2,2,2,4),(0.,0.133285013696311,
0.266570027392622,0.39896343080677,0.531356834220917),.UNSPECIFIED.);
#148=B_SPLINE_CURVE_WITH_KNOTS('',3,(#6181,#6182,#6183,#6184,#6185,#6186,
#6187,#6188,#6189,#6190,#6191,#6192,#6193,#6194,#6195,#6196,#6197,#6198,
#6199,#6200,#6201,#6202,#6203,#6204,#6205,#6206,#6207,#6208,#6209,#6210),
 .UNSPECIFIED.,.F.,.F.,(4,2,2,2,2,2,2,2,2,2,2,2,2,2,4),(0.531356834220917,
0.676939145245315,0.822521456269714,0.966636027365748,1.03869331291376,
1.11075059846178,1.18022637716765,1.24970215587353,1.38865371328527,1.53925103855521,
1.68984836382516,1.82224176723931,1.95463517065345,2.08792018434976,2.22120519804607),
 .UNSPECIFIED.);
#149=B_SPLINE_CURVE_WITH_KNOTS('',3,(#6224,#6225,#6226,#6227,#6228,#6229,
#6230,#6231,#6232,#6233),.UNSPECIFIED.,.F.,.F.,(4,2,2,2,4),(0.,0.133285013696311,
0.266570027392623,0.398963430806771,0.531356834220919),.UNSPECIFIED.);
#150=B_SPLINE_CURVE_WITH_KNOTS('',3,(#6234,#6235,#6236,#6237,#6238,#6239,
#6240,#6241,#6242,#6243,#6244,#6245,#6246,#6247,#6248,#6249,#6250,#6251,
#6252,#6253,#6254,#6255,#6256,#6257,#6258,#6259,#6260,#6261,#6262,#6263),
 .UNSPECIFIED.,.F.,.F.,(4,2,2,2,2,2,2,2,2,2,2,2,2,2,4),(0.531356834220919,
0.676939145245317,0.822521456269715,0.96663602736575,1.03869331291377,1.11075059846179,
1.18022637716766,1.24970215587353,1.38865371328527,1.53925103855522,1.68984836382516,
1.82224176723931,1.95463517065346,2.08792018434977,2.22120519804608),
 .UNSPECIFIED.);
#151=B_SPLINE_CURVE_WITH_KNOTS('',3,(#6285,#6286,#6287,#6288,#6289,#6290,
#6291,#6292,#6293,#6294,#6295,#6296,#6297,#6298),.UNSPECIFIED.,.F.,.F.,
(4,2,2,2,2,2,4),(-1.28955735039774,-1.21776636832348,-1.08478517387338,
-0.950889830119652,-0.816994486365927,-0.685054426047934,-0.553114365729941),
 .UNSPECIFIED.);
#152=B_SPLINE_CURVE_WITH_KNOTS('',3,(#6300,#6301,#6302,#6303,#6304,#6305,
#6306,#6307,#6308,#6309,#6310,#6311,#6312,#6313,#6314,#6315),
 .UNSPECIFIED.,.F.,.F.,(4,2,2,2,2,2,2,4),(-0.693479795654969,-0.606445404463159,
-0.523706008752704,-0.408933421590095,-0.32093875295182,-0.237865810239725,
-0.139380596182335,0.),.UNSPECIFIED.);
#153=B_SPLINE_CURVE_WITH_KNOTS('',3,(#6316,#6317,#6318,#6319,#6320,#6321,
#6322,#6323,#6324,#6325,#6326,#6327,#6328,#6329,#6330),.UNSPECIFIED.,.F.,
 .F.,(4,2,2,2,3,2,4),(-0.553114365729941,-0.412674792408223,-0.272235219086505,
-0.136117609543252,0.,0.138043909759957,0.211193713238108),
 .UNSPECIFIED.);
#154=B_SPLINE_CURVE_WITH_KNOTS('',3,(#6344,#6345,#6346,#6347,#6348,#6349,
#6350,#6351,#6352,#6353,#6354,#6355,#6356,#6357,#6358,#6359,#6360,#6361,
#6362,#6363,#6364,#6365,#6366,#6367,#6368,#6369),.UNSPECIFIED.,.F.,.F.,
(4,2,2,2,2,2,2,2,2,2,2,2,4),(0.,0.138043909759957,0.276087819519913,0.414622486820517,
0.553157154121122,0.686012899938297,0.818868645755473,0.951849840205575,
1.08483103465568,1.2187263784094,1.35262172216313,1.48456178248112,1.61650184279911),
 .UNSPECIFIED.);
#155=B_SPLINE_CURVE_WITH_KNOTS('',3,(#6370,#6371,#6372,#6373,#6374,#6375,
#6376,#6377,#6378,#6379),.UNSPECIFIED.,.F.,.F.,(4,2,2,2,4),(1.61650184279911,
1.75694141612083,1.89738098944255,2.0334985989858,2.16961620852905),
 .UNSPECIFIED.);
#156=B_SPLINE_CURVE_WITH_KNOTS('',3,(#6419,#6420,#6421,#6422),
 .UNSPECIFIED.,.F.,.F.,(4,4),(-0.514842358305653,0.),.UNSPECIFIED.);
#157=B_SPLINE_CURVE_WITH_KNOTS('',3,(#6426,#6427,#6428,#6429),
 .UNSPECIFIED.,.F.,.F.,(4,4),(0.,0.514842358305653),.UNSPECIFIED.);
#158=B_SPLINE_CURVE_WITH_KNOTS('',3,(#6440,#6441,#6442,#6443,#6444,#6445,
#6446,#6447,#6448,#6449,#6450,#6451,#6452,#6453,#6454,#6455,#6456,#6457,
#6458,#6459,#6460,#6461,#6462,#6463,#6464,#6465,#6466,#6467,#6468,#6469,
#6470,#6471,#6472,#6473),.UNSPECIFIED.,.F.,.F.,(4,2,2,2,2,2,2,2,2,2,2,2,
2,2,2,2,4),(-2.05090844858199,-2.00556632533479,-1.95820341116189,-1.83166457817914,
-1.69736076453164,-1.61444754358486,-1.54527762918562,-1.46674261329538,
-1.35999064358303,-1.24338633029178,-1.12708474885203,-1.01409177249884,
-0.898228748565948,-0.783707883911999,-0.679232275557392,-0.573194211043311,
-0.560100286640141),.UNSPECIFIED.);
#159=B_SPLINE_CURVE_WITH_KNOTS('',3,(#6474,#6475,#6476,#6477,#6478,#6479,
#6480,#6481,#6482,#6483,#6484,#6485,#6486,#6487),.UNSPECIFIED.,.F.,.F.,
(4,2,2,2,2,2,4),(-0.560100286640141,-0.497580959729549,-0.424045693045795,
-0.327018658093365,-0.173766106780464,-0.0746365418994325,0.),
 .UNSPECIFIED.);
#160=B_SPLINE_CURVE_WITH_KNOTS('',3,(#6556,#6557,#6558,#6559,#6560,#6561,
#6562,#6563,#6564,#6565,#6566,#6567,#6568),.UNSPECIFIED.,.F.,.F.,(4,3,3,
3,4),(-0.0719950022897472,0.,1.69837033174846,2.21731960409085,3.44910662456869),
 .UNSPECIFIED.);
#161=B_SPLINE_CURVE_WITH_KNOTS('',3,(#6572,#6573,#6574,#6575,#6576,#6577,
#6578,#6579,#6580,#6581,#6582,#6583,#6584),.UNSPECIFIED.,.F.,.F.,(4,3,3,
3,4),(-0.0719950022897472,0.,1.69837033174846,2.21731960409085,4.45989567989137),
 .UNSPECIFIED.);
#162=B_SPLINE_CURVE_WITH_KNOTS('',3,(#6586,#6587,#6588,#6589,#6590,#6591,
#6592),.UNSPECIFIED.,.F.,.F.,(4,3,4),(0.,0.551218339039755,0.964632093319571),
 .UNSPECIFIED.);
#163=B_SPLINE_CURVE_WITH_KNOTS('',3,(#6596,#6597,#6598,#6599,#6600,#6601,
#6602),.UNSPECIFIED.,.F.,.F.,(4,3,4),(0.431700060498425,0.55141438244146,
0.964600755985237),.UNSPECIFIED.);
#164=B_SPLINE_CURVE_WITH_KNOTS('',3,(#6604,#6605,#6606,#6607),
 .UNSPECIFIED.,.F.,.F.,(4,4),(0.,0.431700060498448),.UNSPECIFIED.);
#165=B_SPLINE_CURVE_WITH_KNOTS('',3,(#6609,#6610,#6611,#6612,#6613,#6614,
#6615,#6616,#6617,#6618),.UNSPECIFIED.,.F.,.F.,(4,3,3,4),(0.068669387250097,
0.676819588394036,1.14824963111519,1.16609463760235),.UNSPECIFIED.);
#166=B_SPLINE_CURVE_WITH_KNOTS('',3,(#6622,#6623,#6624,#6625,#6626,#6627,
#6628,#6629,#6630,#6631),.UNSPECIFIED.,.F.,.F.,(4,3,3,4),(0.309768057387276,
0.676819588394036,1.14824963111519,1.16609463760235),.UNSPECIFIED.);
#167=B_SPLINE_CURVE_WITH_KNOTS('',3,(#6652,#6653,#6654,#6655,#6656,#6657,
#6658,#6659,#6660,#6661),.UNSPECIFIED.,.F.,.F.,(4,3,3,4),(-0.0850924330358842,
-0.0556137867306343,-0.0264011753826022,0.),.UNSPECIFIED.);
#168=B_SPLINE_CURVE_WITH_KNOTS('',3,(#6663,#6664,#6665,#6666,#6667,#6668,
#6669,#6670,#6671,#6672,#6673,#6674,#6675,#6676,#6677,#6678,#6679,#6680),
 .UNSPECIFIED.,.F.,.F.,(4,2,2,2,2,2,2,2,4),(-0.506280392267865,-0.384638198344423,
-0.318429047633737,-0.285452115690997,-0.262416475828544,-0.239637523628383,
-0.207912862127815,-0.136180574962014,-0.0850924330358842),
 .UNSPECIFIED.);
#169=B_SPLINE_CURVE_WITH_KNOTS('',3,(#6717,#6718,#6719,#6720,#6721),
 .UNSPECIFIED.,.F.,.F.,(4,1,4),(1.0086570173519,1.36700438670072,1.65318904940293),
 .UNSPECIFIED.);
#170=B_SPLINE_CURVE_WITH_KNOTS('',3,(#6723,#6724,#6725,#6726,#6727,#6728,
#6729,#6730),.UNSPECIFIED.,.F.,.F.,(4,2,2,4),(-1.4881268702263,-0.885769846029763,
-0.391854500880638,0.),.UNSPECIFIED.);
#171=B_SPLINE_CURVE_WITH_KNOTS('',3,(#6734,#6735,#6736,#6737,#6738,#6739,
#6740),.UNSPECIFIED.,.F.,.F.,(4,1,1,1,4),(-3.18967690230168,-2.2783406445012,
-1.36700438670072,-0.45566812890024,0.),.UNSPECIFIED.);
#172=B_SPLINE_CURVE_WITH_KNOTS('',3,(#6743,#6744,#6745,#6746,#6747),
 .UNSPECIFIED.,.F.,.F.,(4,1,4),(0.,0.45566812890024,0.543754934394452),
 .UNSPECIFIED.);
#173=B_SPLINE_CURVE_WITH_KNOTS('',3,(#6759,#6760,#6761,#6762,#6763,#6764,
#6765,#6766,#6767,#6768,#6769,#6770,#6771),.UNSPECIFIED.,.F.,.F.,(4,3,3,
3,4),(-0.506110677442613,-0.476949069572847,-0.44756990418931,-0.424897214399132,
-0.421245045277809),.UNSPECIFIED.);
#174=B_SPLINE_CURVE_WITH_KNOTS('',3,(#6774,#6775,#6776,#6777,#6778,#6779,
#6780,#6781,#6782,#6783,#6784,#6785,#6786,#6787,#6788,#6789,#6790,#6791),
 .UNSPECIFIED.,.F.,.F.,(4,2,2,2,2,2,2,2,4),(-0.421245045277809,-0.349367475765435,
-0.30736282709871,-0.271860068040699,-0.248247717361223,-0.22583535942934,
-0.196541066964098,-0.134575991265313,0.),.UNSPECIFIED.);
#175=B_SPLINE_CURVE_WITH_KNOTS('',3,(#6798,#6799,#6800,#6801),
 .UNSPECIFIED.,.F.,.F.,(4,4),(1.27675647831893E-15,0.0101428603823943),
 .UNSPECIFIED.);
#176=B_SPLINE_CURVE_WITH_KNOTS('',3,(#6802,#6803,#6804,#6805,#6806),
 .UNSPECIFIED.,.F.,.F.,(4,1,4),(2.64548403857876,2.73412141412135,3.1898083164749),
 .UNSPECIFIED.);
#177=B_SPLINE_CURVE_WITH_KNOTS('',3,(#6808,#6809,#6810,#6811),
 .UNSPECIFIED.,.F.,.F.,(4,4),(1.53611633932717,2.18160477557899),
 .UNSPECIFIED.);
#178=B_SPLINE_CURVE_WITH_KNOTS('',3,(#6813,#6814,#6815,#6816),
 .UNSPECIFIED.,.F.,.F.,(4,4),(0.,1.03456658434021),.UNSPECIFIED.);
#179=B_SPLINE_CURVE_WITH_KNOTS('',3,(#6818,#6819,#6820,#6821,#6822,#6823),
 .UNSPECIFIED.,.F.,.F.,(4,1,1,4),(0.,0.0785373479513514,0.157074695902703,
0.27488071782973),.UNSPECIFIED.);
#180=B_SPLINE_CURVE_WITH_KNOTS('',3,(#6827,#6828,#6829,#6830,#6831,#6832),
 .UNSPECIFIED.,.F.,.F.,(4,1,1,4),(0.,0.117809837754895,0.196349729591491,
0.274889621428088),.UNSPECIFIED.);
#181=B_SPLINE_CURVE_WITH_KNOTS('',3,(#6833,#6834,#6835,#6836),
 .UNSPECIFIED.,.F.,.F.,(4,4),(2.65069073422856,3.68520236799958),
 .UNSPECIFIED.);
#182=B_SPLINE_CURVE_WITH_KNOTS('',3,(#6866,#6867,#6868,#6869),
 .UNSPECIFIED.,.F.,.F.,(4,4),(-1.03456658434021,0.),.UNSPECIFIED.);
#183=B_SPLINE_CURVE_WITH_KNOTS('',3,(#6908,#6909,#6910,#6911,#6912,#6913),
 .UNSPECIFIED.,.F.,.F.,(4,1,1,4),(-0.27488071782973,-0.157074695902703,
-0.0785373479513514,0.),.UNSPECIFIED.);
#184=B_SPLINE_CURVE_WITH_KNOTS('',3,(#6956,#6957,#6958,#6959,#6960,#6961),
 .UNSPECIFIED.,.F.,.F.,(4,1,1,4),(-0.274889621428088,-0.196349729591491,
-0.117809837754895,0.),.UNSPECIFIED.);
#185=B_SPLINE_CURVE_WITH_KNOTS('',3,(#6989,#6990,#6991,#6992),
 .UNSPECIFIED.,.F.,.F.,(4,4),(-3.68520236799958,-2.65069073422856),
 .UNSPECIFIED.);
#186=B_SPLINE_CURVE_WITH_KNOTS('',3,(#7032,#7033,#7034,#7035,#7036,#7037),
 .UNSPECIFIED.,.F.,.F.,(4,2,4),(-3.8223049795131E-10,0.804849206286294,
1.48807968491871),.UNSPECIFIED.);
#187=B_SPLINE_CURVE_WITH_KNOTS('',3,(#7038,#7039,#7040,#7041,#7042,#7043),
 .UNSPECIFIED.,.F.,.F.,(4,2,4),(-1.48807968491871,-0.804849206286294,3.8223049795131E-10),
 .UNSPECIFIED.);
#188=B_SPLINE_CURVE_WITH_KNOTS('',3,(#7094,#7095,#7096,#7097,#7098,#7099,
#7100,#7101),.UNSPECIFIED.,.F.,.F.,(4,2,2,4),(0.,0.391854500880638,0.885769846029763,
1.4881268702263),.UNSPECIFIED.);
#189=B_SPLINE_CURVE_WITH_KNOTS('',3,(#7134,#7135,#7136,#7137,#7138,#7139,
#7140,#7141,#7142,#7143,#7144,#7145,#7146),.UNSPECIFIED.,.F.,.F.,(4,3,2,
2,2,4),(-0.611836300779421,0.,0.330342578324521,0.414839743916975,0.4469317189185,
0.477455356296849),.UNSPECIFIED.);
#190=B_SPLINE_CURVE_WITH_KNOTS('',3,(#7148,#7149,#7150,#7151),
 .UNSPECIFIED.,.F.,.F.,(4,4),(3.96904731303382E-15,0.071995884601384),
 .UNSPECIFIED.);
#191=B_SPLINE_CURVE_WITH_KNOTS('',3,(#7152,#7153,#7154,#7155),
 .UNSPECIFIED.,.F.,.F.,(4,4),(0.071995884601384,1.16383738392721),
 .UNSPECIFIED.);
#192=B_SPLINE_CURVE_WITH_KNOTS('',3,(#7157,#7158,#7159,#7160,#7161,#7162),
 .UNSPECIFIED.,.F.,.F.,(4,2,4),(-1.16383738392721,-0.071995884601384,0.15474679130588),
 .UNSPECIFIED.);
#193=B_SPLINE_CURVE_WITH_KNOTS('',3,(#7164,#7165,#7166,#7167,#7168,#7169,
#7170,#7171,#7172,#7173),.UNSPECIFIED.,.F.,.F.,(4,3,3,4),(-0.331612773986267,
-0.330084910055446,-0.165787139966597,0.),.UNSPECIFIED.);
#194=B_SPLINE_CURVE_WITH_KNOTS('',3,(#7174,#7175,#7176,#7177),
 .UNSPECIFIED.,.F.,.F.,(4,4),(-0.914989952454225,-0.360732741545222),
 .UNSPECIFIED.);
#195=B_SPLINE_CURVE_WITH_KNOTS('',3,(#7210,#7211,#7212,#7213,#7214,#7215,
#7216,#7217,#7218,#7219),.UNSPECIFIED.,.F.,.F.,(4,3,3,4),(-0.33013256029874,
-0.164321717425607,0.,0.00152805253711902),.UNSPECIFIED.);
#196=B_SPLINE_CURVE_WITH_KNOTS('',3,(#7220,#7221,#7222,#7223,#7224,#7225),
 .UNSPECIFIED.,.F.,.F.,(4,2,4),(-1.31858417662004,-1.09184150071557,0.),
 .UNSPECIFIED.);
#197=B_SPLINE_CURVE_WITH_KNOTS('',3,(#7227,#7228,#7229,#7230),
 .UNSPECIFIED.,.F.,.F.,(4,4),(0.,1.09184150071557),.UNSPECIFIED.);
#198=B_SPLINE_CURVE_WITH_KNOTS('',3,(#7232,#7233,#7234,#7235),
 .UNSPECIFIED.,.F.,.F.,(4,4),(1.09184150071557,1.16383738531418),
 .UNSPECIFIED.);
#199=B_SPLINE_CURVE_WITH_KNOTS('',3,(#7237,#7238,#7239,#7240,#7241,#7242,
#7243,#7244,#7245,#7246,#7247,#7248,#7249),.UNSPECIFIED.,.F.,.F.,(4,2,2,
2,3,4),(0.,0.0474850449420915,0.108032941037578,0.214608688141831,0.551248713429409,
1.24195438592757),.UNSPECIFIED.);
#200=B_SPLINE_CURVE_WITH_KNOTS('',3,(#7250,#7251,#7252,#7253),
 .UNSPECIFIED.,.F.,.F.,(4,4),(-0.553184926834685,0.),.UNSPECIFIED.);
#201=B_SPLINE_CURVE_WITH_KNOTS('',3,(#7281,#7282,#7283,#7284),
 .UNSPECIFIED.,.F.,.F.,(4,4),(-1.02028587225949,1.06978706163827E-16),
 .UNSPECIFIED.);
#202=B_SPLINE_CURVE_WITH_KNOTS('',3,(#7287,#7288,#7289,#7290,#7291,#7292),
 .UNSPECIFIED.,.F.,.F.,(4,2,4),(0.909062397853972,1.09974652968851,1.29287506093016),
 .UNSPECIFIED.);
#203=B_SPLINE_CURVE_WITH_KNOTS('',3,(#7315,#7316,#7317,#7318),
 .UNSPECIFIED.,.F.,.F.,(4,4),(-1.36112660286644,-1.02028546301537),
 .UNSPECIFIED.);
#204=B_SPLINE_CURVE_WITH_KNOTS('',3,(#7341,#7342,#7343,#7344),
 .UNSPECIFIED.,.F.,.F.,(4,4),(-1.31314009732348,0.),.UNSPECIFIED.);
#205=B_SPLINE_CURVE_WITH_KNOTS('',3,(#7387,#7388,#7389,#7390,#7391,#7392,
#7393,#7394),.UNSPECIFIED.,.F.,.F.,(4,1,1,1,1,4),(-3.1898083164749,-2.73412141412135,
-2.27843451176779,-1.36706070706067,-0.455686902353558,0.),
 .UNSPECIFIED.);
#206=B_SPLINE_CURVE_WITH_KNOTS('',3,(#7417,#7418,#7419,#7420),
 .UNSPECIFIED.,.F.,.F.,(4,4),(-1.31314009707345,-3.14671403829606E-12),
 .UNSPECIFIED.);
#207=B_SPLINE_CURVE_WITH_KNOTS('',3,(#7443,#7444,#7445,#7446),
 .UNSPECIFIED.,.F.,.F.,(4,4),(-0.340841139851281,0.),.UNSPECIFIED.);
#208=B_SPLINE_CURVE_WITH_KNOTS('',3,(#7455,#7456,#7457,#7458,#7459,#7460),
 .UNSPECIFIED.,.F.,.F.,(4,2,4),(-3.1,-1.9,-0.7),.UNSPECIFIED.);
#209=B_SPLINE_CURVE_WITH_KNOTS('',3,(#7471,#7472,#7473,#7474,#7475,#7476),
 .UNSPECIFIED.,.F.,.F.,(4,2,4),(-3.1,-1.9,-0.7),.UNSPECIFIED.);
#210=B_SPLINE_CURVE_WITH_KNOTS('',3,(#7506,#7507,#7508,#7509),
 .UNSPECIFIED.,.F.,.F.,(4,4),(1.02028546301549,1.36112660286665),
 .UNSPECIFIED.);
#211=B_SPLINE_CURVE_WITH_KNOTS('',3,(#7512,#7513,#7514,#7515),
 .UNSPECIFIED.,.F.,.F.,(4,4),(-1.36112660286665,-1.02028546301549),
 .UNSPECIFIED.);
#212=B_SPLINE_CURVE_WITH_KNOTS('',3,(#7537,#7538,#7539,#7540),
 .UNSPECIFIED.,.F.,.F.,(4,4),(-2.35661027668232,0.),.UNSPECIFIED.);
#213=B_SPLINE_CURVE_WITH_KNOTS('',3,(#7543,#7544,#7545,#7546),
 .UNSPECIFIED.,.F.,.F.,(4,4),(0.,2.35661027668232),.UNSPECIFIED.);
#214=B_SPLINE_CURVE_WITH_KNOTS('',3,(#7571,#7572,#7573,#7574),
 .UNSPECIFIED.,.F.,.F.,(4,4),(0.,0.514842358076137),.UNSPECIFIED.);
#215=B_SPLINE_CURVE_WITH_KNOTS('',3,(#7575,#7576,#7577,#7578),
 .UNSPECIFIED.,.F.,.F.,(4,4),(-0.514842358076137,0.),.UNSPECIFIED.);
#216=B_SPLINE_CURVE_WITH_KNOTS('',3,(#7611,#7612,#7613,#7614),
 .UNSPECIFIED.,.F.,.F.,(4,4),(-2.35661027662858,0.),.UNSPECIFIED.);
#217=B_SPLINE_CURVE_WITH_KNOTS('',3,(#7617,#7618,#7619,#7620),
 .UNSPECIFIED.,.F.,.F.,(4,4),(0.,2.35661027662858),.UNSPECIFIED.);
#218=B_SPLINE_CURVE_WITH_KNOTS('',3,(#7648,#7649,#7650,#7651),
 .UNSPECIFIED.,.F.,.F.,(4,4),(-0.340841139851338,-5.93706145840677E-14),
 .UNSPECIFIED.);
#219=B_SPLINE_CURVE_WITH_KNOTS('',3,(#7652,#7653,#7654,#7655),
 .UNSPECIFIED.,.F.,.F.,(4,4),(5.93706145840677E-14,0.340841139851338),
 .UNSPECIFIED.);
#220=B_SPLINE_CURVE_WITH_KNOTS('',3,(#7681,#7682,#7683,#7684,#7685,#7686,
#7687,#7688),.UNSPECIFIED.,.F.,.F.,(4,2,2,4),(0.909062397855496,1.09974652969148,
1.44402644877584,1.79949419412331),.UNSPECIFIED.);
#221=B_SPLINE_CURVE_WITH_KNOTS('',3,(#7690,#7691,#7692,#7693),
 .UNSPECIFIED.,.F.,.F.,(4,4),(-1.02028587225953,7.0249020738354E-15),
 .UNSPECIFIED.);
#222=B_SPLINE_CURVE_WITH_KNOTS('',3,(#7711,#7712,#7713,#7714),
 .UNSPECIFIED.,.F.,.F.,(4,4),(-0.0101428603823943,-1.27675647831893E-15),
 .UNSPECIFIED.);
#223=B_SPLINE_CURVE_WITH_KNOTS('',3,(#7740,#7741,#7742,#7743,#7744,#7745),
 .UNSPECIFIED.,.F.,.F.,(4,2,4),(0.551221222649019,0.574908769900263,0.977535357838689),
 .UNSPECIFIED.);
#224=B_SPLINE_CURVE_WITH_KNOTS('',3,(#7748,#7749,#7750,#7751),
 .UNSPECIFIED.,.F.,.F.,(4,4),(-1.02028587225927,0.),.UNSPECIFIED.);
#225=B_SPLINE_CURVE_WITH_KNOTS('',3,(#7780,#7781,#7782,#7783,#7784,#7785),
 .UNSPECIFIED.,.F.,.F.,(4,2,4),(0.,0.574908769900272,0.977535357838444),
 .UNSPECIFIED.);
#226=B_SPLINE_CURVE_WITH_KNOTS('',3,(#7788,#7789,#7790,#7791),
 .UNSPECIFIED.,.F.,.F.,(4,4),(-1.02028587225936,0.),.UNSPECIFIED.);
#227=B_SPLINE_CURVE_WITH_KNOTS('',3,(#7798,#7799,#7800,#7801,#7802,#7803,
#7804,#7805,#7806,#7807,#7808,#7809,#7810),.UNSPECIFIED.,.F.,.F.,(4,3,3,
3,4),(-3.44910662456881,-2.21731960409085,-1.69837033174846,0.,0.0719950022897472),
 .UNSPECIFIED.);
#228=B_SPLINE_CURVE_WITH_KNOTS('',3,(#7813,#7814,#7815,#7816,#7817,#7818,
#7819,#7820,#7821,#7822),.UNSPECIFIED.,.F.,.F.,(4,3,3,4),(-1.16609463760235,
-1.14824963111519,-0.676819588394036,-0.309768057387249),.UNSPECIFIED.);
#229=B_SPLINE_CURVE_WITH_KNOTS('',3,(#7853,#7854,#7855,#7856),
 .UNSPECIFIED.,.F.,.F.,(4,4),(-6.74283214864099,-5.90080129134577),
 .UNSPECIFIED.);
#230=B_SPLINE_CURVE_WITH_KNOTS('',3,(#7858,#7859,#7860,#7861,#7862,#7863,
#7864,#7865,#7866,#7867,#7868,#7869),.UNSPECIFIED.,.F.,.F.,(4,2,2,2,2,4),
(-3.10412759760126,-2.20596390835089,-1.47139824257677,-1.06886802573349,
-0.699078627907255,0.),.UNSPECIFIED.);
#231=B_SPLINE_CURVE_WITH_KNOTS('',3,(#7871,#7872,#7873,#7874,#7875,#7876,
#7877,#7878,#7879,#7880,#7881,#7882,#7883,#7884,#7885,#7886,#7887,#7888,
#7889,#7890,#7891,#7892,#7893,#7894,#7895,#7896,#7897,#7898,#7899,#7900,
#7901,#7902,#7903,#7904,#7905,#7906,#7907,#7908,#7909,#7910,#7911,#7912,
#7913,#7914,#7915,#7916,#7917,#7918,#7919),.UNSPECIFIED.,.F.,.F.,(4,3,3,
3,3,3,3,3,3,3,3,3,3,3,3,3,4),(-1.19298605445836,-1.13055824323075,-1.06723553931262,
-1.00313428103334,-0.937397326979148,-0.910448923664403,-0.838198187442609,
-0.764870002401802,-0.689191865686491,-0.624689799506453,-0.53117408443195,
-0.435285328952297,-0.336731564399138,-0.233529089970218,-0.127065762274615,
-0.0150834451904391,0.),.UNSPECIFIED.);
#232=B_SPLINE_CURVE_WITH_KNOTS('',3,(#7921,#7922,#7923,#7924),
 .UNSPECIFIED.,.F.,.F.,(4,4),(-1.5642448548145,0.),.UNSPECIFIED.);
#233=B_SPLINE_CURVE_WITH_KNOTS('',3,(#7927,#7928,#7929,#7930,#7931,#7932,
#7933),.UNSPECIFIED.,.F.,.F.,(4,1,1,1,4),(2.44545326582457E-15,2.14824622563723,
3.22236933845584,5.37061556409306,7.51886178973028),.UNSPECIFIED.);
#234=B_SPLINE_CURVE_WITH_KNOTS('',3,(#7936,#7937,#7938,#7939,#7940),
 .UNSPECIFIED.,.F.,.F.,(4,1,4),(5.904162897047,6.44473867692009,6.74278844031454),
 .UNSPECIFIED.);
#235=B_SPLINE_CURVE_WITH_KNOTS('',3,(#7942,#7943,#7944,#7945),
 .UNSPECIFIED.,.F.,.F.,(4,4),(-1.57496563591453,-1.43564986841615),
 .UNSPECIFIED.);
#236=B_SPLINE_CURVE_WITH_KNOTS('',3,(#7947,#7948,#7949,#7950),
 .UNSPECIFIED.,.F.,.F.,(4,4),(-1.43564986841615,-1.4232702689135),
 .UNSPECIFIED.);
#237=B_SPLINE_CURVE_WITH_KNOTS('',3,(#7954,#7955,#7956,#7957),
 .UNSPECIFIED.,.F.,.F.,(4,4),(-2.9343333870467,-2.92763487703029),
 .UNSPECIFIED.);
#238=B_SPLINE_CURVE_WITH_KNOTS('',3,(#7958,#7959,#7960,#7961),
 .UNSPECIFIED.,.F.,.F.,(4,4),(-2.92763487703029,-2.85008020713183),
 .UNSPECIFIED.);
#239=B_SPLINE_CURVE_WITH_KNOTS('',3,(#7991,#7992,#7993,#7994,#7995,#7996,
#7997),.UNSPECIFIED.,.F.,.F.,(4,1,1,1,4),(-7.51886178974009,-6.44473867692009,
-4.29649245128009,-2.1482462256401,-1.04345226683947E-13),.UNSPECIFIED.);
#240=B_SPLINE_CURVE_WITH_KNOTS('',3,(#8001,#8002,#8003,#8004),
 .UNSPECIFIED.,.F.,.F.,(4,4),(-1.02073959258044,0.),.UNSPECIFIED.);
#241=B_SPLINE_CURVE_WITH_KNOTS('',3,(#8006,#8007,#8008,#8009,#8010,#8011,
#8012,#8013,#8014,#8015,#8016,#8017,#8018,#8019,#8020,#8021,#8022,#8023,
#8024,#8025,#8026,#8027,#8028,#8029,#8030,#8031,#8032,#8033,#8034,#8035,
#8036,#8037,#8038,#8039,#8040,#8041,#8042,#8043,#8044,#8045,#8046,#8047,
#8048,#8049,#8050,#8051,#8052,#8053,#8054),.UNSPECIFIED.,.F.,.F.,(4,3,3,
3,3,3,3,3,3,3,3,3,3,3,3,3,4),(-1.17213645276249,-1.06188608083483,-0.956464831147067,
-0.855182931871082,-0.758253601249948,-0.663629726650941,-0.571866442102516,
-0.551337234043126,-0.479377100132026,-0.41056125283416,-0.343994261593041,
-0.279080572324105,-0.215387341869471,-0.152884007404968,-0.0908112677595495,
-0.0290310498177107,0.),.UNSPECIFIED.);
#242=B_SPLINE_CURVE_WITH_KNOTS('',3,(#8055,#8056,#8057,#8058,#8059,#8060,
#8061,#8062,#8063,#8064,#8065,#8066),.UNSPECIFIED.,.F.,.F.,(4,2,2,2,2,4),
(-3.26089209263759,-2.74607204046255,-2.32042649045744,-1.94287182333552,
-1.42018059417419,0.),.UNSPECIFIED.);
#243=B_SPLINE_CURVE_WITH_KNOTS('',3,(#8104,#8105,#8106,#8107,#8108,#8109,
#8110,#8111,#8112,#8113,#8114,#8115,#8116,#8117,#8118,#8119),
 .UNSPECIFIED.,.F.,.F.,(4,1,1,1,1,1,1,1,1,1,1,1,1,4),(-9.3677010821311,
-9.16965821240926,-8.97678239236869,-8.7777225358281,-8.59929185138941,
-8.23427835071026,-7.84968290457156,-7.09855243168706,-6.34141931223114,
-5.57484016880441,-4.79781615123452,-4.01231567886529,-3.22196336924557,
-1.9521203495039),.UNSPECIFIED.);
#244=B_SPLINE_CURVE_WITH_KNOTS('',3,(#8248,#8249,#8250,#8251,#8252,#8253,
#8254,#8255,#8256,#8257,#8258,#8259,#8260,#8261,#8262,#8263,#8264,#8265),
 .UNSPECIFIED.,.F.,.F.,(4,1,1,1,1,1,1,1,1,1,1,1,1,1,1,4),(0.309388591436274,
0.820352231671924,1.62837344565298,3.22196336924557,4.01231567886529,4.79781615123452,
5.57484016880441,6.34141931223114,7.09855243168706,7.84968290457156,8.23427835071026,
8.59929185138941,8.7777225358281,8.97678239236869,9.16965821240926,9.3677010821311),
 .UNSPECIFIED.);
#245=B_SPLINE_CURVE_WITH_KNOTS('',3,(#8266,#8267,#8268,#8269,#8270,#8271,
#8272),.UNSPECIFIED.,.F.,.F.,(4,1,1,1,4),(-1.,-0.857142857142857,-0.571428571428571,
-0.285714285714286,0.),.UNSPECIFIED.);
#246=B_SPLINE_CURVE_WITH_KNOTS('',3,(#8304,#8305,#8306,#8307,#8308,#8309,
#8310,#8311,#8312,#8313,#8314,#8315,#8316,#8317,#8318,#8319,#8320,#8321),
 .UNSPECIFIED.,.F.,.F.,(4,1,1,1,1,1,1,1,1,1,1,1,1,1,1,4),(1.58379819418094,
1.78184106399357,1.97471688393004,2.1737767403769,2.35220742492956,2.71722092547113,
3.10181637174529,3.85294684463032,4.61007996408561,5.37665910751349,6.15368312508116,
6.93918359745441,7.72953590706787,9.32312583066929,10.1311470446019,10.6421106847386),
 .UNSPECIFIED.);
#247=B_SPLINE_CURVE_WITH_KNOTS('',3,(#8450,#8451,#8452,#8453,#8454,#8455,
#8456,#8457,#8458,#8459,#8460,#8461,#8462,#8463,#8464,#8465),
 .UNSPECIFIED.,.F.,.F.,(4,1,1,1,1,1,1,1,1,1,1,1,1,4),(-8.99937892649854,
-7.72953590706787,-6.93918359745441,-6.15368312508116,-5.37665910751349,
-4.61007996408561,-3.85294684463032,-3.10181637174529,-2.71722092547113,
-2.35220742492956,-2.1737767403769,-1.97471688393004,-1.78184106399357,
-1.58379819418094),.UNSPECIFIED.);
#248=B_SPLINE_CURVE_WITH_KNOTS('',3,(#8466,#8467,#8468,#8469,#8470,#8471,
#8472),.UNSPECIFIED.,.F.,.F.,(4,1,1,1,4),(-1.,-0.857142857142857,-0.571428571428571,
-0.285714285714286,0.),.UNSPECIFIED.);
#249=B_SPLINE_CURVE_WITH_KNOTS('',3,(#8510,#8511,#8512,#8513,#8514,#8515,
#8516),.UNSPECIFIED.,.F.,.F.,(4,1,1,1,4),(-10.5988244065965,-8.45057818095719,
-6.30233195531788,-4.15408572967858,-3.07996261685892),.UNSPECIFIED.);
#250=B_SPLINE_CURVE_WITH_KNOTS('',3,(#8557,#8558,#8559,#8560,#8561),
 .UNSPECIFIED.,.F.,.F.,(4,1,4),(-2.59618282018993,-1.48353304010853,0.),
 .UNSPECIFIED.);
#251=B_SPLINE_CURVE_WITH_KNOTS('',3,(#8562,#8563,#8564,#8565,#8566),
 .UNSPECIFIED.,.F.,.F.,(4,1,4),(0.,1.48353304010853,2.59618282018993),
 .UNSPECIFIED.);
#252=B_SPLINE_CURVE_WITH_KNOTS('',3,(#8600,#8601,#8602,#8603,#8604,#8605),
 .UNSPECIFIED.,.F.,.F.,(4,2,4),(-0.767394589413767,-0.302079318351772,0.),
 .UNSPECIFIED.);
#253=B_SPLINE_CURVE_WITH_KNOTS('',3,(#8606,#8607,#8608,#8609,#8610,#8611),
 .UNSPECIFIED.,.F.,.F.,(4,2,4),(0.,0.302079318351772,0.767394589413767),
 .UNSPECIFIED.);
#254=B_SPLINE_CURVE_WITH_KNOTS('',3,(#8662,#8663,#8664,#8665,#8666,#8667,
#8668,#8669,#8670,#8671,#8672,#8673,#8674,#8675),.UNSPECIFIED.,.F.,.F.,
(4,2,2,2,2,2,4),(-1.18723489562552,-0.969431302876308,-0.761313474229929,
-0.525851904931107,-0.268370002845897,0.,0.00121770433398644),
 .UNSPECIFIED.);
#255=B_SPLINE_CURVE_WITH_KNOTS('',3,(#8676,#8677,#8678,#8679,#8680,#8681,
#8682,#8683),.UNSPECIFIED.,.F.,.F.,(4,2,2,4),(-2.28997572610958,-0.932125159504942,
-0.238357032108371,0.),.UNSPECIFIED.);
#256=B_SPLINE_CURVE_WITH_KNOTS('',3,(#8685,#8686,#8687,#8688,#8689,#8690,
#8691,#8692),.UNSPECIFIED.,.F.,.F.,(4,2,2,4),(0.,0.238357032108371,0.932125159504942,
1.03622624605734),.UNSPECIFIED.);
#257=B_SPLINE_CURVE_WITH_KNOTS('',3,(#8693,#8694,#8695,#8696,#8697,#8698),
 .UNSPECIFIED.,.F.,.F.,(4,2,4),(-0.00274250806644837,0.,0.634344774157092),
 .UNSPECIFIED.);
#258=B_SPLINE_CURVE_WITH_KNOTS('',3,(#8703,#8704,#8705,#8706,#8707),
 .UNSPECIFIED.,.F.,.F.,(4,1,4),(-19.8871248066947,-18.2618939181701,-17.0429707514787),
 .UNSPECIFIED.);
#259=B_SPLINE_CURVE_WITH_KNOTS('',3,(#8708,#8709,#8710,#8711,#8712,#8713,
#8714,#8715,#8716,#8717),.UNSPECIFIED.,.F.,.F.,(4,1,1,1,1,1,1,4),(-26.827530012813,
-25.836043554796,-24.844557096779,-23.8530706387621,-22.8615841807451,-21.8700977227281,
-20.8786112647111,-19.8871248066941),.UNSPECIFIED.);
#260=B_SPLINE_CURVE_WITH_KNOTS('',3,(#8718,#8719,#8720,#8721,#8722,#8723,
#8724,#8725,#8726),.UNSPECIFIED.,.F.,.F.,(4,1,1,1,1,1,4),(-7.63638643054908,
-7.628968235091,-6.94696670311413,-5.64853294075538,-5.20389233049106,-5.02502604572777,
-4.5012378185648),.UNSPECIFIED.);
#261=B_SPLINE_CURVE_WITH_KNOTS('',3,(#8776,#8777,#8778,#8779),
 .UNSPECIFIED.,.F.,.F.,(4,4),(-1.,-0.571316025342432),.UNSPECIFIED.);
#262=B_SPLINE_CURVE_WITH_KNOTS('',3,(#8780,#8781,#8782,#8783,#8784,#8785,
#8786,#8787,#8788,#8789,#8790),.UNSPECIFIED.,.F.,.F.,(4,1,1,1,1,1,1,1,4),
(3.562015075413,3.78665270767261,4.16311386439285,4.41049000377798,5.02502604572777,
5.20389233049106,5.64853294075538,6.94696670311413,7.28609898499336),
 .UNSPECIFIED.);
#263=B_SPLINE_CURVE_WITH_KNOTS('',3,(#8815,#8816,#8817,#8818,#8819,#8820),
 .UNSPECIFIED.,.F.,.F.,(4,2,4),(2.77291176657165,3.0951109720453,3.56201507541464),
 .UNSPECIFIED.);
#264=B_SPLINE_CURVE_WITH_KNOTS('',3,(#8859,#8860,#8861,#8862,#8863,#8864,
#8865),.UNSPECIFIED.,.F.,.F.,(4,1,1,1,4),(3.07996261685952,5.22820884250012,
7.37645506814072,8.45057818096102,10.5988244066016),.UNSPECIFIED.);
#265=B_SPLINE_CURVE_WITH_KNOTS('',3,(#8882,#8883,#8884,#8885,#8886,#8887,
#8888,#8889),.UNSPECIFIED.,.F.,.F.,(4,2,2,4),(0.,0.292694106306526,0.455005244201111,
0.5626365197956),.UNSPECIFIED.);
#266=B_SPLINE_CURVE_WITH_KNOTS('',3,(#8936,#8937,#8938,#8939,#8940),
 .UNSPECIFIED.,.F.,.F.,(4,1,4),(0.610110175122256,2.0936433182943,3.20629317567333),
 .UNSPECIFIED.);
#267=B_SPLINE_CURVE_WITH_KNOTS('',3,(#8941,#8942,#8943,#8944,#8945),
 .UNSPECIFIED.,.F.,.F.,(4,1,4),(-3.20629317567333,-2.0936433182943,-0.610110175122256),
 .UNSPECIFIED.);
#268=B_SPLINE_CURVE_WITH_KNOTS('',3,(#8973,#8974,#8975,#8976),
 .UNSPECIFIED.,.F.,.F.,(4,4),(-9.14219949845706E-15,0.767394576106827),
 .UNSPECIFIED.);
#269=B_SPLINE_CURVE_WITH_KNOTS('',3,(#8977,#8978,#8979,#8980),
 .UNSPECIFIED.,.F.,.F.,(4,4),(-0.767394576106827,9.14219949845706E-15),
 .UNSPECIFIED.);
#270=B_SPLINE_CURVE_WITH_KNOTS('',3,(#9037,#9038,#9039,#9040,#9041,#9042,
#9043,#9044,#9045,#9046,#9047,#9048,#9049,#9050,#9051,#9052,#9053,#9054,
#9055,#9056,#9057,#9058,#9059,#9060,#9061),.UNSPECIFIED.,.F.,.F.,(4,3,3,
3,3,3,3,3,4),(2.04374883161829,2.1329826879026,2.223454239168,2.24113789565207,
2.33972798225339,2.43811842961928,2.53462224198325,2.57624478231501,2.57856752822428),
 .UNSPECIFIED.);
#271=B_SPLINE_CURVE_WITH_KNOTS('',3,(#9062,#9063,#9064,#9065,#9066,#9067,
#9068,#9069,#9070),.UNSPECIFIED.,.F.,.F.,(4,2,1,2,4),(-0.000143612877838201,
0.103892124321363,0.383799430888841,0.797660266349667,1.03601711681019),
 .UNSPECIFIED.);
#272=B_SPLINE_CURVE_WITH_KNOTS('',3,(#9072,#9073,#9074,#9075,#9076,#9077,
#9078,#9079,#9080),.UNSPECIFIED.,.F.,.F.,(4,2,1,2,4),(-1.03601711681019,
-0.797660266349667,-0.383799430888841,-0.103892124321363,1.25395844224784),
 .UNSPECIFIED.);
#273=B_SPLINE_CURVE_WITH_KNOTS('',3,(#9081,#9082,#9083,#9084,#9085,#9086,
#9087,#9088,#9089,#9090,#9091,#9092,#9093,#9094),.UNSPECIFIED.,.F.,.F.,
(4,2,2,2,2,2,4),(-1.21071596452853,-1.209475450588,-0.936078006430878,-0.673772691073048,
-0.433900215746747,-0.221883711767773,0.),.UNSPECIFIED.);
#274=B_SPLINE_CURVE_WITH_KNOTS('',3,(#9126,#9127,#9128,#9129,#9130,#9131,
#9132,#9133,#9134,#9135),.UNSPECIFIED.,.F.,.F.,(4,1,1,1,1,1,1,4),(19.8871248066941,
20.8786112647111,21.8700977227281,22.8615841807451,23.8530706387621,24.844557096779,
25.836043554796,26.199257550176),.UNSPECIFIED.);
#275=B_SPLINE_CURVE_WITH_KNOTS('',3,(#9138,#9139,#9140,#9141,#9142,#9143,
#9144,#9145,#9146,#9147),.UNSPECIFIED.,.F.,.F.,(4,1,1,1,1,1,1,4),(5.06734379553326,
5.43053141262506,6.42201787069804,7.41350432877103,8.40499078684401,9.39647724491699,
10.38796370299,11.3794501606646),.UNSPECIFIED.);
#276=B_SPLINE_CURVE_WITH_KNOTS('',3,(#9249,#9250,#9251,#9252,#9253,#9254,
#9255,#9256,#9257,#9258,#9259),.UNSPECIFIED.,.F.,.F.,(4,1,1,1,1,1,1,1,4),
(1.0493586411622,1.38849092111879,2.68692468348119,3.13156532094387,3.31043157851966,
3.92496761979286,4.17234413455831,4.54880489379391,4.77344244674442),
 .UNSPECIFIED.);
#277=B_SPLINE_CURVE_WITH_KNOTS('',3,(#9260,#9261,#9262,#9263),
 .UNSPECIFIED.,.F.,.F.,(4,4),(-1.,-0.571312807824725),.UNSPECIFIED.);
#278=B_SPLINE_CURVE_WITH_KNOTS('',3,(#9264,#9265,#9266,#9267,#9268,#9269,
#9270,#9271,#9272),.UNSPECIFIED.,.F.,.F.,(4,1,1,1,1,1,4),(-3.8342197879133,
-3.31043157851966,-3.13156532094387,-2.68692468348119,-1.38849092111879,
-0.706489389023403,-0.699071193893755),.UNSPECIFIED.);
#279=B_SPLINE_CURVE_WITH_KNOTS('',3,(#9293,#9294,#9295,#9296,#9297),
 .UNSPECIFIED.,.F.,.F.,(4,1,4),(4.77344244674368,5.24034594285229,5.56254738783527),
 .UNSPECIFIED.);
#280=B_SPLINE_CURVE_WITH_KNOTS('',3,(#9336,#9337,#9338,#9339,#9340,#9341,
#9342,#9343,#9344,#9345),.UNSPECIFIED.,.F.,.F.,(4,1,1,1,1,1,1,4),(-11.3794501606646,
-10.38796370299,-9.39647724491699,-8.40499078684401,-7.41350432877103,-6.42201787069804,
-5.43053141262506,-4.43904495455208),.UNSPECIFIED.);
#281=B_SPLINE_CURVE_WITH_KNOTS('',3,(#9347,#9348,#9349,#9350,#9351),
 .UNSPECIFIED.,.F.,.F.,(4,1,4),(-14.2236039302708,-13.0046812131893,-11.3794501610619),
 .UNSPECIFIED.);
#282=B_SPLINE_CURVE_WITH_KNOTS('',3,(#9423,#9424,#9425,#9426,#9427,#9428,
#9429),.UNSPECIFIED.,.F.,.F.,(4,1,1,1,4),(-1.,-0.857142857142857,-0.571428571428571,
-0.285714285714286,0.),.UNSPECIFIED.);
#283=B_SPLINE_CURVE_WITH_KNOTS('',3,(#9466,#9467,#9468,#9469,#9470,#9471,
#9472),.UNSPECIFIED.,.F.,.F.,(4,1,1,1,4),(-1.,-0.785714285714286,-0.571428571428571,
-0.285714285714286,0.),.UNSPECIFIED.);
#284=B_SPLINE_CURVE_WITH_KNOTS('',3,(#9473,#9474,#9475,#9476,#9477),
 .UNSPECIFIED.,.F.,.F.,(4,1,4),(11.3794501610619,13.0046812131893,14.2236039302708),
 .UNSPECIFIED.);
#285=B_SPLINE_CURVE_WITH_KNOTS('',3,(#9549,#9550,#9551,#9552,#9553,#9554,
#9555),.UNSPECIFIED.,.F.,.F.,(4,1,1,1,4),(-1.,-0.785714285714286,-0.571428571428571,
-0.285714285714286,0.),.UNSPECIFIED.);
#286=B_SPLINE_CURVE_WITH_KNOTS('',3,(#9556,#9557,#9558,#9559,#9560,#9561,
#9562,#9563,#9564,#9565),.UNSPECIFIED.,.F.,.F.,(4,1,1,1,1,1,1,4),(-17.0429707514787,
-16.6402041035929,-16.237437455707,-15.8346708078212,-15.4319041599354,
-15.0291375120495,-14.6263708641637,-14.2236042162779),.UNSPECIFIED.);
#287=B_SPLINE_CURVE_WITH_KNOTS('',3,(#9566,#9567,#9568,#9569,#9570,#9571,
#9572,#9573,#9574,#9575),.UNSPECIFIED.,.F.,.F.,(4,1,1,1,1,1,1,4),(14.2236042162779,
14.6263708641637,15.0291375120495,15.4319041599354,15.8346708078212,16.237437455707,
16.6402041035929,17.0429707514787),.UNSPECIFIED.);
#288=B_SPLINE_CURVE_WITH_KNOTS('',3,(#9611,#9612,#9613,#9614,#9615,#9616,
#9617),.UNSPECIFIED.,.F.,.F.,(4,1,1,1,4),(-1.,-0.785714285714286,-0.571428571428571,
-0.285714285714286,0.),.UNSPECIFIED.);
#289=B_SPLINE_CURVE_WITH_KNOTS('',3,(#9618,#9619,#9620,#9621,#9622),
 .UNSPECIFIED.,.F.,.F.,(4,1,4),(17.0429707514787,18.2618939181701,19.8871248066947),
 .UNSPECIFIED.);
#290=B_SPLINE_CURVE_WITH_KNOTS('',3,(#9696,#9697,#9698,#9699,#9700,#9701),
 .UNSPECIFIED.,.F.,.F.,(4,2,4),(-0.800000000000001,-0.4,0.),
 .UNSPECIFIED.);
#291=B_SPLINE_CURVE_WITH_KNOTS('',3,(#9703,#9704,#9705,#9706,#9707,#9708),
 .UNSPECIFIED.,.F.,.F.,(4,2,4),(-0.800000000000001,-0.4,0.),
 .UNSPECIFIED.);
#292=B_SPLINE_CURVE_WITH_KNOTS('',3,(#9713,#9714,#9715,#9716,#9717,#9718,
#9719,#9720,#9721,#9722,#9723,#9724,#9725,#9726,#9727,#9728,#9729,#9730,
#9731,#9732,#9733,#9734),.UNSPECIFIED.,.F.,.F.,(4,3,3,3,3,3,3,4),(-1.50040461391778,
-1.23164577073712,-0.989784117111926,-0.764575928317948,-0.555836659912213,
-0.353867255070498,-0.160734757448064,0.),.UNSPECIFIED.);
#293=B_SPLINE_CURVE_WITH_KNOTS('',3,(#9737,#9738,#9739,#9740,#9741,#9742,
#9743,#9744,#9745,#9746,#9747,#9748,#9749,#9750,#9751,#9752,#9753,#9754,
#9755,#9756,#9757,#9758),.UNSPECIFIED.,.F.,.F.,(4,3,3,3,3,3,3,4),(-3.65007946027526,
-3.54529342091083,-3.43717997499083,-3.32517863245911,-3.20326950851503,
-3.07619189999973,-2.93310174212342,-2.83754213668279),.UNSPECIFIED.);
#294=B_SPLINE_CURVE_WITH_KNOTS('',3,(#9886,#9887,#9888,#9889,#9890,#9891),
 .UNSPECIFIED.,.F.,.F.,(4,2,4),(0.0561634149274665,0.200076387938037,0.418360564715272),
 .UNSPECIFIED.);
#295=B_SPLINE_CURVE_WITH_KNOTS('',3,(#9892,#9893,#9894,#9895,#9896,#9897,
#9898),.UNSPECIFIED.,.F.,.F.,(4,1,1,1,4),(0.0783184096569713,0.395949548546179,
0.791899097092358,1.18784864563854,1.58379819418472),.UNSPECIFIED.);
#296=B_SPLINE_CURVE_WITH_KNOTS('',3,(#9899,#9900,#9901,#9902,#9903,#9904,
#9905),.UNSPECIFIED.,.F.,.F.,(4,1,1,1,4),(-1.58379819418472,-1.18784864563854,
-0.791899097092358,-0.395949548546179,-8.6459531439565E-5),
 .UNSPECIFIED.);
#297=B_SPLINE_CURVE_WITH_KNOTS('',3,(#9913,#9914,#9915,#9916,#9917,#9918,
#9919),.UNSPECIFIED.,.F.,.F.,(4,1,1,1,4),(9.3677010821311,9.76365063067318,
10.1596001792153,10.5555497277574,10.8731800522945),.UNSPECIFIED.);
#298=B_SPLINE_CURVE_WITH_KNOTS('',3,(#10008,#10009,#10010,#10011,#10012,
#10013,#10014,#10015),.UNSPECIFIED.,.F.,.F.,(4,2,2,4),(0.0547694761284325,
0.258068785312393,0.435692398016425,0.616321623197637),.UNSPECIFIED.);
#299=B_SPLINE_CURVE_WITH_KNOTS('',3,(#10016,#10017,#10018,#10019,#10020,
#10021,#10022),.UNSPECIFIED.,.F.,.F.,(4,1,1,1,4),(-10.9514109585775,-10.5555497277574,
-10.1596001792153,-9.76365063067318,-9.3677010821311),.UNSPECIFIED.);
#300=B_SPLINE_CURVE_WITH_KNOTS('',3,(#10023,#10024,#10025,#10026,#10027,
#10028),.UNSPECIFIED.,.F.,.F.,(4,2,4),(0.,0.218149250399533,0.362250116528345),
 .UNSPECIFIED.);
#301=B_SPLINE_CURVE_WITH_KNOTS('',3,(#10098,#10099,#10100,#10101,#10102,
#10103,#10104),.UNSPECIFIED.,.F.,.F.,(4,3,4),(0.,0.711368641381,1.31710679438339),
 .UNSPECIFIED.);
#302=B_SPLINE_CURVE_WITH_KNOTS('',3,(#10106,#10107,#10108,#10109),
 .UNSPECIFIED.,.F.,.F.,(4,4),(0.,1.26608882362815),.UNSPECIFIED.);
#303=B_SPLINE_CURVE_WITH_KNOTS('',3,(#10111,#10112,#10113,#10114,#10115,
#10116,#10117),.UNSPECIFIED.,.F.,.F.,(4,3,4),(0.,2.03883609380395,3.09678404223193),
 .UNSPECIFIED.);
#304=B_SPLINE_CURVE_WITH_KNOTS('',3,(#10119,#10120,#10121,#10122,#10123,
#10124),.UNSPECIFIED.,.F.,.F.,(4,2,4),(0.,0.00500993599860875,0.0100245090473034),
 .UNSPECIFIED.);
#305=B_SPLINE_CURVE_WITH_KNOTS('',3,(#10128,#10129,#10130,#10131),
 .UNSPECIFIED.,.F.,.F.,(4,4),(-1.43564986841615,-1.4232702689135),
 .UNSPECIFIED.);
#306=B_SPLINE_CURVE_WITH_KNOTS('',3,(#10133,#10134,#10135,#10136,#10137,
#10138,#10139),.UNSPECIFIED.,.F.,.F.,(4,3,4),(-6.79287139607515,-3.31603382899403,
-1.43564986841615),.UNSPECIFIED.);
#307=B_SPLINE_CURVE_WITH_KNOTS('',3,(#10141,#10142,#10143,#10144),
 .UNSPECIFIED.,.F.,.F.,(4,4),(-1.44324031315974,-0.0515006252706583),
 .UNSPECIFIED.);
#308=B_SPLINE_CURVE_WITH_KNOTS('',3,(#10145,#10146,#10147,#10148,#10149,
#10150,#10151),.UNSPECIFIED.,.F.,.F.,(4,3,4),(-1.33138787970325,-0.612306032145838,
0.),.UNSPECIFIED.);
#309=B_SPLINE_CURVE_WITH_KNOTS('',3,(#10156,#10157,#10158,#10159,#10160,
#10161,#10162),.UNSPECIFIED.,.F.,.F.,(4,3,4),(-1.2961381329355,-0.700043479088086,
0.),.UNSPECIFIED.);
#310=B_SPLINE_CURVE_WITH_KNOTS('',3,(#10164,#10165,#10166,#10167),
 .UNSPECIFIED.,.F.,.F.,(4,4),(-1.28919385287813,0.),.UNSPECIFIED.);
#311=B_SPLINE_CURVE_WITH_KNOTS('',3,(#10169,#10170,#10171,#10172,#10173,
#10174,#10175,#10176,#10177,#10178),.UNSPECIFIED.,.F.,.F.,(4,3,3,4),(-2.92763487703029,
-2.04011150644598,-1.92598652619888,-0.051014058066476),.UNSPECIFIED.);
#312=B_SPLINE_CURVE_WITH_KNOTS('',3,(#10180,#10181,#10182,#10183),
 .UNSPECIFIED.,.F.,.F.,(4,4),(-2.9343333870467,-2.92763487703029),
 .UNSPECIFIED.);
#313=B_SPLINE_CURVE_WITH_KNOTS('',3,(#10187,#10188,#10189,#10190,#10191,
#10192),.UNSPECIFIED.,.F.,.F.,(4,2,4),(0.,0.00501457304352629,0.0100245090109546),
 .UNSPECIFIED.);
#314=B_SPLINE_CURVE_WITH_KNOTS('',3,(#10194,#10195,#10196,#10197,#10198,
#10199,#10200),.UNSPECIFIED.,.F.,.F.,(4,3,4),(0.,1.17897810988239,3.45105881837092),
 .UNSPECIFIED.);
#315=B_SPLINE_CURVE_WITH_KNOTS('',3,(#10202,#10203,#10204,#10205),
 .UNSPECIFIED.,.F.,.F.,(4,4),(0.,1.24833761117862),.UNSPECIFIED.);
#316=B_SPLINE_CURVE_WITH_KNOTS('',3,(#10207,#10208,#10209,#10210,#10211,
#10212,#10213),.UNSPECIFIED.,.F.,.F.,(4,3,4),(0.,0.60783281031539,1.32166138181939),
 .UNSPECIFIED.);
#317=B_SPLINE_CURVE_WITH_KNOTS('',3,(#10245,#10246,#10247,#10248,#10249,
#10250,#10251),.UNSPECIFIED.,.F.,.F.,(4,1,1,1,4),(-10.5988244066016,-8.45057818096102,
-7.37645506814072,-5.22820884250012,-3.85599225795),.UNSPECIFIED.);
#318=B_SPLINE_CURVE_WITH_KNOTS('',3,(#10257,#10258,#10259,#10260,#10261,
#10262,#10263),.UNSPECIFIED.,.F.,.F.,(4,1,1,1,4),(3.85603596628422,4.15408572967858,
6.30233195531788,8.45057818095719,10.5988244065965),.UNSPECIFIED.);
#319=B_SPLINE_CURVE_WITH_KNOTS('',3,(#10322,#10323,#10324,#10325,#10326,
#10327,#10328,#10329,#10330,#10331,#10332,#10333,#10334,#10335,#10336,#10337,
#10338,#10339,#10340,#10341,#10342,#10343),.UNSPECIFIED.,.F.,.F.,(4,3,3,
3,3,3,3,4),(-1.33138787970811,-1.22557748875212,-1.11778366072459,-1.00776276124482,
-0.893790829017324,-0.777133350957016,-0.655694989029556,-0.612306032146302),
 .UNSPECIFIED.);
#320=B_SPLINE_CURVE_WITH_KNOTS('',3,(#10345,#10346,#10347,#10348,#10349,
#10350,#10351,#10352,#10353,#10354,#10355,#10356,#10357,#10358,#10359,#10360),
 .UNSPECIFIED.,.F.,.F.,(4,3,3,3,3,4),(-0.612306032146302,-0.501795130558482,
-0.384952663067944,-0.253862865492471,-0.10603371328364,0.),
 .UNSPECIFIED.);
#321=B_SPLINE_CURVE_WITH_KNOTS('',3,(#10363,#10364,#10365,#10366,#10367,
#10368),.UNSPECIFIED.,.F.,.F.,(4,2,4),(-1.2961381329355,-0.700043479088086,
0.),.UNSPECIFIED.);
#322=B_SPLINE_CURVE_WITH_KNOTS('',3,(#10406,#10407,#10408,#10409,#10410,
#10411,#10412,#10413,#10414,#10415,#10416,#10417,#10418,#10419,#10420,#10421,
#10422,#10423,#10424,#10425,#10426,#10427,#10428,#10429,#10430,#10431,#10432,
#10433,#10434,#10435,#10436,#10437,#10438,#10439,#10440,#10441,#10442,#10443,
#10444,#10445),.UNSPECIFIED.,.F.,.F.,(4,3,3,3,3,3,3,3,3,3,3,3,3,4),(-1.5717291679222,
-1.40462597249263,-1.26901474832801,-1.14702078990227,-1.03307028942269,
-0.92353811834205,-0.816885195785115,-0.710974645957085,-0.605777410795708,
-0.501266394562387,-0.394746803611403,-0.285493906502462,-0.171631471707789,
-0.156812920777538),.UNSPECIFIED.);
#323=B_SPLINE_CURVE_WITH_KNOTS('',3,(#10447,#10448,#10449,#10450),
 .UNSPECIFIED.,.F.,.F.,(4,4),(-0.156812920777538,-0.0515468273170465),
 .UNSPECIFIED.);
#324=B_SPLINE_CURVE_WITH_KNOTS('',3,(#10452,#10453,#10454,#10455),
 .UNSPECIFIED.,.F.,.F.,(4,4),(-6.64580014290678,-3.32423224468121),
 .UNSPECIFIED.);
#325=B_SPLINE_CURVE_WITH_KNOTS('',3,(#10456,#10457,#10458,#10459,#10460,
#10461),.UNSPECIFIED.,.F.,.F.,(4,2,4),(-3.32423224468121,-3.23321216237235,
-1.50040461391778),.UNSPECIFIED.);
#326=B_SPLINE_CURVE_WITH_KNOTS('',3,(#10463,#10464,#10465,#10466,#10467,
#10468,#10469,#10470,#10471,#10472,#10473,#10474,#10475,#10476,#10477,#10478,
#10479,#10480,#10481,#10482,#10483,#10484,#10485,#10486,#10487,#10488,#10489,
#10490,#10491,#10492,#10493,#10494,#10495,#10496,#10497,#10498,#10499,#10500,
#10501,#10502,#10503,#10504,#10505,#10506,#10507,#10508,#10509,#10510,#10511,
#10512,#10513,#10514,#10515,#10516,#10517,#10518,#10519,#10520,#10521,#10522,
#10523,#10524,#10525,#10526,#10527,#10528,#10529,#10530,#10531,#10532,#10533,
#10534,#10535,#10536,#10537,#10538,#10539,#10540,#10541,#10542,#10543,#10544,
#10545,#10546,#10547,#10548,#10549,#10550),.UNSPECIFIED.,.F.,.F.,(4,3,3,
3,3,3,3,3,3,3,3,3,3,3,3,3,3,3,3,3,3,3,3,3,3,3,3,3,3,4),(-3.71424151738353,
-3.59976565927987,-3.48416417151245,-3.36374372889301,-3.23704536183116,
-3.10166204206387,-2.95329233922056,-2.78219495086966,-2.61149614506946,
-2.45146601463177,-2.31225509205415,-2.18313460597172,-2.06145071740858,
-1.94519378836592,-1.83308874806911,-1.72170907994395,-1.61489671788909,
-1.50967040933337,-1.40398206076869,-1.29407944448177,-1.1781920543565,
-1.05370560085325,-0.913524134799016,-0.716120190546386,-0.549843657426409,
-0.420684236446914,-0.299186890719726,-0.183208080678394,-0.0741306126898408,
-0.051014058066476),.UNSPECIFIED.);
#327=B_SPLINE_CURVE_WITH_KNOTS('',3,(#10551,#10552,#10553,#10554),
 .UNSPECIFIED.,.F.,.F.,(4,4),(-1.28919385287813,0.),.UNSPECIFIED.);
#328=B_SPLINE_CURVE_WITH_KNOTS('',3,(#10593,#10594,#10595,#10596),
 .UNSPECIFIED.,.F.,.F.,(4,4),(-1.39843773514588,-1.301601932364),
 .UNSPECIFIED.);
#329=B_SPLINE_CURVE_WITH_KNOTS('',3,(#10598,#10599,#10600,#10601,#10602,
#10603,#10604,#10605,#10606,#10607,#10608,#10609,#10610,#10611,#10612,#10613,
#10614,#10615,#10616,#10617,#10618,#10619,#10620,#10621,#10622,#10623,#10624,
#10625,#10626,#10627,#10628,#10629,#10630,#10631,#10632,#10633,#10634),
 .UNSPECIFIED.,.F.,.F.,(4,3,3,3,3,3,3,3,3,3,3,3,4),(-1.301601932364,-1.19782904759105,
-1.09784692301224,-1.00089327415076,-0.904736031275403,-0.807907805603565,
-0.706919329903119,-0.60824823972375,-0.507746956379394,-0.402721664081903,
-0.286860613646424,-0.16063555390969,0.),.UNSPECIFIED.);
#330=B_SPLINE_CURVE_WITH_KNOTS('',3,(#10638,#10639,#10640,#10641),
 .UNSPECIFIED.,.F.,.F.,(4,4),(-1.44324031315974,-0.0515006252706583),
 .UNSPECIFIED.);
#331=B_SPLINE_CURVE_WITH_KNOTS('',3,(#10642,#10643,#10644,#10645,#10646,
#10647),.UNSPECIFIED.,.F.,.F.,(4,2,4),(-6.79287139607515,-3.31603382899403,
0.),.UNSPECIFIED.);
#332=B_SPLINE_CURVE_WITH_KNOTS('',3,(#10649,#10650,#10651,#10652,#10653,
#10654),.UNSPECIFIED.,.F.,.F.,(4,2,4),(-2.83754213668279,-1.89914805639604,
-1.84985654305939),.UNSPECIFIED.);
#333=B_SPLINE_CURVE_WITH_KNOTS('',3,(#10655,#10656,#10657,#10658),
 .UNSPECIFIED.,.F.,.F.,(4,4),(-1.84985654305939,-0.0510764905338789),
 .UNSPECIFIED.);
#334=B_SPLINE_CURVE_WITH_KNOTS('',3,(#10676,#10677,#10678,#10679,#10680,
#10681,#10682,#10683,#10684,#10685,#10686,#10687,#10688,#10689,#10690,#10691),
 .UNSPECIFIED.,.F.,.F.,(4,3,3,3,3,4),(-1.29613813297261,-1.14711446950606,
-1.01709277073754,-0.897500861423616,-0.7884847380617,-0.700043479106404),
 .UNSPECIFIED.);
#335=B_SPLINE_CURVE_WITH_KNOTS('',3,(#10693,#10694,#10695,#10696,#10697,
#10698,#10699,#10700,#10701,#10702,#10703,#10704,#10705,#10706,#10707,#10708,
#10709,#10710,#10711,#10712,#10713,#10714),.UNSPECIFIED.,.F.,.F.,(4,3,3,
3,3,3,3,4),(-0.700043479106404,-0.582118095200925,-0.468047240112425,-0.357144978067788,
-0.250076762790977,-0.144913066099319,-0.042209692486724,0.),
 .UNSPECIFIED.);
#336=B_SPLINE_CURVE_WITH_KNOTS('',3,(#10717,#10718,#10719,#10720,#10721,
#10722,#10723,#10724,#10725,#10726,#10727,#10728,#10729,#10730,#10731,#10732,
#10733,#10734,#10735,#10736,#10737,#10738,#10739,#10740,#10741,#10742,#10743,
#10744,#10745,#10746,#10747,#10748,#10749,#10750),.UNSPECIFIED.,.F.,.F.,
(4,3,3,3,3,3,3,3,3,3,3,4),(-1.33138787970325,-1.23343333353923,-1.13350473167601,
-1.03133952250238,-0.926603677229928,-0.818858696671618,-0.705361492819708,
-0.587123578764251,-0.462693251108412,-0.323894142864375,-0.171755180833736,
0.),.UNSPECIFIED.);
#337=B_SPLINE_CURVE_WITH_KNOTS('',3,(#10896,#10897,#10898,#10899),
 .UNSPECIFIED.,.F.,.F.,(4,4),(0.499999999999999,0.799999999999998),
 .UNSPECIFIED.);
#338=B_SPLINE_CURVE_WITH_KNOTS('',3,(#10900,#10901,#10902,#10903),
 .UNSPECIFIED.,.F.,.F.,(4,4),(-0.799999999999998,-0.499999999999999),
 .UNSPECIFIED.);
#339=B_SPLINE_CURVE_WITH_KNOTS('',3,(#10905,#10906,#10907,#10908),
 .UNSPECIFIED.,.F.,.F.,(4,4),(-0.799999999999997,-0.499999999999999),
 .UNSPECIFIED.);
#340=B_SPLINE_CURVE_WITH_KNOTS('',3,(#11067,#11068,#11069,#11070),
 .UNSPECIFIED.,.F.,.F.,(4,4),(0.,1.28919385287813),.UNSPECIFIED.);
#341=B_SPLINE_CURVE_WITH_KNOTS('',3,(#11072,#11073,#11074,#11075),
 .UNSPECIFIED.,.F.,.F.,(4,4),(0.0515006252706583,1.44324031315974),
 .UNSPECIFIED.);
#342=B_SPLINE_CURVE_WITH_KNOTS('',3,(#11110,#11111,#11112,#11113),
 .UNSPECIFIED.,.F.,.F.,(4,4),(-6.79287139607515,-3.31603382899403),
 .UNSPECIFIED.);
#343=B_SPLINE_CURVE_WITH_KNOTS('',3,(#11115,#11116,#11117,#11118),
 .UNSPECIFIED.,.F.,.F.,(4,4),(-3.31603382899403,-1.51190980828964),
 .UNSPECIFIED.);
#344=B_SPLINE_CURVE_WITH_KNOTS('',3,(#11129,#11130,#11131,#11132),
 .UNSPECIFIED.,.F.,.F.,(4,4),(-1.51190980828387,-1.49895643476878),
 .UNSPECIFIED.);
#345=B_SPLINE_CURVE_WITH_KNOTS('',3,(#11145,#11146,#11147,#11148),
 .UNSPECIFIED.,.F.,.F.,(4,4),(-2.90589140266789,-2.89890596885278),
 .UNSPECIFIED.);
#346=B_SPLINE_CURVE_WITH_KNOTS('',3,(#11162,#11163,#11164,#11165),
 .UNSPECIFIED.,.F.,.F.,(4,4),(-2.89890596884967,-1.92598652619888),
 .UNSPECIFIED.);
#347=B_SPLINE_CURVE_WITH_KNOTS('',3,(#11166,#11167,#11168,#11169),
 .UNSPECIFIED.,.F.,.F.,(4,4),(-1.92598652619888,-0.051014058066476),
 .UNSPECIFIED.);
#348=B_SPLINE_CURVE_WITH_KNOTS('',3,(#11224,#11225,#11226,#11227),
 .UNSPECIFIED.,.F.,.F.,(4,4),(0.499999999999999,0.799999999999997),
 .UNSPECIFIED.);
#349=B_SPLINE_CURVE_WITH_KNOTS('',3,(#11243,#11244,#11245,#11246),
 .UNSPECIFIED.,.F.,.F.,(4,4),(0.,0.0184890580223783),.UNSPECIFIED.);
#350=CYLINDRICAL_SURFACE('',#4578,3.5);
#351=CYLINDRICAL_SURFACE('',#4582,3.50000000000001);
#352=CYLINDRICAL_SURFACE('',#4586,3.5);
#353=CYLINDRICAL_SURFACE('',#4590,3.5);
#354=CYLINDRICAL_SURFACE('',#4591,1.8);
#355=CYLINDRICAL_SURFACE('',#4593,1.8);
#356=CYLINDRICAL_SURFACE('',#4595,1.8);
#357=CYLINDRICAL_SURFACE('',#4597,1.80000000000001);
#358=CYLINDRICAL_SURFACE('',#4599,7.);
#359=CYLINDRICAL_SURFACE('',#4606,3.5);
#360=CYLINDRICAL_SURFACE('',#4612,3.5);
#361=CYLINDRICAL_SURFACE('',#4615,1.8);
#362=CYLINDRICAL_SURFACE('',#4617,1.8);
#363=CYLINDRICAL_SURFACE('',#4622,3.50000000000001);
#364=CYLINDRICAL_SURFACE('',#4628,3.5);
#365=CYLINDRICAL_SURFACE('',#4631,1.8);
#366=CYLINDRICAL_SURFACE('',#4633,1.80000000000001);
#367=CYLINDRICAL_SURFACE('',#4641,3.5);
#368=CYLINDRICAL_SURFACE('',#4644,1.8);
#369=CYLINDRICAL_SURFACE('',#4646,2.);
#370=CYLINDRICAL_SURFACE('',#4650,2.);
#371=CYLINDRICAL_SURFACE('',#4657,2.);
#372=CYLINDRICAL_SURFACE('',#4659,2.);
#373=CYLINDRICAL_SURFACE('',#4661,2.);
#374=CYLINDRICAL_SURFACE('',#4663,2.);
#375=CYLINDRICAL_SURFACE('',#4674,3.49999999999998);
#376=CYLINDRICAL_SURFACE('',#4678,1.8);
#377=CYLINDRICAL_SURFACE('',#4682,3.49999999999998);
#378=CYLINDRICAL_SURFACE('',#4687,1.8);
#379=CYLINDRICAL_SURFACE('',#4691,5.);
#380=CYLINDRICAL_SURFACE('',#4706,86.);
#381=CYLINDRICAL_SURFACE('',#4716,7.);
#382=CYLINDRICAL_SURFACE('',#4721,7.);
#383=CYLINDRICAL_SURFACE('',#4723,7.);
#384=CYLINDRICAL_SURFACE('',#4729,7.);
#385=CYLINDRICAL_SURFACE('',#4740,7.);
#386=CYLINDRICAL_SURFACE('',#4756,18.);
#387=CYLINDRICAL_SURFACE('',#4758,11.);
#388=CYLINDRICAL_SURFACE('',#4768,8.00884651807326);
#389=CYLINDRICAL_SURFACE('',#4774,1.5);
#390=CYLINDRICAL_SURFACE('',#4778,1.5);
#391=CYLINDRICAL_SURFACE('',#4782,1.50000000000002);
#392=CYLINDRICAL_SURFACE('',#4786,1.50000000000002);
#393=CYLINDRICAL_SURFACE('',#4793,30.);
#394=CYLINDRICAL_SURFACE('',#4796,30.);
#395=CYLINDRICAL_SURFACE('',#4801,0.2);
#396=CYLINDRICAL_SURFACE('',#4805,0.2);
#397=CYLINDRICAL_SURFACE('',#4815,8.00884651807326);
#398=CYLINDRICAL_SURFACE('',#4817,5.80884651807326);
#399=CYLINDRICAL_SURFACE('',#4823,0.2);
#400=CYLINDRICAL_SURFACE('',#4826,0.2);
#401=CYLINDRICAL_SURFACE('',#4836,8.00884651807326);
#402=CYLINDRICAL_SURFACE('',#4837,5.80884651807326);
#403=CYLINDRICAL_SURFACE('',#4844,4.3);
#404=CYLINDRICAL_SURFACE('',#4845,4.3);
#405=CYLINDRICAL_SURFACE('',#4849,6.);
#406=CYLINDRICAL_SURFACE('',#4852,0.2);
#407=CYLINDRICAL_SURFACE('',#4856,0.2);
#408=CYLINDRICAL_SURFACE('',#4866,8.00884651807326);
#409=CYLINDRICAL_SURFACE('',#4868,5.80884651807326);
#410=CYLINDRICAL_SURFACE('',#4874,0.2);
#411=CYLINDRICAL_SURFACE('',#4878,0.2);
#412=CYLINDRICAL_SURFACE('',#4889,8.00884651807326);
#413=CYLINDRICAL_SURFACE('',#4891,5.80884651807326);
#414=CYLINDRICAL_SURFACE('',#4901,4.3);
#415=CYLINDRICAL_SURFACE('',#4903,4.3);
#416=CYLINDRICAL_SURFACE('',#4908,6.);
#417=CYLINDRICAL_SURFACE('',#4920,30.);
#418=CYLINDRICAL_SURFACE('',#4921,30.);
#419=LINE('',#5936,#712);
#420=LINE('',#5977,#713);
#421=LINE('',#5982,#714);
#422=LINE('',#6019,#715);
#423=LINE('',#6038,#716);
#424=LINE('',#6083,#717);
#425=LINE('',#6088,#718);
#426=LINE('',#6133,#719);
#427=LINE('',#6136,#720);
#428=LINE('',#6140,#721);
#429=LINE('',#6144,#722);
#430=LINE('',#6148,#723);
#431=LINE('',#6154,#724);
#432=LINE('',#6156,#725);
#433=LINE('',#6160,#726);
#434=LINE('',#6166,#727);
#435=LINE('',#6211,#728);
#436=LINE('',#6219,#729);
#437=LINE('',#6264,#730);
#438=LINE('',#6270,#731);
#439=LINE('',#6274,#732);
#440=LINE('',#6280,#733);
#441=LINE('',#6331,#734);
#442=LINE('',#6339,#735);
#443=LINE('',#6380,#736);
#444=LINE('',#6386,#737);
#445=LINE('',#6390,#738);
#446=LINE('',#6435,#739);
#447=LINE('',#6488,#740);
#448=LINE('',#6494,#741);
#449=LINE('',#6501,#742);
#450=LINE('',#6504,#743);
#451=LINE('',#6507,#744);
#452=LINE('',#6509,#745);
#453=LINE('',#6510,#746);
#454=LINE('',#6516,#747);
#455=LINE('',#6519,#748);
#456=LINE('',#6521,#749);
#457=LINE('',#6523,#750);
#458=LINE('',#6527,#751);
#459=LINE('',#6531,#752);
#460=LINE('',#6532,#753);
#461=LINE('',#6536,#754);
#462=LINE('',#6539,#755);
#463=LINE('',#6543,#756);
#464=LINE('',#6547,#757);
#465=LINE('',#6550,#758);
#466=LINE('',#6552,#759);
#467=LINE('',#6570,#760);
#468=LINE('',#6594,#761);
#469=LINE('',#6620,#762);
#470=LINE('',#6633,#763);
#471=LINE('',#6636,#764);
#472=LINE('',#6645,#765);
#473=LINE('',#6662,#766);
#474=LINE('',#6749,#767);
#475=LINE('',#6754,#768);
#476=LINE('',#6792,#769);
#477=LINE('',#6825,#770);
#478=LINE('',#6838,#771);
#479=LINE('',#6918,#772);
#480=LINE('',#7450,#773);
#481=LINE('',#7454,#774);
#482=LINE('',#7463,#775);
#483=LINE('',#7465,#776);
#484=LINE('',#7469,#777);
#485=LINE('',#7477,#778);
#486=LINE('',#7586,#779);
#487=LINE('',#7588,#780);
#488=LINE('',#7589,#781);
#489=LINE('',#7753,#782);
#490=LINE('',#7754,#783);
#491=LINE('',#7793,#784);
#492=LINE('',#7794,#785);
#493=LINE('',#7797,#786);
#494=LINE('',#7823,#787);
#495=LINE('',#7952,#788);
#496=LINE('',#8120,#789);
#497=LINE('',#8322,#790);
#498=LINE('',#8517,#791);
#499=LINE('',#8523,#792);
#500=LINE('',#8527,#793);
#501=LINE('',#8701,#794);
#502=LINE('',#8858,#795);
#503=LINE('',#8868,#796);
#504=LINE('',#8869,#797);
#505=LINE('',#8872,#798);
#506=LINE('',#8874,#799);
#507=LINE('',#8876,#800);
#508=LINE('',#8878,#801);
#509=LINE('',#8880,#802);
#510=LINE('',#8891,#803);
#511=LINE('',#8895,#804);
#512=LINE('',#8902,#805);
#513=LINE('',#8906,#806);
#514=LINE('',#9137,#807);
#515=LINE('',#9148,#808);
#516=LINE('',#9151,#809);
#517=LINE('',#9154,#810);
#518=LINE('',#9157,#811);
#519=LINE('',#9159,#812);
#520=LINE('',#9161,#813);
#521=LINE('',#9163,#814);
#522=LINE('',#9165,#815);
#523=LINE('',#9167,#816);
#524=LINE('',#9169,#817);
#525=LINE('',#9171,#818);
#526=LINE('',#9173,#819);
#527=LINE('',#9175,#820);
#528=LINE('',#9177,#821);
#529=LINE('',#9179,#822);
#530=LINE('',#9181,#823);
#531=LINE('',#9183,#824);
#532=LINE('',#9185,#825);
#533=LINE('',#9186,#826);
#534=LINE('',#9189,#827);
#535=LINE('',#9193,#828);
#536=LINE('',#9195,#829);
#537=LINE('',#9196,#830);
#538=LINE('',#9198,#831);
#539=LINE('',#9199,#832);
#540=LINE('',#9352,#833);
#541=LINE('',#9695,#834);
#542=LINE('',#9709,#835);
#543=LINE('',#9736,#836);
#544=LINE('',#9791,#837);
#545=LINE('',#9796,#838);
#546=LINE('',#9798,#839);
#547=LINE('',#9800,#840);
#548=LINE('',#9801,#841);
#549=LINE('',#9806,#842);
#550=LINE('',#9808,#843);
#551=LINE('',#9814,#844);
#552=LINE('',#9818,#845);
#553=LINE('',#9823,#846);
#554=LINE('',#9828,#847);
#555=LINE('',#9908,#848);
#556=LINE('',#9912,#849);
#557=LINE('',#9922,#850);
#558=LINE('',#9924,#851);
#559=LINE('',#9926,#852);
#560=LINE('',#9928,#853);
#561=LINE('',#9930,#854);
#562=LINE('',#9932,#855);
#563=LINE('',#9934,#856);
#564=LINE('',#9936,#857);
#565=LINE('',#9938,#858);
#566=LINE('',#9940,#859);
#567=LINE('',#9942,#860);
#568=LINE('',#9944,#861);
#569=LINE('',#9946,#862);
#570=LINE('',#9948,#863);
#571=LINE('',#9949,#864);
#572=LINE('',#10031,#865);
#573=LINE('',#10033,#866);
#574=LINE('',#10035,#867);
#575=LINE('',#10037,#868);
#576=LINE('',#10039,#869);
#577=LINE('',#10041,#870);
#578=LINE('',#10043,#871);
#579=LINE('',#10045,#872);
#580=LINE('',#10047,#873);
#581=LINE('',#10049,#874);
#582=LINE('',#10051,#875);
#583=LINE('',#10053,#876);
#584=LINE('',#10055,#877);
#585=LINE('',#10057,#878);
#586=LINE('',#10059,#879);
#587=LINE('',#10060,#880);
#588=LINE('',#10065,#881);
#589=LINE('',#10072,#882);
#590=LINE('',#10079,#883);
#591=LINE('',#10086,#884);
#592=LINE('',#10092,#885);
#593=LINE('',#10094,#886);
#594=LINE('',#10096,#887);
#595=LINE('',#10126,#888);
#596=LINE('',#10154,#889);
#597=LINE('',#10185,#890);
#598=LINE('',#10214,#891);
#599=LINE('',#10253,#892);
#600=LINE('',#10256,#893);
#601=LINE('',#10294,#894);
#602=LINE('',#10299,#895);
#603=LINE('',#10300,#896);
#604=LINE('',#10302,#897);
#605=LINE('',#10304,#898);
#606=LINE('',#10362,#899);
#607=LINE('',#10636,#900);
#608=LINE('',#10716,#901);
#609=LINE('',#10752,#902);
#610=LINE('',#10758,#903);
#611=LINE('',#10761,#904);
#612=LINE('',#10764,#905);
#613=LINE('',#10766,#906);
#614=LINE('',#10767,#907);
#615=LINE('',#10773,#908);
#616=LINE('',#10776,#909);
#617=LINE('',#10779,#910);
#618=LINE('',#10781,#911);
#619=LINE('',#10782,#912);
#620=LINE('',#10785,#913);
#621=LINE('',#10787,#914);
#622=LINE('',#10788,#915);
#623=LINE('',#10795,#916);
#624=LINE('',#10797,#917);
#625=LINE('',#10801,#918);
#626=LINE('',#10807,#919);
#627=LINE('',#10808,#920);
#628=LINE('',#10811,#921);
#629=LINE('',#10818,#922);
#630=LINE('',#10819,#923);
#631=LINE('',#10822,#924);
#632=LINE('',#10823,#925);
#633=LINE('',#10826,#926);
#634=LINE('',#10829,#927);
#635=LINE('',#10832,#928);
#636=LINE('',#10833,#929);
#637=LINE('',#10836,#930);
#638=LINE('',#10837,#931);
#639=LINE('',#10845,#932);
#640=LINE('',#10846,#933);
#641=LINE('',#10848,#934);
#642=LINE('',#10853,#935);
#643=LINE('',#10855,#936);
#644=LINE('',#10856,#937);
#645=LINE('',#10857,#938);
#646=LINE('',#10859,#939);
#647=LINE('',#10861,#940);
#648=LINE('',#10863,#941);
#649=LINE('',#10864,#942);
#650=LINE('',#10910,#943);
#651=LINE('',#10948,#944);
#652=LINE('',#10951,#945);
#653=LINE('',#10954,#946);
#654=LINE('',#10956,#947);
#655=LINE('',#10957,#948);
#656=LINE('',#10963,#949);
#657=LINE('',#10966,#950);
#658=LINE('',#10969,#951);
#659=LINE('',#10971,#952);
#660=LINE('',#10972,#953);
#661=LINE('',#10975,#954);
#662=LINE('',#10977,#955);
#663=LINE('',#10978,#956);
#664=LINE('',#10982,#957);
#665=LINE('',#10988,#958);
#666=LINE('',#10993,#959);
#667=LINE('',#11002,#960);
#668=LINE('',#11005,#961);
#669=LINE('',#11008,#962);
#670=LINE('',#11010,#963);
#671=LINE('',#11011,#964);
#672=LINE('',#11017,#965);
#673=LINE('',#11020,#966);
#674=LINE('',#11023,#967);
#675=LINE('',#11025,#968);
#676=LINE('',#11026,#969);
#677=LINE('',#11029,#970);
#678=LINE('',#11031,#971);
#679=LINE('',#11032,#972);
#680=LINE('',#11036,#973);
#681=LINE('',#11042,#974);
#682=LINE('',#11043,#975);
#683=LINE('',#11063,#976);
#684=LINE('',#11064,#977);
#685=LINE('',#11088,#978);
#686=LINE('',#11097,#979);
#687=LINE('',#11119,#980);
#688=LINE('',#11133,#981);
#689=LINE('',#11143,#982);
#690=LINE('',#11149,#983);
#691=LINE('',#11170,#984);
#692=LINE('',#11179,#985);
#693=LINE('',#11194,#986);
#694=LINE('',#11196,#987);
#695=LINE('',#11200,#988);
#696=LINE('',#11203,#989);
#697=LINE('',#11247,#990);
#698=LINE('',#11248,#991);
#699=LINE('',#11257,#992);
#700=LINE('',#11272,#993);
#701=LINE('',#11274,#994);
#702=LINE('',#11275,#995);
#703=LINE('',#11277,#996);
#704=LINE('',#11278,#997);
#705=LINE('',#11288,#998);
#706=LINE('',#11303,#999);
#707=LINE('',#11312,#1000);
#708=LINE('',#11333,#1001);
#709=LINE('',#11343,#1002);
#710=LINE('',#11377,#1003);
#711=LINE('',#11410,#1004);
#712=VECTOR('',#4938,2.65);
#713=VECTOR('',#4943,3.5);
#714=VECTOR('',#4948,2.65);
#715=VECTOR('',#4953,3.50000000000001);
#716=VECTOR('',#4958,2.65);
#717=VECTOR('',#4963,3.5);
#718=VECTOR('',#4968,2.64999999999999);
#719=VECTOR('',#4973,3.5);
#720=VECTOR('',#4976,1.8);
#721=VECTOR('',#4981,1.8);
#722=VECTOR('',#4986,1.8);
#723=VECTOR('',#4991,1.80000000000001);
#724=VECTOR('',#4998,10.);
#725=VECTOR('',#4999,10.);
#726=VECTOR('',#5002,10.);
#727=VECTOR('',#5009,2.65132006215791);
#728=VECTOR('',#5014,3.5);
#729=VECTOR('',#5023,2.65132006215791);
#730=VECTOR('',#5028,3.5);
#731=VECTOR('',#5035,1.8);
#732=VECTOR('',#5040,1.8);
#733=VECTOR('',#5047,2.65132006215791);
#734=VECTOR('',#5052,3.5);
#735=VECTOR('',#5061,2.6513200621579);
#736=VECTOR('',#5066,3.5);
#737=VECTOR('',#5073,1.8);
#738=VECTOR('',#5078,1.80000000000001);
#739=VECTOR('',#5091,2.6513200621579);
#740=VECTOR('',#5096,3.5);
#741=VECTOR('',#5103,1.8);
#742=VECTOR('',#5110,10.);
#743=VECTOR('',#5113,10.);
#744=VECTOR('',#5116,10.);
#745=VECTOR('',#5117,10.);
#746=VECTOR('',#5118,10.);
#747=VECTOR('',#5123,10.);
#748=VECTOR('',#5126,10.);
#749=VECTOR('',#5129,10.);
#750=VECTOR('',#5130,10.);
#751=VECTOR('',#5133,10.);
#752=VECTOR('',#5138,10.);
#753=VECTOR('',#5139,10.);
#754=VECTOR('',#5144,10.);
#755=VECTOR('',#5147,10.);
#756=VECTOR('',#5152,2.);
#757=VECTOR('',#5157,2.);
#758=VECTOR('',#5162,10.);
#759=VECTOR('',#5165,10.);
#760=VECTOR('',#5168,10.);
#761=VECTOR('',#5169,10.);
#762=VECTOR('',#5170,10.);
#763=VECTOR('',#5171,10.);
#764=VECTOR('',#5174,10.);
#765=VECTOR('',#5183,2.64999999999997);
#766=VECTOR('',#5190,3.49999999999998);
#767=VECTOR('',#5197,1.8);
#768=VECTOR('',#5202,2.65132006215788);
#769=VECTOR('',#5209,3.49999999999998);
#770=VECTOR('',#5216,10.);
#771=VECTOR('',#5219,1.8);
#772=VECTOR('',#5230,10.);
#773=VECTOR('',#5255,10.);
#774=VECTOR('',#5258,10.);
#775=VECTOR('',#5261,10.);
#776=VECTOR('',#5262,10.);
#777=VECTOR('',#5267,10.);
#778=VECTOR('',#5268,10.);
#779=VECTOR('',#5285,10.);
#780=VECTOR('',#5286,10.);
#781=VECTOR('',#5287,10.);
#782=VECTOR('',#5298,10.);
#783=VECTOR('',#5299,10.);
#784=VECTOR('',#5304,10.);
#785=VECTOR('',#5305,10.);
#786=VECTOR('',#5308,10.);
#787=VECTOR('',#5311,10.);
#788=VECTOR('',#5316,10.);
#789=VECTOR('',#5319,10.);
#790=VECTOR('',#5320,10.);
#791=VECTOR('',#5321,10.);
#792=VECTOR('',#5326,10.);
#793=VECTOR('',#5329,10.);
#794=VECTOR('',#5338,10.);
#795=VECTOR('',#5339,10.);
#796=VECTOR('',#5342,10.);
#797=VECTOR('',#5343,10.);
#798=VECTOR('',#5346,10.);
#799=VECTOR('',#5347,10.);
#800=VECTOR('',#5348,10.);
#801=VECTOR('',#5349,10.);
#802=VECTOR('',#5350,10.);
#803=VECTOR('',#5351,10.);
#804=VECTOR('',#5354,10.);
#805=VECTOR('',#5361,10.);
#806=VECTOR('',#5364,10.);
#807=VECTOR('',#5371,10.);
#808=VECTOR('',#5372,10.);
#809=VECTOR('',#5375,10.);
#810=VECTOR('',#5378,10.);
#811=VECTOR('',#5381,10.);
#812=VECTOR('',#5382,10.);
#813=VECTOR('',#5383,10.);
#814=VECTOR('',#5384,10.);
#815=VECTOR('',#5385,10.);
#816=VECTOR('',#5386,10.);
#817=VECTOR('',#5387,10.);
#818=VECTOR('',#5388,10.);
#819=VECTOR('',#5389,10.);
#820=VECTOR('',#5390,10.);
#821=VECTOR('',#5391,10.);
#822=VECTOR('',#5392,10.);
#823=VECTOR('',#5393,10.);
#824=VECTOR('',#5394,10.);
#825=VECTOR('',#5395,10.);
#826=VECTOR('',#5396,10.);
#827=VECTOR('',#5399,10.);
#828=VECTOR('',#5402,10.);
#829=VECTOR('',#5403,10.);
#830=VECTOR('',#5404,10.);
#831=VECTOR('',#5407,10.);
#832=VECTOR('',#5408,10.);
#833=VECTOR('',#5411,10.);
#834=VECTOR('',#5416,10.);
#835=VECTOR('',#5419,10.);
#836=VECTOR('',#5424,10.);
#837=VECTOR('',#5425,10.);
#838=VECTOR('',#5430,10.);
#839=VECTOR('',#5431,10.);
#840=VECTOR('',#5432,10.);
#841=VECTOR('',#5433,10.);
#842=VECTOR('',#5438,10.);
#843=VECTOR('',#5439,10.);
#844=VECTOR('',#5444,10.);
#845=VECTOR('',#5447,10.);
#846=VECTOR('',#5452,10.);
#847=VECTOR('',#5459,10.);
#848=VECTOR('',#5462,10.);
#849=VECTOR('',#5465,10.);
#850=VECTOR('',#5468,10.);
#851=VECTOR('',#5469,10.);
#852=VECTOR('',#5470,10.);
#853=VECTOR('',#5471,10.);
#854=VECTOR('',#5472,10.);
#855=VECTOR('',#5473,10.);
#856=VECTOR('',#5474,10.);
#857=VECTOR('',#5475,10.);
#858=VECTOR('',#5476,10.);
#859=VECTOR('',#5477,10.);
#860=VECTOR('',#5478,10.);
#861=VECTOR('',#5479,10.);
#862=VECTOR('',#5480,10.);
#863=VECTOR('',#5481,10.);
#864=VECTOR('',#5482,10.);
#865=VECTOR('',#5485,10.);
#866=VECTOR('',#5486,10.);
#867=VECTOR('',#5487,10.);
#868=VECTOR('',#5488,10.);
#869=VECTOR('',#5489,10.);
#870=VECTOR('',#5490,10.);
#871=VECTOR('',#5491,10.);
#872=VECTOR('',#5492,10.);
#873=VECTOR('',#5493,10.);
#874=VECTOR('',#5494,10.);
#875=VECTOR('',#5495,10.);
#876=VECTOR('',#5496,10.);
#877=VECTOR('',#5497,10.);
#878=VECTOR('',#5498,10.);
#879=VECTOR('',#5499,10.);
#880=VECTOR('',#5500,10.);
#881=VECTOR('',#5505,1.5);
#882=VECTOR('',#5514,1.5);
#883=VECTOR('',#5523,1.50000000000002);
#884=VECTOR('',#5532,1.50000000000002);
#885=VECTOR('',#5539,10.);
#886=VECTOR('',#5540,10.);
#887=VECTOR('',#5541,10.);
#888=VECTOR('',#5542,10.);
#889=VECTOR('',#5545,10.);
#890=VECTOR('',#5546,10.);
#891=VECTOR('',#5547,10.);
#892=VECTOR('',#5552,10.);
#893=VECTOR('',#5555,10.);
#894=VECTOR('',#5560,10.);
#895=VECTOR('',#5565,10.);
#896=VECTOR('',#5566,10.);
#897=VECTOR('',#5567,10.);
#898=VECTOR('',#5570,10.);
#899=VECTOR('',#5571,10.);
#900=VECTOR('',#5572,10.);
#901=VECTOR('',#5573,10.);
#902=VECTOR('',#5576,10.);
#903=VECTOR('',#5581,10.);
#904=VECTOR('',#5584,10.);
#905=VECTOR('',#5587,10.);
#906=VECTOR('',#5588,10.);
#907=VECTOR('',#5589,10.);
#908=VECTOR('',#5594,10.);
#909=VECTOR('',#5597,10.);
#910=VECTOR('',#5600,10.);
#911=VECTOR('',#5601,10.);
#912=VECTOR('',#5602,10.);
#913=VECTOR('',#5605,10.);
#914=VECTOR('',#5606,10.);
#915=VECTOR('',#5607,10.);
#916=VECTOR('',#5616,10.);
#917=VECTOR('',#5617,10.);
#918=VECTOR('',#5622,10.);
#919=VECTOR('',#5631,10.);
#920=VECTOR('',#5632,10.);
#921=VECTOR('',#5635,10.);
#922=VECTOR('',#5644,10.);
#923=VECTOR('',#5645,10.);
#924=VECTOR('',#5648,10.);
#925=VECTOR('',#5649,10.);
#926=VECTOR('',#5652,10.);
#927=VECTOR('',#5655,10.);
#928=VECTOR('',#5658,10.);
#929=VECTOR('',#5659,10.);
#930=VECTOR('',#5662,10.);
#931=VECTOR('',#5663,10.);
#932=VECTOR('',#5674,10.);
#933=VECTOR('',#5675,10.);
#934=VECTOR('',#5678,10.);
#935=VECTOR('',#5685,10.);
#936=VECTOR('',#5686,10.);
#937=VECTOR('',#5687,10.);
#938=VECTOR('',#5688,10.);
#939=VECTOR('',#5689,10.);
#940=VECTOR('',#5690,10.);
#941=VECTOR('',#5691,10.);
#942=VECTOR('',#5692,10.);
#943=VECTOR('',#5719,10.);
#944=VECTOR('',#5724,10.);
#945=VECTOR('',#5727,10.);
#946=VECTOR('',#5730,10.);
#947=VECTOR('',#5731,10.);
#948=VECTOR('',#5732,10.);
#949=VECTOR('',#5737,10.);
#950=VECTOR('',#5740,10.);
#951=VECTOR('',#5743,10.);
#952=VECTOR('',#5744,10.);
#953=VECTOR('',#5745,10.);
#954=VECTOR('',#5748,10.);
#955=VECTOR('',#5749,10.);
#956=VECTOR('',#5750,10.);
#957=VECTOR('',#5755,10.);
#958=VECTOR('',#5764,10.);
#959=VECTOR('',#5773,10.);
#960=VECTOR('',#5784,10.);
#961=VECTOR('',#5787,10.);
#962=VECTOR('',#5790,10.);
#963=VECTOR('',#5791,10.);
#964=VECTOR('',#5792,10.);
#965=VECTOR('',#5797,10.);
#966=VECTOR('',#5800,10.);
#967=VECTOR('',#5803,10.);
#968=VECTOR('',#5804,10.);
#969=VECTOR('',#5805,10.);
#970=VECTOR('',#5808,10.);
#971=VECTOR('',#5809,10.);
#972=VECTOR('',#5810,10.);
#973=VECTOR('',#5815,10.);
#974=VECTOR('',#5824,10.);
#975=VECTOR('',#5825,10.);
#976=VECTOR('',#5864,10.);
#977=VECTOR('',#5865,10.);
#978=VECTOR('',#5872,10.);
#979=VECTOR('',#5873,10.);
#980=VECTOR('',#5874,10.);
#981=VECTOR('',#5875,10.);
#982=VECTOR('',#5876,10.);
#983=VECTOR('',#5877,10.);
#984=VECTOR('',#5878,10.);
#985=VECTOR('',#5879,10.);
#986=VECTOR('',#5884,10.);
#987=VECTOR('',#5887,10.);
#988=VECTOR('',#5892,10.);
#989=VECTOR('',#5895,10.);
#990=VECTOR('',#5896,10.);
#991=VECTOR('',#5897,10.);
#992=VECTOR('',#5898,10.);
#993=VECTOR('',#5899,10.);
#994=VECTOR('',#5902,10.);
#995=VECTOR('',#5903,10.);
#996=VECTOR('',#5906,10.);
#997=VECTOR('',#5907,10.);
#998=VECTOR('',#5910,10.);
#999=VECTOR('',#5911,10.);
#1000=VECTOR('',#5912,10.);
#1001=VECTOR('',#5913,10.);
#1002=VECTOR('',#5916,10.);
#1003=VECTOR('',#5919,10.);
#1004=VECTOR('',#5920,10.);
#1005=CONICAL_SURFACE('',#4575,2.65,0.436332312998583);
#1006=CONICAL_SURFACE('',#4579,2.65,0.436332312998582);
#1007=CONICAL_SURFACE('',#4583,2.65,0.436332312998583);
#1008=CONICAL_SURFACE('',#4587,2.64999999999999,0.436332312998587);
#1009=CONICAL_SURFACE('',#4603,2.65132006215791,0.436332312998581);
#1010=CONICAL_SURFACE('',#4609,2.65132006215791,0.436332312998581);
#1011=CONICAL_SURFACE('',#4619,2.65132006215791,0.43633231299858);
#1012=CONICAL_SURFACE('',#4625,2.6513200621579,0.436332312998582);
#1013=CONICAL_SURFACE('',#4638,2.6513200621579,0.436332312998582);
#1014=CONICAL_SURFACE('',#4671,2.64999999999997,0.436332312998587);
#1015=CONICAL_SURFACE('',#4679,2.65132006215788,0.436332312998581);
#1016=CONICAL_SURFACE('',#4839,5.8,0.260602391747344);
#1017=CONICAL_SURFACE('',#4896,5.8,0.260602391747344);
#1018=FACE_OUTER_BOUND('',#1271,.T.);
#1019=FACE_OUTER_BOUND('',#1272,.T.);
#1020=FACE_OUTER_BOUND('',#1273,.T.);
#1021=FACE_OUTER_BOUND('',#1274,.T.);
#1022=FACE_OUTER_BOUND('',#1275,.T.);
#1023=FACE_OUTER_BOUND('',#1276,.T.);
#1024=FACE_OUTER_BOUND('',#1277,.T.);
#1025=FACE_OUTER_BOUND('',#1278,.T.);
#1026=FACE_OUTER_BOUND('',#1279,.T.);
#1027=FACE_OUTER_BOUND('',#1280,.T.);
#1028=FACE_OUTER_BOUND('',#1281,.T.);
#1029=FACE_OUTER_BOUND('',#1282,.T.);
#1030=FACE_OUTER_BOUND('',#1283,.T.);
#1031=FACE_OUTER_BOUND('',#1284,.T.);
#1032=FACE_OUTER_BOUND('',#1285,.T.);
#1033=FACE_OUTER_BOUND('',#1287,.T.);
#1034=FACE_OUTER_BOUND('',#1288,.T.);
#1035=FACE_OUTER_BOUND('',#1289,.T.);
#1036=FACE_OUTER_BOUND('',#1291,.T.);
#1037=FACE_OUTER_BOUND('',#1292,.T.);
#1038=FACE_OUTER_BOUND('',#1293,.T.);
#1039=FACE_OUTER_BOUND('',#1295,.T.);
#1040=FACE_OUTER_BOUND('',#1296,.T.);
#1041=FACE_OUTER_BOUND('',#1297,.T.);
#1042=FACE_OUTER_BOUND('',#1298,.T.);
#1043=FACE_OUTER_BOUND('',#1299,.T.);
#1044=FACE_OUTER_BOUND('',#1301,.T.);
#1045=FACE_OUTER_BOUND('',#1302,.T.);
#1046=FACE_OUTER_BOUND('',#1303,.T.);
#1047=FACE_OUTER_BOUND('',#1305,.T.);
#1048=FACE_OUTER_BOUND('',#1306,.T.);
#1049=FACE_OUTER_BOUND('',#1307,.T.);
#1050=FACE_OUTER_BOUND('',#1308,.T.);
#1051=FACE_OUTER_BOUND('',#1309,.T.);
#1052=FACE_OUTER_BOUND('',#1310,.T.);
#1053=FACE_OUTER_BOUND('',#1312,.T.);
#1054=FACE_OUTER_BOUND('',#1313,.T.);
#1055=FACE_OUTER_BOUND('',#1314,.T.);
#1056=FACE_OUTER_BOUND('',#1315,.T.);
#1057=FACE_OUTER_BOUND('',#1316,.T.);
#1058=FACE_OUTER_BOUND('',#1317,.T.);
#1059=FACE_OUTER_BOUND('',#1318,.T.);
#1060=FACE_OUTER_BOUND('',#1319,.T.);
#1061=FACE_OUTER_BOUND('',#1320,.T.);
#1062=FACE_OUTER_BOUND('',#1321,.T.);
#1063=FACE_OUTER_BOUND('',#1322,.T.);
#1064=FACE_OUTER_BOUND('',#1323,.T.);
#1065=FACE_OUTER_BOUND('',#1324,.T.);
#1066=FACE_OUTER_BOUND('',#1337,.T.);
#1067=FACE_OUTER_BOUND('',#1338,.T.);
#1068=FACE_OUTER_BOUND('',#1339,.T.);
#1069=FACE_OUTER_BOUND('',#1340,.T.);
#1070=FACE_OUTER_BOUND('',#1341,.T.);
#1071=FACE_OUTER_BOUND('',#1342,.T.);
#1072=FACE_OUTER_BOUND('',#1343,.T.);
#1073=FACE_OUTER_BOUND('',#1345,.T.);
#1074=FACE_OUTER_BOUND('',#1346,.T.);
#1075=FACE_OUTER_BOUND('',#1347,.T.);
#1076=FACE_OUTER_BOUND('',#1348,.T.);
#1077=FACE_OUTER_BOUND('',#1349,.T.);
#1078=FACE_OUTER_BOUND('',#1350,.T.);
#1079=FACE_OUTER_BOUND('',#1351,.T.);
#1080=FACE_OUTER_BOUND('',#1352,.T.);
#1081=FACE_OUTER_BOUND('',#1353,.T.);
#1082=FACE_OUTER_BOUND('',#1354,.T.);
#1083=FACE_OUTER_BOUND('',#1355,.T.);
#1084=FACE_OUTER_BOUND('',#1356,.T.);
#1085=FACE_OUTER_BOUND('',#1357,.T.);
#1086=FACE_OUTER_BOUND('',#1358,.T.);
#1087=FACE_OUTER_BOUND('',#1359,.T.);
#1088=FACE_OUTER_BOUND('',#1360,.T.);
#1089=FACE_OUTER_BOUND('',#1361,.T.);
#1090=FACE_OUTER_BOUND('',#1362,.T.);
#1091=FACE_OUTER_BOUND('',#1363,.T.);
#1092=FACE_OUTER_BOUND('',#1364,.T.);
#1093=FACE_OUTER_BOUND('',#1365,.T.);
#1094=FACE_OUTER_BOUND('',#1366,.T.);
#1095=FACE_OUTER_BOUND('',#1367,.T.);
#1096=FACE_OUTER_BOUND('',#1368,.T.);
#1097=FACE_OUTER_BOUND('',#1370,.T.);
#1098=FACE_OUTER_BOUND('',#1372,.T.);
#1099=FACE_OUTER_BOUND('',#1373,.T.);
#1100=FACE_OUTER_BOUND('',#1374,.T.);
#1101=FACE_OUTER_BOUND('',#1375,.T.);
#1102=FACE_OUTER_BOUND('',#1376,.T.);
#1103=FACE_OUTER_BOUND('',#1377,.T.);
#1104=FACE_OUTER_BOUND('',#1380,.T.);
#1105=FACE_OUTER_BOUND('',#1381,.T.);
#1106=FACE_OUTER_BOUND('',#1384,.T.);
#1107=FACE_OUTER_BOUND('',#1385,.T.);
#1108=FACE_OUTER_BOUND('',#1386,.T.);
#1109=FACE_OUTER_BOUND('',#1387,.T.);
#1110=FACE_OUTER_BOUND('',#1388,.T.);
#1111=FACE_OUTER_BOUND('',#1389,.T.);
#1112=FACE_OUTER_BOUND('',#1390,.T.);
#1113=FACE_OUTER_BOUND('',#1391,.T.);
#1114=FACE_OUTER_BOUND('',#1392,.T.);
#1115=FACE_OUTER_BOUND('',#1393,.T.);
#1116=FACE_OUTER_BOUND('',#1394,.T.);
#1117=FACE_OUTER_BOUND('',#1395,.T.);
#1118=FACE_OUTER_BOUND('',#1396,.T.);
#1119=FACE_OUTER_BOUND('',#1397,.T.);
#1120=FACE_OUTER_BOUND('',#1398,.T.);
#1121=FACE_OUTER_BOUND('',#1399,.T.);
#1122=FACE_OUTER_BOUND('',#1400,.T.);
#1123=FACE_OUTER_BOUND('',#1401,.T.);
#1124=FACE_OUTER_BOUND('',#1402,.T.);
#1125=FACE_OUTER_BOUND('',#1403,.T.);
#1126=FACE_OUTER_BOUND('',#1404,.T.);
#1127=FACE_OUTER_BOUND('',#1405,.T.);
#1128=FACE_OUTER_BOUND('',#1406,.T.);
#1129=FACE_OUTER_BOUND('',#1407,.T.);
#1130=FACE_OUTER_BOUND('',#1408,.T.);
#1131=FACE_OUTER_BOUND('',#1409,.T.);
#1132=FACE_OUTER_BOUND('',#1410,.T.);
#1133=FACE_OUTER_BOUND('',#1411,.T.);
#1134=FACE_OUTER_BOUND('',#1412,.T.);
#1135=FACE_OUTER_BOUND('',#1413,.T.);
#1136=FACE_OUTER_BOUND('',#1414,.T.);
#1137=FACE_OUTER_BOUND('',#1415,.T.);
#1138=FACE_OUTER_BOUND('',#1416,.T.);
#1139=FACE_OUTER_BOUND('',#1417,.T.);
#1140=FACE_OUTER_BOUND('',#1418,.T.);
#1141=FACE_OUTER_BOUND('',#1419,.T.);
#1142=FACE_OUTER_BOUND('',#1420,.T.);
#1143=FACE_OUTER_BOUND('',#1421,.T.);
#1144=FACE_OUTER_BOUND('',#1422,.T.);
#1145=FACE_OUTER_BOUND('',#1425,.T.);
#1146=FACE_OUTER_BOUND('',#1426,.T.);
#1147=FACE_OUTER_BOUND('',#1427,.T.);
#1148=FACE_OUTER_BOUND('',#1428,.T.);
#1149=FACE_OUTER_BOUND('',#1429,.T.);
#1150=FACE_OUTER_BOUND('',#1430,.T.);
#1151=FACE_OUTER_BOUND('',#1431,.T.);
#1152=FACE_OUTER_BOUND('',#1432,.T.);
#1153=FACE_OUTER_BOUND('',#1433,.T.);
#1154=FACE_OUTER_BOUND('',#1434,.T.);
#1155=FACE_OUTER_BOUND('',#1435,.T.);
#1156=FACE_OUTER_BOUND('',#1436,.T.);
#1157=FACE_OUTER_BOUND('',#1437,.T.);
#1158=FACE_OUTER_BOUND('',#1438,.T.);
#1159=FACE_OUTER_BOUND('',#1439,.T.);
#1160=FACE_OUTER_BOUND('',#1440,.T.);
#1161=FACE_OUTER_BOUND('',#1441,.T.);
#1162=FACE_OUTER_BOUND('',#1442,.T.);
#1163=FACE_OUTER_BOUND('',#1443,.T.);
#1164=FACE_OUTER_BOUND('',#1444,.T.);
#1165=FACE_OUTER_BOUND('',#1445,.T.);
#1166=FACE_OUTER_BOUND('',#1446,.T.);
#1167=FACE_OUTER_BOUND('',#1447,.T.);
#1168=FACE_OUTER_BOUND('',#1450,.T.);
#1169=FACE_OUTER_BOUND('',#1453,.T.);
#1170=FACE_OUTER_BOUND('',#1454,.T.);
#1171=FACE_OUTER_BOUND('',#1455,.T.);
#1172=FACE_OUTER_BOUND('',#1456,.T.);
#1173=FACE_OUTER_BOUND('',#1457,.T.);
#1174=FACE_OUTER_BOUND('',#1458,.T.);
#1175=FACE_OUTER_BOUND('',#1459,.T.);
#1176=FACE_OUTER_BOUND('',#1460,.T.);
#1177=FACE_OUTER_BOUND('',#1461,.T.);
#1178=FACE_OUTER_BOUND('',#1462,.T.);
#1179=FACE_OUTER_BOUND('',#1463,.T.);
#1180=FACE_OUTER_BOUND('',#1464,.T.);
#1181=FACE_OUTER_BOUND('',#1465,.T.);
#1182=FACE_OUTER_BOUND('',#1466,.T.);
#1183=FACE_OUTER_BOUND('',#1467,.T.);
#1184=FACE_OUTER_BOUND('',#1468,.T.);
#1185=FACE_OUTER_BOUND('',#1469,.T.);
#1186=FACE_OUTER_BOUND('',#1470,.T.);
#1187=FACE_OUTER_BOUND('',#1471,.T.);
#1188=FACE_OUTER_BOUND('',#1472,.T.);
#1189=FACE_OUTER_BOUND('',#1473,.T.);
#1190=FACE_OUTER_BOUND('',#1474,.T.);
#1191=FACE_OUTER_BOUND('',#1475,.T.);
#1192=FACE_OUTER_BOUND('',#1476,.T.);
#1193=FACE_OUTER_BOUND('',#1477,.T.);
#1194=FACE_OUTER_BOUND('',#1478,.T.);
#1195=FACE_OUTER_BOUND('',#1479,.T.);
#1196=FACE_OUTER_BOUND('',#1480,.T.);
#1197=FACE_OUTER_BOUND('',#1481,.T.);
#1198=FACE_OUTER_BOUND('',#1482,.T.);
#1199=FACE_OUTER_BOUND('',#1483,.T.);
#1200=FACE_OUTER_BOUND('',#1484,.T.);
#1201=FACE_OUTER_BOUND('',#1485,.T.);
#1202=FACE_OUTER_BOUND('',#1486,.T.);
#1203=FACE_OUTER_BOUND('',#1487,.T.);
#1204=FACE_OUTER_BOUND('',#1488,.T.);
#1205=FACE_OUTER_BOUND('',#1489,.T.);
#1206=FACE_OUTER_BOUND('',#1490,.T.);
#1207=FACE_OUTER_BOUND('',#1491,.T.);
#1208=FACE_OUTER_BOUND('',#1492,.T.);
#1209=FACE_OUTER_BOUND('',#1493,.T.);
#1210=FACE_OUTER_BOUND('',#1494,.T.);
#1211=FACE_OUTER_BOUND('',#1495,.T.);
#1212=FACE_OUTER_BOUND('',#1496,.T.);
#1213=FACE_OUTER_BOUND('',#1497,.T.);
#1214=FACE_OUTER_BOUND('',#1498,.T.);
#1215=FACE_OUTER_BOUND('',#1499,.T.);
#1216=FACE_OUTER_BOUND('',#1500,.T.);
#1217=FACE_OUTER_BOUND('',#1501,.T.);
#1218=FACE_OUTER_BOUND('',#1502,.T.);
#1219=FACE_OUTER_BOUND('',#1503,.T.);
#1220=FACE_OUTER_BOUND('',#1504,.T.);
#1221=FACE_OUTER_BOUND('',#1505,.T.);
#1222=FACE_OUTER_BOUND('',#1506,.T.);
#1223=FACE_OUTER_BOUND('',#1507,.T.);
#1224=FACE_OUTER_BOUND('',#1508,.T.);
#1225=FACE_OUTER_BOUND('',#1509,.T.);
#1226=FACE_OUTER_BOUND('',#1510,.T.);
#1227=FACE_OUTER_BOUND('',#1511,.T.);
#1228=FACE_OUTER_BOUND('',#1512,.T.);
#1229=FACE_OUTER_BOUND('',#1513,.T.);
#1230=FACE_OUTER_BOUND('',#1514,.T.);
#1231=FACE_OUTER_BOUND('',#1515,.T.);
#1232=FACE_OUTER_BOUND('',#1516,.T.);
#1233=FACE_OUTER_BOUND('',#1517,.T.);
#1234=FACE_OUTER_BOUND('',#1518,.T.);
#1235=FACE_OUTER_BOUND('',#1519,.T.);
#1236=FACE_OUTER_BOUND('',#1520,.T.);
#1237=FACE_OUTER_BOUND('',#1521,.T.);
#1238=FACE_OUTER_BOUND('',#1522,.T.);
#1239=FACE_OUTER_BOUND('',#1523,.T.);
#1240=FACE_OUTER_BOUND('',#1524,.T.);
#1241=FACE_OUTER_BOUND('',#1525,.T.);
#1242=FACE_OUTER_BOUND('',#1526,.T.);
#1243=FACE_OUTER_BOUND('',#1527,.T.);
#1244=FACE_OUTER_BOUND('',#1528,.T.);
#1245=FACE_OUTER_BOUND('',#1529,.T.);
#1246=FACE_OUTER_BOUND('',#1530,.T.);
#1247=FACE_OUTER_BOUND('',#1531,.T.);
#1248=FACE_OUTER_BOUND('',#1532,.T.);
#1249=FACE_OUTER_BOUND('',#1533,.T.);
#1250=FACE_OUTER_BOUND('',#1534,.T.);
#1251=FACE_OUTER_BOUND('',#1535,.T.);
#1252=FACE_OUTER_BOUND('',#1536,.T.);
#1253=FACE_OUTER_BOUND('',#1537,.T.);
#1254=FACE_OUTER_BOUND('',#1538,.T.);
#1255=FACE_OUTER_BOUND('',#1539,.T.);
#1256=FACE_OUTER_BOUND('',#1540,.T.);
#1257=FACE_OUTER_BOUND('',#1541,.T.);
#1258=FACE_OUTER_BOUND('',#1542,.T.);
#1259=FACE_OUTER_BOUND('',#1543,.T.);
#1260=FACE_OUTER_BOUND('',#1544,.T.);
#1261=FACE_OUTER_BOUND('',#1545,.T.);
#1262=FACE_OUTER_BOUND('',#1546,.T.);
#1263=FACE_OUTER_BOUND('',#1547,.T.);
#1264=FACE_OUTER_BOUND('',#1548,.T.);
#1265=FACE_OUTER_BOUND('',#1549,.T.);
#1266=FACE_OUTER_BOUND('',#1550,.T.);
#1267=FACE_OUTER_BOUND('',#1551,.T.);
#1268=FACE_OUTER_BOUND('',#1552,.T.);
#1269=FACE_OUTER_BOUND('',#1553,.T.);
#1270=FACE_OUTER_BOUND('',#1554,.T.);
#1271=EDGE_LOOP('',(#2844));
#1272=EDGE_LOOP('',(#2845));
#1273=EDGE_LOOP('',(#2846,#2847,#2848,#2849));
#1274=EDGE_LOOP('',(#2850,#2851,#2852,#2853,#2854));
#1275=EDGE_LOOP('',(#2855,#2856,#2857,#2858));
#1276=EDGE_LOOP('',(#2859,#2860,#2861,#2862,#2863,#2864));
#1277=EDGE_LOOP('',(#2865,#2866,#2867,#2868));
#1278=EDGE_LOOP('',(#2869,#2870,#2871,#2872,#2873));
#1279=EDGE_LOOP('',(#2874,#2875,#2876,#2877));
#1280=EDGE_LOOP('',(#2878,#2879,#2880,#2881,#2882));
#1281=EDGE_LOOP('',(#2883,#2884,#2885,#2886));
#1282=EDGE_LOOP('',(#2887,#2888,#2889,#2890));
#1283=EDGE_LOOP('',(#2891,#2892,#2893,#2894));
#1284=EDGE_LOOP('',(#2895,#2896,#2897,#2898));
#1285=EDGE_LOOP('',(#2899,#2900,#2901,#2902,#2903,#2904,#2905,#2906));
#1286=EDGE_LOOP('',(#2907,#2908));
#1287=EDGE_LOOP('',(#2909,#2910,#2911,#2912));
#1288=EDGE_LOOP('',(#2913,#2914,#2915,#2916,#2917));
#1289=EDGE_LOOP('',(#2918));
#1290=EDGE_LOOP('',(#2919));
#1291=EDGE_LOOP('',(#2920,#2921,#2922,#2923));
#1292=EDGE_LOOP('',(#2924,#2925,#2926,#2927,#2928));
#1293=EDGE_LOOP('',(#2929));
#1294=EDGE_LOOP('',(#2930));
#1295=EDGE_LOOP('',(#2931,#2932,#2933,#2934));
#1296=EDGE_LOOP('',(#2935,#2936,#2937,#2938));
#1297=EDGE_LOOP('',(#2939,#2940,#2941,#2942));
#1298=EDGE_LOOP('',(#2943,#2944,#2945,#2946,#2947,#2948));
#1299=EDGE_LOOP('',(#2949));
#1300=EDGE_LOOP('',(#2950));
#1301=EDGE_LOOP('',(#2951,#2952,#2953,#2954));
#1302=EDGE_LOOP('',(#2955,#2956,#2957,#2958,#2959));
#1303=EDGE_LOOP('',(#2960));
#1304=EDGE_LOOP('',(#2961));
#1305=EDGE_LOOP('',(#2962,#2963,#2964,#2965));
#1306=EDGE_LOOP('',(#2966,#2967,#2968,#2969));
#1307=EDGE_LOOP('',(#2970,#2971,#2972,#2973,#2974,#2975));
#1308=EDGE_LOOP('',(#2976,#2977,#2978,#2979));
#1309=EDGE_LOOP('',(#2980,#2981,#2982,#2983,#2984));
#1310=EDGE_LOOP('',(#2985));
#1311=EDGE_LOOP('',(#2986));
#1312=EDGE_LOOP('',(#2987,#2988,#2989,#2990));
#1313=EDGE_LOOP('',(#2991,#2992,#2993,#2994));
#1314=EDGE_LOOP('',(#2995,#2996,#2997,#2998));
#1315=EDGE_LOOP('',(#2999,#3000,#3001,#3002));
#1316=EDGE_LOOP('',(#3003,#3004,#3005,#3006,#3007,#3008,#3009,#3010));
#1317=EDGE_LOOP('',(#3011,#3012,#3013,#3014));
#1318=EDGE_LOOP('',(#3015,#3016,#3017,#3018));
#1319=EDGE_LOOP('',(#3019,#3020,#3021,#3022));
#1320=EDGE_LOOP('',(#3023,#3024,#3025,#3026));
#1321=EDGE_LOOP('',(#3027,#3028,#3029,#3030));
#1322=EDGE_LOOP('',(#3031,#3032,#3033,#3034));
#1323=EDGE_LOOP('',(#3035,#3036,#3037,#3038));
#1324=EDGE_LOOP('',(#3039,#3040,#3041,#3042,#3043,#3044,#3045,#3046,#3047,
#3048,#3049,#3050,#3051));
#1325=EDGE_LOOP('',(#3052));
#1326=EDGE_LOOP('',(#3053));
#1327=EDGE_LOOP('',(#3054));
#1328=EDGE_LOOP('',(#3055));
#1329=EDGE_LOOP('',(#3056));
#1330=EDGE_LOOP('',(#3057));
#1331=EDGE_LOOP('',(#3058));
#1332=EDGE_LOOP('',(#3059));
#1333=EDGE_LOOP('',(#3060));
#1334=EDGE_LOOP('',(#3061,#3062,#3063,#3064,#3065,#3066,#3067,#3068));
#1335=EDGE_LOOP('',(#3069));
#1336=EDGE_LOOP('',(#3070));
#1337=EDGE_LOOP('',(#3071,#3072,#3073,#3074));
#1338=EDGE_LOOP('',(#3075,#3076,#3077,#3078,#3079,#3080));
#1339=EDGE_LOOP('',(#3081,#3082,#3083,#3084,#3085,#3086,#3087,#3088));
#1340=EDGE_LOOP('',(#3089,#3090,#3091,#3092));
#1341=EDGE_LOOP('',(#3093,#3094,#3095,#3096));
#1342=EDGE_LOOP('',(#3097,#3098,#3099,#3100,#3101,#3102));
#1343=EDGE_LOOP('',(#3103));
#1344=EDGE_LOOP('',(#3104));
#1345=EDGE_LOOP('',(#3105,#3106,#3107,#3108,#3109,#3110,#3111,#3112,#3113,
#3114,#3115,#3116));
#1346=EDGE_LOOP('',(#3117,#3118,#3119,#3120));
#1347=EDGE_LOOP('',(#3121,#3122,#3123,#3124));
#1348=EDGE_LOOP('',(#3125,#3126,#3127,#3128));
#1349=EDGE_LOOP('',(#3129,#3130,#3131,#3132));
#1350=EDGE_LOOP('',(#3133,#3134,#3135,#3136));
#1351=EDGE_LOOP('',(#3137,#3138,#3139,#3140));
#1352=EDGE_LOOP('',(#3141,#3142,#3143,#3144));
#1353=EDGE_LOOP('',(#3145,#3146,#3147,#3148));
#1354=EDGE_LOOP('',(#3149,#3150,#3151,#3152,#3153,#3154,#3155));
#1355=EDGE_LOOP('',(#3156,#3157,#3158,#3159,#3160,#3161,#3162));
#1356=EDGE_LOOP('',(#3163,#3164,#3165,#3166,#3167));
#1357=EDGE_LOOP('',(#3168,#3169,#3170,#3171));
#1358=EDGE_LOOP('',(#3172,#3173,#3174,#3175));
#1359=EDGE_LOOP('',(#3176,#3177,#3178,#3179,#3180,#3181,#3182,#3183));
#1360=EDGE_LOOP('',(#3184,#3185,#3186,#3187));
#1361=EDGE_LOOP('',(#3188,#3189,#3190,#3191));
#1362=EDGE_LOOP('',(#3192,#3193,#3194,#3195));
#1363=EDGE_LOOP('',(#3196,#3197,#3198,#3199));
#1364=EDGE_LOOP('',(#3200,#3201,#3202,#3203));
#1365=EDGE_LOOP('',(#3204,#3205,#3206,#3207));
#1366=EDGE_LOOP('',(#3208,#3209,#3210,#3211));
#1367=EDGE_LOOP('',(#3212,#3213,#3214,#3215,#3216,#3217));
#1368=EDGE_LOOP('',(#3218,#3219,#3220,#3221));
#1369=EDGE_LOOP('',(#3222,#3223));
#1370=EDGE_LOOP('',(#3224,#3225,#3226,#3227,#3228,#3229,#3230,#3231));
#1371=EDGE_LOOP('',(#3232,#3233));
#1372=EDGE_LOOP('',(#3234,#3235,#3236,#3237));
#1373=EDGE_LOOP('',(#3238,#3239,#3240,#3241));
#1374=EDGE_LOOP('',(#3242,#3243,#3244,#3245));
#1375=EDGE_LOOP('',(#3246,#3247,#3248,#3249));
#1376=EDGE_LOOP('',(#3250,#3251,#3252,#3253,#3254));
#1377=EDGE_LOOP('',(#3255,#3256,#3257,#3258));
#1378=EDGE_LOOP('',(#3259,#3260));
#1379=EDGE_LOOP('',(#3261,#3262));
#1380=EDGE_LOOP('',(#3263,#3264,#3265,#3266));
#1381=EDGE_LOOP('',(#3267,#3268,#3269,#3270));
#1382=EDGE_LOOP('',(#3271,#3272));
#1383=EDGE_LOOP('',(#3273,#3274));
#1384=EDGE_LOOP('',(#3275,#3276,#3277,#3278,#3279,#3280));
#1385=EDGE_LOOP('',(#3281,#3282,#3283,#3284,#3285,#3286));
#1386=EDGE_LOOP('',(#3287,#3288,#3289,#3290,#3291,#3292,#3293,#3294));
#1387=EDGE_LOOP('',(#3295,#3296,#3297,#3298,#3299,#3300,#3301,#3302));
#1388=EDGE_LOOP('',(#3303,#3304,#3305,#3306,#3307,#3308,#3309,#3310));
#1389=EDGE_LOOP('',(#3311,#3312,#3313,#3314));
#1390=EDGE_LOOP('',(#3315,#3316,#3317,#3318));
#1391=EDGE_LOOP('',(#3319,#3320,#3321,#3322));
#1392=EDGE_LOOP('',(#3323,#3324,#3325,#3326));
#1393=EDGE_LOOP('',(#3327,#3328,#3329,#3330));
#1394=EDGE_LOOP('',(#3331,#3332,#3333,#3334,#3335));
#1395=EDGE_LOOP('',(#3336,#3337,#3338,#3339));
#1396=EDGE_LOOP('',(#3340,#3341,#3342,#3343));
#1397=EDGE_LOOP('',(#3344,#3345,#3346,#3347,#3348));
#1398=EDGE_LOOP('',(#3349,#3350,#3351,#3352,#3353,#3354));
#1399=EDGE_LOOP('',(#3355,#3356,#3357,#3358,#3359));
#1400=EDGE_LOOP('',(#3360,#3361,#3362));
#1401=EDGE_LOOP('',(#3363,#3364,#3365,#3366,#3367,#3368));
#1402=EDGE_LOOP('',(#3369,#3370,#3371,#3372));
#1403=EDGE_LOOP('',(#3373,#3374,#3375,#3376,#3377,#3378,#3379,#3380,#3381,
#3382,#3383,#3384));
#1404=EDGE_LOOP('',(#3385,#3386,#3387,#3388,#3389));
#1405=EDGE_LOOP('',(#3390,#3391,#3392,#3393));
#1406=EDGE_LOOP('',(#3394,#3395,#3396,#3397));
#1407=EDGE_LOOP('',(#3398,#3399,#3400,#3401,#3402));
#1408=EDGE_LOOP('',(#3403,#3404,#3405,#3406,#3407,#3408,#3409,#3410,#3411,
#3412));
#1409=EDGE_LOOP('',(#3413,#3414,#3415,#3416,#3417,#3418));
#1410=EDGE_LOOP('',(#3419,#3420,#3421,#3422,#3423,#3424,#3425,#3426,#3427,
#3428,#3429,#3430,#3431,#3432,#3433,#3434,#3435,#3436));
#1411=EDGE_LOOP('',(#3437,#3438,#3439,#3440,#3441,#3442,#3443));
#1412=EDGE_LOOP('',(#3444,#3445,#3446,#3447));
#1413=EDGE_LOOP('',(#3448,#3449,#3450,#3451,#3452));
#1414=EDGE_LOOP('',(#3453,#3454,#3455));
#1415=EDGE_LOOP('',(#3456,#3457,#3458,#3459,#3460,#3461));
#1416=EDGE_LOOP('',(#3462,#3463,#3464,#3465,#3466,#3467));
#1417=EDGE_LOOP('',(#3468,#3469,#3470,#3471));
#1418=EDGE_LOOP('',(#3472,#3473,#3474,#3475));
#1419=EDGE_LOOP('',(#3476,#3477,#3478,#3479));
#1420=EDGE_LOOP('',(#3480,#3481,#3482,#3483));
#1421=EDGE_LOOP('',(#3484,#3485,#3486,#3487));
#1422=EDGE_LOOP('',(#3488,#3489,#3490,#3491));
#1423=EDGE_LOOP('',(#3492));
#1424=EDGE_LOOP('',(#3493));
#1425=EDGE_LOOP('',(#3494,#3495,#3496,#3497));
#1426=EDGE_LOOP('',(#3498,#3499,#3500,#3501));
#1427=EDGE_LOOP('',(#3502,#3503,#3504,#3505));
#1428=EDGE_LOOP('',(#3506,#3507,#3508,#3509,#3510,#3511));
#1429=EDGE_LOOP('',(#3512,#3513,#3514,#3515));
#1430=EDGE_LOOP('',(#3516,#3517,#3518,#3519));
#1431=EDGE_LOOP('',(#3520,#3521,#3522,#3523));
#1432=EDGE_LOOP('',(#3524,#3525,#3526,#3527,#3528,#3529,#3530,#3531,#3532,
#3533,#3534,#3535,#3536,#3537));
#1433=EDGE_LOOP('',(#3538,#3539,#3540,#3541));
#1434=EDGE_LOOP('',(#3542,#3543,#3544,#3545,#3546));
#1435=EDGE_LOOP('',(#3547,#3548,#3549,#3550,#3551,#3552));
#1436=EDGE_LOOP('',(#3553,#3554,#3555,#3556,#3557,#3558,#3559,#3560,#3561,
#3562,#3563,#3564,#3565,#3566,#3567,#3568,#3569,#3570));
#1437=EDGE_LOOP('',(#3571,#3572,#3573,#3574,#3575));
#1438=EDGE_LOOP('',(#3576,#3577,#3578,#3579,#3580,#3581,#3582,#3583,#3584,
#3585,#3586,#3587,#3588,#3589,#3590,#3591,#3592,#3593));
#1439=EDGE_LOOP('',(#3594,#3595,#3596,#3597));
#1440=EDGE_LOOP('',(#3598));
#1441=EDGE_LOOP('',(#3599,#3600,#3601,#3602));
#1442=EDGE_LOOP('',(#3603));
#1443=EDGE_LOOP('',(#3604,#3605,#3606,#3607));
#1444=EDGE_LOOP('',(#3608));
#1445=EDGE_LOOP('',(#3609,#3610,#3611,#3612));
#1446=EDGE_LOOP('',(#3613));
#1447=EDGE_LOOP('',(#3614,#3615,#3616,#3617,#3618,#3619,#3620,#3621,#3622,
#3623,#3624,#3625));
#1448=EDGE_LOOP('',(#3626));
#1449=EDGE_LOOP('',(#3627));
#1450=EDGE_LOOP('',(#3628,#3629,#3630,#3631,#3632,#3633,#3634,#3635,#3636,
#3637,#3638,#3639));
#1451=EDGE_LOOP('',(#3640));
#1452=EDGE_LOOP('',(#3641));
#1453=EDGE_LOOP('',(#3642,#3643,#3644,#3645,#3646));
#1454=EDGE_LOOP('',(#3647,#3648,#3649,#3650));
#1455=EDGE_LOOP('',(#3651,#3652,#3653,#3654,#3655,#3656));
#1456=EDGE_LOOP('',(#3657,#3658,#3659,#3660,#3661));
#1457=EDGE_LOOP('',(#3662,#3663,#3664,#3665));
#1458=EDGE_LOOP('',(#3666,#3667,#3668,#3669));
#1459=EDGE_LOOP('',(#3670,#3671,#3672,#3673,#3674,#3675,#3676,#3677,#3678));
#1460=EDGE_LOOP('',(#3679,#3680,#3681,#3682,#3683));
#1461=EDGE_LOOP('',(#3684,#3685,#3686,#3687,#3688,#3689,#3690,#3691,#3692));
#1462=EDGE_LOOP('',(#3693,#3694,#3695,#3696,#3697,#3698,#3699,#3700,#3701));
#1463=EDGE_LOOP('',(#3702,#3703,#3704,#3705,#3706));
#1464=EDGE_LOOP('',(#3707,#3708,#3709,#3710,#3711,#3712,#3713,#3714,#3715,
#3716,#3717,#3718));
#1465=EDGE_LOOP('',(#3719,#3720,#3721,#3722));
#1466=EDGE_LOOP('',(#3723,#3724,#3725,#3726));
#1467=EDGE_LOOP('',(#3727,#3728,#3729,#3730));
#1468=EDGE_LOOP('',(#3731,#3732,#3733,#3734));
#1469=EDGE_LOOP('',(#3735,#3736,#3737,#3738));
#1470=EDGE_LOOP('',(#3739,#3740,#3741,#3742,#3743,#3744,#3745,#3746,#3747,
#3748,#3749,#3750));
#1471=EDGE_LOOP('',(#3751,#3752,#3753,#3754));
#1472=EDGE_LOOP('',(#3755,#3756,#3757,#3758));
#1473=EDGE_LOOP('',(#3759,#3760,#3761,#3762));
#1474=EDGE_LOOP('',(#3763,#3764,#3765,#3766,#3767,#3768,#3769,#3770,#3771,
#3772,#3773,#3774));
#1475=EDGE_LOOP('',(#3775,#3776,#3777,#3778));
#1476=EDGE_LOOP('',(#3779,#3780,#3781,#3782));
#1477=EDGE_LOOP('',(#3783,#3784,#3785,#3786));
#1478=EDGE_LOOP('',(#3787,#3788,#3789,#3790));
#1479=EDGE_LOOP('',(#3791,#3792,#3793,#3794));
#1480=EDGE_LOOP('',(#3795,#3796,#3797,#3798,#3799,#3800,#3801,#3802,#3803,
#3804,#3805,#3806,#3807,#3808));
#1481=EDGE_LOOP('',(#3809,#3810,#3811,#3812));
#1482=EDGE_LOOP('',(#3813,#3814,#3815,#3816));
#1483=EDGE_LOOP('',(#3817,#3818,#3819,#3820));
#1484=EDGE_LOOP('',(#3821,#3822,#3823,#3824,#3825,#3826,#3827,#3828,#3829,
#3830,#3831,#3832,#3833,#3834,#3835,#3836,#3837,#3838));
#1485=EDGE_LOOP('',(#3839,#3840,#3841,#3842));
#1486=EDGE_LOOP('',(#3843,#3844,#3845,#3846));
#1487=EDGE_LOOP('',(#3847,#3848,#3849,#3850));
#1488=EDGE_LOOP('',(#3851,#3852,#3853,#3854));
#1489=EDGE_LOOP('',(#3855,#3856,#3857,#3858));
#1490=EDGE_LOOP('',(#3859,#3860,#3861,#3862,#3863,#3864,#3865,#3866,#3867,
#3868,#3869,#3870,#3871,#3872,#3873,#3874,#3875,#3876,#3877,#3878));
#1491=EDGE_LOOP('',(#3879,#3880,#3881,#3882));
#1492=EDGE_LOOP('',(#3883,#3884,#3885,#3886));
#1493=EDGE_LOOP('',(#3887,#3888,#3889,#3890,#3891,#3892,#3893,#3894));
#1494=EDGE_LOOP('',(#3895,#3896,#3897,#3898,#3899,#3900,#3901));
#1495=EDGE_LOOP('',(#3902,#3903,#3904,#3905));
#1496=EDGE_LOOP('',(#3906,#3907,#3908,#3909));
#1497=EDGE_LOOP('',(#3910,#3911,#3912,#3913));
#1498=EDGE_LOOP('',(#3914,#3915,#3916,#3917));
#1499=EDGE_LOOP('',(#3918,#3919,#3920,#3921));
#1500=EDGE_LOOP('',(#3922,#3923,#3924,#3925,#3926,#3927,#3928,#3929,#3930,
#3931,#3932,#3933));
#1501=EDGE_LOOP('',(#3934,#3935,#3936,#3937));
#1502=EDGE_LOOP('',(#3938,#3939,#3940,#3941));
#1503=EDGE_LOOP('',(#3942,#3943,#3944,#3945));
#1504=EDGE_LOOP('',(#3946,#3947,#3948,#3949,#3950,#3951,#3952,#3953,#3954,
#3955,#3956,#3957));
#1505=EDGE_LOOP('',(#3958,#3959,#3960,#3961));
#1506=EDGE_LOOP('',(#3962,#3963,#3964,#3965));
#1507=EDGE_LOOP('',(#3966,#3967,#3968,#3969));
#1508=EDGE_LOOP('',(#3970,#3971,#3972,#3973));
#1509=EDGE_LOOP('',(#3974,#3975,#3976,#3977));
#1510=EDGE_LOOP('',(#3978,#3979,#3980,#3981,#3982,#3983,#3984,#3985,#3986,
#3987,#3988,#3989));
#1511=EDGE_LOOP('',(#3990,#3991,#3992,#3993));
#1512=EDGE_LOOP('',(#3994,#3995,#3996,#3997));
#1513=EDGE_LOOP('',(#3998,#3999,#4000,#4001));
#1514=EDGE_LOOP('',(#4002,#4003,#4004,#4005,#4006,#4007,#4008,#4009,#4010,
#4011,#4012,#4013));
#1515=EDGE_LOOP('',(#4014,#4015,#4016,#4017));
#1516=EDGE_LOOP('',(#4018,#4019,#4020,#4021));
#1517=EDGE_LOOP('',(#4022,#4023,#4024,#4025));
#1518=EDGE_LOOP('',(#4026,#4027,#4028,#4029));
#1519=EDGE_LOOP('',(#4030,#4031,#4032,#4033));
#1520=EDGE_LOOP('',(#4034,#4035,#4036,#4037,#4038,#4039,#4040,#4041,#4042));
#1521=EDGE_LOOP('',(#4043,#4044,#4045,#4046,#4047,#4048,#4049,#4050,#4051,
#4052,#4053,#4054,#4055,#4056,#4057,#4058,#4059,#4060,#4061,#4062));
#1522=EDGE_LOOP('',(#4063,#4064));
#1523=EDGE_LOOP('',(#4065,#4066));
#1524=EDGE_LOOP('',(#4067,#4068,#4069,#4070,#4071));
#1525=EDGE_LOOP('',(#4072,#4073,#4074,#4075));
#1526=EDGE_LOOP('',(#4076,#4077,#4078,#4079,#4080));
#1527=EDGE_LOOP('',(#4081,#4082,#4083,#4084));
#1528=EDGE_LOOP('',(#4085,#4086,#4087,#4088));
#1529=EDGE_LOOP('',(#4089,#4090,#4091,#4092,#4093));
#1530=EDGE_LOOP('',(#4094,#4095,#4096,#4097));
#1531=EDGE_LOOP('',(#4098,#4099,#4100,#4101,#4102));
#1532=EDGE_LOOP('',(#4103,#4104,#4105));
#1533=EDGE_LOOP('',(#4106,#4107,#4108,#4109));
#1534=EDGE_LOOP('',(#4110,#4111,#4112,#4113));
#1535=EDGE_LOOP('',(#4114,#4115,#4116));
#1536=EDGE_LOOP('',(#4117,#4118,#4119,#4120,#4121,#4122,#4123));
#1537=EDGE_LOOP('',(#4124,#4125,#4126,#4127,#4128));
#1538=EDGE_LOOP('',(#4129,#4130,#4131,#4132,#4133));
#1539=EDGE_LOOP('',(#4134,#4135,#4136,#4137));
#1540=EDGE_LOOP('',(#4138,#4139,#4140,#4141,#4142));
#1541=EDGE_LOOP('',(#4143,#4144,#4145,#4146));
#1542=EDGE_LOOP('',(#4147,#4148,#4149,#4150,#4151,#4152,#4153,#4154,#4155,
#4156));
#1543=EDGE_LOOP('',(#4157,#4158,#4159,#4160));
#1544=EDGE_LOOP('',(#4161,#4162,#4163,#4164));
#1545=EDGE_LOOP('',(#4165,#4166,#4167,#4168));
#1546=EDGE_LOOP('',(#4169,#4170,#4171,#4172));
#1547=EDGE_LOOP('',(#4173,#4174,#4175,#4176,#4177));
#1548=EDGE_LOOP('',(#4178,#4179,#4180,#4181));
#1549=EDGE_LOOP('',(#4182,#4183,#4184,#4185,#4186));
#1550=EDGE_LOOP('',(#4187,#4188,#4189,#4190));
#1551=EDGE_LOOP('',(#4191,#4192,#4193,#4194));
#1552=EDGE_LOOP('',(#4195,#4196,#4197,#4198,#4199,#4200,#4201));
#1553=EDGE_LOOP('',(#4202,#4203,#4204,#4205,#4206,#4207,#4208,#4209));
#1554=EDGE_LOOP('',(#4210,#4211,#4212,#4213));
#1555=CIRCLE('',#4572,2.);
#1556=CIRCLE('',#4574,2.);
#1557=CIRCLE('',#4576,1.8);
#1558=CIRCLE('',#4577,3.5);
#1559=CIRCLE('',#4580,1.80000000000001);
#1560=CIRCLE('',#4581,3.50000000000001);
#1561=CIRCLE('',#4584,1.8);
#1562=CIRCLE('',#4585,3.5);
#1563=CIRCLE('',#4588,1.8);
#1564=CIRCLE('',#4589,3.5);
#1565=CIRCLE('',#4600,7.);
#1566=CIRCLE('',#4601,7.);
#1567=CIRCLE('',#4602,7.);
#1568=CIRCLE('',#4604,3.5);
#1569=CIRCLE('',#4605,1.80264012431581);
#1570=CIRCLE('',#4608,1.8);
#1571=CIRCLE('',#4610,3.5);
#1572=CIRCLE('',#4611,1.80264012431581);
#1573=CIRCLE('',#4614,1.8);
#1574=CIRCLE('',#4620,3.50000000000001);
#1575=CIRCLE('',#4621,1.80264012431581);
#1576=CIRCLE('',#4624,1.80000000000001);
#1577=CIRCLE('',#4626,3.5);
#1578=CIRCLE('',#4627,1.80264012431581);
#1579=CIRCLE('',#4630,1.8);
#1580=CIRCLE('',#4635,7.);
#1581=CIRCLE('',#4636,7.);
#1582=CIRCLE('',#4637,7.);
#1583=CIRCLE('',#4639,3.5);
#1584=CIRCLE('',#4640,1.80264012431581);
#1585=CIRCLE('',#4643,1.8);
#1586=CIRCLE('',#4647,2.);
#1587=CIRCLE('',#4648,2.);
#1588=CIRCLE('',#4651,2.);
#1589=CIRCLE('',#4652,2.);
#1590=CIRCLE('',#4654,2.);
#1591=CIRCLE('',#4655,2.);
#1592=CIRCLE('',#4658,2.);
#1593=CIRCLE('',#4660,2.);
#1594=CIRCLE('',#4662,2.);
#1595=CIRCLE('',#4664,2.);
#1596=CIRCLE('',#4668,18.);
#1597=CIRCLE('',#4669,1.8);
#1598=CIRCLE('',#4670,1.8);
#1599=CIRCLE('',#4672,1.8);
#1600=CIRCLE('',#4673,3.49999999999998);
#1601=CIRCLE('',#4675,3.49999999999998);
#1602=CIRCLE('',#4676,6.99999999999999);
#1603=CIRCLE('',#4677,6.99999999999996);
#1604=CIRCLE('',#4680,3.49999999999998);
#1605=CIRCLE('',#4681,1.80264012431579);
#1606=CIRCLE('',#4683,3.49999999999998);
#1607=CIRCLE('',#4685,1.8);
#1608=CIRCLE('',#4688,5.);
#1609=CIRCLE('',#4689,5.00000000000001);
#1610=CIRCLE('',#4690,5.00000000000004);
#1611=CIRCLE('',#4692,5.00000000000004);
#1612=CIRCLE('',#4693,5.00000000000001);
#1613=CIRCLE('',#4694,5.);
#1614=CIRCLE('',#4695,5.00000000000002);
#1615=CIRCLE('',#4696,5.);
#1616=CIRCLE('',#4697,7.00000000000001);
#1617=CIRCLE('',#4698,7.);
#1618=CIRCLE('',#4699,7.00000000000001);
#1619=CIRCLE('',#4700,7.);
#1620=CIRCLE('',#4701,7.00000000000003);
#1621=CIRCLE('',#4702,7.);
#1622=CIRCLE('',#4703,7.);
#1623=CIRCLE('',#4705,86.);
#1624=CIRCLE('',#4707,86.);
#1625=CIRCLE('',#4709,7.);
#1626=CIRCLE('',#4710,7.);
#1627=CIRCLE('',#4711,7.);
#1628=CIRCLE('',#4713,18.);
#1629=CIRCLE('',#4714,7.);
#1630=CIRCLE('',#4715,11.);
#1631=CIRCLE('',#4717,7.);
#1632=CIRCLE('',#4718,7.);
#1633=CIRCLE('',#4719,7.);
#1634=CIRCLE('',#4720,6.99999999999999);
#1635=CIRCLE('',#4722,7.);
#1636=CIRCLE('',#4726,30.);
#1637=CIRCLE('',#4728,30.);
#1638=CIRCLE('',#4730,7.);
#1639=CIRCLE('',#4731,6.99999999999999);
#1640=CIRCLE('',#4733,7.);
#1641=CIRCLE('',#4734,7.00000000000001);
#1642=CIRCLE('',#4738,30.);
#1643=CIRCLE('',#4739,30.);
#1644=CIRCLE('',#4742,6.99999999999998);
#1645=CIRCLE('',#4743,7.);
#1646=CIRCLE('',#4744,7.00000000000001);
#1647=CIRCLE('',#4745,6.99999999999998);
#1648=CIRCLE('',#4747,4.3);
#1649=CIRCLE('',#4750,30.);
#1650=CIRCLE('',#4761,8.00884651807326);
#1651=CIRCLE('',#4762,6.);
#1652=CIRCLE('',#4763,0.2);
#1653=CIRCLE('',#4764,5.80884651807326);
#1654=CIRCLE('',#4765,0.2);
#1655=CIRCLE('',#4766,6.);
#1656=CIRCLE('',#4767,8.00884651807326);
#1657=CIRCLE('',#4769,8.00884651807326);
#1658=CIRCLE('',#4771,4.3);
#1659=CIRCLE('',#4775,1.5);
#1660=CIRCLE('',#4776,1.5);
#1661=CIRCLE('',#4779,1.5);
#1662=CIRCLE('',#4780,1.5);
#1663=CIRCLE('',#4783,1.50000000000002);
#1664=CIRCLE('',#4784,1.50000000000002);
#1665=CIRCLE('',#4787,1.50000000000002);
#1666=CIRCLE('',#4788,1.50000000000002);
#1667=CIRCLE('',#4792,30.);
#1668=CIRCLE('',#4795,30.);
#1669=CIRCLE('',#4799,4.3);
#1670=CIRCLE('',#4802,0.2);
#1671=CIRCLE('',#4803,0.2);
#1672=CIRCLE('',#4806,0.2);
#1673=CIRCLE('',#4807,0.2);
#1674=CIRCLE('',#4811,6.);
#1675=CIRCLE('',#4812,5.80884651807326);
#1676=CIRCLE('',#4813,6.);
#1677=CIRCLE('',#4814,8.00884651807326);
#1678=CIRCLE('',#4816,8.00884651807326);
#1679=CIRCLE('',#4818,5.80884651807326);
#1680=CIRCLE('',#4821,6.);
#1681=CIRCLE('',#4822,6.);
#1682=CIRCLE('',#4824,0.2);
#1683=CIRCLE('',#4827,0.2);
#1684=CIRCLE('',#4831,8.00884651807326);
#1685=CIRCLE('',#4832,6.);
#1686=CIRCLE('',#4833,5.80884651807326);
#1687=CIRCLE('',#4834,6.);
#1688=CIRCLE('',#4840,6.);
#1689=CIRCLE('',#4841,5.6);
#1690=CIRCLE('',#4843,4.3);
#1691=CIRCLE('',#4846,4.3);
#1692=CIRCLE('',#4848,6.);
#1693=CIRCLE('',#4853,0.2);
#1694=CIRCLE('',#4854,0.2);
#1695=CIRCLE('',#4857,0.2);
#1696=CIRCLE('',#4858,0.2);
#1697=CIRCLE('',#4862,8.00884651807326);
#1698=CIRCLE('',#4863,6.);
#1699=CIRCLE('',#4864,5.80884651807326);
#1700=CIRCLE('',#4865,6.);
#1701=CIRCLE('',#4867,8.00884651807326);
#1702=CIRCLE('',#4869,5.80884651807326);
#1703=CIRCLE('',#4872,6.);
#1704=CIRCLE('',#4873,6.);
#1705=CIRCLE('',#4875,0.2);
#1706=CIRCLE('',#4876,0.2);
#1707=CIRCLE('',#4879,0.2);
#1708=CIRCLE('',#4880,0.2);
#1709=CIRCLE('',#4884,8.00884651807326);
#1710=CIRCLE('',#4885,6.);
#1711=CIRCLE('',#4886,5.80884651807326);
#1712=CIRCLE('',#4887,6.);
#1713=CIRCLE('',#4890,8.00884651807326);
#1714=CIRCLE('',#4892,5.80884651807326);
#1715=CIRCLE('',#4894,6.);
#1716=CIRCLE('',#4895,6.);
#1717=CIRCLE('',#4897,5.6);
#1718=CIRCLE('',#4898,6.);
#1719=CIRCLE('',#4900,4.3);
#1720=CIRCLE('',#4902,4.3);
#1721=CIRCLE('',#4904,4.3);
#1722=CIRCLE('',#4906,6.);
#1723=CIRCLE('',#4916,30.);
#1724=VERTEX_POINT('',#5927);
#1725=VERTEX_POINT('',#5930);
#1726=VERTEX_POINT('',#5933);
#1727=VERTEX_POINT('',#5935);
#1728=VERTEX_POINT('',#5939);
#1729=VERTEX_POINT('',#5940);
#1730=VERTEX_POINT('',#5979);
#1731=VERTEX_POINT('',#5981);
#1732=VERTEX_POINT('',#5985);
#1733=VERTEX_POINT('',#5986);
#1734=VERTEX_POINT('',#6003);
#1735=VERTEX_POINT('',#6035);
#1736=VERTEX_POINT('',#6037);
#1737=VERTEX_POINT('',#6041);
#1738=VERTEX_POINT('',#6042);
#1739=VERTEX_POINT('',#6085);
#1740=VERTEX_POINT('',#6087);
#1741=VERTEX_POINT('',#6091);
#1742=VERTEX_POINT('',#6092);
#1743=VERTEX_POINT('',#6135);
#1744=VERTEX_POINT('',#6139);
#1745=VERTEX_POINT('',#6143);
#1746=VERTEX_POINT('',#6147);
#1747=VERTEX_POINT('',#6151);
#1748=VERTEX_POINT('',#6153);
#1749=VERTEX_POINT('',#6155);
#1750=VERTEX_POINT('',#6157);
#1751=VERTEX_POINT('',#6159);
#1752=VERTEX_POINT('',#6163);
#1753=VERTEX_POINT('',#6165);
#1754=VERTEX_POINT('',#6169);
#1755=VERTEX_POINT('',#6170);
#1756=VERTEX_POINT('',#6213);
#1757=VERTEX_POINT('',#6216);
#1758=VERTEX_POINT('',#6218);
#1759=VERTEX_POINT('',#6222);
#1760=VERTEX_POINT('',#6223);
#1761=VERTEX_POINT('',#6266);
#1762=VERTEX_POINT('',#6269);
#1763=VERTEX_POINT('',#6273);
#1764=VERTEX_POINT('',#6277);
#1765=VERTEX_POINT('',#6279);
#1766=VERTEX_POINT('',#6283);
#1767=VERTEX_POINT('',#6284);
#1768=VERTEX_POINT('',#6299);
#1769=VERTEX_POINT('',#6333);
#1770=VERTEX_POINT('',#6336);
#1771=VERTEX_POINT('',#6338);
#1772=VERTEX_POINT('',#6342);
#1773=VERTEX_POINT('',#6343);
#1774=VERTEX_POINT('',#6382);
#1775=VERTEX_POINT('',#6385);
#1776=VERTEX_POINT('',#6389);
#1777=VERTEX_POINT('',#6416);
#1778=VERTEX_POINT('',#6418);
#1779=VERTEX_POINT('',#6423);
#1780=VERTEX_POINT('',#6425);
#1781=VERTEX_POINT('',#6432);
#1782=VERTEX_POINT('',#6434);
#1783=VERTEX_POINT('',#6438);
#1784=VERTEX_POINT('',#6439);
#1785=VERTEX_POINT('',#6490);
#1786=VERTEX_POINT('',#6493);
#1787=VERTEX_POINT('',#6497);
#1788=VERTEX_POINT('',#6498);
#1789=VERTEX_POINT('',#6500);
#1790=VERTEX_POINT('',#6502);
#1791=VERTEX_POINT('',#6506);
#1792=VERTEX_POINT('',#6508);
#1793=VERTEX_POINT('',#6512);
#1794=VERTEX_POINT('',#6513);
#1795=VERTEX_POINT('',#6515);
#1796=VERTEX_POINT('',#6517);
#1797=VERTEX_POINT('',#6522);
#1798=VERTEX_POINT('',#6524);
#1799=VERTEX_POINT('',#6526);
#1800=VERTEX_POINT('',#6530);
#1801=VERTEX_POINT('',#6534);
#1802=VERTEX_POINT('',#6538);
#1803=VERTEX_POINT('',#6542);
#1804=VERTEX_POINT('',#6546);
#1805=VERTEX_POINT('',#6554);
#1806=VERTEX_POINT('',#6555);
#1807=VERTEX_POINT('',#6569);
#1808=VERTEX_POINT('',#6571);
#1809=VERTEX_POINT('',#6585);
#1810=VERTEX_POINT('',#6593);
#1811=VERTEX_POINT('',#6595);
#1812=VERTEX_POINT('',#6603);
#1813=VERTEX_POINT('',#6608);
#1814=VERTEX_POINT('',#6619);
#1815=VERTEX_POINT('',#6621);
#1816=VERTEX_POINT('',#6632);
#1817=VERTEX_POINT('',#6634);
#1818=VERTEX_POINT('',#6637);
#1819=VERTEX_POINT('',#6639);
#1820=VERTEX_POINT('',#6642);
#1821=VERTEX_POINT('',#6644);
#1822=VERTEX_POINT('',#6648);
#1823=VERTEX_POINT('',#6649);
#1824=VERTEX_POINT('',#6651);
#1825=VERTEX_POINT('',#6716);
#1826=VERTEX_POINT('',#6722);
#1827=VERTEX_POINT('',#6731);
#1828=VERTEX_POINT('',#6733);
#1829=VERTEX_POINT('',#6741);
#1830=VERTEX_POINT('',#6751);
#1831=VERTEX_POINT('',#6753);
#1832=VERTEX_POINT('',#6757);
#1833=VERTEX_POINT('',#6758);
#1834=VERTEX_POINT('',#6772);
#1835=VERTEX_POINT('',#6794);
#1836=VERTEX_POINT('',#6797);
#1837=VERTEX_POINT('',#6807);
#1838=VERTEX_POINT('',#6812);
#1839=VERTEX_POINT('',#6817);
#1840=VERTEX_POINT('',#6824);
#1841=VERTEX_POINT('',#6826);
#1842=VERTEX_POINT('',#6863);
#1843=VERTEX_POINT('',#6865);
#1844=VERTEX_POINT('',#6907);
#1845=VERTEX_POINT('',#6916);
#1846=VERTEX_POINT('',#6955);
#1847=VERTEX_POINT('',#6987);
#1848=VERTEX_POINT('',#7029);
#1849=VERTEX_POINT('',#7030);
#1850=VERTEX_POINT('',#7092);
#1851=VERTEX_POINT('',#7132);
#1852=VERTEX_POINT('',#7133);
#1853=VERTEX_POINT('',#7147);
#1854=VERTEX_POINT('',#7156);
#1855=VERTEX_POINT('',#7163);
#1856=VERTEX_POINT('',#7208);
#1857=VERTEX_POINT('',#7209);
#1858=VERTEX_POINT('',#7226);
#1859=VERTEX_POINT('',#7231);
#1860=VERTEX_POINT('',#7236);
#1861=VERTEX_POINT('',#7278);
#1862=VERTEX_POINT('',#7280);
#1863=VERTEX_POINT('',#7285);
#1864=VERTEX_POINT('',#7313);
#1865=VERTEX_POINT('',#7339);
#1866=VERTEX_POINT('',#7385);
#1867=VERTEX_POINT('',#7415);
#1868=VERTEX_POINT('',#7441);
#1869=VERTEX_POINT('',#7448);
#1870=VERTEX_POINT('',#7449);
#1871=VERTEX_POINT('',#7451);
#1872=VERTEX_POINT('',#7453);
#1873=VERTEX_POINT('',#7462);
#1874=VERTEX_POINT('',#7464);
#1875=VERTEX_POINT('',#7468);
#1876=VERTEX_POINT('',#7470);
#1877=VERTEX_POINT('',#7502);
#1878=VERTEX_POINT('',#7503);
#1879=VERTEX_POINT('',#7505);
#1880=VERTEX_POINT('',#7510);
#1881=VERTEX_POINT('',#7536);
#1882=VERTEX_POINT('',#7541);
#1883=VERTEX_POINT('',#7580);
#1884=VERTEX_POINT('',#7582);
#1885=VERTEX_POINT('',#7587);
#1886=VERTEX_POINT('',#7610);
#1887=VERTEX_POINT('',#7615);
#1888=VERTEX_POINT('',#7645);
#1889=VERTEX_POINT('',#7646);
#1890=VERTEX_POINT('',#7680);
#1891=VERTEX_POINT('',#7689);
#1892=VERTEX_POINT('',#7739);
#1893=VERTEX_POINT('',#7746);
#1894=VERTEX_POINT('',#7779);
#1895=VERTEX_POINT('',#7786);
#1896=VERTEX_POINT('',#7796);
#1897=VERTEX_POINT('',#7812);
#1898=VERTEX_POINT('',#7852);
#1899=VERTEX_POINT('',#7857);
#1900=VERTEX_POINT('',#7870);
#1901=VERTEX_POINT('',#7920);
#1902=VERTEX_POINT('',#7925);
#1903=VERTEX_POINT('',#7935);
#1904=VERTEX_POINT('',#7941);
#1905=VERTEX_POINT('',#7946);
#1906=VERTEX_POINT('',#7951);
#1907=VERTEX_POINT('',#7953);
#1908=VERTEX_POINT('',#7990);
#1909=VERTEX_POINT('',#7998);
#1910=VERTEX_POINT('',#8000);
#1911=VERTEX_POINT('',#8005);
#1912=VERTEX_POINT('',#8103);
#1913=VERTEX_POINT('',#8247);
#1914=VERTEX_POINT('',#8303);
#1915=VERTEX_POINT('',#8449);
#1916=VERTEX_POINT('',#8509);
#1917=VERTEX_POINT('',#8519);
#1918=VERTEX_POINT('',#8520);
#1919=VERTEX_POINT('',#8522);
#1920=VERTEX_POINT('',#8524);
#1921=VERTEX_POINT('',#8526);
#1922=VERTEX_POINT('',#8554);
#1923=VERTEX_POINT('',#8555);
#1924=VERTEX_POINT('',#8597);
#1925=VERTEX_POINT('',#8598);
#1926=VERTEX_POINT('',#8660);
#1927=VERTEX_POINT('',#8661);
#1928=VERTEX_POINT('',#8684);
#1929=VERTEX_POINT('',#8700);
#1930=VERTEX_POINT('',#8702);
#1931=VERTEX_POINT('',#8775);
#1932=VERTEX_POINT('',#8857);
#1933=VERTEX_POINT('',#8867);
#1934=VERTEX_POINT('',#8871);
#1935=VERTEX_POINT('',#8873);
#1936=VERTEX_POINT('',#8875);
#1937=VERTEX_POINT('',#8877);
#1938=VERTEX_POINT('',#8879);
#1939=VERTEX_POINT('',#8881);
#1940=VERTEX_POINT('',#8890);
#1941=VERTEX_POINT('',#8892);
#1942=VERTEX_POINT('',#8894);
#1943=VERTEX_POINT('',#8898);
#1944=VERTEX_POINT('',#8899);
#1945=VERTEX_POINT('',#8901);
#1946=VERTEX_POINT('',#8903);
#1947=VERTEX_POINT('',#8905);
#1948=VERTEX_POINT('',#8933);
#1949=VERTEX_POINT('',#8934);
#1950=VERTEX_POINT('',#8970);
#1951=VERTEX_POINT('',#8971);
#1952=VERTEX_POINT('',#9035);
#1953=VERTEX_POINT('',#9036);
#1954=VERTEX_POINT('',#9071);
#1955=VERTEX_POINT('',#9125);
#1956=VERTEX_POINT('',#9136);
#1957=VERTEX_POINT('',#9150);
#1958=VERTEX_POINT('',#9152);
#1959=VERTEX_POINT('',#9156);
#1960=VERTEX_POINT('',#9158);
#1961=VERTEX_POINT('',#9160);
#1962=VERTEX_POINT('',#9162);
#1963=VERTEX_POINT('',#9164);
#1964=VERTEX_POINT('',#9166);
#1965=VERTEX_POINT('',#9168);
#1966=VERTEX_POINT('',#9170);
#1967=VERTEX_POINT('',#9172);
#1968=VERTEX_POINT('',#9174);
#1969=VERTEX_POINT('',#9176);
#1970=VERTEX_POINT('',#9178);
#1971=VERTEX_POINT('',#9180);
#1972=VERTEX_POINT('',#9182);
#1973=VERTEX_POINT('',#9184);
#1974=VERTEX_POINT('',#9188);
#1975=VERTEX_POINT('',#9190);
#1976=VERTEX_POINT('',#9192);
#1977=VERTEX_POINT('',#9194);
#1978=VERTEX_POINT('',#9248);
#1979=VERTEX_POINT('',#9335);
#1980=VERTEX_POINT('',#9346);
#1981=VERTEX_POINT('',#9465);
#1982=VERTEX_POINT('',#9548);
#1983=VERTEX_POINT('',#9712);
#1984=VERTEX_POINT('',#9735);
#1985=VERTEX_POINT('',#9794);
#1986=VERTEX_POINT('',#9795);
#1987=VERTEX_POINT('',#9797);
#1988=VERTEX_POINT('',#9799);
#1989=VERTEX_POINT('',#9803);
#1990=VERTEX_POINT('',#9805);
#1991=VERTEX_POINT('',#9807);
#1992=VERTEX_POINT('',#9809);
#1993=VERTEX_POINT('',#9811);
#1994=VERTEX_POINT('',#9813);
#1995=VERTEX_POINT('',#9815);
#1996=VERTEX_POINT('',#9817);
#1997=VERTEX_POINT('',#9819);
#1998=VERTEX_POINT('',#9822);
#1999=VERTEX_POINT('',#9826);
#2000=VERTEX_POINT('',#9885);
#2001=VERTEX_POINT('',#9907);
#2002=VERTEX_POINT('',#9909);
#2003=VERTEX_POINT('',#9911);
#2004=VERTEX_POINT('',#9921);
#2005=VERTEX_POINT('',#9923);
#2006=VERTEX_POINT('',#9925);
#2007=VERTEX_POINT('',#9927);
#2008=VERTEX_POINT('',#9929);
#2009=VERTEX_POINT('',#9931);
#2010=VERTEX_POINT('',#9933);
#2011=VERTEX_POINT('',#9935);
#2012=VERTEX_POINT('',#9937);
#2013=VERTEX_POINT('',#9939);
#2014=VERTEX_POINT('',#9941);
#2015=VERTEX_POINT('',#9943);
#2016=VERTEX_POINT('',#9945);
#2017=VERTEX_POINT('',#9947);
#2018=VERTEX_POINT('',#10006);
#2019=VERTEX_POINT('',#10007);
#2020=VERTEX_POINT('',#10030);
#2021=VERTEX_POINT('',#10032);
#2022=VERTEX_POINT('',#10034);
#2023=VERTEX_POINT('',#10036);
#2024=VERTEX_POINT('',#10038);
#2025=VERTEX_POINT('',#10040);
#2026=VERTEX_POINT('',#10042);
#2027=VERTEX_POINT('',#10044);
#2028=VERTEX_POINT('',#10046);
#2029=VERTEX_POINT('',#10048);
#2030=VERTEX_POINT('',#10050);
#2031=VERTEX_POINT('',#10052);
#2032=VERTEX_POINT('',#10054);
#2033=VERTEX_POINT('',#10056);
#2034=VERTEX_POINT('',#10058);
#2035=VERTEX_POINT('',#10062);
#2036=VERTEX_POINT('',#10064);
#2037=VERTEX_POINT('',#10069);
#2038=VERTEX_POINT('',#10071);
#2039=VERTEX_POINT('',#10076);
#2040=VERTEX_POINT('',#10078);
#2041=VERTEX_POINT('',#10083);
#2042=VERTEX_POINT('',#10085);
#2043=VERTEX_POINT('',#10090);
#2044=VERTEX_POINT('',#10091);
#2045=VERTEX_POINT('',#10093);
#2046=VERTEX_POINT('',#10095);
#2047=VERTEX_POINT('',#10097);
#2048=VERTEX_POINT('',#10105);
#2049=VERTEX_POINT('',#10110);
#2050=VERTEX_POINT('',#10118);
#2051=VERTEX_POINT('',#10125);
#2052=VERTEX_POINT('',#10127);
#2053=VERTEX_POINT('',#10132);
#2054=VERTEX_POINT('',#10140);
#2055=VERTEX_POINT('',#10153);
#2056=VERTEX_POINT('',#10155);
#2057=VERTEX_POINT('',#10163);
#2058=VERTEX_POINT('',#10168);
#2059=VERTEX_POINT('',#10179);
#2060=VERTEX_POINT('',#10184);
#2061=VERTEX_POINT('',#10186);
#2062=VERTEX_POINT('',#10193);
#2063=VERTEX_POINT('',#10201);
#2064=VERTEX_POINT('',#10206);
#2065=VERTEX_POINT('',#10243);
#2066=VERTEX_POINT('',#10255);
#2067=VERTEX_POINT('',#10297);
#2068=VERTEX_POINT('',#10298);
#2069=VERTEX_POINT('',#10301);
#2070=VERTEX_POINT('',#10321);
#2071=VERTEX_POINT('',#10344);
#2072=VERTEX_POINT('',#10361);
#2073=VERTEX_POINT('',#10405);
#2074=VERTEX_POINT('',#10446);
#2075=VERTEX_POINT('',#10451);
#2076=VERTEX_POINT('',#10462);
#2077=VERTEX_POINT('',#10591);
#2078=VERTEX_POINT('',#10592);
#2079=VERTEX_POINT('',#10597);
#2080=VERTEX_POINT('',#10635);
#2081=VERTEX_POINT('',#10637);
#2082=VERTEX_POINT('',#10648);
#2083=VERTEX_POINT('',#10675);
#2084=VERTEX_POINT('',#10692);
#2085=VERTEX_POINT('',#10715);
#2086=VERTEX_POINT('',#10754);
#2087=VERTEX_POINT('',#10755);
#2088=VERTEX_POINT('',#10757);
#2089=VERTEX_POINT('',#10759);
#2090=VERTEX_POINT('',#10763);
#2091=VERTEX_POINT('',#10765);
#2092=VERTEX_POINT('',#10769);
#2093=VERTEX_POINT('',#10770);
#2094=VERTEX_POINT('',#10772);
#2095=VERTEX_POINT('',#10774);
#2096=VERTEX_POINT('',#10778);
#2097=VERTEX_POINT('',#10780);
#2098=VERTEX_POINT('',#10784);
#2099=VERTEX_POINT('',#10786);
#2100=VERTEX_POINT('',#10792);
#2101=VERTEX_POINT('',#10794);
#2102=VERTEX_POINT('',#10796);
#2103=VERTEX_POINT('',#10800);
#2104=VERTEX_POINT('',#10806);
#2105=VERTEX_POINT('',#10810);
#2106=VERTEX_POINT('',#10815);
#2107=VERTEX_POINT('',#10816);
#2108=VERTEX_POINT('',#10821);
#2109=VERTEX_POINT('',#10825);
#2110=VERTEX_POINT('',#10827);
#2111=VERTEX_POINT('',#10831);
#2112=VERTEX_POINT('',#10835);
#2113=VERTEX_POINT('',#10842);
#2114=VERTEX_POINT('',#10844);
#2115=VERTEX_POINT('',#10852);
#2116=VERTEX_POINT('',#10854);
#2117=VERTEX_POINT('',#10858);
#2118=VERTEX_POINT('',#10860);
#2119=VERTEX_POINT('',#10862);
#2120=VERTEX_POINT('',#10944);
#2121=VERTEX_POINT('',#10945);
#2122=VERTEX_POINT('',#10947);
#2123=VERTEX_POINT('',#10949);
#2124=VERTEX_POINT('',#10953);
#2125=VERTEX_POINT('',#10955);
#2126=VERTEX_POINT('',#10959);
#2127=VERTEX_POINT('',#10960);
#2128=VERTEX_POINT('',#10962);
#2129=VERTEX_POINT('',#10964);
#2130=VERTEX_POINT('',#10968);
#2131=VERTEX_POINT('',#10970);
#2132=VERTEX_POINT('',#10974);
#2133=VERTEX_POINT('',#10976);
#2134=VERTEX_POINT('',#10980);
#2135=VERTEX_POINT('',#10987);
#2136=VERTEX_POINT('',#10998);
#2137=VERTEX_POINT('',#10999);
#2138=VERTEX_POINT('',#11001);
#2139=VERTEX_POINT('',#11003);
#2140=VERTEX_POINT('',#11007);
#2141=VERTEX_POINT('',#11009);
#2142=VERTEX_POINT('',#11013);
#2143=VERTEX_POINT('',#11014);
#2144=VERTEX_POINT('',#11016);
#2145=VERTEX_POINT('',#11018);
#2146=VERTEX_POINT('',#11022);
#2147=VERTEX_POINT('',#11024);
#2148=VERTEX_POINT('',#11028);
#2149=VERTEX_POINT('',#11030);
#2150=VERTEX_POINT('',#11034);
#2151=VERTEX_POINT('',#11041);
#2152=VERTEX_POINT('',#11114);
#2153=VERTEX_POINT('',#11128);
#2154=VERTEX_POINT('',#11142);
#2155=VERTEX_POINT('',#11144);
#2156=VERTEX_POINT('',#11199);
#2157=VERTEX_POINT('',#11201);
#2158=VERTEX_POINT('',#11242);
#2159=EDGE_CURVE('',#1724,#1724,#1555,.T.);
#2160=EDGE_CURVE('',#1725,#1725,#1556,.T.);
#2161=EDGE_CURVE('',#1726,#1726,#1557,.T.);
#2162=EDGE_CURVE('',#1726,#1727,#419,.T.);
#2163=EDGE_CURVE('',#1727,#1727,#1558,.T.);
#2164=EDGE_CURVE('',#1728,#1729,#138,.T.);
#2165=EDGE_CURVE('',#1729,#1728,#139,.T.);
#2166=EDGE_CURVE('',#1729,#1727,#420,.T.);
#2167=EDGE_CURVE('',#1730,#1730,#1559,.T.);
#2168=EDGE_CURVE('',#1730,#1731,#421,.T.);
#2169=EDGE_CURVE('',#1731,#1731,#1560,.T.);
#2170=EDGE_CURVE('',#1732,#1733,#140,.T.);
#2171=EDGE_CURVE('',#1734,#1732,#141,.T.);
#2172=EDGE_CURVE('',#1734,#1731,#422,.T.);
#2173=EDGE_CURVE('',#1733,#1734,#142,.T.);
#2174=EDGE_CURVE('',#1735,#1735,#1561,.T.);
#2175=EDGE_CURVE('',#1735,#1736,#423,.T.);
#2176=EDGE_CURVE('',#1736,#1736,#1562,.T.);
#2177=EDGE_CURVE('',#1737,#1738,#143,.T.);
#2178=EDGE_CURVE('',#1738,#1737,#144,.T.);
#2179=EDGE_CURVE('',#1738,#1736,#424,.T.);
#2180=EDGE_CURVE('',#1739,#1739,#1563,.T.);
#2181=EDGE_CURVE('',#1739,#1740,#425,.T.);
#2182=EDGE_CURVE('',#1740,#1740,#1564,.T.);
#2183=EDGE_CURVE('',#1741,#1742,#145,.T.);
#2184=EDGE_CURVE('',#1742,#1741,#146,.T.);
#2185=EDGE_CURVE('',#1742,#1740,#426,.T.);
#2186=EDGE_CURVE('',#1735,#1743,#427,.T.);
#2187=EDGE_CURVE('',#1743,#1743,#127,.T.);
#2188=EDGE_CURVE('',#1739,#1744,#428,.T.);
#2189=EDGE_CURVE('',#1744,#1744,#128,.T.);
#2190=EDGE_CURVE('',#1726,#1745,#429,.T.);
#2191=EDGE_CURVE('',#1745,#1745,#129,.T.);
#2192=EDGE_CURVE('',#1730,#1746,#430,.T.);
#2193=EDGE_CURVE('',#1746,#1746,#130,.T.);
#2194=EDGE_CURVE('',#1747,#1732,#1565,.T.);
#2195=EDGE_CURVE('',#1747,#1748,#431,.T.);
#2196=EDGE_CURVE('',#1748,#1749,#432,.T.);
#2197=EDGE_CURVE('',#1749,#1750,#1566,.T.);
#2198=EDGE_CURVE('',#1750,#1751,#433,.T.);
#2199=EDGE_CURVE('',#1733,#1751,#1567,.T.);
#2200=EDGE_CURVE('',#1752,#1752,#1568,.T.);
#2201=EDGE_CURVE('',#1752,#1753,#434,.T.);
#2202=EDGE_CURVE('',#1753,#1753,#1569,.T.);
#2203=EDGE_CURVE('',#1754,#1755,#147,.T.);
#2204=EDGE_CURVE('',#1755,#1754,#148,.T.);
#2205=EDGE_CURVE('',#1755,#1752,#435,.T.);
#2206=EDGE_CURVE('',#1756,#1756,#1570,.T.);
#2207=EDGE_CURVE('',#1757,#1757,#1571,.T.);
#2208=EDGE_CURVE('',#1757,#1758,#436,.T.);
#2209=EDGE_CURVE('',#1758,#1758,#1572,.T.);
#2210=EDGE_CURVE('',#1759,#1760,#149,.T.);
#2211=EDGE_CURVE('',#1760,#1759,#150,.T.);
#2212=EDGE_CURVE('',#1760,#1757,#437,.T.);
#2213=EDGE_CURVE('',#1761,#1761,#1573,.T.);
#2214=EDGE_CURVE('',#1756,#1762,#438,.T.);
#2215=EDGE_CURVE('',#1762,#1762,#131,.T.);
#2216=EDGE_CURVE('',#1761,#1763,#439,.T.);
#2217=EDGE_CURVE('',#1763,#1763,#132,.T.);
#2218=EDGE_CURVE('',#1764,#1764,#1574,.T.);
#2219=EDGE_CURVE('',#1764,#1765,#440,.T.);
#2220=EDGE_CURVE('',#1765,#1765,#1575,.T.);
#2221=EDGE_CURVE('',#1766,#1767,#151,.T.);
#2222=EDGE_CURVE('',#1768,#1766,#152,.T.);
#2223=EDGE_CURVE('',#1767,#1768,#153,.T.);
#2224=EDGE_CURVE('',#1767,#1764,#441,.T.);
#2225=EDGE_CURVE('',#1769,#1769,#1576,.T.);
#2226=EDGE_CURVE('',#1770,#1770,#1577,.T.);
#2227=EDGE_CURVE('',#1770,#1771,#442,.T.);
#2228=EDGE_CURVE('',#1771,#1771,#1578,.T.);
#2229=EDGE_CURVE('',#1772,#1773,#154,.T.);
#2230=EDGE_CURVE('',#1773,#1772,#155,.T.);
#2231=EDGE_CURVE('',#1773,#1770,#443,.T.);
#2232=EDGE_CURVE('',#1774,#1774,#1579,.T.);
#2233=EDGE_CURVE('',#1774,#1775,#444,.T.);
#2234=EDGE_CURVE('',#1775,#1775,#133,.T.);
#2235=EDGE_CURVE('',#1769,#1776,#445,.T.);
#2236=EDGE_CURVE('',#1776,#1776,#134,.T.);
#2237=EDGE_CURVE('',#1777,#1766,#1580,.T.);
#2238=EDGE_CURVE('',#1777,#1778,#156,.T.);
#2239=EDGE_CURVE('',#1778,#1779,#1581,.T.);
#2240=EDGE_CURVE('',#1779,#1780,#157,.T.);
#2241=EDGE_CURVE('',#1768,#1780,#1582,.T.);
#2242=EDGE_CURVE('',#1781,#1781,#1583,.T.);
#2243=EDGE_CURVE('',#1781,#1782,#446,.T.);
#2244=EDGE_CURVE('',#1782,#1782,#1584,.T.);
#2245=EDGE_CURVE('',#1783,#1784,#158,.T.);
#2246=EDGE_CURVE('',#1784,#1783,#159,.T.);
#2247=EDGE_CURVE('',#1784,#1781,#447,.T.);
#2248=EDGE_CURVE('',#1785,#1785,#1585,.T.);
#2249=EDGE_CURVE('',#1785,#1786,#448,.T.);
#2250=EDGE_CURVE('',#1786,#1786,#135,.T.);
#2251=EDGE_CURVE('',#1787,#1788,#1586,.T.);
#2252=EDGE_CURVE('',#1787,#1789,#449,.T.);
#2253=EDGE_CURVE('',#1789,#1790,#1587,.T.);
#2254=EDGE_CURVE('',#1790,#1788,#450,.T.);
#2255=EDGE_CURVE('',#1787,#1791,#451,.T.);
#2256=EDGE_CURVE('',#1792,#1791,#452,.T.);
#2257=EDGE_CURVE('',#1789,#1792,#453,.T.);
#2258=EDGE_CURVE('',#1793,#1794,#1588,.T.);
#2259=EDGE_CURVE('',#1793,#1795,#454,.T.);
#2260=EDGE_CURVE('',#1795,#1796,#1589,.T.);
#2261=EDGE_CURVE('',#1796,#1794,#455,.T.);
#2262=EDGE_CURVE('',#1793,#1788,#456,.T.);
#2263=EDGE_CURVE('',#1797,#1794,#457,.T.);
#2264=EDGE_CURVE('',#1797,#1798,#1590,.T.);
#2265=EDGE_CURVE('',#1799,#1798,#458,.T.);
#2266=EDGE_CURVE('',#1799,#1791,#1591,.T.);
#2267=EDGE_CURVE('',#1800,#1796,#459,.T.);
#2268=EDGE_CURVE('',#1797,#1800,#460,.T.);
#2269=EDGE_CURVE('',#1800,#1801,#1592,.T.);
#2270=EDGE_CURVE('',#1801,#1798,#461,.T.);
#2271=EDGE_CURVE('',#1799,#1802,#462,.T.);
#2272=EDGE_CURVE('',#1802,#1792,#1593,.T.);
#2273=EDGE_CURVE('',#1724,#1803,#463,.T.);
#2274=EDGE_CURVE('',#1803,#1803,#1594,.T.);
#2275=EDGE_CURVE('',#1725,#1804,#464,.T.);
#2276=EDGE_CURVE('',#1804,#1804,#1595,.T.);
#2277=EDGE_CURVE('',#1795,#1790,#465,.T.);
#2278=EDGE_CURVE('',#1802,#1801,#466,.T.);
#2279=EDGE_CURVE('',#1805,#1806,#160,.T.);
#2280=EDGE_CURVE('',#1807,#1805,#467,.T.);
#2281=EDGE_CURVE('',#1807,#1808,#161,.T.);
#2282=EDGE_CURVE('',#1809,#1808,#162,.T.);
#2283=EDGE_CURVE('',#1809,#1810,#468,.T.);
#2284=EDGE_CURVE('',#1811,#1810,#163,.T.);
#2285=EDGE_CURVE('',#1812,#1811,#164,.T.);
#2286=EDGE_CURVE('',#1812,#1813,#165,.T.);
#2287=EDGE_CURVE('',#1813,#1814,#469,.T.);
#2288=EDGE_CURVE('',#1815,#1814,#166,.T.);
#2289=EDGE_CURVE('',#1816,#1815,#470,.T.);
#2290=EDGE_CURVE('',#1816,#1817,#1596,.T.);
#2291=EDGE_CURVE('',#1817,#1806,#471,.T.);
#2292=EDGE_CURVE('',#1818,#1818,#1597,.T.);
#2293=EDGE_CURVE('',#1819,#1819,#1598,.T.);
#2294=EDGE_CURVE('',#1820,#1820,#1599,.T.);
#2295=EDGE_CURVE('',#1820,#1821,#472,.T.);
#2296=EDGE_CURVE('',#1821,#1821,#1600,.T.);
#2297=EDGE_CURVE('',#1822,#1823,#1601,.T.);
#2298=EDGE_CURVE('',#1824,#1822,#167,.T.);
#2299=EDGE_CURVE('',#1824,#1821,#473,.T.);
#2300=EDGE_CURVE('',#1823,#1824,#168,.T.);
#2301=EDGE_CURVE('',#1822,#1825,#169,.T.);
#2302=EDGE_CURVE('',#1826,#1825,#170,.T.);
#2303=EDGE_CURVE('',#1826,#1827,#1602,.T.);
#2304=EDGE_CURVE('',#1827,#1828,#171,.T.);
#2305=EDGE_CURVE('',#1829,#1828,#1603,.T.);
#2306=EDGE_CURVE('',#1829,#1823,#172,.T.);
#2307=EDGE_CURVE('',#1820,#1818,#474,.T.);
#2308=EDGE_CURVE('',#1830,#1830,#1604,.T.);
#2309=EDGE_CURVE('',#1830,#1831,#475,.T.);
#2310=EDGE_CURVE('',#1831,#1831,#1605,.T.);
#2311=EDGE_CURVE('',#1832,#1833,#173,.T.);
#2312=EDGE_CURVE('',#1834,#1832,#1606,.T.);
#2313=EDGE_CURVE('',#1833,#1834,#174,.T.);
#2314=EDGE_CURVE('',#1833,#1830,#476,.T.);
#2315=EDGE_CURVE('',#1835,#1835,#1607,.T.);
#2316=EDGE_CURVE('',#1836,#1829,#175,.T.);
#2317=EDGE_CURVE('',#1834,#1836,#176,.T.);
#2318=EDGE_CURVE('',#1837,#1832,#177,.T.);
#2319=EDGE_CURVE('',#1838,#1837,#178,.T.);
#2320=EDGE_CURVE('',#1839,#1838,#179,.T.);
#2321=EDGE_CURVE('',#1840,#1839,#477,.T.);
#2322=EDGE_CURVE('',#1841,#1840,#180,.T.);
#2323=EDGE_CURVE('',#1825,#1841,#181,.T.);
#2324=EDGE_CURVE('',#1835,#1819,#478,.T.);
#2325=EDGE_CURVE('',#1837,#1842,#1608,.T.);
#2326=EDGE_CURVE('',#1842,#1843,#182,.T.);
#2327=EDGE_CURVE('',#1843,#1838,#1609,.T.);
#2328=EDGE_CURVE('',#1843,#1844,#183,.T.);
#2329=EDGE_CURVE('',#1844,#1839,#1610,.T.);
#2330=EDGE_CURVE('',#1845,#1840,#1611,.T.);
#2331=EDGE_CURVE('',#1844,#1845,#479,.T.);
#2332=EDGE_CURVE('',#1845,#1846,#184,.T.);
#2333=EDGE_CURVE('',#1846,#1841,#1612,.T.);
#2334=EDGE_CURVE('',#1847,#1825,#1613,.T.);
#2335=EDGE_CURVE('',#1846,#1847,#185,.T.);
#2336=EDGE_CURVE('',#1848,#1849,#1614,.T.);
#2337=EDGE_CURVE('',#1849,#1842,#186,.T.);
#2338=EDGE_CURVE('',#1837,#1848,#187,.T.);
#2339=EDGE_CURVE('',#1850,#1826,#1615,.T.);
#2340=EDGE_CURVE('',#1847,#1850,#188,.T.);
#2341=EDGE_CURVE('',#1851,#1852,#189,.T.);
#2342=EDGE_CURVE('',#1852,#1853,#190,.T.);
#2343=EDGE_CURVE('',#1853,#1849,#191,.T.);
#2344=EDGE_CURVE('',#1848,#1854,#192,.T.);
#2345=EDGE_CURVE('',#1854,#1855,#193,.T.);
#2346=EDGE_CURVE('',#1855,#1851,#194,.T.);
#2347=EDGE_CURVE('',#1856,#1857,#195,.T.);
#2348=EDGE_CURVE('',#1857,#1826,#196,.T.);
#2349=EDGE_CURVE('',#1850,#1858,#197,.T.);
#2350=EDGE_CURVE('',#1858,#1859,#198,.T.);
#2351=EDGE_CURVE('',#1859,#1860,#199,.T.);
#2352=EDGE_CURVE('',#1860,#1856,#200,.T.);
#2353=EDGE_CURVE('',#1861,#1855,#1616,.T.);
#2354=EDGE_CURVE('',#1861,#1862,#201,.T.);
#2355=EDGE_CURVE('',#1862,#1863,#1617,.T.);
#2356=EDGE_CURVE('',#1863,#1851,#202,.T.);
#2357=EDGE_CURVE('',#1854,#1864,#1618,.T.);
#2358=EDGE_CURVE('',#1864,#1861,#203,.T.);
#2359=EDGE_CURVE('',#1848,#1865,#1619,.T.);
#2360=EDGE_CURVE('',#1865,#1864,#204,.T.);
#2361=EDGE_CURVE('',#1836,#1866,#1620,.T.);
#2362=EDGE_CURVE('',#1866,#1865,#205,.T.);
#2363=EDGE_CURVE('',#1867,#1857,#1621,.T.);
#2364=EDGE_CURVE('',#1867,#1827,#206,.T.);
#2365=EDGE_CURVE('',#1856,#1868,#1622,.T.);
#2366=EDGE_CURVE('',#1868,#1867,#207,.T.);
#2367=EDGE_CURVE('',#1869,#1870,#480,.T.);
#2368=EDGE_CURVE('',#1871,#1869,#1623,.T.);
#2369=EDGE_CURVE('',#1872,#1871,#481,.T.);
#2370=EDGE_CURVE('',#1872,#1870,#208,.T.);
#2371=EDGE_CURVE('',#1871,#1873,#482,.T.);
#2372=EDGE_CURVE('',#1869,#1874,#483,.T.);
#2373=EDGE_CURVE('',#1874,#1873,#1624,.T.);
#2374=EDGE_CURVE('',#1875,#1874,#484,.T.);
#2375=EDGE_CURVE('',#1876,#1875,#209,.T.);
#2376=EDGE_CURVE('',#1873,#1876,#485,.T.);
#2377=EDGE_CURVE('',#1877,#1878,#1625,.T.);
#2378=EDGE_CURVE('',#1878,#1879,#210,.T.);
#2379=EDGE_CURVE('',#1879,#1880,#1626,.T.);
#2380=EDGE_CURVE('',#1880,#1877,#211,.T.);
#2381=EDGE_CURVE('',#1879,#1881,#212,.T.);
#2382=EDGE_CURVE('',#1881,#1882,#1627,.T.);
#2383=EDGE_CURVE('',#1882,#1880,#213,.T.);
#2384=EDGE_CURVE('',#1751,#1882,#214,.T.);
#2385=EDGE_CURVE('',#1881,#1747,#215,.T.);
#2386=EDGE_CURVE('',#1749,#1883,#1628,.T.);
#2387=EDGE_CURVE('',#1883,#1884,#1629,.T.);
#2388=EDGE_CURVE('',#1884,#1750,#1630,.T.);
#2389=EDGE_CURVE('',#1780,#1884,#486,.T.);
#2390=EDGE_CURVE('',#1883,#1885,#487,.T.);
#2391=EDGE_CURVE('',#1885,#1777,#488,.T.);
#2392=EDGE_CURVE('',#1778,#1886,#216,.T.);
#2393=EDGE_CURVE('',#1886,#1887,#1631,.T.);
#2394=EDGE_CURVE('',#1887,#1779,#217,.T.);
#2395=EDGE_CURVE('',#1888,#1889,#1632,.T.);
#2396=EDGE_CURVE('',#1889,#1887,#218,.T.);
#2397=EDGE_CURVE('',#1886,#1888,#219,.T.);
#2398=EDGE_CURVE('',#1890,#1878,#220,.T.);
#2399=EDGE_CURVE('',#1877,#1891,#221,.T.);
#2400=EDGE_CURVE('',#1891,#1890,#1633,.T.);
#2401=EDGE_CURVE('',#1828,#1866,#222,.T.);
#2402=EDGE_CURVE('',#1860,#1892,#223,.T.);
#2403=EDGE_CURVE('',#1892,#1893,#1634,.T.);
#2404=EDGE_CURVE('',#1893,#1868,#224,.T.);
#2405=EDGE_CURVE('',#1892,#1890,#489,.T.);
#2406=EDGE_CURVE('',#1891,#1893,#490,.T.);
#2407=EDGE_CURVE('',#1888,#1894,#225,.T.);
#2408=EDGE_CURVE('',#1894,#1895,#1635,.T.);
#2409=EDGE_CURVE('',#1895,#1889,#226,.T.);
#2410=EDGE_CURVE('',#1894,#1863,#491,.T.);
#2411=EDGE_CURVE('',#1862,#1895,#492,.T.);
#2412=EDGE_CURVE('',#1878,#1896,#493,.T.);
#2413=EDGE_CURVE('',#1748,#1896,#227,.T.);
#2414=EDGE_CURVE('',#1897,#1885,#228,.T.);
#2415=EDGE_CURVE('',#1897,#1888,#494,.T.);
#2416=EDGE_CURVE('',#1895,#1898,#229,.T.);
#2417=EDGE_CURVE('',#1898,#1899,#230,.T.);
#2418=EDGE_CURVE('',#1899,#1900,#231,.T.);
#2419=EDGE_CURVE('',#1900,#1901,#232,.T.);
#2420=EDGE_CURVE('',#1902,#1901,#1636,.T.);
#2421=EDGE_CURVE('',#1902,#1887,#233,.T.);
#2422=EDGE_CURVE('',#1903,#1862,#234,.T.);
#2423=EDGE_CURVE('',#1903,#1904,#235,.T.);
#2424=EDGE_CURVE('',#1904,#1905,#236,.T.);
#2425=EDGE_CURVE('',#1905,#1906,#495,.T.);
#2426=EDGE_CURVE('',#1906,#1907,#237,.T.);
#2427=EDGE_CURVE('',#1907,#1898,#238,.T.);
#2428=EDGE_CURVE('',#1864,#1908,#239,.T.);
#2429=EDGE_CURVE('',#1909,#1908,#1637,.T.);
#2430=EDGE_CURVE('',#1909,#1910,#240,.T.);
#2431=EDGE_CURVE('',#1910,#1911,#241,.T.);
#2432=EDGE_CURVE('',#1911,#1903,#242,.T.);
#2433=EDGE_CURVE('',#1912,#1865,#243,.T.);
#2434=EDGE_CURVE('',#1908,#1912,#496,.T.);
#2435=EDGE_CURVE('',#1866,#1913,#244,.T.);
#2436=EDGE_CURVE('',#1913,#1912,#245,.T.);
#2437=EDGE_CURVE('',#1914,#1828,#246,.T.);
#2438=EDGE_CURVE('',#1913,#1914,#497,.T.);
#2439=EDGE_CURVE('',#1827,#1915,#247,.T.);
#2440=EDGE_CURVE('',#1914,#1915,#248,.T.);
#2441=EDGE_CURVE('',#1916,#1867,#249,.T.);
#2442=EDGE_CURVE('',#1915,#1916,#498,.T.);
#2443=EDGE_CURVE('',#1917,#1918,#1638,.T.);
#2444=EDGE_CURVE('',#1918,#1919,#499,.T.);
#2445=EDGE_CURVE('',#1919,#1920,#1639,.T.);
#2446=EDGE_CURVE('',#1920,#1921,#500,.T.);
#2447=EDGE_CURVE('',#1921,#1917,#136,.T.);
#2448=EDGE_CURVE('',#1922,#1923,#1640,.T.);
#2449=EDGE_CURVE('',#1923,#1920,#250,.T.);
#2450=EDGE_CURVE('',#1919,#1922,#251,.T.);
#2451=EDGE_CURVE('',#1924,#1925,#1641,.T.);
#2452=EDGE_CURVE('',#1925,#1923,#252,.T.);
#2453=EDGE_CURVE('',#1922,#1924,#253,.T.);
#2454=EDGE_CURVE('',#1926,#1927,#254,.T.);
#2455=EDGE_CURVE('',#1927,#1925,#255,.T.);
#2456=EDGE_CURVE('',#1924,#1928,#256,.T.);
#2457=EDGE_CURVE('',#1928,#1926,#257,.T.);
#2458=EDGE_CURVE('',#1929,#1750,#501,.T.);
#2459=EDGE_CURVE('',#1930,#1929,#258,.T.);
#2460=EDGE_CURVE('',#1926,#1930,#259,.T.);
#2461=EDGE_CURVE('',#1751,#1928,#260,.T.);
#2462=EDGE_CURVE('',#1931,#1924,#261,.T.);
#2463=EDGE_CURVE('',#1931,#1882,#262,.T.);
#2464=EDGE_CURVE('',#1922,#1931,#263,.T.);
#2465=EDGE_CURVE('',#1919,#1932,#502,.T.);
#2466=EDGE_CURVE('',#1880,#1932,#264,.T.);
#2467=EDGE_CURVE('',#1933,#1918,#503,.T.);
#2468=EDGE_CURVE('',#1932,#1933,#504,.T.);
#2469=EDGE_CURVE('',#1917,#1934,#505,.T.);
#2470=EDGE_CURVE('',#1934,#1935,#506,.T.);
#2471=EDGE_CURVE('',#1935,#1936,#507,.T.);
#2472=EDGE_CURVE('',#1937,#1936,#508,.T.);
#2473=EDGE_CURVE('',#1938,#1937,#509,.T.);
#2474=EDGE_CURVE('',#1939,#1938,#265,.T.);
#2475=EDGE_CURVE('',#1940,#1939,#510,.T.);
#2476=EDGE_CURVE('',#1941,#1940,#1642,.T.);
#2477=EDGE_CURVE('',#1942,#1941,#511,.T.);
#2478=EDGE_CURVE('',#1933,#1942,#1643,.T.);
#2479=EDGE_CURVE('',#1943,#1944,#137,.T.);
#2480=EDGE_CURVE('',#1944,#1945,#512,.T.);
#2481=EDGE_CURVE('',#1945,#1946,#1644,.T.);
#2482=EDGE_CURVE('',#1946,#1947,#513,.T.);
#2483=EDGE_CURVE('',#1947,#1943,#1645,.T.);
#2484=EDGE_CURVE('',#1948,#1949,#1646,.T.);
#2485=EDGE_CURVE('',#1949,#1946,#266,.T.);
#2486=EDGE_CURVE('',#1945,#1948,#267,.T.);
#2487=EDGE_CURVE('',#1950,#1951,#1647,.T.);
#2488=EDGE_CURVE('',#1951,#1949,#268,.T.);
#2489=EDGE_CURVE('',#1948,#1950,#269,.T.);
#2490=EDGE_CURVE('',#1952,#1953,#270,.T.);
#2491=EDGE_CURVE('',#1953,#1951,#271,.T.);
#2492=EDGE_CURVE('',#1950,#1954,#272,.T.);
#2493=EDGE_CURVE('',#1954,#1952,#273,.T.);
#2494=EDGE_CURVE('',#1955,#1927,#274,.T.);
#2495=EDGE_CURVE('',#1955,#1956,#514,.T.);
#2496=EDGE_CURVE('',#1954,#1956,#275,.T.);
#2497=EDGE_CURVE('',#1945,#1920,#515,.T.);
#2498=EDGE_CURVE('',#1957,#1944,#516,.T.);
#2499=EDGE_CURVE('',#1957,#1958,#1648,.T.);
#2500=EDGE_CURVE('',#1958,#1921,#517,.T.);
#2501=EDGE_CURVE('',#1943,#1959,#518,.T.);
#2502=EDGE_CURVE('',#1959,#1960,#519,.T.);
#2503=EDGE_CURVE('',#1960,#1961,#520,.T.);
#2504=EDGE_CURVE('',#1961,#1962,#521,.T.);
#2505=EDGE_CURVE('',#1962,#1963,#522,.T.);
#2506=EDGE_CURVE('',#1964,#1963,#523,.T.);
#2507=EDGE_CURVE('',#1965,#1964,#524,.T.);
#2508=EDGE_CURVE('',#1966,#1965,#525,.T.);
#2509=EDGE_CURVE('',#1967,#1966,#526,.T.);
#2510=EDGE_CURVE('',#1968,#1967,#527,.T.);
#2511=EDGE_CURVE('',#1969,#1968,#528,.T.);
#2512=EDGE_CURVE('',#1970,#1969,#529,.T.);
#2513=EDGE_CURVE('',#1971,#1970,#530,.T.);
#2514=EDGE_CURVE('',#1972,#1971,#531,.T.);
#2515=EDGE_CURVE('',#1972,#1973,#532,.T.);
#2516=EDGE_CURVE('',#1957,#1973,#533,.T.);
#2517=EDGE_CURVE('',#1947,#1974,#534,.T.);
#2518=EDGE_CURVE('',#1975,#1974,#1649,.T.);
#2519=EDGE_CURVE('',#1975,#1976,#535,.T.);
#2520=EDGE_CURVE('',#1977,#1976,#536,.T.);
#2521=EDGE_CURVE('',#1977,#1959,#537,.T.);
#2522=EDGE_CURVE('',#1902,#1946,#538,.T.);
#2523=EDGE_CURVE('',#1974,#1902,#539,.T.);
#2524=EDGE_CURVE('',#1779,#1978,#276,.T.);
#2525=EDGE_CURVE('',#1978,#1951,#277,.T.);
#2526=EDGE_CURVE('',#1953,#1780,#278,.T.);
#2527=EDGE_CURVE('',#1978,#1949,#279,.T.);
#2528=EDGE_CURVE('',#1979,#1952,#280,.T.);
#2529=EDGE_CURVE('',#1980,#1979,#281,.T.);
#2530=EDGE_CURVE('',#1884,#1980,#540,.T.);
#2531=EDGE_CURVE('',#1956,#1979,#282,.T.);
#2532=EDGE_CURVE('',#1981,#1980,#283,.T.);
#2533=EDGE_CURVE('',#1956,#1981,#284,.T.);
#2534=EDGE_CURVE('',#1982,#1929,#285,.T.);
#2535=EDGE_CURVE('',#1929,#1980,#286,.T.);
#2536=EDGE_CURVE('',#1981,#1982,#287,.T.);
#2537=EDGE_CURVE('',#1955,#1930,#288,.T.);
#2538=EDGE_CURVE('',#1982,#1955,#289,.T.);
#2539=EDGE_CURVE('',#1817,#1749,#541,.T.);
#2540=EDGE_CURVE('',#1806,#1748,#290,.T.);
#2541=EDGE_CURVE('',#1885,#1815,#291,.T.);
#2542=EDGE_CURVE('',#1816,#1883,#542,.T.);
#2543=EDGE_CURVE('',#1983,#1870,#292,.T.);
#2544=EDGE_CURVE('',#1983,#1984,#543,.T.);
#2545=EDGE_CURVE('',#1875,#1984,#293,.T.);
#2546=EDGE_CURVE('',#1896,#1805,#544,.T.);
#2547=EDGE_CURVE('',#1985,#1986,#545,.T.);
#2548=EDGE_CURVE('',#1987,#1985,#546,.T.);
#2549=EDGE_CURVE('',#1988,#1987,#547,.T.);
#2550=EDGE_CURVE('',#1986,#1988,#548,.T.);
#2551=EDGE_CURVE('',#1989,#1987,#1650,.T.);
#2552=EDGE_CURVE('',#1990,#1989,#549,.T.);
#2553=EDGE_CURVE('',#1990,#1991,#550,.T.);
#2554=EDGE_CURVE('',#1991,#1992,#1651,.T.);
#2555=EDGE_CURVE('',#1992,#1993,#1652,.F.);
#2556=EDGE_CURVE('',#1993,#1994,#551,.T.);
#2557=EDGE_CURVE('',#1994,#1995,#1653,.T.);
#2558=EDGE_CURVE('',#1995,#1996,#552,.T.);
#2559=EDGE_CURVE('',#1996,#1997,#1654,.F.);
#2560=EDGE_CURVE('',#1997,#1971,#1655,.T.);
#2561=EDGE_CURVE('',#1998,#1970,#553,.T.);
#2562=EDGE_CURVE('',#1988,#1998,#1656,.T.);
#2563=EDGE_CURVE('',#1999,#1985,#1657,.T.);
#2564=EDGE_CURVE('',#1999,#1989,#554,.T.);
#2565=EDGE_CURVE('',#1938,#2000,#294,.T.);
#2566=EDGE_CURVE('',#2000,#1914,#295,.T.);
#2567=EDGE_CURVE('',#1915,#1939,#296,.T.);
#2568=EDGE_CURVE('',#2001,#2000,#555,.T.);
#2569=EDGE_CURVE('',#2002,#2001,#1658,.T.);
#2570=EDGE_CURVE('',#2002,#2003,#556,.T.);
#2571=EDGE_CURVE('',#1913,#2003,#297,.T.);
#2572=EDGE_CURVE('',#2004,#1937,#557,.T.);
#2573=EDGE_CURVE('',#2004,#2005,#558,.T.);
#2574=EDGE_CURVE('',#2006,#2005,#559,.T.);
#2575=EDGE_CURVE('',#2007,#2006,#560,.T.);
#2576=EDGE_CURVE('',#2008,#2007,#561,.T.);
#2577=EDGE_CURVE('',#2008,#2009,#562,.T.);
#2578=EDGE_CURVE('',#2009,#2010,#563,.T.);
#2579=EDGE_CURVE('',#2010,#2011,#564,.T.);
#2580=EDGE_CURVE('',#2012,#2011,#565,.T.);
#2581=EDGE_CURVE('',#2012,#2013,#566,.T.);
#2582=EDGE_CURVE('',#2013,#2014,#567,.T.);
#2583=EDGE_CURVE('',#2014,#2015,#568,.T.);
#2584=EDGE_CURVE('',#2016,#2015,#569,.T.);
#2585=EDGE_CURVE('',#2017,#2016,#570,.T.);
#2586=EDGE_CURVE('',#2001,#2017,#571,.T.);
#2587=EDGE_CURVE('',#2018,#2019,#298,.T.);
#2588=EDGE_CURVE('',#2019,#1912,#299,.T.);
#2589=EDGE_CURVE('',#2003,#2018,#300,.T.);
#2590=EDGE_CURVE('',#2002,#2020,#572,.T.);
#2591=EDGE_CURVE('',#2021,#2020,#573,.T.);
#2592=EDGE_CURVE('',#2021,#2022,#574,.T.);
#2593=EDGE_CURVE('',#2022,#2023,#575,.T.);
#2594=EDGE_CURVE('',#2023,#2024,#576,.T.);
#2595=EDGE_CURVE('',#2024,#2025,#577,.T.);
#2596=EDGE_CURVE('',#2025,#2026,#578,.T.);
#2597=EDGE_CURVE('',#2026,#2027,#579,.T.);
#2598=EDGE_CURVE('',#2027,#2028,#580,.T.);
#2599=EDGE_CURVE('',#2028,#2029,#581,.T.);
#2600=EDGE_CURVE('',#2029,#2030,#582,.T.);
#2601=EDGE_CURVE('',#2031,#2030,#583,.T.);
#2602=EDGE_CURVE('',#2032,#2031,#584,.T.);
#2603=EDGE_CURVE('',#2033,#2032,#585,.T.);
#2604=EDGE_CURVE('',#2034,#2033,#586,.T.);
#2605=EDGE_CURVE('',#2018,#2034,#587,.T.);
#2606=EDGE_CURVE('',#2035,#2035,#1659,.T.);
#2607=EDGE_CURVE('',#2035,#2036,#588,.T.);
#2608=EDGE_CURVE('',#2036,#2036,#1660,.T.);
#2609=EDGE_CURVE('',#2037,#2037,#1661,.T.);
#2610=EDGE_CURVE('',#2037,#2038,#589,.T.);
#2611=EDGE_CURVE('',#2038,#2038,#1662,.T.);
#2612=EDGE_CURVE('',#2039,#2039,#1663,.T.);
#2613=EDGE_CURVE('',#2039,#2040,#590,.T.);
#2614=EDGE_CURVE('',#2040,#2040,#1664,.T.);
#2615=EDGE_CURVE('',#2041,#2041,#1665,.T.);
#2616=EDGE_CURVE('',#2041,#2042,#591,.T.);
#2617=EDGE_CURVE('',#2042,#2042,#1666,.T.);
#2618=EDGE_CURVE('',#2043,#2044,#592,.T.);
#2619=EDGE_CURVE('',#2043,#2045,#593,.T.);
#2620=EDGE_CURVE('',#2045,#2046,#594,.T.);
#2621=EDGE_CURVE('',#2046,#2047,#301,.T.);
#2622=EDGE_CURVE('',#2047,#2048,#302,.T.);
#2623=EDGE_CURVE('',#2048,#2049,#303,.T.);
#2624=EDGE_CURVE('',#2049,#2050,#304,.T.);
#2625=EDGE_CURVE('',#2051,#2050,#595,.T.);
#2626=EDGE_CURVE('',#2052,#2051,#305,.T.);
#2627=EDGE_CURVE('',#2053,#2052,#306,.T.);
#2628=EDGE_CURVE('',#2054,#2053,#307,.T.);
#2629=EDGE_CURVE('',#2044,#2054,#308,.T.);
#2630=EDGE_CURVE('',#2055,#1976,#596,.T.);
#2631=EDGE_CURVE('',#2056,#2055,#309,.T.);
#2632=EDGE_CURVE('',#2057,#2056,#310,.T.);
#2633=EDGE_CURVE('',#2058,#2057,#311,.T.);
#2634=EDGE_CURVE('',#2059,#2058,#312,.T.);
#2635=EDGE_CURVE('',#2060,#2059,#597,.T.);
#2636=EDGE_CURVE('',#2060,#2061,#313,.T.);
#2637=EDGE_CURVE('',#2061,#2062,#314,.T.);
#2638=EDGE_CURVE('',#2062,#2063,#315,.T.);
#2639=EDGE_CURVE('',#2063,#2064,#316,.T.);
#2640=EDGE_CURVE('',#2064,#1977,#598,.T.);
#2641=EDGE_CURVE('',#1932,#2065,#1667,.T.);
#2642=EDGE_CURVE('',#2065,#1891,#317,.T.);
#2643=EDGE_CURVE('',#1942,#2065,#599,.T.);
#2644=EDGE_CURVE('',#2066,#1941,#600,.T.);
#2645=EDGE_CURVE('',#1893,#2066,#318,.T.);
#2646=EDGE_CURVE('',#2066,#1916,#1668,.T.);
#2647=EDGE_CURVE('',#1940,#1916,#601,.T.);
#2648=EDGE_CURVE('',#2067,#2068,#602,.T.);
#2649=EDGE_CURVE('',#2068,#1935,#603,.T.);
#2650=EDGE_CURVE('',#2069,#1934,#604,.T.);
#2651=EDGE_CURVE('',#1960,#2069,#1669,.T.);
#2652=EDGE_CURVE('',#2064,#2067,#605,.T.);
#2653=EDGE_CURVE('',#2067,#2070,#319,.T.);
#2654=EDGE_CURVE('',#2070,#2071,#320,.T.);
#2655=EDGE_CURVE('',#2072,#2071,#606,.T.);
#2656=EDGE_CURVE('',#2072,#2068,#321,.T.);
#2657=EDGE_CURVE('',#2071,#2073,#322,.T.);
#2658=EDGE_CURVE('',#2073,#2074,#323,.T.);
#2659=EDGE_CURVE('',#2074,#2075,#324,.T.);
#2660=EDGE_CURVE('',#2075,#1983,#325,.T.);
#2661=EDGE_CURVE('',#1872,#2076,#326,.T.);
#2662=EDGE_CURVE('',#2076,#2072,#327,.T.);
#2663=EDGE_CURVE('',#2077,#2078,#328,.T.);
#2664=EDGE_CURVE('',#2078,#2079,#329,.T.);
#2665=EDGE_CURVE('',#2080,#2079,#607,.T.);
#2666=EDGE_CURVE('',#2080,#2081,#330,.T.);
#2667=EDGE_CURVE('',#2081,#1876,#331,.T.);
#2668=EDGE_CURVE('',#1984,#2082,#332,.T.);
#2669=EDGE_CURVE('',#2082,#2077,#333,.T.);
#2670=EDGE_CURVE('',#2079,#2083,#334,.T.);
#2671=EDGE_CURVE('',#2083,#2084,#335,.T.);
#2672=EDGE_CURVE('',#2084,#2085,#608,.T.);
#2673=EDGE_CURVE('',#2085,#2080,#336,.T.);
#2674=EDGE_CURVE('',#1936,#2085,#609,.T.);
#2675=EDGE_CURVE('',#2086,#2087,#1670,.F.);
#2676=EDGE_CURVE('',#2088,#2086,#610,.T.);
#2677=EDGE_CURVE('',#2089,#2088,#1671,.F.);
#2678=EDGE_CURVE('',#2087,#2089,#611,.T.);
#2679=EDGE_CURVE('',#2090,#2089,#612,.T.);
#2680=EDGE_CURVE('',#2091,#2090,#613,.T.);
#2681=EDGE_CURVE('',#2091,#2087,#614,.T.);
#2682=EDGE_CURVE('',#2092,#2093,#1672,.F.);
#2683=EDGE_CURVE('',#2094,#2092,#615,.T.);
#2684=EDGE_CURVE('',#2095,#2094,#1673,.F.);
#2685=EDGE_CURVE('',#2093,#2095,#616,.T.);
#2686=EDGE_CURVE('',#2095,#2096,#617,.T.);
#2687=EDGE_CURVE('',#2096,#2097,#618,.T.);
#2688=EDGE_CURVE('',#2093,#2097,#619,.T.);
#2689=EDGE_CURVE('',#2098,#1965,#620,.T.);
#2690=EDGE_CURVE('',#2099,#2098,#621,.T.);
#2691=EDGE_CURVE('',#2099,#1966,#622,.T.);
#2692=EDGE_CURVE('',#1964,#2086,#1674,.T.);
#2693=EDGE_CURVE('',#2096,#2091,#1675,.T.);
#2694=EDGE_CURVE('',#2094,#2100,#1676,.T.);
#2695=EDGE_CURVE('',#2100,#2101,#623,.T.);
#2696=EDGE_CURVE('',#2101,#2102,#624,.T.);
#2697=EDGE_CURVE('',#2102,#2098,#1677,.T.);
#2698=EDGE_CURVE('',#2103,#2102,#625,.T.);
#2699=EDGE_CURVE('',#2103,#2099,#1678,.T.);
#2700=EDGE_CURVE('',#2097,#2090,#1679,.T.);
#2701=EDGE_CURVE('',#2101,#2104,#626,.T.);
#2702=EDGE_CURVE('',#2104,#2103,#627,.T.);
#2703=EDGE_CURVE('',#2104,#2105,#628,.T.);
#2704=EDGE_CURVE('',#2105,#2092,#1680,.T.);
#2705=EDGE_CURVE('',#2088,#1967,#1681,.T.);
#2706=EDGE_CURVE('',#2106,#2107,#1682,.F.);
#2707=EDGE_CURVE('',#1997,#2106,#629,.T.);
#2708=EDGE_CURVE('',#2107,#1996,#630,.T.);
#2709=EDGE_CURVE('',#1995,#2108,#631,.T.);
#2710=EDGE_CURVE('',#2108,#2107,#632,.T.);
#2711=EDGE_CURVE('',#2109,#1992,#633,.T.);
#2712=EDGE_CURVE('',#2110,#2109,#1683,.F.);
#2713=EDGE_CURVE('',#1993,#2110,#634,.T.);
#2714=EDGE_CURVE('',#2110,#2111,#635,.T.);
#2715=EDGE_CURVE('',#1994,#2111,#636,.T.);
#2716=EDGE_CURVE('',#2112,#1969,#637,.T.);
#2717=EDGE_CURVE('',#2112,#1998,#638,.T.);
#2718=EDGE_CURVE('',#1986,#2112,#1684,.T.);
#2719=EDGE_CURVE('',#1968,#2106,#1685,.T.);
#2720=EDGE_CURVE('',#2111,#2108,#1686,.T.);
#2721=EDGE_CURVE('',#2109,#2113,#1687,.T.);
#2722=EDGE_CURVE('',#2113,#2114,#639,.T.);
#2723=EDGE_CURVE('',#2114,#1999,#640,.T.);
#2724=EDGE_CURVE('',#2114,#1990,#641,.T.);
#2725=EDGE_CURVE('',#1958,#2115,#642,.T.);
#2726=EDGE_CURVE('',#2115,#2116,#643,.T.);
#2727=EDGE_CURVE('',#2116,#1991,#644,.T.);
#2728=EDGE_CURVE('',#2113,#2105,#645,.T.);
#2729=EDGE_CURVE('',#2100,#2117,#646,.T.);
#2730=EDGE_CURVE('',#2117,#2118,#647,.T.);
#2731=EDGE_CURVE('',#2118,#2119,#648,.T.);
#2732=EDGE_CURVE('',#2069,#2119,#649,.T.);
#2733=EDGE_CURVE('',#1963,#2117,#1688,.T.);
#2734=EDGE_CURVE('',#2118,#1962,#1689,.T.);
#2735=EDGE_CURVE('',#2119,#1961,#1690,.T.);
#2736=EDGE_CURVE('',#1973,#2115,#1691,.T.);
#2737=EDGE_CURVE('',#1972,#2116,#1692,.T.);
#2738=EDGE_CURVE('',#1845,#1809,#337,.T.);
#2739=EDGE_CURVE('',#1808,#1846,#338,.T.);
#2740=EDGE_CURVE('',#1810,#1844,#339,.T.);
#2741=EDGE_CURVE('',#1859,#1807,#650,.T.);
#2742=EDGE_CURVE('',#2120,#2121,#1693,.F.);
#2743=EDGE_CURVE('',#2121,#2122,#651,.T.);
#2744=EDGE_CURVE('',#2122,#2123,#1694,.F.);
#2745=EDGE_CURVE('',#2123,#2120,#652,.T.);
#2746=EDGE_CURVE('',#2124,#2121,#653,.T.);
#2747=EDGE_CURVE('',#2124,#2125,#654,.T.);
#2748=EDGE_CURVE('',#2125,#2122,#655,.T.);
#2749=EDGE_CURVE('',#2126,#2127,#1695,.F.);
#2750=EDGE_CURVE('',#2127,#2128,#656,.T.);
#2751=EDGE_CURVE('',#2128,#2129,#1696,.F.);
#2752=EDGE_CURVE('',#2129,#2126,#657,.T.);
#2753=EDGE_CURVE('',#2127,#2130,#658,.T.);
#2754=EDGE_CURVE('',#2131,#2130,#659,.T.);
#2755=EDGE_CURVE('',#2128,#2131,#660,.T.);
#2756=EDGE_CURVE('',#2132,#2027,#661,.T.);
#2757=EDGE_CURVE('',#2132,#2133,#662,.T.);
#2758=EDGE_CURVE('',#2133,#2028,#663,.T.);
#2759=EDGE_CURVE('',#2134,#2133,#1697,.T.);
#2760=EDGE_CURVE('',#2009,#2134,#664,.T.);
#2761=EDGE_CURVE('',#2129,#2008,#1698,.T.);
#2762=EDGE_CURVE('',#2131,#2124,#1699,.T.);
#2763=EDGE_CURVE('',#2029,#2120,#1700,.T.);
#2764=EDGE_CURVE('',#2135,#2134,#665,.T.);
#2765=EDGE_CURVE('',#2135,#2132,#1701,.T.);
#2766=EDGE_CURVE('',#2130,#2125,#1702,.T.);
#2767=EDGE_CURVE('',#2010,#2135,#666,.T.);
#2768=EDGE_CURVE('',#2123,#2026,#1703,.T.);
#2769=EDGE_CURVE('',#2011,#2126,#1704,.T.);
#2770=EDGE_CURVE('',#2136,#2137,#1705,.F.);
#2771=EDGE_CURVE('',#2137,#2138,#667,.T.);
#2772=EDGE_CURVE('',#2138,#2139,#1706,.F.);
#2773=EDGE_CURVE('',#2139,#2136,#668,.T.);
#2774=EDGE_CURVE('',#2140,#2137,#669,.T.);
#2775=EDGE_CURVE('',#2141,#2140,#670,.T.);
#2776=EDGE_CURVE('',#2141,#2138,#671,.T.);
#2777=EDGE_CURVE('',#2142,#2143,#1707,.F.);
#2778=EDGE_CURVE('',#2143,#2144,#672,.T.);
#2779=EDGE_CURVE('',#2144,#2145,#1708,.F.);
#2780=EDGE_CURVE('',#2145,#2142,#673,.T.);
#2781=EDGE_CURVE('',#2143,#2146,#674,.T.);
#2782=EDGE_CURVE('',#2146,#2147,#675,.T.);
#2783=EDGE_CURVE('',#2144,#2147,#676,.T.);
#2784=EDGE_CURVE('',#2148,#2023,#677,.T.);
#2785=EDGE_CURVE('',#2149,#2148,#678,.T.);
#2786=EDGE_CURVE('',#2149,#2024,#679,.T.);
#2787=EDGE_CURVE('',#2150,#2149,#1709,.T.);
#2788=EDGE_CURVE('',#2013,#2150,#680,.T.);
#2789=EDGE_CURVE('',#2145,#2012,#1710,.T.);
#2790=EDGE_CURVE('',#2147,#2140,#1711,.T.);
#2791=EDGE_CURVE('',#2025,#2136,#1712,.T.);
#2792=EDGE_CURVE('',#2150,#2151,#681,.T.);
#2793=EDGE_CURVE('',#2014,#2151,#682,.T.);
#2794=EDGE_CURVE('',#2151,#2148,#1713,.T.);
#2795=EDGE_CURVE('',#2146,#2141,#1714,.T.);
#2796=EDGE_CURVE('',#2139,#2022,#1715,.T.);
#2797=EDGE_CURVE('',#2015,#2142,#1716,.T.);
#2798=EDGE_CURVE('',#2006,#2031,#1717,.T.);
#2799=EDGE_CURVE('',#2030,#2007,#1718,.T.);
#2800=EDGE_CURVE('',#2005,#2032,#1719,.T.);
#2801=EDGE_CURVE('',#2033,#2004,#1720,.T.);
#2802=EDGE_CURVE('',#2020,#2017,#1721,.T.);
#2803=EDGE_CURVE('',#2021,#2016,#1722,.T.);
#2804=EDGE_CURVE('',#2045,#2034,#683,.T.);
#2805=EDGE_CURVE('',#2046,#2084,#684,.T.);
#2806=EDGE_CURVE('',#2071,#2073,#340,.T.);
#2807=EDGE_CURVE('',#2078,#2079,#341,.T.);
#2808=EDGE_CURVE('',#2047,#2079,#685,.T.);
#2809=EDGE_CURVE('',#2048,#2078,#686,.T.);
#2810=EDGE_CURVE('',#2078,#2082,#342,.T.);
#2811=EDGE_CURVE('',#2082,#2152,#343,.T.);
#2812=EDGE_CURVE('',#2049,#2152,#687,.T.);
#2813=EDGE_CURVE('',#2152,#2153,#344,.T.);
#2814=EDGE_CURVE('',#2050,#2153,#688,.T.);
#2815=EDGE_CURVE('',#2060,#2154,#689,.T.);
#2816=EDGE_CURVE('',#2154,#2155,#345,.T.);
#2817=EDGE_CURVE('',#2061,#2155,#690,.T.);
#2818=EDGE_CURVE('',#2155,#2075,#346,.T.);
#2819=EDGE_CURVE('',#2075,#2073,#347,.T.);
#2820=EDGE_CURVE('',#2062,#2073,#691,.T.);
#2821=EDGE_CURVE('',#2063,#2071,#692,.T.);
#2822=EDGE_CURVE('',#1983,#2154,#693,.T.);
#2823=EDGE_CURVE('',#2153,#1984,#694,.T.);
#2824=EDGE_CURVE('',#2043,#2156,#695,.T.);
#2825=EDGE_CURVE('',#2157,#2156,#1723,.T.);
#2826=EDGE_CURVE('',#2019,#2157,#696,.T.);
#2827=EDGE_CURVE('',#1843,#1812,#348,.T.);
#2828=EDGE_CURVE('',#2158,#1909,#349,.T.);
#2829=EDGE_CURVE('',#2158,#2044,#697,.T.);
#2830=EDGE_CURVE('',#1910,#2054,#698,.T.);
#2831=EDGE_CURVE('',#1911,#2053,#699,.T.);
#2832=EDGE_CURVE('',#1904,#2052,#700,.T.);
#2833=EDGE_CURVE('',#1901,#1975,#701,.T.);
#2834=EDGE_CURVE('',#1901,#2055,#702,.T.);
#2835=EDGE_CURVE('',#1905,#2051,#703,.T.);
#2836=EDGE_CURVE('',#1906,#2059,#704,.T.);
#2837=EDGE_CURVE('',#2156,#2158,#705,.T.);
#2838=EDGE_CURVE('',#1900,#2056,#706,.T.);
#2839=EDGE_CURVE('',#1899,#2057,#707,.T.);
#2840=EDGE_CURVE('',#1907,#2058,#708,.T.);
#2841=EDGE_CURVE('',#1908,#2157,#709,.T.);
#2842=EDGE_CURVE('',#1814,#1897,#710,.T.);
#2843=EDGE_CURVE('',#1813,#1852,#711,.T.);
#2844=ORIENTED_EDGE('',*,*,#2159,.F.);
#2845=ORIENTED_EDGE('',*,*,#2160,.F.);
#2846=ORIENTED_EDGE('',*,*,#2161,.T.);
#2847=ORIENTED_EDGE('',*,*,#2162,.T.);
#2848=ORIENTED_EDGE('',*,*,#2163,.T.);
#2849=ORIENTED_EDGE('',*,*,#2162,.F.);
#2850=ORIENTED_EDGE('',*,*,#2164,.F.);
#2851=ORIENTED_EDGE('',*,*,#2165,.F.);
#2852=ORIENTED_EDGE('',*,*,#2166,.T.);
#2853=ORIENTED_EDGE('',*,*,#2163,.F.);
#2854=ORIENTED_EDGE('',*,*,#2166,.F.);
#2855=ORIENTED_EDGE('',*,*,#2167,.T.);
#2856=ORIENTED_EDGE('',*,*,#2168,.T.);
#2857=ORIENTED_EDGE('',*,*,#2169,.T.);
#2858=ORIENTED_EDGE('',*,*,#2168,.F.);
#2859=ORIENTED_EDGE('',*,*,#2170,.F.);
#2860=ORIENTED_EDGE('',*,*,#2171,.F.);
#2861=ORIENTED_EDGE('',*,*,#2172,.T.);
#2862=ORIENTED_EDGE('',*,*,#2169,.F.);
#2863=ORIENTED_EDGE('',*,*,#2172,.F.);
#2864=ORIENTED_EDGE('',*,*,#2173,.F.);
#2865=ORIENTED_EDGE('',*,*,#2174,.T.);
#2866=ORIENTED_EDGE('',*,*,#2175,.T.);
#2867=ORIENTED_EDGE('',*,*,#2176,.T.);
#2868=ORIENTED_EDGE('',*,*,#2175,.F.);
#2869=ORIENTED_EDGE('',*,*,#2177,.F.);
#2870=ORIENTED_EDGE('',*,*,#2178,.F.);
#2871=ORIENTED_EDGE('',*,*,#2179,.T.);
#2872=ORIENTED_EDGE('',*,*,#2176,.F.);
#2873=ORIENTED_EDGE('',*,*,#2179,.F.);
#2874=ORIENTED_EDGE('',*,*,#2180,.T.);
#2875=ORIENTED_EDGE('',*,*,#2181,.T.);
#2876=ORIENTED_EDGE('',*,*,#2182,.T.);
#2877=ORIENTED_EDGE('',*,*,#2181,.F.);
#2878=ORIENTED_EDGE('',*,*,#2183,.F.);
#2879=ORIENTED_EDGE('',*,*,#2184,.F.);
#2880=ORIENTED_EDGE('',*,*,#2185,.T.);
#2881=ORIENTED_EDGE('',*,*,#2182,.F.);
#2882=ORIENTED_EDGE('',*,*,#2185,.F.);
#2883=ORIENTED_EDGE('',*,*,#2174,.F.);
#2884=ORIENTED_EDGE('',*,*,#2186,.T.);
#2885=ORIENTED_EDGE('',*,*,#2187,.F.);
#2886=ORIENTED_EDGE('',*,*,#2186,.F.);
#2887=ORIENTED_EDGE('',*,*,#2180,.F.);
#2888=ORIENTED_EDGE('',*,*,#2188,.T.);
#2889=ORIENTED_EDGE('',*,*,#2189,.F.);
#2890=ORIENTED_EDGE('',*,*,#2188,.F.);
#2891=ORIENTED_EDGE('',*,*,#2161,.F.);
#2892=ORIENTED_EDGE('',*,*,#2190,.T.);
#2893=ORIENTED_EDGE('',*,*,#2191,.F.);
#2894=ORIENTED_EDGE('',*,*,#2190,.F.);
#2895=ORIENTED_EDGE('',*,*,#2167,.F.);
#2896=ORIENTED_EDGE('',*,*,#2192,.T.);
#2897=ORIENTED_EDGE('',*,*,#2193,.F.);
#2898=ORIENTED_EDGE('',*,*,#2192,.F.);
#2899=ORIENTED_EDGE('',*,*,#2173,.T.);
#2900=ORIENTED_EDGE('',*,*,#2171,.T.);
#2901=ORIENTED_EDGE('',*,*,#2194,.F.);
#2902=ORIENTED_EDGE('',*,*,#2195,.T.);
#2903=ORIENTED_EDGE('',*,*,#2196,.T.);
#2904=ORIENTED_EDGE('',*,*,#2197,.T.);
#2905=ORIENTED_EDGE('',*,*,#2198,.T.);
#2906=ORIENTED_EDGE('',*,*,#2199,.F.);
#2907=ORIENTED_EDGE('',*,*,#2164,.T.);
#2908=ORIENTED_EDGE('',*,*,#2165,.T.);
#2909=ORIENTED_EDGE('',*,*,#2200,.T.);
#2910=ORIENTED_EDGE('',*,*,#2201,.T.);
#2911=ORIENTED_EDGE('',*,*,#2202,.T.);
#2912=ORIENTED_EDGE('',*,*,#2201,.F.);
#2913=ORIENTED_EDGE('',*,*,#2203,.F.);
#2914=ORIENTED_EDGE('',*,*,#2204,.F.);
#2915=ORIENTED_EDGE('',*,*,#2205,.T.);
#2916=ORIENTED_EDGE('',*,*,#2200,.F.);
#2917=ORIENTED_EDGE('',*,*,#2205,.F.);
#2918=ORIENTED_EDGE('',*,*,#2202,.F.);
#2919=ORIENTED_EDGE('',*,*,#2206,.T.);
#2920=ORIENTED_EDGE('',*,*,#2207,.T.);
#2921=ORIENTED_EDGE('',*,*,#2208,.T.);
#2922=ORIENTED_EDGE('',*,*,#2209,.T.);
#2923=ORIENTED_EDGE('',*,*,#2208,.F.);
#2924=ORIENTED_EDGE('',*,*,#2210,.F.);
#2925=ORIENTED_EDGE('',*,*,#2211,.F.);
#2926=ORIENTED_EDGE('',*,*,#2212,.T.);
#2927=ORIENTED_EDGE('',*,*,#2207,.F.);
#2928=ORIENTED_EDGE('',*,*,#2212,.F.);
#2929=ORIENTED_EDGE('',*,*,#2209,.F.);
#2930=ORIENTED_EDGE('',*,*,#2213,.T.);
#2931=ORIENTED_EDGE('',*,*,#2206,.F.);
#2932=ORIENTED_EDGE('',*,*,#2214,.T.);
#2933=ORIENTED_EDGE('',*,*,#2215,.F.);
#2934=ORIENTED_EDGE('',*,*,#2214,.F.);
#2935=ORIENTED_EDGE('',*,*,#2213,.F.);
#2936=ORIENTED_EDGE('',*,*,#2216,.T.);
#2937=ORIENTED_EDGE('',*,*,#2217,.F.);
#2938=ORIENTED_EDGE('',*,*,#2216,.F.);
#2939=ORIENTED_EDGE('',*,*,#2218,.T.);
#2940=ORIENTED_EDGE('',*,*,#2219,.T.);
#2941=ORIENTED_EDGE('',*,*,#2220,.T.);
#2942=ORIENTED_EDGE('',*,*,#2219,.F.);
#2943=ORIENTED_EDGE('',*,*,#2221,.F.);
#2944=ORIENTED_EDGE('',*,*,#2222,.F.);
#2945=ORIENTED_EDGE('',*,*,#2223,.F.);
#2946=ORIENTED_EDGE('',*,*,#2224,.T.);
#2947=ORIENTED_EDGE('',*,*,#2218,.F.);
#2948=ORIENTED_EDGE('',*,*,#2224,.F.);
#2949=ORIENTED_EDGE('',*,*,#2220,.F.);
#2950=ORIENTED_EDGE('',*,*,#2225,.T.);
#2951=ORIENTED_EDGE('',*,*,#2226,.T.);
#2952=ORIENTED_EDGE('',*,*,#2227,.T.);
#2953=ORIENTED_EDGE('',*,*,#2228,.T.);
#2954=ORIENTED_EDGE('',*,*,#2227,.F.);
#2955=ORIENTED_EDGE('',*,*,#2229,.F.);
#2956=ORIENTED_EDGE('',*,*,#2230,.F.);
#2957=ORIENTED_EDGE('',*,*,#2231,.T.);
#2958=ORIENTED_EDGE('',*,*,#2226,.F.);
#2959=ORIENTED_EDGE('',*,*,#2231,.F.);
#2960=ORIENTED_EDGE('',*,*,#2228,.F.);
#2961=ORIENTED_EDGE('',*,*,#2232,.T.);
#2962=ORIENTED_EDGE('',*,*,#2232,.F.);
#2963=ORIENTED_EDGE('',*,*,#2233,.T.);
#2964=ORIENTED_EDGE('',*,*,#2234,.F.);
#2965=ORIENTED_EDGE('',*,*,#2233,.F.);
#2966=ORIENTED_EDGE('',*,*,#2225,.F.);
#2967=ORIENTED_EDGE('',*,*,#2235,.T.);
#2968=ORIENTED_EDGE('',*,*,#2236,.F.);
#2969=ORIENTED_EDGE('',*,*,#2235,.F.);
#2970=ORIENTED_EDGE('',*,*,#2222,.T.);
#2971=ORIENTED_EDGE('',*,*,#2237,.F.);
#2972=ORIENTED_EDGE('',*,*,#2238,.T.);
#2973=ORIENTED_EDGE('',*,*,#2239,.T.);
#2974=ORIENTED_EDGE('',*,*,#2240,.T.);
#2975=ORIENTED_EDGE('',*,*,#2241,.F.);
#2976=ORIENTED_EDGE('',*,*,#2242,.T.);
#2977=ORIENTED_EDGE('',*,*,#2243,.T.);
#2978=ORIENTED_EDGE('',*,*,#2244,.T.);
#2979=ORIENTED_EDGE('',*,*,#2243,.F.);
#2980=ORIENTED_EDGE('',*,*,#2245,.F.);
#2981=ORIENTED_EDGE('',*,*,#2246,.F.);
#2982=ORIENTED_EDGE('',*,*,#2247,.T.);
#2983=ORIENTED_EDGE('',*,*,#2242,.F.);
#2984=ORIENTED_EDGE('',*,*,#2247,.F.);
#2985=ORIENTED_EDGE('',*,*,#2244,.F.);
#2986=ORIENTED_EDGE('',*,*,#2248,.F.);
#2987=ORIENTED_EDGE('',*,*,#2248,.T.);
#2988=ORIENTED_EDGE('',*,*,#2249,.T.);
#2989=ORIENTED_EDGE('',*,*,#2250,.F.);
#2990=ORIENTED_EDGE('',*,*,#2249,.F.);
#2991=ORIENTED_EDGE('',*,*,#2251,.F.);
#2992=ORIENTED_EDGE('',*,*,#2252,.T.);
#2993=ORIENTED_EDGE('',*,*,#2253,.T.);
#2994=ORIENTED_EDGE('',*,*,#2254,.T.);
#2995=ORIENTED_EDGE('',*,*,#2252,.F.);
#2996=ORIENTED_EDGE('',*,*,#2255,.T.);
#2997=ORIENTED_EDGE('',*,*,#2256,.F.);
#2998=ORIENTED_EDGE('',*,*,#2257,.F.);
#2999=ORIENTED_EDGE('',*,*,#2258,.F.);
#3000=ORIENTED_EDGE('',*,*,#2259,.T.);
#3001=ORIENTED_EDGE('',*,*,#2260,.T.);
#3002=ORIENTED_EDGE('',*,*,#2261,.T.);
#3003=ORIENTED_EDGE('',*,*,#2251,.T.);
#3004=ORIENTED_EDGE('',*,*,#2262,.F.);
#3005=ORIENTED_EDGE('',*,*,#2258,.T.);
#3006=ORIENTED_EDGE('',*,*,#2263,.F.);
#3007=ORIENTED_EDGE('',*,*,#2264,.T.);
#3008=ORIENTED_EDGE('',*,*,#2265,.F.);
#3009=ORIENTED_EDGE('',*,*,#2266,.T.);
#3010=ORIENTED_EDGE('',*,*,#2255,.F.);
#3011=ORIENTED_EDGE('',*,*,#2261,.F.);
#3012=ORIENTED_EDGE('',*,*,#2267,.F.);
#3013=ORIENTED_EDGE('',*,*,#2268,.F.);
#3014=ORIENTED_EDGE('',*,*,#2263,.T.);
#3015=ORIENTED_EDGE('',*,*,#2264,.F.);
#3016=ORIENTED_EDGE('',*,*,#2268,.T.);
#3017=ORIENTED_EDGE('',*,*,#2269,.T.);
#3018=ORIENTED_EDGE('',*,*,#2270,.T.);
#3019=ORIENTED_EDGE('',*,*,#2266,.F.);
#3020=ORIENTED_EDGE('',*,*,#2271,.T.);
#3021=ORIENTED_EDGE('',*,*,#2272,.T.);
#3022=ORIENTED_EDGE('',*,*,#2256,.T.);
#3023=ORIENTED_EDGE('',*,*,#2159,.T.);
#3024=ORIENTED_EDGE('',*,*,#2273,.T.);
#3025=ORIENTED_EDGE('',*,*,#2274,.F.);
#3026=ORIENTED_EDGE('',*,*,#2273,.F.);
#3027=ORIENTED_EDGE('',*,*,#2160,.T.);
#3028=ORIENTED_EDGE('',*,*,#2275,.T.);
#3029=ORIENTED_EDGE('',*,*,#2276,.F.);
#3030=ORIENTED_EDGE('',*,*,#2275,.F.);
#3031=ORIENTED_EDGE('',*,*,#2254,.F.);
#3032=ORIENTED_EDGE('',*,*,#2277,.F.);
#3033=ORIENTED_EDGE('',*,*,#2259,.F.);
#3034=ORIENTED_EDGE('',*,*,#2262,.T.);
#3035=ORIENTED_EDGE('',*,*,#2270,.F.);
#3036=ORIENTED_EDGE('',*,*,#2278,.F.);
#3037=ORIENTED_EDGE('',*,*,#2271,.F.);
#3038=ORIENTED_EDGE('',*,*,#2265,.T.);
#3039=ORIENTED_EDGE('',*,*,#2279,.F.);
#3040=ORIENTED_EDGE('',*,*,#2280,.F.);
#3041=ORIENTED_EDGE('',*,*,#2281,.T.);
#3042=ORIENTED_EDGE('',*,*,#2282,.F.);
#3043=ORIENTED_EDGE('',*,*,#2283,.T.);
#3044=ORIENTED_EDGE('',*,*,#2284,.F.);
#3045=ORIENTED_EDGE('',*,*,#2285,.F.);
#3046=ORIENTED_EDGE('',*,*,#2286,.T.);
#3047=ORIENTED_EDGE('',*,*,#2287,.T.);
#3048=ORIENTED_EDGE('',*,*,#2288,.F.);
#3049=ORIENTED_EDGE('',*,*,#2289,.F.);
#3050=ORIENTED_EDGE('',*,*,#2290,.T.);
#3051=ORIENTED_EDGE('',*,*,#2291,.T.);
#3052=ORIENTED_EDGE('',*,*,#2187,.T.);
#3053=ORIENTED_EDGE('',*,*,#2189,.T.);
#3054=ORIENTED_EDGE('',*,*,#2191,.T.);
#3055=ORIENTED_EDGE('',*,*,#2193,.T.);
#3056=ORIENTED_EDGE('',*,*,#2215,.T.);
#3057=ORIENTED_EDGE('',*,*,#2217,.T.);
#3058=ORIENTED_EDGE('',*,*,#2234,.T.);
#3059=ORIENTED_EDGE('',*,*,#2236,.T.);
#3060=ORIENTED_EDGE('',*,*,#2250,.T.);
#3061=ORIENTED_EDGE('',*,*,#2257,.T.);
#3062=ORIENTED_EDGE('',*,*,#2272,.F.);
#3063=ORIENTED_EDGE('',*,*,#2278,.T.);
#3064=ORIENTED_EDGE('',*,*,#2269,.F.);
#3065=ORIENTED_EDGE('',*,*,#2267,.T.);
#3066=ORIENTED_EDGE('',*,*,#2260,.F.);
#3067=ORIENTED_EDGE('',*,*,#2277,.T.);
#3068=ORIENTED_EDGE('',*,*,#2253,.F.);
#3069=ORIENTED_EDGE('',*,*,#2292,.T.);
#3070=ORIENTED_EDGE('',*,*,#2293,.T.);
#3071=ORIENTED_EDGE('',*,*,#2294,.F.);
#3072=ORIENTED_EDGE('',*,*,#2295,.T.);
#3073=ORIENTED_EDGE('',*,*,#2296,.T.);
#3074=ORIENTED_EDGE('',*,*,#2295,.F.);
#3075=ORIENTED_EDGE('',*,*,#2297,.F.);
#3076=ORIENTED_EDGE('',*,*,#2298,.F.);
#3077=ORIENTED_EDGE('',*,*,#2299,.T.);
#3078=ORIENTED_EDGE('',*,*,#2296,.F.);
#3079=ORIENTED_EDGE('',*,*,#2299,.F.);
#3080=ORIENTED_EDGE('',*,*,#2300,.F.);
#3081=ORIENTED_EDGE('',*,*,#2300,.T.);
#3082=ORIENTED_EDGE('',*,*,#2298,.T.);
#3083=ORIENTED_EDGE('',*,*,#2301,.T.);
#3084=ORIENTED_EDGE('',*,*,#2302,.F.);
#3085=ORIENTED_EDGE('',*,*,#2303,.T.);
#3086=ORIENTED_EDGE('',*,*,#2304,.T.);
#3087=ORIENTED_EDGE('',*,*,#2305,.F.);
#3088=ORIENTED_EDGE('',*,*,#2306,.T.);
#3089=ORIENTED_EDGE('',*,*,#2294,.T.);
#3090=ORIENTED_EDGE('',*,*,#2307,.T.);
#3091=ORIENTED_EDGE('',*,*,#2292,.F.);
#3092=ORIENTED_EDGE('',*,*,#2307,.F.);
#3093=ORIENTED_EDGE('',*,*,#2308,.T.);
#3094=ORIENTED_EDGE('',*,*,#2309,.T.);
#3095=ORIENTED_EDGE('',*,*,#2310,.T.);
#3096=ORIENTED_EDGE('',*,*,#2309,.F.);
#3097=ORIENTED_EDGE('',*,*,#2311,.F.);
#3098=ORIENTED_EDGE('',*,*,#2312,.F.);
#3099=ORIENTED_EDGE('',*,*,#2313,.F.);
#3100=ORIENTED_EDGE('',*,*,#2314,.T.);
#3101=ORIENTED_EDGE('',*,*,#2308,.F.);
#3102=ORIENTED_EDGE('',*,*,#2314,.F.);
#3103=ORIENTED_EDGE('',*,*,#2310,.F.);
#3104=ORIENTED_EDGE('',*,*,#2315,.F.);
#3105=ORIENTED_EDGE('',*,*,#2297,.T.);
#3106=ORIENTED_EDGE('',*,*,#2306,.F.);
#3107=ORIENTED_EDGE('',*,*,#2316,.F.);
#3108=ORIENTED_EDGE('',*,*,#2317,.F.);
#3109=ORIENTED_EDGE('',*,*,#2312,.T.);
#3110=ORIENTED_EDGE('',*,*,#2318,.F.);
#3111=ORIENTED_EDGE('',*,*,#2319,.F.);
#3112=ORIENTED_EDGE('',*,*,#2320,.F.);
#3113=ORIENTED_EDGE('',*,*,#2321,.F.);
#3114=ORIENTED_EDGE('',*,*,#2322,.F.);
#3115=ORIENTED_EDGE('',*,*,#2323,.F.);
#3116=ORIENTED_EDGE('',*,*,#2301,.F.);
#3117=ORIENTED_EDGE('',*,*,#2315,.T.);
#3118=ORIENTED_EDGE('',*,*,#2324,.T.);
#3119=ORIENTED_EDGE('',*,*,#2293,.F.);
#3120=ORIENTED_EDGE('',*,*,#2324,.F.);
#3121=ORIENTED_EDGE('',*,*,#2325,.T.);
#3122=ORIENTED_EDGE('',*,*,#2326,.T.);
#3123=ORIENTED_EDGE('',*,*,#2327,.T.);
#3124=ORIENTED_EDGE('',*,*,#2319,.T.);
#3125=ORIENTED_EDGE('',*,*,#2327,.F.);
#3126=ORIENTED_EDGE('',*,*,#2328,.T.);
#3127=ORIENTED_EDGE('',*,*,#2329,.T.);
#3128=ORIENTED_EDGE('',*,*,#2320,.T.);
#3129=ORIENTED_EDGE('',*,*,#2330,.T.);
#3130=ORIENTED_EDGE('',*,*,#2321,.T.);
#3131=ORIENTED_EDGE('',*,*,#2329,.F.);
#3132=ORIENTED_EDGE('',*,*,#2331,.T.);
#3133=ORIENTED_EDGE('',*,*,#2330,.F.);
#3134=ORIENTED_EDGE('',*,*,#2332,.T.);
#3135=ORIENTED_EDGE('',*,*,#2333,.T.);
#3136=ORIENTED_EDGE('',*,*,#2322,.T.);
#3137=ORIENTED_EDGE('',*,*,#2334,.T.);
#3138=ORIENTED_EDGE('',*,*,#2323,.T.);
#3139=ORIENTED_EDGE('',*,*,#2333,.F.);
#3140=ORIENTED_EDGE('',*,*,#2335,.T.);
#3141=ORIENTED_EDGE('',*,*,#2336,.T.);
#3142=ORIENTED_EDGE('',*,*,#2337,.T.);
#3143=ORIENTED_EDGE('',*,*,#2325,.F.);
#3144=ORIENTED_EDGE('',*,*,#2338,.T.);
#3145=ORIENTED_EDGE('',*,*,#2339,.T.);
#3146=ORIENTED_EDGE('',*,*,#2302,.T.);
#3147=ORIENTED_EDGE('',*,*,#2334,.F.);
#3148=ORIENTED_EDGE('',*,*,#2340,.T.);
#3149=ORIENTED_EDGE('',*,*,#2341,.T.);
#3150=ORIENTED_EDGE('',*,*,#2342,.T.);
#3151=ORIENTED_EDGE('',*,*,#2343,.T.);
#3152=ORIENTED_EDGE('',*,*,#2336,.F.);
#3153=ORIENTED_EDGE('',*,*,#2344,.T.);
#3154=ORIENTED_EDGE('',*,*,#2345,.T.);
#3155=ORIENTED_EDGE('',*,*,#2346,.T.);
#3156=ORIENTED_EDGE('',*,*,#2347,.T.);
#3157=ORIENTED_EDGE('',*,*,#2348,.T.);
#3158=ORIENTED_EDGE('',*,*,#2339,.F.);
#3159=ORIENTED_EDGE('',*,*,#2349,.T.);
#3160=ORIENTED_EDGE('',*,*,#2350,.T.);
#3161=ORIENTED_EDGE('',*,*,#2351,.T.);
#3162=ORIENTED_EDGE('',*,*,#2352,.T.);
#3163=ORIENTED_EDGE('',*,*,#2346,.F.);
#3164=ORIENTED_EDGE('',*,*,#2353,.F.);
#3165=ORIENTED_EDGE('',*,*,#2354,.T.);
#3166=ORIENTED_EDGE('',*,*,#2355,.T.);
#3167=ORIENTED_EDGE('',*,*,#2356,.T.);
#3168=ORIENTED_EDGE('',*,*,#2345,.F.);
#3169=ORIENTED_EDGE('',*,*,#2357,.T.);
#3170=ORIENTED_EDGE('',*,*,#2358,.T.);
#3171=ORIENTED_EDGE('',*,*,#2353,.T.);
#3172=ORIENTED_EDGE('',*,*,#2344,.F.);
#3173=ORIENTED_EDGE('',*,*,#2359,.T.);
#3174=ORIENTED_EDGE('',*,*,#2360,.T.);
#3175=ORIENTED_EDGE('',*,*,#2357,.F.);
#3176=ORIENTED_EDGE('',*,*,#2311,.T.);
#3177=ORIENTED_EDGE('',*,*,#2313,.T.);
#3178=ORIENTED_EDGE('',*,*,#2317,.T.);
#3179=ORIENTED_EDGE('',*,*,#2361,.T.);
#3180=ORIENTED_EDGE('',*,*,#2362,.T.);
#3181=ORIENTED_EDGE('',*,*,#2359,.F.);
#3182=ORIENTED_EDGE('',*,*,#2338,.F.);
#3183=ORIENTED_EDGE('',*,*,#2318,.T.);
#3184=ORIENTED_EDGE('',*,*,#2348,.F.);
#3185=ORIENTED_EDGE('',*,*,#2363,.F.);
#3186=ORIENTED_EDGE('',*,*,#2364,.T.);
#3187=ORIENTED_EDGE('',*,*,#2303,.F.);
#3188=ORIENTED_EDGE('',*,*,#2347,.F.);
#3189=ORIENTED_EDGE('',*,*,#2365,.T.);
#3190=ORIENTED_EDGE('',*,*,#2366,.T.);
#3191=ORIENTED_EDGE('',*,*,#2363,.T.);
#3192=ORIENTED_EDGE('',*,*,#2367,.F.);
#3193=ORIENTED_EDGE('',*,*,#2368,.F.);
#3194=ORIENTED_EDGE('',*,*,#2369,.F.);
#3195=ORIENTED_EDGE('',*,*,#2370,.T.);
#3196=ORIENTED_EDGE('',*,*,#2371,.F.);
#3197=ORIENTED_EDGE('',*,*,#2368,.T.);
#3198=ORIENTED_EDGE('',*,*,#2372,.T.);
#3199=ORIENTED_EDGE('',*,*,#2373,.T.);
#3200=ORIENTED_EDGE('',*,*,#2374,.F.);
#3201=ORIENTED_EDGE('',*,*,#2375,.F.);
#3202=ORIENTED_EDGE('',*,*,#2376,.F.);
#3203=ORIENTED_EDGE('',*,*,#2373,.F.);
#3204=ORIENTED_EDGE('',*,*,#2377,.T.);
#3205=ORIENTED_EDGE('',*,*,#2378,.T.);
#3206=ORIENTED_EDGE('',*,*,#2379,.T.);
#3207=ORIENTED_EDGE('',*,*,#2380,.T.);
#3208=ORIENTED_EDGE('',*,*,#2379,.F.);
#3209=ORIENTED_EDGE('',*,*,#2381,.T.);
#3210=ORIENTED_EDGE('',*,*,#2382,.T.);
#3211=ORIENTED_EDGE('',*,*,#2383,.T.);
#3212=ORIENTED_EDGE('',*,*,#2170,.T.);
#3213=ORIENTED_EDGE('',*,*,#2199,.T.);
#3214=ORIENTED_EDGE('',*,*,#2384,.T.);
#3215=ORIENTED_EDGE('',*,*,#2382,.F.);
#3216=ORIENTED_EDGE('',*,*,#2385,.T.);
#3217=ORIENTED_EDGE('',*,*,#2194,.T.);
#3218=ORIENTED_EDGE('',*,*,#2197,.F.);
#3219=ORIENTED_EDGE('',*,*,#2386,.T.);
#3220=ORIENTED_EDGE('',*,*,#2387,.T.);
#3221=ORIENTED_EDGE('',*,*,#2388,.T.);
#3222=ORIENTED_EDGE('',*,*,#2245,.T.);
#3223=ORIENTED_EDGE('',*,*,#2246,.T.);
#3224=ORIENTED_EDGE('',*,*,#2221,.T.);
#3225=ORIENTED_EDGE('',*,*,#2223,.T.);
#3226=ORIENTED_EDGE('',*,*,#2241,.T.);
#3227=ORIENTED_EDGE('',*,*,#2389,.T.);
#3228=ORIENTED_EDGE('',*,*,#2387,.F.);
#3229=ORIENTED_EDGE('',*,*,#2390,.T.);
#3230=ORIENTED_EDGE('',*,*,#2391,.T.);
#3231=ORIENTED_EDGE('',*,*,#2237,.T.);
#3232=ORIENTED_EDGE('',*,*,#2229,.T.);
#3233=ORIENTED_EDGE('',*,*,#2230,.T.);
#3234=ORIENTED_EDGE('',*,*,#2239,.F.);
#3235=ORIENTED_EDGE('',*,*,#2392,.T.);
#3236=ORIENTED_EDGE('',*,*,#2393,.T.);
#3237=ORIENTED_EDGE('',*,*,#2394,.T.);
#3238=ORIENTED_EDGE('',*,*,#2395,.T.);
#3239=ORIENTED_EDGE('',*,*,#2396,.T.);
#3240=ORIENTED_EDGE('',*,*,#2393,.F.);
#3241=ORIENTED_EDGE('',*,*,#2397,.T.);
#3242=ORIENTED_EDGE('',*,*,#2398,.T.);
#3243=ORIENTED_EDGE('',*,*,#2377,.F.);
#3244=ORIENTED_EDGE('',*,*,#2399,.T.);
#3245=ORIENTED_EDGE('',*,*,#2400,.T.);
#3246=ORIENTED_EDGE('',*,*,#2305,.T.);
#3247=ORIENTED_EDGE('',*,*,#2401,.T.);
#3248=ORIENTED_EDGE('',*,*,#2361,.F.);
#3249=ORIENTED_EDGE('',*,*,#2316,.T.);
#3250=ORIENTED_EDGE('',*,*,#2352,.F.);
#3251=ORIENTED_EDGE('',*,*,#2402,.T.);
#3252=ORIENTED_EDGE('',*,*,#2403,.T.);
#3253=ORIENTED_EDGE('',*,*,#2404,.T.);
#3254=ORIENTED_EDGE('',*,*,#2365,.F.);
#3255=ORIENTED_EDGE('',*,*,#2405,.T.);
#3256=ORIENTED_EDGE('',*,*,#2400,.F.);
#3257=ORIENTED_EDGE('',*,*,#2406,.T.);
#3258=ORIENTED_EDGE('',*,*,#2403,.F.);
#3259=ORIENTED_EDGE('',*,*,#2177,.T.);
#3260=ORIENTED_EDGE('',*,*,#2178,.T.);
#3261=ORIENTED_EDGE('',*,*,#2183,.T.);
#3262=ORIENTED_EDGE('',*,*,#2184,.T.);
#3263=ORIENTED_EDGE('',*,*,#2407,.T.);
#3264=ORIENTED_EDGE('',*,*,#2408,.T.);
#3265=ORIENTED_EDGE('',*,*,#2409,.T.);
#3266=ORIENTED_EDGE('',*,*,#2395,.F.);
#3267=ORIENTED_EDGE('',*,*,#2410,.T.);
#3268=ORIENTED_EDGE('',*,*,#2355,.F.);
#3269=ORIENTED_EDGE('',*,*,#2411,.T.);
#3270=ORIENTED_EDGE('',*,*,#2408,.F.);
#3271=ORIENTED_EDGE('',*,*,#2203,.T.);
#3272=ORIENTED_EDGE('',*,*,#2204,.T.);
#3273=ORIENTED_EDGE('',*,*,#2210,.T.);
#3274=ORIENTED_EDGE('',*,*,#2211,.T.);
#3275=ORIENTED_EDGE('',*,*,#2195,.F.);
#3276=ORIENTED_EDGE('',*,*,#2385,.F.);
#3277=ORIENTED_EDGE('',*,*,#2381,.F.);
#3278=ORIENTED_EDGE('',*,*,#2378,.F.);
#3279=ORIENTED_EDGE('',*,*,#2412,.T.);
#3280=ORIENTED_EDGE('',*,*,#2413,.F.);
#3281=ORIENTED_EDGE('',*,*,#2397,.F.);
#3282=ORIENTED_EDGE('',*,*,#2392,.F.);
#3283=ORIENTED_EDGE('',*,*,#2238,.F.);
#3284=ORIENTED_EDGE('',*,*,#2391,.F.);
#3285=ORIENTED_EDGE('',*,*,#2414,.F.);
#3286=ORIENTED_EDGE('',*,*,#2415,.T.);
#3287=ORIENTED_EDGE('',*,*,#2396,.F.);
#3288=ORIENTED_EDGE('',*,*,#2409,.F.);
#3289=ORIENTED_EDGE('',*,*,#2416,.T.);
#3290=ORIENTED_EDGE('',*,*,#2417,.T.);
#3291=ORIENTED_EDGE('',*,*,#2418,.T.);
#3292=ORIENTED_EDGE('',*,*,#2419,.T.);
#3293=ORIENTED_EDGE('',*,*,#2420,.F.);
#3294=ORIENTED_EDGE('',*,*,#2421,.T.);
#3295=ORIENTED_EDGE('',*,*,#2411,.F.);
#3296=ORIENTED_EDGE('',*,*,#2422,.F.);
#3297=ORIENTED_EDGE('',*,*,#2423,.T.);
#3298=ORIENTED_EDGE('',*,*,#2424,.T.);
#3299=ORIENTED_EDGE('',*,*,#2425,.T.);
#3300=ORIENTED_EDGE('',*,*,#2426,.T.);
#3301=ORIENTED_EDGE('',*,*,#2427,.T.);
#3302=ORIENTED_EDGE('',*,*,#2416,.F.);
#3303=ORIENTED_EDGE('',*,*,#2354,.F.);
#3304=ORIENTED_EDGE('',*,*,#2358,.F.);
#3305=ORIENTED_EDGE('',*,*,#2428,.T.);
#3306=ORIENTED_EDGE('',*,*,#2429,.F.);
#3307=ORIENTED_EDGE('',*,*,#2430,.T.);
#3308=ORIENTED_EDGE('',*,*,#2431,.T.);
#3309=ORIENTED_EDGE('',*,*,#2432,.T.);
#3310=ORIENTED_EDGE('',*,*,#2422,.T.);
#3311=ORIENTED_EDGE('',*,*,#2360,.F.);
#3312=ORIENTED_EDGE('',*,*,#2433,.F.);
#3313=ORIENTED_EDGE('',*,*,#2434,.F.);
#3314=ORIENTED_EDGE('',*,*,#2428,.F.);
#3315=ORIENTED_EDGE('',*,*,#2362,.F.);
#3316=ORIENTED_EDGE('',*,*,#2435,.T.);
#3317=ORIENTED_EDGE('',*,*,#2436,.T.);
#3318=ORIENTED_EDGE('',*,*,#2433,.T.);
#3319=ORIENTED_EDGE('',*,*,#2401,.F.);
#3320=ORIENTED_EDGE('',*,*,#2437,.F.);
#3321=ORIENTED_EDGE('',*,*,#2438,.F.);
#3322=ORIENTED_EDGE('',*,*,#2435,.F.);
#3323=ORIENTED_EDGE('',*,*,#2304,.F.);
#3324=ORIENTED_EDGE('',*,*,#2439,.T.);
#3325=ORIENTED_EDGE('',*,*,#2440,.F.);
#3326=ORIENTED_EDGE('',*,*,#2437,.T.);
#3327=ORIENTED_EDGE('',*,*,#2364,.F.);
#3328=ORIENTED_EDGE('',*,*,#2441,.F.);
#3329=ORIENTED_EDGE('',*,*,#2442,.F.);
#3330=ORIENTED_EDGE('',*,*,#2439,.F.);
#3331=ORIENTED_EDGE('',*,*,#2443,.T.);
#3332=ORIENTED_EDGE('',*,*,#2444,.T.);
#3333=ORIENTED_EDGE('',*,*,#2445,.T.);
#3334=ORIENTED_EDGE('',*,*,#2446,.T.);
#3335=ORIENTED_EDGE('',*,*,#2447,.T.);
#3336=ORIENTED_EDGE('',*,*,#2448,.T.);
#3337=ORIENTED_EDGE('',*,*,#2449,.T.);
#3338=ORIENTED_EDGE('',*,*,#2445,.F.);
#3339=ORIENTED_EDGE('',*,*,#2450,.T.);
#3340=ORIENTED_EDGE('',*,*,#2451,.T.);
#3341=ORIENTED_EDGE('',*,*,#2452,.T.);
#3342=ORIENTED_EDGE('',*,*,#2448,.F.);
#3343=ORIENTED_EDGE('',*,*,#2453,.T.);
#3344=ORIENTED_EDGE('',*,*,#2454,.T.);
#3345=ORIENTED_EDGE('',*,*,#2455,.T.);
#3346=ORIENTED_EDGE('',*,*,#2451,.F.);
#3347=ORIENTED_EDGE('',*,*,#2456,.T.);
#3348=ORIENTED_EDGE('',*,*,#2457,.T.);
#3349=ORIENTED_EDGE('',*,*,#2198,.F.);
#3350=ORIENTED_EDGE('',*,*,#2458,.F.);
#3351=ORIENTED_EDGE('',*,*,#2459,.F.);
#3352=ORIENTED_EDGE('',*,*,#2460,.F.);
#3353=ORIENTED_EDGE('',*,*,#2457,.F.);
#3354=ORIENTED_EDGE('',*,*,#2461,.F.);
#3355=ORIENTED_EDGE('',*,*,#2384,.F.);
#3356=ORIENTED_EDGE('',*,*,#2461,.T.);
#3357=ORIENTED_EDGE('',*,*,#2456,.F.);
#3358=ORIENTED_EDGE('',*,*,#2462,.F.);
#3359=ORIENTED_EDGE('',*,*,#2463,.T.);
#3360=ORIENTED_EDGE('',*,*,#2453,.F.);
#3361=ORIENTED_EDGE('',*,*,#2464,.T.);
#3362=ORIENTED_EDGE('',*,*,#2462,.T.);
#3363=ORIENTED_EDGE('',*,*,#2383,.F.);
#3364=ORIENTED_EDGE('',*,*,#2463,.F.);
#3365=ORIENTED_EDGE('',*,*,#2464,.F.);
#3366=ORIENTED_EDGE('',*,*,#2450,.F.);
#3367=ORIENTED_EDGE('',*,*,#2465,.T.);
#3368=ORIENTED_EDGE('',*,*,#2466,.F.);
#3369=ORIENTED_EDGE('',*,*,#2444,.F.);
#3370=ORIENTED_EDGE('',*,*,#2467,.F.);
#3371=ORIENTED_EDGE('',*,*,#2468,.F.);
#3372=ORIENTED_EDGE('',*,*,#2465,.F.);
#3373=ORIENTED_EDGE('',*,*,#2443,.F.);
#3374=ORIENTED_EDGE('',*,*,#2469,.T.);
#3375=ORIENTED_EDGE('',*,*,#2470,.T.);
#3376=ORIENTED_EDGE('',*,*,#2471,.T.);
#3377=ORIENTED_EDGE('',*,*,#2472,.F.);
#3378=ORIENTED_EDGE('',*,*,#2473,.F.);
#3379=ORIENTED_EDGE('',*,*,#2474,.F.);
#3380=ORIENTED_EDGE('',*,*,#2475,.F.);
#3381=ORIENTED_EDGE('',*,*,#2476,.F.);
#3382=ORIENTED_EDGE('',*,*,#2477,.F.);
#3383=ORIENTED_EDGE('',*,*,#2478,.F.);
#3384=ORIENTED_EDGE('',*,*,#2467,.T.);
#3385=ORIENTED_EDGE('',*,*,#2479,.T.);
#3386=ORIENTED_EDGE('',*,*,#2480,.T.);
#3387=ORIENTED_EDGE('',*,*,#2481,.T.);
#3388=ORIENTED_EDGE('',*,*,#2482,.T.);
#3389=ORIENTED_EDGE('',*,*,#2483,.T.);
#3390=ORIENTED_EDGE('',*,*,#2484,.T.);
#3391=ORIENTED_EDGE('',*,*,#2485,.T.);
#3392=ORIENTED_EDGE('',*,*,#2481,.F.);
#3393=ORIENTED_EDGE('',*,*,#2486,.T.);
#3394=ORIENTED_EDGE('',*,*,#2487,.T.);
#3395=ORIENTED_EDGE('',*,*,#2488,.T.);
#3396=ORIENTED_EDGE('',*,*,#2484,.F.);
#3397=ORIENTED_EDGE('',*,*,#2489,.T.);
#3398=ORIENTED_EDGE('',*,*,#2490,.T.);
#3399=ORIENTED_EDGE('',*,*,#2491,.T.);
#3400=ORIENTED_EDGE('',*,*,#2487,.F.);
#3401=ORIENTED_EDGE('',*,*,#2492,.T.);
#3402=ORIENTED_EDGE('',*,*,#2493,.T.);
#3403=ORIENTED_EDGE('',*,*,#2455,.F.);
#3404=ORIENTED_EDGE('',*,*,#2494,.F.);
#3405=ORIENTED_EDGE('',*,*,#2495,.T.);
#3406=ORIENTED_EDGE('',*,*,#2496,.F.);
#3407=ORIENTED_EDGE('',*,*,#2492,.F.);
#3408=ORIENTED_EDGE('',*,*,#2489,.F.);
#3409=ORIENTED_EDGE('',*,*,#2486,.F.);
#3410=ORIENTED_EDGE('',*,*,#2497,.T.);
#3411=ORIENTED_EDGE('',*,*,#2449,.F.);
#3412=ORIENTED_EDGE('',*,*,#2452,.F.);
#3413=ORIENTED_EDGE('',*,*,#2446,.F.);
#3414=ORIENTED_EDGE('',*,*,#2497,.F.);
#3415=ORIENTED_EDGE('',*,*,#2480,.F.);
#3416=ORIENTED_EDGE('',*,*,#2498,.F.);
#3417=ORIENTED_EDGE('',*,*,#2499,.T.);
#3418=ORIENTED_EDGE('',*,*,#2500,.T.);
#3419=ORIENTED_EDGE('',*,*,#2479,.F.);
#3420=ORIENTED_EDGE('',*,*,#2501,.T.);
#3421=ORIENTED_EDGE('',*,*,#2502,.T.);
#3422=ORIENTED_EDGE('',*,*,#2503,.T.);
#3423=ORIENTED_EDGE('',*,*,#2504,.T.);
#3424=ORIENTED_EDGE('',*,*,#2505,.T.);
#3425=ORIENTED_EDGE('',*,*,#2506,.F.);
#3426=ORIENTED_EDGE('',*,*,#2507,.F.);
#3427=ORIENTED_EDGE('',*,*,#2508,.F.);
#3428=ORIENTED_EDGE('',*,*,#2509,.F.);
#3429=ORIENTED_EDGE('',*,*,#2510,.F.);
#3430=ORIENTED_EDGE('',*,*,#2511,.F.);
#3431=ORIENTED_EDGE('',*,*,#2512,.F.);
#3432=ORIENTED_EDGE('',*,*,#2513,.F.);
#3433=ORIENTED_EDGE('',*,*,#2514,.F.);
#3434=ORIENTED_EDGE('',*,*,#2515,.T.);
#3435=ORIENTED_EDGE('',*,*,#2516,.F.);
#3436=ORIENTED_EDGE('',*,*,#2498,.T.);
#3437=ORIENTED_EDGE('',*,*,#2483,.F.);
#3438=ORIENTED_EDGE('',*,*,#2517,.T.);
#3439=ORIENTED_EDGE('',*,*,#2518,.F.);
#3440=ORIENTED_EDGE('',*,*,#2519,.T.);
#3441=ORIENTED_EDGE('',*,*,#2520,.F.);
#3442=ORIENTED_EDGE('',*,*,#2521,.T.);
#3443=ORIENTED_EDGE('',*,*,#2501,.F.);
#3444=ORIENTED_EDGE('',*,*,#2482,.F.);
#3445=ORIENTED_EDGE('',*,*,#2522,.F.);
#3446=ORIENTED_EDGE('',*,*,#2523,.F.);
#3447=ORIENTED_EDGE('',*,*,#2517,.F.);
#3448=ORIENTED_EDGE('',*,*,#2240,.F.);
#3449=ORIENTED_EDGE('',*,*,#2524,.T.);
#3450=ORIENTED_EDGE('',*,*,#2525,.T.);
#3451=ORIENTED_EDGE('',*,*,#2491,.F.);
#3452=ORIENTED_EDGE('',*,*,#2526,.T.);
#3453=ORIENTED_EDGE('',*,*,#2488,.F.);
#3454=ORIENTED_EDGE('',*,*,#2525,.F.);
#3455=ORIENTED_EDGE('',*,*,#2527,.T.);
#3456=ORIENTED_EDGE('',*,*,#2394,.F.);
#3457=ORIENTED_EDGE('',*,*,#2421,.F.);
#3458=ORIENTED_EDGE('',*,*,#2522,.T.);
#3459=ORIENTED_EDGE('',*,*,#2485,.F.);
#3460=ORIENTED_EDGE('',*,*,#2527,.F.);
#3461=ORIENTED_EDGE('',*,*,#2524,.F.);
#3462=ORIENTED_EDGE('',*,*,#2389,.F.);
#3463=ORIENTED_EDGE('',*,*,#2526,.F.);
#3464=ORIENTED_EDGE('',*,*,#2490,.F.);
#3465=ORIENTED_EDGE('',*,*,#2528,.F.);
#3466=ORIENTED_EDGE('',*,*,#2529,.F.);
#3467=ORIENTED_EDGE('',*,*,#2530,.F.);
#3468=ORIENTED_EDGE('',*,*,#2493,.F.);
#3469=ORIENTED_EDGE('',*,*,#2496,.T.);
#3470=ORIENTED_EDGE('',*,*,#2531,.T.);
#3471=ORIENTED_EDGE('',*,*,#2528,.T.);
#3472=ORIENTED_EDGE('',*,*,#2532,.T.);
#3473=ORIENTED_EDGE('',*,*,#2529,.T.);
#3474=ORIENTED_EDGE('',*,*,#2531,.F.);
#3475=ORIENTED_EDGE('',*,*,#2533,.T.);
#3476=ORIENTED_EDGE('',*,*,#2534,.T.);
#3477=ORIENTED_EDGE('',*,*,#2535,.T.);
#3478=ORIENTED_EDGE('',*,*,#2532,.F.);
#3479=ORIENTED_EDGE('',*,*,#2536,.T.);
#3480=ORIENTED_EDGE('',*,*,#2537,.T.);
#3481=ORIENTED_EDGE('',*,*,#2459,.T.);
#3482=ORIENTED_EDGE('',*,*,#2534,.F.);
#3483=ORIENTED_EDGE('',*,*,#2538,.T.);
#3484=ORIENTED_EDGE('',*,*,#2454,.F.);
#3485=ORIENTED_EDGE('',*,*,#2460,.T.);
#3486=ORIENTED_EDGE('',*,*,#2537,.F.);
#3487=ORIENTED_EDGE('',*,*,#2494,.T.);
#3488=ORIENTED_EDGE('',*,*,#2538,.F.);
#3489=ORIENTED_EDGE('',*,*,#2536,.F.);
#3490=ORIENTED_EDGE('',*,*,#2533,.F.);
#3491=ORIENTED_EDGE('',*,*,#2495,.F.);
#3492=ORIENTED_EDGE('',*,*,#2274,.T.);
#3493=ORIENTED_EDGE('',*,*,#2276,.T.);
#3494=ORIENTED_EDGE('',*,*,#2291,.F.);
#3495=ORIENTED_EDGE('',*,*,#2539,.T.);
#3496=ORIENTED_EDGE('',*,*,#2196,.F.);
#3497=ORIENTED_EDGE('',*,*,#2540,.F.);
#3498=ORIENTED_EDGE('',*,*,#2289,.T.);
#3499=ORIENTED_EDGE('',*,*,#2541,.F.);
#3500=ORIENTED_EDGE('',*,*,#2390,.F.);
#3501=ORIENTED_EDGE('',*,*,#2542,.F.);
#3502=ORIENTED_EDGE('',*,*,#2290,.F.);
#3503=ORIENTED_EDGE('',*,*,#2542,.T.);
#3504=ORIENTED_EDGE('',*,*,#2386,.F.);
#3505=ORIENTED_EDGE('',*,*,#2539,.F.);
#3506=ORIENTED_EDGE('',*,*,#2543,.F.);
#3507=ORIENTED_EDGE('',*,*,#2544,.T.);
#3508=ORIENTED_EDGE('',*,*,#2545,.F.);
#3509=ORIENTED_EDGE('',*,*,#2374,.T.);
#3510=ORIENTED_EDGE('',*,*,#2372,.F.);
#3511=ORIENTED_EDGE('',*,*,#2367,.T.);
#3512=ORIENTED_EDGE('',*,*,#2540,.T.);
#3513=ORIENTED_EDGE('',*,*,#2413,.T.);
#3514=ORIENTED_EDGE('',*,*,#2546,.T.);
#3515=ORIENTED_EDGE('',*,*,#2279,.T.);
#3516=ORIENTED_EDGE('',*,*,#2388,.F.);
#3517=ORIENTED_EDGE('',*,*,#2530,.T.);
#3518=ORIENTED_EDGE('',*,*,#2535,.F.);
#3519=ORIENTED_EDGE('',*,*,#2458,.T.);
#3520=ORIENTED_EDGE('',*,*,#2547,.F.);
#3521=ORIENTED_EDGE('',*,*,#2548,.F.);
#3522=ORIENTED_EDGE('',*,*,#2549,.F.);
#3523=ORIENTED_EDGE('',*,*,#2550,.F.);
#3524=ORIENTED_EDGE('',*,*,#2549,.T.);
#3525=ORIENTED_EDGE('',*,*,#2551,.F.);
#3526=ORIENTED_EDGE('',*,*,#2552,.F.);
#3527=ORIENTED_EDGE('',*,*,#2553,.T.);
#3528=ORIENTED_EDGE('',*,*,#2554,.T.);
#3529=ORIENTED_EDGE('',*,*,#2555,.T.);
#3530=ORIENTED_EDGE('',*,*,#2556,.T.);
#3531=ORIENTED_EDGE('',*,*,#2557,.T.);
#3532=ORIENTED_EDGE('',*,*,#2558,.T.);
#3533=ORIENTED_EDGE('',*,*,#2559,.T.);
#3534=ORIENTED_EDGE('',*,*,#2560,.T.);
#3535=ORIENTED_EDGE('',*,*,#2513,.T.);
#3536=ORIENTED_EDGE('',*,*,#2561,.F.);
#3537=ORIENTED_EDGE('',*,*,#2562,.F.);
#3538=ORIENTED_EDGE('',*,*,#2548,.T.);
#3539=ORIENTED_EDGE('',*,*,#2563,.F.);
#3540=ORIENTED_EDGE('',*,*,#2564,.T.);
#3541=ORIENTED_EDGE('',*,*,#2551,.T.);
#3542=ORIENTED_EDGE('',*,*,#2565,.T.);
#3543=ORIENTED_EDGE('',*,*,#2566,.T.);
#3544=ORIENTED_EDGE('',*,*,#2440,.T.);
#3545=ORIENTED_EDGE('',*,*,#2567,.T.);
#3546=ORIENTED_EDGE('',*,*,#2474,.T.);
#3547=ORIENTED_EDGE('',*,*,#2566,.F.);
#3548=ORIENTED_EDGE('',*,*,#2568,.F.);
#3549=ORIENTED_EDGE('',*,*,#2569,.F.);
#3550=ORIENTED_EDGE('',*,*,#2570,.T.);
#3551=ORIENTED_EDGE('',*,*,#2571,.F.);
#3552=ORIENTED_EDGE('',*,*,#2438,.T.);
#3553=ORIENTED_EDGE('',*,*,#2565,.F.);
#3554=ORIENTED_EDGE('',*,*,#2473,.T.);
#3555=ORIENTED_EDGE('',*,*,#2572,.F.);
#3556=ORIENTED_EDGE('',*,*,#2573,.T.);
#3557=ORIENTED_EDGE('',*,*,#2574,.F.);
#3558=ORIENTED_EDGE('',*,*,#2575,.F.);
#3559=ORIENTED_EDGE('',*,*,#2576,.F.);
#3560=ORIENTED_EDGE('',*,*,#2577,.T.);
#3561=ORIENTED_EDGE('',*,*,#2578,.T.);
#3562=ORIENTED_EDGE('',*,*,#2579,.T.);
#3563=ORIENTED_EDGE('',*,*,#2580,.F.);
#3564=ORIENTED_EDGE('',*,*,#2581,.T.);
#3565=ORIENTED_EDGE('',*,*,#2582,.T.);
#3566=ORIENTED_EDGE('',*,*,#2583,.T.);
#3567=ORIENTED_EDGE('',*,*,#2584,.F.);
#3568=ORIENTED_EDGE('',*,*,#2585,.F.);
#3569=ORIENTED_EDGE('',*,*,#2586,.F.);
#3570=ORIENTED_EDGE('',*,*,#2568,.T.);
#3571=ORIENTED_EDGE('',*,*,#2587,.T.);
#3572=ORIENTED_EDGE('',*,*,#2588,.T.);
#3573=ORIENTED_EDGE('',*,*,#2436,.F.);
#3574=ORIENTED_EDGE('',*,*,#2571,.T.);
#3575=ORIENTED_EDGE('',*,*,#2589,.T.);
#3576=ORIENTED_EDGE('',*,*,#2589,.F.);
#3577=ORIENTED_EDGE('',*,*,#2570,.F.);
#3578=ORIENTED_EDGE('',*,*,#2590,.T.);
#3579=ORIENTED_EDGE('',*,*,#2591,.F.);
#3580=ORIENTED_EDGE('',*,*,#2592,.T.);
#3581=ORIENTED_EDGE('',*,*,#2593,.T.);
#3582=ORIENTED_EDGE('',*,*,#2594,.T.);
#3583=ORIENTED_EDGE('',*,*,#2595,.T.);
#3584=ORIENTED_EDGE('',*,*,#2596,.T.);
#3585=ORIENTED_EDGE('',*,*,#2597,.T.);
#3586=ORIENTED_EDGE('',*,*,#2598,.T.);
#3587=ORIENTED_EDGE('',*,*,#2599,.T.);
#3588=ORIENTED_EDGE('',*,*,#2600,.T.);
#3589=ORIENTED_EDGE('',*,*,#2601,.F.);
#3590=ORIENTED_EDGE('',*,*,#2602,.F.);
#3591=ORIENTED_EDGE('',*,*,#2603,.F.);
#3592=ORIENTED_EDGE('',*,*,#2604,.F.);
#3593=ORIENTED_EDGE('',*,*,#2605,.F.);
#3594=ORIENTED_EDGE('',*,*,#2606,.F.);
#3595=ORIENTED_EDGE('',*,*,#2607,.T.);
#3596=ORIENTED_EDGE('',*,*,#2608,.T.);
#3597=ORIENTED_EDGE('',*,*,#2607,.F.);
#3598=ORIENTED_EDGE('',*,*,#2608,.F.);
#3599=ORIENTED_EDGE('',*,*,#2609,.F.);
#3600=ORIENTED_EDGE('',*,*,#2610,.T.);
#3601=ORIENTED_EDGE('',*,*,#2611,.T.);
#3602=ORIENTED_EDGE('',*,*,#2610,.F.);
#3603=ORIENTED_EDGE('',*,*,#2611,.F.);
#3604=ORIENTED_EDGE('',*,*,#2612,.F.);
#3605=ORIENTED_EDGE('',*,*,#2613,.T.);
#3606=ORIENTED_EDGE('',*,*,#2614,.T.);
#3607=ORIENTED_EDGE('',*,*,#2613,.F.);
#3608=ORIENTED_EDGE('',*,*,#2614,.F.);
#3609=ORIENTED_EDGE('',*,*,#2615,.F.);
#3610=ORIENTED_EDGE('',*,*,#2616,.T.);
#3611=ORIENTED_EDGE('',*,*,#2617,.T.);
#3612=ORIENTED_EDGE('',*,*,#2616,.F.);
#3613=ORIENTED_EDGE('',*,*,#2617,.F.);
#3614=ORIENTED_EDGE('',*,*,#2618,.F.);
#3615=ORIENTED_EDGE('',*,*,#2619,.T.);
#3616=ORIENTED_EDGE('',*,*,#2620,.T.);
#3617=ORIENTED_EDGE('',*,*,#2621,.T.);
#3618=ORIENTED_EDGE('',*,*,#2622,.T.);
#3619=ORIENTED_EDGE('',*,*,#2623,.T.);
#3620=ORIENTED_EDGE('',*,*,#2624,.T.);
#3621=ORIENTED_EDGE('',*,*,#2625,.F.);
#3622=ORIENTED_EDGE('',*,*,#2626,.F.);
#3623=ORIENTED_EDGE('',*,*,#2627,.F.);
#3624=ORIENTED_EDGE('',*,*,#2628,.F.);
#3625=ORIENTED_EDGE('',*,*,#2629,.F.);
#3626=ORIENTED_EDGE('',*,*,#2612,.T.);
#3627=ORIENTED_EDGE('',*,*,#2615,.T.);
#3628=ORIENTED_EDGE('',*,*,#2630,.F.);
#3629=ORIENTED_EDGE('',*,*,#2631,.F.);
#3630=ORIENTED_EDGE('',*,*,#2632,.F.);
#3631=ORIENTED_EDGE('',*,*,#2633,.F.);
#3632=ORIENTED_EDGE('',*,*,#2634,.F.);
#3633=ORIENTED_EDGE('',*,*,#2635,.F.);
#3634=ORIENTED_EDGE('',*,*,#2636,.T.);
#3635=ORIENTED_EDGE('',*,*,#2637,.T.);
#3636=ORIENTED_EDGE('',*,*,#2638,.T.);
#3637=ORIENTED_EDGE('',*,*,#2639,.T.);
#3638=ORIENTED_EDGE('',*,*,#2640,.T.);
#3639=ORIENTED_EDGE('',*,*,#2520,.T.);
#3640=ORIENTED_EDGE('',*,*,#2606,.T.);
#3641=ORIENTED_EDGE('',*,*,#2609,.T.);
#3642=ORIENTED_EDGE('',*,*,#2380,.F.);
#3643=ORIENTED_EDGE('',*,*,#2466,.T.);
#3644=ORIENTED_EDGE('',*,*,#2641,.T.);
#3645=ORIENTED_EDGE('',*,*,#2642,.T.);
#3646=ORIENTED_EDGE('',*,*,#2399,.F.);
#3647=ORIENTED_EDGE('',*,*,#2478,.T.);
#3648=ORIENTED_EDGE('',*,*,#2643,.T.);
#3649=ORIENTED_EDGE('',*,*,#2641,.F.);
#3650=ORIENTED_EDGE('',*,*,#2468,.T.);
#3651=ORIENTED_EDGE('',*,*,#2406,.F.);
#3652=ORIENTED_EDGE('',*,*,#2642,.F.);
#3653=ORIENTED_EDGE('',*,*,#2643,.F.);
#3654=ORIENTED_EDGE('',*,*,#2477,.T.);
#3655=ORIENTED_EDGE('',*,*,#2644,.F.);
#3656=ORIENTED_EDGE('',*,*,#2645,.F.);
#3657=ORIENTED_EDGE('',*,*,#2404,.F.);
#3658=ORIENTED_EDGE('',*,*,#2645,.T.);
#3659=ORIENTED_EDGE('',*,*,#2646,.T.);
#3660=ORIENTED_EDGE('',*,*,#2441,.T.);
#3661=ORIENTED_EDGE('',*,*,#2366,.F.);
#3662=ORIENTED_EDGE('',*,*,#2476,.T.);
#3663=ORIENTED_EDGE('',*,*,#2647,.T.);
#3664=ORIENTED_EDGE('',*,*,#2646,.F.);
#3665=ORIENTED_EDGE('',*,*,#2644,.T.);
#3666=ORIENTED_EDGE('',*,*,#2567,.F.);
#3667=ORIENTED_EDGE('',*,*,#2442,.T.);
#3668=ORIENTED_EDGE('',*,*,#2647,.F.);
#3669=ORIENTED_EDGE('',*,*,#2475,.T.);
#3670=ORIENTED_EDGE('',*,*,#2648,.T.);
#3671=ORIENTED_EDGE('',*,*,#2649,.T.);
#3672=ORIENTED_EDGE('',*,*,#2470,.F.);
#3673=ORIENTED_EDGE('',*,*,#2650,.F.);
#3674=ORIENTED_EDGE('',*,*,#2651,.F.);
#3675=ORIENTED_EDGE('',*,*,#2502,.F.);
#3676=ORIENTED_EDGE('',*,*,#2521,.F.);
#3677=ORIENTED_EDGE('',*,*,#2640,.F.);
#3678=ORIENTED_EDGE('',*,*,#2652,.T.);
#3679=ORIENTED_EDGE('',*,*,#2653,.T.);
#3680=ORIENTED_EDGE('',*,*,#2654,.T.);
#3681=ORIENTED_EDGE('',*,*,#2655,.F.);
#3682=ORIENTED_EDGE('',*,*,#2656,.T.);
#3683=ORIENTED_EDGE('',*,*,#2648,.F.);
#3684=ORIENTED_EDGE('',*,*,#2657,.T.);
#3685=ORIENTED_EDGE('',*,*,#2658,.T.);
#3686=ORIENTED_EDGE('',*,*,#2659,.T.);
#3687=ORIENTED_EDGE('',*,*,#2660,.T.);
#3688=ORIENTED_EDGE('',*,*,#2543,.T.);
#3689=ORIENTED_EDGE('',*,*,#2370,.F.);
#3690=ORIENTED_EDGE('',*,*,#2661,.T.);
#3691=ORIENTED_EDGE('',*,*,#2662,.T.);
#3692=ORIENTED_EDGE('',*,*,#2655,.T.);
#3693=ORIENTED_EDGE('',*,*,#2663,.T.);
#3694=ORIENTED_EDGE('',*,*,#2664,.T.);
#3695=ORIENTED_EDGE('',*,*,#2665,.F.);
#3696=ORIENTED_EDGE('',*,*,#2666,.T.);
#3697=ORIENTED_EDGE('',*,*,#2667,.T.);
#3698=ORIENTED_EDGE('',*,*,#2375,.T.);
#3699=ORIENTED_EDGE('',*,*,#2545,.T.);
#3700=ORIENTED_EDGE('',*,*,#2668,.T.);
#3701=ORIENTED_EDGE('',*,*,#2669,.T.);
#3702=ORIENTED_EDGE('',*,*,#2670,.T.);
#3703=ORIENTED_EDGE('',*,*,#2671,.T.);
#3704=ORIENTED_EDGE('',*,*,#2672,.T.);
#3705=ORIENTED_EDGE('',*,*,#2673,.T.);
#3706=ORIENTED_EDGE('',*,*,#2665,.T.);
#3707=ORIENTED_EDGE('',*,*,#2369,.T.);
#3708=ORIENTED_EDGE('',*,*,#2371,.T.);
#3709=ORIENTED_EDGE('',*,*,#2376,.T.);
#3710=ORIENTED_EDGE('',*,*,#2667,.F.);
#3711=ORIENTED_EDGE('',*,*,#2666,.F.);
#3712=ORIENTED_EDGE('',*,*,#2673,.F.);
#3713=ORIENTED_EDGE('',*,*,#2674,.F.);
#3714=ORIENTED_EDGE('',*,*,#2471,.F.);
#3715=ORIENTED_EDGE('',*,*,#2649,.F.);
#3716=ORIENTED_EDGE('',*,*,#2656,.F.);
#3717=ORIENTED_EDGE('',*,*,#2662,.F.);
#3718=ORIENTED_EDGE('',*,*,#2661,.F.);
#3719=ORIENTED_EDGE('',*,*,#2675,.F.);
#3720=ORIENTED_EDGE('',*,*,#2676,.F.);
#3721=ORIENTED_EDGE('',*,*,#2677,.F.);
#3722=ORIENTED_EDGE('',*,*,#2678,.F.);
#3723=ORIENTED_EDGE('',*,*,#2678,.T.);
#3724=ORIENTED_EDGE('',*,*,#2679,.F.);
#3725=ORIENTED_EDGE('',*,*,#2680,.F.);
#3726=ORIENTED_EDGE('',*,*,#2681,.T.);
#3727=ORIENTED_EDGE('',*,*,#2682,.F.);
#3728=ORIENTED_EDGE('',*,*,#2683,.F.);
#3729=ORIENTED_EDGE('',*,*,#2684,.F.);
#3730=ORIENTED_EDGE('',*,*,#2685,.F.);
#3731=ORIENTED_EDGE('',*,*,#2685,.T.);
#3732=ORIENTED_EDGE('',*,*,#2686,.T.);
#3733=ORIENTED_EDGE('',*,*,#2687,.T.);
#3734=ORIENTED_EDGE('',*,*,#2688,.F.);
#3735=ORIENTED_EDGE('',*,*,#2508,.T.);
#3736=ORIENTED_EDGE('',*,*,#2689,.F.);
#3737=ORIENTED_EDGE('',*,*,#2690,.F.);
#3738=ORIENTED_EDGE('',*,*,#2691,.T.);
#3739=ORIENTED_EDGE('',*,*,#2507,.T.);
#3740=ORIENTED_EDGE('',*,*,#2692,.T.);
#3741=ORIENTED_EDGE('',*,*,#2675,.T.);
#3742=ORIENTED_EDGE('',*,*,#2681,.F.);
#3743=ORIENTED_EDGE('',*,*,#2693,.F.);
#3744=ORIENTED_EDGE('',*,*,#2686,.F.);
#3745=ORIENTED_EDGE('',*,*,#2684,.T.);
#3746=ORIENTED_EDGE('',*,*,#2694,.T.);
#3747=ORIENTED_EDGE('',*,*,#2695,.T.);
#3748=ORIENTED_EDGE('',*,*,#2696,.T.);
#3749=ORIENTED_EDGE('',*,*,#2697,.T.);
#3750=ORIENTED_EDGE('',*,*,#2689,.T.);
#3751=ORIENTED_EDGE('',*,*,#2698,.F.);
#3752=ORIENTED_EDGE('',*,*,#2699,.T.);
#3753=ORIENTED_EDGE('',*,*,#2690,.T.);
#3754=ORIENTED_EDGE('',*,*,#2697,.F.);
#3755=ORIENTED_EDGE('',*,*,#2687,.F.);
#3756=ORIENTED_EDGE('',*,*,#2693,.T.);
#3757=ORIENTED_EDGE('',*,*,#2680,.T.);
#3758=ORIENTED_EDGE('',*,*,#2700,.F.);
#3759=ORIENTED_EDGE('',*,*,#2701,.T.);
#3760=ORIENTED_EDGE('',*,*,#2702,.T.);
#3761=ORIENTED_EDGE('',*,*,#2698,.T.);
#3762=ORIENTED_EDGE('',*,*,#2696,.F.);
#3763=ORIENTED_EDGE('',*,*,#2509,.T.);
#3764=ORIENTED_EDGE('',*,*,#2691,.F.);
#3765=ORIENTED_EDGE('',*,*,#2699,.F.);
#3766=ORIENTED_EDGE('',*,*,#2702,.F.);
#3767=ORIENTED_EDGE('',*,*,#2703,.T.);
#3768=ORIENTED_EDGE('',*,*,#2704,.T.);
#3769=ORIENTED_EDGE('',*,*,#2682,.T.);
#3770=ORIENTED_EDGE('',*,*,#2688,.T.);
#3771=ORIENTED_EDGE('',*,*,#2700,.T.);
#3772=ORIENTED_EDGE('',*,*,#2679,.T.);
#3773=ORIENTED_EDGE('',*,*,#2677,.T.);
#3774=ORIENTED_EDGE('',*,*,#2705,.T.);
#3775=ORIENTED_EDGE('',*,*,#2706,.F.);
#3776=ORIENTED_EDGE('',*,*,#2707,.F.);
#3777=ORIENTED_EDGE('',*,*,#2559,.F.);
#3778=ORIENTED_EDGE('',*,*,#2708,.F.);
#3779=ORIENTED_EDGE('',*,*,#2708,.T.);
#3780=ORIENTED_EDGE('',*,*,#2558,.F.);
#3781=ORIENTED_EDGE('',*,*,#2709,.T.);
#3782=ORIENTED_EDGE('',*,*,#2710,.T.);
#3783=ORIENTED_EDGE('',*,*,#2555,.F.);
#3784=ORIENTED_EDGE('',*,*,#2711,.F.);
#3785=ORIENTED_EDGE('',*,*,#2712,.F.);
#3786=ORIENTED_EDGE('',*,*,#2713,.F.);
#3787=ORIENTED_EDGE('',*,*,#2713,.T.);
#3788=ORIENTED_EDGE('',*,*,#2714,.T.);
#3789=ORIENTED_EDGE('',*,*,#2715,.F.);
#3790=ORIENTED_EDGE('',*,*,#2556,.F.);
#3791=ORIENTED_EDGE('',*,*,#2512,.T.);
#3792=ORIENTED_EDGE('',*,*,#2716,.F.);
#3793=ORIENTED_EDGE('',*,*,#2717,.T.);
#3794=ORIENTED_EDGE('',*,*,#2561,.T.);
#3795=ORIENTED_EDGE('',*,*,#2547,.T.);
#3796=ORIENTED_EDGE('',*,*,#2718,.T.);
#3797=ORIENTED_EDGE('',*,*,#2716,.T.);
#3798=ORIENTED_EDGE('',*,*,#2511,.T.);
#3799=ORIENTED_EDGE('',*,*,#2719,.T.);
#3800=ORIENTED_EDGE('',*,*,#2706,.T.);
#3801=ORIENTED_EDGE('',*,*,#2710,.F.);
#3802=ORIENTED_EDGE('',*,*,#2720,.F.);
#3803=ORIENTED_EDGE('',*,*,#2714,.F.);
#3804=ORIENTED_EDGE('',*,*,#2712,.T.);
#3805=ORIENTED_EDGE('',*,*,#2721,.T.);
#3806=ORIENTED_EDGE('',*,*,#2722,.T.);
#3807=ORIENTED_EDGE('',*,*,#2723,.T.);
#3808=ORIENTED_EDGE('',*,*,#2563,.T.);
#3809=ORIENTED_EDGE('',*,*,#2724,.T.);
#3810=ORIENTED_EDGE('',*,*,#2552,.T.);
#3811=ORIENTED_EDGE('',*,*,#2564,.F.);
#3812=ORIENTED_EDGE('',*,*,#2723,.F.);
#3813=ORIENTED_EDGE('',*,*,#2550,.T.);
#3814=ORIENTED_EDGE('',*,*,#2562,.T.);
#3815=ORIENTED_EDGE('',*,*,#2717,.F.);
#3816=ORIENTED_EDGE('',*,*,#2718,.F.);
#3817=ORIENTED_EDGE('',*,*,#2715,.T.);
#3818=ORIENTED_EDGE('',*,*,#2720,.T.);
#3819=ORIENTED_EDGE('',*,*,#2709,.F.);
#3820=ORIENTED_EDGE('',*,*,#2557,.F.);
#3821=ORIENTED_EDGE('',*,*,#2447,.F.);
#3822=ORIENTED_EDGE('',*,*,#2500,.F.);
#3823=ORIENTED_EDGE('',*,*,#2725,.T.);
#3824=ORIENTED_EDGE('',*,*,#2726,.T.);
#3825=ORIENTED_EDGE('',*,*,#2727,.T.);
#3826=ORIENTED_EDGE('',*,*,#2553,.F.);
#3827=ORIENTED_EDGE('',*,*,#2724,.F.);
#3828=ORIENTED_EDGE('',*,*,#2722,.F.);
#3829=ORIENTED_EDGE('',*,*,#2728,.T.);
#3830=ORIENTED_EDGE('',*,*,#2703,.F.);
#3831=ORIENTED_EDGE('',*,*,#2701,.F.);
#3832=ORIENTED_EDGE('',*,*,#2695,.F.);
#3833=ORIENTED_EDGE('',*,*,#2729,.T.);
#3834=ORIENTED_EDGE('',*,*,#2730,.T.);
#3835=ORIENTED_EDGE('',*,*,#2731,.T.);
#3836=ORIENTED_EDGE('',*,*,#2732,.F.);
#3837=ORIENTED_EDGE('',*,*,#2650,.T.);
#3838=ORIENTED_EDGE('',*,*,#2469,.F.);
#3839=ORIENTED_EDGE('',*,*,#2730,.F.);
#3840=ORIENTED_EDGE('',*,*,#2733,.F.);
#3841=ORIENTED_EDGE('',*,*,#2505,.F.);
#3842=ORIENTED_EDGE('',*,*,#2734,.F.);
#3843=ORIENTED_EDGE('',*,*,#2734,.T.);
#3844=ORIENTED_EDGE('',*,*,#2504,.F.);
#3845=ORIENTED_EDGE('',*,*,#2735,.F.);
#3846=ORIENTED_EDGE('',*,*,#2731,.F.);
#3847=ORIENTED_EDGE('',*,*,#2651,.T.);
#3848=ORIENTED_EDGE('',*,*,#2732,.T.);
#3849=ORIENTED_EDGE('',*,*,#2735,.T.);
#3850=ORIENTED_EDGE('',*,*,#2503,.F.);
#3851=ORIENTED_EDGE('',*,*,#2499,.F.);
#3852=ORIENTED_EDGE('',*,*,#2516,.T.);
#3853=ORIENTED_EDGE('',*,*,#2736,.T.);
#3854=ORIENTED_EDGE('',*,*,#2725,.F.);
#3855=ORIENTED_EDGE('',*,*,#2737,.T.);
#3856=ORIENTED_EDGE('',*,*,#2726,.F.);
#3857=ORIENTED_EDGE('',*,*,#2736,.F.);
#3858=ORIENTED_EDGE('',*,*,#2515,.F.);
#3859=ORIENTED_EDGE('',*,*,#2705,.F.);
#3860=ORIENTED_EDGE('',*,*,#2676,.T.);
#3861=ORIENTED_EDGE('',*,*,#2692,.F.);
#3862=ORIENTED_EDGE('',*,*,#2506,.T.);
#3863=ORIENTED_EDGE('',*,*,#2733,.T.);
#3864=ORIENTED_EDGE('',*,*,#2729,.F.);
#3865=ORIENTED_EDGE('',*,*,#2694,.F.);
#3866=ORIENTED_EDGE('',*,*,#2683,.T.);
#3867=ORIENTED_EDGE('',*,*,#2704,.F.);
#3868=ORIENTED_EDGE('',*,*,#2728,.F.);
#3869=ORIENTED_EDGE('',*,*,#2721,.F.);
#3870=ORIENTED_EDGE('',*,*,#2711,.T.);
#3871=ORIENTED_EDGE('',*,*,#2554,.F.);
#3872=ORIENTED_EDGE('',*,*,#2727,.F.);
#3873=ORIENTED_EDGE('',*,*,#2737,.F.);
#3874=ORIENTED_EDGE('',*,*,#2514,.T.);
#3875=ORIENTED_EDGE('',*,*,#2560,.F.);
#3876=ORIENTED_EDGE('',*,*,#2707,.T.);
#3877=ORIENTED_EDGE('',*,*,#2719,.F.);
#3878=ORIENTED_EDGE('',*,*,#2510,.T.);
#3879=ORIENTED_EDGE('',*,*,#2332,.F.);
#3880=ORIENTED_EDGE('',*,*,#2738,.T.);
#3881=ORIENTED_EDGE('',*,*,#2282,.T.);
#3882=ORIENTED_EDGE('',*,*,#2739,.T.);
#3883=ORIENTED_EDGE('',*,*,#2331,.F.);
#3884=ORIENTED_EDGE('',*,*,#2740,.F.);
#3885=ORIENTED_EDGE('',*,*,#2283,.F.);
#3886=ORIENTED_EDGE('',*,*,#2738,.F.);
#3887=ORIENTED_EDGE('',*,*,#2351,.F.);
#3888=ORIENTED_EDGE('',*,*,#2741,.T.);
#3889=ORIENTED_EDGE('',*,*,#2280,.T.);
#3890=ORIENTED_EDGE('',*,*,#2546,.F.);
#3891=ORIENTED_EDGE('',*,*,#2412,.F.);
#3892=ORIENTED_EDGE('',*,*,#2398,.F.);
#3893=ORIENTED_EDGE('',*,*,#2405,.F.);
#3894=ORIENTED_EDGE('',*,*,#2402,.F.);
#3895=ORIENTED_EDGE('',*,*,#2335,.F.);
#3896=ORIENTED_EDGE('',*,*,#2739,.F.);
#3897=ORIENTED_EDGE('',*,*,#2281,.F.);
#3898=ORIENTED_EDGE('',*,*,#2741,.F.);
#3899=ORIENTED_EDGE('',*,*,#2350,.F.);
#3900=ORIENTED_EDGE('',*,*,#2349,.F.);
#3901=ORIENTED_EDGE('',*,*,#2340,.F.);
#3902=ORIENTED_EDGE('',*,*,#2742,.T.);
#3903=ORIENTED_EDGE('',*,*,#2743,.T.);
#3904=ORIENTED_EDGE('',*,*,#2744,.T.);
#3905=ORIENTED_EDGE('',*,*,#2745,.T.);
#3906=ORIENTED_EDGE('',*,*,#2743,.F.);
#3907=ORIENTED_EDGE('',*,*,#2746,.F.);
#3908=ORIENTED_EDGE('',*,*,#2747,.T.);
#3909=ORIENTED_EDGE('',*,*,#2748,.T.);
#3910=ORIENTED_EDGE('',*,*,#2749,.T.);
#3911=ORIENTED_EDGE('',*,*,#2750,.T.);
#3912=ORIENTED_EDGE('',*,*,#2751,.T.);
#3913=ORIENTED_EDGE('',*,*,#2752,.T.);
#3914=ORIENTED_EDGE('',*,*,#2750,.F.);
#3915=ORIENTED_EDGE('',*,*,#2753,.T.);
#3916=ORIENTED_EDGE('',*,*,#2754,.F.);
#3917=ORIENTED_EDGE('',*,*,#2755,.F.);
#3918=ORIENTED_EDGE('',*,*,#2598,.F.);
#3919=ORIENTED_EDGE('',*,*,#2756,.F.);
#3920=ORIENTED_EDGE('',*,*,#2757,.T.);
#3921=ORIENTED_EDGE('',*,*,#2758,.T.);
#3922=ORIENTED_EDGE('',*,*,#2599,.F.);
#3923=ORIENTED_EDGE('',*,*,#2758,.F.);
#3924=ORIENTED_EDGE('',*,*,#2759,.F.);
#3925=ORIENTED_EDGE('',*,*,#2760,.F.);
#3926=ORIENTED_EDGE('',*,*,#2577,.F.);
#3927=ORIENTED_EDGE('',*,*,#2761,.F.);
#3928=ORIENTED_EDGE('',*,*,#2751,.F.);
#3929=ORIENTED_EDGE('',*,*,#2755,.T.);
#3930=ORIENTED_EDGE('',*,*,#2762,.T.);
#3931=ORIENTED_EDGE('',*,*,#2746,.T.);
#3932=ORIENTED_EDGE('',*,*,#2742,.F.);
#3933=ORIENTED_EDGE('',*,*,#2763,.F.);
#3934=ORIENTED_EDGE('',*,*,#2764,.T.);
#3935=ORIENTED_EDGE('',*,*,#2759,.T.);
#3936=ORIENTED_EDGE('',*,*,#2757,.F.);
#3937=ORIENTED_EDGE('',*,*,#2765,.F.);
#3938=ORIENTED_EDGE('',*,*,#2754,.T.);
#3939=ORIENTED_EDGE('',*,*,#2766,.T.);
#3940=ORIENTED_EDGE('',*,*,#2747,.F.);
#3941=ORIENTED_EDGE('',*,*,#2762,.F.);
#3942=ORIENTED_EDGE('',*,*,#2578,.F.);
#3943=ORIENTED_EDGE('',*,*,#2760,.T.);
#3944=ORIENTED_EDGE('',*,*,#2764,.F.);
#3945=ORIENTED_EDGE('',*,*,#2767,.F.);
#3946=ORIENTED_EDGE('',*,*,#2597,.F.);
#3947=ORIENTED_EDGE('',*,*,#2768,.F.);
#3948=ORIENTED_EDGE('',*,*,#2744,.F.);
#3949=ORIENTED_EDGE('',*,*,#2748,.F.);
#3950=ORIENTED_EDGE('',*,*,#2766,.F.);
#3951=ORIENTED_EDGE('',*,*,#2753,.F.);
#3952=ORIENTED_EDGE('',*,*,#2749,.F.);
#3953=ORIENTED_EDGE('',*,*,#2769,.F.);
#3954=ORIENTED_EDGE('',*,*,#2579,.F.);
#3955=ORIENTED_EDGE('',*,*,#2767,.T.);
#3956=ORIENTED_EDGE('',*,*,#2765,.T.);
#3957=ORIENTED_EDGE('',*,*,#2756,.T.);
#3958=ORIENTED_EDGE('',*,*,#2770,.T.);
#3959=ORIENTED_EDGE('',*,*,#2771,.T.);
#3960=ORIENTED_EDGE('',*,*,#2772,.T.);
#3961=ORIENTED_EDGE('',*,*,#2773,.T.);
#3962=ORIENTED_EDGE('',*,*,#2771,.F.);
#3963=ORIENTED_EDGE('',*,*,#2774,.F.);
#3964=ORIENTED_EDGE('',*,*,#2775,.F.);
#3965=ORIENTED_EDGE('',*,*,#2776,.T.);
#3966=ORIENTED_EDGE('',*,*,#2777,.T.);
#3967=ORIENTED_EDGE('',*,*,#2778,.T.);
#3968=ORIENTED_EDGE('',*,*,#2779,.T.);
#3969=ORIENTED_EDGE('',*,*,#2780,.T.);
#3970=ORIENTED_EDGE('',*,*,#2778,.F.);
#3971=ORIENTED_EDGE('',*,*,#2781,.T.);
#3972=ORIENTED_EDGE('',*,*,#2782,.T.);
#3973=ORIENTED_EDGE('',*,*,#2783,.F.);
#3974=ORIENTED_EDGE('',*,*,#2594,.F.);
#3975=ORIENTED_EDGE('',*,*,#2784,.F.);
#3976=ORIENTED_EDGE('',*,*,#2785,.F.);
#3977=ORIENTED_EDGE('',*,*,#2786,.T.);
#3978=ORIENTED_EDGE('',*,*,#2595,.F.);
#3979=ORIENTED_EDGE('',*,*,#2786,.F.);
#3980=ORIENTED_EDGE('',*,*,#2787,.F.);
#3981=ORIENTED_EDGE('',*,*,#2788,.F.);
#3982=ORIENTED_EDGE('',*,*,#2581,.F.);
#3983=ORIENTED_EDGE('',*,*,#2789,.F.);
#3984=ORIENTED_EDGE('',*,*,#2779,.F.);
#3985=ORIENTED_EDGE('',*,*,#2783,.T.);
#3986=ORIENTED_EDGE('',*,*,#2790,.T.);
#3987=ORIENTED_EDGE('',*,*,#2774,.T.);
#3988=ORIENTED_EDGE('',*,*,#2770,.F.);
#3989=ORIENTED_EDGE('',*,*,#2791,.F.);
#3990=ORIENTED_EDGE('',*,*,#2582,.F.);
#3991=ORIENTED_EDGE('',*,*,#2788,.T.);
#3992=ORIENTED_EDGE('',*,*,#2792,.T.);
#3993=ORIENTED_EDGE('',*,*,#2793,.F.);
#3994=ORIENTED_EDGE('',*,*,#2792,.F.);
#3995=ORIENTED_EDGE('',*,*,#2787,.T.);
#3996=ORIENTED_EDGE('',*,*,#2785,.T.);
#3997=ORIENTED_EDGE('',*,*,#2794,.F.);
#3998=ORIENTED_EDGE('',*,*,#2782,.F.);
#3999=ORIENTED_EDGE('',*,*,#2795,.T.);
#4000=ORIENTED_EDGE('',*,*,#2775,.T.);
#4001=ORIENTED_EDGE('',*,*,#2790,.F.);
#4002=ORIENTED_EDGE('',*,*,#2593,.F.);
#4003=ORIENTED_EDGE('',*,*,#2796,.F.);
#4004=ORIENTED_EDGE('',*,*,#2772,.F.);
#4005=ORIENTED_EDGE('',*,*,#2776,.F.);
#4006=ORIENTED_EDGE('',*,*,#2795,.F.);
#4007=ORIENTED_EDGE('',*,*,#2781,.F.);
#4008=ORIENTED_EDGE('',*,*,#2777,.F.);
#4009=ORIENTED_EDGE('',*,*,#2797,.F.);
#4010=ORIENTED_EDGE('',*,*,#2583,.F.);
#4011=ORIENTED_EDGE('',*,*,#2793,.T.);
#4012=ORIENTED_EDGE('',*,*,#2794,.T.);
#4013=ORIENTED_EDGE('',*,*,#2784,.T.);
#4014=ORIENTED_EDGE('',*,*,#2575,.T.);
#4015=ORIENTED_EDGE('',*,*,#2798,.T.);
#4016=ORIENTED_EDGE('',*,*,#2601,.T.);
#4017=ORIENTED_EDGE('',*,*,#2799,.T.);
#4018=ORIENTED_EDGE('',*,*,#2798,.F.);
#4019=ORIENTED_EDGE('',*,*,#2574,.T.);
#4020=ORIENTED_EDGE('',*,*,#2800,.T.);
#4021=ORIENTED_EDGE('',*,*,#2602,.T.);
#4022=ORIENTED_EDGE('',*,*,#2801,.F.);
#4023=ORIENTED_EDGE('',*,*,#2603,.T.);
#4024=ORIENTED_EDGE('',*,*,#2800,.F.);
#4025=ORIENTED_EDGE('',*,*,#2573,.F.);
#4026=ORIENTED_EDGE('',*,*,#2569,.T.);
#4027=ORIENTED_EDGE('',*,*,#2586,.T.);
#4028=ORIENTED_EDGE('',*,*,#2802,.F.);
#4029=ORIENTED_EDGE('',*,*,#2590,.F.);
#4030=ORIENTED_EDGE('',*,*,#2803,.F.);
#4031=ORIENTED_EDGE('',*,*,#2591,.T.);
#4032=ORIENTED_EDGE('',*,*,#2802,.T.);
#4033=ORIENTED_EDGE('',*,*,#2585,.T.);
#4034=ORIENTED_EDGE('',*,*,#2804,.T.);
#4035=ORIENTED_EDGE('',*,*,#2604,.T.);
#4036=ORIENTED_EDGE('',*,*,#2801,.T.);
#4037=ORIENTED_EDGE('',*,*,#2572,.T.);
#4038=ORIENTED_EDGE('',*,*,#2472,.T.);
#4039=ORIENTED_EDGE('',*,*,#2674,.T.);
#4040=ORIENTED_EDGE('',*,*,#2672,.F.);
#4041=ORIENTED_EDGE('',*,*,#2805,.F.);
#4042=ORIENTED_EDGE('',*,*,#2620,.F.);
#4043=ORIENTED_EDGE('',*,*,#2768,.T.);
#4044=ORIENTED_EDGE('',*,*,#2596,.F.);
#4045=ORIENTED_EDGE('',*,*,#2791,.T.);
#4046=ORIENTED_EDGE('',*,*,#2773,.F.);
#4047=ORIENTED_EDGE('',*,*,#2796,.T.);
#4048=ORIENTED_EDGE('',*,*,#2592,.F.);
#4049=ORIENTED_EDGE('',*,*,#2803,.T.);
#4050=ORIENTED_EDGE('',*,*,#2584,.T.);
#4051=ORIENTED_EDGE('',*,*,#2797,.T.);
#4052=ORIENTED_EDGE('',*,*,#2780,.F.);
#4053=ORIENTED_EDGE('',*,*,#2789,.T.);
#4054=ORIENTED_EDGE('',*,*,#2580,.T.);
#4055=ORIENTED_EDGE('',*,*,#2769,.T.);
#4056=ORIENTED_EDGE('',*,*,#2752,.F.);
#4057=ORIENTED_EDGE('',*,*,#2761,.T.);
#4058=ORIENTED_EDGE('',*,*,#2576,.T.);
#4059=ORIENTED_EDGE('',*,*,#2799,.F.);
#4060=ORIENTED_EDGE('',*,*,#2600,.F.);
#4061=ORIENTED_EDGE('',*,*,#2763,.T.);
#4062=ORIENTED_EDGE('',*,*,#2745,.F.);
#4063=ORIENTED_EDGE('',*,*,#2806,.T.);
#4064=ORIENTED_EDGE('',*,*,#2657,.F.);
#4065=ORIENTED_EDGE('',*,*,#2807,.T.);
#4066=ORIENTED_EDGE('',*,*,#2664,.F.);
#4067=ORIENTED_EDGE('',*,*,#2621,.F.);
#4068=ORIENTED_EDGE('',*,*,#2805,.T.);
#4069=ORIENTED_EDGE('',*,*,#2671,.F.);
#4070=ORIENTED_EDGE('',*,*,#2670,.F.);
#4071=ORIENTED_EDGE('',*,*,#2808,.F.);
#4072=ORIENTED_EDGE('',*,*,#2622,.F.);
#4073=ORIENTED_EDGE('',*,*,#2808,.T.);
#4074=ORIENTED_EDGE('',*,*,#2807,.F.);
#4075=ORIENTED_EDGE('',*,*,#2809,.F.);
#4076=ORIENTED_EDGE('',*,*,#2623,.F.);
#4077=ORIENTED_EDGE('',*,*,#2809,.T.);
#4078=ORIENTED_EDGE('',*,*,#2810,.T.);
#4079=ORIENTED_EDGE('',*,*,#2811,.T.);
#4080=ORIENTED_EDGE('',*,*,#2812,.F.);
#4081=ORIENTED_EDGE('',*,*,#2624,.F.);
#4082=ORIENTED_EDGE('',*,*,#2812,.T.);
#4083=ORIENTED_EDGE('',*,*,#2813,.T.);
#4084=ORIENTED_EDGE('',*,*,#2814,.F.);
#4085=ORIENTED_EDGE('',*,*,#2636,.F.);
#4086=ORIENTED_EDGE('',*,*,#2815,.T.);
#4087=ORIENTED_EDGE('',*,*,#2816,.T.);
#4088=ORIENTED_EDGE('',*,*,#2817,.F.);
#4089=ORIENTED_EDGE('',*,*,#2637,.F.);
#4090=ORIENTED_EDGE('',*,*,#2817,.T.);
#4091=ORIENTED_EDGE('',*,*,#2818,.T.);
#4092=ORIENTED_EDGE('',*,*,#2819,.T.);
#4093=ORIENTED_EDGE('',*,*,#2820,.F.);
#4094=ORIENTED_EDGE('',*,*,#2638,.F.);
#4095=ORIENTED_EDGE('',*,*,#2820,.T.);
#4096=ORIENTED_EDGE('',*,*,#2806,.F.);
#4097=ORIENTED_EDGE('',*,*,#2821,.F.);
#4098=ORIENTED_EDGE('',*,*,#2639,.F.);
#4099=ORIENTED_EDGE('',*,*,#2821,.T.);
#4100=ORIENTED_EDGE('',*,*,#2654,.F.);
#4101=ORIENTED_EDGE('',*,*,#2653,.F.);
#4102=ORIENTED_EDGE('',*,*,#2652,.F.);
#4103=ORIENTED_EDGE('',*,*,#2658,.F.);
#4104=ORIENTED_EDGE('',*,*,#2819,.F.);
#4105=ORIENTED_EDGE('',*,*,#2659,.F.);
#4106=ORIENTED_EDGE('',*,*,#2660,.F.);
#4107=ORIENTED_EDGE('',*,*,#2818,.F.);
#4108=ORIENTED_EDGE('',*,*,#2816,.F.);
#4109=ORIENTED_EDGE('',*,*,#2822,.F.);
#4110=ORIENTED_EDGE('',*,*,#2668,.F.);
#4111=ORIENTED_EDGE('',*,*,#2823,.F.);
#4112=ORIENTED_EDGE('',*,*,#2813,.F.);
#4113=ORIENTED_EDGE('',*,*,#2811,.F.);
#4114=ORIENTED_EDGE('',*,*,#2669,.F.);
#4115=ORIENTED_EDGE('',*,*,#2810,.F.);
#4116=ORIENTED_EDGE('',*,*,#2663,.F.);
#4117=ORIENTED_EDGE('',*,*,#2587,.F.);
#4118=ORIENTED_EDGE('',*,*,#2605,.T.);
#4119=ORIENTED_EDGE('',*,*,#2804,.F.);
#4120=ORIENTED_EDGE('',*,*,#2619,.F.);
#4121=ORIENTED_EDGE('',*,*,#2824,.T.);
#4122=ORIENTED_EDGE('',*,*,#2825,.F.);
#4123=ORIENTED_EDGE('',*,*,#2826,.F.);
#4124=ORIENTED_EDGE('',*,*,#2328,.F.);
#4125=ORIENTED_EDGE('',*,*,#2827,.T.);
#4126=ORIENTED_EDGE('',*,*,#2285,.T.);
#4127=ORIENTED_EDGE('',*,*,#2284,.T.);
#4128=ORIENTED_EDGE('',*,*,#2740,.T.);
#4129=ORIENTED_EDGE('',*,*,#2828,.F.);
#4130=ORIENTED_EDGE('',*,*,#2829,.T.);
#4131=ORIENTED_EDGE('',*,*,#2629,.T.);
#4132=ORIENTED_EDGE('',*,*,#2830,.F.);
#4133=ORIENTED_EDGE('',*,*,#2430,.F.);
#4134=ORIENTED_EDGE('',*,*,#2431,.F.);
#4135=ORIENTED_EDGE('',*,*,#2830,.T.);
#4136=ORIENTED_EDGE('',*,*,#2628,.T.);
#4137=ORIENTED_EDGE('',*,*,#2831,.F.);
#4138=ORIENTED_EDGE('',*,*,#2432,.F.);
#4139=ORIENTED_EDGE('',*,*,#2831,.T.);
#4140=ORIENTED_EDGE('',*,*,#2627,.T.);
#4141=ORIENTED_EDGE('',*,*,#2832,.F.);
#4142=ORIENTED_EDGE('',*,*,#2423,.F.);
#4143=ORIENTED_EDGE('',*,*,#2833,.F.);
#4144=ORIENTED_EDGE('',*,*,#2834,.T.);
#4145=ORIENTED_EDGE('',*,*,#2630,.T.);
#4146=ORIENTED_EDGE('',*,*,#2519,.F.);
#4147=ORIENTED_EDGE('',*,*,#2425,.F.);
#4148=ORIENTED_EDGE('',*,*,#2835,.T.);
#4149=ORIENTED_EDGE('',*,*,#2625,.T.);
#4150=ORIENTED_EDGE('',*,*,#2814,.T.);
#4151=ORIENTED_EDGE('',*,*,#2823,.T.);
#4152=ORIENTED_EDGE('',*,*,#2544,.F.);
#4153=ORIENTED_EDGE('',*,*,#2822,.T.);
#4154=ORIENTED_EDGE('',*,*,#2815,.F.);
#4155=ORIENTED_EDGE('',*,*,#2635,.T.);
#4156=ORIENTED_EDGE('',*,*,#2836,.F.);
#4157=ORIENTED_EDGE('',*,*,#2424,.F.);
#4158=ORIENTED_EDGE('',*,*,#2832,.T.);
#4159=ORIENTED_EDGE('',*,*,#2626,.T.);
#4160=ORIENTED_EDGE('',*,*,#2835,.F.);
#4161=ORIENTED_EDGE('',*,*,#2837,.F.);
#4162=ORIENTED_EDGE('',*,*,#2824,.F.);
#4163=ORIENTED_EDGE('',*,*,#2618,.T.);
#4164=ORIENTED_EDGE('',*,*,#2829,.F.);
#4165=ORIENTED_EDGE('',*,*,#2419,.F.);
#4166=ORIENTED_EDGE('',*,*,#2838,.T.);
#4167=ORIENTED_EDGE('',*,*,#2631,.T.);
#4168=ORIENTED_EDGE('',*,*,#2834,.F.);
#4169=ORIENTED_EDGE('',*,*,#2418,.F.);
#4170=ORIENTED_EDGE('',*,*,#2839,.T.);
#4171=ORIENTED_EDGE('',*,*,#2632,.T.);
#4172=ORIENTED_EDGE('',*,*,#2838,.F.);
#4173=ORIENTED_EDGE('',*,*,#2417,.F.);
#4174=ORIENTED_EDGE('',*,*,#2427,.F.);
#4175=ORIENTED_EDGE('',*,*,#2840,.T.);
#4176=ORIENTED_EDGE('',*,*,#2633,.T.);
#4177=ORIENTED_EDGE('',*,*,#2839,.F.);
#4178=ORIENTED_EDGE('',*,*,#2426,.F.);
#4179=ORIENTED_EDGE('',*,*,#2836,.T.);
#4180=ORIENTED_EDGE('',*,*,#2634,.T.);
#4181=ORIENTED_EDGE('',*,*,#2840,.F.);
#4182=ORIENTED_EDGE('',*,*,#2837,.T.);
#4183=ORIENTED_EDGE('',*,*,#2828,.T.);
#4184=ORIENTED_EDGE('',*,*,#2429,.T.);
#4185=ORIENTED_EDGE('',*,*,#2841,.T.);
#4186=ORIENTED_EDGE('',*,*,#2825,.T.);
#4187=ORIENTED_EDGE('',*,*,#2833,.T.);
#4188=ORIENTED_EDGE('',*,*,#2518,.T.);
#4189=ORIENTED_EDGE('',*,*,#2523,.T.);
#4190=ORIENTED_EDGE('',*,*,#2420,.T.);
#4191=ORIENTED_EDGE('',*,*,#2541,.T.);
#4192=ORIENTED_EDGE('',*,*,#2288,.T.);
#4193=ORIENTED_EDGE('',*,*,#2842,.T.);
#4194=ORIENTED_EDGE('',*,*,#2414,.T.);
#4195=ORIENTED_EDGE('',*,*,#2343,.F.);
#4196=ORIENTED_EDGE('',*,*,#2342,.F.);
#4197=ORIENTED_EDGE('',*,*,#2843,.F.);
#4198=ORIENTED_EDGE('',*,*,#2286,.F.);
#4199=ORIENTED_EDGE('',*,*,#2827,.F.);
#4200=ORIENTED_EDGE('',*,*,#2326,.F.);
#4201=ORIENTED_EDGE('',*,*,#2337,.F.);
#4202=ORIENTED_EDGE('',*,*,#2341,.F.);
#4203=ORIENTED_EDGE('',*,*,#2356,.F.);
#4204=ORIENTED_EDGE('',*,*,#2410,.F.);
#4205=ORIENTED_EDGE('',*,*,#2407,.F.);
#4206=ORIENTED_EDGE('',*,*,#2415,.F.);
#4207=ORIENTED_EDGE('',*,*,#2842,.F.);
#4208=ORIENTED_EDGE('',*,*,#2287,.F.);
#4209=ORIENTED_EDGE('',*,*,#2843,.T.);
#4210=ORIENTED_EDGE('',*,*,#2588,.F.);
#4211=ORIENTED_EDGE('',*,*,#2826,.T.);
#4212=ORIENTED_EDGE('',*,*,#2841,.F.);
#4213=ORIENTED_EDGE('',*,*,#2434,.T.);
#4214=PLANE('',#4571);
#4215=PLANE('',#4573);
#4216=PLANE('',#4607);
#4217=PLANE('',#4613);
#4218=PLANE('',#4623);
#4219=PLANE('',#4629);
#4220=PLANE('',#4642);
#4221=PLANE('',#4649);
#4222=PLANE('',#4653);
#4223=PLANE('',#4656);
#4224=PLANE('',#4665);
#4225=PLANE('',#4666);
#4226=PLANE('',#4667);
#4227=PLANE('',#4684);
#4228=PLANE('',#4686);
#4229=PLANE('',#4704);
#4230=PLANE('',#4708);
#4231=PLANE('',#4724);
#4232=PLANE('',#4725);
#4233=PLANE('',#4727);
#4234=PLANE('',#4735);
#4235=PLANE('',#4736);
#4236=PLANE('',#4737);
#4237=PLANE('',#4746);
#4238=PLANE('',#4748);
#4239=PLANE('',#4749);
#4240=PLANE('',#4751);
#4241=PLANE('',#4752);
#4242=PLANE('',#4753);
#4243=PLANE('',#4754);
#4244=PLANE('',#4755);
#4245=PLANE('',#4757);
#4246=PLANE('',#4759);
#4247=PLANE('',#4760);
#4248=PLANE('',#4770);
#4249=PLANE('',#4772);
#4250=PLANE('',#4773);
#4251=PLANE('',#4777);
#4252=PLANE('',#4781);
#4253=PLANE('',#4785);
#4254=PLANE('',#4789);
#4255=PLANE('',#4790);
#4256=PLANE('',#4791);
#4257=PLANE('',#4794);
#4258=PLANE('',#4797);
#4259=PLANE('',#4798);
#4260=PLANE('',#4800);
#4261=PLANE('',#4804);
#4262=PLANE('',#4808);
#4263=PLANE('',#4809);
#4264=PLANE('',#4810);
#4265=PLANE('',#4819);
#4266=PLANE('',#4820);
#4267=PLANE('',#4825);
#4268=PLANE('',#4828);
#4269=PLANE('',#4829);
#4270=PLANE('',#4830);
#4271=PLANE('',#4835);
#4272=PLANE('',#4838);
#4273=PLANE('',#4842);
#4274=PLANE('',#4847);
#4275=PLANE('',#4850);
#4276=PLANE('',#4851);
#4277=PLANE('',#4855);
#4278=PLANE('',#4859);
#4279=PLANE('',#4860);
#4280=PLANE('',#4861);
#4281=PLANE('',#4870);
#4282=PLANE('',#4871);
#4283=PLANE('',#4877);
#4284=PLANE('',#4881);
#4285=PLANE('',#4882);
#4286=PLANE('',#4883);
#4287=PLANE('',#4888);
#4288=PLANE('',#4893);
#4289=PLANE('',#4899);
#4290=PLANE('',#4905);
#4291=PLANE('',#4907);
#4292=PLANE('',#4909);
#4293=PLANE('',#4910);
#4294=PLANE('',#4911);
#4295=PLANE('',#4912);
#4296=PLANE('',#4913);
#4297=PLANE('',#4914);
#4298=PLANE('',#4915);
#4299=PLANE('',#4917);
#4300=PLANE('',#4918);
#4301=PLANE('',#4919);
#4302=PLANE('',#4922);
#4303=PLANE('',#4923);
#4304=ADVANCED_FACE('',(#1018),#4214,.F.);
#4305=ADVANCED_FACE('',(#1019),#4215,.F.);
#4306=ADVANCED_FACE('',(#1020),#1005,.F.);
#4307=ADVANCED_FACE('',(#1021),#350,.F.);
#4308=ADVANCED_FACE('',(#1022),#1006,.F.);
#4309=ADVANCED_FACE('',(#1023),#351,.F.);
#4310=ADVANCED_FACE('',(#1024),#1007,.F.);
#4311=ADVANCED_FACE('',(#1025),#352,.F.);
#4312=ADVANCED_FACE('',(#1026),#1008,.F.);
#4313=ADVANCED_FACE('',(#1027),#353,.F.);
#4314=ADVANCED_FACE('',(#1028),#354,.F.);
#4315=ADVANCED_FACE('',(#1029),#355,.F.);
#4316=ADVANCED_FACE('',(#1030),#356,.F.);
#4317=ADVANCED_FACE('',(#1031),#357,.F.);
#4318=ADVANCED_FACE('',(#1032,#96),#358,.F.);
#4319=ADVANCED_FACE('',(#1033),#1009,.F.);
#4320=ADVANCED_FACE('',(#1034),#359,.F.);
#4321=ADVANCED_FACE('',(#1035,#97),#4216,.F.);
#4322=ADVANCED_FACE('',(#1036),#1010,.F.);
#4323=ADVANCED_FACE('',(#1037),#360,.F.);
#4324=ADVANCED_FACE('',(#1038,#98),#4217,.F.);
#4325=ADVANCED_FACE('',(#1039),#361,.F.);
#4326=ADVANCED_FACE('',(#1040),#362,.F.);
#4327=ADVANCED_FACE('',(#1041),#1011,.F.);
#4328=ADVANCED_FACE('',(#1042),#363,.F.);
#4329=ADVANCED_FACE('',(#1043,#99),#4218,.F.);
#4330=ADVANCED_FACE('',(#1044),#1012,.F.);
#4331=ADVANCED_FACE('',(#1045),#364,.F.);
#4332=ADVANCED_FACE('',(#1046,#100),#4219,.F.);
#4333=ADVANCED_FACE('',(#1047),#365,.F.);
#4334=ADVANCED_FACE('',(#1048),#366,.F.);
#4335=ADVANCED_FACE('',(#1049),#22,.T.);
#4336=ADVANCED_FACE('',(#1050),#1013,.F.);
#4337=ADVANCED_FACE('',(#1051),#367,.F.);
#4338=ADVANCED_FACE('',(#1052,#101),#4220,.F.);
#4339=ADVANCED_FACE('',(#1053),#368,.F.);
#4340=ADVANCED_FACE('',(#1054),#369,.F.);
#4341=ADVANCED_FACE('',(#1055),#4221,.F.);
#4342=ADVANCED_FACE('',(#1056),#370,.F.);
#4343=ADVANCED_FACE('',(#1057),#4222,.T.);
#4344=ADVANCED_FACE('',(#1058),#4223,.F.);
#4345=ADVANCED_FACE('',(#1059),#371,.F.);
#4346=ADVANCED_FACE('',(#1060),#372,.F.);
#4347=ADVANCED_FACE('',(#1061),#373,.F.);
#4348=ADVANCED_FACE('',(#1062),#374,.F.);
#4349=ADVANCED_FACE('',(#1063),#4224,.F.);
#4350=ADVANCED_FACE('',(#1064),#4225,.F.);
#4351=ADVANCED_FACE('',(#1065,#102,#103,#104,#105,#106,#107,#108,#109,#110,
#111,#112,#113),#4226,.T.);
#4352=ADVANCED_FACE('',(#1066),#1014,.F.);
#4353=ADVANCED_FACE('',(#1067),#375,.F.);
#4354=ADVANCED_FACE('',(#1068),#23,.T.);
#4355=ADVANCED_FACE('',(#1069),#376,.F.);
#4356=ADVANCED_FACE('',(#1070),#1015,.F.);
#4357=ADVANCED_FACE('',(#1071),#377,.F.);
#4358=ADVANCED_FACE('',(#1072,#114),#4227,.T.);
#4359=ADVANCED_FACE('',(#1073),#4228,.F.);
#4360=ADVANCED_FACE('',(#1074),#378,.F.);
#4361=ADVANCED_FACE('',(#1075),#24,.F.);
#4362=ADVANCED_FACE('',(#1076),#25,.F.);
#4363=ADVANCED_FACE('',(#1077),#379,.T.);
#4364=ADVANCED_FACE('',(#1078),#26,.F.);
#4365=ADVANCED_FACE('',(#1079),#27,.F.);
#4366=ADVANCED_FACE('',(#1080),#28,.F.);
#4367=ADVANCED_FACE('',(#1081),#29,.F.);
#4368=ADVANCED_FACE('',(#1082),#30,.F.);
#4369=ADVANCED_FACE('',(#1083),#31,.F.);
#4370=ADVANCED_FACE('',(#1084),#32,.T.);
#4371=ADVANCED_FACE('',(#1085),#33,.T.);
#4372=ADVANCED_FACE('',(#1086),#34,.T.);
#4373=ADVANCED_FACE('',(#1087),#35,.T.);
#4374=ADVANCED_FACE('',(#1088),#36,.T.);
#4375=ADVANCED_FACE('',(#1089),#37,.T.);
#4376=ADVANCED_FACE('',(#1090),#4229,.T.);
#4377=ADVANCED_FACE('',(#1091),#380,.F.);
#4378=ADVANCED_FACE('',(#1092),#4230,.F.);
#4379=ADVANCED_FACE('',(#1093),#38,.T.);
#4380=ADVANCED_FACE('',(#1094),#39,.T.);
#4381=ADVANCED_FACE('',(#1095),#40,.T.);
#4382=ADVANCED_FACE('',(#1096,#115),#21,.F.);
#4383=ADVANCED_FACE('',(#1097,#116),#381,.F.);
#4384=ADVANCED_FACE('',(#1098),#41,.T.);
#4385=ADVANCED_FACE('',(#1099),#42,.T.);
#4386=ADVANCED_FACE('',(#1100),#43,.T.);
#4387=ADVANCED_FACE('',(#1101),#44,.T.);
#4388=ADVANCED_FACE('',(#1102),#45,.T.);
#4389=ADVANCED_FACE('',(#1103,#117,#118),#382,.F.);
#4390=ADVANCED_FACE('',(#1104),#46,.T.);
#4391=ADVANCED_FACE('',(#1105,#119,#120),#383,.F.);
#4392=ADVANCED_FACE('',(#1106),#4231,.F.);
#4393=ADVANCED_FACE('',(#1107),#4232,.F.);
#4394=ADVANCED_FACE('',(#1108),#47,.F.);
#4395=ADVANCED_FACE('',(#1109),#4233,.T.);
#4396=ADVANCED_FACE('',(#1110),#48,.F.);
#4397=ADVANCED_FACE('',(#1111),#49,.T.);
#4398=ADVANCED_FACE('',(#1112),#50,.T.);
#4399=ADVANCED_FACE('',(#1113),#15,.T.);
#4400=ADVANCED_FACE('',(#1114),#51,.T.);
#4401=ADVANCED_FACE('',(#1115),#52,.T.);
#4402=ADVANCED_FACE('',(#1116),#384,.T.);
#4403=ADVANCED_FACE('',(#1117),#53,.F.);
#4404=ADVANCED_FACE('',(#1118),#54,.F.);
#4405=ADVANCED_FACE('',(#1119),#55,.F.);
#4406=ADVANCED_FACE('',(#1120),#4234,.T.);
#4407=ADVANCED_FACE('',(#1121),#56,.T.);
#4408=ADVANCED_FACE('',(#1122),#57,.T.);
#4409=ADVANCED_FACE('',(#1123),#58,.F.);
#4410=ADVANCED_FACE('',(#1124),#4235,.F.);
#4411=ADVANCED_FACE('',(#1125),#4236,.F.);
#4412=ADVANCED_FACE('',(#1126),#385,.T.);
#4413=ADVANCED_FACE('',(#1127),#59,.F.);
#4414=ADVANCED_FACE('',(#1128),#60,.F.);
#4415=ADVANCED_FACE('',(#1129),#61,.F.);
#4416=ADVANCED_FACE('',(#1130),#16,.T.);
#4417=ADVANCED_FACE('',(#1131),#4237,.F.);
#4418=ADVANCED_FACE('',(#1132),#4238,.F.);
#4419=ADVANCED_FACE('',(#1133),#4239,.F.);
#4420=ADVANCED_FACE('',(#1134),#4240,.F.);
#4421=ADVANCED_FACE('',(#1135),#62,.T.);
#4422=ADVANCED_FACE('',(#1136),#63,.T.);
#4423=ADVANCED_FACE('',(#1137),#64,.F.);
#4424=ADVANCED_FACE('',(#1138),#4241,.F.);
#4425=ADVANCED_FACE('',(#1139),#65,.T.);
#4426=ADVANCED_FACE('',(#1140),#66,.T.);
#4427=ADVANCED_FACE('',(#1141),#67,.T.);
#4428=ADVANCED_FACE('',(#1142),#68,.T.);
#4429=ADVANCED_FACE('',(#1143),#69,.T.);
#4430=ADVANCED_FACE('',(#1144,#121,#122),#4242,.T.);
#4431=ADVANCED_FACE('',(#1145),#4243,.T.);
#4432=ADVANCED_FACE('',(#1146),#4244,.T.);
#4433=ADVANCED_FACE('',(#1147),#386,.T.);
#4434=ADVANCED_FACE('',(#1148),#4245,.F.);
#4435=ADVANCED_FACE('',(#1149),#70,.F.);
#4436=ADVANCED_FACE('',(#1150),#387,.T.);
#4437=ADVANCED_FACE('',(#1151),#4246,.T.);
#4438=ADVANCED_FACE('',(#1152),#4247,.T.);
#4439=ADVANCED_FACE('',(#1153),#388,.F.);
#4440=ADVANCED_FACE('',(#1154),#71,.T.);
#4441=ADVANCED_FACE('',(#1155),#4248,.T.);
#4442=ADVANCED_FACE('',(#1156),#4249,.T.);
#4443=ADVANCED_FACE('',(#1157),#72,.T.);
#4444=ADVANCED_FACE('',(#1158),#4250,.T.);
#4445=ADVANCED_FACE('',(#1159),#389,.F.);
#4446=ADVANCED_FACE('',(#1160),#4251,.T.);
#4447=ADVANCED_FACE('',(#1161),#390,.F.);
#4448=ADVANCED_FACE('',(#1162),#4252,.T.);
#4449=ADVANCED_FACE('',(#1163),#391,.F.);
#4450=ADVANCED_FACE('',(#1164),#4253,.T.);
#4451=ADVANCED_FACE('',(#1165),#392,.F.);
#4452=ADVANCED_FACE('',(#1166),#4254,.T.);
#4453=ADVANCED_FACE('',(#1167,#123,#124),#4255,.T.);
#4454=ADVANCED_FACE('',(#1168,#125,#126),#4256,.T.);
#4455=ADVANCED_FACE('',(#1169),#73,.F.);
#4456=ADVANCED_FACE('',(#1170),#393,.T.);
#4457=ADVANCED_FACE('',(#1171),#4257,.T.);
#4458=ADVANCED_FACE('',(#1172),#74,.F.);
#4459=ADVANCED_FACE('',(#1173),#394,.T.);
#4460=ADVANCED_FACE('',(#1174),#4258,.T.);
#4461=ADVANCED_FACE('',(#1175),#4259,.F.);
#4462=ADVANCED_FACE('',(#1176),#17,.T.);
#4463=ADVANCED_FACE('',(#1177),#18,.F.);
#4464=ADVANCED_FACE('',(#1178),#19,.T.);
#4465=ADVANCED_FACE('',(#1179),#20,.F.);
#4466=ADVANCED_FACE('',(#1180),#4260,.F.);
#4467=ADVANCED_FACE('',(#1181),#395,.T.);
#4468=ADVANCED_FACE('',(#1182),#4261,.F.);
#4469=ADVANCED_FACE('',(#1183),#396,.T.);
#4470=ADVANCED_FACE('',(#1184),#4262,.F.);
#4471=ADVANCED_FACE('',(#1185),#4263,.F.);
#4472=ADVANCED_FACE('',(#1186),#4264,.F.);
#4473=ADVANCED_FACE('',(#1187),#397,.F.);
#4474=ADVANCED_FACE('',(#1188),#398,.T.);
#4475=ADVANCED_FACE('',(#1189),#4265,.F.);
#4476=ADVANCED_FACE('',(#1190),#4266,.F.);
#4477=ADVANCED_FACE('',(#1191),#399,.T.);
#4478=ADVANCED_FACE('',(#1192),#4267,.T.);
#4479=ADVANCED_FACE('',(#1193),#400,.T.);
#4480=ADVANCED_FACE('',(#1194),#4268,.T.);
#4481=ADVANCED_FACE('',(#1195),#4269,.T.);
#4482=ADVANCED_FACE('',(#1196),#4270,.T.);
#4483=ADVANCED_FACE('',(#1197),#4271,.T.);
#4484=ADVANCED_FACE('',(#1198),#401,.F.);
#4485=ADVANCED_FACE('',(#1199),#402,.T.);
#4486=ADVANCED_FACE('',(#1200),#4272,.F.);
#4487=ADVANCED_FACE('',(#1201),#1016,.F.);
#4488=ADVANCED_FACE('',(#1202),#4273,.F.);
#4489=ADVANCED_FACE('',(#1203),#403,.F.);
#4490=ADVANCED_FACE('',(#1204),#404,.F.);
#4491=ADVANCED_FACE('',(#1205),#4274,.T.);
#4492=ADVANCED_FACE('',(#1206),#405,.F.);
#4493=ADVANCED_FACE('',(#1207),#75,.F.);
#4494=ADVANCED_FACE('',(#1208),#4275,.T.);
#4495=ADVANCED_FACE('',(#1209),#4276,.T.);
#4496=ADVANCED_FACE('',(#1210),#76,.T.);
#4497=ADVANCED_FACE('',(#1211),#406,.T.);
#4498=ADVANCED_FACE('',(#1212),#4277,.T.);
#4499=ADVANCED_FACE('',(#1213),#407,.T.);
#4500=ADVANCED_FACE('',(#1214),#4278,.T.);
#4501=ADVANCED_FACE('',(#1215),#4279,.T.);
#4502=ADVANCED_FACE('',(#1216),#4280,.T.);
#4503=ADVANCED_FACE('',(#1217),#408,.F.);
#4504=ADVANCED_FACE('',(#1218),#409,.T.);
#4505=ADVANCED_FACE('',(#1219),#4281,.T.);
#4506=ADVANCED_FACE('',(#1220),#4282,.T.);
#4507=ADVANCED_FACE('',(#1221),#410,.T.);
#4508=ADVANCED_FACE('',(#1222),#4283,.F.);
#4509=ADVANCED_FACE('',(#1223),#411,.T.);
#4510=ADVANCED_FACE('',(#1224),#4284,.F.);
#4511=ADVANCED_FACE('',(#1225),#4285,.F.);
#4512=ADVANCED_FACE('',(#1226),#4286,.F.);
#4513=ADVANCED_FACE('',(#1227),#4287,.F.);
#4514=ADVANCED_FACE('',(#1228),#412,.F.);
#4515=ADVANCED_FACE('',(#1229),#413,.T.);
#4516=ADVANCED_FACE('',(#1230),#4288,.F.);
#4517=ADVANCED_FACE('',(#1231),#1017,.F.);
#4518=ADVANCED_FACE('',(#1232),#4289,.T.);
#4519=ADVANCED_FACE('',(#1233),#414,.F.);
#4520=ADVANCED_FACE('',(#1234),#415,.F.);
#4521=ADVANCED_FACE('',(#1235),#4290,.F.);
#4522=ADVANCED_FACE('',(#1236),#4291,.T.);
#4523=ADVANCED_FACE('',(#1237),#416,.F.);
#4524=ADVANCED_FACE('',(#1238),#4292,.F.);
#4525=ADVANCED_FACE('',(#1239),#4293,.F.);
#4526=ADVANCED_FACE('',(#1240),#77,.F.);
#4527=ADVANCED_FACE('',(#1241),#78,.F.);
#4528=ADVANCED_FACE('',(#1242),#79,.F.);
#4529=ADVANCED_FACE('',(#1243),#80,.F.);
#4530=ADVANCED_FACE('',(#1244),#81,.F.);
#4531=ADVANCED_FACE('',(#1245),#82,.F.);
#4532=ADVANCED_FACE('',(#1246),#83,.F.);
#4533=ADVANCED_FACE('',(#1247),#84,.F.);
#4534=ADVANCED_FACE('',(#1248),#4294,.T.);
#4535=ADVANCED_FACE('',(#1249),#4295,.T.);
#4536=ADVANCED_FACE('',(#1250),#4296,.T.);
#4537=ADVANCED_FACE('',(#1251),#4297,.T.);
#4538=ADVANCED_FACE('',(#1252),#4298,.F.);
#4539=ADVANCED_FACE('',(#1253),#85,.F.);
#4540=ADVANCED_FACE('',(#1254),#86,.F.);
#4541=ADVANCED_FACE('',(#1255),#87,.F.);
#4542=ADVANCED_FACE('',(#1256),#88,.F.);
#4543=ADVANCED_FACE('',(#1257),#4299,.F.);
#4544=ADVANCED_FACE('',(#1258),#4300,.F.);
#4545=ADVANCED_FACE('',(#1259),#89,.F.);
#4546=ADVANCED_FACE('',(#1260),#4301,.F.);
#4547=ADVANCED_FACE('',(#1261),#90,.F.);
#4548=ADVANCED_FACE('',(#1262),#91,.F.);
#4549=ADVANCED_FACE('',(#1263),#92,.F.);
#4550=ADVANCED_FACE('',(#1264),#93,.F.);
#4551=ADVANCED_FACE('',(#1265),#417,.T.);
#4552=ADVANCED_FACE('',(#1266),#418,.T.);
#4553=ADVANCED_FACE('',(#1267),#94,.F.);
#4554=ADVANCED_FACE('',(#1268),#95,.T.);
#4555=ADVANCED_FACE('',(#1269),#4302,.T.);
#4556=ADVANCED_FACE('',(#1270),#4303,.T.);
#4557=CLOSED_SHELL('',(#4304,#4305,#4306,#4307,#4308,#4309,#4310,#4311,
#4312,#4313,#4314,#4315,#4316,#4317,#4318,#4319,#4320,#4321,#4322,#4323,
#4324,#4325,#4326,#4327,#4328,#4329,#4330,#4331,#4332,#4333,#4334,#4335,
#4336,#4337,#4338,#4339,#4340,#4341,#4342,#4343,#4344,#4345,#4346,#4347,
#4348,#4349,#4350,#4351,#4352,#4353,#4354,#4355,#4356,#4357,#4358,#4359,
#4360,#4361,#4362,#4363,#4364,#4365,#4366,#4367,#4368,#4369,#4370,#4371,
#4372,#4373,#4374,#4375,#4376,#4377,#4378,#4379,#4380,#4381,#4382,#4383,
#4384,#4385,#4386,#4387,#4388,#4389,#4390,#4391,#4392,#4393,#4394,#4395,
#4396,#4397,#4398,#4399,#4400,#4401,#4402,#4403,#4404,#4405,#4406,#4407,
#4408,#4409,#4410,#4411,#4412,#4413,#4414,#4415,#4416,#4417,#4418,#4419,
#4420,#4421,#4422,#4423,#4424,#4425,#4426,#4427,#4428,#4429,#4430,#4431,
#4432,#4433,#4434,#4435,#4436,#4437,#4438,#4439,#4440,#4441,#4442,#4443,
#4444,#4445,#4446,#4447,#4448,#4449,#4450,#4451,#4452,#4453,#4454,#4455,
#4456,#4457,#4458,#4459,#4460,#4461,#4462,#4463,#4464,#4465,#4466,#4467,
#4468,#4469,#4470,#4471,#4472,#4473,#4474,#4475,#4476,#4477,#4478,#4479,
#4480,#4481,#4482,#4483,#4484,#4485,#4486,#4487,#4488,#4489,#4490,#4491,
#4492,#4493,#4494,#4495,#4496,#4497,#4498,#4499,#4500,#4501,#4502,#4503,
#4504,#4505,#4506,#4507,#4508,#4509,#4510,#4511,#4512,#4513,#4514,#4515,
#4516,#4517,#4518,#4519,#4520,#4521,#4522,#4523,#4524,#4525,#4526,#4527,
#4528,#4529,#4530,#4531,#4532,#4533,#4534,#4535,#4536,#4537,#4538,#4539,
#4540,#4541,#4542,#4543,#4544,#4545,#4546,#4547,#4548,#4549,#4550,#4551,
#4552,#4553,#4554,#4555,#4556));
#4558=DERIVED_UNIT_ELEMENT(#4560,1.);
#4559=DERIVED_UNIT_ELEMENT(#11418,-3.);
#4560=(
MASS_UNIT()
NAMED_UNIT(*)
SI_UNIT(.KILO.,.GRAM.)
);
#4561=DERIVED_UNIT((#4558,#4559));
#4562=MEASURE_REPRESENTATION_ITEM('density measure',
POSITIVE_RATIO_MEASURE(7850.),#4561);
#4563=PROPERTY_DEFINITION_REPRESENTATION(#4568,#4565);
#4564=PROPERTY_DEFINITION_REPRESENTATION(#4569,#4566);
#4565=REPRESENTATION('material name',(#4567),#11415);
#4566=REPRESENTATION('density',(#4562),#11415);
#4567=DESCRIPTIVE_REPRESENTATION_ITEM('Steel','Steel');
#4568=PROPERTY_DEFINITION('material property','material name',#11425);
#4569=PROPERTY_DEFINITION('material property','density of part',#11425);
#4570=AXIS2_PLACEMENT_3D('',#5925,#4924,#4925);
#4571=AXIS2_PLACEMENT_3D('',#5926,#4926,#4927);
#4572=AXIS2_PLACEMENT_3D('',#5928,#4928,#4929);
#4573=AXIS2_PLACEMENT_3D('',#5929,#4930,#4931);
#4574=AXIS2_PLACEMENT_3D('',#5931,#4932,#4933);
#4575=AXIS2_PLACEMENT_3D('',#5932,#4934,#4935);
#4576=AXIS2_PLACEMENT_3D('',#5934,#4936,#4937);
#4577=AXIS2_PLACEMENT_3D('',#5937,#4939,#4940);
#4578=AXIS2_PLACEMENT_3D('',#5938,#4941,#4942);
#4579=AXIS2_PLACEMENT_3D('',#5978,#4944,#4945);
#4580=AXIS2_PLACEMENT_3D('',#5980,#4946,#4947);
#4581=AXIS2_PLACEMENT_3D('',#5983,#4949,#4950);
#4582=AXIS2_PLACEMENT_3D('',#5984,#4951,#4952);
#4583=AXIS2_PLACEMENT_3D('',#6034,#4954,#4955);
#4584=AXIS2_PLACEMENT_3D('',#6036,#4956,#4957);
#4585=AXIS2_PLACEMENT_3D('',#6039,#4959,#4960);
#4586=AXIS2_PLACEMENT_3D('',#6040,#4961,#4962);
#4587=AXIS2_PLACEMENT_3D('',#6084,#4964,#4965);
#4588=AXIS2_PLACEMENT_3D('',#6086,#4966,#4967);
#4589=AXIS2_PLACEMENT_3D('',#6089,#4969,#4970);
#4590=AXIS2_PLACEMENT_3D('',#6090,#4971,#4972);
#4591=AXIS2_PLACEMENT_3D('',#6134,#4974,#4975);
#4592=AXIS2_PLACEMENT_3D('',#6137,#4977,#4978);
#4593=AXIS2_PLACEMENT_3D('',#6138,#4979,#4980);
#4594=AXIS2_PLACEMENT_3D('',#6141,#4982,#4983);
#4595=AXIS2_PLACEMENT_3D('',#6142,#4984,#4985);
#4596=AXIS2_PLACEMENT_3D('',#6145,#4987,#4988);
#4597=AXIS2_PLACEMENT_3D('',#6146,#4989,#4990);
#4598=AXIS2_PLACEMENT_3D('',#6149,#4992,#4993);
#4599=AXIS2_PLACEMENT_3D('',#6150,#4994,#4995);
#4600=AXIS2_PLACEMENT_3D('',#6152,#4996,#4997);
#4601=AXIS2_PLACEMENT_3D('',#6158,#5000,#5001);
#4602=AXIS2_PLACEMENT_3D('',#6161,#5003,#5004);
#4603=AXIS2_PLACEMENT_3D('',#6162,#5005,#5006);
#4604=AXIS2_PLACEMENT_3D('',#6164,#5007,#5008);
#4605=AXIS2_PLACEMENT_3D('',#6167,#5010,#5011);
#4606=AXIS2_PLACEMENT_3D('',#6168,#5012,#5013);
#4607=AXIS2_PLACEMENT_3D('',#6212,#5015,#5016);
#4608=AXIS2_PLACEMENT_3D('',#6214,#5017,#5018);
#4609=AXIS2_PLACEMENT_3D('',#6215,#5019,#5020);
#4610=AXIS2_PLACEMENT_3D('',#6217,#5021,#5022);
#4611=AXIS2_PLACEMENT_3D('',#6220,#5024,#5025);
#4612=AXIS2_PLACEMENT_3D('',#6221,#5026,#5027);
#4613=AXIS2_PLACEMENT_3D('',#6265,#5029,#5030);
#4614=AXIS2_PLACEMENT_3D('',#6267,#5031,#5032);
#4615=AXIS2_PLACEMENT_3D('',#6268,#5033,#5034);
#4616=AXIS2_PLACEMENT_3D('',#6271,#5036,#5037);
#4617=AXIS2_PLACEMENT_3D('',#6272,#5038,#5039);
#4618=AXIS2_PLACEMENT_3D('',#6275,#5041,#5042);
#4619=AXIS2_PLACEMENT_3D('',#6276,#5043,#5044);
#4620=AXIS2_PLACEMENT_3D('',#6278,#5045,#5046);
#4621=AXIS2_PLACEMENT_3D('',#6281,#5048,#5049);
#4622=AXIS2_PLACEMENT_3D('',#6282,#5050,#5051);
#4623=AXIS2_PLACEMENT_3D('',#6332,#5053,#5054);
#4624=AXIS2_PLACEMENT_3D('',#6334,#5055,#5056);
#4625=AXIS2_PLACEMENT_3D('',#6335,#5057,#5058);
#4626=AXIS2_PLACEMENT_3D('',#6337,#5059,#5060);
#4627=AXIS2_PLACEMENT_3D('',#6340,#5062,#5063);
#4628=AXIS2_PLACEMENT_3D('',#6341,#5064,#5065);
#4629=AXIS2_PLACEMENT_3D('',#6381,#5067,#5068);
#4630=AXIS2_PLACEMENT_3D('',#6383,#5069,#5070);
#4631=AXIS2_PLACEMENT_3D('',#6384,#5071,#5072);
#4632=AXIS2_PLACEMENT_3D('',#6387,#5074,#5075);
#4633=AXIS2_PLACEMENT_3D('',#6388,#5076,#5077);
#4634=AXIS2_PLACEMENT_3D('',#6391,#5079,#5080);
#4635=AXIS2_PLACEMENT_3D('',#6417,#5081,#5082);
#4636=AXIS2_PLACEMENT_3D('',#6424,#5083,#5084);
#4637=AXIS2_PLACEMENT_3D('',#6430,#5085,#5086);
#4638=AXIS2_PLACEMENT_3D('',#6431,#5087,#5088);
#4639=AXIS2_PLACEMENT_3D('',#6433,#5089,#5090);
#4640=AXIS2_PLACEMENT_3D('',#6436,#5092,#5093);
#4641=AXIS2_PLACEMENT_3D('',#6437,#5094,#5095);
#4642=AXIS2_PLACEMENT_3D('',#6489,#5097,#5098);
#4643=AXIS2_PLACEMENT_3D('',#6491,#5099,#5100);
#4644=AXIS2_PLACEMENT_3D('',#6492,#5101,#5102);
#4645=AXIS2_PLACEMENT_3D('',#6495,#5104,#5105);
#4646=AXIS2_PLACEMENT_3D('',#6496,#5106,#5107);
#4647=AXIS2_PLACEMENT_3D('',#6499,#5108,#5109);
#4648=AXIS2_PLACEMENT_3D('',#6503,#5111,#5112);
#4649=AXIS2_PLACEMENT_3D('',#6505,#5114,#5115);
#4650=AXIS2_PLACEMENT_3D('',#6511,#5119,#5120);
#4651=AXIS2_PLACEMENT_3D('',#6514,#5121,#5122);
#4652=AXIS2_PLACEMENT_3D('',#6518,#5124,#5125);
#4653=AXIS2_PLACEMENT_3D('',#6520,#5127,#5128);
#4654=AXIS2_PLACEMENT_3D('',#6525,#5131,#5132);
#4655=AXIS2_PLACEMENT_3D('',#6528,#5134,#5135);
#4656=AXIS2_PLACEMENT_3D('',#6529,#5136,#5137);
#4657=AXIS2_PLACEMENT_3D('',#6533,#5140,#5141);
#4658=AXIS2_PLACEMENT_3D('',#6535,#5142,#5143);
#4659=AXIS2_PLACEMENT_3D('',#6537,#5145,#5146);
#4660=AXIS2_PLACEMENT_3D('',#6540,#5148,#5149);
#4661=AXIS2_PLACEMENT_3D('',#6541,#5150,#5151);
#4662=AXIS2_PLACEMENT_3D('',#6544,#5153,#5154);
#4663=AXIS2_PLACEMENT_3D('',#6545,#5155,#5156);
#4664=AXIS2_PLACEMENT_3D('',#6548,#5158,#5159);
#4665=AXIS2_PLACEMENT_3D('',#6549,#5160,#5161);
#4666=AXIS2_PLACEMENT_3D('',#6551,#5163,#5164);
#4667=AXIS2_PLACEMENT_3D('',#6553,#5166,#5167);
#4668=AXIS2_PLACEMENT_3D('',#6635,#5172,#5173);
#4669=AXIS2_PLACEMENT_3D('',#6638,#5175,#5176);
#4670=AXIS2_PLACEMENT_3D('',#6640,#5177,#5178);
#4671=AXIS2_PLACEMENT_3D('',#6641,#5179,#5180);
#4672=AXIS2_PLACEMENT_3D('',#6643,#5181,#5182);
#4673=AXIS2_PLACEMENT_3D('',#6646,#5184,#5185);
#4674=AXIS2_PLACEMENT_3D('',#6647,#5186,#5187);
#4675=AXIS2_PLACEMENT_3D('',#6650,#5188,#5189);
#4676=AXIS2_PLACEMENT_3D('',#6732,#5191,#5192);
#4677=AXIS2_PLACEMENT_3D('',#6742,#5193,#5194);
#4678=AXIS2_PLACEMENT_3D('',#6748,#5195,#5196);
#4679=AXIS2_PLACEMENT_3D('',#6750,#5198,#5199);
#4680=AXIS2_PLACEMENT_3D('',#6752,#5200,#5201);
#4681=AXIS2_PLACEMENT_3D('',#6755,#5203,#5204);
#4682=AXIS2_PLACEMENT_3D('',#6756,#5205,#5206);
#4683=AXIS2_PLACEMENT_3D('',#6773,#5207,#5208);
#4684=AXIS2_PLACEMENT_3D('',#6793,#5210,#5211);
#4685=AXIS2_PLACEMENT_3D('',#6795,#5212,#5213);
#4686=AXIS2_PLACEMENT_3D('',#6796,#5214,#5215);
#4687=AXIS2_PLACEMENT_3D('',#6837,#5217,#5218);
#4688=AXIS2_PLACEMENT_3D('',#6864,#5220,#5221);
#4689=AXIS2_PLACEMENT_3D('',#6870,#5222,#5223);
#4690=AXIS2_PLACEMENT_3D('',#6914,#5224,#5225);
#4691=AXIS2_PLACEMENT_3D('',#6915,#5226,#5227);
#4692=AXIS2_PLACEMENT_3D('',#6917,#5228,#5229);
#4693=AXIS2_PLACEMENT_3D('',#6962,#5231,#5232);
#4694=AXIS2_PLACEMENT_3D('',#6988,#5233,#5234);
#4695=AXIS2_PLACEMENT_3D('',#7031,#5235,#5236);
#4696=AXIS2_PLACEMENT_3D('',#7093,#5237,#5238);
#4697=AXIS2_PLACEMENT_3D('',#7279,#5239,#5240);
#4698=AXIS2_PLACEMENT_3D('',#7286,#5241,#5242);
#4699=AXIS2_PLACEMENT_3D('',#7314,#5243,#5244);
#4700=AXIS2_PLACEMENT_3D('',#7340,#5245,#5246);
#4701=AXIS2_PLACEMENT_3D('',#7386,#5247,#5248);
#4702=AXIS2_PLACEMENT_3D('',#7416,#5249,#5250);
#4703=AXIS2_PLACEMENT_3D('',#7442,#5251,#5252);
#4704=AXIS2_PLACEMENT_3D('',#7447,#5253,#5254);
#4705=AXIS2_PLACEMENT_3D('',#7452,#5256,#5257);
#4706=AXIS2_PLACEMENT_3D('',#7461,#5259,#5260);
#4707=AXIS2_PLACEMENT_3D('',#7466,#5263,#5264);
#4708=AXIS2_PLACEMENT_3D('',#7467,#5265,#5266);
#4709=AXIS2_PLACEMENT_3D('',#7504,#5269,#5270);
#4710=AXIS2_PLACEMENT_3D('',#7511,#5271,#5272);
#4711=AXIS2_PLACEMENT_3D('',#7542,#5273,#5274);
#4712=AXIS2_PLACEMENT_3D('',#7579,#5275,#5276);
#4713=AXIS2_PLACEMENT_3D('',#7581,#5277,#5278);
#4714=AXIS2_PLACEMENT_3D('',#7583,#5279,#5280);
#4715=AXIS2_PLACEMENT_3D('',#7584,#5281,#5282);
#4716=AXIS2_PLACEMENT_3D('',#7585,#5283,#5284);
#4717=AXIS2_PLACEMENT_3D('',#7616,#5288,#5289);
#4718=AXIS2_PLACEMENT_3D('',#7647,#5290,#5291);
#4719=AXIS2_PLACEMENT_3D('',#7694,#5292,#5293);
#4720=AXIS2_PLACEMENT_3D('',#7747,#5294,#5295);
#4721=AXIS2_PLACEMENT_3D('',#7752,#5296,#5297);
#4722=AXIS2_PLACEMENT_3D('',#7787,#5300,#5301);
#4723=AXIS2_PLACEMENT_3D('',#7792,#5302,#5303);
#4724=AXIS2_PLACEMENT_3D('',#7795,#5306,#5307);
#4725=AXIS2_PLACEMENT_3D('',#7811,#5309,#5310);
#4726=AXIS2_PLACEMENT_3D('',#7926,#5312,#5313);
#4727=AXIS2_PLACEMENT_3D('',#7934,#5314,#5315);
#4728=AXIS2_PLACEMENT_3D('',#7999,#5317,#5318);
#4729=AXIS2_PLACEMENT_3D('',#8518,#5322,#5323);
#4730=AXIS2_PLACEMENT_3D('',#8521,#5324,#5325);
#4731=AXIS2_PLACEMENT_3D('',#8525,#5327,#5328);
#4732=AXIS2_PLACEMENT_3D('',#8528,#5330,#5331);
#4733=AXIS2_PLACEMENT_3D('',#8556,#5332,#5333);
#4734=AXIS2_PLACEMENT_3D('',#8599,#5334,#5335);
#4735=AXIS2_PLACEMENT_3D('',#8699,#5336,#5337);
#4736=AXIS2_PLACEMENT_3D('',#8866,#5340,#5341);
#4737=AXIS2_PLACEMENT_3D('',#8870,#5344,#5345);
#4738=AXIS2_PLACEMENT_3D('',#8893,#5352,#5353);
#4739=AXIS2_PLACEMENT_3D('',#8896,#5355,#5356);
#4740=AXIS2_PLACEMENT_3D('',#8897,#5357,#5358);
#4741=AXIS2_PLACEMENT_3D('',#8900,#5359,#5360);
#4742=AXIS2_PLACEMENT_3D('',#8904,#5362,#5363);
#4743=AXIS2_PLACEMENT_3D('',#8907,#5365,#5366);
#4744=AXIS2_PLACEMENT_3D('',#8935,#5367,#5368);
#4745=AXIS2_PLACEMENT_3D('',#8972,#5369,#5370);
#4746=AXIS2_PLACEMENT_3D('',#9149,#5373,#5374);
#4747=AXIS2_PLACEMENT_3D('',#9153,#5376,#5377);
#4748=AXIS2_PLACEMENT_3D('',#9155,#5379,#5380);
#4749=AXIS2_PLACEMENT_3D('',#9187,#5397,#5398);
#4750=AXIS2_PLACEMENT_3D('',#9191,#5400,#5401);
#4751=AXIS2_PLACEMENT_3D('',#9197,#5405,#5406);
#4752=AXIS2_PLACEMENT_3D('',#9334,#5409,#5410);
#4753=AXIS2_PLACEMENT_3D('',#9693,#5412,#5413);
#4754=AXIS2_PLACEMENT_3D('',#9694,#5414,#5415);
#4755=AXIS2_PLACEMENT_3D('',#9702,#5417,#5418);
#4756=AXIS2_PLACEMENT_3D('',#9710,#5420,#5421);
#4757=AXIS2_PLACEMENT_3D('',#9711,#5422,#5423);
#4758=AXIS2_PLACEMENT_3D('',#9792,#5426,#5427);
#4759=AXIS2_PLACEMENT_3D('',#9793,#5428,#5429);
#4760=AXIS2_PLACEMENT_3D('',#9802,#5434,#5435);
#4761=AXIS2_PLACEMENT_3D('',#9804,#5436,#5437);
#4762=AXIS2_PLACEMENT_3D('',#9810,#5440,#5441);
#4763=AXIS2_PLACEMENT_3D('',#9812,#5442,#5443);
#4764=AXIS2_PLACEMENT_3D('',#9816,#5445,#5446);
#4765=AXIS2_PLACEMENT_3D('',#9820,#5448,#5449);
#4766=AXIS2_PLACEMENT_3D('',#9821,#5450,#5451);
#4767=AXIS2_PLACEMENT_3D('',#9824,#5453,#5454);
#4768=AXIS2_PLACEMENT_3D('',#9825,#5455,#5456);
#4769=AXIS2_PLACEMENT_3D('',#9827,#5457,#5458);
#4770=AXIS2_PLACEMENT_3D('',#9906,#5460,#5461);
#4771=AXIS2_PLACEMENT_3D('',#9910,#5463,#5464);
#4772=AXIS2_PLACEMENT_3D('',#9920,#5466,#5467);
#4773=AXIS2_PLACEMENT_3D('',#10029,#5483,#5484);
#4774=AXIS2_PLACEMENT_3D('',#10061,#5501,#5502);
#4775=AXIS2_PLACEMENT_3D('',#10063,#5503,#5504);
#4776=AXIS2_PLACEMENT_3D('',#10066,#5506,#5507);
#4777=AXIS2_PLACEMENT_3D('',#10067,#5508,#5509);
#4778=AXIS2_PLACEMENT_3D('',#10068,#5510,#5511);
#4779=AXIS2_PLACEMENT_3D('',#10070,#5512,#5513);
#4780=AXIS2_PLACEMENT_3D('',#10073,#5515,#5516);
#4781=AXIS2_PLACEMENT_3D('',#10074,#5517,#5518);
#4782=AXIS2_PLACEMENT_3D('',#10075,#5519,#5520);
#4783=AXIS2_PLACEMENT_3D('',#10077,#5521,#5522);
#4784=AXIS2_PLACEMENT_3D('',#10080,#5524,#5525);
#4785=AXIS2_PLACEMENT_3D('',#10081,#5526,#5527);
#4786=AXIS2_PLACEMENT_3D('',#10082,#5528,#5529);
#4787=AXIS2_PLACEMENT_3D('',#10084,#5530,#5531);
#4788=AXIS2_PLACEMENT_3D('',#10087,#5533,#5534);
#4789=AXIS2_PLACEMENT_3D('',#10088,#5535,#5536);
#4790=AXIS2_PLACEMENT_3D('',#10089,#5537,#5538);
#4791=AXIS2_PLACEMENT_3D('',#10152,#5543,#5544);
#4792=AXIS2_PLACEMENT_3D('',#10244,#5548,#5549);
#4793=AXIS2_PLACEMENT_3D('',#10252,#5550,#5551);
#4794=AXIS2_PLACEMENT_3D('',#10254,#5553,#5554);
#4795=AXIS2_PLACEMENT_3D('',#10292,#5556,#5557);
#4796=AXIS2_PLACEMENT_3D('',#10293,#5558,#5559);
#4797=AXIS2_PLACEMENT_3D('',#10295,#5561,#5562);
#4798=AXIS2_PLACEMENT_3D('',#10296,#5563,#5564);
#4799=AXIS2_PLACEMENT_3D('',#10303,#5568,#5569);
#4800=AXIS2_PLACEMENT_3D('',#10751,#5574,#5575);
#4801=AXIS2_PLACEMENT_3D('',#10753,#5577,#5578);
#4802=AXIS2_PLACEMENT_3D('',#10756,#5579,#5580);
#4803=AXIS2_PLACEMENT_3D('',#10760,#5582,#5583);
#4804=AXIS2_PLACEMENT_3D('',#10762,#5585,#5586);
#4805=AXIS2_PLACEMENT_3D('',#10768,#5590,#5591);
#4806=AXIS2_PLACEMENT_3D('',#10771,#5592,#5593);
#4807=AXIS2_PLACEMENT_3D('',#10775,#5595,#5596);
#4808=AXIS2_PLACEMENT_3D('',#10777,#5598,#5599);
#4809=AXIS2_PLACEMENT_3D('',#10783,#5603,#5604);
#4810=AXIS2_PLACEMENT_3D('',#10789,#5608,#5609);
#4811=AXIS2_PLACEMENT_3D('',#10790,#5610,#5611);
#4812=AXIS2_PLACEMENT_3D('',#10791,#5612,#5613);
#4813=AXIS2_PLACEMENT_3D('',#10793,#5614,#5615);
#4814=AXIS2_PLACEMENT_3D('',#10798,#5618,#5619);
#4815=AXIS2_PLACEMENT_3D('',#10799,#5620,#5621);
#4816=AXIS2_PLACEMENT_3D('',#10802,#5623,#5624);
#4817=AXIS2_PLACEMENT_3D('',#10803,#5625,#5626);
#4818=AXIS2_PLACEMENT_3D('',#10804,#5627,#5628);
#4819=AXIS2_PLACEMENT_3D('',#10805,#5629,#5630);
#4820=AXIS2_PLACEMENT_3D('',#10809,#5633,#5634);
#4821=AXIS2_PLACEMENT_3D('',#10812,#5636,#5637);
#4822=AXIS2_PLACEMENT_3D('',#10813,#5638,#5639);
#4823=AXIS2_PLACEMENT_3D('',#10814,#5640,#5641);
#4824=AXIS2_PLACEMENT_3D('',#10817,#5642,#5643);
#4825=AXIS2_PLACEMENT_3D('',#10820,#5646,#5647);
#4826=AXIS2_PLACEMENT_3D('',#10824,#5650,#5651);
#4827=AXIS2_PLACEMENT_3D('',#10828,#5653,#5654);
#4828=AXIS2_PLACEMENT_3D('',#10830,#5656,#5657);
#4829=AXIS2_PLACEMENT_3D('',#10834,#5660,#5661);
#4830=AXIS2_PLACEMENT_3D('',#10838,#5664,#5665);
#4831=AXIS2_PLACEMENT_3D('',#10839,#5666,#5667);
#4832=AXIS2_PLACEMENT_3D('',#10840,#5668,#5669);
#4833=AXIS2_PLACEMENT_3D('',#10841,#5670,#5671);
#4834=AXIS2_PLACEMENT_3D('',#10843,#5672,#5673);
#4835=AXIS2_PLACEMENT_3D('',#10847,#5676,#5677);
#4836=AXIS2_PLACEMENT_3D('',#10849,#5679,#5680);
#4837=AXIS2_PLACEMENT_3D('',#10850,#5681,#5682);
#4838=AXIS2_PLACEMENT_3D('',#10851,#5683,#5684);
#4839=AXIS2_PLACEMENT_3D('',#10865,#5693,#5694);
#4840=AXIS2_PLACEMENT_3D('',#10866,#5695,#5696);
#4841=AXIS2_PLACEMENT_3D('',#10867,#5697,#5698);
#4842=AXIS2_PLACEMENT_3D('',#10868,#5699,#5700);
#4843=AXIS2_PLACEMENT_3D('',#10869,#5701,#5702);
#4844=AXIS2_PLACEMENT_3D('',#10870,#5703,#5704);
#4845=AXIS2_PLACEMENT_3D('',#10871,#5705,#5706);
#4846=AXIS2_PLACEMENT_3D('',#10872,#5707,#5708);
#4847=AXIS2_PLACEMENT_3D('',#10873,#5709,#5710);
#4848=AXIS2_PLACEMENT_3D('',#10874,#5711,#5712);
#4849=AXIS2_PLACEMENT_3D('',#10875,#5713,#5714);
#4850=AXIS2_PLACEMENT_3D('',#10904,#5715,#5716);
#4851=AXIS2_PLACEMENT_3D('',#10909,#5717,#5718);
#4852=AXIS2_PLACEMENT_3D('',#10943,#5720,#5721);
#4853=AXIS2_PLACEMENT_3D('',#10946,#5722,#5723);
#4854=AXIS2_PLACEMENT_3D('',#10950,#5725,#5726);
#4855=AXIS2_PLACEMENT_3D('',#10952,#5728,#5729);
#4856=AXIS2_PLACEMENT_3D('',#10958,#5733,#5734);
#4857=AXIS2_PLACEMENT_3D('',#10961,#5735,#5736);
#4858=AXIS2_PLACEMENT_3D('',#10965,#5738,#5739);
#4859=AXIS2_PLACEMENT_3D('',#10967,#5741,#5742);
#4860=AXIS2_PLACEMENT_3D('',#10973,#5746,#5747);
#4861=AXIS2_PLACEMENT_3D('',#10979,#5751,#5752);
#4862=AXIS2_PLACEMENT_3D('',#10981,#5753,#5754);
#4863=AXIS2_PLACEMENT_3D('',#10983,#5756,#5757);
#4864=AXIS2_PLACEMENT_3D('',#10984,#5758,#5759);
#4865=AXIS2_PLACEMENT_3D('',#10985,#5760,#5761);
#4866=AXIS2_PLACEMENT_3D('',#10986,#5762,#5763);
#4867=AXIS2_PLACEMENT_3D('',#10989,#5765,#5766);
#4868=AXIS2_PLACEMENT_3D('',#10990,#5767,#5768);
#4869=AXIS2_PLACEMENT_3D('',#10991,#5769,#5770);
#4870=AXIS2_PLACEMENT_3D('',#10992,#5771,#5772);
#4871=AXIS2_PLACEMENT_3D('',#10994,#5774,#5775);
#4872=AXIS2_PLACEMENT_3D('',#10995,#5776,#5777);
#4873=AXIS2_PLACEMENT_3D('',#10996,#5778,#5779);
#4874=AXIS2_PLACEMENT_3D('',#10997,#5780,#5781);
#4875=AXIS2_PLACEMENT_3D('',#11000,#5782,#5783);
#4876=AXIS2_PLACEMENT_3D('',#11004,#5785,#5786);
#4877=AXIS2_PLACEMENT_3D('',#11006,#5788,#5789);
#4878=AXIS2_PLACEMENT_3D('',#11012,#5793,#5794);
#4879=AXIS2_PLACEMENT_3D('',#11015,#5795,#5796);
#4880=AXIS2_PLACEMENT_3D('',#11019,#5798,#5799);
#4881=AXIS2_PLACEMENT_3D('',#11021,#5801,#5802);
#4882=AXIS2_PLACEMENT_3D('',#11027,#5806,#5807);
#4883=AXIS2_PLACEMENT_3D('',#11033,#5811,#5812);
#4884=AXIS2_PLACEMENT_3D('',#11035,#5813,#5814);
#4885=AXIS2_PLACEMENT_3D('',#11037,#5816,#5817);
#4886=AXIS2_PLACEMENT_3D('',#11038,#5818,#5819);
#4887=AXIS2_PLACEMENT_3D('',#11039,#5820,#5821);
#4888=AXIS2_PLACEMENT_3D('',#11040,#5822,#5823);
#4889=AXIS2_PLACEMENT_3D('',#11044,#5826,#5827);
#4890=AXIS2_PLACEMENT_3D('',#11045,#5828,#5829);
#4891=AXIS2_PLACEMENT_3D('',#11046,#5830,#5831);
#4892=AXIS2_PLACEMENT_3D('',#11047,#5832,#5833);
#4893=AXIS2_PLACEMENT_3D('',#11048,#5834,#5835);
#4894=AXIS2_PLACEMENT_3D('',#11049,#5836,#5837);
#4895=AXIS2_PLACEMENT_3D('',#11050,#5838,#5839);
#4896=AXIS2_PLACEMENT_3D('',#11051,#5840,#5841);
#4897=AXIS2_PLACEMENT_3D('',#11052,#5842,#5843);
#4898=AXIS2_PLACEMENT_3D('',#11053,#5844,#5845);
#4899=AXIS2_PLACEMENT_3D('',#11054,#5846,#5847);
#4900=AXIS2_PLACEMENT_3D('',#11055,#5848,#5849);
#4901=AXIS2_PLACEMENT_3D('',#11056,#5850,#5851);
#4902=AXIS2_PLACEMENT_3D('',#11057,#5852,#5853);
#4903=AXIS2_PLACEMENT_3D('',#11058,#5854,#5855);
#4904=AXIS2_PLACEMENT_3D('',#11059,#5856,#5857);
#4905=AXIS2_PLACEMENT_3D('',#11060,#5858,#5859);
#4906=AXIS2_PLACEMENT_3D('',#11061,#5860,#5861);
#4907=AXIS2_PLACEMENT_3D('',#11062,#5862,#5863);
#4908=AXIS2_PLACEMENT_3D('',#11065,#5866,#5867);
#4909=AXIS2_PLACEMENT_3D('',#11066,#5868,#5869);
#4910=AXIS2_PLACEMENT_3D('',#11071,#5870,#5871);
#4911=AXIS2_PLACEMENT_3D('',#11192,#5880,#5881);
#4912=AXIS2_PLACEMENT_3D('',#11193,#5882,#5883);
#4913=AXIS2_PLACEMENT_3D('',#11195,#5885,#5886);
#4914=AXIS2_PLACEMENT_3D('',#11197,#5888,#5889);
#4915=AXIS2_PLACEMENT_3D('',#11198,#5890,#5891);
#4916=AXIS2_PLACEMENT_3D('',#11202,#5893,#5894);
#4917=AXIS2_PLACEMENT_3D('',#11273,#5900,#5901);
#4918=AXIS2_PLACEMENT_3D('',#11276,#5904,#5905);
#4919=AXIS2_PLACEMENT_3D('',#11287,#5908,#5909);
#4920=AXIS2_PLACEMENT_3D('',#11342,#5914,#5915);
#4921=AXIS2_PLACEMENT_3D('',#11344,#5917,#5918);
#4922=AXIS2_PLACEMENT_3D('',#11411,#5921,#5922);
#4923=AXIS2_PLACEMENT_3D('',#11412,#5923,#5924);
#4924=DIRECTION('axis',(0.,0.,1.));
#4925=DIRECTION('refdir',(1.,0.,0.));
#4926=DIRECTION('center_axis',(0.,1.,0.));
#4927=DIRECTION('ref_axis',(-1.,0.,0.));
#4928=DIRECTION('center_axis',(0.,1.,0.));
#4929=DIRECTION('ref_axis',(-1.,0.,0.));
#4930=DIRECTION('center_axis',(0.,1.,0.));
#4931=DIRECTION('ref_axis',(-1.,0.,0.));
#4932=DIRECTION('center_axis',(0.,1.,0.));
#4933=DIRECTION('ref_axis',(-1.,0.,0.));
#4934=DIRECTION('center_axis',(1.21813058504169E-15,-0.866025403784439,
0.5));
#4935=DIRECTION('ref_axis',(1.,-5.90951869907462E-17,-2.02291445384272E-15));
#4936=DIRECTION('center_axis',(-1.02851653797982E-15,0.866025403784439,
-0.5));
#4937=DIRECTION('ref_axis',(1.,6.66113687604789E-18,-2.06087888512814E-15));
#4938=DIRECTION('',(-0.422618261740699,-0.784885567221396,0.453153893518326));
#4939=DIRECTION('center_axis',(1.02851653797982E-15,-0.866025403784439,
0.5));
#4940=DIRECTION('ref_axis',(1.,-8.94869974431299E-17,-2.00536773389688E-15));
#4941=DIRECTION('center_axis',(9.25185853854297E-16,-0.866025403784439,
0.5));
#4942=DIRECTION('ref_axis',(1.,-8.94869974431299E-17,-2.00536773389688E-15));
#4943=DIRECTION('',(-9.25185853854297E-16,0.866025403784439,-0.5));
#4944=DIRECTION('center_axis',(0.,-0.866025403784439,0.499999999999999));
#4945=DIRECTION('ref_axis',(1.,4.70021904388379E-16,-2.32840034898329E-15));
#4946=DIRECTION('center_axis',(-1.02851653797982E-15,0.866025403784439,
-0.5));
#4947=DIRECTION('ref_axis',(1.,1.34858649301619E-16,-2.13489375343648E-15));
#4948=DIRECTION('',(-0.422618261740699,-0.784885567221396,0.453153893518325));
#4949=DIRECTION('center_axis',(1.02851653797982E-15,-0.866025403784439,
0.5));
#4950=DIRECTION('ref_axis',(1.,7.11747455216688E-16,-2.46796066082403E-15));
#4951=DIRECTION('center_axis',(1.85037170770859E-15,-0.866025403784439,
0.5));
#4952=DIRECTION('ref_axis',(1.,7.11747455216688E-16,-2.46796066082403E-15));
#4953=DIRECTION('',(-1.85037170770859E-15,0.866025403784439,-0.5));
#4954=DIRECTION('center_axis',(0.,-0.866025403784439,0.5));
#4955=DIRECTION('ref_axis',(1.,-1.36008490928021E-16,-3.97109810752517E-16));
#4956=DIRECTION('center_axis',(-2.37817174800942E-16,0.866025403784439,
-0.5));
#4957=DIRECTION('ref_axis',(1.,-2.05955714833861E-16,-3.56725762201414E-16));
#4958=DIRECTION('',(-0.4226182617407,-0.784885567221396,0.453153893518325));
#4959=DIRECTION('center_axis',(2.37817174800942E-16,-0.866025403784439,
0.5));
#4960=DIRECTION('ref_axis',(1.,-2.05955714833861E-16,-3.56725762201414E-16));
#4961=DIRECTION('center_axis',(0.,-0.866025403784439,0.5));
#4962=DIRECTION('ref_axis',(1.,-2.05955714833861E-16,-3.56725762201414E-16));
#4963=DIRECTION('',(0.,0.866025403784439,-0.5));
#4964=DIRECTION('center_axis',(0.,-0.866025403784439,0.5));
#4965=DIRECTION('ref_axis',(1.,-1.36008490928022E-16,-3.97109810752517E-16));
#4966=DIRECTION('center_axis',(-2.37817174800942E-16,0.866025403784439,
-0.5));
#4967=DIRECTION('ref_axis',(1.,-2.05955714833861E-16,-3.56725762201414E-16));
#4968=DIRECTION('',(-0.422618261740703,-0.784885567221394,0.453153893518324));
#4969=DIRECTION('center_axis',(2.37817174800942E-16,-0.866025403784439,
0.5));
#4970=DIRECTION('ref_axis',(1.,-2.05955714833861E-16,-3.56725762201414E-16));
#4971=DIRECTION('center_axis',(0.,-0.866025403784439,0.5));
#4972=DIRECTION('ref_axis',(1.,-2.05955714833861E-16,-3.56725762201414E-16));
#4973=DIRECTION('',(0.,0.866025403784439,-0.5));
#4974=DIRECTION('center_axis',(0.,-0.866025403784439,0.5));
#4975=DIRECTION('ref_axis',(1.,-2.05955714833861E-16,-3.56725762201414E-16));
#4976=DIRECTION('',(0.,0.866025403784438,-0.5));
#4977=DIRECTION('center_axis',(0.,-1.,0.));
#4978=DIRECTION('ref_axis',(3.56725762201414E-16,0.,1.));
#4979=DIRECTION('center_axis',(0.,-0.866025403784439,0.5));
#4980=DIRECTION('ref_axis',(1.,-2.05955714833861E-16,-3.56725762201414E-16));
#4981=DIRECTION('',(0.,0.866025403784439,-0.5));
#4982=DIRECTION('center_axis',(0.,-1.,0.));
#4983=DIRECTION('ref_axis',(3.56725762201414E-16,0.,1.));
#4984=DIRECTION('center_axis',(1.03620815631681E-15,-0.866025403784439,
0.5));
#4985=DIRECTION('ref_axis',(1.,6.66113687604789E-18,-2.06087888512814E-15));
#4986=DIRECTION('',(-1.03620815631681E-15,0.866025403784439,-0.5));
#4987=DIRECTION('center_axis',(0.,-1.,0.));
#4988=DIRECTION('ref_axis',(2.06087888512814E-15,0.,1.));
#4989=DIRECTION('center_axis',(1.1842378929335E-15,-0.866025403784439,0.5));
#4990=DIRECTION('ref_axis',(1.,1.34858649301619E-16,-2.13489375343648E-15));
#4991=DIRECTION('',(-1.1842378929335E-15,0.866025403784439,-0.5));
#4992=DIRECTION('center_axis',(0.,-1.,0.));
#4993=DIRECTION('ref_axis',(2.13489375343648E-15,0.,1.));
#4994=DIRECTION('center_axis',(-1.,0.,0.));
#4995=DIRECTION('ref_axis',(0.,0.707106781186548,-0.707106781186547));
#4996=DIRECTION('center_axis',(-1.,0.,7.8159700933611E-13));
#4997=DIRECTION('ref_axis',(0.,1.,0.));
#4998=DIRECTION('',(-1.,0.,0.));
#4999=DIRECTION('',(-1.,0.,0.));
#5000=DIRECTION('center_axis',(-1.,3.21984042947352E-30,-1.26882631385732E-15));
#5001=DIRECTION('ref_axis',(0.,1.,2.53765262771464E-15));
#5002=DIRECTION('',(1.,0.,0.));
#5003=DIRECTION('center_axis',(-1.,0.,7.8159700933611E-13));
#5004=DIRECTION('ref_axis',(0.,1.,0.));
#5005=DIRECTION('center_axis',(0.,-0.866025403784439,-0.5));
#5006=DIRECTION('ref_axis',(1.,-1.35940773844524E-16,3.97148907228903E-16));
#5007=DIRECTION('center_axis',(2.37817174800942E-16,-0.866025403784439,
-0.5));
#5008=DIRECTION('ref_axis',(1.,-2.05955714833861E-16,3.56725762201414E-16));
#5009=DIRECTION('',(0.422618261740698,0.784885567221396,0.453153893518325));
#5010=DIRECTION('center_axis',(-2.37817174800942E-16,0.866025403784439,
0.5));
#5011=DIRECTION('ref_axis',(1.,-1.02565826737796E-31,4.75634349601885E-16));
#5012=DIRECTION('center_axis',(0.,0.866025403784439,0.5));
#5013=DIRECTION('ref_axis',(1.,-2.05955714833861E-16,3.56725762201414E-16));
#5014=DIRECTION('',(0.,0.866025403784439,0.5));
#5015=DIRECTION('center_axis',(-2.37817174800942E-16,0.866025403784439,
0.5));
#5016=DIRECTION('ref_axis',(1.,0.,4.75634349601885E-16));
#5017=DIRECTION('center_axis',(-2.37817174800942E-16,0.866025403784439,
0.5));
#5018=DIRECTION('ref_axis',(1.,-2.05955714833861E-16,3.56725762201414E-16));
#5019=DIRECTION('center_axis',(0.,-0.866025403784439,-0.5));
#5020=DIRECTION('ref_axis',(1.,-1.35940773844524E-16,3.97148907228903E-16));
#5021=DIRECTION('center_axis',(2.37817174800942E-16,-0.866025403784439,
-0.5));
#5022=DIRECTION('ref_axis',(1.,-2.05955714833861E-16,3.56725762201414E-16));
#5023=DIRECTION('',(0.422618261740698,0.784885567221396,0.453153893518325));
#5024=DIRECTION('center_axis',(-2.37817174800942E-16,0.866025403784439,
0.5));
#5025=DIRECTION('ref_axis',(1.,-1.02565826737796E-31,4.75634349601885E-16));
#5026=DIRECTION('center_axis',(0.,0.866025403784439,0.5));
#5027=DIRECTION('ref_axis',(1.,-2.05955714833861E-16,3.56725762201414E-16));
#5028=DIRECTION('',(0.,0.866025403784439,0.5));
#5029=DIRECTION('center_axis',(-2.37817174800942E-16,0.866025403784439,
0.5));
#5030=DIRECTION('ref_axis',(1.,0.,4.75634349601885E-16));
#5031=DIRECTION('center_axis',(-2.37817174800942E-16,0.866025403784439,
0.5));
#5032=DIRECTION('ref_axis',(1.,-2.05955714833861E-16,3.56725762201414E-16));
#5033=DIRECTION('center_axis',(0.,0.866025403784439,0.5));
#5034=DIRECTION('ref_axis',(1.,-2.05955714833861E-16,3.56725762201414E-16));
#5035=DIRECTION('',(0.,0.866025403784438,0.5));
#5036=DIRECTION('center_axis',(0.,-1.,0.));
#5037=DIRECTION('ref_axis',(3.56725762201414E-16,0.,-1.));
#5038=DIRECTION('center_axis',(0.,0.866025403784439,0.5));
#5039=DIRECTION('ref_axis',(1.,-2.05955714833861E-16,3.56725762201414E-16));
#5040=DIRECTION('',(0.,0.866025403784439,0.5));
#5041=DIRECTION('center_axis',(0.,-1.,0.));
#5042=DIRECTION('ref_axis',(3.56725762201414E-16,0.,-1.));
#5043=DIRECTION('center_axis',(0.,-0.866025403784439,-0.5));
#5044=DIRECTION('ref_axis',(1.,4.69787885818451E-16,2.32826523829895E-15));
#5045=DIRECTION('center_axis',(1.02851653797982E-15,-0.866025403784439,
-0.5));
#5046=DIRECTION('ref_axis',(1.,7.11747455216688E-16,2.46796066082403E-15));
#5047=DIRECTION('',(0.422618261740698,0.784885567221397,0.453153893518326));
#5048=DIRECTION('center_axis',(-1.02851653797982E-15,0.866025403784439,
0.5));
#5049=DIRECTION('ref_axis',(1.,1.36754435650395E-31,2.05703307595964E-15));
#5050=DIRECTION('center_axis',(-1.85037170770859E-15,0.866025403784439,
0.5));
#5051=DIRECTION('ref_axis',(1.,7.11747455216688E-16,2.46796066082403E-15));
#5052=DIRECTION('',(-1.85037170770859E-15,0.866025403784439,0.5));
#5053=DIRECTION('center_axis',(-1.02851653797982E-15,0.866025403784439,
0.5));
#5054=DIRECTION('ref_axis',(1.,-1.97215226305253E-31,2.05703307595964E-15));
#5055=DIRECTION('center_axis',(-1.02851653797982E-15,0.866025403784439,
0.5));
#5056=DIRECTION('ref_axis',(1.,1.34858649301619E-16,2.13489375343648E-15));
#5057=DIRECTION('center_axis',(1.22002530178588E-15,-0.866025403784439,
-0.5));
#5058=DIRECTION('ref_axis',(1.,-5.90657641680647E-17,2.02293144111732E-15));
#5059=DIRECTION('center_axis',(1.02851653797982E-15,-0.866025403784439,
-0.5));
#5060=DIRECTION('ref_axis',(1.,-8.94869974431299E-17,2.00536773389688E-15));
#5061=DIRECTION('',(0.422618261740698,0.784885567221396,0.453153893518326));
#5062=DIRECTION('center_axis',(-1.02851653797982E-15,0.866025403784439,
0.5));
#5063=DIRECTION('ref_axis',(1.,-2.05131653475593E-31,2.05703307595964E-15));
#5064=DIRECTION('center_axis',(-9.25185853854297E-16,0.866025403784439,
0.5));
#5065=DIRECTION('ref_axis',(1.,-8.94869974431299E-17,2.00536773389688E-15));
#5066=DIRECTION('',(-9.25185853854297E-16,0.866025403784439,0.5));
#5067=DIRECTION('center_axis',(-1.02851653797982E-15,0.866025403784439,
0.5));
#5068=DIRECTION('ref_axis',(1.,-9.86076131526265E-32,2.05703307595964E-15));
#5069=DIRECTION('center_axis',(-1.02851653797982E-15,0.866025403784439,
0.5));
#5070=DIRECTION('ref_axis',(1.,6.66113687604789E-18,2.06087888512814E-15));
#5071=DIRECTION('center_axis',(-1.03620815631681E-15,0.866025403784439,
0.5));
#5072=DIRECTION('ref_axis',(1.,6.66113687604789E-18,2.06087888512814E-15));
#5073=DIRECTION('',(-1.03620815631681E-15,0.866025403784439,0.5));
#5074=DIRECTION('center_axis',(0.,-1.,0.));
#5075=DIRECTION('ref_axis',(2.06087888512814E-15,0.,-1.));
#5076=DIRECTION('center_axis',(-1.1842378929335E-15,0.866025403784439,0.5));
#5077=DIRECTION('ref_axis',(1.,1.34858649301619E-16,2.13489375343648E-15));
#5078=DIRECTION('',(-1.1842378929335E-15,0.866025403784439,0.5));
#5079=DIRECTION('center_axis',(0.,-1.,0.));
#5080=DIRECTION('ref_axis',(2.13489375343648E-15,0.,-1.));
#5081=DIRECTION('center_axis',(1.,0.,0.));
#5082=DIRECTION('ref_axis',(0.,1.,0.));
#5083=DIRECTION('center_axis',(0.973945307677524,1.23576743463911E-15,-0.226783018881336));
#5084=DIRECTION('ref_axis',(-1.26882631385732E-15,1.,0.));
#5085=DIRECTION('center_axis',(1.,0.,0.));
#5086=DIRECTION('ref_axis',(0.,1.,0.));
#5087=DIRECTION('center_axis',(-0.342020143325669,-0.939692620785908,0.));
#5088=DIRECTION('ref_axis',(0.,0.,-1.));
#5089=DIRECTION('center_axis',(-0.342020143325669,-0.939692620785908,0.));
#5090=DIRECTION('ref_axis',(0.,0.,-1.));
#5091=DIRECTION('',(0.309975519219445,0.851650739639146,-0.4226182617407));
#5092=DIRECTION('center_axis',(0.342020143325669,0.939692620785908,0.));
#5093=DIRECTION('ref_axis',(0.,0.,-1.));
#5094=DIRECTION('center_axis',(0.342020143325669,0.939692620785908,0.));
#5095=DIRECTION('ref_axis',(0.,0.,-1.));
#5096=DIRECTION('',(0.342020143325669,0.939692620785908,0.));
#5097=DIRECTION('center_axis',(0.342020143325669,0.939692620785908,0.));
#5098=DIRECTION('ref_axis',(0.,0.,-1.));
#5099=DIRECTION('center_axis',(-0.342020143325669,-0.939692620785908,0.));
#5100=DIRECTION('ref_axis',(0.,0.,-1.));
#5101=DIRECTION('center_axis',(0.342020143325669,0.939692620785908,0.));
#5102=DIRECTION('ref_axis',(0.,0.,-1.));
#5103=DIRECTION('',(0.342020143325669,0.939692620785908,0.));
#5104=DIRECTION('center_axis',(0.,-1.,0.));
#5105=DIRECTION('ref_axis',(-1.,3.62245966550997E-17,0.));
#5106=DIRECTION('center_axis',(0.,-1.,0.));
#5107=DIRECTION('ref_axis',(0.707106781186548,0.,-0.707106781186547));
#5108=DIRECTION('center_axis',(0.,1.,0.));
#5109=DIRECTION('ref_axis',(0.707106781186548,0.,-0.707106781186547));
#5110=DIRECTION('',(0.,1.,0.));
#5111=DIRECTION('center_axis',(0.,1.,0.));
#5112=DIRECTION('ref_axis',(0.707106781186548,0.,-0.707106781186547));
#5113=DIRECTION('',(0.,-1.,0.));
#5114=DIRECTION('center_axis',(1.,0.,0.));
#5115=DIRECTION('ref_axis',(0.,0.,1.));
#5116=DIRECTION('',(0.,0.,1.));
#5117=DIRECTION('',(0.,-1.,0.));
#5118=DIRECTION('',(0.,0.,1.));
#5119=DIRECTION('center_axis',(0.,-1.,0.));
#5120=DIRECTION('ref_axis',(-0.707106781186548,0.,-0.707106781186548));
#5121=DIRECTION('center_axis',(0.,1.,0.));
#5122=DIRECTION('ref_axis',(-0.707106781186548,0.,-0.707106781186548));
#5123=DIRECTION('',(0.,1.,0.));
#5124=DIRECTION('center_axis',(0.,1.,0.));
#5125=DIRECTION('ref_axis',(-0.707106781186548,0.,-0.707106781186548));
#5126=DIRECTION('',(0.,-1.,0.));
#5127=DIRECTION('center_axis',(0.,1.,0.));
#5128=DIRECTION('ref_axis',(-1.,0.,0.));
#5129=DIRECTION('',(1.,0.,2.14881875733901E-16));
#5130=DIRECTION('',(0.,0.,-1.));
#5131=DIRECTION('center_axis',(0.,1.,0.));
#5132=DIRECTION('ref_axis',(-0.707106781186548,0.,0.707106781186548));
#5133=DIRECTION('',(-1.,0.,-1.21766396249211E-15));
#5134=DIRECTION('center_axis',(0.,1.,0.));
#5135=DIRECTION('ref_axis',(0.707106781186547,0.,0.707106781186548));
#5136=DIRECTION('center_axis',(-1.,0.,0.));
#5137=DIRECTION('ref_axis',(0.,0.,-1.));
#5138=DIRECTION('',(0.,0.,-1.));
#5139=DIRECTION('',(0.,1.,0.));
#5140=DIRECTION('center_axis',(0.,-1.,0.));
#5141=DIRECTION('ref_axis',(-0.707106781186548,0.,0.707106781186548));
#5142=DIRECTION('center_axis',(0.,1.,0.));
#5143=DIRECTION('ref_axis',(-0.707106781186548,0.,0.707106781186548));
#5144=DIRECTION('',(0.,-1.,0.));
#5145=DIRECTION('center_axis',(0.,-1.,0.));
#5146=DIRECTION('ref_axis',(0.707106781186547,0.,0.707106781186548));
#5147=DIRECTION('',(0.,1.,0.));
#5148=DIRECTION('center_axis',(0.,1.,0.));
#5149=DIRECTION('ref_axis',(0.707106781186547,0.,0.707106781186548));
#5150=DIRECTION('center_axis',(0.,-1.,0.));
#5151=DIRECTION('ref_axis',(-1.,0.,0.));
#5152=DIRECTION('',(0.,-1.,0.));
#5153=DIRECTION('center_axis',(0.,1.,0.));
#5154=DIRECTION('ref_axis',(-1.,0.,0.));
#5155=DIRECTION('center_axis',(0.,-1.,0.));
#5156=DIRECTION('ref_axis',(-1.,0.,0.));
#5157=DIRECTION('',(0.,-1.,0.));
#5158=DIRECTION('center_axis',(0.,1.,0.));
#5159=DIRECTION('ref_axis',(-1.,0.,0.));
#5160=DIRECTION('center_axis',(2.14881875733901E-16,0.,-1.));
#5161=DIRECTION('ref_axis',(1.,0.,2.14881875733901E-16));
#5162=DIRECTION('',(1.,0.,2.14881875733901E-16));
#5163=DIRECTION('center_axis',(-1.21766396249211E-15,0.,1.));
#5164=DIRECTION('ref_axis',(-1.,0.,-1.21766396249211E-15));
#5165=DIRECTION('',(-1.,0.,-1.21766396249211E-15));
#5166=DIRECTION('center_axis',(0.,1.,0.));
#5167=DIRECTION('ref_axis',(-1.,0.,0.));
#5168=DIRECTION('',(-1.,0.,-1.30941337480913E-16));
#5169=DIRECTION('',(3.3458489737484E-15,0.,-1.));
#5170=DIRECTION('',(-1.,0.,-4.77459074552235E-16));
#5171=DIRECTION('',(1.,0.,0.));
#5172=DIRECTION('center_axis',(0.,1.,0.));
#5173=DIRECTION('ref_axis',(3.70074341541718E-16,0.,-1.));
#5174=DIRECTION('',(1.,0.,0.));
#5175=DIRECTION('center_axis',(0.,-1.,0.));
#5176=DIRECTION('ref_axis',(1.,0.,0.));
#5177=DIRECTION('center_axis',(0.,-1.,0.));
#5178=DIRECTION('ref_axis',(1.,0.,0.));
#5179=DIRECTION('center_axis',(0.,-1.,0.));
#5180=DIRECTION('ref_axis',(1.,0.,0.));
#5181=DIRECTION('center_axis',(0.,-1.,0.));
#5182=DIRECTION('ref_axis',(1.,0.,0.));
#5183=DIRECTION('',(-0.422618261740704,-0.906307787036648,5.17558101501971E-17));
#5184=DIRECTION('center_axis',(0.,-1.,0.));
#5185=DIRECTION('ref_axis',(1.,0.,0.));
#5186=DIRECTION('center_axis',(0.,-1.,0.));
#5187=DIRECTION('ref_axis',(1.,0.,0.));
#5188=DIRECTION('center_axis',(0.,1.,0.));
#5189=DIRECTION('ref_axis',(1.,0.,0.));
#5190=DIRECTION('',(0.,1.,0.));
#5191=DIRECTION('center_axis',(-0.970931426292195,0.,0.239357818836577));
#5192=DIRECTION('ref_axis',(0.,1.,0.));
#5193=DIRECTION('center_axis',(-5.61046347426681E-15,0.,1.));
#5194=DIRECTION('ref_axis',(0.,1.,0.));
#5195=DIRECTION('center_axis',(0.,-1.,0.));
#5196=DIRECTION('ref_axis',(1.,0.,0.));
#5197=DIRECTION('',(0.,1.,0.));
#5198=DIRECTION('center_axis',(0.,-1.,0.));
#5199=DIRECTION('ref_axis',(1.,0.,0.));
#5200=DIRECTION('center_axis',(0.,-1.,0.));
#5201=DIRECTION('ref_axis',(1.,0.,0.));
#5202=DIRECTION('',(0.422618261740698,0.906307787036651,5.17558101501964E-17));
#5203=DIRECTION('center_axis',(0.,1.,0.));
#5204=DIRECTION('ref_axis',(1.,0.,0.));
#5205=DIRECTION('center_axis',(0.,1.,0.));
#5206=DIRECTION('ref_axis',(1.,0.,0.));
#5207=DIRECTION('center_axis',(0.,1.,0.));
#5208=DIRECTION('ref_axis',(1.,0.,0.));
#5209=DIRECTION('',(0.,1.,0.));
#5210=DIRECTION('center_axis',(0.,-1.,0.));
#5211=DIRECTION('ref_axis',(1.,0.,0.));
#5212=DIRECTION('center_axis',(0.,-1.,0.));
#5213=DIRECTION('ref_axis',(1.,0.,0.));
#5214=DIRECTION('center_axis',(0.,1.,0.));
#5215=DIRECTION('ref_axis',(-1.,0.,0.));
#5216=DIRECTION('',(3.3458489737484E-15,0.,-1.));
#5217=DIRECTION('center_axis',(0.,1.,0.));
#5218=DIRECTION('ref_axis',(1.,0.,0.));
#5219=DIRECTION('',(0.,1.,0.));
#5220=DIRECTION('center_axis',(0.978102730418231,-1.84850070504061E-16,
0.208122677160375));
#5221=DIRECTION('ref_axis',(0.,-1.,-8.88178419700125E-16));
#5222=DIRECTION('center_axis',(-0.980785999037731,0.,-0.195086709161749));
#5223=DIRECTION('ref_axis',(0.195086709161749,0.,-0.98078599903773));
#5224=DIRECTION('center_axis',(3.10862446895042E-15,0.,-1.));
#5225=DIRECTION('ref_axis',(1.,0.,3.10862446895042E-15));
#5226=DIRECTION('center_axis',(-3.3458489737484E-15,0.,1.));
#5227=DIRECTION('ref_axis',(0.707106781186547,-0.707106781186547,2.19812944215729E-15));
#5228=DIRECTION('center_axis',(3.55271367880048E-15,0.,-1.));
#5229=DIRECTION('ref_axis',(1.,0.,3.55271367880048E-15));
#5230=DIRECTION('',(-3.3458489737484E-15,0.,1.));
#5231=DIRECTION('center_axis',(0.980794683643331,0.,-0.195043042780248));
#5232=DIRECTION('ref_axis',(0.195043042780248,0.,0.980794683643331));
#5233=DIRECTION('center_axis',(0.978094615023692,-1.4546654268538E-14,-0.20816081298279));
#5234=DIRECTION('ref_axis',(0.20816081298279,0.,0.978094615023692));
#5235=DIRECTION('center_axis',(0.974319703377455,0.00468742620353768,0.225120287060174));
#5236=DIRECTION('ref_axis',(0.0730116202947567,-0.952342334640611,-0.296164449171747));
#5237=DIRECTION('center_axis',(0.974319729938345,0.00468746209193299,-0.225120171357448));
#5238=DIRECTION('ref_axis',(0.225122644602273,0.,0.974330434137864));
#5239=DIRECTION('center_axis',(-0.981236822368415,-1.44219111016592E-16,
-0.192806375486743));
#5240=DIRECTION('ref_axis',(-0.191182585170938,0.12950989534858,0.972972972972095));
#5241=DIRECTION('center_axis',(-1.,0.,-5.07530525542929E-15));
#5242=DIRECTION('ref_axis',(-5.07530525542929E-15,-3.80647894157197E-15,
1.));
#5243=DIRECTION('center_axis',(0.967467245349863,0.,0.25299630269067));
#5244=DIRECTION('ref_axis',(0.,1.,0.));
#5245=DIRECTION('center_axis',(0.97093142629229,0.,0.239357818836191));
#5246=DIRECTION('ref_axis',(0.,1.,0.));
#5247=DIRECTION('center_axis',(-5.02604019569739E-15,0.,1.));
#5248=DIRECTION('ref_axis',(0.,1.,0.));
#5249=DIRECTION('center_axis',(0.967467245349864,0.,-0.252996302690665));
#5250=DIRECTION('ref_axis',(-0.249062476267713,0.17565912087627,-0.95242414719933));
#5251=DIRECTION('center_axis',(-0.981236822368424,2.57736147039336E-16,
0.192806375486696));
#5252=DIRECTION('ref_axis',(4.41551557222348E-13,1.,2.24582257552746E-12));
#5253=DIRECTION('center_axis',(1.,0.,0.));
#5254=DIRECTION('ref_axis',(0.,0.,-1.));
#5255=DIRECTION('',(0.,-1.,0.));
#5256=DIRECTION('center_axis',(-1.,0.,0.));
#5257=DIRECTION('ref_axis',(0.,0.,-1.));
#5258=DIRECTION('',(0.,1.,0.));
#5259=DIRECTION('center_axis',(1.,0.,0.));
#5260=DIRECTION('ref_axis',(0.,0.,-1.));
#5261=DIRECTION('',(1.,0.,0.));
#5262=DIRECTION('',(1.,0.,0.));
#5263=DIRECTION('center_axis',(1.,0.,0.));
#5264=DIRECTION('ref_axis',(0.,0.,-1.));
#5265=DIRECTION('center_axis',(1.,0.,0.));
#5266=DIRECTION('ref_axis',(0.,0.,-1.));
#5267=DIRECTION('',(0.,1.,0.));
#5268=DIRECTION('',(0.,-1.,0.));
#5269=DIRECTION('center_axis',(0.981236822368422,-2.66538012288092E-16,
0.19280637548671));
#5270=DIRECTION('ref_axis',(0.191182585170905,0.1295098953486,-0.972972972972099));
#5271=DIRECTION('center_axis',(-0.967467245349871,0.,-0.252996302690639));
#5272=DIRECTION('ref_axis',(0.,1.,0.));
#5273=DIRECTION('center_axis',(-0.973945307677668,1.23576743463929E-15,
-0.22678301888072));
#5274=DIRECTION('ref_axis',(1.26882631385732E-15,1.,0.));
#5275=DIRECTION('center_axis',(0.,-1.,0.));
#5276=DIRECTION('ref_axis',(0.,0.,-1.));
#5277=DIRECTION('center_axis',(0.,-1.,0.));
#5278=DIRECTION('ref_axis',(3.70074341541718E-16,0.,-1.));
#5279=DIRECTION('center_axis',(1.,2.41488032210514E-30,9.51619735392991E-16));
#5280=DIRECTION('ref_axis',(0.,1.,-2.53765262771464E-15));
#5281=DIRECTION('center_axis',(0.,1.,0.));
#5282=DIRECTION('ref_axis',(-1.,0.,0.));
#5283=DIRECTION('center_axis',(1.,0.,0.));
#5284=DIRECTION('ref_axis',(0.,0.707106781186548,0.707106781186547));
#5285=DIRECTION('',(-1.,0.,0.));
#5286=DIRECTION('',(1.,0.,0.));
#5287=DIRECTION('',(1.,0.,0.));
#5288=DIRECTION('center_axis',(0.967467245349868,0.,-0.252996302690647));
#5289=DIRECTION('ref_axis',(0.,1.,0.));
#5290=DIRECTION('center_axis',(0.981236822368427,2.57736147068223E-16,-0.192806375486684));
#5291=DIRECTION('ref_axis',(-4.41551557222348E-13,1.,-2.24582257552746E-12));
#5292=DIRECTION('center_axis',(1.,0.,0.));
#5293=DIRECTION('ref_axis',(0.,-1.26882631385732E-15,-1.));
#5294=DIRECTION('center_axis',(-1.,0.,-5.07530525542929E-15));
#5295=DIRECTION('ref_axis',(0.,1.,0.));
#5296=DIRECTION('center_axis',(1.,0.,0.));
#5297=DIRECTION('ref_axis',(0.,0.707106781186548,-0.707106781186547));
#5298=DIRECTION('',(-1.,0.,0.));
#5299=DIRECTION('',(1.,0.,0.));
#5300=DIRECTION('center_axis',(1.,0.,2.53765262771464E-15));
#5301=DIRECTION('ref_axis',(0.,1.,0.));
#5302=DIRECTION('center_axis',(-1.,0.,0.));
#5303=DIRECTION('ref_axis',(0.,0.707106781186548,0.707106781186547));
#5304=DIRECTION('',(1.,0.,0.));
#5305=DIRECTION('',(-1.,0.,0.));
#5306=DIRECTION('center_axis',(0.,1.,0.));
#5307=DIRECTION('ref_axis',(-1.,0.,0.));
#5308=DIRECTION('',(-1.,0.,9.54918149104471E-16));
#5309=DIRECTION('center_axis',(0.,1.,0.));
#5310=DIRECTION('ref_axis',(-1.,0.,0.));
#5311=DIRECTION('',(1.,0.,1.30941337480913E-16));
#5312=DIRECTION('center_axis',(8.86403493784335E-14,-1.,0.));
#5313=DIRECTION('ref_axis',(-0.304775727103783,-2.70154269325455E-14,-0.952424147199324));
#5314=DIRECTION('center_axis',(0.,0.,-1.));
#5315=DIRECTION('ref_axis',(-1.,0.,0.));
#5316=DIRECTION('',(-1.,1.32968267853393E-16,0.));
#5317=DIRECTION('center_axis',(0.,-1.,0.));
#5318=DIRECTION('ref_axis',(0.,0.,-1.));
#5319=DIRECTION('',(0.952424147199324,0.,0.304775727103784));
#5320=DIRECTION('',(0.,0.,1.));
#5321=DIRECTION('',(-0.952424147199324,0.,0.304775727103784));
#5322=DIRECTION('center_axis',(-8.88178419702199E-14,1.,0.));
#5323=DIRECTION('ref_axis',(-0.807705307368901,-7.1738642348399E-14,0.589586411349608));
#5324=DIRECTION('center_axis',(-8.88178419702199E-14,1.,5.3129018896742E-16));
#5325=DIRECTION('ref_axis',(-0.807705307368901,-7.1738642348399E-14,0.589586411349608));
#5326=DIRECTION('',(-8.88178419702199E-14,1.,0.));
#5327=DIRECTION('center_axis',(8.88178419700128E-14,-1.,1.12306262966793E-16));
#5328=DIRECTION('ref_axis',(-0.304775727103781,-2.69625591694681E-14,0.952424147199325));
#5329=DIRECTION('',(8.88178419702199E-14,-1.,0.));
#5330=DIRECTION('center_axis',(-8.74684993780857E-14,0.984807753012208,
0.17364817766693));
#5331=DIRECTION('ref_axis',(1.59317623866855E-14,-0.17364817766693,0.984807753012208));
#5332=DIRECTION('center_axis',(0.436823879891618,-0.895676370076476,0.0833590909443076));
#5333=DIRECTION('ref_axis',(-0.299332306583673,-0.0573446951943803,0.952424147199325));
#5334=DIRECTION('center_axis',(0.60130154629849,-0.796684348761995,0.0610778098553074));
#5335=DIRECTION('ref_axis',(-0.168407063472622,-0.0516398162433517,0.984363952179722));
#5336=DIRECTION('center_axis',(0.,0.,1.));
#5337=DIRECTION('ref_axis',(1.,0.,0.));
#5338=DIRECTION('',(0.,1.,0.));
#5339=DIRECTION('',(0.952424147199324,8.45922573945711E-14,0.304775727103784));
#5340=DIRECTION('center_axis',(0.304775727103784,2.70695223662627E-14,-0.952424147199324));
#5341=DIRECTION('ref_axis',(-0.952424147199324,-8.45922573945711E-14,-0.304775727103784));
#5342=DIRECTION('',(-0.952424147199324,-8.44303330409254E-14,-0.304775727103784));
#5343=DIRECTION('',(8.88178419702199E-14,-1.,0.));
#5344=DIRECTION('center_axis',(-8.88178419702199E-14,1.,5.3129018896742E-16));
#5345=DIRECTION('ref_axis',(4.17495237502363E-29,-5.3129018896742E-16,1.));
#5346=DIRECTION('',(1.,8.88178419702199E-14,5.43852429380026E-30));
#5347=DIRECTION('',(4.17495237502363E-29,-5.3129018896742E-16,1.));
#5348=DIRECTION('',(1.,0.,7.9634920784568E-17));
#5349=DIRECTION('',(0.,-5.3129018896742E-16,1.));
#5350=DIRECTION('',(-1.,0.,0.));
#5351=DIRECTION('',(0.952424147199324,1.61924353645652E-16,-0.304775727103784));
#5352=DIRECTION('center_axis',(-8.88178419702199E-14,1.,5.3129018896742E-16));
#5353=DIRECTION('ref_axis',(0.154233350480166,0.,0.988034449601664));
#5354=DIRECTION('',(1.,8.88178419702199E-14,5.43852429380026E-30));
#5355=DIRECTION('center_axis',(-8.88178419702199E-14,1.,5.3129018896742E-16));
#5356=DIRECTION('ref_axis',(-0.154233350480167,-1.3698673349485E-14,0.988034449601663));
#5357=DIRECTION('center_axis',(8.88178419702199E-14,-1.,0.));
#5358=DIRECTION('ref_axis',(-0.807705307368901,-7.1738642348399E-14,-0.589586411349608));
#5359=DIRECTION('center_axis',(-8.74684993780857E-14,0.984807753012208,
-0.17364817766693));
#5360=DIRECTION('ref_axis',(1.41355342744612E-14,-0.17364817766693,-0.984807753012208));
#5361=DIRECTION('',(-8.88178419702199E-14,1.,0.));
#5362=DIRECTION('center_axis',(8.88178419700128E-14,-1.,-1.1230626296703E-16));
#5363=DIRECTION('ref_axis',(-1.,-8.88178419700128E-14,0.));
#5364=DIRECTION('',(8.88178419702199E-14,-1.,0.));
#5365=DIRECTION('center_axis',(-8.88178419702199E-14,1.,4.75364905918218E-16));
#5366=DIRECTION('ref_axis',(-0.807705307368901,-7.1738642348399E-14,-0.589586411349608));
#5367=DIRECTION('center_axis',(0.436823917733563,-0.895676350914483,-0.0833590985340942));
#5368=DIRECTION('ref_axis',(-0.8988045740266,-0.438349561091216,1.58603289232165E-16));
#5369=DIRECTION('center_axis',(0.601301581676278,-0.796684322506552,-0.0610778040361823));
#5370=DIRECTION('ref_axis',(-0.798174507849347,-0.602426306712657,4.75809867696497E-16));
#5371=DIRECTION('',(0.,0.,-1.));
#5372=DIRECTION('',(-5.43852429380026E-30,-2.41518995638977E-43,1.));
#5373=DIRECTION('center_axis',(1.,8.88178419702199E-14,5.43852429380026E-30));
#5374=DIRECTION('ref_axis',(5.43852429380026E-30,2.41518995638977E-43,-1.));
#5375=DIRECTION('',(1.54230564024381E-14,-0.17364817766693,-0.984807753012208));
#5376=DIRECTION('center_axis',(1.,8.88178419702199E-14,5.43852429380026E-30));
#5377=DIRECTION('ref_axis',(5.43852429380026E-30,2.41518995638977E-43,-1.));
#5378=DIRECTION('',(1.54230564024381E-14,-0.17364817766693,0.984807753012208));
#5379=DIRECTION('center_axis',(-8.74684993780857E-14,0.984807753012208,
-0.17364817766693));
#5380=DIRECTION('ref_axis',(-1.54230564024381E-14,0.17364817766693,0.984807753012208));
#5381=DIRECTION('',(1.,8.88178419702199E-14,5.43852429380026E-30));
#5382=DIRECTION('',(-1.54230564024381E-14,0.17364817766693,0.984807753012208));
#5383=DIRECTION('',(-1.,-8.88178419702199E-14,-5.43852429380026E-30));
#5384=DIRECTION('',(1.54230564024381E-14,-0.17364817766693,-0.984807753012208));
#5385=DIRECTION('',(-0.966234939601242,-0.044742649722719,-0.253748175933493));
#5386=DIRECTION('',(1.,8.88178419702199E-14,5.43852429380026E-30));
#5387=DIRECTION('',(-1.54230564024381E-14,0.17364817766693,0.984807753012208));
#5388=DIRECTION('',(1.,8.88178419702199E-14,5.43852429380026E-30));
#5389=DIRECTION('',(1.54230564024381E-14,-0.17364817766693,-0.984807753012208));
#5390=DIRECTION('',(1.,8.88178419702199E-14,5.43852429380026E-30));
#5391=DIRECTION('',(-1.54230564024381E-14,0.17364817766693,0.984807753012208));
#5392=DIRECTION('',(1.,8.88178419702199E-14,5.43852429380026E-30));
#5393=DIRECTION('',(1.54230564024381E-14,-0.17364817766693,-0.984807753012208));
#5394=DIRECTION('',(1.,8.88178419702199E-14,5.43852429380026E-30));
#5395=DIRECTION('',(-1.54230564024381E-14,0.17364817766693,0.984807753012208));
#5396=DIRECTION('',(1.,8.88178419702199E-14,5.43852429380026E-30));
#5397=DIRECTION('center_axis',(-8.88178419702199E-14,1.,4.75364905918218E-16));
#5398=DIRECTION('ref_axis',(3.67823607982325E-29,-4.75364905918218E-16,
1.));
#5399=DIRECTION('',(0.952424147199324,8.47371370794119E-14,-0.304775727103784));
#5400=DIRECTION('center_axis',(-8.88178419702199E-14,1.,4.75364905918218E-16));
#5401=DIRECTION('ref_axis',(-0.154233350480167,-1.3698673349485E-14,-0.988034449601663));
#5402=DIRECTION('',(4.1903434828085E-29,-4.75364905918218E-16,1.));
#5403=DIRECTION('',(-1.,-8.88178419702199E-14,7.02343531194697E-17));
#5404=DIRECTION('',(3.67823607982325E-29,-4.75364905918218E-16,1.));
#5405=DIRECTION('center_axis',(0.304775727103784,2.70695223662627E-14,0.952424147199324));
#5406=DIRECTION('ref_axis',(0.952424147199324,8.45922573945711E-14,-0.304775727103784));
#5407=DIRECTION('',(-0.952424147199324,-8.45922573945711E-14,0.304775727103784));
#5408=DIRECTION('',(-8.88178419702199E-14,1.,0.));
#5409=DIRECTION('center_axis',(0.,0.,1.));
#5410=DIRECTION('ref_axis',(1.,0.,0.));
#5411=DIRECTION('',(0.,-1.,0.));
#5412=DIRECTION('center_axis',(0.,-1.,0.));
#5413=DIRECTION('ref_axis',(1.,0.,0.));
#5414=DIRECTION('center_axis',(0.,0.,1.));
#5415=DIRECTION('ref_axis',(-1.,0.,0.));
#5416=DIRECTION('',(0.,-1.,0.));
#5417=DIRECTION('center_axis',(0.,0.,-1.));
#5418=DIRECTION('ref_axis',(1.,0.,0.));
#5419=DIRECTION('',(0.,-1.,0.));
#5420=DIRECTION('center_axis',(0.,-1.,0.));
#5421=DIRECTION('ref_axis',(3.70074341541718E-16,0.,-1.));
#5422=DIRECTION('center_axis',(0.,0.,-1.));
#5423=DIRECTION('ref_axis',(0.,1.,0.));
#5424=DIRECTION('',(1.,-1.32968267853393E-16,0.));
#5425=DIRECTION('',(-8.88178419702199E-14,1.,-2.41518995638977E-43));
#5426=DIRECTION('center_axis',(0.,-1.,0.));
#5427=DIRECTION('ref_axis',(-0.707106781186547,0.,0.707106781186548));
#5428=DIRECTION('center_axis',(8.8197131394413E-14,-1.,0.));
#5429=DIRECTION('ref_axis',(1.,8.8197131394413E-14,0.));
#5430=DIRECTION('',(5.43852429380026E-30,4.79662241732009E-43,-1.));
#5431=DIRECTION('',(1.,8.88178419702199E-14,5.43852429380026E-30));
#5432=DIRECTION('',(-5.43852429380026E-30,-4.79662241732009E-43,1.));
#5433=DIRECTION('',(-1.,-8.88178419702199E-14,-5.43852429380026E-30));
#5434=DIRECTION('center_axis',(1.,8.88178419702199E-14,5.43852429380026E-30));
#5435=DIRECTION('ref_axis',(-4.17495237502363E-29,5.3129018896742E-16,-1.));
#5436=DIRECTION('center_axis',(-1.,-8.88178419702199E-14,-5.43852429380026E-30));
#5437=DIRECTION('ref_axis',(2.53423169079673E-29,-3.46561462415267E-16,
1.));
#5438=DIRECTION('',(-8.88178419702199E-14,1.,-2.41518995638977E-43));
#5439=DIRECTION('',(-1.54230564024381E-14,0.17364817766693,-0.984807753012208));
#5440=DIRECTION('center_axis',(-1.,-8.88178419702199E-14,-5.43852429380026E-30));
#5441=DIRECTION('ref_axis',(5.43852429380026E-30,2.41518995638977E-43,-1.));
#5442=DIRECTION('center_axis',(1.,8.88178419702199E-14,5.43852429380026E-30));
#5443=DIRECTION('ref_axis',(8.6674852893549E-14,-0.975872087982171,0.218343005148594));
#5444=DIRECTION('',(-8.88178419702199E-14,1.,-2.41518995638977E-43));
#5445=DIRECTION('center_axis',(-1.,-8.88178419702199E-14,-5.43852429380026E-30));
#5446=DIRECTION('ref_axis',(3.04918603268672E-30,-9.55631226587656E-17,
1.));
#5447=DIRECTION('',(8.88178419702199E-14,-1.,-1.00929365875014E-15));
#5448=DIRECTION('center_axis',(1.,8.88178419702199E-14,5.43852429380026E-30));
#5449=DIRECTION('ref_axis',(8.66748528935493E-14,-0.975872087982175,-0.218343005148575));
#5450=DIRECTION('center_axis',(-1.,-8.88178419702199E-14,-5.43852429380026E-30));
#5451=DIRECTION('ref_axis',(5.43852429380026E-30,2.41518995638977E-43,-1.));
#5452=DIRECTION('',(8.88178419702199E-14,-1.,-1.00929365875014E-15));
#5453=DIRECTION('center_axis',(-1.,-8.88178419702199E-14,-5.43852429380026E-30));
#5454=DIRECTION('ref_axis',(2.53423169079673E-29,-3.46561462415267E-16,
1.));
#5455=DIRECTION('center_axis',(-1.,-8.88178419702199E-14,-5.43852429380026E-30));
#5456=DIRECTION('ref_axis',(-2.24139449467742E-29,1.91126245317531E-16,
1.));
#5457=DIRECTION('center_axis',(-1.,-8.88178419702199E-14,-5.43852429380026E-30));
#5458=DIRECTION('ref_axis',(2.53423169079673E-29,-3.46561462415267E-16,
1.));
#5459=DIRECTION('',(-1.,-8.88178419702199E-14,-5.43852429380026E-30));
#5460=DIRECTION('center_axis',(1.,0.,0.));
#5461=DIRECTION('ref_axis',(0.,0.,-1.));
#5462=DIRECTION('',(0.,-0.17364817766693,0.984807753012208));
#5463=DIRECTION('center_axis',(1.,0.,0.));
#5464=DIRECTION('ref_axis',(0.,0.,-1.));
#5465=DIRECTION('',(0.,-0.17364817766693,-0.984807753012208));
#5466=DIRECTION('center_axis',(0.,-0.984807753012208,-0.17364817766693));
#5467=DIRECTION('ref_axis',(0.,-0.17364817766693,0.984807753012208));
#5468=DIRECTION('',(0.,-0.17364817766693,0.984807753012208));
#5469=DIRECTION('',(1.,0.,0.));
#5470=DIRECTION('',(0.,0.17364817766693,-0.984807753012208));
#5471=DIRECTION('',(-0.966234939601246,0.0447426497226332,-0.253748175933493));
#5472=DIRECTION('',(-1.,0.,0.));
#5473=DIRECTION('',(0.,-0.17364817766693,0.984807753012208));
#5474=DIRECTION('',(1.,0.,0.));
#5475=DIRECTION('',(0.,0.17364817766693,-0.984807753012208));
#5476=DIRECTION('',(-1.,0.,0.));
#5477=DIRECTION('',(0.,-0.17364817766693,0.984807753012208));
#5478=DIRECTION('',(1.,0.,0.));
#5479=DIRECTION('',(0.,0.17364817766693,-0.984807753012208));
#5480=DIRECTION('',(-1.,0.,0.));
#5481=DIRECTION('',(0.,-0.17364817766693,0.984807753012208));
#5482=DIRECTION('',(-1.,0.,0.));
#5483=DIRECTION('center_axis',(0.,-0.984807753012208,0.17364817766693));
#5484=DIRECTION('ref_axis',(0.,0.17364817766693,0.984807753012208));
#5485=DIRECTION('',(-1.,0.,0.));
#5486=DIRECTION('',(0.,0.17364817766693,0.984807753012208));
#5487=DIRECTION('',(-1.,0.,0.));
#5488=DIRECTION('',(0.,-0.17364817766693,-0.984807753012208));
#5489=DIRECTION('',(-1.,0.,0.));
#5490=DIRECTION('',(0.,0.17364817766693,0.984807753012208));
#5491=DIRECTION('',(-1.,0.,0.));
#5492=DIRECTION('',(0.,-0.17364817766693,-0.984807753012208));
#5493=DIRECTION('',(-1.,0.,0.));
#5494=DIRECTION('',(0.,0.17364817766693,0.984807753012208));
#5495=DIRECTION('',(-1.,0.,0.));
#5496=DIRECTION('',(0.966234939601246,-0.0447426497226332,-0.253748175933493));
#5497=DIRECTION('',(0.,-0.17364817766693,-0.984807753012208));
#5498=DIRECTION('',(1.,0.,0.));
#5499=DIRECTION('',(0.,0.17364817766693,0.984807753012208));
#5500=DIRECTION('',(-1.,0.,0.));
#5501=DIRECTION('center_axis',(0.,0.,1.));
#5502=DIRECTION('ref_axis',(-1.,0.,0.));
#5503=DIRECTION('center_axis',(0.,0.,1.));
#5504=DIRECTION('ref_axis',(-1.,0.,0.));
#5505=DIRECTION('',(0.,0.,1.));
#5506=DIRECTION('center_axis',(0.,0.,1.));
#5507=DIRECTION('ref_axis',(-1.,0.,0.));
#5508=DIRECTION('center_axis',(0.,0.,-1.));
#5509=DIRECTION('ref_axis',(-1.,0.,0.));
#5510=DIRECTION('center_axis',(0.,0.,1.));
#5511=DIRECTION('ref_axis',(-1.,0.,0.));
#5512=DIRECTION('center_axis',(0.,0.,1.));
#5513=DIRECTION('ref_axis',(-1.,0.,0.));
#5514=DIRECTION('',(0.,0.,1.));
#5515=DIRECTION('center_axis',(0.,0.,1.));
#5516=DIRECTION('ref_axis',(-1.,0.,0.));
#5517=DIRECTION('center_axis',(0.,0.,-1.));
#5518=DIRECTION('ref_axis',(-1.,0.,0.));
#5519=DIRECTION('center_axis',(0.,0.,1.));
#5520=DIRECTION('ref_axis',(-1.,0.,0.));
#5521=DIRECTION('center_axis',(0.,0.,1.));
#5522=DIRECTION('ref_axis',(-1.,0.,0.));
#5523=DIRECTION('',(0.,0.,1.));
#5524=DIRECTION('center_axis',(0.,0.,1.));
#5525=DIRECTION('ref_axis',(-1.,0.,0.));
#5526=DIRECTION('center_axis',(0.,0.,-1.));
#5527=DIRECTION('ref_axis',(-1.,0.,0.));
#5528=DIRECTION('center_axis',(0.,0.,1.));
#5529=DIRECTION('ref_axis',(-1.,0.,0.));
#5530=DIRECTION('center_axis',(0.,0.,1.));
#5531=DIRECTION('ref_axis',(-1.,0.,0.));
#5532=DIRECTION('',(0.,0.,1.));
#5533=DIRECTION('center_axis',(0.,0.,1.));
#5534=DIRECTION('ref_axis',(-1.,0.,0.));
#5535=DIRECTION('center_axis',(0.,0.,-1.));
#5536=DIRECTION('ref_axis',(-1.,0.,0.));
#5537=DIRECTION('center_axis',(0.,0.,-1.));
#5538=DIRECTION('ref_axis',(-1.,0.,0.));
#5539=DIRECTION('',(0.,1.,0.));
#5540=DIRECTION('',(-1.,-8.88178419702199E-14,7.02343531194697E-17));
#5541=DIRECTION('',(0.,1.,0.));
#5542=DIRECTION('',(-1.,1.32968267853393E-16,0.));
#5543=DIRECTION('center_axis',(0.,0.,-1.));
#5544=DIRECTION('ref_axis',(-1.,0.,0.));
#5545=DIRECTION('',(8.81500386469297E-14,-1.,-1.669508307707E-16));
#5546=DIRECTION('',(-1.,1.32968267853393E-16,0.));
#5547=DIRECTION('',(8.81500386469297E-14,-1.,0.));
#5548=DIRECTION('center_axis',(-8.88831996507031E-14,1.,0.));
#5549=DIRECTION('ref_axis',(-0.304775727103784,-2.70894418008538E-14,0.952424147199324));
#5550=DIRECTION('center_axis',(8.88178419702199E-14,-1.,0.));
#5551=DIRECTION('ref_axis',(-0.154233350480167,-1.3698673349485E-14,0.988034449601663));
#5552=DIRECTION('',(-8.88178419702199E-14,1.,0.));
#5553=DIRECTION('center_axis',(0.,0.,1.));
#5554=DIRECTION('ref_axis',(1.,0.,0.));
#5555=DIRECTION('',(0.,-1.,0.));
#5556=DIRECTION('center_axis',(-3.05991343059797E-14,1.,0.));
#5557=DIRECTION('ref_axis',(0.,0.,1.));
#5558=DIRECTION('center_axis',(0.,-1.,0.));
#5559=DIRECTION('ref_axis',(0.154233350480166,0.,0.988034449601664));
#5560=DIRECTION('',(0.,1.,0.));
#5561=DIRECTION('center_axis',(0.304775727103784,0.,0.952424147199324));
#5562=DIRECTION('ref_axis',(0.952424147199324,0.,-0.304775727103784));
#5563=DIRECTION('center_axis',(-1.,-8.88178419702199E-14,1.86984930463184E-15));
#5564=DIRECTION('ref_axis',(1.86984930463184E-15,1.66075980046916E-28,1.));
#5565=DIRECTION('',(-5.43852429380026E-30,-2.41518995638977E-43,1.));
#5566=DIRECTION('',(8.88178419702199E-14,-1.,7.07300180955474E-30));
#5567=DIRECTION('',(1.54230564024381E-14,-0.17364817766693,0.984807753012208));
#5568=DIRECTION('center_axis',(1.,8.88178419702199E-14,5.43852429380026E-30));
#5569=DIRECTION('ref_axis',(5.43852429380026E-30,2.41518995638977E-43,-1.));
#5570=DIRECTION('',(0.,0.,1.));
#5571=DIRECTION('',(5.43852429380026E-30,2.41518995638977E-43,-1.));
#5572=DIRECTION('',(0.,0.,-1.));
#5573=DIRECTION('',(0.,0.,1.));
#5574=DIRECTION('center_axis',(0.,0.,1.));
#5575=DIRECTION('ref_axis',(0.,-1.,0.));
#5576=DIRECTION('',(0.,1.,0.));
#5577=DIRECTION('center_axis',(1.,8.88178419702199E-14,5.43852429380026E-30));
#5578=DIRECTION('ref_axis',(8.66748528935493E-14,-0.975872087982175,-0.218343005148575));
#5579=DIRECTION('center_axis',(-1.,-8.88178419702199E-14,-5.43852429380026E-30));
#5580=DIRECTION('ref_axis',(8.66748528935493E-14,-0.975872087982175,-0.218343005148575));
#5581=DIRECTION('',(1.,8.88178419702199E-14,5.43852429380026E-30));
#5582=DIRECTION('center_axis',(1.,8.88178419702199E-14,5.43852429380026E-30));
#5583=DIRECTION('ref_axis',(8.66748528935493E-14,-0.975872087982175,-0.218343005148575));
#5584=DIRECTION('',(-1.,-8.88178419702199E-14,-5.43852429380026E-30));
#5585=DIRECTION('center_axis',(8.4204760390615E-29,-1.00929365875014E-15,
1.));
#5586=DIRECTION('ref_axis',(-1.,-8.88178419702199E-14,-5.43852429380026E-30));
#5587=DIRECTION('',(8.88178419702199E-14,-1.,-1.00929365875014E-15));
#5588=DIRECTION('',(-1.,-8.88178419702199E-14,-5.43852429380026E-30));
#5589=DIRECTION('',(8.88178419702199E-14,-1.,-1.00929365875014E-15));
#5590=DIRECTION('center_axis',(-1.,-8.88178419702199E-14,-5.43852429380026E-30));
#5591=DIRECTION('ref_axis',(8.6674852893549E-14,-0.975872087982171,0.218343005148594));
#5592=DIRECTION('center_axis',(1.,8.88178419702199E-14,5.43852429380026E-30));
#5593=DIRECTION('ref_axis',(8.6674852893549E-14,-0.975872087982171,0.218343005148594));
#5594=DIRECTION('',(-1.,-8.88178419702199E-14,-5.43852429380026E-30));
#5595=DIRECTION('center_axis',(-1.,-8.88178419702199E-14,-5.43852429380026E-30));
#5596=DIRECTION('ref_axis',(8.6674852893549E-14,-0.975872087982171,0.218343005148594));
#5597=DIRECTION('',(1.,8.88178419702199E-14,5.43852429380026E-30));
#5598=DIRECTION('center_axis',(5.43852429380026E-30,2.41518995638977E-43,
-1.));
#5599=DIRECTION('ref_axis',(-1.,-8.88178419702199E-14,-5.43852429380026E-30));
#5600=DIRECTION('',(-8.88178419702199E-14,1.,-2.41518995638977E-43));
#5601=DIRECTION('',(-1.,-8.88178419702199E-14,-5.43852429380026E-30));
#5602=DIRECTION('',(-8.88178419702199E-14,1.,-2.41518995638977E-43));
#5603=DIRECTION('center_axis',(-8.4204760390615E-29,1.00929365875014E-15,
-1.));
#5604=DIRECTION('ref_axis',(1.,8.88178419702199E-14,5.43852429380026E-30));
#5605=DIRECTION('',(8.88178419702199E-14,-1.,-1.00929365875014E-15));
#5606=DIRECTION('',(1.,8.88178419702199E-14,5.43852429380026E-30));
#5607=DIRECTION('',(8.88178419702199E-14,-1.,-1.00929365875014E-15));
#5608=DIRECTION('center_axis',(1.,8.88178419702199E-14,5.43852429380026E-30));
#5609=DIRECTION('ref_axis',(-4.17495237502363E-29,5.3129018896742E-16,-1.));
#5610=DIRECTION('center_axis',(1.,8.88178419702199E-14,5.43852429380026E-30));
#5611=DIRECTION('ref_axis',(5.43852429380026E-30,2.41518995638977E-43,-1.));
#5612=DIRECTION('center_axis',(-1.,-8.88178419702199E-14,-5.43852429380026E-30));
#5613=DIRECTION('ref_axis',(3.04918603268672E-30,-9.55631226587656E-17,
1.));
#5614=DIRECTION('center_axis',(1.,8.88178419702199E-14,5.43852429380026E-30));
#5615=DIRECTION('ref_axis',(5.43852429380026E-30,2.41518995638977E-43,-1.));
#5616=DIRECTION('',(1.54230564024381E-14,-0.17364817766693,0.984807753012208));
#5617=DIRECTION('',(-8.88178419702199E-14,1.,-2.41518995638977E-43));
#5618=DIRECTION('center_axis',(-1.,-8.88178419702199E-14,-5.43852429380026E-30));
#5619=DIRECTION('ref_axis',(2.53423169079673E-29,-3.46561462415267E-16,
1.));
#5620=DIRECTION('center_axis',(-1.,-8.88178419702199E-14,-5.43852429380026E-30));
#5621=DIRECTION('ref_axis',(-2.24139449467742E-29,1.91126245317531E-16,
1.));
#5622=DIRECTION('',(1.,8.88178419702199E-14,5.43852429380026E-30));
#5623=DIRECTION('center_axis',(-1.,-8.88178419702199E-14,-5.43852429380026E-30));
#5624=DIRECTION('ref_axis',(2.53423169079673E-29,-3.46561462415267E-16,
1.));
#5625=DIRECTION('center_axis',(-1.,-8.88178419702199E-14,-5.43852429380026E-30));
#5626=DIRECTION('ref_axis',(-2.24139449467742E-29,1.91126245317531E-16,
1.));
#5627=DIRECTION('center_axis',(-1.,-8.88178419702199E-14,-5.43852429380026E-30));
#5628=DIRECTION('ref_axis',(3.04918603268672E-30,-9.55631226587656E-17,
1.));
#5629=DIRECTION('center_axis',(-5.43852429380026E-30,-2.41518995638977E-43,
1.));
#5630=DIRECTION('ref_axis',(1.,8.88178419702199E-14,5.43852429380026E-30));
#5631=DIRECTION('',(-1.,-8.88178419702199E-14,-5.43852429380026E-30));
#5632=DIRECTION('',(-8.88178419702199E-14,1.,-2.41518995638977E-43));
#5633=DIRECTION('center_axis',(-1.,-8.88178419702199E-14,-5.43852429380026E-30));
#5634=DIRECTION('ref_axis',(4.17495237502363E-29,-5.3129018896742E-16,1.));
#5635=DIRECTION('',(-1.54230564024381E-14,0.17364817766693,-0.984807753012208));
#5636=DIRECTION('center_axis',(-1.,-8.88178419702199E-14,-5.43852429380026E-30));
#5637=DIRECTION('ref_axis',(5.43852429380026E-30,2.41518995638977E-43,-1.));
#5638=DIRECTION('center_axis',(-1.,-8.88178419702199E-14,-5.43852429380026E-30));
#5639=DIRECTION('ref_axis',(5.43852429380026E-30,2.41518995638977E-43,-1.));
#5640=DIRECTION('center_axis',(1.,8.88178419702199E-14,5.43852429380026E-30));
#5641=DIRECTION('ref_axis',(8.66748528935493E-14,-0.975872087982175,-0.218343005148575));
#5642=DIRECTION('center_axis',(-1.,-8.88178419702199E-14,-5.43852429380026E-30));
#5643=DIRECTION('ref_axis',(8.66748528935493E-14,-0.975872087982175,-0.218343005148575));
#5644=DIRECTION('',(1.,8.88178419702199E-14,5.43852429380026E-30));
#5645=DIRECTION('',(-1.,-8.88178419702199E-14,-5.43852429380026E-30));
#5646=DIRECTION('center_axis',(-8.4204760390615E-29,1.00929365875014E-15,
-1.));
#5647=DIRECTION('ref_axis',(1.,8.88178419702199E-14,5.43852429380026E-30));
#5648=DIRECTION('',(1.,8.88178419702199E-14,5.43852429380026E-30));
#5649=DIRECTION('',(8.88178419702199E-14,-1.,-1.00929365875014E-15));
#5650=DIRECTION('center_axis',(-1.,-8.88178419702199E-14,-5.43852429380026E-30));
#5651=DIRECTION('ref_axis',(8.6674852893549E-14,-0.975872087982171,0.218343005148594));
#5652=DIRECTION('',(-1.,-8.88178419702199E-14,-5.43852429380026E-30));
#5653=DIRECTION('center_axis',(-1.,-8.88178419702199E-14,-5.43852429380026E-30));
#5654=DIRECTION('ref_axis',(8.6674852893549E-14,-0.975872087982171,0.218343005148594));
#5655=DIRECTION('',(1.,8.88178419702199E-14,5.43852429380026E-30));
#5656=DIRECTION('center_axis',(-5.43852429380026E-30,-2.41518995638977E-43,
1.));
#5657=DIRECTION('ref_axis',(1.,8.88178419702199E-14,5.43852429380026E-30));
#5658=DIRECTION('',(-8.88178419702199E-14,1.,-2.41518995638977E-43));
#5659=DIRECTION('',(1.,8.88178419702199E-14,5.43852429380026E-30));
#5660=DIRECTION('center_axis',(8.4204760390615E-29,-1.00929365875014E-15,
1.));
#5661=DIRECTION('ref_axis',(-1.,-8.88178419702199E-14,-5.43852429380026E-30));
#5662=DIRECTION('',(8.88178419702199E-14,-1.,-1.00929365875014E-15));
#5663=DIRECTION('',(-1.,-8.88178419702199E-14,-5.43852429380026E-30));
#5664=DIRECTION('center_axis',(-1.,-8.88178419702199E-14,-5.43852429380026E-30));
#5665=DIRECTION('ref_axis',(4.17495237502363E-29,-5.3129018896742E-16,1.));
#5666=DIRECTION('center_axis',(-1.,-8.88178419702199E-14,-5.43852429380026E-30));
#5667=DIRECTION('ref_axis',(2.53423169079673E-29,-3.46561462415267E-16,
1.));
#5668=DIRECTION('center_axis',(1.,8.88178419702199E-14,5.43852429380026E-30));
#5669=DIRECTION('ref_axis',(5.43852429380026E-30,2.41518995638977E-43,-1.));
#5670=DIRECTION('center_axis',(-1.,-8.88178419702199E-14,-5.43852429380026E-30));
#5671=DIRECTION('ref_axis',(3.04918603268672E-30,-9.55631226587656E-17,
1.));
#5672=DIRECTION('center_axis',(1.,8.88178419702199E-14,5.43852429380026E-30));
#5673=DIRECTION('ref_axis',(5.43852429380026E-30,2.41518995638977E-43,-1.));
#5674=DIRECTION('',(1.54230564024381E-14,-0.17364817766693,0.984807753012208));
#5675=DIRECTION('',(-8.88178419702199E-14,1.,-2.41518995638977E-43));
#5676=DIRECTION('center_axis',(5.43852429380026E-30,2.41518995638977E-43,
-1.));
#5677=DIRECTION('ref_axis',(-1.,-8.88178419702199E-14,-5.43852429380026E-30));
#5678=DIRECTION('',(-1.,-8.88178419702199E-14,-5.43852429380026E-30));
#5679=DIRECTION('center_axis',(-1.,-8.88178419702199E-14,-5.43852429380026E-30));
#5680=DIRECTION('ref_axis',(-2.24139449467742E-29,1.91126245317531E-16,
1.));
#5681=DIRECTION('center_axis',(-1.,-8.88178419702199E-14,-5.43852429380026E-30));
#5682=DIRECTION('ref_axis',(-2.24139449467742E-29,1.91126245317531E-16,
1.));
#5683=DIRECTION('center_axis',(-8.74684993780857E-14,0.984807753012208,
0.17364817766693));
#5684=DIRECTION('ref_axis',(1.54230564024381E-14,-0.17364817766693,0.984807753012208));
#5685=DIRECTION('',(1.,8.88178419702199E-14,5.43852429380026E-30));
#5686=DIRECTION('',(1.54230564024381E-14,-0.17364817766693,0.984807753012208));
#5687=DIRECTION('',(1.,8.88178419702199E-14,5.43852429380026E-30));
#5688=DIRECTION('',(1.,8.88178419702199E-14,5.43852429380026E-30));
#5689=DIRECTION('',(1.,8.88178419702199E-14,5.43852429380026E-30));
#5690=DIRECTION('',(0.966234939601242,0.044742649722719,-0.253748175933493));
#5691=DIRECTION('',(-1.54230564024381E-14,0.17364817766693,-0.984807753012208));
#5692=DIRECTION('',(-1.,-8.88178419702199E-14,-5.43852429380026E-30));
#5693=DIRECTION('center_axis',(-1.,-8.88178419702199E-14,-5.43852429380026E-30));
#5694=DIRECTION('ref_axis',(-8.88178419702199E-14,1.,1.83697019872103E-16));
#5695=DIRECTION('center_axis',(1.,8.88178419702199E-14,5.43852429380026E-30));
#5696=DIRECTION('ref_axis',(5.43852429380026E-30,2.41518995638977E-43,-1.));
#5697=DIRECTION('center_axis',(-1.,-8.88178419702199E-14,-5.43852429380026E-30));
#5698=DIRECTION('ref_axis',(5.43852429380026E-30,2.41518995638977E-43,-1.));
#5699=DIRECTION('center_axis',(1.,8.88178419702199E-14,5.43852429380026E-30));
#5700=DIRECTION('ref_axis',(5.43852429380026E-30,2.41518995638977E-43,-1.));
#5701=DIRECTION('center_axis',(-1.,-8.88178419702199E-14,-5.43852429380026E-30));
#5702=DIRECTION('ref_axis',(5.43852429380026E-30,2.41518995638977E-43,-1.));
#5703=DIRECTION('center_axis',(1.,8.88178419702199E-14,5.43852429380026E-30));
#5704=DIRECTION('ref_axis',(-8.88178419702199E-14,1.,-6.12323399573677E-17));
#5705=DIRECTION('center_axis',(-1.,-8.88178419702199E-14,-5.43852429380026E-30));
#5706=DIRECTION('ref_axis',(-8.88178419702199E-14,1.,1.83697019872103E-16));
#5707=DIRECTION('center_axis',(1.,8.88178419702199E-14,5.43852429380026E-30));
#5708=DIRECTION('ref_axis',(5.43852429380026E-30,2.41518995638977E-43,-1.));
#5709=DIRECTION('center_axis',(1.,8.88178419702199E-14,5.43852429380026E-30));
#5710=DIRECTION('ref_axis',(5.43852429380026E-30,2.41518995638977E-43,-1.));
#5711=DIRECTION('center_axis',(1.,8.88178419702199E-14,5.43852429380026E-30));
#5712=DIRECTION('ref_axis',(5.43852429380026E-30,2.41518995638977E-43,-1.));
#5713=DIRECTION('center_axis',(-1.,-8.88178419702199E-14,-5.43852429380026E-30));
#5714=DIRECTION('ref_axis',(-8.88178419702199E-14,1.,-6.12323399573677E-17));
#5715=DIRECTION('center_axis',(1.,0.,3.3458489737484E-15));
#5716=DIRECTION('ref_axis',(-3.3458489737484E-15,0.,1.));
#5717=DIRECTION('center_axis',(9.54918149104471E-16,0.,1.));
#5718=DIRECTION('ref_axis',(-1.,0.,9.54918149104471E-16));
#5719=DIRECTION('',(0.,1.,0.));
#5720=DIRECTION('center_axis',(1.,0.,0.));
#5721=DIRECTION('ref_axis',(0.,-0.975872087982175,-0.218343005148575));
#5722=DIRECTION('center_axis',(-1.,0.,0.));
#5723=DIRECTION('ref_axis',(0.,-0.975872087982175,-0.218343005148575));
#5724=DIRECTION('',(1.,0.,0.));
#5725=DIRECTION('center_axis',(1.,0.,0.));
#5726=DIRECTION('ref_axis',(0.,-0.975872087982175,-0.218343005148575));
#5727=DIRECTION('',(-1.,0.,0.));
#5728=DIRECTION('center_axis',(0.,1.00929365875014E-15,-1.));
#5729=DIRECTION('ref_axis',(1.,0.,0.));
#5730=DIRECTION('',(0.,-1.,-1.00929365875014E-15));
#5731=DIRECTION('',(1.,0.,0.));
#5732=DIRECTION('',(0.,-1.,-1.00929365875014E-15));
#5733=DIRECTION('center_axis',(-1.,0.,0.));
#5734=DIRECTION('ref_axis',(0.,-0.975872087982171,0.218343005148594));
#5735=DIRECTION('center_axis',(1.,0.,0.));
#5736=DIRECTION('ref_axis',(0.,-0.975872087982171,0.218343005148594));
#5737=DIRECTION('',(-1.,0.,0.));
#5738=DIRECTION('center_axis',(-1.,0.,0.));
#5739=DIRECTION('ref_axis',(0.,-0.975872087982171,0.218343005148594));
#5740=DIRECTION('',(1.,0.,0.));
#5741=DIRECTION('center_axis',(0.,0.,1.));
#5742=DIRECTION('ref_axis',(1.,0.,0.));
#5743=DIRECTION('',(0.,1.,0.));
#5744=DIRECTION('',(1.,0.,0.));
#5745=DIRECTION('',(0.,1.,0.));
#5746=DIRECTION('center_axis',(0.,-1.00929365875014E-15,1.));
#5747=DIRECTION('ref_axis',(-1.,0.,0.));
#5748=DIRECTION('',(0.,-1.,-1.00929365875014E-15));
#5749=DIRECTION('',(-1.,0.,0.));
#5750=DIRECTION('',(0.,-1.,-1.00929365875014E-15));
#5751=DIRECTION('center_axis',(1.,0.,0.));
#5752=DIRECTION('ref_axis',(0.,5.3129018896742E-16,-1.));
#5753=DIRECTION('center_axis',(-1.,0.,0.));
#5754=DIRECTION('ref_axis',(0.,-3.46561462415267E-16,1.));
#5755=DIRECTION('',(0.,1.,0.));
#5756=DIRECTION('center_axis',(1.,0.,0.));
#5757=DIRECTION('ref_axis',(0.,0.,-1.));
#5758=DIRECTION('center_axis',(-1.,0.,0.));
#5759=DIRECTION('ref_axis',(0.,-9.55631226587656E-17,1.));
#5760=DIRECTION('center_axis',(1.,0.,0.));
#5761=DIRECTION('ref_axis',(0.,0.,-1.));
#5762=DIRECTION('center_axis',(-1.,0.,0.));
#5763=DIRECTION('ref_axis',(0.,1.91126245317531E-16,1.));
#5764=DIRECTION('',(-1.,0.,0.));
#5765=DIRECTION('center_axis',(-1.,0.,0.));
#5766=DIRECTION('ref_axis',(0.,-3.46561462415267E-16,1.));
#5767=DIRECTION('center_axis',(-1.,0.,0.));
#5768=DIRECTION('ref_axis',(0.,1.91126245317531E-16,1.));
#5769=DIRECTION('center_axis',(-1.,0.,0.));
#5770=DIRECTION('ref_axis',(0.,-9.55631226587656E-17,1.));
#5771=DIRECTION('center_axis',(0.,0.,-1.));
#5772=DIRECTION('ref_axis',(-1.,0.,0.));
#5773=DIRECTION('',(0.,1.,0.));
#5774=DIRECTION('center_axis',(-1.,0.,0.));
#5775=DIRECTION('ref_axis',(0.,-5.3129018896742E-16,1.));
#5776=DIRECTION('center_axis',(-1.,0.,0.));
#5777=DIRECTION('ref_axis',(0.,0.,-1.));
#5778=DIRECTION('center_axis',(-1.,0.,0.));
#5779=DIRECTION('ref_axis',(0.,0.,-1.));
#5780=DIRECTION('center_axis',(1.,0.,0.));
#5781=DIRECTION('ref_axis',(0.,-0.975872087982175,-0.218343005148575));
#5782=DIRECTION('center_axis',(-1.,0.,0.));
#5783=DIRECTION('ref_axis',(0.,-0.975872087982175,-0.218343005148575));
#5784=DIRECTION('',(1.,0.,0.));
#5785=DIRECTION('center_axis',(1.,0.,0.));
#5786=DIRECTION('ref_axis',(0.,-0.975872087982175,-0.218343005148575));
#5787=DIRECTION('',(-1.,0.,0.));
#5788=DIRECTION('center_axis',(0.,-1.00929365875014E-15,1.));
#5789=DIRECTION('ref_axis',(-1.,0.,0.));
#5790=DIRECTION('',(0.,-1.,-1.00929365875014E-15));
#5791=DIRECTION('',(-1.,0.,0.));
#5792=DIRECTION('',(0.,-1.,-1.00929365875014E-15));
#5793=DIRECTION('center_axis',(-1.,0.,0.));
#5794=DIRECTION('ref_axis',(0.,-0.975872087982171,0.218343005148594));
#5795=DIRECTION('center_axis',(1.,0.,0.));
#5796=DIRECTION('ref_axis',(0.,-0.975872087982171,0.218343005148594));
#5797=DIRECTION('',(-1.,0.,0.));
#5798=DIRECTION('center_axis',(-1.,0.,0.));
#5799=DIRECTION('ref_axis',(0.,-0.975872087982171,0.218343005148594));
#5800=DIRECTION('',(1.,0.,0.));
#5801=DIRECTION('center_axis',(0.,0.,-1.));
#5802=DIRECTION('ref_axis',(-1.,0.,0.));
#5803=DIRECTION('',(0.,1.,0.));
#5804=DIRECTION('',(-1.,0.,0.));
#5805=DIRECTION('',(0.,1.,0.));
#5806=DIRECTION('center_axis',(0.,1.00929365875014E-15,-1.));
#5807=DIRECTION('ref_axis',(1.,0.,0.));
#5808=DIRECTION('',(0.,-1.,-1.00929365875014E-15));
#5809=DIRECTION('',(1.,0.,0.));
#5810=DIRECTION('',(0.,-1.,-1.00929365875014E-15));
#5811=DIRECTION('center_axis',(-1.,0.,0.));
#5812=DIRECTION('ref_axis',(0.,-5.3129018896742E-16,1.));
#5813=DIRECTION('center_axis',(-1.,0.,0.));
#5814=DIRECTION('ref_axis',(0.,-3.46561462415267E-16,1.));
#5815=DIRECTION('',(0.,1.,0.));
#5816=DIRECTION('center_axis',(1.,0.,0.));
#5817=DIRECTION('ref_axis',(0.,0.,-1.));
#5818=DIRECTION('center_axis',(-1.,0.,0.));
#5819=DIRECTION('ref_axis',(0.,-9.55631226587656E-17,1.));
#5820=DIRECTION('center_axis',(1.,0.,0.));
#5821=DIRECTION('ref_axis',(0.,0.,-1.));
#5822=DIRECTION('center_axis',(0.,0.,1.));
#5823=DIRECTION('ref_axis',(1.,0.,0.));
#5824=DIRECTION('',(1.,0.,0.));
#5825=DIRECTION('',(0.,1.,0.));
#5826=DIRECTION('center_axis',(-1.,0.,0.));
#5827=DIRECTION('ref_axis',(0.,1.91126245317531E-16,1.));
#5828=DIRECTION('center_axis',(-1.,0.,0.));
#5829=DIRECTION('ref_axis',(0.,-3.46561462415267E-16,1.));
#5830=DIRECTION('center_axis',(-1.,0.,0.));
#5831=DIRECTION('ref_axis',(0.,1.91126245317531E-16,1.));
#5832=DIRECTION('center_axis',(-1.,0.,0.));
#5833=DIRECTION('ref_axis',(0.,-9.55631226587656E-17,1.));
#5834=DIRECTION('center_axis',(1.,0.,0.));
#5835=DIRECTION('ref_axis',(0.,5.3129018896742E-16,-1.));
#5836=DIRECTION('center_axis',(-1.,0.,0.));
#5837=DIRECTION('ref_axis',(0.,0.,-1.));
#5838=DIRECTION('center_axis',(-1.,0.,0.));
#5839=DIRECTION('ref_axis',(0.,0.,-1.));
#5840=DIRECTION('center_axis',(1.,0.,0.));
#5841=DIRECTION('ref_axis',(0.,1.,1.83697019872103E-16));
#5842=DIRECTION('center_axis',(-1.,0.,0.));
#5843=DIRECTION('ref_axis',(0.,0.,-1.));
#5844=DIRECTION('center_axis',(1.,0.,0.));
#5845=DIRECTION('ref_axis',(0.,0.,-1.));
#5846=DIRECTION('center_axis',(1.,0.,0.));
#5847=DIRECTION('ref_axis',(0.,0.,-1.));
#5848=DIRECTION('center_axis',(-1.,0.,0.));
#5849=DIRECTION('ref_axis',(0.,0.,-1.));
#5850=DIRECTION('center_axis',(1.,0.,0.));
#5851=DIRECTION('ref_axis',(0.,1.,-6.12323399573677E-17));
#5852=DIRECTION('center_axis',(1.,0.,0.));
#5853=DIRECTION('ref_axis',(0.,0.,-1.));
#5854=DIRECTION('center_axis',(-1.,0.,0.));
#5855=DIRECTION('ref_axis',(0.,1.,1.83697019872103E-16));
#5856=DIRECTION('center_axis',(1.,0.,0.));
#5857=DIRECTION('ref_axis',(0.,0.,-1.));
#5858=DIRECTION('center_axis',(1.,0.,0.));
#5859=DIRECTION('ref_axis',(0.,0.,-1.));
#5860=DIRECTION('center_axis',(1.,0.,0.));
#5861=DIRECTION('ref_axis',(0.,0.,-1.));
#5862=DIRECTION('center_axis',(-1.,0.,-1.86984930463184E-15));
#5863=DIRECTION('ref_axis',(-1.86984930463184E-15,0.,1.));
#5864=DIRECTION('',(0.,-4.75364905918218E-16,1.));
#5865=DIRECTION('',(0.,0.,1.));
#5866=DIRECTION('center_axis',(-1.,0.,0.));
#5867=DIRECTION('ref_axis',(0.,1.,-6.12323399573677E-17));
#5868=DIRECTION('center_axis',(0.,0.,-1.));
#5869=DIRECTION('ref_axis',(0.,1.,0.));
#5870=DIRECTION('center_axis',(0.,0.,-1.));
#5871=DIRECTION('ref_axis',(0.,1.,0.));
#5872=DIRECTION('',(0.,0.,1.));
#5873=DIRECTION('',(0.,0.,1.));
#5874=DIRECTION('',(0.,0.,1.));
#5875=DIRECTION('',(0.,0.,1.));
#5876=DIRECTION('',(0.,0.,1.));
#5877=DIRECTION('',(0.,0.,1.));
#5878=DIRECTION('',(0.,0.,1.));
#5879=DIRECTION('',(0.,0.,1.));
#5880=DIRECTION('center_axis',(0.,0.,-1.));
#5881=DIRECTION('ref_axis',(-1.,0.,0.));
#5882=DIRECTION('center_axis',(0.,0.,-1.));
#5883=DIRECTION('ref_axis',(-1.,0.,0.));
#5884=DIRECTION('',(-1.,1.32968267853393E-16,0.));
#5885=DIRECTION('center_axis',(0.,0.,-1.));
#5886=DIRECTION('ref_axis',(-1.,0.,0.));
#5887=DIRECTION('',(-1.,1.32968267853393E-16,0.));
#5888=DIRECTION('center_axis',(0.,0.,-1.));
#5889=DIRECTION('ref_axis',(-1.,0.,0.));
#5890=DIRECTION('center_axis',(-8.88178419702199E-14,1.,4.75364905918218E-16));
#5891=DIRECTION('ref_axis',(3.67823607982325E-29,-4.75364905918218E-16,
1.));
#5892=DIRECTION('',(0.,4.75364905918218E-16,-1.));
#5893=DIRECTION('center_axis',(-8.88178419702199E-14,1.,4.75364905918218E-16));
#5894=DIRECTION('ref_axis',(0.154233350480166,0.,-0.988034449601664));
#5895=DIRECTION('',(-0.952424147199324,1.44879684840847E-16,-0.304775727103784));
#5896=DIRECTION('',(0.,0.,1.));
#5897=DIRECTION('',(0.,0.,1.));
#5898=DIRECTION('',(0.,0.,1.));
#5899=DIRECTION('',(0.,0.,1.));
#5900=DIRECTION('center_axis',(-1.,-8.81500386469297E-14,0.));
#5901=DIRECTION('ref_axis',(8.81500386469297E-14,-1.,-1.669508307707E-16));
#5902=DIRECTION('',(8.88178419702199E-14,-1.,0.));
#5903=DIRECTION('',(0.,0.,1.));
#5904=DIRECTION('center_axis',(1.32968267853393E-16,1.,0.));
#5905=DIRECTION('ref_axis',(-1.,1.32968267853393E-16,0.));
#5906=DIRECTION('',(0.,0.,1.));
#5907=DIRECTION('',(0.,0.,1.));
#5908=DIRECTION('center_axis',(1.,0.,0.));
#5909=DIRECTION('ref_axis',(0.,1.,0.));
#5910=DIRECTION('',(0.,1.,0.));
#5911=DIRECTION('',(0.,0.,1.));
#5912=DIRECTION('',(0.,0.,1.));
#5913=DIRECTION('',(0.,0.,1.));
#5914=DIRECTION('center_axis',(0.,1.,0.));
#5915=DIRECTION('ref_axis',(0.154233350480166,0.,-0.988034449601664));
#5916=DIRECTION('',(0.,-1.,0.));
#5917=DIRECTION('center_axis',(-8.88178419702199E-14,1.,0.));
#5918=DIRECTION('ref_axis',(-0.154233350480167,-1.3698673349485E-14,-0.988034449601663));
#5919=DIRECTION('',(8.88178419702199E-14,-1.,2.41518995638977E-43));
#5920=DIRECTION('',(0.,-1.,0.));
#5921=DIRECTION('center_axis',(4.77459074552235E-16,0.,-1.));
#5922=DIRECTION('ref_axis',(1.,0.,4.77459074552235E-16));
#5923=DIRECTION('center_axis',(0.304775727103784,0.,-0.952424147199324));
#5924=DIRECTION('ref_axis',(-0.952424147199324,0.,-0.304775727103784));
#5925=CARTESIAN_POINT('',(0.,0.,0.));
#5926=CARTESIAN_POINT('Origin',(-13.9499999999977,85.2,5.));
#5927=CARTESIAN_POINT('',(-11.9499999999977,85.2,5.));
#5928=CARTESIAN_POINT('Origin',(-13.9499999999977,85.2,5.));
#5929=CARTESIAN_POINT('Origin',(-13.9499999999977,85.2,-5.));
#5930=CARTESIAN_POINT('',(-11.9499999999977,85.2,-5.));
#5931=CARTESIAN_POINT('Origin',(-13.9499999999977,85.2,-5.));
#5932=CARTESIAN_POINT('Origin',(10.3933273369404,83.7283040871754,12.6143011241865));
#5933=CARTESIAN_POINT('',(8.59332733694041,85.3069219381653,11.70288568297));
#5934=CARTESIAN_POINT('Origin',(10.3933273369404,85.3069219381653,11.70288568297));
#5935=CARTESIAN_POINT('',(6.89332733694041,82.1496862361855,13.5257165654031));
#5936=CARTESIAN_POINT('',(7.74332733694041,83.7283040871754,12.6143011241866));
#5937=CARTESIAN_POINT('Origin',(10.3933273369404,82.1496862361855,13.5257165654031));
#5938=CARTESIAN_POINT('Origin',(10.3933273369404,81.15,14.10288568297));
#5939=CARTESIAN_POINT('',(10.3933273369404,83.3123758264531,16.8958893018056));
#5940=CARTESIAN_POINT('',(6.89332733694041,81.9,13.6698729810778));
#5941=CARTESIAN_POINT('Ctrl Pts',(10.3933273369404,83.3123758264531,16.8958893018056));
#5942=CARTESIAN_POINT('Ctrl Pts',(10.8365979851074,83.3123758264531,16.8958893018056));
#5943=CARTESIAN_POINT('Ctrl Pts',(11.306350784327,83.2990577739194,16.8005777694827));
#5944=CARTESIAN_POINT('Ctrl Pts',(12.1669817247078,83.2244155450829,16.4306174229008));
#5945=CARTESIAN_POINT('Ctrl Pts',(12.5583394026415,83.1606209011464,16.1575886330863));
#5946=CARTESIAN_POINT('Ctrl Pts',(13.1777704296223,82.9665274485953,15.5543911998212));
#5947=CARTESIAN_POINT('Ctrl Pts',(13.4476952220744,82.8227270674667,15.1830176521924));
#5948=CARTESIAN_POINT('Ctrl Pts',(13.8055481421911,82.4273893112824,14.4142796250815));
#5949=CARTESIAN_POINT('Ctrl Pts',(13.8933273369404,82.1739439307533,14.017828505837));
#5950=CARTESIAN_POINT('Ctrl Pts',(13.8933273369404,81.6143463305068,13.3070440905286));
#5951=CARTESIAN_POINT('Ctrl Pts',(13.7989779658333,81.2743216824725,12.9553763768691));
#5952=CARTESIAN_POINT('Ctrl Pts',(13.437446875947,80.5798879164824,12.3665484904963));
#5953=CARTESIAN_POINT('Ctrl Pts',(13.1709192762876,80.2263408592313,12.1279713778002));
#5954=CARTESIAN_POINT('Ctrl Pts',(12.5665552418233,79.6248589675541,11.7773776338998));
#5955=CARTESIAN_POINT('Ctrl Pts',(12.1841735853615,79.3314168704109,11.6393200768105));
#5956=CARTESIAN_POINT('Ctrl Pts',(11.3284916426449,78.9134532771056,11.4628743316624));
#5957=CARTESIAN_POINT('Ctrl Pts',(10.8534737028069,78.7935439052516,11.4219343592791));
#5958=CARTESIAN_POINT('Ctrl Pts',(9.93960197179623,78.7935439052516,11.4219343592791));
#5959=CARTESIAN_POINT('Ctrl Pts',(9.47034594950542,78.9101995485921,11.4618053825972));
#5960=CARTESIAN_POINT('Ctrl Pts',(8.62332093004608,79.3186435317368,11.6336348492701));
#5961=CARTESIAN_POINT('Ctrl Pts',(8.24388795406943,79.6059414698425,11.7680226622147));
#5962=CARTESIAN_POINT('Ctrl Pts',(7.63346757550702,80.2041720182937,12.1134615280779));
#5963=CARTESIAN_POINT('Ctrl Pts',(7.36062676286236,80.5619817996153,12.352899996739));
#5964=CARTESIAN_POINT('Ctrl Pts',(6.99022424090311,81.2655506655222,12.9464618171112));
#5965=CARTESIAN_POINT('Ctrl Pts',(6.89332733694041,81.6104184804922,13.3020550509495));
#5966=CARTESIAN_POINT('Ctrl Pts',(6.89332733694041,81.9,13.6698729810778));
#5967=CARTESIAN_POINT('Ctrl Pts',(6.89332733694041,81.9,13.6698729810778));
#5968=CARTESIAN_POINT('Ctrl Pts',(6.89332733694041,82.1720558190767,14.0154302819106));
#5969=CARTESIAN_POINT('Ctrl Pts',(6.97990995016007,82.4241764920089,14.4091622953371));
#5970=CARTESIAN_POINT('Ctrl Pts',(7.33328070367914,82.8183080517382,15.1733165026243));
#5971=CARTESIAN_POINT('Ctrl Pts',(7.59992506513709,82.9621823315719,15.5428426879386));
#5972=CARTESIAN_POINT('Ctrl Pts',(8.21622672161859,83.1583311456636,16.148567910235));
#5973=CARTESIAN_POINT('Ctrl Pts',(8.60913973376215,83.2231362276525,16.42478391504));
#5974=CARTESIAN_POINT('Ctrl Pts',(9.47428528847984,83.2988946364283,16.799271387156));
#5975=CARTESIAN_POINT('Ctrl Pts',(9.94700952442799,83.3123758264531,16.8958893018056));
#5976=CARTESIAN_POINT('Ctrl Pts',(10.3933273369404,83.3123758264531,16.8958893018056));
#5977=CARTESIAN_POINT('',(6.89332733694041,81.15,14.10288568297));
#5978=CARTESIAN_POINT('Origin',(61.9644186801449,83.7283040871754,12.6143011241864));
#5979=CARTESIAN_POINT('',(60.1644186801449,85.3069219381653,11.7028856829699));
#5980=CARTESIAN_POINT('Origin',(61.9644186801449,85.3069219381653,11.7028856829699));
#5981=CARTESIAN_POINT('',(58.4644186801449,82.1496862361855,13.525716565403));
#5982=CARTESIAN_POINT('',(59.3144186801449,83.7283040871754,12.6143011241865));
#5983=CARTESIAN_POINT('Origin',(61.9644186801449,82.1496862361855,13.525716565403));
#5984=CARTESIAN_POINT('Origin',(61.9644186801449,81.15,14.1028856829699));
#5985=CARTESIAN_POINT('',(63.9644186792497,83.1774523282719,16.2489603265482));
#5986=CARTESIAN_POINT('',(63.9644186792461,79.5140155743942,11.7307969404054));
#5987=CARTESIAN_POINT('Ctrl Pts',(63.964418679251,83.1774523282716,16.2489603265472));
#5988=CARTESIAN_POINT('Ctrl Pts',(64.1831793385355,83.1379076102123,16.095901292223));
#5989=CARTESIAN_POINT('Ctrl Pts',(64.3841417769087,83.0864929916243,15.9211547397422));
#5990=CARTESIAN_POINT('Ctrl Pts',(64.7285200281485,82.9578019864893,15.5546528069911));
#5991=CARTESIAN_POINT('Ctrl Pts',(64.8744722709606,82.8830559072916,15.3660130141634));
#5992=CARTESIAN_POINT('Ctrl Pts',(65.1552793571136,82.6794384230402,14.9198680678628));
#5993=CARTESIAN_POINT('Ctrl Pts',(65.274836217803,82.5427555661109,14.6605867271056));
#5994=CARTESIAN_POINT('Ctrl Pts',(65.4224496827375,82.2421937731826,14.1727698870163));
#5995=CARTESIAN_POINT('Ctrl Pts',(65.4591183748157,82.0862763258008,13.9481553073079));
#5996=CARTESIAN_POINT('Ctrl Pts',(65.4690400315564,81.7330869983879,13.4958700221157));
#5997=CARTESIAN_POINT('Ctrl Pts',(65.4368208355126,81.5364503438616,13.2732334043744));
#5998=CARTESIAN_POINT('Ctrl Pts',(65.2804195964965,81.0559335502103,12.7879558223261));
#5999=CARTESIAN_POINT('Ctrl Pts',(65.1295205842204,80.7697848046555,12.5429009809357));
#6000=CARTESIAN_POINT('Ctrl Pts',(64.6776163152874,80.1407195767002,12.0750438636911));
#6001=CARTESIAN_POINT('Ctrl Pts',(64.3490094909058,79.801914523631,11.8738010516543));
#6002=CARTESIAN_POINT('Ctrl Pts',(63.9644186792511,79.5140155743979,11.7307969404072));
#6003=CARTESIAN_POINT('',(58.4644186801449,81.8999999999999,13.6698729810777));
#6004=CARTESIAN_POINT('Ctrl Pts',(58.4644186801449,81.8999999999999,13.6698729810777));
#6005=CARTESIAN_POINT('Ctrl Pts',(58.4644186801449,82.1720558190767,14.0154302819105));
#6006=CARTESIAN_POINT('Ctrl Pts',(58.5510012933645,82.4241764920088,14.409162295337));
#6007=CARTESIAN_POINT('Ctrl Pts',(58.9043720468836,82.8183080517381,15.1733165026242));
#6008=CARTESIAN_POINT('Ctrl Pts',(59.1710164083416,82.9621823315718,15.5428426879385));
#6009=CARTESIAN_POINT('Ctrl Pts',(59.7873180648231,83.1583311456636,16.1485679102349));
#6010=CARTESIAN_POINT('Ctrl Pts',(60.1802310769666,83.2231362276524,16.42478391504));
#6011=CARTESIAN_POINT('Ctrl Pts',(61.0453766316843,83.2988946364283,16.7992713871559));
#6012=CARTESIAN_POINT('Ctrl Pts',(61.5181008676325,83.312375826453,16.8958893018055));
#6013=CARTESIAN_POINT('Ctrl Pts',(61.9644186801449,83.312375826453,16.8958893018055));
#6014=CARTESIAN_POINT('Ctrl Pts',(62.4107364926573,83.312375826453,16.8958893018055));
#6015=CARTESIAN_POINT('Ctrl Pts',(62.8834607286055,83.2988946364283,16.7992713871559));
#6016=CARTESIAN_POINT('Ctrl Pts',(63.5452580321022,83.2409428728532,16.5128053724048));
#6017=CARTESIAN_POINT('Ctrl Pts',(63.7638840179557,83.2137023865224,16.3892672798485));
#6018=CARTESIAN_POINT('Ctrl Pts',(63.9644186792497,83.1774523282719,16.2489603265482));
#6019=CARTESIAN_POINT('',(58.4644186801449,81.15,14.1028856829699));
#6020=CARTESIAN_POINT('Ctrl Pts',(63.9644186792461,79.5140155743942,11.7307969404054));
#6021=CARTESIAN_POINT('Ctrl Pts',(63.7639887347695,79.3639767053916,11.6562701831131));
#6022=CARTESIAN_POINT('Ctrl Pts',(63.5438957833406,79.2267683852881,11.5949836313155));
#6023=CARTESIAN_POINT('Ctrl Pts',(62.8874000675799,78.910199548592,11.4618053825971));
#6024=CARTESIAN_POINT('Ctrl Pts',(62.4181440452891,78.7935439052515,11.4219343592791));
#6025=CARTESIAN_POINT('Ctrl Pts',(61.5106933150007,78.7935439052515,11.4219343592791));
#6026=CARTESIAN_POINT('Ctrl Pts',(61.0414372927099,78.910199548592,11.4618053825971));
#6027=CARTESIAN_POINT('Ctrl Pts',(60.1944122732506,79.3186435317367,11.6336348492701));
#6028=CARTESIAN_POINT('Ctrl Pts',(59.8149792972739,79.6059414698423,11.7680226622146));
#6029=CARTESIAN_POINT('Ctrl Pts',(59.2045589187115,80.2041720182936,12.1134615280779));
#6030=CARTESIAN_POINT('Ctrl Pts',(58.9317181060668,80.5619817996152,12.3528999967389));
#6031=CARTESIAN_POINT('Ctrl Pts',(58.5613155841076,81.2655506655221,12.9464618171111));
#6032=CARTESIAN_POINT('Ctrl Pts',(58.4644186801449,81.6104184804922,13.3020550509494));
#6033=CARTESIAN_POINT('Ctrl Pts',(58.4644186801449,81.8999999999999,13.6698729810777));
#6034=CARTESIAN_POINT('Origin',(118.749999999996,83.6565073174509,19.6143011241866));
#6035=CARTESIAN_POINT('',(116.949999999996,85.2351251684408,18.7028856829701));
#6036=CARTESIAN_POINT('Origin',(118.749999999996,85.2351251684408,18.7028856829701));
#6037=CARTESIAN_POINT('',(115.249999999996,82.077889466461,20.5257165654032));
#6038=CARTESIAN_POINT('',(116.099999999996,83.6565073174509,19.6143011241866));
#6039=CARTESIAN_POINT('Origin',(118.749999999996,82.077889466461,20.5257165654032));
#6040=CARTESIAN_POINT('Origin',(118.749999999996,81.0782032302755,21.1028856829701));
#6041=CARTESIAN_POINT('',(118.749999999996,77.5544777091772,19.0958576767992));
#6042=CARTESIAN_POINT('',(115.249999999996,81.28316309805,20.9845520481374));
#6043=CARTESIAN_POINT('Ctrl Pts',(118.749999999996,77.5544777091772,19.0958576767992));
#6044=CARTESIAN_POINT('Ctrl Pts',(118.509809048169,77.5544777091772,19.0958576767992));
#6045=CARTESIAN_POINT('Ctrl Pts',(118.270145756919,77.5935591723135,19.1021054113676));
#6046=CARTESIAN_POINT('Ctrl Pts',(117.80583571185,77.7398744929764,19.1290270294039));
#6047=CARTESIAN_POINT('Ctrl Pts',(117.581091575271,77.8467730974726,19.149842115621));
#6048=CARTESIAN_POINT('Ctrl Pts',(116.944911938112,78.2368968776226,19.2400394182962));
#6049=CARTESIAN_POINT('Ctrl Pts',(116.570675077535,78.5898016507207,19.3405565995523));
#6050=CARTESIAN_POINT('Ctrl Pts',(115.976567426862,79.2990728681812,19.617075095311));
#6051=CARTESIAN_POINT('Ctrl Pts',(115.711720924384,79.7127338071928,19.8145945162626));
#6052=CARTESIAN_POINT('Ctrl Pts',(115.347962405836,80.5311442403428,20.3283957589621));
#6053=CARTESIAN_POINT('Ctrl Pts',(115.249999999996,80.9354676201192,20.646027205793));
#6054=CARTESIAN_POINT('Ctrl Pts',(115.249999999996,81.28316309805,20.9845520481374));
#6055=CARTESIAN_POINT('Ctrl Pts',(115.249999999996,81.28316309805,20.9845520481374));
#6056=CARTESIAN_POINT('Ctrl Pts',(115.249999999996,81.5993593951898,21.2924085157456));
#6057=CARTESIAN_POINT('Ctrl Pts',(115.332796944157,81.9029536085702,21.6521226417659));
#6058=CARTESIAN_POINT('Ctrl Pts',(115.68283410259,82.3957054641852,22.3615866342157));
#6059=CARTESIAN_POINT('Ctrl Pts',(115.950238677747,82.5866640184522,22.710002821385));
#6060=CARTESIAN_POINT('Ctrl Pts',(116.571557497765,82.8576603313701,23.2799167946508));
#6061=CARTESIAN_POINT('Ctrl Pts',(116.966362684158,82.9554959075945,23.5383850592702));
#6062=CARTESIAN_POINT('Ctrl Pts',(117.833321321028,83.0761238844242,23.8873130618114));
#6063=CARTESIAN_POINT('Ctrl Pts',(118.305716621008,83.1011236961294,23.9764038917875));
#6064=CARTESIAN_POINT('Ctrl Pts',(119.194283378983,83.1011236961294,23.9764038917875));
#6065=CARTESIAN_POINT('Ctrl Pts',(119.666678678963,83.0761238844242,23.8873130618114));
#6066=CARTESIAN_POINT('Ctrl Pts',(120.533637315833,82.9554959075945,23.5383850592702));
#6067=CARTESIAN_POINT('Ctrl Pts',(120.928442502226,82.8576603313701,23.2799167946508));
#6068=CARTESIAN_POINT('Ctrl Pts',(121.549761322244,82.5866640184522,22.710002821385));
#6069=CARTESIAN_POINT('Ctrl Pts',(121.817165897401,82.3957054641852,22.3615866342157));
#6070=CARTESIAN_POINT('Ctrl Pts',(122.167203055834,81.9029536085702,21.6521226417659));
#6071=CARTESIAN_POINT('Ctrl Pts',(122.249999999996,81.5993593951898,21.2924085157456));
#6072=CARTESIAN_POINT('Ctrl Pts',(122.249999999996,80.9234902187256,20.6343657141263));
#6073=CARTESIAN_POINT('Ctrl Pts',(122.145400942387,80.5050683855891,20.3083168105406));
#6074=CARTESIAN_POINT('Ctrl Pts',(121.759410406033,79.660017988497,19.7855712001385));
#6075=CARTESIAN_POINT('Ctrl Pts',(121.47901453807,79.2338322763544,19.587425018966));
#6076=CARTESIAN_POINT('Ctrl Pts',(120.87018737497,78.5330665646512,19.323234920914));
#6077=CARTESIAN_POINT('Ctrl Pts',(120.503230990465,78.1977286041037,19.2300840351127));
#6078=CARTESIAN_POINT('Ctrl Pts',(119.88277141769,77.8288790390283,19.1462270582479));
#6079=CARTESIAN_POINT('Ctrl Pts',(119.664067050481,77.7281970517682,19.1268080959956));
#6080=CARTESIAN_POINT('Ctrl Pts',(119.213517815459,77.5908425414641,19.1016836522649));
#6081=CARTESIAN_POINT('Ctrl Pts',(118.981585929015,77.5544777091772,19.0958576767992));
#6082=CARTESIAN_POINT('Ctrl Pts',(118.749999999996,77.5544777091772,19.0958576767992));
#6083=CARTESIAN_POINT('',(115.249999999996,81.0782032302755,21.1028856829701));
#6084=CARTESIAN_POINT('Origin',(166.749999999996,83.6565073174509,19.6143011241866));
#6085=CARTESIAN_POINT('',(164.949999999996,85.2351251684408,18.70288568297));
#6086=CARTESIAN_POINT('Origin',(166.749999999996,85.2351251684408,18.70288568297));
#6087=CARTESIAN_POINT('',(163.249999999996,82.077889466461,20.5257165654032));
#6088=CARTESIAN_POINT('',(164.099999999996,83.6565073174509,19.6143011241866));
#6089=CARTESIAN_POINT('Origin',(166.749999999996,82.077889466461,20.5257165654032));
#6090=CARTESIAN_POINT('Origin',(166.749999999996,81.0782032302755,21.10288568297));
#6091=CARTESIAN_POINT('',(166.749999999996,77.5544777091771,19.0958576767992));
#6092=CARTESIAN_POINT('',(163.249999999996,81.28316309805,20.9845520481374));
#6093=CARTESIAN_POINT('Ctrl Pts',(166.749999999996,77.5544777091771,19.0958576767992));
#6094=CARTESIAN_POINT('Ctrl Pts',(166.509809048169,77.5544777091771,19.0958576767992));
#6095=CARTESIAN_POINT('Ctrl Pts',(166.270145756919,77.5935591723135,19.1021054113676));
#6096=CARTESIAN_POINT('Ctrl Pts',(165.80583571185,77.7398744929764,19.1290270294039));
#6097=CARTESIAN_POINT('Ctrl Pts',(165.581091575271,77.8467730974725,19.149842115621));
#6098=CARTESIAN_POINT('Ctrl Pts',(164.944911938112,78.2368968776226,19.2400394182962));
#6099=CARTESIAN_POINT('Ctrl Pts',(164.570675077535,78.5898016507207,19.3405565995523));
#6100=CARTESIAN_POINT('Ctrl Pts',(163.976567426862,79.2990728681812,19.617075095311));
#6101=CARTESIAN_POINT('Ctrl Pts',(163.711720924384,79.7127338071928,19.8145945162625));
#6102=CARTESIAN_POINT('Ctrl Pts',(163.347962405836,80.5311442403428,20.3283957589621));
#6103=CARTESIAN_POINT('Ctrl Pts',(163.249999999996,80.9354676201191,20.646027205793));
#6104=CARTESIAN_POINT('Ctrl Pts',(163.249999999996,81.28316309805,20.9845520481374));
#6105=CARTESIAN_POINT('Ctrl Pts',(163.249999999996,81.28316309805,20.9845520481374));
#6106=CARTESIAN_POINT('Ctrl Pts',(163.249999999996,81.5993593951898,21.2924085157456));
#6107=CARTESIAN_POINT('Ctrl Pts',(163.332796944157,81.9029536085701,21.6521226417659));
#6108=CARTESIAN_POINT('Ctrl Pts',(163.68283410259,82.3957054641852,22.3615866342157));
#6109=CARTESIAN_POINT('Ctrl Pts',(163.950238677747,82.5866640184521,22.710002821385));
#6110=CARTESIAN_POINT('Ctrl Pts',(164.571557497765,82.85766033137,23.2799167946508));
#6111=CARTESIAN_POINT('Ctrl Pts',(164.966362684158,82.9554959075945,23.5383850592702));
#6112=CARTESIAN_POINT('Ctrl Pts',(165.833321321029,83.0761238844241,23.8873130618114));
#6113=CARTESIAN_POINT('Ctrl Pts',(166.305716621008,83.1011236961294,23.9764038917875));
#6114=CARTESIAN_POINT('Ctrl Pts',(167.194283378983,83.1011236961294,23.9764038917875));
#6115=CARTESIAN_POINT('Ctrl Pts',(167.666678678963,83.0761238844241,23.8873130618114));
#6116=CARTESIAN_POINT('Ctrl Pts',(168.533637315833,82.9554959075945,23.5383850592702));
#6117=CARTESIAN_POINT('Ctrl Pts',(168.928442502226,82.85766033137,23.2799167946508));
#6118=CARTESIAN_POINT('Ctrl Pts',(169.549761322244,82.5866640184521,22.710002821385));
#6119=CARTESIAN_POINT('Ctrl Pts',(169.817165897401,82.3957054641852,22.3615866342157));
#6120=CARTESIAN_POINT('Ctrl Pts',(170.167203055834,81.9029536085701,21.6521226417659));
#6121=CARTESIAN_POINT('Ctrl Pts',(170.249999999996,81.5993593951898,21.2924085157456));
#6122=CARTESIAN_POINT('Ctrl Pts',(170.249999999996,80.9234902187256,20.6343657141263));
#6123=CARTESIAN_POINT('Ctrl Pts',(170.145400942387,80.5050683855891,20.3083168105406));
#6124=CARTESIAN_POINT('Ctrl Pts',(169.759410406033,79.660017988497,19.7855712001385));
#6125=CARTESIAN_POINT('Ctrl Pts',(169.47901453807,79.2338322763544,19.5874250189659));
#6126=CARTESIAN_POINT('Ctrl Pts',(168.87018737497,78.5330665646511,19.323234920914));
#6127=CARTESIAN_POINT('Ctrl Pts',(168.503230990465,78.1977286041037,19.2300840351127));
#6128=CARTESIAN_POINT('Ctrl Pts',(167.88277141769,77.8288790390283,19.1462270582479));
#6129=CARTESIAN_POINT('Ctrl Pts',(167.664067050481,77.7281970517682,19.1268080959956));
#6130=CARTESIAN_POINT('Ctrl Pts',(167.213517815459,77.5908425414641,19.1016836522649));
#6131=CARTESIAN_POINT('Ctrl Pts',(166.981585929015,77.5544777091771,19.0958576767992));
#6132=CARTESIAN_POINT('Ctrl Pts',(166.749999999996,77.5544777091771,19.0958576767992));
#6133=CARTESIAN_POINT('',(163.249999999996,81.0782032302755,21.10288568297));
#6134=CARTESIAN_POINT('Origin',(118.749999999996,81.0782032302755,21.1028856829701));
#6135=CARTESIAN_POINT('',(116.949999999996,91.4,15.143593539449));
#6136=CARTESIAN_POINT('',(116.949999999996,81.0782032302755,21.1028856829701));
#6137=CARTESIAN_POINT('Origin',(118.749999999996,91.4,15.143593539449));
#6138=CARTESIAN_POINT('Origin',(166.749999999996,81.0782032302755,21.10288568297));
#6139=CARTESIAN_POINT('',(164.949999999996,91.4,15.143593539449));
#6140=CARTESIAN_POINT('',(164.949999999996,81.0782032302755,21.10288568297));
#6141=CARTESIAN_POINT('Origin',(166.749999999996,91.4,15.143593539449));
#6142=CARTESIAN_POINT('Origin',(10.3933273369404,81.15,14.10288568297));
#6143=CARTESIAN_POINT('',(8.5933273369404,91.4,8.18504542377632));
#6144=CARTESIAN_POINT('',(8.59332733694041,81.15,14.10288568297));
#6145=CARTESIAN_POINT('Origin',(10.3933273369404,91.4,8.18504542377632));
#6146=CARTESIAN_POINT('Origin',(61.9644186801449,81.15,14.1028856829699));
#6147=CARTESIAN_POINT('',(60.1644186801449,91.4,8.18504542377622));
#6148=CARTESIAN_POINT('',(60.1644186801449,81.15,14.1028856829699));
#6149=CARTESIAN_POINT('Origin',(61.9644186801449,91.4,8.18504542377621));
#6150=CARTESIAN_POINT('Origin',(118.841619986299,76.4,18.));
#6151=CARTESIAN_POINT('',(63.964418679251,83.4,18.));
#6152=CARTESIAN_POINT('Origin',(63.964418679251,76.4,18.));
#6153=CARTESIAN_POINT('',(59.1940580137062,83.4,18.));
#6154=CARTESIAN_POINT('',(118.841619986299,83.4,18.));
#6155=CARTESIAN_POINT('',(-19.6066726630596,83.4,18.));
#6156=CARTESIAN_POINT('',(-19.6066726630596,83.4,18.));
#6157=CARTESIAN_POINT('',(-19.6066726630596,76.4,11.));
#6158=CARTESIAN_POINT('Origin',(-19.6066726630596,76.4,18.));
#6159=CARTESIAN_POINT('',(63.9644186792456,76.4000000000245,11.));
#6160=CARTESIAN_POINT('',(118.841619986299,76.4,11.));
#6161=CARTESIAN_POINT('Origin',(63.964418679251,76.4,18.));
#6162=CARTESIAN_POINT('Origin',(118.749999999996,83.6589589335532,-19.6128856829701));
#6163=CARTESIAN_POINT('',(115.249999999996,82.0827926986655,-20.5228856829701));
#6164=CARTESIAN_POINT('Origin',(118.749999999996,82.0827926986655,-20.5228856829701));
#6165=CARTESIAN_POINT('',(116.94735987568,85.2351251684408,-18.7028856829701));
#6166=CARTESIAN_POINT('',(116.098679937838,83.6589589335532,-19.6128856829701));
#6167=CARTESIAN_POINT('Origin',(118.749999999996,85.2351251684408,-18.7028856829701));
#6168=CARTESIAN_POINT('Origin',(118.749999999996,81.0782032302755,-21.1028856829701));
#6169=CARTESIAN_POINT('',(118.749999999996,83.1011236961294,-23.9764038917875));
#6170=CARTESIAN_POINT('',(115.249999999996,81.28316309805,-20.9845520481374));
#6171=CARTESIAN_POINT('Ctrl Pts',(118.749999999996,83.1011236961294,-23.9764038917875));
#6172=CARTESIAN_POINT('Ctrl Pts',(118.305716621008,83.1011236961294,-23.9764038917875));
#6173=CARTESIAN_POINT('Ctrl Pts',(117.833321321028,83.0761238844242,-23.8873130618114));
#6174=CARTESIAN_POINT('Ctrl Pts',(116.966362684158,82.9554959075945,-23.5383850592702));
#6175=CARTESIAN_POINT('Ctrl Pts',(116.571557497765,82.85766033137,-23.2799167946508));
#6176=CARTESIAN_POINT('Ctrl Pts',(115.950238677747,82.5866640184521,-22.710002821385));
#6177=CARTESIAN_POINT('Ctrl Pts',(115.68283410259,82.3957054641852,-22.3615866342157));
#6178=CARTESIAN_POINT('Ctrl Pts',(115.332796944157,81.9029536085701,-21.6521226417659));
#6179=CARTESIAN_POINT('Ctrl Pts',(115.249999999996,81.5993593951898,-21.2924085157456));
#6180=CARTESIAN_POINT('Ctrl Pts',(115.249999999996,81.28316309805,-20.9845520481374));
#6181=CARTESIAN_POINT('Ctrl Pts',(115.249999999996,81.28316309805,-20.9845520481374));
#6182=CARTESIAN_POINT('Ctrl Pts',(115.249999999996,80.9354676201192,-20.646027205793));
#6183=CARTESIAN_POINT('Ctrl Pts',(115.347962405836,80.5311442403428,-20.3283957589621));
#6184=CARTESIAN_POINT('Ctrl Pts',(115.711720924384,79.7127338071928,-19.8145945162626));
#6185=CARTESIAN_POINT('Ctrl Pts',(115.976567426862,79.2990728681812,-19.617075095311));
#6186=CARTESIAN_POINT('Ctrl Pts',(116.570675077535,78.5898016507207,-19.3405565995523));
#6187=CARTESIAN_POINT('Ctrl Pts',(116.944911938112,78.2368968776226,-19.2400394182962));
#6188=CARTESIAN_POINT('Ctrl Pts',(117.581091575271,77.8467730974726,-19.149842115621));
#6189=CARTESIAN_POINT('Ctrl Pts',(117.80583571185,77.7398744929764,-19.1290270294039));
#6190=CARTESIAN_POINT('Ctrl Pts',(118.270145756919,77.5935591723135,-19.1021054113676));
#6191=CARTESIAN_POINT('Ctrl Pts',(118.509809048169,77.5544777091771,-19.0958576767992));
#6192=CARTESIAN_POINT('Ctrl Pts',(118.981585929015,77.5544777091771,-19.0958576767992));
#6193=CARTESIAN_POINT('Ctrl Pts',(119.213517815459,77.5908425414641,-19.1016836522649));
#6194=CARTESIAN_POINT('Ctrl Pts',(119.664067050481,77.7281970517682,-19.1268080959956));
#6195=CARTESIAN_POINT('Ctrl Pts',(119.88277141769,77.8288790390283,-19.1462270582479));
#6196=CARTESIAN_POINT('Ctrl Pts',(120.503230990465,78.1977286041037,-19.2300840351127));
#6197=CARTESIAN_POINT('Ctrl Pts',(120.87018737497,78.5330665646512,-19.323234920914));
#6198=CARTESIAN_POINT('Ctrl Pts',(121.47901453807,79.2338322763544,-19.587425018966));
#6199=CARTESIAN_POINT('Ctrl Pts',(121.759410406033,79.660017988497,-19.7855712001385));
#6200=CARTESIAN_POINT('Ctrl Pts',(122.145400942387,80.5050683855891,-20.3083168105406));
#6201=CARTESIAN_POINT('Ctrl Pts',(122.249999999996,80.9234902187256,-20.6343657141263));
#6202=CARTESIAN_POINT('Ctrl Pts',(122.249999999996,81.5993593951898,-21.2924085157456));
#6203=CARTESIAN_POINT('Ctrl Pts',(122.167203055834,81.9029536085702,-21.6521226417659));
#6204=CARTESIAN_POINT('Ctrl Pts',(121.817165897401,82.3957054641852,-22.3615866342157));
#6205=CARTESIAN_POINT('Ctrl Pts',(121.549761322244,82.5866640184522,-22.710002821385));
#6206=CARTESIAN_POINT('Ctrl Pts',(120.928442502226,82.8576603313701,-23.2799167946508));
#6207=CARTESIAN_POINT('Ctrl Pts',(120.533637315833,82.9554959075945,-23.5383850592702));
#6208=CARTESIAN_POINT('Ctrl Pts',(119.666678678963,83.0761238844241,-23.8873130618114));
#6209=CARTESIAN_POINT('Ctrl Pts',(119.194283378983,83.1011236961294,-23.9764038917875));
#6210=CARTESIAN_POINT('Ctrl Pts',(118.749999999996,83.1011236961294,-23.9764038917875));
#6211=CARTESIAN_POINT('',(115.249999999996,81.0782032302755,-21.1028856829701));
#6212=CARTESIAN_POINT('Origin',(118.749999999996,85.2351251684408,-18.7028856829701));
#6213=CARTESIAN_POINT('',(116.949999999996,85.2351251684408,-18.7028856829701));
#6214=CARTESIAN_POINT('Origin',(118.749999999996,85.2351251684408,-18.7028856829701));
#6215=CARTESIAN_POINT('Origin',(166.749999999996,83.6589589335532,-19.61288568297));
#6216=CARTESIAN_POINT('',(163.249999999996,82.0827926986655,-20.52288568297));
#6217=CARTESIAN_POINT('Origin',(166.749999999996,82.0827926986655,-20.52288568297));
#6218=CARTESIAN_POINT('',(164.94735987568,85.2351251684408,-18.70288568297));
#6219=CARTESIAN_POINT('',(164.098679937838,83.6589589335532,-19.61288568297));
#6220=CARTESIAN_POINT('Origin',(166.749999999996,85.2351251684408,-18.70288568297));
#6221=CARTESIAN_POINT('Origin',(166.749999999996,81.0782032302755,-21.10288568297));
#6222=CARTESIAN_POINT('',(166.749999999996,83.1011236961294,-23.9764038917875));
#6223=CARTESIAN_POINT('',(163.249999999996,81.28316309805,-20.9845520481374));
#6224=CARTESIAN_POINT('Ctrl Pts',(166.749999999996,83.1011236961294,-23.9764038917875));
#6225=CARTESIAN_POINT('Ctrl Pts',(166.305716621008,83.1011236961294,-23.9764038917875));
#6226=CARTESIAN_POINT('Ctrl Pts',(165.833321321029,83.0761238844241,-23.8873130618114));
#6227=CARTESIAN_POINT('Ctrl Pts',(164.966362684158,82.9554959075945,-23.5383850592702));
#6228=CARTESIAN_POINT('Ctrl Pts',(164.571557497765,82.85766033137,-23.2799167946508));
#6229=CARTESIAN_POINT('Ctrl Pts',(163.950238677747,82.5866640184521,-22.710002821385));
#6230=CARTESIAN_POINT('Ctrl Pts',(163.68283410259,82.3957054641852,-22.3615866342157));
#6231=CARTESIAN_POINT('Ctrl Pts',(163.332796944157,81.9029536085701,-21.6521226417659));
#6232=CARTESIAN_POINT('Ctrl Pts',(163.249999999996,81.5993593951898,-21.2924085157456));
#6233=CARTESIAN_POINT('Ctrl Pts',(163.249999999996,81.28316309805,-20.9845520481374));
#6234=CARTESIAN_POINT('Ctrl Pts',(163.249999999996,81.28316309805,-20.9845520481374));
#6235=CARTESIAN_POINT('Ctrl Pts',(163.249999999996,80.9354676201191,-20.646027205793));
#6236=CARTESIAN_POINT('Ctrl Pts',(163.347962405836,80.5311442403428,-20.3283957589621));
#6237=CARTESIAN_POINT('Ctrl Pts',(163.711720924384,79.7127338071928,-19.8145945162626));
#6238=CARTESIAN_POINT('Ctrl Pts',(163.976567426862,79.2990728681812,-19.617075095311));
#6239=CARTESIAN_POINT('Ctrl Pts',(164.570675077535,78.5898016507207,-19.3405565995523));
#6240=CARTESIAN_POINT('Ctrl Pts',(164.944911938112,78.2368968776226,-19.2400394182962));
#6241=CARTESIAN_POINT('Ctrl Pts',(165.581091575271,77.8467730974725,-19.149842115621));
#6242=CARTESIAN_POINT('Ctrl Pts',(165.80583571185,77.7398744929764,-19.1290270294039));
#6243=CARTESIAN_POINT('Ctrl Pts',(166.270145756919,77.5935591723135,-19.1021054113676));
#6244=CARTESIAN_POINT('Ctrl Pts',(166.509809048169,77.5544777091771,-19.0958576767992));
#6245=CARTESIAN_POINT('Ctrl Pts',(166.981585929015,77.5544777091771,-19.0958576767992));
#6246=CARTESIAN_POINT('Ctrl Pts',(167.213517815459,77.5908425414641,-19.1016836522649));
#6247=CARTESIAN_POINT('Ctrl Pts',(167.664067050481,77.7281970517681,-19.1268080959956));
#6248=CARTESIAN_POINT('Ctrl Pts',(167.88277141769,77.8288790390283,-19.1462270582479));
#6249=CARTESIAN_POINT('Ctrl Pts',(168.503230990465,78.1977286041037,-19.2300840351127));
#6250=CARTESIAN_POINT('Ctrl Pts',(168.87018737497,78.5330665646511,-19.323234920914));
#6251=CARTESIAN_POINT('Ctrl Pts',(169.47901453807,79.2338322763544,-19.587425018966));
#6252=CARTESIAN_POINT('Ctrl Pts',(169.759410406033,79.660017988497,-19.7855712001385));
#6253=CARTESIAN_POINT('Ctrl Pts',(170.145400942387,80.5050683855891,-20.3083168105406));
#6254=CARTESIAN_POINT('Ctrl Pts',(170.249999999996,80.9234902187256,-20.6343657141263));
#6255=CARTESIAN_POINT('Ctrl Pts',(170.249999999996,81.5993593951898,-21.2924085157456));
#6256=CARTESIAN_POINT('Ctrl Pts',(170.167203055834,81.9029536085701,-21.6521226417659));
#6257=CARTESIAN_POINT('Ctrl Pts',(169.817165897401,82.3957054641852,-22.3615866342157));
#6258=CARTESIAN_POINT('Ctrl Pts',(169.549761322244,82.5866640184521,-22.710002821385));
#6259=CARTESIAN_POINT('Ctrl Pts',(168.928442502226,82.85766033137,-23.2799167946508));
#6260=CARTESIAN_POINT('Ctrl Pts',(168.533637315833,82.9554959075945,-23.5383850592702));
#6261=CARTESIAN_POINT('Ctrl Pts',(167.666678678963,83.0761238844241,-23.8873130618114));
#6262=CARTESIAN_POINT('Ctrl Pts',(167.194283378983,83.1011236961294,-23.9764038917875));
#6263=CARTESIAN_POINT('Ctrl Pts',(166.749999999996,83.1011236961294,-23.9764038917875));
#6264=CARTESIAN_POINT('',(163.249999999996,81.0782032302755,-21.10288568297));
#6265=CARTESIAN_POINT('Origin',(166.749999999996,85.2351251684408,-18.70288568297));
#6266=CARTESIAN_POINT('',(164.949999999996,85.2351251684408,-18.70288568297));
#6267=CARTESIAN_POINT('Origin',(166.749999999996,85.2351251684408,-18.70288568297));
#6268=CARTESIAN_POINT('Origin',(118.749999999996,81.0782032302755,-21.1028856829701));
#6269=CARTESIAN_POINT('',(116.949999999996,91.4,-15.143593539449));
#6270=CARTESIAN_POINT('',(116.949999999996,81.0782032302755,-21.1028856829701));
#6271=CARTESIAN_POINT('Origin',(118.749999999996,91.4,-15.143593539449));
#6272=CARTESIAN_POINT('Origin',(166.749999999996,81.0782032302755,-21.10288568297));
#6273=CARTESIAN_POINT('',(164.949999999996,91.4,-15.143593539449));
#6274=CARTESIAN_POINT('',(164.949999999996,81.0782032302755,-21.10288568297));
#6275=CARTESIAN_POINT('Origin',(166.749999999996,91.4,-15.143593539449));
#6276=CARTESIAN_POINT('Origin',(61.9644186801449,83.7307557032776,-12.6128856829699));
#6277=CARTESIAN_POINT('',(58.4644186801449,82.1545894683899,-13.5228856829699));
#6278=CARTESIAN_POINT('Origin',(61.9644186801449,82.1545894683899,-13.5228856829699));
#6279=CARTESIAN_POINT('',(60.1617785558291,85.3069219381653,-11.7028856829699));
#6280=CARTESIAN_POINT('',(59.313098617987,83.7307557032776,-12.6128856829699));
#6281=CARTESIAN_POINT('Origin',(61.9644186801449,85.3069219381653,-11.7028856829699));
#6282=CARTESIAN_POINT('Origin',(61.9644186801449,81.15,-14.1028856829699));
#6283=CARTESIAN_POINT('',(63.9644186801449,83.17745232811,-16.2489603259218));
#6284=CARTESIAN_POINT('',(58.4644186801449,81.8999999999999,-13.6698729810777));
#6285=CARTESIAN_POINT('Ctrl Pts',(63.9644186801449,83.17745232811,-16.2489603259218));
#6286=CARTESIAN_POINT('Ctrl Pts',(63.7615676607247,83.214121107612,-16.3908879525105));
#6287=CARTESIAN_POINT('Ctrl Pts',(63.5400669128432,83.241588551588,-16.5157345414211));
#6288=CARTESIAN_POINT('Ctrl Pts',(62.8774421275314,83.2990577739194,-16.8005777694826));
#6289=CARTESIAN_POINT('Ctrl Pts',(62.4076893283119,83.312375826453,-16.8958893018055));
#6290=CARTESIAN_POINT('Ctrl Pts',(61.5181008676325,83.312375826453,-16.8958893018055));
#6291=CARTESIAN_POINT('Ctrl Pts',(61.0453766316843,83.2988946364283,-16.7992713871559));
#6292=CARTESIAN_POINT('Ctrl Pts',(60.1802310769666,83.2231362276524,-16.42478391504));
#6293=CARTESIAN_POINT('Ctrl Pts',(59.7873180648231,83.1583311456636,-16.1485679102349));
#6294=CARTESIAN_POINT('Ctrl Pts',(59.1710164083416,82.9621823315718,-15.5428426879385));
#6295=CARTESIAN_POINT('Ctrl Pts',(58.9043720468836,82.8183080517381,-15.1733165026242));
#6296=CARTESIAN_POINT('Ctrl Pts',(58.5510012933645,82.4241764920088,-14.409162295337));
#6297=CARTESIAN_POINT('Ctrl Pts',(58.4644186801449,82.1720558190767,-14.0154302819105));
#6298=CARTESIAN_POINT('Ctrl Pts',(58.4644186801449,81.8999999999999,-13.6698729810777));
#6299=CARTESIAN_POINT('',(63.9644186801449,79.514015575067,-11.7307969407396));
#6300=CARTESIAN_POINT('Ctrl Pts',(63.9644186802505,79.514015575146,-11.7307969407788));
#6301=CARTESIAN_POINT('Ctrl Pts',(64.1872422536665,79.6808179810873,-11.8136504207526));
#6302=CARTESIAN_POINT('Ctrl Pts',(64.3908394780384,79.8645106610312,-11.9157378737428));
#6303=CARTESIAN_POINT('Ctrl Pts',(64.743044733464,80.2399843864952,-12.1529607930817));
#6304=CARTESIAN_POINT('Ctrl Pts',(64.8941268169668,80.4312043113897,-12.2863837274781));
#6305=CARTESIAN_POINT('Ctrl Pts',(65.1971032537952,80.8929649135509,-12.6469717255863));
#6306=CARTESIAN_POINT('Ctrl Pts',(65.325885893229,81.1641354152453,-12.8895058228277));
#6307=CARTESIAN_POINT('Ctrl Pts',(65.4534510204631,81.6235827281471,-13.3700630391333));
#6308=CARTESIAN_POINT('Ctrl Pts',(65.4748375665752,81.8140065647864,-13.5933318504639));
#6309=CARTESIAN_POINT('Ctrl Pts',(65.4453929281816,82.1576206776527,-14.0484699418735));
#6310=CARTESIAN_POINT('Ctrl Pts',(65.3987474582773,82.3097157338606,-14.2757452705234));
#6311=CARTESIAN_POINT('Ctrl Pts',(65.2264222321377,82.6060518836611,-14.7754517740013));
#6312=CARTESIAN_POINT('Ctrl Pts',(65.0894580828609,82.7404922241646,-15.0433172400816));
#6313=CARTESIAN_POINT('Ctrl Pts',(64.6640041499659,83.006000156198,-15.658478113417));
#6314=CARTESIAN_POINT('Ctrl Pts',(64.3409873775593,83.1093811171681,-15.9854886331374));
#6315=CARTESIAN_POINT('Ctrl Pts',(63.964418680102,83.1774523281178,-16.2489603259519));
#6316=CARTESIAN_POINT('Ctrl Pts',(58.4644186801449,81.8999999999999,-13.6698729810777));
#6317=CARTESIAN_POINT('Ctrl Pts',(58.4644186801449,81.6104184804922,-13.3020550509494));
#6318=CARTESIAN_POINT('Ctrl Pts',(58.5613155841076,81.2655506655221,-12.9464618171111));
#6319=CARTESIAN_POINT('Ctrl Pts',(58.9317181060668,80.5619817996152,-12.3528999967389));
#6320=CARTESIAN_POINT('Ctrl Pts',(59.2045589187115,80.2041720182936,-12.1134615280779));
#6321=CARTESIAN_POINT('Ctrl Pts',(59.8149792972739,79.6059414698423,-11.7680226622146));
#6322=CARTESIAN_POINT('Ctrl Pts',(60.1944122732506,79.3186435317367,-11.6336348492701));
#6323=CARTESIAN_POINT('Ctrl Pts',(61.0414372927099,78.910199548592,-11.4618053825971));
#6324=CARTESIAN_POINT('Ctrl Pts',(61.5106933150007,78.7935439052515,-11.4219343592791));
#6325=CARTESIAN_POINT('Ctrl Pts',(61.9644186801449,78.7935439052515,-11.4219343592791));
#6326=CARTESIAN_POINT('Ctrl Pts',(62.4245650460114,78.7935439052515,-11.4219343592791));
#6327=CARTESIAN_POINT('Ctrl Pts',(62.8995829858494,78.9134532771055,-11.4628743316624));
#6328=CARTESIAN_POINT('Ctrl Pts',(63.5541379283577,79.2331750360081,-11.5978467189545));
#6329=CARTESIAN_POINT('Ctrl Pts',(63.7685195743031,79.3673684242541,-11.6579549052601));
#6330=CARTESIAN_POINT('Ctrl Pts',(63.9644186801449,79.514015575067,-11.7307969407396));
#6331=CARTESIAN_POINT('',(58.4644186801449,81.15,-14.1028856829699));
#6332=CARTESIAN_POINT('Origin',(61.9644186801449,85.3069219381653,-11.7028856829699));
#6333=CARTESIAN_POINT('',(60.1644186801449,85.3069219381653,-11.7028856829699));
#6334=CARTESIAN_POINT('Origin',(61.9644186801449,85.3069219381653,-11.7028856829699));
#6335=CARTESIAN_POINT('Origin',(10.3933273369404,83.7307557032776,-12.61288568297));
#6336=CARTESIAN_POINT('',(6.89332733694041,82.1545894683899,-13.52288568297));
#6337=CARTESIAN_POINT('Origin',(10.3933273369404,82.1545894683899,-13.52288568297));
#6338=CARTESIAN_POINT('',(8.5906872126246,85.3069219381653,-11.70288568297));
#6339=CARTESIAN_POINT('',(7.74200727478251,83.7307557032776,-12.61288568297));
#6340=CARTESIAN_POINT('Origin',(10.3933273369404,85.3069219381653,-11.70288568297));
#6341=CARTESIAN_POINT('Origin',(10.3933273369404,81.15,-14.10288568297));
#6342=CARTESIAN_POINT('',(10.3933273369404,78.7935439052516,-11.4219343592791));
#6343=CARTESIAN_POINT('',(6.89332733694041,81.9,-13.6698729810778));
#6344=CARTESIAN_POINT('Ctrl Pts',(10.3933273369404,78.7935439052516,-11.4219343592791));
#6345=CARTESIAN_POINT('Ctrl Pts',(10.8534737028069,78.7935439052516,-11.4219343592791));
#6346=CARTESIAN_POINT('Ctrl Pts',(11.3284916426449,78.9134532771056,-11.4628743316624));
#6347=CARTESIAN_POINT('Ctrl Pts',(12.1841735853615,79.3314168704109,-11.6393200768105));
#6348=CARTESIAN_POINT('Ctrl Pts',(12.5665552418233,79.6248589675541,-11.7773776338998));
#6349=CARTESIAN_POINT('Ctrl Pts',(13.1709192762876,80.2263408592313,-12.1279713778002));
#6350=CARTESIAN_POINT('Ctrl Pts',(13.437446875947,80.5798879164824,-12.3665484904963));
#6351=CARTESIAN_POINT('Ctrl Pts',(13.7989779658333,81.2743216824725,-12.9553763768691));
#6352=CARTESIAN_POINT('Ctrl Pts',(13.8933273369404,81.6143463305068,-13.3070440905286));
#6353=CARTESIAN_POINT('Ctrl Pts',(13.8933273369404,82.1739439307533,-14.0178285058371));
#6354=CARTESIAN_POINT('Ctrl Pts',(13.8055481421911,82.4273893112824,-14.4142796250815));
#6355=CARTESIAN_POINT('Ctrl Pts',(13.4476952220744,82.8227270674667,-15.1830176521924));
#6356=CARTESIAN_POINT('Ctrl Pts',(13.1777704296222,82.9665274485953,-15.5543911998212));
#6357=CARTESIAN_POINT('Ctrl Pts',(12.5583394026414,83.1606209011464,-16.1575886330863));
#6358=CARTESIAN_POINT('Ctrl Pts',(12.1669817247078,83.2244155450829,-16.4306174229008));
#6359=CARTESIAN_POINT('Ctrl Pts',(11.306350784327,83.2990577739194,-16.8005777694827));
#6360=CARTESIAN_POINT('Ctrl Pts',(10.8365979851074,83.3123758264531,-16.8958893018056));
#6361=CARTESIAN_POINT('Ctrl Pts',(9.94700952442799,83.3123758264531,-16.8958893018056));
#6362=CARTESIAN_POINT('Ctrl Pts',(9.47428528847983,83.2988946364283,-16.799271387156));
#6363=CARTESIAN_POINT('Ctrl Pts',(8.60913973376214,83.2231362276525,-16.42478391504));
#6364=CARTESIAN_POINT('Ctrl Pts',(8.21622672161859,83.1583311456636,-16.148567910235));
#6365=CARTESIAN_POINT('Ctrl Pts',(7.59992506513709,82.9621823315719,-15.5428426879386));
#6366=CARTESIAN_POINT('Ctrl Pts',(7.33328070367914,82.8183080517382,-15.1733165026243));
#6367=CARTESIAN_POINT('Ctrl Pts',(6.97990995016007,82.4241764920089,-14.409162295337));
#6368=CARTESIAN_POINT('Ctrl Pts',(6.89332733694041,82.1720558190767,-14.0154302819106));
#6369=CARTESIAN_POINT('Ctrl Pts',(6.89332733694041,81.9,-13.6698729810778));
#6370=CARTESIAN_POINT('Ctrl Pts',(6.89332733694041,81.9,-13.6698729810778));
#6371=CARTESIAN_POINT('Ctrl Pts',(6.89332733694041,81.6104184804922,-13.3020550509495));
#6372=CARTESIAN_POINT('Ctrl Pts',(6.99022424090311,81.2655506655222,-12.9464618171112));
#6373=CARTESIAN_POINT('Ctrl Pts',(7.36062676286235,80.5619817996153,-12.352899996739));
#6374=CARTESIAN_POINT('Ctrl Pts',(7.63346757550702,80.2041720182937,-12.1134615280779));
#6375=CARTESIAN_POINT('Ctrl Pts',(8.24388795406943,79.6059414698425,-11.7680226622147));
#6376=CARTESIAN_POINT('Ctrl Pts',(8.62332093004609,79.3186435317368,-11.6336348492701));
#6377=CARTESIAN_POINT('Ctrl Pts',(9.47034594950543,78.9101995485921,-11.4618053825972));
#6378=CARTESIAN_POINT('Ctrl Pts',(9.93960197179623,78.7935439052516,-11.4219343592791));
#6379=CARTESIAN_POINT('Ctrl Pts',(10.3933273369404,78.7935439052516,-11.4219343592791));
#6380=CARTESIAN_POINT('',(6.89332733694041,81.15,-14.10288568297));
#6381=CARTESIAN_POINT('Origin',(10.3933273369404,85.3069219381653,-11.70288568297));
#6382=CARTESIAN_POINT('',(8.59332733694041,85.3069219381653,-11.70288568297));
#6383=CARTESIAN_POINT('Origin',(10.3933273369404,85.3069219381653,-11.70288568297));
#6384=CARTESIAN_POINT('Origin',(10.3933273369404,81.15,-14.10288568297));
#6385=CARTESIAN_POINT('',(8.5933273369404,91.4,-8.18504542377632));
#6386=CARTESIAN_POINT('',(8.59332733694041,81.15,-14.10288568297));
#6387=CARTESIAN_POINT('Origin',(10.3933273369404,91.4,-8.18504542377632));
#6388=CARTESIAN_POINT('Origin',(61.9644186801449,81.15,-14.1028856829699));
#6389=CARTESIAN_POINT('',(60.1644186801449,91.4,-8.18504542377622));
#6390=CARTESIAN_POINT('',(60.1644186801449,81.15,-14.1028856829699));
#6391=CARTESIAN_POINT('Origin',(61.9644186801449,91.4,-8.18504542377621));
#6392=CARTESIAN_POINT('Ctrl Pts',(69.069845571984,83.4,-18.5709102336091));
#6393=CARTESIAN_POINT('Ctrl Pts',(67.3984179084325,83.4,-18.1817185527275));
#6394=CARTESIAN_POINT('Ctrl Pts',(65.6805598743966,83.4,-18.0000000000564));
#6395=CARTESIAN_POINT('Ctrl Pts',(63.9644186800444,83.4,-18.));
#6396=CARTESIAN_POINT('Ctrl Pts',(69.2754900133651,83.4,-17.6877469362809));
#6397=CARTESIAN_POINT('Ctrl Pts',(67.5409545497411,83.4001223783999,-17.2367517292313));
#6398=CARTESIAN_POINT('Ctrl Pts',(65.7550467005904,83.3998449869536,-17.0006308915689));
#6399=CARTESIAN_POINT('Ctrl Pts',(63.9644186800788,83.4,-16.9528024488255));
#6400=CARTESIAN_POINT('Ctrl Pts',(69.6861201366489,83.0417469953072,-15.924249458664));
#6401=CARTESIAN_POINT('Ctrl Pts',(67.8254427123462,83.0052527211142,-15.3502420680304));
#6402=CARTESIAN_POINT('Ctrl Pts',(65.9036880916835,82.9645972290406,-15.0065589949056));
#6403=CARTESIAN_POINT('Ctrl Pts',(63.9644186801475,82.9204110929916,-14.8639860334162));
#6404=CARTESIAN_POINT('Ctrl Pts',(70.2993659547398,81.2633863764849,-13.2905959782181));
#6405=CARTESIAN_POINT('Ctrl Pts',(68.2400345422196,81.0542353069326,-12.5783540973462));
#6406=CARTESIAN_POINT('Ctrl Pts',(66.112846013172,80.8256000036469,-12.1298621967663));
#6407=CARTESIAN_POINT('Ctrl Pts',(63.9644186802443,80.5792617374124,-11.9177647789401));
#6408=CARTESIAN_POINT('Ctrl Pts',(70.5577606986381,79.1935385805528,-12.1808905444079));
#6409=CARTESIAN_POINT('Ctrl Pts',(68.3948470383782,78.8102943372247,-11.4941408922499));
#6410=CARTESIAN_POINT('Ctrl Pts',(66.178576717855,78.3998899249251,-11.1137514651164));
#6411=CARTESIAN_POINT('Ctrl Pts',(63.9644186802745,77.9707963269933,-11.000000000052));
#6412=CARTESIAN_POINT('Ctrl Pts',(70.6222483112155,77.8634102920865,-11.9039412032144));
#6413=CARTESIAN_POINT('Ctrl Pts',(68.4189441957155,77.39334021578,-11.2877210418185));
#6414=CARTESIAN_POINT('Ctrl Pts',(66.1780658357644,76.9005319792272,-11.0000000000893));
#6415=CARTESIAN_POINT('Ctrl Pts',(63.9644186802745,76.4000000002315,-11.));
#6416=CARTESIAN_POINT('',(63.9644186801449,83.4,-18.));
#6417=CARTESIAN_POINT('Origin',(63.9644186801449,76.4,-18.));
#6418=CARTESIAN_POINT('',(69.069845571984,83.4,-18.5709102336091));
#6419=CARTESIAN_POINT('Ctrl Pts',(63.9644186800444,83.4,-18.));
#6420=CARTESIAN_POINT('Ctrl Pts',(65.6805598743966,83.4,-18.0000000000564));
#6421=CARTESIAN_POINT('Ctrl Pts',(67.3984179084325,83.4,-18.1817185527275));
#6422=CARTESIAN_POINT('Ctrl Pts',(69.069845571984,83.4,-18.5709102336091));
#6423=CARTESIAN_POINT('',(70.6222483112167,77.8634102920816,-11.9039412032136));
#6424=CARTESIAN_POINT('Origin',(69.069845571984,76.4,-18.5709102336091));
#6425=CARTESIAN_POINT('',(63.9644186801449,76.3999999995556,-11.));
#6426=CARTESIAN_POINT('Ctrl Pts',(70.6222483112155,77.8634102920865,-11.9039412032144));
#6427=CARTESIAN_POINT('Ctrl Pts',(68.4189441957155,77.39334021578,-11.2877210418185));
#6428=CARTESIAN_POINT('Ctrl Pts',(66.1780658357644,76.9005319792272,-11.0000000000893));
#6429=CARTESIAN_POINT('Ctrl Pts',(63.9644186802745,76.4000000002315,-11.));
#6430=CARTESIAN_POINT('Origin',(63.9644186801449,76.4,-18.));
#6431=CARTESIAN_POINT('Origin',(-32.8117537003112,84.2939530975812,0.));
#6432=CARTESIAN_POINT('',(-33.4342303611639,82.5837125277509,3.5));
#6433=CARTESIAN_POINT('Origin',(-33.4342303611639,82.5837125277509,0.));
#6434=CARTESIAN_POINT('',(-32.1892770394585,86.0041936674116,1.80264012431581));
#6435=CARTESIAN_POINT('',(-32.8117537003112,84.2939530975812,2.6513200621579));
#6436=CARTESIAN_POINT('Origin',(-32.1892770394585,86.0041936674116,0.));
#6437=CARTESIAN_POINT('Origin',(-33.6599636557588,81.9635153980322,0.));
#6438=CARTESIAN_POINT('',(-31.0591507077538,78.8758748443305,-5.20417042793042E-16));
#6439=CARTESIAN_POINT('',(-33.5131032783803,82.3670109686925,3.5));
#6440=CARTESIAN_POINT('Ctrl Pts',(-31.0591507077538,78.8758748443305,-1.04083408558608E-15));
#6441=CARTESIAN_POINT('Ctrl Pts',(-31.0591507077538,78.8758748443305,-0.151140410824007));
#6442=CARTESIAN_POINT('Ctrl Pts',(-31.0629255818384,78.8939651592058,-0.299992758134981));
#6443=CARTESIAN_POINT('Ctrl Pts',(-31.0784829440978,78.9643136264267,-0.600420381795796));
#6444=CARTESIAN_POINT('Ctrl Pts',(-31.0904845140656,79.01725987219,-0.748441212748439));
#6445=CARTESIAN_POINT('Ctrl Pts',(-31.1495911660246,79.2564599425411,-1.27045447721032));
#6446=CARTESIAN_POINT('Ctrl Pts',(-31.2242012084546,79.5257589785867,-1.62693791718341));
#6447=CARTESIAN_POINT('Ctrl Pts',(-31.4675679120076,80.1454250032628,-2.2854539624128));
#6448=CARTESIAN_POINT('Ctrl Pts',(-31.65073647792,80.5237665976306,-2.60786120525166));
#6449=CARTESIAN_POINT('Ctrl Pts',(-32.0848305292348,81.142591097318,-3.03844113003658));
#6450=CARTESIAN_POINT('Ctrl Pts',(-32.2791052074288,81.374865475291,-3.17740791780132));
#6451=CARTESIAN_POINT('Ctrl Pts',(-32.689857899812,81.7775840559314,-3.3709769806776));
#6452=CARTESIAN_POINT('Ctrl Pts',(-32.8950631735964,81.9497877849605,-3.43465015368503));
#6453=CARTESIAN_POINT('Ctrl Pts',(-33.3687232073383,82.288541526401,-3.50914788674879));
#6454=CARTESIAN_POINT('Ctrl Pts',(-33.6361029914142,82.4469741557488,-3.51069325078705));
#6455=CARTESIAN_POINT('Ctrl Pts',(-34.2872703053918,82.7708533648214,-3.41716193710126));
#6456=CARTESIAN_POINT('Ctrl Pts',(-34.6651325261857,82.9119737051631,-3.28882520361551));
#6457=CARTESIAN_POINT('Ctrl Pts',(-35.410299705215,83.135575711052,-2.87680634062542));
#6458=CARTESIAN_POINT('Ctrl Pts',(-35.7640076604907,83.2092163256706,-2.58494957430211));
#6459=CARTESIAN_POINT('Ctrl Pts',(-36.3461153623346,83.3077324411607,-1.88483633488739));
#6460=CARTESIAN_POINT('Ctrl Pts',(-36.570650920497,83.332396502813,-1.48177632960536));
#6461=CARTESIAN_POINT('Ctrl Pts',(-36.8463058394932,83.3601144843149,-0.625850919096091));
#6462=CARTESIAN_POINT('Ctrl Pts',(-36.899410475031,83.3637570460583,-0.1837436085326));
#6463=CARTESIAN_POINT('Ctrl Pts',(-36.8315976617469,83.3579703957822,0.708821645743634));
#6464=CARTESIAN_POINT('Ctrl Pts',(-36.7071140122602,83.3481950518467,1.14718950461093));
#6465=CARTESIAN_POINT('Ctrl Pts',(-36.3044139407334,83.2993525956492,1.94738033116952));
#6466=CARTESIAN_POINT('Ctrl Pts',(-36.0316736915878,83.2606533420953,2.30292223838001));
#6467=CARTESIAN_POINT('Ctrl Pts',(-35.4121132491098,83.1308416665803,2.86829019350986));
#6468=CARTESIAN_POINT('Ctrl Pts',(-35.0777534423879,83.0451183929816,3.08464564588829));
#6469=CARTESIAN_POINT('Ctrl Pts',(-34.3671984385971,82.7998658204729,3.39319586320121));
#6470=CARTESIAN_POINT('Ctrl Pts',(-33.9995247335045,82.6419523715528,3.47974152236357));
#6471=CARTESIAN_POINT('Ctrl Pts',(-33.5998175834264,82.417833858912,3.49895707260075));
#6472=CARTESIAN_POINT('Ctrl Pts',(-33.5562606750818,82.3926811731254,3.5));
#6473=CARTESIAN_POINT('Ctrl Pts',(-33.5131032783803,82.3670109686925,3.5));
#6474=CARTESIAN_POINT('Ctrl Pts',(-33.5131032783803,82.3670109686925,3.5));
#6475=CARTESIAN_POINT('Ctrl Pts',(-33.3070404274034,82.2444439022127,3.5));
#6476=CARTESIAN_POINT('Ctrl Pts',(-33.1101219548038,82.1100173093266,3.47628093058096));
#6477=CARTESIAN_POINT('Ctrl Pts',(-32.7066458932505,81.7931143907951,3.37815445519756));
#6478=CARTESIAN_POINT('Ctrl Pts',(-32.508649629733,81.6095438466201,3.29663303212987));
#6479=CARTESIAN_POINT('Ctrl Pts',(-32.0973798425386,81.1641425100791,3.05438114998448));
#6480=CARTESIAN_POINT('Ctrl Pts',(-31.9018566166928,80.8983567627064,2.87813329021338));
#6481=CARTESIAN_POINT('Ctrl Pts',(-31.4880062233757,80.2176959906729,2.35344081040399));
#6482=CARTESIAN_POINT('Ctrl Pts',(-31.3286566863537,79.816799298156,1.97312137486418));
#6483=CARTESIAN_POINT('Ctrl Pts',(-31.1627283223225,79.3072699134544,1.31802850875601));
#6484=CARTESIAN_POINT('Ctrl Pts',(-31.1168597767333,79.1279018027411,1.0310285930459));
#6485=CARTESIAN_POINT('Ctrl Pts',(-31.0691628589019,78.9250379996665,0.489307022290669));
#6486=CARTESIAN_POINT('Ctrl Pts',(-31.0591507077538,78.8758748443305,0.248788472998108));
#6487=CARTESIAN_POINT('Ctrl Pts',(-31.0591507077538,78.8758748443305,-6.24500451351651E-16));
#6488=CARTESIAN_POINT('',(-33.6599636557588,81.9635153980322,3.5));
#6489=CARTESIAN_POINT('Origin',(-32.1892770394584,86.0041936674116,0.));
#6490=CARTESIAN_POINT('',(-32.1892770394585,86.0041936674116,1.8));
#6491=CARTESIAN_POINT('Origin',(-32.1892770394585,86.0041936674116,0.));
#6492=CARTESIAN_POINT('Origin',(-33.6599636557588,81.9635153980322,0.));
#6493=CARTESIAN_POINT('',(-30.2253641445312,91.4,1.8));
#6494=CARTESIAN_POINT('',(-33.6599636557588,81.9635153980322,1.8));
#6495=CARTESIAN_POINT('Origin',(-30.2253641445312,91.4,0.));
#6496=CARTESIAN_POINT('Origin',(3.3933273369404,91.4,-11.));
#6497=CARTESIAN_POINT('',(5.3933273369404,85.4,-11.));
#6498=CARTESIAN_POINT('',(3.3933273369404,85.4,-13.));
#6499=CARTESIAN_POINT('Origin',(3.3933273369404,85.4,-11.));
#6500=CARTESIAN_POINT('',(5.39332733694039,91.4,-11.));
#6501=CARTESIAN_POINT('',(5.3933273369404,91.4,-11.));
#6502=CARTESIAN_POINT('',(3.39332733694039,91.4,-13.));
#6503=CARTESIAN_POINT('Origin',(3.3933273369404,91.4,-11.));
#6504=CARTESIAN_POINT('',(3.3933273369404,91.4,-13.));
#6505=CARTESIAN_POINT('Origin',(5.3933273369404,91.4,-13.));
#6506=CARTESIAN_POINT('',(5.3933273369404,85.4,11.));
#6507=CARTESIAN_POINT('',(5.3933273369404,85.4,-13.));
#6508=CARTESIAN_POINT('',(5.39332733694039,91.4,11.));
#6509=CARTESIAN_POINT('',(5.3933273369404,91.4,11.));
#6510=CARTESIAN_POINT('',(5.39332733694039,91.4,-6.5));
#6511=CARTESIAN_POINT('Origin',(-23.6066726630596,91.4,-11.));
#6512=CARTESIAN_POINT('',(-23.6066726630596,85.4,-13.));
#6513=CARTESIAN_POINT('',(-25.6066726630596,85.4,-11.));
#6514=CARTESIAN_POINT('Origin',(-23.6066726630596,85.4,-11.));
#6515=CARTESIAN_POINT('',(-23.6066726630596,91.4,-13.));
#6516=CARTESIAN_POINT('',(-23.6066726630596,91.4,-13.));
#6517=CARTESIAN_POINT('',(-25.6066726630596,91.4,-11.));
#6518=CARTESIAN_POINT('Origin',(-23.6066726630596,91.4,-11.));
#6519=CARTESIAN_POINT('',(-25.6066726630596,91.4,-11.));
#6520=CARTESIAN_POINT('Origin',(-10.1066726630596,85.4,4.44089209850063E-15));
#6521=CARTESIAN_POINT('',(-25.6066726630596,85.4,-13.));
#6522=CARTESIAN_POINT('',(-25.6066726630596,85.4,11.));
#6523=CARTESIAN_POINT('',(-25.6066726630596,85.4,13.));
#6524=CARTESIAN_POINT('',(-23.6066726630596,85.4,13.));
#6525=CARTESIAN_POINT('Origin',(-23.6066726630596,85.4,11.));
#6526=CARTESIAN_POINT('',(3.3933273369404,85.4,13.));
#6527=CARTESIAN_POINT('',(5.3933273369404,85.4,13.));
#6528=CARTESIAN_POINT('Origin',(3.3933273369404,85.4,11.));
#6529=CARTESIAN_POINT('Origin',(-25.6066726630596,91.4,13.));
#6530=CARTESIAN_POINT('',(-25.6066726630596,91.4,11.));
#6531=CARTESIAN_POINT('',(-25.6066726630596,91.4,6.5));
#6532=CARTESIAN_POINT('',(-25.6066726630596,91.4,11.));
#6533=CARTESIAN_POINT('Origin',(-23.6066726630596,91.4,11.));
#6534=CARTESIAN_POINT('',(-23.6066726630596,91.4,13.));
#6535=CARTESIAN_POINT('Origin',(-23.6066726630596,91.4,11.));
#6536=CARTESIAN_POINT('',(-23.6066726630596,91.4,13.));
#6537=CARTESIAN_POINT('Origin',(3.3933273369404,91.4,11.));
#6538=CARTESIAN_POINT('',(3.39332733694039,91.4,13.));
#6539=CARTESIAN_POINT('',(3.3933273369404,91.4,13.));
#6540=CARTESIAN_POINT('Origin',(3.3933273369404,91.4,11.));
#6541=CARTESIAN_POINT('Origin',(-13.9499999999977,91.4,5.));
#6542=CARTESIAN_POINT('',(-11.9499999999977,54.9999999999968,5.));
#6543=CARTESIAN_POINT('',(-11.9499999999977,91.4,5.));
#6544=CARTESIAN_POINT('Origin',(-13.9499999999977,54.9999999999968,5.));
#6545=CARTESIAN_POINT('Origin',(-13.9499999999977,91.4,-5.));
#6546=CARTESIAN_POINT('',(-11.9499999999977,54.9999999999968,-5.));
#6547=CARTESIAN_POINT('',(-11.9499999999977,91.4,-5.));
#6548=CARTESIAN_POINT('Origin',(-13.9499999999977,54.9999999999968,-5.));
#6549=CARTESIAN_POINT('Origin',(-25.6066726630596,91.4,-13.));
#6550=CARTESIAN_POINT('',(87.5292272001067,91.4,-13.));
#6551=CARTESIAN_POINT('Origin',(5.3933273369404,91.4,13.));
#6552=CARTESIAN_POINT('',(103.029227200107,91.4,13.0000000000001));
#6553=CARTESIAN_POINT('Origin',(200.665127063273,91.4,8.88178419700125E-15));
#6554=CARTESIAN_POINT('',(90.2326834080546,91.3999999999953,25.));
#6555=CARTESIAN_POINT('',(59.1940580137062,91.4,18.));
#6556=CARTESIAN_POINT('Ctrl Pts',(90.2326834080546,91.3999999999953,25.));
#6557=CARTESIAN_POINT('Ctrl Pts',(89.9995125418301,91.3999999999953,24.9432254362832));
#6558=CARTESIAN_POINT('Ctrl Pts',(89.7663416756056,91.3999999999953,24.8864508725664));
#6559=CARTESIAN_POINT('Ctrl Pts',(89.5331708093811,91.3999999999953,24.8296763088496));
#6560=CARTESIAN_POINT('Ctrl Pts',(84.0663711335166,91.3999999999948,23.4985701910492));
#6561=CARTESIAN_POINT('Ctrl Pts',(78.61615092372,91.3999999999943,22.2217514823887));
#6562=CARTESIAN_POINT('Ctrl Pts',(73.1308523985288,91.3999999999938,20.9943283656661));
#6563=CARTESIAN_POINT('Ctrl Pts',(71.4547814421863,91.3999999999937,20.6192807310416));
#6564=CARTESIAN_POINT('Ctrl Pts',(69.8553234317498,91.3999999999935,20.2667224487729));
#6565=CARTESIAN_POINT('Ctrl Pts',(68.3430498088524,91.3999999999934,19.9375053204017));
#6566=CARTESIAN_POINT('Ctrl Pts',(64.7534908300182,91.3999999999931,19.156069817436));
#6567=CARTESIAN_POINT('Ctrl Pts',(61.6592988725465,91.3999999999928,18.5069654169503));
#6568=CARTESIAN_POINT('Ctrl Pts',(59.1940580137059,91.3999999999926,17.9999999999999));
#6569=CARTESIAN_POINT('',(195.267316591937,91.4,25.));
#6570=CARTESIAN_POINT('',(176.665127063273,91.4,25.));
#6571=CARTESIAN_POINT('',(231.030428362735,91.4,17.044524673327));
#6572=CARTESIAN_POINT('Ctrl Pts',(195.267316591937,91.4,25.));
#6573=CARTESIAN_POINT('Ctrl Pts',(195.500487458162,91.4,24.9432254362832));
#6574=CARTESIAN_POINT('Ctrl Pts',(195.733658324386,91.4,24.8864508725664));
#6575=CARTESIAN_POINT('Ctrl Pts',(195.966829190611,91.4,24.8296763088496));
#6576=CARTESIAN_POINT('Ctrl Pts',(201.433628866475,91.4,23.4985701910492));
#6577=CARTESIAN_POINT('Ctrl Pts',(206.883849076272,91.4,22.2217514823887));
#6578=CARTESIAN_POINT('Ctrl Pts',(212.369147601463,91.4,20.9943283656661));
#6579=CARTESIAN_POINT('Ctrl Pts',(214.045218557805,91.4,20.6192807310416));
#6580=CARTESIAN_POINT('Ctrl Pts',(215.644676568242,91.4,20.2667224487729));
#6581=CARTESIAN_POINT('Ctrl Pts',(217.156950191139,91.4,19.9375053204017));
#6582=CARTESIAN_POINT('Ctrl Pts',(223.692056467454,91.4,18.5148335966388));
#6583=CARTESIAN_POINT('Ctrl Pts',(228.585249474214,91.4,17.5307784617217));
#6584=CARTESIAN_POINT('Ctrl Pts',(231.030428362735,91.4,17.044524673327));
#6585=CARTESIAN_POINT('',(236.665127063273,91.4,10.1789618878237));
#6586=CARTESIAN_POINT('Ctrl Pts',(236.665127063273,91.4,10.1789618878237));
#6587=CARTESIAN_POINT('Ctrl Pts',(236.665127063273,91.4,12.0116218760975));
#6588=CARTESIAN_POINT('Ctrl Pts',(235.906940199559,91.4,13.8326716177461));
#6589=CARTESIAN_POINT('Ctrl Pts',(234.615546055038,91.4,15.1283803034236));
#6590=CARTESIAN_POINT('Ctrl Pts',(233.647000446647,91.4,16.1001618176818));
#6591=CARTESIAN_POINT('Ctrl Pts',(232.378525742803,91.4,16.7764389879561));
#6592=CARTESIAN_POINT('Ctrl Pts',(231.030428362735,91.4,17.044524673327));
#6593=CARTESIAN_POINT('',(236.665127063273,91.4,-10.1789792245454));
#6594=CARTESIAN_POINT('',(236.665127063273,91.4,15.9274090373258));
#6595=CARTESIAN_POINT('',(234.740337273958,91.4,-14.9999999999998));
#6596=CARTESIAN_POINT('Ctrl Pts',(234.737897553696,91.4,-14.9964325288684));
#6597=CARTESIAN_POINT('Ctrl Pts',(235.013061183531,91.4,-14.7092915214727));
#6598=CARTESIAN_POINT('Ctrl Pts',(235.263704886813,91.4,-14.3990043187449));
#6599=CARTESIAN_POINT('Ctrl Pts',(235.485109388679,91.4,-14.0688630349315));
#6600=CARTESIAN_POINT('Ctrl Pts',(236.249272955139,91.4,-12.9294013765274));
#6601=CARTESIAN_POINT('Ctrl Pts',(236.665127063273,91.4,-11.553429694124));
#6602=CARTESIAN_POINT('Ctrl Pts',(236.665127063273,91.4,-10.1789792245454));
#6603=CARTESIAN_POINT('',(231.030734027405,91.4,-17.0444812178095));
#6604=CARTESIAN_POINT('Ctrl Pts',(231.030734027405,91.4,-17.0444812178095));
#6605=CARTESIAN_POINT('Ctrl Pts',(232.437548935974,91.4,-16.7646537211061));
#6606=CARTESIAN_POINT('Ctrl Pts',(233.746781477004,91.4,-16.0306901045426));
#6607=CARTESIAN_POINT('Ctrl Pts',(234.737897553696,91.4,-14.9964325288684));
#6608=CARTESIAN_POINT('',(195.267316591937,91.4,-25.));
#6609=CARTESIAN_POINT('Ctrl Pts',(231.030734027405,91.4,-17.0444812178095));
#6610=CARTESIAN_POINT('Ctrl Pts',(228.292760950245,91.4,-17.5890874396771));
#6611=CARTESIAN_POINT('Ctrl Pts',(222.258187827234,91.4,-18.803768550836));
#6612=CARTESIAN_POINT('Ctrl Pts',(214.331089765251,91.4,-20.5577616963671));
#6613=CARTESIAN_POINT('Ctrl Pts',(208.18609573082,91.4,-21.9174367415661));
#6614=CARTESIAN_POINT('Ctrl Pts',(202.088974878942,91.4,-23.3390005821018));
#6615=CARTESIAN_POINT('Ctrl Pts',(195.966829190611,91.4,-24.8296763088496));
#6616=CARTESIAN_POINT('Ctrl Pts',(195.733658324386,91.4,-24.8864508725664));
#6617=CARTESIAN_POINT('Ctrl Pts',(195.500487458162,91.4,-24.9432254362832));
#6618=CARTESIAN_POINT('Ctrl Pts',(195.267316591937,91.4,-25.));
#6619=CARTESIAN_POINT('',(90.2326834080546,91.3999999999953,-25.));
#6620=CARTESIAN_POINT('',(195.267316591937,91.4,-25.));
#6621=CARTESIAN_POINT('',(59.1925277434063,91.4,-17.9999999999999));
#6622=CARTESIAN_POINT('Ctrl Pts',(59.1925277434927,91.3999999999926,-18.0000000000176));
#6623=CARTESIAN_POINT('Ctrl Pts',(62.2894498769934,91.3999999999929,-18.6369615317157));
#6624=CARTESIAN_POINT('Ctrl Pts',(66.3844779109192,91.3999999999932,-19.4991319890488));
#6625=CARTESIAN_POINT('Ctrl Pts',(71.1689102347402,91.3999999999936,-20.5577616963671));
#6626=CARTESIAN_POINT('Ctrl Pts',(77.3139042691715,91.3999999999942,-21.9174367415661));
#6627=CARTESIAN_POINT('Ctrl Pts',(83.4110251210492,91.3999999999947,-23.3390005821018));
#6628=CARTESIAN_POINT('Ctrl Pts',(89.5331708093811,91.3999999999953,-24.8296763088496));
#6629=CARTESIAN_POINT('Ctrl Pts',(89.7663416756056,91.3999999999953,-24.8864508725664));
#6630=CARTESIAN_POINT('Ctrl Pts',(89.9995125418301,91.3999999999953,-24.9432254362832));
#6631=CARTESIAN_POINT('Ctrl Pts',(90.2326834080546,91.3999999999953,-25.));
#6632=CARTESIAN_POINT('',(-19.6066726630596,91.4,-18.));
#6633=CARTESIAN_POINT('',(44.2231704763131,91.4,-17.9999999999999));
#6634=CARTESIAN_POINT('',(-19.6066726630596,91.4,18.));
#6635=CARTESIAN_POINT('Origin',(-19.6066726630596,91.4,-1.11022302462516E-15));
#6636=CARTESIAN_POINT('',(-19.6066726630596,91.4,18.));
#6637=CARTESIAN_POINT('',(225.865127063273,91.4,8.64448121780954));
#6638=CARTESIAN_POINT('Origin',(227.665127063273,91.4,8.64448121780954));
#6639=CARTESIAN_POINT('',(225.865127063273,91.4,-8.64448121780954));
#6640=CARTESIAN_POINT('Origin',(227.665127063273,91.4,-8.64448121780954));
#6641=CARTESIAN_POINT('Origin',(227.665127063273,85.3771691175669,8.64448121780954));
#6642=CARTESIAN_POINT('',(225.865127063273,87.2,8.64448121780954));
#6643=CARTESIAN_POINT('Origin',(227.665127063273,87.2,8.64448121780954));
#6644=CARTESIAN_POINT('',(224.165127063273,83.5543382351338,8.64448121780954));
#6645=CARTESIAN_POINT('',(225.015127063273,85.3771691175669,8.64448121780954));
#6646=CARTESIAN_POINT('Origin',(227.665127063273,83.5543382351338,8.64448121780954));
#6647=CARTESIAN_POINT('Origin',(227.665127063273,83.4,8.64448121780954));
#6648=CARTESIAN_POINT('',(224.267537942645,83.4,9.48098597042492));
#6649=CARTESIAN_POINT('',(226.404918082034,83.4,5.37922879016562));
#6650=CARTESIAN_POINT('Origin',(227.665127063273,83.4,8.64448121780954));
#6651=CARTESIAN_POINT('',(224.165200816099,83.3784094971907,8.64375456930525));
#6652=CARTESIAN_POINT('Ctrl Pts',(224.165650442913,83.3781829522596,8.63932462854738));
#6653=CARTESIAN_POINT('Ctrl Pts',(224.165624129554,83.3823446671621,8.73704842030145));
#6654=CARTESIAN_POINT('Ctrl Pts',(224.169699696849,83.3862253502538,8.83477747369437));
#6655=CARTESIAN_POINT('Ctrl Pts',(224.177865992468,83.3895292823281,8.93225909062189));
#6656=CARTESIAN_POINT('Ctrl Pts',(224.185958589992,83.3928033975166,9.02886096844876));
#6657=CARTESIAN_POINT('Ctrl Pts',(224.198068631733,83.3955104396322,9.12521997762754));
#6658=CARTESIAN_POINT('Ctrl Pts',(224.214179118268,83.3973517372406,9.22104102421598));
#6659=CARTESIAN_POINT('Ctrl Pts',(224.228739123721,83.399015827469,9.30764020654126));
#6660=CARTESIAN_POINT('Ctrl Pts',(224.246566631726,83.3999722927804,9.3937994475642));
#6661=CARTESIAN_POINT('Ctrl Pts',(224.26764270864,83.4,9.47926479970321));
#6662=CARTESIAN_POINT('',(224.165127063273,83.4,8.64448121780954));
#6663=CARTESIAN_POINT('Ctrl Pts',(226.404918065195,83.4,5.37922881084859));
#6664=CARTESIAN_POINT('Ctrl Pts',(226.026448963217,83.4,5.52529720261838));
#6665=CARTESIAN_POINT('Ctrl Pts',(225.676365202684,83.3801751566805,5.73600556245631));
#6666=CARTESIAN_POINT('Ctrl Pts',(225.203592166749,83.3517165791863,6.14657173590608));
#6667=CARTESIAN_POINT('Ctrl Pts',(225.050943761835,83.3421617395301,6.30677899340375));
#6668=CARTESIAN_POINT('Ctrl Pts',(224.846311945862,83.3322183682322,6.56688911903516));
#6669=CARTESIAN_POINT('Ctrl Pts',(224.782390434161,83.3296241305786,6.6565310105082));
#6670=CARTESIAN_POINT('Ctrl Pts',(224.681139333201,83.3267002170225,6.81370828342259));
#6671=CARTESIAN_POINT('Ctrl Pts',(224.641641911674,83.3259227735544,6.87970042304852));
#6672=CARTESIAN_POINT('Ctrl Pts',(224.567462517774,83.3252673294139,7.01345178229958));
#6673=CARTESIAN_POINT('Ctrl Pts',(224.532761609462,83.3253796291181,7.08112933382711));
#6674=CARTESIAN_POINT('Ctrl Pts',(224.455065031406,83.3266867605538,7.24565393736717));
#6675=CARTESIAN_POINT('Ctrl Pts',(224.414222770892,83.3282917994822,7.34339252278652));
#6676=CARTESIAN_POINT('Ctrl Pts',(224.295677719105,83.3359716874642,7.66768793274859));
#6677=CARTESIAN_POINT('Ctrl Pts',(224.236832103221,83.3452244202346,7.9001921375386));
#6678=CARTESIAN_POINT('Ctrl Pts',(224.177444238105,83.3632279802633,8.30526366444379));
#6679=CARTESIAN_POINT('Ctrl Pts',(224.165127063273,83.3712641932762,8.47494822668676));
#6680=CARTESIAN_POINT('Ctrl Pts',(224.165127063273,83.3784466576279,8.64448121780951));
#6681=CARTESIAN_POINT('Ctrl Pts',(222.618062214852,81.5424569281734,0.0507143019119642));
#6682=CARTESIAN_POINT('Ctrl Pts',(222.618062214852,81.5424569281734,1.08632368577615));
#6683=CARTESIAN_POINT('Ctrl Pts',(221.981702452379,81.4074160731393,4.20506443119401));
#6684=CARTESIAN_POINT('Ctrl Pts',(218.229607252098,80.608427858745,8.65458265297378));
#6685=CARTESIAN_POINT('Ctrl Pts',(211.825359693022,79.2453471733583,12.3479925941616));
#6686=CARTESIAN_POINT('Ctrl Pts',(207.057315486937,78.2516498613867,13.8413141033258));
#6687=CARTESIAN_POINT('Ctrl Pts',(204.639597962648,77.760224393878,14.3370765099028));
#6688=CARTESIAN_POINT('Ctrl Pts',(223.348452985239,82.2169963653448,0.0507143019119645));
#6689=CARTESIAN_POINT('Ctrl Pts',(223.348452985239,82.2169963653448,1.16058795106951));
#6690=CARTESIAN_POINT('Ctrl Pts',(222.685995555133,82.128043324371,4.50499014853784));
#6691=CARTESIAN_POINT('Ctrl Pts',(218.777315684284,81.5994720699611,9.21324157559019));
#6692=CARTESIAN_POINT('Ctrl Pts',(212.117517852688,80.6586692987874,12.9354610284066));
#6693=CARTESIAN_POINT('Ctrl Pts',(207.197517150121,79.9304526759608,14.2899827283469));
#6694=CARTESIAN_POINT('Ctrl Pts',(204.724883542204,79.5589184802611,14.6830290666351));
#6695=CARTESIAN_POINT('Ctrl Pts',(224.881502241718,83.1200648665695,0.0507143019119651));
#6696=CARTESIAN_POINT('Ctrl Pts',(224.881502241718,83.1200648665695,1.31666075092024));
#6697=CARTESIAN_POINT('Ctrl Pts',(224.18805569345,83.0987549049571,5.13002780416497));
#6698=CARTESIAN_POINT('Ctrl Pts',(220.090262010379,82.9697091486313,10.4866046168891));
#6699=CARTESIAN_POINT('Ctrl Pts',(213.056647306344,82.7294180047227,14.6779669621209));
#6700=CARTESIAN_POINT('Ctrl Pts',(207.82099872665,82.5330742147125,16.1459694327164));
#6701=CARTESIAN_POINT('Ctrl Pts',(205.185056353953,82.4285866219329,16.5496747714793));
#6702=CARTESIAN_POINT('Ctrl Pts',(226.621621799718,83.4,0.0507143019119661));
#6703=CARTESIAN_POINT('Ctrl Pts',(226.621621799718,83.4,1.49374487743387));
#6704=CARTESIAN_POINT('Ctrl Pts',(225.911140055097,83.3998071513195,5.83947875804196));
#6705=CARTESIAN_POINT('Ctrl Pts',(221.702791230705,83.3994457707727,12.0143335290528));
#6706=CARTESIAN_POINT('Ctrl Pts',(214.382449110422,83.3995766652059,17.0641403783367));
#6707=CARTESIAN_POINT('Ctrl Pts',(208.809508151319,83.399324101453,19.0378409809329));
#6708=CARTESIAN_POINT('Ctrl Pts',(205.953992176896,83.4,19.6687872321702));
#6709=CARTESIAN_POINT('Ctrl Pts',(227.367287071803,83.4,0.0507143019119666));
#6710=CARTESIAN_POINT('Ctrl Pts',(227.367287071803,83.4,1.56960806491435));
#6711=CARTESIAN_POINT('Ctrl Pts',(226.649572631354,83.4,6.14376115819265));
#6712=CARTESIAN_POINT('Ctrl Pts',(222.393745719814,83.4,12.6697212168031));
#6713=CARTESIAN_POINT('Ctrl Pts',(214.95013956446,83.4,18.0867224638781));
#6714=CARTESIAN_POINT('Ctrl Pts',(209.232648661288,83.4,20.2769273439856));
#6715=CARTESIAN_POINT('Ctrl Pts',(206.283165285895,83.4,21.0040455402985));
#6716=CARTESIAN_POINT('',(219.92272317519,83.4,14.2275920836238));
#6717=CARTESIAN_POINT('Ctrl Pts',(224.265261078539,83.4,9.48273847122251));
#6718=CARTESIAN_POINT('Ctrl Pts',(223.589108343131,83.4,10.4687126374817));
#6719=CARTESIAN_POINT('Ctrl Pts',(222.218030402889,83.4,12.1422066093872));
#6720=CARTESIAN_POINT('Ctrl Pts',(220.652162124393,83.4,13.6144464232116));
#6721=CARTESIAN_POINT('Ctrl Pts',(219.924696875536,83.4,14.2299292483264));
#6722=CARTESIAN_POINT('',(205.772084148813,83.0663966162514,18.9308952258858));
#6723=CARTESIAN_POINT('Ctrl Pts',(205.772084148812,83.0663966162513,18.9308952258857));
#6724=CARTESIAN_POINT('Ctrl Pts',(207.816011948818,83.0718868051449,18.4446723213186));
#6725=CARTESIAN_POINT('Ctrl Pts',(209.836659664301,83.1156784881129,17.879145587761));
#6726=CARTESIAN_POINT('Ctrl Pts',(213.397457286661,83.227843542507,16.7428377335471));
#6727=CARTESIAN_POINT('Ctrl Pts',(214.959293366576,83.2890648932596,16.19152154162));
#6728=CARTESIAN_POINT('Ctrl Pts',(217.65549434284,83.3726541613109,15.1637971958917));
#6729=CARTESIAN_POINT('Ctrl Pts',(218.811093469094,83.4,14.6958365254027));
#6730=CARTESIAN_POINT('Ctrl Pts',(219.92272317519,83.4,14.2275920836238));
#6731=CARTESIAN_POINT('',(204.639597962649,77.760224393876,14.3370765099023));
#6732=CARTESIAN_POINT('Origin',(206.283165285895,76.4,21.0040455402985));
#6733=CARTESIAN_POINT('',(222.618062214852,81.5424569281734,0.0507143019119471));
#6734=CARTESIAN_POINT('Ctrl Pts',(204.639597962648,77.760224393878,14.3370765099028));
#6735=CARTESIAN_POINT('Ctrl Pts',(207.057315486937,78.2516498613867,13.8413141033258));
#6736=CARTESIAN_POINT('Ctrl Pts',(211.825359693022,79.2453471733583,12.3479925941616));
#6737=CARTESIAN_POINT('Ctrl Pts',(218.229607252098,80.608427858745,8.65458265297378));
#6738=CARTESIAN_POINT('Ctrl Pts',(221.981702452379,81.4074160731393,4.20506443119401));
#6739=CARTESIAN_POINT('Ctrl Pts',(222.618062214852,81.5424569281734,1.08632368577615));
#6740=CARTESIAN_POINT('Ctrl Pts',(222.618062214852,81.5424569281734,0.0507143019119642));
#6741=CARTESIAN_POINT('',(227.367287071803,83.4,0.0507143019119738));
#6742=CARTESIAN_POINT('Origin',(227.367287071803,76.4,0.0507143019119738));
#6743=CARTESIAN_POINT('Ctrl Pts',(227.367287071803,83.4,0.0507143019119666));
#6744=CARTESIAN_POINT('Ctrl Pts',(227.367287071803,83.4,1.56960806491435));
#6745=CARTESIAN_POINT('Ctrl Pts',(227.081800959047,83.4,3.38907429292598));
#6746=CARTESIAN_POINT('Ctrl Pts',(226.505853969837,83.4,5.10433920504222));
#6747=CARTESIAN_POINT('Ctrl Pts',(226.405314651093,83.4,5.37937381901535));
#6748=CARTESIAN_POINT('Origin',(227.665127063273,83.4,8.64448121780954));
#6749=CARTESIAN_POINT('',(225.865127063273,83.4,8.64448121780954));
#6750=CARTESIAN_POINT('Origin',(227.665127063273,85.38,-8.64448121780954));
#6751=CARTESIAN_POINT('',(224.165127063273,83.56,-8.64448121780954));
#6752=CARTESIAN_POINT('Origin',(227.665127063273,83.56,-8.64448121780954));
#6753=CARTESIAN_POINT('',(225.862486938957,87.2,-8.64448121780954));
#6754=CARTESIAN_POINT('',(225.013807001115,85.38,-8.64448121780954));
#6755=CARTESIAN_POINT('Origin',(227.665127063273,87.2,-8.64448121780954));
#6756=CARTESIAN_POINT('Origin',(227.665127063273,83.4,-8.64448121780954));
#6757=CARTESIAN_POINT('',(224.26694508804,83.3999999999999,-9.48483671593255));
#6758=CARTESIAN_POINT('',(224.164579701678,83.3783539945337,-8.64485900799442));
#6759=CARTESIAN_POINT('Ctrl Pts',(224.26694508804,83.3999999999999,-9.48483671593255));
#6760=CARTESIAN_POINT('Ctrl Pts',(224.243499875127,83.3999773735653,-9.39043358365215));
#6761=CARTESIAN_POINT('Ctrl Pts',(224.22401408806,83.3988177133964,-9.29516122452817));
#6762=CARTESIAN_POINT('Ctrl Pts',(224.208528436764,83.3968181312303,-9.19931294658067));
#6763=CARTESIAN_POINT('Ctrl Pts',(224.19292725618,83.394803631364,-9.10274960130414));
#6764=CARTESIAN_POINT('Ctrl Pts',(224.181385960067,83.3919373015766,-9.0056016674174));
#6765=CARTESIAN_POINT('Ctrl Pts',(224.173935885605,83.3885203547161,-8.90811719341701));
#6766=CARTESIAN_POINT('Ctrl Pts',(224.168186463354,83.3858834051913,-8.83288581058106));
#6767=CARTESIAN_POINT('Ctrl Pts',(224.164873377201,83.3829185582328,-8.75745292406667));
#6768=CARTESIAN_POINT('Ctrl Pts',(224.164007920549,83.3797594449782,-8.68191210522296));
#6769=CARTESIAN_POINT('Ctrl Pts',(224.163868514506,83.3792505812754,-8.66974413981994));
#6770=CARTESIAN_POINT('Ctrl Pts',(224.163792706804,83.3787368123609,-8.65757678498646));
#6771=CARTESIAN_POINT('Ctrl Pts',(224.163780550462,83.378218704991,-8.64541056343595));
#6772=CARTESIAN_POINT('',(226.404918069893,83.4,-5.379228805078));
#6773=CARTESIAN_POINT('Origin',(227.665127063273,83.4,-8.64448121780954));
#6774=CARTESIAN_POINT('Ctrl Pts',(224.165127063273,83.3784466582226,-8.64448123184918));
#6775=CARTESIAN_POINT('Ctrl Pts',(224.165127062312,83.3683005311819,-8.40499472795082));
#6776=CARTESIAN_POINT('Ctrl Pts',(224.189699309086,83.3565422763719,-8.16609738917874));
#6777=CARTESIAN_POINT('Ctrl Pts',(224.267065613064,83.3413134470917,-7.79430591341767));
#6778=CARTESIAN_POINT('Ctrl Pts',(224.303810786183,83.3364283874688,-7.65898902540769));
#6779=CARTESIAN_POINT('Ctrl Pts',(224.386438745682,83.3296975795567,-7.41393875303267));
#6780=CARTESIAN_POINT('Ctrl Pts',(224.429958246021,83.327501606114,-7.30368896755218));
#6781=CARTESIAN_POINT('Ctrl Pts',(224.511623293128,83.325589395307,-7.12407834394229));
#6782=CARTESIAN_POINT('Ctrl Pts',(224.546653355838,83.3252871107343,-7.05346479622729));
#6783=CARTESIAN_POINT('Ctrl Pts',(224.619531019011,83.3256180939311,-6.91823067110199));
#6784=CARTESIAN_POINT('Ctrl Pts',(224.657116581708,83.326204265643,-6.85354064130975));
#6785=CARTESIAN_POINT('Ctrl Pts',(224.748548447206,83.328499959161,-6.70718205251755));
#6786=CARTESIAN_POINT('Ctrl Pts',(224.80378530255,83.3304997579154,-6.62649294335507));
#6787=CARTESIAN_POINT('Ctrl Pts',(224.986153551957,83.3386038261048,-6.38265767293942));
#6788=CARTESIAN_POINT('Ctrl Pts',(225.12432444214,83.3468437492009,-6.22849644272796));
#6789=CARTESIAN_POINT('Ctrl Pts',(225.602937676321,83.3758749241298,-5.78116276270375));
#6790=CARTESIAN_POINT('Ctrl Pts',(225.986418465768,83.4000000000002,-5.54074678715153));
#6791=CARTESIAN_POINT('Ctrl Pts',(226.404918065195,83.4000000000002,-5.37922881084883));
#6792=CARTESIAN_POINT('',(224.165127063273,83.4,-8.64448121780954));
#6793=CARTESIAN_POINT('Origin',(227.665127063273,87.2,-8.64448121780954));
#6794=CARTESIAN_POINT('',(225.865127063273,87.2,-8.64448121780954));
#6795=CARTESIAN_POINT('Origin',(227.665127063273,87.2,-8.64448121780954));
#6796=CARTESIAN_POINT('Origin',(200.665127063273,83.4,8.88178419700125E-15));
#6797=CARTESIAN_POINT('',(227.367287071803,83.4,-0.0507143019119449));
#6798=CARTESIAN_POINT('Ctrl Pts',(227.367287071803,83.4,-0.050714301911956));
#6799=CARTESIAN_POINT('Ctrl Pts',(227.367287071803,83.4,-0.0169047673039792));
#6800=CARTESIAN_POINT('Ctrl Pts',(227.367287071803,83.4,0.016904767303997));
#6801=CARTESIAN_POINT('Ctrl Pts',(227.367287071803,83.4,0.0507143019119738));
#6802=CARTESIAN_POINT('Ctrl Pts',(226.405256608253,83.4,-5.37935265267983));
#6803=CARTESIAN_POINT('Ctrl Pts',(226.506933531955,83.4,-5.10184722870831));
#6804=CARTESIAN_POINT('Ctrl Pts',(227.08581125609,83.4,-3.38136500109366));
#6805=CARTESIAN_POINT('Ctrl Pts',(227.367287071803,83.4,-1.56967064309146));
#6806=CARTESIAN_POINT('Ctrl Pts',(227.367287071803,83.4,-0.0507143019118937));
#6807=CARTESIAN_POINT('',(219.922315214902,83.4,-14.2279368552428));
#6808=CARTESIAN_POINT('Ctrl Pts',(219.922140066731,83.4,-14.2277293293099));
#6809=CARTESIAN_POINT('Ctrl Pts',(221.569344873991,83.3999999999999,-12.8375198853736));
#6810=CARTESIAN_POINT('Ctrl Pts',(223.054662932726,83.3999999999999,-11.2572376272575));
#6811=CARTESIAN_POINT('Ctrl Pts',(224.267384339699,83.3999999999999,-9.48419453978468));
#6812=CARTESIAN_POINT('',(230.055300481596,83.4,-12.1405512226209));
#6813=CARTESIAN_POINT('Ctrl Pts',(230.055300481596,83.4,-12.1405512226209));
#6814=CARTESIAN_POINT('Ctrl Pts',(226.673005744952,83.4,-12.8133185237797));
#6815=CARTESIAN_POINT('Ctrl Pts',(223.295422052784,83.4,-13.5102003602759));
#6816=CARTESIAN_POINT('Ctrl Pts',(219.922315214902,83.4,-14.2279368552428));
#6817=CARTESIAN_POINT('',(231.665127063273,83.4,-10.1789792245454));
#6818=CARTESIAN_POINT('Ctrl Pts',(231.665127063273,83.4,-10.1789792245454));
#6819=CARTESIAN_POINT('Ctrl Pts',(231.665127063273,83.4,-10.4407703843833));
#6820=CARTESIAN_POINT('Ctrl Pts',(231.560677010989,83.4,-10.963712208507));
#6821=CARTESIAN_POINT('Ctrl Pts',(231.042117565538,83.4,-11.7412347891907));
#6822=CARTESIAN_POINT('Ctrl Pts',(230.440442137958,83.4,-12.0639432588303));
#6823=CARTESIAN_POINT('Ctrl Pts',(230.055300481596,83.4,-12.1405512226209));
#6824=CARTESIAN_POINT('',(231.665127063273,83.4,10.1789618878237));
#6825=CARTESIAN_POINT('',(231.665127063273,83.4,-7.96370451866285));
#6826=CARTESIAN_POINT('',(230.055213148833,83.4,12.1405512551103));
#6827=CARTESIAN_POINT('Ctrl Pts',(230.055213148833,83.4,12.1405512551103));
#6828=CARTESIAN_POINT('Ctrl Pts',(230.44037069067,83.4,12.0639579576931));
#6829=CARTESIAN_POINT('Ctrl Pts',(231.042040415932,83.4,11.7412874571532));
#6830=CARTESIAN_POINT('Ctrl Pts',(231.560666120553,83.4,10.9637510083345));
#6831=CARTESIAN_POINT('Ctrl Pts',(231.665127063273,83.4,10.440761527279));
#6832=CARTESIAN_POINT('Ctrl Pts',(231.665127063273,83.4,10.1789618878237));
#6833=CARTESIAN_POINT('Ctrl Pts',(219.92272317519,83.4,14.2275920836238));
#6834=CARTESIAN_POINT('Ctrl Pts',(223.295618949032,83.4,13.5097630355902));
#6835=CARTESIAN_POINT('Ctrl Pts',(226.673068113601,83.4,12.8131322445845));
#6836=CARTESIAN_POINT('Ctrl Pts',(230.055213148833,83.4,12.1405512551103));
#6837=CARTESIAN_POINT('Origin',(227.665127063273,83.4,-8.64448121780954));
#6838=CARTESIAN_POINT('',(225.865127063273,83.4,-8.64448121780954));
#6839=CARTESIAN_POINT('Ctrl Pts',(220.962928600704,88.4,-19.118450507334));
#6840=CARTESIAN_POINT('Ctrl Pts',(224.315765953414,88.4,-18.4050269944164));
#6841=CARTESIAN_POINT('Ctrl Pts',(227.668682994349,88.4,-17.7132218734839));
#6842=CARTESIAN_POINT('Ctrl Pts',(231.030734027405,88.4,-17.0444812178095));
#6843=CARTESIAN_POINT('Ctrl Pts',(220.962928600704,87.6520017491453,-19.118450507334));
#6844=CARTESIAN_POINT('Ctrl Pts',(224.315762674439,87.6520017491453,-18.4050276921232));
#6845=CARTESIAN_POINT('Ctrl Pts',(227.668686269153,87.6520017491453,-17.7132212220975));
#6846=CARTESIAN_POINT('Ctrl Pts',(231.030734027405,87.6520017491453,-17.0444812178095));
#6847=CARTESIAN_POINT('Ctrl Pts',(220.89166335001,86.159319578042,-18.7835291175128));
#6848=CARTESIAN_POINT('Ctrl Pts',(224.245885124228,86.159319578042,-18.0698110245867));
#6849=CARTESIAN_POINT('Ctrl Pts',(227.600498851919,86.159319578042,-17.3776567033228));
#6850=CARTESIAN_POINT('Ctrl Pts',(230.963932545581,86.159319578042,-16.7086410246487));
#6851=CARTESIAN_POINT('Ctrl Pts',(220.543535148896,84.0565365160853,-17.1474501054082));
#6852=CARTESIAN_POINT('Ctrl Pts',(223.904539696194,84.0565365160853,-16.4322887603082));
#6853=CARTESIAN_POINT('Ctrl Pts',(227.267401856311,84.0565365160853,-15.7384368051972));
#6854=CARTESIAN_POINT('Ctrl Pts',(230.637609695768,84.0565365160853,-15.0680736910869));
#6855=CARTESIAN_POINT('Ctrl Pts',(220.155828312621,83.4,-15.3253655525064));
#6856=CARTESIAN_POINT('Ctrl Pts',(223.524380338873,83.4,-14.6085982395701));
#6857=CARTESIAN_POINT('Ctrl Pts',(226.896441538959,83.4,-13.9128530028388));
#6858=CARTESIAN_POINT('Ctrl Pts',(230.274187257423,83.4,-13.2409905402354));
#6859=CARTESIAN_POINT('Ctrl Pts',(219.922315214902,83.4,-14.2279368552428));
#6860=CARTESIAN_POINT('Ctrl Pts',(223.295422052784,83.4,-13.5102003602759));
#6861=CARTESIAN_POINT('Ctrl Pts',(226.673005744952,83.4,-12.8133185237797));
#6862=CARTESIAN_POINT('Ctrl Pts',(230.055300481596,83.4,-12.1405512226209));
#6863=CARTESIAN_POINT('',(220.962928600704,88.4,-19.118450507334));
#6864=CARTESIAN_POINT('Origin',(219.922315214902,88.4,-14.2279368552428));
#6865=CARTESIAN_POINT('',(231.030734027405,88.4,-17.0444812178095));
#6866=CARTESIAN_POINT('Ctrl Pts',(220.962928600704,88.4,-19.118450507334));
#6867=CARTESIAN_POINT('Ctrl Pts',(224.315765953414,88.4,-18.4050269944164));
#6868=CARTESIAN_POINT('Ctrl Pts',(227.668682994349,88.4,-17.7132218734839));
#6869=CARTESIAN_POINT('Ctrl Pts',(231.030734027405,88.4,-17.0444812178095));
#6870=CARTESIAN_POINT('Origin',(230.055300481596,88.4,-12.1405512226209));
#6871=CARTESIAN_POINT('Ctrl Pts',(231.665127063273,83.4,-10.1789792245454));
#6872=CARTESIAN_POINT('Ctrl Pts',(231.665127063273,83.4,-10.4407703843833));
#6873=CARTESIAN_POINT('Ctrl Pts',(231.560677010989,83.4,-10.963712208507));
#6874=CARTESIAN_POINT('Ctrl Pts',(231.042117565538,83.4,-11.7412347891907));
#6875=CARTESIAN_POINT('Ctrl Pts',(230.440442137958,83.4,-12.0639432588303));
#6876=CARTESIAN_POINT('Ctrl Pts',(230.055300481596,83.4,-12.1405512226209));
#6877=CARTESIAN_POINT('Ctrl Pts',(232.413125314128,83.4,-10.1789792245454));
#6878=CARTESIAN_POINT('Ctrl Pts',(232.413125314128,83.4,-10.538730017374));
#6879=CARTESIAN_POINT('Ctrl Pts',(232.269703200344,83.4,-11.2572131658605));
#6880=CARTESIAN_POINT('Ctrl Pts',(231.557117487188,83.4,-12.3256597134274));
#6881=CARTESIAN_POINT('Ctrl Pts',(230.730482809937,83.4,-12.7689035369272));
#6882=CARTESIAN_POINT('Ctrl Pts',(230.201224998814,83.4,-12.8741774343639));
#6883=CARTESIAN_POINT('Ctrl Pts',(233.905815191561,83.7424152708917,-10.1789792245454));
#6884=CARTESIAN_POINT('Ctrl Pts',(233.905815191561,83.7424152708917,-10.7343417894673));
#6885=CARTESIAN_POINT('Ctrl Pts',(233.684852813004,83.7424152708917,-11.8429465351524));
#6886=CARTESIAN_POINT('Ctrl Pts',(232.584857485136,83.7424152708917,-13.4922846050372));
#6887=CARTESIAN_POINT('Ctrl Pts',(231.309466696897,83.7424152708917,-14.1756709842825));
#6888=CARTESIAN_POINT('Ctrl Pts',(230.492428954802,83.7424152708917,-14.3381867670555));
#6889=CARTESIAN_POINT('Ctrl Pts',(236.008607100919,85.4151200644568,-10.1789792245454));
#6890=CARTESIAN_POINT('Ctrl Pts',(236.008607100919,85.4151200644568,-11.0093889923679));
#6891=CARTESIAN_POINT('Ctrl Pts',(235.677459370027,85.4151200644568,-12.6679657987364));
#6892=CARTESIAN_POINT('Ctrl Pts',(234.032593138027,85.4151200644568,-15.1342655449427));
#6893=CARTESIAN_POINT('Ctrl Pts',(232.124337119063,85.4151200644568,-16.1575727673545));
#6894=CARTESIAN_POINT('Ctrl Pts',(230.902655708451,85.4151200644568,-16.4005756306441));
#6895=CARTESIAN_POINT('Ctrl Pts',(236.665127063273,87.2780026237179,-10.1789792245454));
#6896=CARTESIAN_POINT('Ctrl Pts',(236.665127063273,87.2780026237179,-11.0960214205254));
#6897=CARTESIAN_POINT('Ctrl Pts',(236.300977937168,87.2780026237179,-12.9257227215892));
#6898=CARTESIAN_POINT('Ctrl Pts',(234.484697148365,87.2780026237179,-15.6490817831246));
#6899=CARTESIAN_POINT('Ctrl Pts',(232.379867246916,87.2780026237179,-16.7761271015462));
#6900=CARTESIAN_POINT('Ctrl Pts',(231.030734027405,87.2780026237179,-17.0444812178095));
#6901=CARTESIAN_POINT('Ctrl Pts',(236.665127063273,88.4,-10.1789792245454));
#6902=CARTESIAN_POINT('Ctrl Pts',(236.665127063273,88.4,-11.0952482839762));
#6903=CARTESIAN_POINT('Ctrl Pts',(236.299551880278,88.4,-12.9255446684099));
#6904=CARTESIAN_POINT('Ctrl Pts',(234.4845938212,88.4,-15.6468737008038));
#6905=CARTESIAN_POINT('Ctrl Pts',(232.378729824662,88.4,-16.7763533445438));
#6906=CARTESIAN_POINT('Ctrl Pts',(231.030734027405,88.4,-17.0444812178095));
#6907=CARTESIAN_POINT('',(236.665127063273,88.4,-10.1789792245454));
#6908=CARTESIAN_POINT('Ctrl Pts',(231.030734027405,88.4,-17.0444812178095));
#6909=CARTESIAN_POINT('Ctrl Pts',(232.378729824662,88.4,-16.7763533445438));
#6910=CARTESIAN_POINT('Ctrl Pts',(234.4845938212,88.4,-15.6468737008038));
#6911=CARTESIAN_POINT('Ctrl Pts',(236.299551880278,88.4,-12.9255446684099));
#6912=CARTESIAN_POINT('Ctrl Pts',(236.665127063273,88.4,-11.0952482839762));
#6913=CARTESIAN_POINT('Ctrl Pts',(236.665127063273,88.4,-10.1789792245454));
#6914=CARTESIAN_POINT('Origin',(231.665127063273,88.4,-10.1789792245454));
#6915=CARTESIAN_POINT('Origin',(231.665127063273,88.4,-7.96370451866285));
#6916=CARTESIAN_POINT('',(236.665127063273,88.4,10.1789618878237));
#6917=CARTESIAN_POINT('Origin',(231.665127063273,88.4,10.1789618878237));
#6918=CARTESIAN_POINT('',(236.665127063273,88.4,-7.96370451866283));
#6919=CARTESIAN_POINT('Ctrl Pts',(230.055213148833,83.4,12.1405512551103));
#6920=CARTESIAN_POINT('Ctrl Pts',(230.44037069067,83.4,12.0639579576931));
#6921=CARTESIAN_POINT('Ctrl Pts',(231.042040415932,83.4,11.7412874571532));
#6922=CARTESIAN_POINT('Ctrl Pts',(231.560666120553,83.4,10.9637510083345));
#6923=CARTESIAN_POINT('Ctrl Pts',(231.665127063273,83.4,10.440761527279));
#6924=CARTESIAN_POINT('Ctrl Pts',(231.665127063273,83.4,10.1789618878237));
#6925=CARTESIAN_POINT('Ctrl Pts',(230.201105003674,83.4,12.8741839629232));
#6926=CARTESIAN_POINT('Ctrl Pts',(230.730384644457,83.4,12.7689302198702));
#6927=CARTESIAN_POINT('Ctrl Pts',(231.557011475899,83.4,12.3257385749304));
#6928=CARTESIAN_POINT('Ctrl Pts',(232.269688240962,83.4,11.2572729701005));
#6929=CARTESIAN_POINT('Ctrl Pts',(232.413125314128,83.4,10.5387243332578));
#6930=CARTESIAN_POINT('Ctrl Pts',(232.413125314128,83.4,10.1789618878237));
#6931=CARTESIAN_POINT('Ctrl Pts',(230.492243779297,83.7424152708895,14.3382062590415));
#6932=CARTESIAN_POINT('Ctrl Pts',(231.309315220763,83.7424152708895,14.1757215894465));
#6933=CARTESIAN_POINT('Ctrl Pts',(232.584693858476,83.7424152708895,13.4924157676054));
#6934=CARTESIAN_POINT('Ctrl Pts',(233.684829743935,83.7424152708895,11.843048278964));
#6935=CARTESIAN_POINT('Ctrl Pts',(233.905815191564,83.7424152708895,10.734342441367));
#6936=CARTESIAN_POINT('Ctrl Pts',(233.905815191564,83.7424152708895,10.1789618878237));
#6937=CARTESIAN_POINT('Ctrl Pts',(230.902378711633,85.4151200644537,16.400613384553));
#6938=CARTESIAN_POINT('Ctrl Pts',(232.124110511463,85.4151200644537,16.1576570434611));
#6939=CARTESIAN_POINT('Ctrl Pts',(234.032348427636,85.4151200644537,15.1344702629689));
#6940=CARTESIAN_POINT('Ctrl Pts',(235.677424834607,85.4151200644537,12.6681265268947));
#6941=CARTESIAN_POINT('Ctrl Pts',(236.008607100927,85.4151200644537,11.0093985532584));
#6942=CARTESIAN_POINT('Ctrl Pts',(236.008607100927,85.4151200644537,10.1789618878237));
#6943=CARTESIAN_POINT('Ctrl Pts',(231.030428362734,87.2780026237179,17.044524673327));
#6944=CARTESIAN_POINT('Ctrl Pts',(232.379617228314,87.2780026237179,16.7762219326858));
#6945=CARTESIAN_POINT('Ctrl Pts',(234.484427004088,87.2780026237179,15.6493096461477));
#6946=CARTESIAN_POINT('Ctrl Pts',(236.300939883563,87.2780026237179,12.9259020081085));
#6947=CARTESIAN_POINT('Ctrl Pts',(236.665127063273,87.2780026237179,11.096033787507));
#6948=CARTESIAN_POINT('Ctrl Pts',(236.665127063273,87.2780026237179,10.1789618878237));
#6949=CARTESIAN_POINT('Ctrl Pts',(231.030428362734,88.4,17.044524673327));
#6950=CARTESIAN_POINT('Ctrl Pts',(232.378479759146,88.4,16.7764481323698));
#6951=CARTESIAN_POINT('Ctrl Pts',(234.484323797578,88.4,15.6471013804751));
#6952=CARTESIAN_POINT('Ctrl Pts',(236.299513763749,88.4,12.9257238096126));
#6953=CARTESIAN_POINT('Ctrl Pts',(236.665127063273,88.4,11.0952606259154));
#6954=CARTESIAN_POINT('Ctrl Pts',(236.665127063273,88.4,10.1789618878237));
#6955=CARTESIAN_POINT('',(231.030428362735,88.4,17.044524673327));
#6956=CARTESIAN_POINT('Ctrl Pts',(236.665127063273,88.4,10.1789618878237));
#6957=CARTESIAN_POINT('Ctrl Pts',(236.665127063273,88.4,11.0952606259154));
#6958=CARTESIAN_POINT('Ctrl Pts',(236.299513763749,88.4,12.9257238096126));
#6959=CARTESIAN_POINT('Ctrl Pts',(234.484323797578,88.4,15.6471013804751));
#6960=CARTESIAN_POINT('Ctrl Pts',(232.378479759146,88.4,16.7764481323698));
#6961=CARTESIAN_POINT('Ctrl Pts',(231.030428362734,88.4,17.044524673327));
#6962=CARTESIAN_POINT('Origin',(230.055213148833,88.4,12.1405512551103));
#6963=CARTESIAN_POINT('Ctrl Pts',(231.030428362734,88.4,17.044524673327));
#6964=CARTESIAN_POINT('Ctrl Pts',(227.667711513057,88.4,17.7132421300053));
#6965=CARTESIAN_POINT('Ctrl Pts',(224.316060962947,88.4,18.4045696189653));
#6966=CARTESIAN_POINT('Ctrl Pts',(220.963527240104,88.4,19.1180651587422));
#6967=CARTESIAN_POINT('Ctrl Pts',(231.030428362734,87.6520017491453,17.044524673327));
#6968=CARTESIAN_POINT('Ctrl Pts',(227.667714655935,87.6520017491453,17.7132415050054));
#6969=CARTESIAN_POINT('Ctrl Pts',(224.316057668998,87.6520017491453,18.4045703199926));
#6970=CARTESIAN_POINT('Ctrl Pts',(220.963527240104,87.6520017491453,19.1180651587422));
#6971=CARTESIAN_POINT('Ctrl Pts',(230.963641833247,86.1593195769171,16.7086815069848));
#6972=CARTESIAN_POINT('Ctrl Pts',(227.599598023475,86.1593195769171,17.37766284594));
#6973=CARTESIAN_POINT('Ctrl Pts',(224.246173397758,86.1593195769171,18.0693550266434));
#6974=CARTESIAN_POINT('Ctrl Pts',(220.892248931089,86.1593195769171,18.7831465483847));
#6975=CARTESIAN_POINT('Ctrl Pts',(230.637392024538,84.0565365136727,15.0680996469004));
#6976=CARTESIAN_POINT('Ctrl Pts',(227.266846965581,84.0565365136727,15.7383738389311));
#6977=CARTESIAN_POINT('Ctrl Pts',(223.904795155017,84.0565365136727,16.4318394686348));
#6978=CARTESIAN_POINT('Ctrl Pts',(220.544056939987,84.0565365136727,17.1470811112299));
#6979=CARTESIAN_POINT('Ctrl Pts',(230.274050931095,83.4,13.2410003168296));
#6980=CARTESIAN_POINT('Ctrl Pts',(226.896271656747,83.4,13.9127131212481));
#6981=CARTESIAN_POINT('Ctrl Pts',(223.524599222693,83.4,14.6081564219333));
#6982=CARTESIAN_POINT('Ctrl Pts',(220.156279061201,83.4,15.325011675436));
#6983=CARTESIAN_POINT('Ctrl Pts',(230.055213148833,83.4,12.1405512551103));
#6984=CARTESIAN_POINT('Ctrl Pts',(226.673068113601,83.4,12.8131322445845));
#6985=CARTESIAN_POINT('Ctrl Pts',(223.295618949032,83.4,13.5097630355902));
#6986=CARTESIAN_POINT('Ctrl Pts',(219.92272317519,83.4,14.2275920836238));
#6987=CARTESIAN_POINT('',(220.963527240104,88.4,19.1180651587422));
#6988=CARTESIAN_POINT('Origin',(219.92272317519,88.4,14.2275920836238));
#6989=CARTESIAN_POINT('Ctrl Pts',(231.030428362734,88.4,17.044524673327));
#6990=CARTESIAN_POINT('Ctrl Pts',(227.667711513057,88.4,17.7132421300053));
#6991=CARTESIAN_POINT('Ctrl Pts',(224.316060962947,88.4,18.4045696189653));
#6992=CARTESIAN_POINT('Ctrl Pts',(220.963527240104,88.4,19.1180651587422));
#6993=CARTESIAN_POINT('Ctrl Pts',(206.532639650456,87.8281080157124,-22.3217241857168));
#6994=CARTESIAN_POINT('Ctrl Pts',(209.131827009664,87.840683586583,-21.721172023629));
#6995=CARTESIAN_POINT('Ctrl Pts',(211.731763036986,87.9764192356082,-21.1328971098113));
#6996=CARTESIAN_POINT('Ctrl Pts',(216.537607969084,88.2615686016482,-20.0695409040521));
#6997=CARTESIAN_POINT('Ctrl Pts',(218.748749039611,88.4000000000004,-19.5895881124518));
#6998=CARTESIAN_POINT('Ctrl Pts',(220.962928600704,88.4,-19.118450507334));
#6999=CARTESIAN_POINT('Ctrl Pts',(206.535381780533,87.2277053921402,-22.3210906060939));
#7000=CARTESIAN_POINT('Ctrl Pts',(209.150427229949,87.2385302420232,-21.7168873252872));
#7001=CARTESIAN_POINT('Ctrl Pts',(211.765832149594,87.356989711606,-21.1250992081505));
#7002=CARTESIAN_POINT('Ctrl Pts',(216.575897223483,87.5865522339044,-20.0610762630788));
#7003=CARTESIAN_POINT('Ctrl Pts',(218.779722678078,87.6897060860516,-19.5828628608337));
#7004=CARTESIAN_POINT('Ctrl Pts',(220.962928600704,87.6520017491452,-19.118450507334));
#7005=CARTESIAN_POINT('Ctrl Pts',(206.491477446323,86.0281120364048,-22.1060950415205));
#7006=CARTESIAN_POINT('Ctrl Pts',(209.138558920208,86.035447628254,-21.493123384651));
#7007=CARTESIAN_POINT('Ctrl Pts',(211.78265396707,86.1197335212189,-20.8816694580411));
#7008=CARTESIAN_POINT('Ctrl Pts',(216.592912581407,86.2387659273207,-19.7721708254968));
#7009=CARTESIAN_POINT('Ctrl Pts',(218.776730916535,86.2719260315754,-19.2692230613615));
#7010=CARTESIAN_POINT('Ctrl Pts',(220.891663543352,86.1593178598052,-18.7835300261576));
#7011=CARTESIAN_POINT('Ctrl Pts',(206.252688474618,84.1952411419606,-21.0344535191571));
#7012=CARTESIAN_POINT('Ctrl Pts',(208.949933642767,84.19885481919,-20.4032957523924));
#7013=CARTESIAN_POINT('Ctrl Pts',(211.629557695493,84.2447801137635,-19.7194599699928));
#7014=CARTESIAN_POINT('Ctrl Pts',(216.410952959895,84.2556881560946,-18.4007578591013));
#7015=CARTESIAN_POINT('Ctrl Pts',(218.544362096564,84.2238473676949,-17.7716111541133));
#7016=CARTESIAN_POINT('Ctrl Pts',(220.543535431609,84.0565328298058,-17.1474514340665));
#7017=CARTESIAN_POINT('Ctrl Pts',(205.963917695996,83.341079287259,-19.7668694921573));
#7018=CARTESIAN_POINT('Ctrl Pts',(208.686057331071,83.3458975308313,-19.1230088303855));
#7019=CARTESIAN_POINT('Ctrl Pts',(211.374499365878,83.4031045807845,-18.3682144300401));
#7020=CARTESIAN_POINT('Ctrl Pts',(216.116750961002,83.4746479937302,-16.8408030000943));
#7021=CARTESIAN_POINT('Ctrl Pts',(218.209116678978,83.4899577759533,-16.0858901424576));
#7022=CARTESIAN_POINT('Ctrl Pts',(220.15582831262,83.3999999999999,-15.3253655525064));
#7023=CARTESIAN_POINT('Ctrl Pts',(205.77208395058,83.0663963424989,-18.93089439448));
#7024=CARTESIAN_POINT('Ctrl Pts',(208.503111581992,83.0737320921733,-18.2812194993131));
#7025=CARTESIAN_POINT('Ctrl Pts',(211.191006565162,83.1529112207714,-17.4885043647502));
#7026=CARTESIAN_POINT('Ctrl Pts',(215.911032897804,83.3192483509615,-15.8580124397997));
#7027=CARTESIAN_POINT('Ctrl Pts',(217.984083191006,83.4000000000003,-15.0442907951571));
#7028=CARTESIAN_POINT('Ctrl Pts',(219.922315214901,83.4,-14.2279368552428));
#7029=CARTESIAN_POINT('',(205.772083950587,83.0663963425093,-18.9308943945117));
#7030=CARTESIAN_POINT('',(206.532639650456,87.8281080157124,-22.3217241857168));
#7031=CARTESIAN_POINT('Origin',(205.407025849114,87.8281080157124,-17.4500721486529));
#7032=CARTESIAN_POINT('Ctrl Pts',(206.532639650456,87.8281080157124,-22.3217241857168));
#7033=CARTESIAN_POINT('Ctrl Pts',(209.131827009664,87.840683586583,-21.721172023629));
#7034=CARTESIAN_POINT('Ctrl Pts',(211.731763036986,87.9764192356082,-21.1328971098113));
#7035=CARTESIAN_POINT('Ctrl Pts',(216.537607969084,88.2615686016482,-20.0695409040521));
#7036=CARTESIAN_POINT('Ctrl Pts',(218.748749039611,88.4000000000004,-19.5895881124518));
#7037=CARTESIAN_POINT('Ctrl Pts',(220.962928600704,88.4,-19.118450507334));
#7038=CARTESIAN_POINT('Ctrl Pts',(219.922315214901,83.4,-14.2279368552428));
#7039=CARTESIAN_POINT('Ctrl Pts',(217.984083191006,83.4000000000003,-15.0442907951571));
#7040=CARTESIAN_POINT('Ctrl Pts',(215.911032897804,83.3192483509615,-15.8580124397997));
#7041=CARTESIAN_POINT('Ctrl Pts',(211.191006565162,83.1529112207714,-17.4885043647502));
#7042=CARTESIAN_POINT('Ctrl Pts',(208.503111581992,83.0737320921733,-18.2812194993131));
#7043=CARTESIAN_POINT('Ctrl Pts',(205.77208395058,83.0663963424989,-18.93089439448));
#7044=CARTESIAN_POINT('Ctrl Pts',(205.772084148812,83.0663966162513,18.9308952258857));
#7045=CARTESIAN_POINT('Ctrl Pts',(207.816011948818,83.0718868051449,18.4446723213186));
#7046=CARTESIAN_POINT('Ctrl Pts',(209.836659664301,83.1156784881129,17.879145587761));
#7047=CARTESIAN_POINT('Ctrl Pts',(213.397457286661,83.227843542507,16.7428377335471));
#7048=CARTESIAN_POINT('Ctrl Pts',(214.959293366576,83.2890648932596,16.19152154162));
#7049=CARTESIAN_POINT('Ctrl Pts',(217.65549434284,83.3726541613109,15.1637971958917));
#7050=CARTESIAN_POINT('Ctrl Pts',(218.811093469094,83.4,14.6958365254027));
#7051=CARTESIAN_POINT('Ctrl Pts',(219.92272317519,83.4,14.2275920836238));
#7052=CARTESIAN_POINT('Ctrl Pts',(205.899973258562,83.249518524475,19.488212054135));
#7053=CARTESIAN_POINT('Ctrl Pts',(207.939444607555,83.2537646591668,19.0048924372974));
#7054=CARTESIAN_POINT('Ctrl Pts',(209.958820200894,83.2886003706883,18.4540414099879));
#7055=CARTESIAN_POINT('Ctrl Pts',(213.525704836256,83.3668591014513,17.3596631012407));
#7056=CARTESIAN_POINT('Ctrl Pts',(215.093447133362,83.4061353190494,16.8326219404054));
#7057=CARTESIAN_POINT('Ctrl Pts',(217.801923660348,83.4357205455284,15.8520413158561));
#7058=CARTESIAN_POINT('Ctrl Pts',(218.96347734933,83.4339905433302,15.4060852779055));
#7059=CARTESIAN_POINT('Ctrl Pts',(220.078427099197,83.4,14.9592051448319));
#7060=CARTESIAN_POINT('Ctrl Pts',(206.139477470109,83.8242991350062,20.5367539933749));
#7061=CARTESIAN_POINT('Ctrl Pts',(208.166112099926,83.8271961370601,20.0604342985282));
#7062=CARTESIAN_POINT('Ctrl Pts',(210.17929165696,83.8524353219327,19.5414119107792));
#7063=CARTESIAN_POINT('Ctrl Pts',(213.75564092084,83.8912992300791,18.5410800842408));
#7064=CARTESIAN_POINT('Ctrl Pts',(215.335393524653,83.9043063532906,18.0692893269406));
#7065=CARTESIAN_POINT('Ctrl Pts',(218.07643839943,83.8644904957152,17.2015864354593));
#7066=CARTESIAN_POINT('Ctrl Pts',(219.256197868594,83.8240458461589,16.8101206473355));
#7067=CARTESIAN_POINT('Ctrl Pts',(220.389145391346,83.7424185110698,16.4191912199513));
#7068=CARTESIAN_POINT('Ctrl Pts',(206.449730495246,85.4288891586465,21.9129394178303));
#7069=CARTESIAN_POINT('Ctrl Pts',(208.442888242695,85.4330908177013,21.4504425300945));
#7070=CARTESIAN_POINT('Ctrl Pts',(210.432707867195,85.4687197153537,20.9829813030388));
#7071=CARTESIAN_POINT('Ctrl Pts',(214.008697429671,85.5334377839442,20.1330659799635));
#7072=CARTESIAN_POINT('Ctrl Pts',(215.603947932494,85.5602547539125,19.7501046129649));
#7073=CARTESIAN_POINT('Ctrl Pts',(218.411888934657,85.5368160541275,19.0690306831126));
#7074=CARTESIAN_POINT('Ctrl Pts',(219.63509721717,85.500486121841,18.769761717254));
#7075=CARTESIAN_POINT('Ctrl Pts',(220.826862832969,85.415124803522,18.475913935519));
#7076=CARTESIAN_POINT('Ctrl Pts',(206.536752643906,86.9275044578333,22.3207753671037));
#7077=CARTESIAN_POINT('Ctrl Pts',(208.499818534417,86.9349471823373,21.8672344855089));
#7078=CARTESIAN_POINT('Ctrl Pts',(210.463036630133,86.9954116784293,21.4198118926152));
#7079=CARTESIAN_POINT('Ctrl Pts',(214.019984268342,87.1396027020325,20.6240303939766));
#7080=CARTESIAN_POINT('Ctrl Pts',(215.617213236543,87.2151194606334,20.2714142936451));
#7081=CARTESIAN_POINT('Ctrl Pts',(218.465890731933,87.2952315554213,19.6519317197047));
#7082=CARTESIAN_POINT('Ctrl Pts',(219.720228969859,87.3106003807578,19.3819775126652));
#7083=CARTESIAN_POINT('Ctrl Pts',(220.963527240104,87.2780026237179,19.1180651587422));
#7084=CARTESIAN_POINT('Ctrl Pts',(206.532639416765,87.8281084850024,22.3217257434231));
#7085=CARTESIAN_POINT('Ctrl Pts',(208.477897210564,87.8375202373914,21.8722667471424));
#7086=CARTESIAN_POINT('Ctrl Pts',(210.423987847868,87.9125916939078,21.4295865999395));
#7087=CARTESIAN_POINT('Ctrl Pts',(213.964176540407,88.1048746442979,20.6374177478623));
#7088=CARTESIAN_POINT('Ctrl Pts',(215.559209461106,88.2098255313021,20.2853294546816));
#7089=CARTESIAN_POINT('Ctrl Pts',(218.424554013907,88.3531214193903,19.6615519300922));
#7090=CARTESIAN_POINT('Ctrl Pts',(219.693670622678,88.4,19.3883195715513));
#7091=CARTESIAN_POINT('Ctrl Pts',(220.963527240104,88.4,19.1180651587422));
#7092=CARTESIAN_POINT('',(206.532639416765,87.8281084850024,22.3217257434231));
#7093=CARTESIAN_POINT('Origin',(205.407026193754,87.8281084850024,17.4500735727337));
#7094=CARTESIAN_POINT('Ctrl Pts',(220.963527240104,88.4,19.1180651587422));
#7095=CARTESIAN_POINT('Ctrl Pts',(219.693670622678,88.4,19.3883195715513));
#7096=CARTESIAN_POINT('Ctrl Pts',(218.424554013907,88.3531214193903,19.6615519300922));
#7097=CARTESIAN_POINT('Ctrl Pts',(215.559209461106,88.2098255313021,20.2853294546816));
#7098=CARTESIAN_POINT('Ctrl Pts',(213.964176540407,88.1048746442979,20.6374177478623));
#7099=CARTESIAN_POINT('Ctrl Pts',(210.423987847868,87.9125916939078,21.4295865999395));
#7100=CARTESIAN_POINT('Ctrl Pts',(208.477897210564,87.8375202373914,21.8722667471424));
#7101=CARTESIAN_POINT('Ctrl Pts',(206.532639416765,87.8281084850024,22.3217257434231));
#7102=CARTESIAN_POINT('Ctrl Pts',(185.155305025732,87.6984532837278,-27.4621645674103));
#7103=CARTESIAN_POINT('Ctrl Pts',(188.759095005841,87.7313344273472,-26.5846809985558));
#7104=CARTESIAN_POINT('Ctrl Pts',(192.363690124229,87.7569862912332,-25.7070056233954));
#7105=CARTESIAN_POINT('Ctrl Pts',(199.496559624816,87.7933180482897,-23.9702204478133));
#7106=CARTESIAN_POINT('Ctrl Pts',(203.006636763609,87.8110482610782,-23.1364206137223));
#7107=CARTESIAN_POINT('Ctrl Pts',(206.532639646871,87.8281080156952,-22.321724186545));
#7108=CARTESIAN_POINT('Ctrl Pts',(185.165372247228,86.5296651294204,-27.4597133087368));
#7109=CARTESIAN_POINT('Ctrl Pts',(188.767783884802,86.5547511193017,-26.5827311442569));
#7110=CARTESIAN_POINT('Ctrl Pts',(192.37086563372,86.574170822632,-25.7052790656308));
#7111=CARTESIAN_POINT('Ctrl Pts',(199.501343679364,86.6014530371497,-23.9691155982049));
#7112=CARTESIAN_POINT('Ctrl Pts',(203.012243507831,86.6147223360868,-23.1349986898432));
#7113=CARTESIAN_POINT('Ctrl Pts',(206.538123906952,86.6273027685557,-22.3204570273163));
#7114=CARTESIAN_POINT('Ctrl Pts',(185.005961088882,84.4925226315328,-26.7286820587179));
#7115=CARTESIAN_POINT('Ctrl Pts',(188.603430904289,84.5044366695799,-25.8421269065175));
#7116=CARTESIAN_POINT('Ctrl Pts',(192.201774317591,84.5130065633671,-24.9572912877935));
#7117=CARTESIAN_POINT('Ctrl Pts',(199.32625014019,84.5248274907537,-23.2099821564218));
#7118=CARTESIAN_POINT('Ctrl Pts',(202.84207959012,84.5302761614454,-22.3685880564862));
#7119=CARTESIAN_POINT('Ctrl Pts',(206.369556609555,84.5353183237684,-21.5473394018865));
#7120=CARTESIAN_POINT('Ctrl Pts',(184.604098990403,83.286003832863,-25.0330396847811));
#7121=CARTESIAN_POINT('Ctrl Pts',(188.195278691359,83.3004094094289,-24.1274072407845));
#7122=CARTESIAN_POINT('Ctrl Pts',(191.787892022672,83.3113961534923,-23.2270928281331));
#7123=CARTESIAN_POINT('Ctrl Pts',(198.906849897336,83.3267416573395,-21.4568659710197));
#7124=CARTESIAN_POINT('Ctrl Pts',(202.43190461238,83.3341335850609,-20.6010881122504));
#7125=CARTESIAN_POINT('Ctrl Pts',(205.96391769213,83.3410792872526,-19.7668694930726));
#7126=CARTESIAN_POINT('Ctrl Pts',(184.411369246291,82.9907644155079,-24.2304430831112));
#7127=CARTESIAN_POINT('Ctrl Pts',(188.000285928909,83.0099450826192,-23.3173157524223));
#7128=CARTESIAN_POINT('Ctrl Pts',(191.590866502769,83.0249086698861,-22.4109415731189));
#7129=CARTESIAN_POINT('Ctrl Pts',(198.708265155193,83.0461021948356,-20.6317320635914));
#7130=CARTESIAN_POINT('Ctrl Pts',(202.237684389609,83.0564448189622,-19.7702084378726));
#7131=CARTESIAN_POINT('Ctrl Pts',(205.772083946695,83.0663963424888,-18.9308943954051));
#7132=CARTESIAN_POINT('',(184.595430899796,83.3543164677942,-25.));
#7133=CARTESIAN_POINT('',(195.267316591937,87.771673833009,-25.));
#7134=CARTESIAN_POINT('Ctrl Pts',(184.595430899796,83.3543164677942,-25.));
#7135=CARTESIAN_POINT('Ctrl Pts',(186.679235011544,83.6531638005109,-25.));
#7136=CARTESIAN_POINT('Ctrl Pts',(188.948193093485,84.0886784764589,-25.));
#7137=CARTESIAN_POINT('Ctrl Pts',(190.893683366291,84.7005947997964,-25.));
#7138=CARTESIAN_POINT('Ctrl Pts',(191.944092228931,85.0309805838904,-25.));
#7139=CARTESIAN_POINT('Ctrl Pts',(193.49829908316,85.6005815064007,-25.0000000000782));
#7140=CARTESIAN_POINT('Ctrl Pts',(194.690497175892,86.5899719621273,-25.0000000000782));
#7141=CARTESIAN_POINT('Ctrl Pts',(194.924464462126,86.8313100533713,-25.000000000001));
#7142=CARTESIAN_POINT('Ctrl Pts',(195.138796735341,87.2105228842992,-25.000000000001));
#7143=CARTESIAN_POINT('Ctrl Pts',(195.186953984405,87.3206138712133,-25.));
#7144=CARTESIAN_POINT('Ctrl Pts',(195.250828899501,87.5456563054242,-25.));
#7145=CARTESIAN_POINT('Ctrl Pts',(195.267316591937,87.6576425455577,-25.));
#7146=CARTESIAN_POINT('Ctrl Pts',(195.267316591937,87.771673833009,-25.));
#7147=CARTESIAN_POINT('',(195.96682919061,87.7753249201922,-24.8296763088496));
#7148=CARTESIAN_POINT('Ctrl Pts',(195.265109282786,87.7716733135767,-25.0005378331498));
#7149=CARTESIAN_POINT('Ctrl Pts',(195.498082055006,87.7729210069725,-24.943811272931));
#7150=CARTESIAN_POINT('Ctrl Pts',(195.731038174591,87.7741381080834,-24.8870887337884));
#7151=CARTESIAN_POINT('Ctrl Pts',(195.963976256438,87.7753245940829,-24.830370549424));
#7152=CARTESIAN_POINT('Ctrl Pts',(195.963976256438,87.7753245940829,-24.830370549424));
#7153=CARTESIAN_POINT('Ctrl Pts',(199.496559624816,87.7933180482897,-23.9702204478133));
#7154=CARTESIAN_POINT('Ctrl Pts',(203.006636763609,87.8110482610782,-23.1364206137223));
#7155=CARTESIAN_POINT('Ctrl Pts',(206.532639646871,87.8281080156952,-22.321724186545));
#7156=CARTESIAN_POINT('',(192.987515874183,83.0285352344261,-22.0628877056065));
#7157=CARTESIAN_POINT('Ctrl Pts',(205.772083946695,83.0663963424888,-18.9308943954051));
#7158=CARTESIAN_POINT('Ctrl Pts',(202.237684389609,83.0564448189622,-19.7702084378726));
#7159=CARTESIAN_POINT('Ctrl Pts',(198.708265155193,83.0461021948356,-20.6317320635914));
#7160=CARTESIAN_POINT('Ctrl Pts',(194.451323524547,83.0334262716418,-21.6958836448955));
#7161=CARTESIAN_POINT('Ctrl Pts',(193.719382011842,83.0310693952937,-21.8792199758055));
#7162=CARTESIAN_POINT('Ctrl Pts',(192.987517281032,83.0285358001151,-22.0628886828236));
#7163=CARTESIAN_POINT('',(189.887517609186,83.1643116830377,-23.2326599705587));
#7164=CARTESIAN_POINT('Ctrl Pts',(192.987517281024,83.0285358001151,-22.0628886828257));
#7165=CARTESIAN_POINT('Ctrl Pts',(192.98277919445,83.0287394578578,-22.064747870597));
#7166=CARTESIAN_POINT('Ctrl Pts',(192.978040672026,83.0289431852278,-22.0666069101411));
#7167=CARTESIAN_POINT('Ctrl Pts',(192.973302374785,83.0291469533901,-22.0684655420071));
#7168=CARTESIAN_POINT('Ctrl Pts',(192.4637729233,83.0510590189865,-22.2683322086849));
#7169=CARTESIAN_POINT('Ctrl Pts',(191.953190364296,83.0735999527222,-22.464919540239));
#7170=CARTESIAN_POINT('Ctrl Pts',(191.441212255197,83.0962477424205,-22.6581688051496));
#7171=CARTESIAN_POINT('Ctrl Pts',(190.924593031532,83.1191008357923,-22.8531698871048));
#7172=CARTESIAN_POINT('Ctrl Pts',(190.406704309673,83.1420562662137,-23.0447144751862));
#7173=CARTESIAN_POINT('Ctrl Pts',(189.887501834642,83.1645599317772,-23.232627662095));
#7174=CARTESIAN_POINT('Ctrl Pts',(189.887517609186,83.1643116830377,-23.2326599705587));
#7175=CARTESIAN_POINT('Ctrl Pts',(188.15507237019,83.2391990850262,-23.8596975085042));
#7176=CARTESIAN_POINT('Ctrl Pts',(186.38094376115,83.3103122650264,-24.4559223415175));
#7177=CARTESIAN_POINT('Ctrl Pts',(184.595430899796,83.3543164677943,-25.0000000000001));
#7178=CARTESIAN_POINT('Ctrl Pts',(184.411369246245,82.9907644155077,24.230443083123));
#7179=CARTESIAN_POINT('Ctrl Pts',(188.00028592887,83.0099450826191,23.3173157524324));
#7180=CARTESIAN_POINT('Ctrl Pts',(191.590866506561,83.0249086757495,22.4109415918904));
#7181=CARTESIAN_POINT('Ctrl Pts',(198.708265154808,83.0461021871018,20.6317320382033));
#7182=CARTESIAN_POINT('Ctrl Pts',(202.237684531125,83.0564450163861,19.7702090237069));
#7183=CARTESIAN_POINT('Ctrl Pts',(205.772084148812,83.0663966162515,18.9308952258857));
#7184=CARTESIAN_POINT('Ctrl Pts',(184.668342238395,83.3844169719812,25.3005718853494));
#7185=CARTESIAN_POINT('Ctrl Pts',(188.260297957911,83.3971214805616,24.3975416034985));
#7186=CARTESIAN_POINT('Ctrl Pts',(191.853587556424,83.4068789280898,23.4991533558957));
#7187=CARTESIAN_POINT('Ctrl Pts',(198.97307264744,83.4202545296794,21.7319385679774));
#7188=CARTESIAN_POINT('Ctrl Pts',(202.496650334997,83.4267661740222,20.877981104275));
#7189=CARTESIAN_POINT('Ctrl Pts',(206.027862368311,83.4326404326987,20.0455288823843));
#7190=CARTESIAN_POINT('Ctrl Pts',(185.050567811154,84.7747977632137,26.9224575254327));
#7191=CARTESIAN_POINT('Ctrl Pts',(188.649059256769,84.7883441733141,26.0385997120201));
#7192=CARTESIAN_POINT('Ctrl Pts',(192.248352201492,84.7981985747525,25.1559359699126));
#7193=CARTESIAN_POINT('Ctrl Pts',(199.373921013062,84.8118862873168,23.4118550913563));
#7194=CARTESIAN_POINT('Ctrl Pts',(202.888653820198,84.8182451561283,22.5724634368215));
#7195=CARTESIAN_POINT('Ctrl Pts',(206.415698461274,84.8242054022983,21.7530580792664));
#7196=CARTESIAN_POINT('Ctrl Pts',(185.162855441808,86.8218621679971,27.4603261234166));
#7197=CARTESIAN_POINT('Ctrl Pts',(188.765594003054,86.8489733228297,26.5831357760791));
#7198=CARTESIAN_POINT('Ctrl Pts',(192.369055689481,86.8698837859073,25.7057027945384));
#7199=CARTESIAN_POINT('Ctrl Pts',(199.500125029199,86.8994427331857,23.9693696090245));
#7200=CARTESIAN_POINT('Ctrl Pts',(203.010836460553,86.9137554797535,23.13540965846));
#7201=CARTESIAN_POINT('Ctrl Pts',(206.536752643906,86.9275044578334,22.3207753671037));
#7202=CARTESIAN_POINT('Ctrl Pts',(185.155305025687,87.6984532837275,27.4621645674217));
#7203=CARTESIAN_POINT('Ctrl Pts',(188.759095005802,87.731334427347,26.5846809985656));
#7204=CARTESIAN_POINT('Ctrl Pts',(192.363690166295,87.7569863012848,25.7070056462418));
#7205=CARTESIAN_POINT('Ctrl Pts',(199.496559421577,87.7933180350316,23.9702204545478));
#7206=CARTESIAN_POINT('Ctrl Pts',(203.006635562668,87.8110485995191,23.1364219539694));
#7207=CARTESIAN_POINT('Ctrl Pts',(206.532639416765,87.8281084850025,22.3217257434231));
#7208=CARTESIAN_POINT('',(189.887517609184,83.1643116830378,23.2326599705595));
#7209=CARTESIAN_POINT('',(192.987515874183,83.0285352344261,22.0628877056065));
#7210=CARTESIAN_POINT('Ctrl Pts',(189.887433230839,83.1647775334238,23.2323434889459));
#7211=CARTESIAN_POINT('Ctrl Pts',(190.406655579663,83.142213129621,23.0445091912464));
#7212=CARTESIAN_POINT('Ctrl Pts',(190.924561928354,83.1192032572266,22.8530353877749));
#7213=CARTESIAN_POINT('Ctrl Pts',(191.441193682151,83.0963105253945,22.6580859892223));
#7214=CARTESIAN_POINT('Ctrl Pts',(191.95318563388,83.0736233901864,22.4648874056667));
#7215=CARTESIAN_POINT('Ctrl Pts',(192.463781822989,83.0510574137556,22.2683301111143));
#7216=CARTESIAN_POINT('Ctrl Pts',(192.973302412357,83.029146913783,22.0684655805097));
#7217=CARTESIAN_POINT('Ctrl Pts',(192.978040521486,83.0289431647254,22.0666070099698));
#7218=CARTESIAN_POINT('Ctrl Pts',(192.982779385267,83.028739435955,22.0647478208677));
#7219=CARTESIAN_POINT('Ctrl Pts',(192.987517282229,83.0285358018795,22.0628886886035));
#7220=CARTESIAN_POINT('Ctrl Pts',(192.987517282236,83.0285358018795,22.0628886886015));
#7221=CARTESIAN_POINT('Ctrl Pts',(193.719382012725,83.0310693965583,21.8792199800201));
#7222=CARTESIAN_POINT('Ctrl Pts',(194.45132352487,83.0334262720352,21.6958836463671));
#7223=CARTESIAN_POINT('Ctrl Pts',(198.708265154808,83.0461021871018,20.6317320382033));
#7224=CARTESIAN_POINT('Ctrl Pts',(202.237684531125,83.0564450163861,19.7702090237069));
#7225=CARTESIAN_POINT('Ctrl Pts',(205.772084148812,83.0663966162515,18.9308952258857));
#7226=CARTESIAN_POINT('',(195.966829190611,87.7753249201922,24.8296763088496));
#7227=CARTESIAN_POINT('Ctrl Pts',(206.532639416765,87.8281084850025,22.3217257434231));
#7228=CARTESIAN_POINT('Ctrl Pts',(203.006635562668,87.8110485995191,23.1364219539694));
#7229=CARTESIAN_POINT('Ctrl Pts',(199.496559421577,87.7933180350316,23.9702204545478));
#7230=CARTESIAN_POINT('Ctrl Pts',(195.963976172422,87.7753245923575,24.8303705646898));
#7231=CARTESIAN_POINT('',(195.267316591937,87.7716738330089,25.));
#7232=CARTESIAN_POINT('Ctrl Pts',(195.963976172422,87.7753245923575,24.8303705646898));
#7233=CARTESIAN_POINT('Ctrl Pts',(195.731038098741,87.77413810712,24.8870887495424));
#7234=CARTESIAN_POINT('Ctrl Pts',(195.498081986619,87.7729210066797,24.9438112890459));
#7235=CARTESIAN_POINT('Ctrl Pts',(195.265109221215,87.7716733138718,25.0005378495126));
#7236=CARTESIAN_POINT('',(184.595430899797,83.3543164677942,25.));
#7237=CARTESIAN_POINT('Ctrl Pts',(195.267316591937,87.771673833009,25.));
#7238=CARTESIAN_POINT('Ctrl Pts',(195.267316591937,87.6133903498687,25.));
#7239=CARTESIAN_POINT('Ctrl Pts',(195.235552704383,87.4601263403233,25.));
#7240=CARTESIAN_POINT('Ctrl Pts',(195.105099140324,87.1244256330717,25.));
#7241=CARTESIAN_POINT('Ctrl Pts',(194.992815637621,86.9517737782338,25.));
#7242=CARTESIAN_POINT('Ctrl Pts',(194.635780951573,86.5240607699679,25.));
#7243=CARTESIAN_POINT('Ctrl Pts',(194.338479431063,86.2861378937535,25.0000000000577));
#7244=CARTESIAN_POINT('Ctrl Pts',(193.111565022544,85.4640061223255,25.0000000000577));
#7245=CARTESIAN_POINT('Ctrl Pts',(191.841887385305,84.99883402782,25.));
#7246=CARTESIAN_POINT('Ctrl Pts',(190.893683366292,84.7005947997966,25.));
#7247=CARTESIAN_POINT('Ctrl Pts',(188.948193093533,84.0886784764739,25.));
#7248=CARTESIAN_POINT('Ctrl Pts',(186.679235011632,83.6531638005233,25.));
#7249=CARTESIAN_POINT('Ctrl Pts',(184.595430899797,83.3543164677943,25.));
#7250=CARTESIAN_POINT('Ctrl Pts',(184.595430899797,83.3543164677942,25.));
#7251=CARTESIAN_POINT('Ctrl Pts',(186.380943761152,83.3103122650264,24.4559223415173));
#7252=CARTESIAN_POINT('Ctrl Pts',(188.155072370191,83.2391990850262,23.859697508504));
#7253=CARTESIAN_POINT('Ctrl Pts',(189.887517609184,83.1643116830377,23.2326599705594));
#7254=CARTESIAN_POINT('Ctrl Pts',(180.097110041293,76.4,-19.));
#7255=CARTESIAN_POINT('Ctrl Pts',(183.025832613954,76.6843283604914,-19.));
#7256=CARTESIAN_POINT('Ctrl Pts',(185.97524468889,76.9884838016855,-18.7208584350836));
#7257=CARTESIAN_POINT('Ctrl Pts',(188.896509833013,77.3065692674401,-18.1891891891629));
#7258=CARTESIAN_POINT('Ctrl Pts',(180.097110041293,77.8522375393896,-19.));
#7259=CARTESIAN_POINT('Ctrl Pts',(183.025423879198,78.0990671058268,-19.0596688946688));
#7260=CARTESIAN_POINT('Ctrl Pts',(185.987499091531,78.3593796709849,-18.8375787222285));
#7261=CARTESIAN_POINT('Ctrl Pts',(188.929774446802,78.6275153215283,-18.3584806031514));
#7262=CARTESIAN_POINT('Ctrl Pts',(180.097110041293,80.2658918284462,-19.7810475431015));
#7263=CARTESIAN_POINT('Ctrl Pts',(183.078481588993,80.4191926650542,-19.8963581072224));
#7264=CARTESIAN_POINT('Ctrl Pts',(186.10182323938,80.5785889576149,-19.7224472460211));
#7265=CARTESIAN_POINT('Ctrl Pts',(189.110067129211,80.7400857486286,-19.2760323092912));
#7266=CARTESIAN_POINT('Ctrl Pts',(180.097110041293,82.6017255347345,-22.3395216397406));
#7267=CARTESIAN_POINT('Ctrl Pts',(183.250974588488,82.6430446607834,-22.4304480022803));
#7268=CARTESIAN_POINT('Ctrl Pts',(186.433943494059,82.6857067985671,-22.2078616817321));
#7269=CARTESIAN_POINT('Ctrl Pts',(189.585231582421,82.7284504126971,-21.69425555006));
#7270=CARTESIAN_POINT('Ctrl Pts',(180.097110041293,83.2363459816073,-24.2106693349156));
#7271=CARTESIAN_POINT('Ctrl Pts',(183.377319128673,83.2447241533757,-24.2565402542952));
#7272=CARTESIAN_POINT('Ctrl Pts',(186.671270498194,83.253564201894,-23.9732868040221));
#7273=CARTESIAN_POINT('Ctrl Pts',(189.918073172354,83.2622458097228,-23.388164391161));
#7274=CARTESIAN_POINT('Ctrl Pts',(180.097110041293,83.3508609481983,-25.1720313539681));
#7275=CARTESIAN_POINT('Ctrl Pts',(183.442206961542,83.3533992888409,-25.1933409203759));
#7276=CARTESIAN_POINT('Ctrl Pts',(186.792914070625,83.3560150406349,-24.8774529972113));
#7277=CARTESIAN_POINT('Ctrl Pts',(190.088294821668,83.3586430597455,-24.254462250086));
#7278=CARTESIAN_POINT('',(188.896509833013,77.3065692674401,-18.1891891891629));
#7279=CARTESIAN_POINT('Origin',(190.23478792921,76.4,-24.9999999999676));
#7280=CARTESIAN_POINT('',(180.097110041293,76.4,-19.));
#7281=CARTESIAN_POINT('Ctrl Pts',(188.896509833013,77.3065692674401,-18.1891891891629));
#7282=CARTESIAN_POINT('Ctrl Pts',(185.97524468889,76.9884838016855,-18.7208584350836));
#7283=CARTESIAN_POINT('Ctrl Pts',(183.025832613954,76.6843283604914,-19.));
#7284=CARTESIAN_POINT('Ctrl Pts',(180.097110041293,76.4,-19.));
#7285=CARTESIAN_POINT('',(180.097110041293,83.3282032302755,-25.));
#7286=CARTESIAN_POINT('Origin',(180.097110041293,76.4,-26.));
#7287=CARTESIAN_POINT('Ctrl Pts',(180.09711004131,83.3282032302755,-25.));
#7288=CARTESIAN_POINT('Ctrl Pts',(180.806184512238,83.3282032302755,-25.));
#7289=CARTESIAN_POINT('Ctrl Pts',(181.520028620071,83.3304001007883,-24.9999999999951));
#7290=CARTESIAN_POINT('Ctrl Pts',(183.033338447064,83.3394482913283,-24.9999999999951));
#7291=CARTESIAN_POINT('Ctrl Pts',(183.83955844469,83.3466057001846,-25.));
#7292=CARTESIAN_POINT('Ctrl Pts',(184.595430899796,83.3543164677942,-25.));
#7293=CARTESIAN_POINT('Ctrl Pts',(188.896509833013,77.30656926744,-18.1891891891629));
#7294=CARTESIAN_POINT('Ctrl Pts',(189.872400864914,77.4128303351943,-18.0115773588655));
#7295=CARTESIAN_POINT('Ctrl Pts',(190.84522384881,77.5206159477524,-17.8057826543236));
#7296=CARTESIAN_POINT('Ctrl Pts',(191.813321382099,77.629613846134,-17.5727244159798));
#7297=CARTESIAN_POINT('Ctrl Pts',(188.925992040161,78.4773150167805,-18.3392310494747));
#7298=CARTESIAN_POINT('Ctrl Pts',(189.908128423889,78.5688648634686,-18.1770611557319));
#7299=CARTESIAN_POINT('Ctrl Pts',(190.888119033907,78.6611489133026,-17.9858996187767));
#7300=CARTESIAN_POINT('Ctrl Pts',(191.864091925255,78.7542733500733,-17.7668728561372));
#7301=CARTESIAN_POINT('Ctrl Pts',(189.130735554499,81.1181357110981,-19.3812187685178));
#7302=CARTESIAN_POINT('Ctrl Pts',(190.138671653597,81.1663068391853,-19.2356176608814));
#7303=CARTESIAN_POINT('Ctrl Pts',(191.145148590161,81.2145116124189,-19.0594630688309));
#7304=CARTESIAN_POINT('Ctrl Pts',(192.148152817879,81.2627223378847,-18.8531322456023));
#7305=CARTESIAN_POINT('Ctrl Pts',(189.594211338445,82.7592486375263,-21.7399556325619));
#7306=CARTESIAN_POINT('Ctrl Pts',(190.647715133875,82.7724796881837,-21.5675569122804));
#7307=CARTESIAN_POINT('Ctrl Pts',(191.697825433515,82.7865002680443,-21.3619471228198));
#7308=CARTESIAN_POINT('Ctrl Pts',(192.742308636302,82.7997555753599,-21.1252061330268));
#7309=CARTESIAN_POINT('Ctrl Pts',(189.887517609186,83.1643116830377,-23.2326599705587));
#7310=CARTESIAN_POINT('Ctrl Pts',(190.969198516913,83.1692915330126,-23.039176876228));
#7311=CARTESIAN_POINT('Ctrl Pts',(192.04587178023,83.1742800745225,-22.8121133898656));
#7312=CARTESIAN_POINT('Ctrl Pts',(193.11552804512,83.1792620118786,-22.552410995391));
#7313=CARTESIAN_POINT('',(191.813321382099,77.6296138461338,-17.5727244159798));
#7314=CARTESIAN_POINT('Origin',(193.556758715973,76.4,-24.2396934463751));
#7315=CARTESIAN_POINT('Ctrl Pts',(191.813321382099,77.629613846134,-17.5727244159798));
#7316=CARTESIAN_POINT('Ctrl Pts',(190.84522384881,77.5206159477524,-17.8057826543236));
#7317=CARTESIAN_POINT('Ctrl Pts',(189.872400864914,77.4128303351943,-18.0115773588655));
#7318=CARTESIAN_POINT('Ctrl Pts',(188.896509833013,77.30656926744,-18.1891891891629));
#7319=CARTESIAN_POINT('Ctrl Pts',(191.813321382099,77.629613846134,-17.5727244159798));
#7320=CARTESIAN_POINT('Ctrl Pts',(196.078088163549,77.6721973326072,-16.4653257841874));
#7321=CARTESIAN_POINT('Ctrl Pts',(200.353370622467,77.7163257695276,-15.3847776743594));
#7322=CARTESIAN_POINT('Ctrl Pts',(204.639597965127,77.7602243939043,-14.3370765092971));
#7323=CARTESIAN_POINT('Ctrl Pts',(191.861316458884,78.692791742076,-17.7562593697893));
#7324=CARTESIAN_POINT('Ctrl Pts',(196.126766699414,78.7295079989495,-16.6546207070808));
#7325=CARTESIAN_POINT('Ctrl Pts',(200.402573097503,78.7674480346275,-15.5799385932491));
#7326=CARTESIAN_POINT('Ctrl Pts',(204.6891449281,78.8051821670822,-14.5380588864853));
#7327=CARTESIAN_POINT('Ctrl Pts',(192.120875984185,81.0708282205313,-18.7488246218364));
#7328=CARTESIAN_POINT('Ctrl Pts',(196.384014704384,81.0911219976526,-17.6554752080078));
#7329=CARTESIAN_POINT('Ctrl Pts',(200.656978567135,81.1120051910738,-16.5893751927075));
#7330=CARTESIAN_POINT('Ctrl Pts',(204.94004962687,81.1327364411522,-15.5558290943978));
#7331=CARTESIAN_POINT('Ctrl Pts',(192.662879484768,82.6121001081512,-20.8214661114621));
#7332=CARTESIAN_POINT('Ctrl Pts',(196.915779058999,82.618920320482,-19.7246013049476));
#7333=CARTESIAN_POINT('Ctrl Pts',(201.17733630206,82.6261785840369,-18.6546592693782));
#7334=CARTESIAN_POINT('Ctrl Pts',(205.448314139094,82.6331449118111,-17.617554047409));
#7335=CARTESIAN_POINT('Ctrl Pts',(193.009343499782,83.0571976530588,-22.1463573555403));
#7336=CARTESIAN_POINT('Ctrl Pts',(197.255249250105,83.0602113282816,-21.0456211705078));
#7337=CARTESIAN_POINT('Ctrl Pts',(201.509237929104,83.06331955044,-19.9718942051129));
#7338=CARTESIAN_POINT('Ctrl Pts',(205.772083946709,83.0663963425094,-18.9308943954678));
#7339=CARTESIAN_POINT('',(204.639597965185,77.7602243954564,-14.3370765095995));
#7340=CARTESIAN_POINT('Origin',(206.283165288354,76.4,-21.0040455396923));
#7341=CARTESIAN_POINT('Ctrl Pts',(204.639597965127,77.7602243939043,-14.3370765092971));
#7342=CARTESIAN_POINT('Ctrl Pts',(200.353370622467,77.7163257695276,-15.3847776743594));
#7343=CARTESIAN_POINT('Ctrl Pts',(196.078088163549,77.6721973326072,-16.4653257841874));
#7344=CARTESIAN_POINT('Ctrl Pts',(191.813321382099,77.629613846134,-17.5727244159798));
#7345=CARTESIAN_POINT('Ctrl Pts',(204.639597971552,77.7602243956878,-14.3370765080771));
#7346=CARTESIAN_POINT('Ctrl Pts',(205.84850653844,78.0059472527734,-14.0891850918147));
#7347=CARTESIAN_POINT('Ctrl Pts',(209.447582393809,78.7466282793742,-13.1554990488785));
#7348=CARTESIAN_POINT('Ctrl Pts',(215.167243700867,79.9552162915229,-10.6923678861833));
#7349=CARTESIAN_POINT('Ctrl Pts',(219.897151870049,80.9638788051303,-6.9422822262971));
#7350=CARTESIAN_POINT('Ctrl Pts',(222.200280221104,81.453646528388,-3.15456546139278));
#7351=CARTESIAN_POINT('Ctrl Pts',(222.618062214852,81.5424569281734,-1.086366352715));
#7352=CARTESIAN_POINT('Ctrl Pts',(222.618062214852,81.5424569281734,-0.0507143019118952));
#7353=CARTESIAN_POINT('Ctrl Pts',(204.724883551311,79.5589184816323,-14.6830290651772));
#7354=CARTESIAN_POINT('Ctrl Pts',(205.961251291306,79.744693233046,-14.4864977989656));
#7355=CARTESIAN_POINT('Ctrl Pts',(209.658625933157,80.2968596418215,-13.681041803063));
#7356=CARTESIAN_POINT('Ctrl Pts',(215.589610339707,81.1545842211069,-11.2994324118987));
#7357=CARTESIAN_POINT('Ctrl Pts',(220.514629616634,81.83518254296,-7.40722747619003));
#7358=CARTESIAN_POINT('Ctrl Pts',(222.91345154926,82.1583552947211,-3.37786803304702));
#7359=CARTESIAN_POINT('Ctrl Pts',(223.348452985239,82.2169963653448,-1.16063367768405));
#7360=CARTESIAN_POINT('Ctrl Pts',(223.348452985239,82.2169963653448,-0.0507143019118922));
#7361=CARTESIAN_POINT('Ctrl Pts',(205.185056363661,82.4285866223156,-16.5496747699952));
#7362=CARTESIAN_POINT('Ctrl Pts',(206.503081850187,82.4808325711341,-16.347813783912));
#7363=CARTESIAN_POINT('Ctrl Pts',(210.441959234863,82.6326879312964,-15.4934251333455));
#7364=CARTESIAN_POINT('Ctrl Pts',(216.730842914775,82.8577465272009,-12.8445704538877));
#7365=CARTESIAN_POINT('Ctrl Pts',(221.912202288496,83.0270881070391,-8.43406633838393));
#7366=CARTESIAN_POINT('Ctrl Pts',(224.426017497219,83.1060834625628,-3.84448969821415));
#7367=CARTESIAN_POINT('Ctrl Pts',(224.881502241718,83.1200648665694,-1.31671290770888));
#7368=CARTESIAN_POINT('Ctrl Pts',(224.881502241718,83.1200648665694,-0.0507143019118894));
#7369=CARTESIAN_POINT('Ctrl Pts',(205.953992187412,83.4,-19.6687872298493));
#7370=CARTESIAN_POINT('Ctrl Pts',(207.381808997937,83.3996620368033,-19.3533011063512));
#7371=CARTESIAN_POINT('Ctrl Pts',(211.611686937751,83.3995441874538,-18.137993667066));
#7372=CARTESIAN_POINT('Ctrl Pts',(218.222504516732,83.3993808357768,-14.8139164225575));
#7373=CARTESIAN_POINT('Ctrl Pts',(223.573951219816,83.3997614829442,-9.64090772233117));
#7374=CARTESIAN_POINT('Ctrl Pts',(226.155037556205,83.3998246902255,-4.37531360089207));
#7375=CARTESIAN_POINT('Ctrl Pts',(226.621621799718,83.4,-1.4938043300599));
#7376=CARTESIAN_POINT('Ctrl Pts',(226.621621799718,83.4,-0.0507143019118918));
#7377=CARTESIAN_POINT('Ctrl Pts',(206.283165296757,83.4,-21.0040455376208));
#7378=CARTESIAN_POINT('Ctrl Pts',(207.757967743461,83.4,-20.640471460436));
#7379=CARTESIAN_POINT('Ctrl Pts',(212.112423640986,83.4,-19.2710652641299));
#7380=CARTESIAN_POINT('Ctrl Pts',(218.861509163978,83.4,-15.6584728921772));
#7381=CARTESIAN_POINT('Ctrl Pts',(224.285999475083,83.3999999999999,-10.1583472576787));
#7382=CARTESIAN_POINT('Ctrl Pts',(226.896006080827,83.4,-4.60302933581896));
#7383=CARTESIAN_POINT('Ctrl Pts',(227.367287071803,83.4,-1.56967064309146));
#7384=CARTESIAN_POINT('Ctrl Pts',(227.367287071803,83.4,-0.0507143019118937));
#7385=CARTESIAN_POINT('',(222.618062214852,81.5424569281734,-0.0507143019119688));
#7386=CARTESIAN_POINT('Origin',(227.367287071803,76.4,-0.0507143019119449));
#7387=CARTESIAN_POINT('Ctrl Pts',(222.618062214852,81.5424569281734,-0.0507143019118952));
#7388=CARTESIAN_POINT('Ctrl Pts',(222.618062214852,81.5424569281734,-1.086366352715));
#7389=CARTESIAN_POINT('Ctrl Pts',(222.200280221104,81.453646528388,-3.15456546139278));
#7390=CARTESIAN_POINT('Ctrl Pts',(219.897151870049,80.9638788051303,-6.9422822262971));
#7391=CARTESIAN_POINT('Ctrl Pts',(215.167243700867,79.9552162915229,-10.6923678861833));
#7392=CARTESIAN_POINT('Ctrl Pts',(209.447582393809,78.7466282793742,-13.1554990488785));
#7393=CARTESIAN_POINT('Ctrl Pts',(205.84850653844,78.0059472527734,-14.0891850918147));
#7394=CARTESIAN_POINT('Ctrl Pts',(204.639597971552,77.7602243956878,-14.3370765080771));
#7395=CARTESIAN_POINT('Ctrl Pts',(204.639597962648,77.7602243938789,14.3370765099031));
#7396=CARTESIAN_POINT('Ctrl Pts',(200.353370620819,77.7163257695106,15.384777674776));
#7397=CARTESIAN_POINT('Ctrl Pts',(196.078088162727,77.6721973325991,16.4653257844009));
#7398=CARTESIAN_POINT('Ctrl Pts',(191.813321382099,77.629613846134,17.5727244159797));
#7399=CARTESIAN_POINT('Ctrl Pts',(204.689144931584,78.8051822928208,14.5380589112761));
#7400=CARTESIAN_POINT('Ctrl Pts',(200.402573101772,78.7674481611082,15.5799386171436));
#7401=CARTESIAN_POINT('Ctrl Pts',(196.126766704454,78.729508126197,16.6546207300822));
#7402=CARTESIAN_POINT('Ctrl Pts',(191.861316464661,78.6927918700292,17.7562593918777));
#7403=CARTESIAN_POINT('Ctrl Pts',(204.940049677395,81.132736833635,15.5558293099949));
#7404=CARTESIAN_POINT('Ctrl Pts',(200.656978619409,81.1120055866638,16.5893754070868));
#7405=CARTESIAN_POINT('Ctrl Pts',(196.384014758279,81.0911223963993,17.6554754211147));
#7406=CARTESIAN_POINT('Ctrl Pts',(192.120876039589,81.070828622294,18.7488248337029));
#7407=CARTESIAN_POINT('Ctrl Pts',(205.448314288933,82.6331453068261,17.617554665835));
#7408=CARTESIAN_POINT('Ctrl Pts',(201.177336456399,82.6261789826556,18.654659888883));
#7409=CARTESIAN_POINT('Ctrl Pts',(196.91577921763,82.6189207226094,19.7246019255994));
#7410=CARTESIAN_POINT('Ctrl Pts',(192.662879647344,82.6121005138049,20.8214667331572));
#7411=CARTESIAN_POINT('Ctrl Pts',(205.772084148813,83.0663966162517,18.9308952258863));
#7412=CARTESIAN_POINT('Ctrl Pts',(201.509238137153,83.0633198266869,19.971895037767));
#7413=CARTESIAN_POINT('Ctrl Pts',(197.255249463794,83.0602116070582,21.0456220054264));
#7414=CARTESIAN_POINT('Ctrl Pts',(193.009343718691,83.0571979342876,22.1463581926549));
#7415=CARTESIAN_POINT('',(191.813321382099,77.6296138461339,17.5727244159798));
#7416=CARTESIAN_POINT('Origin',(193.556758715973,76.4,24.2396934463751));
#7417=CARTESIAN_POINT('Ctrl Pts',(191.813321382099,77.629613846134,17.5727244159797));
#7418=CARTESIAN_POINT('Ctrl Pts',(196.078088162727,77.6721973325991,16.4653257844009));
#7419=CARTESIAN_POINT('Ctrl Pts',(200.353370620819,77.7163257695106,15.384777674776));
#7420=CARTESIAN_POINT('Ctrl Pts',(204.639597962648,77.7602243938789,14.3370765099031));
#7421=CARTESIAN_POINT('Ctrl Pts',(191.813321382099,77.629613846134,17.5727244159798));
#7422=CARTESIAN_POINT('Ctrl Pts',(190.84522384881,77.5206159477523,17.8057826543237));
#7423=CARTESIAN_POINT('Ctrl Pts',(189.872400864913,77.4128303351942,18.0115773588657));
#7424=CARTESIAN_POINT('Ctrl Pts',(188.896509833011,77.3065692674399,18.1891891891632));
#7425=CARTESIAN_POINT('Ctrl Pts',(191.864091925256,78.7542733500733,17.7668728561372));
#7426=CARTESIAN_POINT('Ctrl Pts',(190.888119033907,78.6611489133026,17.9858996187769));
#7427=CARTESIAN_POINT('Ctrl Pts',(189.908128423888,78.5688648634686,18.1770611557321));
#7428=CARTESIAN_POINT('Ctrl Pts',(188.925992040159,78.4773150167804,18.339231049475));
#7429=CARTESIAN_POINT('Ctrl Pts',(192.148152817879,81.2627223378849,18.8531322456024));
#7430=CARTESIAN_POINT('Ctrl Pts',(191.145148590161,81.214511612419,19.0594630688311));
#7431=CARTESIAN_POINT('Ctrl Pts',(190.138671653596,81.1663068391854,19.2356176608817));
#7432=CARTESIAN_POINT('Ctrl Pts',(189.130735554498,81.1181357110982,19.3812187685181));
#7433=CARTESIAN_POINT('Ctrl Pts',(192.742308636302,82.7997555753601,21.125206133027));
#7434=CARTESIAN_POINT('Ctrl Pts',(191.697825433514,82.7865002680445,21.3619471228202));
#7435=CARTESIAN_POINT('Ctrl Pts',(190.647715133874,82.7724796881839,21.5675569122809));
#7436=CARTESIAN_POINT('Ctrl Pts',(189.594211338443,82.7592486375264,21.7399556325625));
#7437=CARTESIAN_POINT('Ctrl Pts',(193.11552804512,83.1792620118787,22.5524109953913));
#7438=CARTESIAN_POINT('Ctrl Pts',(192.045871780229,83.1742800745226,22.8121133898662));
#7439=CARTESIAN_POINT('Ctrl Pts',(190.969198516912,83.1692915330127,23.0391768762286));
#7440=CARTESIAN_POINT('Ctrl Pts',(189.887517609184,83.1643116830377,23.2326599705595));
#7441=CARTESIAN_POINT('',(188.896509833011,77.3065692674399,18.1891891891632));
#7442=CARTESIAN_POINT('Origin',(190.234787929207,76.4,24.999999999968));
#7443=CARTESIAN_POINT('Ctrl Pts',(188.896509833011,77.3065692674399,18.1891891891632));
#7444=CARTESIAN_POINT('Ctrl Pts',(189.872400864913,77.4128303351942,18.0115773588657));
#7445=CARTESIAN_POINT('Ctrl Pts',(190.84522384881,77.5206159477523,17.8057826543237));
#7446=CARTESIAN_POINT('Ctrl Pts',(191.813321382099,77.629613846134,17.5727244159798));
#7447=CARTESIAN_POINT('Origin',(114.867,84.7,-4.44089209850063E-15));
#7448=CARTESIAN_POINT('',(114.867,85.1586754241751,-12.));
#7449=CARTESIAN_POINT('',(114.867181415205,83.3999999999975,-12.));
#7450=CARTESIAN_POINT('',(114.867,83.4,-12.));
#7451=CARTESIAN_POINT('',(114.867,85.1586754241751,12.));
#7452=CARTESIAN_POINT('Origin',(114.867,-1.57954944338724E-20,0.));
#7453=CARTESIAN_POINT('',(114.867181415205,83.3999999999975,12.));
#7454=CARTESIAN_POINT('',(114.867,83.4,12.));
#7455=CARTESIAN_POINT('Ctrl Pts',(114.867181415205,83.3999999999975,12.));
#7456=CARTESIAN_POINT('Ctrl Pts',(114.867181415205,83.3999999999975,7.99999999999999));
#7457=CARTESIAN_POINT('Ctrl Pts',(114.867181415205,83.3999999999975,3.99999999999999));
#7458=CARTESIAN_POINT('Ctrl Pts',(114.867181415205,83.3999999999975,-4.00000000000001));
#7459=CARTESIAN_POINT('Ctrl Pts',(114.867181415205,83.3999999999975,-8.00000000000001));
#7460=CARTESIAN_POINT('Ctrl Pts',(114.867181415205,83.3999999999975,-12.));
#7461=CARTESIAN_POINT('Origin',(142.75,-1.57954944338724E-20,0.));
#7462=CARTESIAN_POINT('',(170.633,85.1586754241751,12.));
#7463=CARTESIAN_POINT('',(142.75,85.1586754241751,12.));
#7464=CARTESIAN_POINT('',(170.633,85.1586754241751,-12.));
#7465=CARTESIAN_POINT('',(142.75,85.1586754241751,-12.));
#7466=CARTESIAN_POINT('Origin',(170.633,-1.57954944338724E-20,0.));
#7467=CARTESIAN_POINT('Origin',(170.633,84.7,-4.44089209850063E-15));
#7468=CARTESIAN_POINT('',(170.632818584787,83.4,-12.));
#7469=CARTESIAN_POINT('',(170.633,83.4,-12.));
#7470=CARTESIAN_POINT('',(170.632818584787,83.4,12.));
#7471=CARTESIAN_POINT('Ctrl Pts',(170.632818584787,83.4,12.));
#7472=CARTESIAN_POINT('Ctrl Pts',(170.632818584787,83.4,7.99999999999999));
#7473=CARTESIAN_POINT('Ctrl Pts',(170.632818584787,83.4,3.99999999999999));
#7474=CARTESIAN_POINT('Ctrl Pts',(170.632818584787,83.4,-4.00000000000001));
#7475=CARTESIAN_POINT('Ctrl Pts',(170.632818584787,83.4,-8.00000000000001));
#7476=CARTESIAN_POINT('Ctrl Pts',(170.632818584787,83.4,-12.));
#7477=CARTESIAN_POINT('',(170.633,83.4,12.));
#7478=CARTESIAN_POINT('Ctrl Pts',(96.6034901669774,77.3065692674402,18.189189189163));
#7479=CARTESIAN_POINT('Ctrl Pts',(95.6275991350761,77.4128303351945,18.0115773588655));
#7480=CARTESIAN_POINT('Ctrl Pts',(94.6547761511793,77.5206159477526,17.8057826543236));
#7481=CARTESIAN_POINT('Ctrl Pts',(93.6866786178909,77.6296138461343,17.5727244159798));
#7482=CARTESIAN_POINT('Ctrl Pts',(96.5795033045275,78.2590935174919,18.3112639526634));
#7483=CARTESIAN_POINT('Ctrl Pts',(95.598526919409,78.3533215577235,18.1462029316125));
#7484=CARTESIAN_POINT('Ctrl Pts',(94.6198789635842,78.4486171659154,17.9523393381026));
#7485=CARTESIAN_POINT('Ctrl Pts',(93.6453714651017,78.5446421100906,17.7306845003652));
#7486=CARTESIAN_POINT('Ctrl Pts',(96.4546790789755,80.1089838342415,18.9465236847445));
#7487=CARTESIAN_POINT('Ctrl Pts',(95.4571960264946,80.1742554960368,18.7956570713685));
#7488=CARTESIAN_POINT('Ctrl Pts',(94.461349344583,80.2401495544599,18.6147305186168));
#7489=CARTESIAN_POINT('Ctrl Pts',(93.4691300346117,80.3059808111505,18.4046382675122));
#7490=CARTESIAN_POINT('Ctrl Pts',(96.0048202638951,82.631614727438,21.2359606035684));
#7491=CARTESIAN_POINT('Ctrl Pts',(94.9604579351208,82.6484791146408,21.072028187436));
#7492=CARTESIAN_POINT('Ctrl Pts',(93.9189781574451,82.6653785183389,20.8757694665675));
#7493=CARTESIAN_POINT('Ctrl Pts',(92.8824779851768,82.6821696363797,20.6480174640044));
#7494=CARTESIAN_POINT('Ctrl Pts',(95.5430309476938,83.4,23.586114638098));
#7495=CARTESIAN_POINT('Ctrl Pts',(94.4546698291019,83.3997524306265,23.3879382924953));
#7496=CARTESIAN_POINT('Ctrl Pts',(93.3716295781313,83.4002320972042,23.1556982425142));
#7497=CARTESIAN_POINT('Ctrl Pts',(92.2959740591482,83.4,22.8908302310972));
#7498=CARTESIAN_POINT('Ctrl Pts',(95.265212070781,83.4,24.9999999999676));
#7499=CARTESIAN_POINT('Ctrl Pts',(94.1503919308285,83.4,24.7809454092675));
#7500=CARTESIAN_POINT('Ctrl Pts',(93.0424167462627,83.4,24.5271319403324));
#7501=CARTESIAN_POINT('Ctrl Pts',(91.943241284017,83.4,24.2396934463751));
#7502=CARTESIAN_POINT('',(96.6034901669774,77.3065692674402,18.1891891891629));
#7503=CARTESIAN_POINT('',(95.2652120707779,83.4,24.9999999999836));
#7504=CARTESIAN_POINT('Origin',(95.265212070781,76.4,24.9999999999676));
#7505=CARTESIAN_POINT('',(91.943241284017,83.4,24.2396934463751));
#7506=CARTESIAN_POINT('Ctrl Pts',(95.265212070781,83.4,24.9999999999676));
#7507=CARTESIAN_POINT('Ctrl Pts',(94.1503919308285,83.4,24.7809454092675));
#7508=CARTESIAN_POINT('Ctrl Pts',(93.0424167462627,83.4,24.5271319403324));
#7509=CARTESIAN_POINT('Ctrl Pts',(91.943241284017,83.4,24.2396934463751));
#7510=CARTESIAN_POINT('',(93.6866786178908,77.6296138461342,17.5727244159797));
#7511=CARTESIAN_POINT('Origin',(91.943241284017,76.4,24.2396934463751));
#7512=CARTESIAN_POINT('Ctrl Pts',(93.6866786178909,77.6296138461343,17.5727244159798));
#7513=CARTESIAN_POINT('Ctrl Pts',(94.6547761511793,77.5206159477526,17.8057826543236));
#7514=CARTESIAN_POINT('Ctrl Pts',(95.6275991350761,77.4128303351945,18.0115773588655));
#7515=CARTESIAN_POINT('Ctrl Pts',(96.6034901669774,77.3065692674402,18.189189189163));
#7516=CARTESIAN_POINT('Ctrl Pts',(69.0698455714608,83.4,18.5709102334873));
#7517=CARTESIAN_POINT('Ctrl Pts',(76.7205439747939,83.4,20.3523742097219));
#7518=CARTESIAN_POINT('Ctrl Pts',(84.3434304415335,83.4,22.252314490097));
#7519=CARTESIAN_POINT('Ctrl Pts',(91.9432412840169,83.4,24.239693446375));
#7520=CARTESIAN_POINT('Ctrl Pts',(69.4811344542213,83.4,16.8045836388313));
#7521=CARTESIAN_POINT('Ctrl Pts',(77.1532448446222,83.4003724626097,18.5756828802634));
#7522=CARTESIAN_POINT('Ctrl Pts',(84.7963101242546,83.399600558584,20.4647461972083));
#7523=CARTESIAN_POINT('Ctrl Pts',(92.4135516508584,83.4,22.4412091593379));
#7524=CARTESIAN_POINT('Ctrl Pts',(70.1965593692299,82.1022629656631,13.7321104774429));
#7525=CARTESIAN_POINT('Ctrl Pts',(77.9055366594261,82.0800504554016,15.4862477023714));
#7526=CARTESIAN_POINT('Ctrl Pts',(85.5840033650737,82.0561061169902,17.3561023607797));
#7527=CARTESIAN_POINT('Ctrl Pts',(93.2311290027936,82.0332329130559,19.3147630408567));
#7528=CARTESIAN_POINT('Ctrl Pts',(70.5577606981088,79.193538580556,12.1808905442862));
#7529=CARTESIAN_POINT('Ctrl Pts',(78.2800546531466,79.1315263711363,13.9495067450745));
#7530=CARTESIAN_POINT('Ctrl Pts',(85.9693955620894,79.0650674286219,15.8356873610235));
#7531=CARTESIAN_POINT('Ctrl Pts',(93.6247178887069,79.0021562420688,17.8096645425579));
#7532=CARTESIAN_POINT('Ctrl Pts',(70.6222483106861,77.8634102920904,11.903941203092));
#7533=CARTESIAN_POINT('Ctrl Pts',(78.3444945711202,77.7875114891712,13.6854051793266));
#7534=CARTESIAN_POINT('Ctrl Pts',(86.0329688230989,77.7060357618491,15.5853454597017));
#7535=CARTESIAN_POINT('Ctrl Pts',(93.6866786178907,77.6296138461343,17.5727244159797));
#7536=CARTESIAN_POINT('',(69.0698455714608,83.4,18.5709102334873));
#7537=CARTESIAN_POINT('Ctrl Pts',(91.9432412840169,83.4,24.239693446375));
#7538=CARTESIAN_POINT('Ctrl Pts',(84.3434304415335,83.4,22.252314490097));
#7539=CARTESIAN_POINT('Ctrl Pts',(76.7205439747939,83.4,20.3523742097219));
#7540=CARTESIAN_POINT('Ctrl Pts',(69.0698455714608,83.4,18.5709102334873));
#7541=CARTESIAN_POINT('',(70.6222483106749,77.8634102923775,11.9039412031524));
#7542=CARTESIAN_POINT('Origin',(69.0698455714608,76.4,18.5709102334873));
#7543=CARTESIAN_POINT('Ctrl Pts',(70.6222483106861,77.8634102920904,11.903941203092));
#7544=CARTESIAN_POINT('Ctrl Pts',(78.3444945711202,77.7875114891712,13.6854051793266));
#7545=CARTESIAN_POINT('Ctrl Pts',(86.0329688230989,77.7060357618491,15.5853454597017));
#7546=CARTESIAN_POINT('Ctrl Pts',(93.6866786178907,77.6296138461343,17.5727244159797));
#7547=CARTESIAN_POINT('Ctrl Pts',(63.964418679251,83.4,18.));
#7548=CARTESIAN_POINT('Ctrl Pts',(65.6805598728382,83.4,18.));
#7549=CARTESIAN_POINT('Ctrl Pts',(67.3984179085329,83.4,18.1817185528064));
#7550=CARTESIAN_POINT('Ctrl Pts',(69.0698455713516,83.4,18.5709102334618));
#7551=CARTESIAN_POINT('Ctrl Pts',(63.964418679251,83.4,16.9528024488034));
#7552=CARTESIAN_POINT('Ctrl Pts',(65.7550466989665,83.3998449869536,17.000630891467));
#7553=CARTESIAN_POINT('Ctrl Pts',(67.540954549844,83.4001223783999,17.236751729316));
#7554=CARTESIAN_POINT('Ctrl Pts',(69.2754900127088,83.4,17.6877469361103));
#7555=CARTESIAN_POINT('Ctrl Pts',(63.9644186792511,82.9204110929712,14.8639860333506));
#7556=CARTESIAN_POINT('Ctrl Pts',(65.9036880899292,82.9645972290017,15.0065589947134));
#7557=CARTESIAN_POINT('Ctrl Pts',(67.8254427124541,83.0052527211157,15.350242068127));
#7558=CARTESIAN_POINT('Ctrl Pts',(69.6861201359449,83.0417469952933,15.924249458447));
#7559=CARTESIAN_POINT('Ctrl Pts',(63.9644186792511,80.5792617372985,11.917764778842));
#7560=CARTESIAN_POINT('Ctrl Pts',(66.1128460112295,80.8256000034286,12.1298621965002));
#7561=CARTESIAN_POINT('Ctrl Pts',(68.2400345423378,81.0542353069417,12.5783540974606));
#7562=CARTESIAN_POINT('Ctrl Pts',(70.2993659539606,81.2633863764057,13.2905959779486));
#7563=CARTESIAN_POINT('Ctrl Pts',(63.9644186792511,77.9707963267949,11.));
#7564=CARTESIAN_POINT('Ctrl Pts',(66.1785767158457,78.3998899245414,11.1137514649298));
#7565=CARTESIAN_POINT('Ctrl Pts',(68.3948470385063,78.8102943372436,11.4941408923726));
#7566=CARTESIAN_POINT('Ctrl Pts',(70.5577606978198,79.1935385804077,12.1808905441484));
#7567=CARTESIAN_POINT('Ctrl Pts',(63.9644186792511,76.4,11.));
#7568=CARTESIAN_POINT('Ctrl Pts',(66.1780658337478,76.9005319787751,11.));
#7569=CARTESIAN_POINT('Ctrl Pts',(68.4189441958502,77.3933402158059,11.2877210419426));
#7570=CARTESIAN_POINT('Ctrl Pts',(70.6222483103818,77.8634102919086,11.9039412029812));
#7571=CARTESIAN_POINT('Ctrl Pts',(63.9644186792511,76.4,11.));
#7572=CARTESIAN_POINT('Ctrl Pts',(66.1780658337478,76.9005319787751,11.));
#7573=CARTESIAN_POINT('Ctrl Pts',(68.4189441958502,77.3933402158059,11.2877210419426));
#7574=CARTESIAN_POINT('Ctrl Pts',(70.6222483103818,77.8634102919086,11.9039412029812));
#7575=CARTESIAN_POINT('Ctrl Pts',(69.0698455713516,83.4,18.5709102334618));
#7576=CARTESIAN_POINT('Ctrl Pts',(67.3984179085329,83.4,18.1817185528064));
#7577=CARTESIAN_POINT('Ctrl Pts',(65.6805598728382,83.4,18.));
#7578=CARTESIAN_POINT('Ctrl Pts',(63.964418679251,83.4,18.));
#7579=CARTESIAN_POINT('Origin',(-19.6066726630596,76.4,0.));
#7580=CARTESIAN_POINT('',(-19.6066726630596,83.4,-18.));
#7581=CARTESIAN_POINT('Origin',(-19.6066726630596,83.4,-1.11022302462516E-15));
#7582=CARTESIAN_POINT('',(-19.6066726630596,76.4,-11.));
#7583=CARTESIAN_POINT('Origin',(-19.6066726630596,76.4,-18.));
#7584=CARTESIAN_POINT('Origin',(-19.6066726630596,76.4,0.));
#7585=CARTESIAN_POINT('Origin',(118.841619986299,76.4,-18.));
#7586=CARTESIAN_POINT('',(118.841619986299,76.4,-11.));
#7587=CARTESIAN_POINT('',(59.1925277434063,83.4,-17.9999999999999));
#7588=CARTESIAN_POINT('',(44.2231704763131,83.4,-17.9999999999999));
#7589=CARTESIAN_POINT('',(118.841619986299,83.4,-18.));
#7590=CARTESIAN_POINT('Ctrl Pts',(91.9432412840173,83.4,-24.2396934463751));
#7591=CARTESIAN_POINT('Ctrl Pts',(84.3434304417072,83.4,-22.2523144901424));
#7592=CARTESIAN_POINT('Ctrl Pts',(76.7205439751421,83.4,-20.3523742098086));
#7593=CARTESIAN_POINT('Ctrl Pts',(69.0698455719847,83.4,-18.5709102336092));
#7594=CARTESIAN_POINT('Ctrl Pts',(92.4135516508588,83.4,-22.441209159338));
#7595=CARTESIAN_POINT('Ctrl Pts',(84.7963101244287,83.399600558584,-20.4647461972535));
#7596=CARTESIAN_POINT('Ctrl Pts',(77.1532448449713,83.4003724626097,-18.5756828803496));
#7597=CARTESIAN_POINT('Ctrl Pts',(69.4811344547467,83.4,-16.8045836389526));
#7598=CARTESIAN_POINT('Ctrl Pts',(93.2311290027941,82.0332329130559,-19.3147630408569));
#7599=CARTESIAN_POINT('Ctrl Pts',(85.5840033652486,82.0561061169897,-17.3561023608245));
#7600=CARTESIAN_POINT('Ctrl Pts',(77.9055366597768,82.0800504554006,-15.4862477024567));
#7601=CARTESIAN_POINT('Ctrl Pts',(70.1965593697578,82.1022629656616,-13.732110477563));
#7602=CARTESIAN_POINT('Ctrl Pts',(93.6247178887074,79.0021562420688,-17.809664542558));
#7603=CARTESIAN_POINT('Ctrl Pts',(85.9693955622645,79.0650674286205,-15.8356873610686));
#7604=CARTESIAN_POINT('Ctrl Pts',(78.280054653498,79.1315263711332,-13.9495067451606));
#7605=CARTESIAN_POINT('Ctrl Pts',(70.5577606986376,79.1935385805518,-12.1808905444073));
#7606=CARTESIAN_POINT('Ctrl Pts',(93.6866786178912,77.6296138461343,-17.5727244159799));
#7607=CARTESIAN_POINT('Ctrl Pts',(86.032968823274,77.7060357618474,-15.5853454597472));
#7608=CARTESIAN_POINT('Ctrl Pts',(78.3444945714715,77.7875114891674,-13.6854051794133));
#7609=CARTESIAN_POINT('Ctrl Pts',(70.6222483112149,77.8634102920852,-11.903941203214));
#7610=CARTESIAN_POINT('',(91.9432412840173,83.4,-24.2396934463751));
#7611=CARTESIAN_POINT('Ctrl Pts',(69.0698455719847,83.4,-18.5709102336092));
#7612=CARTESIAN_POINT('Ctrl Pts',(76.7205439751421,83.4,-20.3523742098086));
#7613=CARTESIAN_POINT('Ctrl Pts',(84.3434304417072,83.4,-22.2523144901424));
#7614=CARTESIAN_POINT('Ctrl Pts',(91.9432412840173,83.4,-24.2396934463751));
#7615=CARTESIAN_POINT('',(93.6866786178912,77.6296138461339,-17.5727244159798));
#7616=CARTESIAN_POINT('Origin',(91.9432412840173,76.4,-24.2396934463751));
#7617=CARTESIAN_POINT('Ctrl Pts',(93.6866786178912,77.6296138461343,-17.5727244159799));
#7618=CARTESIAN_POINT('Ctrl Pts',(86.032968823274,77.7060357618474,-15.5853454597472));
#7619=CARTESIAN_POINT('Ctrl Pts',(78.3444945714715,77.7875114891674,-13.6854051794133));
#7620=CARTESIAN_POINT('Ctrl Pts',(70.6222483112149,77.8634102920852,-11.903941203214));
#7621=CARTESIAN_POINT('Ctrl Pts',(93.6866786178912,77.6296138461342,-17.5727244159798));
#7622=CARTESIAN_POINT('Ctrl Pts',(94.6547761511799,77.5206159477525,-17.8057826543237));
#7623=CARTESIAN_POINT('Ctrl Pts',(95.6275991350773,77.4128303351944,-18.0115773588658));
#7624=CARTESIAN_POINT('Ctrl Pts',(96.6034901669789,77.30656926744,-18.1891891891632));
#7625=CARTESIAN_POINT('Ctrl Pts',(93.645371465102,78.5446421100906,-17.7306845003653));
#7626=CARTESIAN_POINT('Ctrl Pts',(94.6198789635848,78.4486171659153,-17.9523393381027));
#7627=CARTESIAN_POINT('Ctrl Pts',(95.5985269194101,78.3533215577234,-18.1462029316127));
#7628=CARTESIAN_POINT('Ctrl Pts',(96.579503304529,78.2590935174917,-18.3112639526636));
#7629=CARTESIAN_POINT('Ctrl Pts',(93.469130034612,80.3059808111505,-18.4046382675123));
#7630=CARTESIAN_POINT('Ctrl Pts',(94.4613493445836,80.2401495544599,-18.614730518617));
#7631=CARTESIAN_POINT('Ctrl Pts',(95.4571960264958,80.1742554960368,-18.7956570713687));
#7632=CARTESIAN_POINT('Ctrl Pts',(96.4546790789771,80.1089838342414,-18.9465236847447));
#7633=CARTESIAN_POINT('Ctrl Pts',(92.8824779851772,82.6821696363796,-20.6480174640044));
#7634=CARTESIAN_POINT('Ctrl Pts',(93.9189781574458,82.6653785183389,-20.8757694665676));
#7635=CARTESIAN_POINT('Ctrl Pts',(94.960457935122,82.6484791146408,-21.0720281874362));
#7636=CARTESIAN_POINT('Ctrl Pts',(96.0048202638967,82.631614727438,-21.2359606035686));
#7637=CARTESIAN_POINT('Ctrl Pts',(92.2959740591485,83.4,-22.8908302310973));
#7638=CARTESIAN_POINT('Ctrl Pts',(93.371629578132,83.4002320972042,-23.1556982425144));
#7639=CARTESIAN_POINT('Ctrl Pts',(94.4546698291032,83.3997524306265,-23.3879382924956));
#7640=CARTESIAN_POINT('Ctrl Pts',(95.5430309476954,83.4,-23.5861146380983));
#7641=CARTESIAN_POINT('Ctrl Pts',(91.9432412840174,83.4,-24.2396934463751));
#7642=CARTESIAN_POINT('Ctrl Pts',(93.0424167462634,83.4,-24.5271319403326));
#7643=CARTESIAN_POINT('Ctrl Pts',(94.1503919308299,83.4,-24.7809454092678));
#7644=CARTESIAN_POINT('Ctrl Pts',(95.2652120707827,83.4,-24.999999999968));
#7645=CARTESIAN_POINT('',(95.2652120707796,83.4,-24.9999999999837));
#7646=CARTESIAN_POINT('',(96.6034901669788,77.30656926744,-18.1891891891632));
#7647=CARTESIAN_POINT('Origin',(95.2652120707827,76.4,-24.999999999968));
#7648=CARTESIAN_POINT('Ctrl Pts',(96.6034901669789,77.30656926744,-18.1891891891632));
#7649=CARTESIAN_POINT('Ctrl Pts',(95.6275991350773,77.4128303351944,-18.0115773588658));
#7650=CARTESIAN_POINT('Ctrl Pts',(94.6547761511799,77.5206159477525,-17.8057826543237));
#7651=CARTESIAN_POINT('Ctrl Pts',(93.6866786178912,77.6296138461342,-17.5727244159798));
#7652=CARTESIAN_POINT('Ctrl Pts',(91.9432412840174,83.4,-24.2396934463751));
#7653=CARTESIAN_POINT('Ctrl Pts',(93.0424167462634,83.4,-24.5271319403326));
#7654=CARTESIAN_POINT('Ctrl Pts',(94.1503919308299,83.4,-24.7809454092678));
#7655=CARTESIAN_POINT('Ctrl Pts',(95.2652120707827,83.4,-24.999999999968));
#7656=CARTESIAN_POINT('Ctrl Pts',(105.402889958698,76.4,19.));
#7657=CARTESIAN_POINT('Ctrl Pts',(102.474167386037,76.6843283604915,19.));
#7658=CARTESIAN_POINT('Ctrl Pts',(99.5247553111003,76.9884838016857,18.7208584350836));
#7659=CARTESIAN_POINT('Ctrl Pts',(96.6034901669774,77.3065692674402,18.1891891891629));
#7660=CARTESIAN_POINT('Ctrl Pts',(105.402889958698,77.4471975511966,19.));
#7661=CARTESIAN_POINT('Ctrl Pts',(102.474246623165,77.7044045614571,19.0426578311951));
#7662=CARTESIAN_POINT('Ctrl Pts',(99.5159903776365,77.9770565992742,18.8053584180699));
#7663=CARTESIAN_POINT('Ctrl Pts',(96.5795033045275,78.2590935174919,18.3112639526634));
#7664=CARTESIAN_POINT('Ctrl Pts',(105.402889958698,79.5359625054286,19.4796153613415));
#7665=CARTESIAN_POINT('Ctrl Pts',(102.441909957522,79.719879868369,19.5820347607004));
#7666=CARTESIAN_POINT('Ctrl Pts',(99.4405441678484,79.9127812183113,19.3983187560841));
#7667=CARTESIAN_POINT('Ctrl Pts',(96.4546437944584,80.1082090616771,18.9467032559196));
#7668=CARTESIAN_POINT('Ctrl Pts',(105.402889958698,82.4821309250036,21.8207757547489));
#7669=CARTESIAN_POINT('Ctrl Pts',(102.283895356628,82.5314146768355,21.9278974732539));
#7670=CARTESIAN_POINT('Ctrl Pts',(99.1310889190165,82.5819474575572,21.7264702456833));
#7671=CARTESIAN_POINT('Ctrl Pts',(96.0048604068404,82.6323693662694,21.235756306714));
#7672=CARTESIAN_POINT('Ctrl Pts',(105.402889958698,83.4,24.4292036732051));
#7673=CARTESIAN_POINT('Ctrl Pts',(102.108037287502,83.3992658243197,24.4700763854515));
#7674=CARTESIAN_POINT('Ctrl Pts',(98.8009723301193,83.4006433586602,24.1793684953231));
#7675=CARTESIAN_POINT('Ctrl Pts',(95.5430309476937,83.4,23.586114638098));
#7676=CARTESIAN_POINT('Ctrl Pts',(105.402889958698,83.4,26.));
#7677=CARTESIAN_POINT('Ctrl Pts',(102.001937051167,83.4,26.));
#7678=CARTESIAN_POINT('Ctrl Pts',(98.6023522947922,83.4,25.6557254032698));
#7679=CARTESIAN_POINT('Ctrl Pts',(95.265212070781,83.4,24.9999999999676));
#7680=CARTESIAN_POINT('',(105.402889958698,83.3282032302755,25.0000000000001));
#7681=CARTESIAN_POINT('Ctrl Pts',(105.402889958681,83.3282032302755,25.0000000000001));
#7682=CARTESIAN_POINT('Ctrl Pts',(104.693815487752,83.3282032302756,25.0000000000001));
#7683=CARTESIAN_POINT('Ctrl Pts',(103.979971379919,83.3304001007883,24.9999999999952));
#7684=CARTESIAN_POINT('Ctrl Pts',(101.870696639343,83.3430116092934,24.9999999999952));
#7685=CARTESIAN_POINT('Ctrl Pts',(100.371067414367,83.3599126839336,25.0000000000001));
#7686=CARTESIAN_POINT('Ctrl Pts',(98.1289375315214,83.3841161169638,25.0000000000001));
#7687=CARTESIAN_POINT('Ctrl Pts',(96.587110032123,83.4000000000012,25.0000000000001));
#7688=CARTESIAN_POINT('Ctrl Pts',(95.265212070781,83.4,25.0000000000001));
#7689=CARTESIAN_POINT('',(105.402889958698,76.4,19.));
#7690=CARTESIAN_POINT('Ctrl Pts',(96.6034901669774,77.3065692674402,18.1891891891629));
#7691=CARTESIAN_POINT('Ctrl Pts',(99.5247553111003,76.9884838016857,18.7208584350836));
#7692=CARTESIAN_POINT('Ctrl Pts',(102.474167386037,76.6843283604915,19.));
#7693=CARTESIAN_POINT('Ctrl Pts',(105.402889958698,76.4,19.));
#7694=CARTESIAN_POINT('Origin',(105.402889958698,76.4,26.));
#7695=CARTESIAN_POINT('Ctrl Pts',(222.618062214852,81.5424569281735,-0.050714301911956));
#7696=CARTESIAN_POINT('Ctrl Pts',(222.618062214852,81.5424569281735,-0.0169047673039792));
#7697=CARTESIAN_POINT('Ctrl Pts',(222.618062214852,81.5424569281735,0.016904767303997));
#7698=CARTESIAN_POINT('Ctrl Pts',(222.618062214852,81.5424569281735,0.0507143019119738));
#7699=CARTESIAN_POINT('Ctrl Pts',(223.896246063029,82.7229009432234,-0.050714301911956));
#7700=CARTESIAN_POINT('Ctrl Pts',(223.896246063029,82.7229009432234,-0.0169047673039792));
#7701=CARTESIAN_POINT('Ctrl Pts',(223.896246063029,82.7229009432234,0.016904767303997));
#7702=CARTESIAN_POINT('Ctrl Pts',(223.896246063029,82.7229009432234,0.0507143019119738));
#7703=CARTESIAN_POINT('Ctrl Pts',(225.627401436939,83.4,-0.050714301911956));
#7704=CARTESIAN_POINT('Ctrl Pts',(225.627401436939,83.4,-0.0169047673039792));
#7705=CARTESIAN_POINT('Ctrl Pts',(225.627401436939,83.4,0.016904767303997));
#7706=CARTESIAN_POINT('Ctrl Pts',(225.627401436939,83.4,0.0507143019119738));
#7707=CARTESIAN_POINT('Ctrl Pts',(227.367287071803,83.4,-0.050714301911956));
#7708=CARTESIAN_POINT('Ctrl Pts',(227.367287071803,83.4,-0.0169047673039792));
#7709=CARTESIAN_POINT('Ctrl Pts',(227.367287071803,83.4,0.016904767303997));
#7710=CARTESIAN_POINT('Ctrl Pts',(227.367287071803,83.4,0.0507143019119738));
#7711=CARTESIAN_POINT('Ctrl Pts',(222.618062214852,81.5424569281735,0.0507143019119738));
#7712=CARTESIAN_POINT('Ctrl Pts',(222.618062214852,81.5424569281735,0.016904767303997));
#7713=CARTESIAN_POINT('Ctrl Pts',(222.618062214852,81.5424569281735,-0.0169047673039792));
#7714=CARTESIAN_POINT('Ctrl Pts',(222.618062214852,81.5424569281735,-0.050714301911956));
#7715=CARTESIAN_POINT('Ctrl Pts',(188.896509833011,77.3065692674399,18.1891891891632));
#7716=CARTESIAN_POINT('Ctrl Pts',(185.975244688889,76.9884838016854,18.7208584350838));
#7717=CARTESIAN_POINT('Ctrl Pts',(183.025832613953,76.6843283604914,19.));
#7718=CARTESIAN_POINT('Ctrl Pts',(180.097110041293,76.4,19.));
#7719=CARTESIAN_POINT('Ctrl Pts',(188.929774446801,78.6275153215281,18.3584806031517));
#7720=CARTESIAN_POINT('Ctrl Pts',(185.98749909153,78.3593796709847,18.8375787222286));
#7721=CARTESIAN_POINT('Ctrl Pts',(183.025423879197,78.0990671058267,19.0596688946688));
#7722=CARTESIAN_POINT('Ctrl Pts',(180.097110041293,77.8522375393896,19.));
#7723=CARTESIAN_POINT('Ctrl Pts',(189.110067129209,80.7400857486285,19.2760323092915));
#7724=CARTESIAN_POINT('Ctrl Pts',(186.101823239379,80.5785889576148,19.7224472460212));
#7725=CARTESIAN_POINT('Ctrl Pts',(183.078481588992,80.4191926650541,19.8963581072224));
#7726=CARTESIAN_POINT('Ctrl Pts',(180.097110041293,80.2658918284462,19.7810475431015));
#7727=CARTESIAN_POINT('Ctrl Pts',(189.585231582419,82.728450412697,21.6942555500603));
#7728=CARTESIAN_POINT('Ctrl Pts',(186.433943494058,82.685706798567,22.2078616817322));
#7729=CARTESIAN_POINT('Ctrl Pts',(183.250974588488,82.6430446607834,22.4304480022802));
#7730=CARTESIAN_POINT('Ctrl Pts',(180.097110041293,82.6017255347345,22.3395216397406));
#7731=CARTESIAN_POINT('Ctrl Pts',(189.918073172352,83.2622458097228,23.3881643911613));
#7732=CARTESIAN_POINT('Ctrl Pts',(186.671270498193,83.2535642018939,23.9732868040222));
#7733=CARTESIAN_POINT('Ctrl Pts',(183.377319128672,83.2447241533757,24.2565402542952));
#7734=CARTESIAN_POINT('Ctrl Pts',(180.097110041293,83.2363459816073,24.2106693349156));
#7735=CARTESIAN_POINT('Ctrl Pts',(190.088294821666,83.3586430597455,24.2544622500864));
#7736=CARTESIAN_POINT('Ctrl Pts',(186.792914070624,83.3560150406349,24.8774529972115));
#7737=CARTESIAN_POINT('Ctrl Pts',(183.442206961541,83.3533992888409,25.1933409203758));
#7738=CARTESIAN_POINT('Ctrl Pts',(180.097110041293,83.3508609481983,25.172031353968));
#7739=CARTESIAN_POINT('',(180.097110041293,83.3282032302755,25.));
#7740=CARTESIAN_POINT('Ctrl Pts',(184.595430899797,83.3543164677942,25.));
#7741=CARTESIAN_POINT('Ctrl Pts',(184.507084053796,83.3534152284463,25.));
#7742=CARTESIAN_POINT('Ctrl Pts',(184.418165116974,83.3525205038639,24.9999999999999));
#7743=CARTESIAN_POINT('Ctrl Pts',(182.806986823201,83.3365819011149,24.9999999999999));
#7744=CARTESIAN_POINT('Ctrl Pts',(181.503633650483,83.3282032302755,25.));
#7745=CARTESIAN_POINT('Ctrl Pts',(180.097110041293,83.3282032302755,25.));
#7746=CARTESIAN_POINT('',(180.097110041293,76.4,19.));
#7747=CARTESIAN_POINT('Origin',(180.097110041293,76.4,26.));
#7748=CARTESIAN_POINT('Ctrl Pts',(180.097110041293,76.4,19.));
#7749=CARTESIAN_POINT('Ctrl Pts',(183.025832613953,76.6843283604914,19.));
#7750=CARTESIAN_POINT('Ctrl Pts',(185.975244688889,76.9884838016854,18.7208584350838));
#7751=CARTESIAN_POINT('Ctrl Pts',(188.896509833011,77.3065692674399,18.1891891891632));
#7752=CARTESIAN_POINT('Origin',(181.407563531636,76.4,26.));
#7753=CARTESIAN_POINT('',(181.407563531636,83.3282032302755,25.));
#7754=CARTESIAN_POINT('',(181.407563531636,76.4,19.));
#7755=CARTESIAN_POINT('Ctrl Pts',(96.6034901669789,77.3065692674401,-18.1891891891632));
#7756=CARTESIAN_POINT('Ctrl Pts',(99.5247553111013,76.9884838016856,-18.7208584350838));
#7757=CARTESIAN_POINT('Ctrl Pts',(102.474167386038,76.6843283604915,-19.));
#7758=CARTESIAN_POINT('Ctrl Pts',(105.402889958698,76.4,-19.));
#7759=CARTESIAN_POINT('Ctrl Pts',(96.579503304529,78.2590935174917,-18.3112639526636));
#7760=CARTESIAN_POINT('Ctrl Pts',(99.5159903776376,77.9770565992741,-18.80535841807));
#7761=CARTESIAN_POINT('Ctrl Pts',(102.474246623165,77.7044045614572,-19.0426578311951));
#7762=CARTESIAN_POINT('Ctrl Pts',(105.402889958698,77.4471975511966,-19.));
#7763=CARTESIAN_POINT('Ctrl Pts',(96.4546437944599,80.108209061677,-18.9467032559199));
#7764=CARTESIAN_POINT('Ctrl Pts',(99.4405441678494,79.9127812183113,-19.3983187560842));
#7765=CARTESIAN_POINT('Ctrl Pts',(102.441909957522,79.719879868369,-19.5820347607004));
#7766=CARTESIAN_POINT('Ctrl Pts',(105.402889958698,79.5359625054287,-19.4796153613415));
#7767=CARTESIAN_POINT('Ctrl Pts',(96.0048604068419,82.6323693662694,-21.2357563067143));
#7768=CARTESIAN_POINT('Ctrl Pts',(99.1310889190175,82.5819474575572,-21.7264702456834));
#7769=CARTESIAN_POINT('Ctrl Pts',(102.283895356628,82.5314146768355,-21.927897473254));
#7770=CARTESIAN_POINT('Ctrl Pts',(105.402889958698,82.4821309250036,-21.8207757547489));
#7771=CARTESIAN_POINT('Ctrl Pts',(95.5430309476954,83.4,-23.5861146380983));
#7772=CARTESIAN_POINT('Ctrl Pts',(98.8009723301204,83.4006433586602,-24.1793684953232));
#7773=CARTESIAN_POINT('Ctrl Pts',(102.108037287503,83.3992658243197,-24.4700763854515));
#7774=CARTESIAN_POINT('Ctrl Pts',(105.402889958698,83.4,-24.4292036732051));
#7775=CARTESIAN_POINT('Ctrl Pts',(95.2652120707827,83.4,-24.999999999968));
#7776=CARTESIAN_POINT('Ctrl Pts',(98.6023522947933,83.4,-25.65572540327));
#7777=CARTESIAN_POINT('Ctrl Pts',(102.001937051167,83.4,-26.));
#7778=CARTESIAN_POINT('Ctrl Pts',(105.402889958698,83.4,-26.));
#7779=CARTESIAN_POINT('',(105.402889958698,83.3282032302755,-25.));
#7780=CARTESIAN_POINT('Ctrl Pts',(95.2652120707827,83.4,-25.));
#7781=CARTESIAN_POINT('Ctrl Pts',(97.181574637117,83.4000000000017,-25.));
#7782=CARTESIAN_POINT('Ctrl Pts',(98.9985925138591,83.3731290067715,-25.));
#7783=CARTESIAN_POINT('Ctrl Pts',(102.693013176786,83.336581901115,-25.));
#7784=CARTESIAN_POINT('Ctrl Pts',(103.996366349507,83.3282032302755,-25.));
#7785=CARTESIAN_POINT('Ctrl Pts',(105.402889958698,83.3282032302755,-25.));
#7786=CARTESIAN_POINT('',(105.402889958698,76.4,-19.));
#7787=CARTESIAN_POINT('Origin',(105.402889958698,76.4,-26.));
#7788=CARTESIAN_POINT('Ctrl Pts',(105.402889958698,76.4,-19.));
#7789=CARTESIAN_POINT('Ctrl Pts',(102.474167386038,76.6843283604915,-19.));
#7790=CARTESIAN_POINT('Ctrl Pts',(99.5247553111013,76.9884838016856,-18.7208584350838));
#7791=CARTESIAN_POINT('Ctrl Pts',(96.6034901669789,77.3065692674401,-18.1891891891632));
#7792=CARTESIAN_POINT('Origin',(197.407563531636,76.4,-26.));
#7793=CARTESIAN_POINT('',(197.407563531636,83.3282032302755,-25.));
#7794=CARTESIAN_POINT('',(197.407563531636,76.4,-19.));
#7795=CARTESIAN_POINT('Origin',(200.665127063273,83.4,8.88178419700125E-15));
#7796=CARTESIAN_POINT('',(90.2326834080553,83.3999999999953,25.));
#7797=CARTESIAN_POINT('',(176.665127063273,83.4,25.));
#7798=CARTESIAN_POINT('Ctrl Pts',(59.194058013706,83.3999999999926,17.9999999999998));
#7799=CARTESIAN_POINT('Ctrl Pts',(61.6592988725466,83.3999999999928,18.5069654169502));
#7800=CARTESIAN_POINT('Ctrl Pts',(64.7534908300186,83.3999999999931,19.156069817436));
#7801=CARTESIAN_POINT('Ctrl Pts',(68.3430498088531,83.3999999999934,19.9375053204017));
#7802=CARTESIAN_POINT('Ctrl Pts',(69.8553234317505,83.3999999999935,20.2667224487729));
#7803=CARTESIAN_POINT('Ctrl Pts',(71.454781442187,83.3999999999937,20.6192807310416));
#7804=CARTESIAN_POINT('Ctrl Pts',(73.1308523985296,83.3999999999938,20.9943283656661));
#7805=CARTESIAN_POINT('Ctrl Pts',(78.6161509237207,83.3999999999943,22.2217514823887));
#7806=CARTESIAN_POINT('Ctrl Pts',(84.0663711335173,83.3999999999948,23.4985701910492));
#7807=CARTESIAN_POINT('Ctrl Pts',(89.5331708093818,83.3999999999953,24.8296763088496));
#7808=CARTESIAN_POINT('Ctrl Pts',(89.7663416756063,83.3999999999953,24.8864508725664));
#7809=CARTESIAN_POINT('Ctrl Pts',(89.9995125418308,83.3999999999953,24.9432254362832));
#7810=CARTESIAN_POINT('Ctrl Pts',(90.2326834080553,83.3999999999953,25.));
#7811=CARTESIAN_POINT('Origin',(200.665127063273,83.4,8.88178419700125E-15));
#7812=CARTESIAN_POINT('',(90.2326834080553,83.3999999999953,-25.));
#7813=CARTESIAN_POINT('Ctrl Pts',(90.2326834080553,83.3999999999953,-25.));
#7814=CARTESIAN_POINT('Ctrl Pts',(89.9995125418308,83.3999999999953,-24.9432254362832));
#7815=CARTESIAN_POINT('Ctrl Pts',(89.7663416756063,83.3999999999953,-24.8864508725664));
#7816=CARTESIAN_POINT('Ctrl Pts',(89.5331708093818,83.3999999999953,-24.8296763088496));
#7817=CARTESIAN_POINT('Ctrl Pts',(83.4110251210499,83.3999999999947,-23.3390005821018));
#7818=CARTESIAN_POINT('Ctrl Pts',(77.3139042691722,83.3999999999942,-21.9174367415661));
#7819=CARTESIAN_POINT('Ctrl Pts',(71.1689102347409,83.3999999999936,-20.5577616963671));
#7820=CARTESIAN_POINT('Ctrl Pts',(66.3844779109196,83.3999999999932,-19.4991319890488));
#7821=CARTESIAN_POINT('Ctrl Pts',(62.2894498769935,83.3999999999929,-18.6369615317156));
#7822=CARTESIAN_POINT('Ctrl Pts',(59.1925277434927,83.3999999999926,-18.0000000000175));
#7823=CARTESIAN_POINT('',(108.834872936719,83.4,-25.));
#7824=CARTESIAN_POINT('Ctrl Pts',(111.889763799935,11.6999999999972,-17.5727244159797));
#7825=CARTESIAN_POINT('Ctrl Pts',(111.889763799935,18.5385019130491,-17.5727244159797));
#7826=CARTESIAN_POINT('Ctrl Pts',(111.368261058777,28.7311567381587,-17.5727244159797));
#7827=CARTESIAN_POINT('Ctrl Pts',(108.714833050977,45.2125884374231,-17.5727244159797));
#7828=CARTESIAN_POINT('Ctrl Pts',(103.922629065156,60.8800067279013,-17.5727244159797));
#7829=CARTESIAN_POINT('Ctrl Pts',(97.4754769480476,72.257575722067,-17.5727244159797));
#7830=CARTESIAN_POINT('Ctrl Pts',(93.6866786178907,77.6296138461343,-17.5727244159797));
#7831=CARTESIAN_POINT('Ctrl Pts',(114.839449428345,11.6999999999975,-18.5166238170708));
#7832=CARTESIAN_POINT('Ctrl Pts',(114.839449428344,18.6424791383615,-18.5166238170708));
#7833=CARTESIAN_POINT('Ctrl Pts',(114.311113588989,29.0056946961099,-18.5166238170708));
#7834=CARTESIAN_POINT('Ctrl Pts',(111.596854791564,45.8845223009075,-18.5166238170708));
#7835=CARTESIAN_POINT('Ctrl Pts',(106.65665514616,62.051174703769,-18.5166238170708));
#7836=CARTESIAN_POINT('Ctrl Pts',(99.9954539703574,73.8023908358978,-18.5166238170708));
#7837=CARTESIAN_POINT('Ctrl Pts',(96.0971593139888,79.3296809389824,-18.5166238170708));
#7838=CARTESIAN_POINT('Ctrl Pts',(117.936006167624,11.6999999999978,-19.));
#7839=CARTESIAN_POINT('Ctrl Pts',(117.936006167624,18.7516404298013,-19.));
#7840=CARTESIAN_POINT('Ctrl Pts',(117.400497809287,29.2938952027746,-19.));
#7841=CARTESIAN_POINT('Ctrl Pts',(114.62238104193,46.589914324612,-19.));
#7842=CARTESIAN_POINT('Ctrl Pts',(109.526812036877,63.2806629944708,-19.));
#7843=CARTESIAN_POINT('Ctrl Pts',(102.640913180845,75.4241153924234,-19.));
#7844=CARTESIAN_POINT('Ctrl Pts',(98.6276629624164,81.1143979823454,-19.));
#7845=CARTESIAN_POINT('Ctrl Pts',(121.033035613049,11.6999999999981,-19.));
#7846=CARTESIAN_POINT('Ctrl Pts',(121.033035613048,18.8608207521222,-19.));
#7847=CARTESIAN_POINT('Ctrl Pts',(120.490353923217,29.582137178373,-19.));
#7848=CARTESIAN_POINT('Ctrl Pts',(117.648370032512,47.2954144281009,-19.));
#7849=CARTESIAN_POINT('Ctrl Pts',(112.39740632485,64.5103408385555,-19.));
#7850=CARTESIAN_POINT('Ctrl Pts',(105.286778727448,77.0460839800003,-19.));
#7851=CARTESIAN_POINT('Ctrl Pts',(101.158552905921,82.8993874724242,-19.));
#7852=CARTESIAN_POINT('',(109.446388904946,69.0131613335919,-19.));
#7853=CARTESIAN_POINT('Ctrl Pts',(105.400808339618,76.3987473964329,-19.));
#7854=CARTESIAN_POINT('Ctrl Pts',(106.848771503914,73.992473138057,-19.));
#7855=CARTESIAN_POINT('Ctrl Pts',(108.200138359167,71.5283631804398,-19.));
#7856=CARTESIAN_POINT('Ctrl Pts',(109.445601966586,69.0127717223122,-19.));
#7857=CARTESIAN_POINT('',(115.075494145904,36.1537710424943,-18.695634108133));
#7858=CARTESIAN_POINT('Ctrl Pts',(109.446388904946,69.0131613335918,-19.));
#7859=CARTESIAN_POINT('Ctrl Pts',(109.685404133128,65.8084445618481,-19.));
#7860=CARTESIAN_POINT('Ctrl Pts',(110.009205210586,62.6615451052663,-18.9298186199528));
#7861=CARTESIAN_POINT('Ctrl Pts',(110.823297730217,56.7871109674106,-18.798644920641));
#7862=CARTESIAN_POINT('Ctrl Pts',(111.255138802545,54.2097150177151,-18.7412871544132));
#7863=CARTESIAN_POINT('Ctrl Pts',(112.031445181505,50.1325244776434,-18.683091032798));
#7864=CARTESIAN_POINT('Ctrl Pts',(112.320295761488,48.7086597406027,-18.6685829481576));
#7865=CARTESIAN_POINT('Ctrl Pts',(112.905384197436,45.9435823650113,-18.6526503529216));
#7866=CARTESIAN_POINT('Ctrl Pts',(113.190555929273,44.6453488075892,-18.6503981854164));
#7867=CARTESIAN_POINT('Ctrl Pts',(114.045994602516,40.8097876392129,-18.6564934159467));
#7868=CARTESIAN_POINT('Ctrl Pts',(114.59150531073,38.4331296716641,-18.6756223805278));
#7869=CARTESIAN_POINT('Ctrl Pts',(115.075494145904,36.1537710424943,-18.695634108133));
#7870=CARTESIAN_POINT('',(116.922610831285,24.4789555840565,-18.7733071694831));
#7871=CARTESIAN_POINT('Ctrl Pts',(115.075494145904,36.1537710424941,-18.695634108133));
#7872=CARTESIAN_POINT('Ctrl Pts',(115.118669674919,35.9504347101736,-18.6974193082514));
#7873=CARTESIAN_POINT('Ctrl Pts',(115.161718262444,35.7463368332105,-18.6992327476607));
#7874=CARTESIAN_POINT('Ctrl Pts',(115.204523458662,35.5417900626464,-18.7010640748697));
#7875=CARTESIAN_POINT('Ctrl Pts',(115.247942260521,35.3343111468373,-18.7029216538613));
#7876=CARTESIAN_POINT('Ctrl Pts',(115.291110594745,35.1263703563555,-18.7047976371659));
#7877=CARTESIAN_POINT('Ctrl Pts',(115.333917438056,34.9182410555374,-18.7066812217195));
#7878=CARTESIAN_POINT('Ctrl Pts',(115.377250592667,34.707552799324,-18.7085879649962));
#7879=CARTESIAN_POINT('Ctrl Pts',(115.420213274099,34.4966712493077,-18.7105024975861));
#7880=CARTESIAN_POINT('Ctrl Pts',(115.462701662095,34.2858271984731,-18.7124136130341));
#7881=CARTESIAN_POINT('Ctrl Pts',(115.506274242174,34.0696029611589,-18.7143734951295));
#7882=CARTESIAN_POINT('Ctrl Pts',(115.549347955055,33.8534180570755,-18.716329783465));
#7883=CARTESIAN_POINT('Ctrl Pts',(115.591823482279,33.6374677646342,-18.7182703916305));
#7884=CARTESIAN_POINT('Ctrl Pts',(115.609236026793,33.5489404566629,-18.7190659303388));
#7885=CARTESIAN_POINT('Ctrl Pts',(115.626548194093,33.4604519719848,-18.7198588339436));
#7886=CARTESIAN_POINT('Ctrl Pts',(115.643753766251,33.3720133432724,-18.7206482697848));
#7887=CARTESIAN_POINT('Ctrl Pts',(115.689883224868,33.1349025964766,-18.7227648078246));
#7888=CARTESIAN_POINT('Ctrl Pts',(115.735322188957,32.8977616839655,-18.7248592096291));
#7889=CARTESIAN_POINT('Ctrl Pts',(115.779995049898,32.6605429428538,-18.7269213452109));
#7890=CARTESIAN_POINT('Ctrl Pts',(115.825334100884,32.4197866453679,-18.7290142326668));
#7891=CARTESIAN_POINT('Ctrl Pts',(115.869884003748,32.1789500413891,-18.7310738843757));
#7892=CARTESIAN_POINT('Ctrl Pts',(115.913575698349,31.937929358623,-18.7330897103637));
#7893=CARTESIAN_POINT('Ctrl Pts',(115.95866758267,31.689184675096,-18.7351701376186));
#7894=CARTESIAN_POINT('Ctrl Pts',(116.002845318406,31.4402438496015,-18.7372038851734));
#7895=CARTESIAN_POINT('Ctrl Pts',(116.04604419057,31.1909371975909,-18.7391793119454));
#7896=CARTESIAN_POINT('Ctrl Pts',(116.082863497071,30.9784478992932,-18.7408630096937));
#7897=CARTESIAN_POINT('Ctrl Pts',(116.118971899984,30.7656917573514,-18.7425043402447));
#7898=CARTESIAN_POINT('Ctrl Pts',(116.15433578603,30.552534618012,-18.7440960957945));
#7899=CARTESIAN_POINT('Ctrl Pts',(116.20560668768,30.2434973500752,-18.7464038382791));
#7900=CARTESIAN_POINT('Ctrl Pts',(116.254666279949,29.9375146953181,-18.7485733751631));
#7901=CARTESIAN_POINT('Ctrl Pts',(116.30164712865,29.6335597981045,-18.750609621293));
#7902=CARTESIAN_POINT('Ctrl Pts',(116.349820156143,29.3218917881605,-18.7526975388915));
#7903=CARTESIAN_POINT('Ctrl Pts',(116.395807600455,29.0123559435991,-18.7546453151741));
#7904=CARTESIAN_POINT('Ctrl Pts',(116.439743832936,28.7039004025526,-18.7564582487171));
#7905=CARTESIAN_POINT('Ctrl Pts',(116.484901172706,28.3868720438536,-18.7583215686096));
#7906=CARTESIAN_POINT('Ctrl Pts',(116.527891699091,28.0709850825083,-18.7600424463128));
#7907=CARTESIAN_POINT('Ctrl Pts',(116.568852389311,27.7551519824194,-18.7616266345809));
#7908=CARTESIAN_POINT('Ctrl Pts',(116.611745165698,27.4244212631666,-18.7632855478651));
#7909=CARTESIAN_POINT('Ctrl Pts',(116.652412125754,27.0937497141246,-18.7647945725045));
#7910=CARTESIAN_POINT('Ctrl Pts',(116.691000657613,26.7619452218229,-18.766160314315));
#7911=CARTESIAN_POINT('Ctrl Pts',(116.730808458107,26.4196568165278,-18.7675692090021));
#7912=CARTESIAN_POINT('Ctrl Pts',(116.768404413402,26.0761630690348,-18.7688256232972));
#7913=CARTESIAN_POINT('Ctrl Pts',(116.803939840738,25.7302106292865,-18.7699368091746));
#7914=CARTESIAN_POINT('Ctrl Pts',(116.841317401423,25.3663242409641,-18.7711055982022));
#7915=CARTESIAN_POINT('Ctrl Pts',(116.876415297661,24.9997179094598,-18.7721137114445));
#7916=CARTESIAN_POINT('Ctrl Pts',(116.909397875681,24.6289889761888,-18.772969588164));
#7917=CARTESIAN_POINT('Ctrl Pts',(116.913840460196,24.5790536855902,-18.7730848703793));
#7918=CARTESIAN_POINT('Ctrl Pts',(116.918244650088,24.5290436748726,-18.7731973906112));
#7919=CARTESIAN_POINT('Ctrl Pts',(116.922610831285,24.4789555840565,-18.7733071694831));
#7920=CARTESIAN_POINT('',(117.349999999999,11.6999999999977,-18.7730624671532));
#7921=CARTESIAN_POINT('Ctrl Pts',(116.922610831285,24.4789555840562,-18.7733071694831));
#7922=CARTESIAN_POINT('Ctrl Pts',(117.222627755809,21.037212266179,-18.7808504935069));
#7923=CARTESIAN_POINT('Ctrl Pts',(117.349999999998,16.9141495160461,-18.7730624671532));
#7924=CARTESIAN_POINT('Ctrl Pts',(117.349999999999,11.6999999999977,-18.7730624671532));
#7925=CARTESIAN_POINT('',(111.889763799935,11.6999999999973,-17.5727244159797));
#7926=CARTESIAN_POINT('Origin',(121.033035613049,11.6999999999981,11.));
#7927=CARTESIAN_POINT('Ctrl Pts',(111.889763799935,11.6999999999972,-17.5727244159797));
#7928=CARTESIAN_POINT('Ctrl Pts',(111.889763799935,18.5385019130491,-17.5727244159797));
#7929=CARTESIAN_POINT('Ctrl Pts',(111.368261058777,28.7311567381587,-17.5727244159797));
#7930=CARTESIAN_POINT('Ctrl Pts',(108.714833050977,45.2125884374231,-17.5727244159797));
#7931=CARTESIAN_POINT('Ctrl Pts',(103.922629065156,60.8800067279013,-17.5727244159797));
#7932=CARTESIAN_POINT('Ctrl Pts',(97.4754769480476,72.257575722067,-17.5727244159797));
#7933=CARTESIAN_POINT('Ctrl Pts',(93.6866786178907,77.6296138461343,-17.5727244159797));
#7934=CARTESIAN_POINT('Origin',(194.15,0.,-19.));
#7935=CARTESIAN_POINT('',(176.069344311253,69.0449694839276,-19.));
#7936=CARTESIAN_POINT('Ctrl Pts',(176.069680719726,69.0448032985264,-19.));
#7937=CARTESIAN_POINT('Ctrl Pts',(176.867822818014,70.6604792948439,-19.));
#7938=CARTESIAN_POINT('Ctrl Pts',(178.173412558231,73.1338246850854,-19.));
#7939=CARTESIAN_POINT('Ctrl Pts',(179.582022563934,75.5499419127067,-19.));
#7940=CARTESIAN_POINT('Ctrl Pts',(180.094993088766,76.4012747651898,-19.));
#7941=CARTESIAN_POINT('',(176.147530651152,70.1586754241751,-19.));
#7942=CARTESIAN_POINT('Ctrl Pts',(176.069344311253,69.0449694839276,-19.));
#7943=CARTESIAN_POINT('Ctrl Pts',(176.096326674053,69.4127123644699,-19.));
#7944=CARTESIAN_POINT('Ctrl Pts',(176.122388914117,69.7838769817024,-19.));
#7945=CARTESIAN_POINT('Ctrl Pts',(176.147530651152,70.1586754241752,-19.));
#7946=CARTESIAN_POINT('',(176.154211130212,70.2586754241751,-19.));
#7947=CARTESIAN_POINT('Ctrl Pts',(176.147530651152,70.1586754241751,-19.));
#7948=CARTESIAN_POINT('Ctrl Pts',(176.149764745977,70.1919800148568,-19.));
#7949=CARTESIAN_POINT('Ctrl Pts',(176.151991572419,70.2253132985863,-19.));
#7950=CARTESIAN_POINT('Ctrl Pts',(176.154211130209,70.2586754241751,-19.));
#7951=CARTESIAN_POINT('',(109.357942062511,70.2586754241751,-19.));
#7952=CARTESIAN_POINT('',(185.152105565106,70.2586754241751,-19.));
#7953=CARTESIAN_POINT('',(109.364719873932,70.1586754241751,-19.));
#7954=CARTESIAN_POINT('Ctrl Pts',(109.357942062512,70.2586754241751,-19.));
#7955=CARTESIAN_POINT('Ctrl Pts',(109.360194017677,70.2253133551872,-19.));
#7956=CARTESIAN_POINT('Ctrl Pts',(109.362453288091,70.1919800724767,-19.));
#7957=CARTESIAN_POINT('Ctrl Pts',(109.364719873932,70.1586754241751,-19.));
#7958=CARTESIAN_POINT('Ctrl Pts',(109.364719873932,70.1586754241751,-19.));
#7959=CARTESIAN_POINT('Ctrl Pts',(109.390962175028,69.7730775824476,-19.));
#7960=CARTESIAN_POINT('Ctrl Pts',(109.418185092674,69.3913181184167,-19.));
#7961=CARTESIAN_POINT('Ctrl Pts',(109.446388904946,69.0131613335919,-19.));
#7962=CARTESIAN_POINT('Ctrl Pts',(164.46696438695,11.7,-19.));
#7963=CARTESIAN_POINT('Ctrl Pts',(164.46696438695,18.8608207521333,-19.));
#7964=CARTESIAN_POINT('Ctrl Pts',(165.180664553907,33.1559456153625,-19.));
#7965=CARTESIAN_POINT('Ctrl Pts',(169.402181827867,54.3503893969915,-19.));
#7966=CARTESIAN_POINT('Ctrl Pts',(176.49850973305,70.8924413983693,-19.));
#7967=CARTESIAN_POINT('Ctrl Pts',(182.277334183302,79.9727357262067,-19.));
#7968=CARTESIAN_POINT('Ctrl Pts',(184.341447094067,82.8993874724227,-19.));
#7969=CARTESIAN_POINT('Ctrl Pts',(167.563993832374,11.7,-19.));
#7970=CARTESIAN_POINT('Ctrl Pts',(167.563993832374,18.7516404298125,-19.));
#7971=CARTESIAN_POINT('Ctrl Pts',(168.269208247543,32.8106480476498,-19.));
#7972=CARTESIAN_POINT('Ctrl Pts',(172.389117466261,53.4474530692834,-19.));
#7973=CARTESIAN_POINT('Ctrl Pts',(179.257959840907,69.4539089973026,-19.));
#7974=CARTESIAN_POINT('Ctrl Pts',(184.865711928356,78.2692566873796,-19.));
#7975=CARTESIAN_POINT('Ctrl Pts',(186.872337037572,81.1143979823442,-19.));
#7976=CARTESIAN_POINT('Ctrl Pts',(170.660550571654,11.7,-18.5166238170708));
#7977=CARTESIAN_POINT('Ctrl Pts',(170.660550571654,18.6424791383727,-18.5166238170708));
#7978=CARTESIAN_POINT('Ctrl Pts',(171.357279923214,32.4654005600945,-18.5166238170708));
#7979=CARTESIAN_POINT('Ctrl Pts',(175.375595999982,52.5446544804265,-18.5166238170708));
#7980=CARTESIAN_POINT('Ctrl Pts',(182.016988506486,68.0155968338635,-18.5166238170708));
#7981=CARTESIAN_POINT('Ctrl Pts',(187.453693357814,76.566035887436,-18.5166238170708));
#7982=CARTESIAN_POINT('Ctrl Pts',(189.402840686,79.3296809389816,-18.5166238170708));
#7983=CARTESIAN_POINT('Ctrl Pts',(173.610236200063,11.7,-17.5727244159797));
#7984=CARTESIAN_POINT('Ctrl Pts',(173.610236200063,18.5385019130604,-17.5727244159797));
#7985=CARTESIAN_POINT('Ctrl Pts',(174.298881272244,32.1365211187405,-17.5727244159797));
#7986=CARTESIAN_POINT('Ctrl Pts',(178.220421182277,51.6846758292849,-17.5727244159798));
#7987=CARTESIAN_POINT('Ctrl Pts',(184.645154454998,66.6455063210446,-17.5727244159797));
#7988=CARTESIAN_POINT('Ctrl Pts',(189.918922217019,74.9435947840973,-17.5727244159797));
#7989=CARTESIAN_POINT('Ctrl Pts',(191.813321382099,77.6296138461339,-17.5727244159797));
#7990=CARTESIAN_POINT('',(173.610236200063,11.7,-17.5727244159797));
#7991=CARTESIAN_POINT('Ctrl Pts',(191.813321382099,77.6296138461339,-17.5727244159797));
#7992=CARTESIAN_POINT('Ctrl Pts',(189.918922217019,74.9435947840973,-17.5727244159797));
#7993=CARTESIAN_POINT('Ctrl Pts',(184.645154454998,66.6455063210446,-17.5727244159797));
#7994=CARTESIAN_POINT('Ctrl Pts',(178.220421182277,51.6846758292849,-17.5727244159798));
#7995=CARTESIAN_POINT('Ctrl Pts',(174.298881272244,32.1365211187405,-17.5727244159797));
#7996=CARTESIAN_POINT('Ctrl Pts',(173.610236200063,18.5385019130604,-17.5727244159797));
#7997=CARTESIAN_POINT('Ctrl Pts',(173.610236200063,11.7,-17.5727244159797));
#7998=CARTESIAN_POINT('',(168.150055476866,11.7,-18.7730556044116));
#7999=CARTESIAN_POINT('Origin',(164.46696438695,11.7,11.));
#8000=CARTESIAN_POINT('',(168.577389168712,24.2940629328688,-18.7717343794845));
#8001=CARTESIAN_POINT('Ctrl Pts',(168.150055476866,11.7,-18.7730556044116));
#8002=CARTESIAN_POINT('Ctrl Pts',(168.153157145709,16.8577060409394,-18.772671910879));
#8003=CARTESIAN_POINT('Ctrl Pts',(168.281917377872,20.9044606183908,-18.7796556634344));
#8004=CARTESIAN_POINT('Ctrl Pts',(168.577389168712,24.2940629328688,-18.7717343794845));
#8005=CARTESIAN_POINT('',(170.424505991093,35.9688783696296,-18.6916901744166));
#8006=CARTESIAN_POINT('Ctrl Pts',(168.577389168712,24.2940629328688,-18.7717343794845));
#8007=CARTESIAN_POINT('Ctrl Pts',(168.609907522301,24.6671079241471,-18.7708625966384));
#8008=CARTESIAN_POINT('Ctrl Pts',(168.644528484885,25.035762958632,-18.7698379041594));
#8009=CARTESIAN_POINT('Ctrl Pts',(168.681414357255,25.4014393258535,-18.7686516346765));
#8010=CARTESIAN_POINT('Ctrl Pts',(168.71668457624,25.7510985509404,-18.7675173254748));
#8011=CARTESIAN_POINT('Ctrl Pts',(168.754025657591,26.0980340217202,-18.7662352838761));
#8012=CARTESIAN_POINT('Ctrl Pts',(168.793589543132,26.4435258793554,-18.7647979322804));
#8013=CARTESIAN_POINT('Ctrl Pts',(168.831599958321,26.7754520482191,-18.7634170180911));
#8014=CARTESIAN_POINT('Ctrl Pts',(168.871662062863,27.1060455051354,-18.7618927509088));
#8015=CARTESIAN_POINT('Ctrl Pts',(168.913919846507,27.4364890839507,-18.7602184111446));
#8016=CARTESIAN_POINT('Ctrl Pts',(168.954361610646,27.7527319183721,-18.7586160257852));
#8017=CARTESIAN_POINT('Ctrl Pts',(168.996814412715,28.0688373558723,-18.7568761893611));
#8018=CARTESIAN_POINT('Ctrl Pts',(169.041412844687,28.3858892143756,-18.7549930119058));
#8019=CARTESIAN_POINT('Ctrl Pts',(169.084950506685,28.695400020941,-18.7531546256688));
#8020=CARTESIAN_POINT('Ctrl Pts',(169.130532940777,29.005812532308,-18.7511796360182));
#8021=CARTESIAN_POINT('Ctrl Pts',(169.178293443924,29.3181836459405,-18.7490625633475));
#8022=CARTESIAN_POINT('Ctrl Pts',(169.224610091376,29.621111416616,-18.7470094922519));
#8023=CARTESIAN_POINT('Ctrl Pts',(169.272975113372,29.9258810238185,-18.7448227989539));
#8024=CARTESIAN_POINT('Ctrl Pts',(169.323517745849,30.233505173717,-18.7424974859392));
#8025=CARTESIAN_POINT('Ctrl Pts',(169.33482510285,30.302326600592,-18.7419772687857));
#8026=CARTESIAN_POINT('Ctrl Pts',(169.346241480899,30.3712911014288,-18.7414501136769));
#8027=CARTESIAN_POINT('Ctrl Pts',(169.35776838141,30.4404103748452,-18.7409159646546));
#8028=CARTESIAN_POINT('Ctrl Pts',(169.398173120936,30.6826911367962,-18.7390436354802));
#8029=CARTESIAN_POINT('Ctrl Pts',(169.43961429018,30.9249403401558,-18.7370983912779));
#8030=CARTESIAN_POINT('Ctrl Pts',(169.48201883232,31.1671672035192,-18.7350950192382));
#8031=CARTESIAN_POINT('Ctrl Pts',(169.522570514731,31.3988100025896,-18.7331791842214));
#8032=CARTESIAN_POINT('Ctrl Pts',(169.564003133093,31.6304327696732,-18.7312101901605));
#8033=CARTESIAN_POINT('Ctrl Pts',(169.606237698361,31.8620012574444,-18.7292009693375));
#8034=CARTESIAN_POINT('Ctrl Pts',(169.647092066166,32.0860022412651,-18.7272574085129));
#8035=CARTESIAN_POINT('Ctrl Pts',(169.688696760781,32.3099527197752,-18.725276207134));
#8036=CARTESIAN_POINT('Ctrl Pts',(169.730966872597,32.5337762707054,-18.7232690706093));
#8037=CARTESIAN_POINT('Ctrl Pts',(169.772187135863,32.7520407913824,-18.7213117846593));
#8038=CARTESIAN_POINT('Ctrl Pts',(169.814040124105,32.9701848193094,-18.7193298358501));
#8039=CARTESIAN_POINT('Ctrl Pts',(169.856434911297,33.1880899450791,-18.7173340789024));
#8040=CARTESIAN_POINT('Ctrl Pts',(169.898032623292,33.4018981810492,-18.7153758446897));
#8041=CARTESIAN_POINT('Ctrl Pts',(169.940151910698,33.6154765653384,-18.7134043166782));
#8042=CARTESIAN_POINT('Ctrl Pts',(169.982695647777,33.8286642131281,-18.7114297487806));
#8043=CARTESIAN_POINT('Ctrl Pts',(170.024444596747,34.0378691593741,-18.7094920691112));
#8044=CARTESIAN_POINT('Ctrl Pts',(170.066602238436,34.2466978951623,-18.707551462075));
#8045=CARTESIAN_POINT('Ctrl Pts',(170.109066517609,34.4549491648972,-18.7056176175731));
#8046=CARTESIAN_POINT('Ctrl Pts',(170.151238254013,34.661765760489,-18.7036970956152));
#8047=CARTESIAN_POINT('Ctrl Pts',(170.193712385507,34.8680129067631,-18.7017832433364));
#8048=CARTESIAN_POINT('Ctrl Pts',(170.236379273325,35.0734432184743,-18.6998855517486));
#8049=CARTESIAN_POINT('Ctrl Pts',(170.278845090742,35.2779054268749,-18.6979968031521));
#8050=CARTESIAN_POINT('Ctrl Pts',(170.321501816641,35.4815585185654,-18.6961240632891));
#8051=CARTESIAN_POINT('Ctrl Pts',(170.364232231437,35.6841076735096,-18.6942766896218));
#8052=CARTESIAN_POINT('Ctrl Pts',(170.384311616749,35.7792872439872,-18.6934085930247));
#8053=CARTESIAN_POINT('Ctrl Pts',(170.404407145691,35.874222314102,-18.6925460976388));
#8054=CARTESIAN_POINT('Ctrl Pts',(170.424505991093,35.9688783696296,-18.6916901744167));
#8055=CARTESIAN_POINT('Ctrl Pts',(170.424505991093,35.9688783696293,-18.6916901744167));
#8056=CARTESIAN_POINT('Ctrl Pts',(170.786107291701,37.6718494730034,-18.67629113327));
#8057=CARTESIAN_POINT('Ctrl Pts',(171.182244084061,39.4300945675488,-18.6615117331298));
#8058=CARTESIAN_POINT('Ctrl Pts',(171.911855111059,42.6758489942449,-18.6460820102291));
#8059=CARTESIAN_POINT('Ctrl Pts',(172.235805429141,44.1200649362955,-18.6435414885992));
#8060=CARTESIAN_POINT('Ctrl Pts',(172.840325089164,46.9061763607107,-18.6508024222657));
#8061=CARTESIAN_POINT('Ctrl Pts',(173.112580610532,48.1990297692108,-18.6591715955358));
#8062=CARTESIAN_POINT('Ctrl Pts',(173.739253879612,51.3237958623962,-18.6920286927962));
#8063=CARTESIAN_POINT('Ctrl Pts',(174.07334449678,53.1136652882908,-18.7210902322915));
#8064=CARTESIAN_POINT('Ctrl Pts',(175.212128363903,59.8716267378247,-18.8555421721438));
#8065=CARTESIAN_POINT('Ctrl Pts',(175.722932948923,64.3237257151342,-19.));
#8066=CARTESIAN_POINT('Ctrl Pts',(176.069344311253,69.0449694839275,-19.));
#8067=CARTESIAN_POINT('Ctrl Pts',(184.510189923484,11.6999999999995,-14.0847392244851));
#8068=CARTESIAN_POINT('Ctrl Pts',(184.510189923484,18.4396956931977,-14.0847392244851));
#8069=CARTESIAN_POINT('Ctrl Pts',(185.026353998492,28.331950037281,-14.0847392244851));
#8070=CARTESIAN_POINT('Ctrl Pts',(187.255777614071,41.3180817536305,-14.0847392244851));
#8071=CARTESIAN_POINT('Ctrl Pts',(189.942669082845,50.9093052695273,-14.0847392244851));
#8072=CARTESIAN_POINT('Ctrl Pts',(193.822760980611,60.2218908043774,-14.0847392244851));
#8073=CARTESIAN_POINT('Ctrl Pts',(198.916319409694,69.0557345939681,-14.0847392244851));
#8074=CARTESIAN_POINT('Ctrl Pts',(203.031270296214,74.5800728806763,-14.0847392244851));
#8075=CARTESIAN_POINT('Ctrl Pts',(205.247089919124,77.2574610694056,-14.0847392244851));
#8076=CARTESIAN_POINT('Ctrl Pts',(180.876872015645,11.6999999999993,-15.2474009549935));
#8077=CARTESIAN_POINT('Ctrl Pts',(180.876872015645,18.5734419164698,-15.2474009549935));
#8078=CARTESIAN_POINT('Ctrl Pts',(181.400469564574,28.6824409066776,-15.2474009549935));
#8079=CARTESIAN_POINT('Ctrl Pts',(183.702057201868,42.1058396603383,-15.2474009549935));
#8080=CARTESIAN_POINT('Ctrl Pts',(186.498719305395,52.0957455377462,-15.2474009549935));
#8081=CARTESIAN_POINT('Ctrl Pts',(190.557783222323,61.8395397328276,-15.2474009549935));
#8082=CARTESIAN_POINT('Ctrl Pts',(195.87911738929,71.0652005681682,-15.2474009549935));
#8083=CARTESIAN_POINT('Ctrl Pts',(200.153888795173,76.8019559406377,-15.2474009549935));
#8084=CARTESIAN_POINT('Ctrl Pts',(202.448028156146,79.5739783403229,-15.2474009549935));
#8085=CARTESIAN_POINT('Ctrl Pts',(177.243554107807,11.6999999999992,-16.4100626855019));
#8086=CARTESIAN_POINT('Ctrl Pts',(177.243554107807,18.707188139742,-16.4100626855019));
#8087=CARTESIAN_POINT('Ctrl Pts',(177.774585130656,29.0329317760742,-16.4100626855019));
#8088=CARTESIAN_POINT('Ctrl Pts',(180.148336789664,42.8935975670462,-16.4100626855019));
#8089=CARTESIAN_POINT('Ctrl Pts',(183.054769527945,53.2821858059651,-16.4100626855019));
#8090=CARTESIAN_POINT('Ctrl Pts',(187.292805464035,63.4571886612778,-16.4100626855019));
#8091=CARTESIAN_POINT('Ctrl Pts',(192.841915368886,73.0746665423683,-16.4100626855019));
#8092=CARTESIAN_POINT('Ctrl Pts',(197.276507294133,79.023839000599,-16.4100626855019));
#8093=CARTESIAN_POINT('Ctrl Pts',(199.648966393168,81.8904956112402,-16.4100626855019));
#8094=CARTESIAN_POINT('Ctrl Pts',(173.610236199968,11.699999999999,-17.5727244160103));
#8095=CARTESIAN_POINT('Ctrl Pts',(173.610236199968,18.8409343630141,-17.5727244160103));
#8096=CARTESIAN_POINT('Ctrl Pts',(174.148700696737,29.3834226454708,-17.5727244160103));
#8097=CARTESIAN_POINT('Ctrl Pts',(176.59461637746,43.681355473754,-17.5727244160103));
#8098=CARTESIAN_POINT('Ctrl Pts',(179.610819750495,54.468626074184,-17.5727244160103));
#8099=CARTESIAN_POINT('Ctrl Pts',(184.027827705747,65.074837589728,-17.5727244160103));
#8100=CARTESIAN_POINT('Ctrl Pts',(189.804713348482,75.0841325165684,-17.5727244160103));
#8101=CARTESIAN_POINT('Ctrl Pts',(194.399125793092,81.2457220605604,-17.5727244160103));
#8102=CARTESIAN_POINT('Ctrl Pts',(196.849904630191,84.2070128821575,-17.5727244160103));
#8103=CARTESIAN_POINT('',(184.510189923482,11.7000000000415,-14.0847392244858));
#8104=CARTESIAN_POINT('Ctrl Pts',(184.510189923491,11.7000000000434,-14.084739224483));
#8105=CARTESIAN_POINT('Ctrl Pts',(184.379524269728,12.3040975425214,-14.1265522336871));
#8106=CARTESIAN_POINT('Ctrl Pts',(184.158972002544,13.5185069158591,-14.1990203411108));
#8107=CARTESIAN_POINT('Ctrl Pts',(183.950288409233,15.3995512529276,-14.2748941725745));
#8108=CARTESIAN_POINT('Ctrl Pts',(183.865865684169,17.2436062197737,-14.3171437686896));
#8109=CARTESIAN_POINT('Ctrl Pts',(183.886310837435,19.6576046031289,-14.3388401555162));
#8110=CARTESIAN_POINT('Ctrl Pts',(184.052696164569,22.6678078535468,-14.3362821620749));
#8111=CARTESIAN_POINT('Ctrl Pts',(184.416519637693,27.4959641239683,-14.3377312234748));
#8112=CARTESIAN_POINT('Ctrl Pts',(185.12074198669,33.5581603104952,-14.3367331916695));
#8113=CARTESIAN_POINT('Ctrl Pts',(186.400816760664,40.7213793421138,-14.3372449952959));
#8114=CARTESIAN_POINT('Ctrl Pts',(188.215286517256,47.8064343998675,-14.3370042647998));
#8115=CARTESIAN_POINT('Ctrl Pts',(190.637665946712,54.7643233865439,-14.3371112044297));
#8116=CARTESIAN_POINT('Ctrl Pts',(193.711562744594,61.525502920728,-14.3370629691507));
#8117=CARTESIAN_POINT('Ctrl Pts',(198.176541950869,69.3433199444985,-14.3370847570294));
#8118=CARTESIAN_POINT('Ctrl Pts',(202.054355303765,74.6357397899019,-14.3370782390673));
#8119=CARTESIAN_POINT('Ctrl Pts',(204.639686238877,77.7601513524548,-14.3370762007664));
#8120=CARTESIAN_POINT('',(169.15,11.7,-19.));
#8121=CARTESIAN_POINT('Ctrl Pts',(215.542827076261,89.2035159541753,-14.3370765099145));
#8122=CARTESIAN_POINT('Ctrl Pts',(214.332151411018,88.0854179237224,-14.3370765099145));
#8123=CARTESIAN_POINT('Ctrl Pts',(211.266583788739,85.148425609052,-14.3370776832924));
#8124=CARTESIAN_POINT('Ctrl Pts',(204.849713392851,78.3430813857162,-14.3370717097935));
#8125=CARTESIAN_POINT('Ctrl Pts',(198.684510228051,70.2327312634383,-14.3370872357758));
#8126=CARTESIAN_POINT('Ctrl Pts',(193.711562744594,61.525502920728,-14.3370629691507));
#8127=CARTESIAN_POINT('Ctrl Pts',(190.637665946712,54.7643233865439,-14.3371112044297));
#8128=CARTESIAN_POINT('Ctrl Pts',(188.215286517256,47.8064343998675,-14.3370042647998));
#8129=CARTESIAN_POINT('Ctrl Pts',(186.400816760664,40.7213793421138,-14.3372449952959));
#8130=CARTESIAN_POINT('Ctrl Pts',(185.12074198669,33.5581603104952,-14.3367331916695));
#8131=CARTESIAN_POINT('Ctrl Pts',(184.416519637693,27.4959641239683,-14.3377312234748));
#8132=CARTESIAN_POINT('Ctrl Pts',(184.052696164569,22.6678078535468,-14.3362821620749));
#8133=CARTESIAN_POINT('Ctrl Pts',(183.886310837435,19.6576046031289,-14.3388401555162));
#8134=CARTESIAN_POINT('Ctrl Pts',(183.865865684169,17.2436062197737,-14.3171437686896));
#8135=CARTESIAN_POINT('Ctrl Pts',(183.950288409233,15.3995512529276,-14.2748941725745));
#8136=CARTESIAN_POINT('Ctrl Pts',(184.158972002544,13.5185069158591,-14.1990203411108));
#8137=CARTESIAN_POINT('Ctrl Pts',(184.379524269728,12.3040975425214,-14.1265522336871));
#8138=CARTESIAN_POINT('Ctrl Pts',(184.510189923491,11.7000000000434,-14.084739224483));
#8139=CARTESIAN_POINT('Ctrl Pts',(216.631342309083,88.0248725188676,-13.8236718607458));
#8140=CARTESIAN_POINT('Ctrl Pts',(215.434976083142,86.919958432013,-13.8236723910906));
#8141=CARTESIAN_POINT('Ctrl Pts',(212.407365091604,84.0193634709363,-13.8236720130564));
#8142=CARTESIAN_POINT('Ctrl Pts',(206.078208713015,77.3065160959767,-13.8236689599474));
#8143=CARTESIAN_POINT('Ctrl Pts',(200.017656269853,69.3313442835196,-13.8236796572875));
#8144=CARTESIAN_POINT('Ctrl Pts',(195.14153883908,60.792877678681,-13.8236616947391));
#8145=CARTESIAN_POINT('Ctrl Pts',(192.129519280956,54.1679070931931,-13.8236996199394));
#8146=CARTESIAN_POINT('Ctrl Pts',(189.753834138315,47.3447958951234,-13.8236130422496));
#8147=CARTESIAN_POINT('Ctrl Pts',(187.970823792262,40.3838678078284,-13.8238145245648));
#8148=CARTESIAN_POINT('Ctrl Pts',(186.709255305237,33.3268131497278,-13.8233802301991));
#8149=CARTESIAN_POINT('Ctrl Pts',(186.014193137606,27.3418209734338,-13.8242332714383));
#8150=CARTESIAN_POINT('Ctrl Pts',(185.653305153155,22.563210345611,-13.8230199896655));
#8151=CARTESIAN_POINT('Ctrl Pts',(185.490553522179,19.5888196996043,-13.8251132235906));
#8152=CARTESIAN_POINT('Ctrl Pts',(185.461587962655,17.2773841564165,-13.8072110262353));
#8153=CARTESIAN_POINT('Ctrl Pts',(185.521028759824,15.5316475120923,-13.7733247367134));
#8154=CARTESIAN_POINT('Ctrl Pts',(185.681421395556,13.7601687315689,-13.7127516661411));
#8155=CARTESIAN_POINT('Ctrl Pts',(185.854318068562,12.6112769887226,-13.6549662981467));
#8156=CARTESIAN_POINT('Ctrl Pts',(185.958019437027,12.0374433129008,-13.6214337801515));
#8157=CARTESIAN_POINT('Ctrl Pts',(218.818151157584,85.6569976230102,-12.1809521481974));
#8158=CARTESIAN_POINT('Ctrl Pts',(217.650653908768,84.5787482486391,-12.1809504779683));
#8159=CARTESIAN_POINT('Ctrl Pts',(214.698994330659,81.7508415376812,-12.180954919586));
#8160=CARTESIAN_POINT('Ctrl Pts',(208.546423893209,75.224352344206,-12.1809479840115));
#8161=CARTESIAN_POINT('Ctrl Pts',(202.695933250576,67.5204626693769,-12.1809573127183));
#8162=CARTESIAN_POINT('Ctrl Pts',(198.014292932843,59.3209911286905,-12.1809466470487));
#8163=CARTESIAN_POINT('Ctrl Pts',(195.126655744313,52.9697360850144,-12.1809608549396));
#8164=CARTESIAN_POINT('Ctrl Pts',(192.844738509247,46.4173883692656,-12.1809372175963));
#8165=CARTESIAN_POINT('Ctrl Pts',(191.124972309716,39.7057650003328,-12.1809696918357));
#8166=CARTESIAN_POINT('Ctrl Pts',(189.900502413911,32.8621598461221,-12.1809192962327));
#8167=CARTESIAN_POINT('Ctrl Pts',(189.224015071841,27.031940449753,-12.18099861803));
#8168=CARTESIAN_POINT('Ctrl Pts',(188.868988890697,22.3536210671817,-12.1808009121637));
#8169=CARTESIAN_POINT('Ctrl Pts',(188.713182647479,19.4493607937531,-12.1813374257517));
#8170=CARTESIAN_POINT('Ctrl Pts',(188.667937958625,17.3148269182152,-12.1746980302135));
#8171=CARTESIAN_POINT('Ctrl Pts',(188.685153157189,15.7379484141988,-12.162335684818));
#8172=CARTESIAN_POINT('Ctrl Pts',(188.764146537666,14.1548474588163,-12.1414109510201));
#8173=CARTESIAN_POINT('Ctrl Pts',(188.857033677383,13.1210764373492,-12.1211417146592));
#8174=CARTESIAN_POINT('Ctrl Pts',(188.91461720824,12.6009057968792,-12.1093838881946));
#8175=CARTESIAN_POINT('Ctrl Pts',(221.399798449415,82.8615919722282,-7.89741395246631));
#8176=CARTESIAN_POINT('Ctrl Pts',(220.266312292789,81.8147242644487,-7.89741250647694));
#8177=CARTESIAN_POINT('Ctrl Pts',(217.404491682907,79.0728617195584,-7.89741518430974));
#8178=CARTESIAN_POINT('Ctrl Pts',(211.460182141327,72.7661130181569,-7.89741512333306));
#8179=CARTESIAN_POINT('Ctrl Pts',(205.857768045646,65.3825686562146,-7.89740775191348));
#8180=CARTESIAN_POINT('Ctrl Pts',(201.405776290822,57.5834459529654,-7.89742266311758));
#8181=CARTESIAN_POINT('Ctrl Pts',(198.664892559104,51.5550801692051,-7.89738697156174));
#8182=CARTESIAN_POINT('Ctrl Pts',(196.493785189186,45.3227941331001,-7.89747291266325));
#8183=CARTESIAN_POINT('Ctrl Pts',(194.848483748512,38.9047132929156,-7.89726150398401));
#8184=CARTESIAN_POINT('Ctrl Pts',(193.668203792987,32.3146297037985,-7.89772718735651));
#8185=CARTESIAN_POINT('Ctrl Pts',(193.012892660951,26.6642395609282,-7.89680236480606));
#8186=CARTESIAN_POINT('Ctrl Pts',(192.665842935742,22.1087543725024,-7.89807662830261));
#8187=CARTESIAN_POINT('Ctrl Pts',(192.516479078817,19.2790090110466,-7.89595527389063));
#8188=CARTESIAN_POINT('Ctrl Pts',(192.451881846005,17.2433828492022,-7.91462273762606));
#8189=CARTESIAN_POINT('Ctrl Pts',(192.428804578462,15.7523620823605,-7.94792934307663));
#8190=CARTESIAN_POINT('Ctrl Pts',(192.435011029713,14.2618840746005,-8.00667628891016));
#8191=CARTESIAN_POINT('Ctrl Pts',(192.457153920194,13.2851396234208,-8.06248859940539));
#8192=CARTESIAN_POINT('Ctrl Pts',(192.473390513928,12.7920765054752,-8.09524092915178));
#8193=CARTESIAN_POINT('Ctrl Pts',(222.476360592175,81.6958913334103,-3.48802660578767));
#8194=CARTESIAN_POINT('Ctrl Pts',(221.35710966048,80.6621935588069,-3.48802542135284));
#8195=CARTESIAN_POINT('Ctrl Pts',(218.532621572827,77.9560043584175,-3.48802601585811));
#8196=CARTESIAN_POINT('Ctrl Pts',(212.675319276867,71.7411615114709,-3.48803410595445));
#8197=CARTESIAN_POINT('Ctrl Pts',(207.176271921784,64.4910015197333,-3.48800691077789));
#8198=CARTESIAN_POINT('Ctrl Pts',(202.820030458294,56.8589124662735,-3.48805219288892));
#8199=CARTESIAN_POINT('Ctrl Pts',(200.140360657001,50.9650477956371,-3.48795722750557));
#8200=CARTESIAN_POINT('Ctrl Pts',(198.015472902589,44.866585948591,-3.48817335050055));
#8201=CARTESIAN_POINT('Ctrl Pts',(196.40118430177,38.5701732336366,-3.48767213645209));
#8202=CARTESIAN_POINT('Ctrl Pts',(195.239414422017,32.0873136609531,-3.48875105905176));
#8203=CARTESIAN_POINT('Ctrl Pts',(194.592785049759,26.5090639685467,-3.48663324191006));
#8204=CARTESIAN_POINT('Ctrl Pts',(194.249394526847,22.0094061536393,-3.48965356878591));
#8205=CARTESIAN_POINT('Ctrl Pts',(194.101889807901,19.201767073052,-3.48440887071233));
#8206=CARTESIAN_POINT('Ctrl Pts',(194.025185691951,17.0840364716274,-3.53075168996812));
#8207=CARTESIAN_POINT('Ctrl Pts',(193.984343221855,15.5020320951169,-3.61664713426828));
#8208=CARTESIAN_POINT('Ctrl Pts',(193.961219223906,13.9027801510926,-3.76894835752453));
#8209=CARTESIAN_POINT('Ctrl Pts',(193.956868959904,12.8586896993197,-3.91424550839981));
#8210=CARTESIAN_POINT('Ctrl Pts',(193.957587837084,12.3341150254848,-3.99888563124361));
#8211=CARTESIAN_POINT('Ctrl Pts',(222.618062214852,81.5424569281737,-0.892980603841024));
#8212=CARTESIAN_POINT('Ctrl Pts',(221.500727532496,80.5105593521444,-0.892979733779509));
#8213=CARTESIAN_POINT('Ctrl Pts',(218.681047081677,77.8089001463879,-0.89297842895883));
#8214=CARTESIAN_POINT('Ctrl Pts',(212.835327738883,71.6063710706034,-0.892993237555171));
#8215=CARTESIAN_POINT('Ctrl Pts',(207.349819680287,64.373610665274,-0.892950216857557));
#8216=CARTESIAN_POINT('Ctrl Pts',(203.006168086321,56.763569216512,-0.893019495953082));
#8217=CARTESIAN_POINT('Ctrl Pts',(200.334571055538,50.8872990937171,-0.892878145326864));
#8218=CARTESIAN_POINT('Ctrl Pts',(198.215773188255,44.8067280732598,-0.893195620280823));
#8219=CARTESIAN_POINT('Ctrl Pts',(196.605538349281,38.5257393888137,-0.89247014779089));
#8220=CARTESIAN_POINT('Ctrl Pts',(195.446266374743,32.0582067975933,-0.894022269414124));
#8221=CARTESIAN_POINT('Ctrl Pts',(194.800667173178,26.4871355169158,-0.890985490431689));
#8222=CARTESIAN_POINT('Ctrl Pts',(194.45800673659,21.9984977028928,-0.895353199107311));
#8223=CARTESIAN_POINT('Ctrl Pts',(194.310133363481,19.1867576909965,-0.887722625287688));
#8224=CARTESIAN_POINT('Ctrl Pts',(194.228611255994,16.9636735400108,-0.952686106071558));
#8225=CARTESIAN_POINT('Ctrl Pts',(194.184211459643,15.2726944144144,-1.07759087844331));
#8226=CARTESIAN_POINT('Ctrl Pts',(194.157052483907,13.5481812339484,-1.30143892456685));
#8227=CARTESIAN_POINT('Ctrl Pts',(194.150543949999,12.4282675627121,-1.51512634097557));
#8228=CARTESIAN_POINT('Ctrl Pts',(194.15,11.8687216564705,-1.63873449034384));
#8229=CARTESIAN_POINT('Ctrl Pts',(222.618062214853,81.5424569281739,-0.0507143019119738));
#8230=CARTESIAN_POINT('Ctrl Pts',(221.500727877585,80.5105626250823,-0.0507143019120019));
#8231=CARTESIAN_POINT('Ctrl Pts',(218.681046417283,77.8088938450641,-0.0507104519204872));
#8232=CARTESIAN_POINT('Ctrl Pts',(212.835328974746,71.6063827919397,-0.0507300515646996));
#8233=CARTESIAN_POINT('Ctrl Pts',(207.349817774221,64.373592587517,-0.050679109234931));
#8234=CARTESIAN_POINT('Ctrl Pts',(203.006170282229,56.7635900432242,-0.0507587304874635));
#8235=CARTESIAN_POINT('Ctrl Pts',(200.334566542814,50.8872562936557,-0.0506004656554352));
#8236=CARTESIAN_POINT('Ctrl Pts',(198.215781924856,44.8068109331063,-0.0509513454022115));
#8237=CARTESIAN_POINT('Ctrl Pts',(196.605521546811,38.5255800366493,-0.0501614842862197));
#8238=CARTESIAN_POINT('Ctrl Pts',(195.446300013355,32.0585257712088,-0.0518407637723352));
#8239=CARTESIAN_POINT('Ctrl Pts',(194.800606419041,26.4865597694427,-0.0485661204320758));
#8240=CARTESIAN_POINT('Ctrl Pts',(194.458099746297,21.9993765753995,-0.0533206375123378));
#8241=CARTESIAN_POINT('Ctrl Pts',(194.309920259219,19.1847763804902,-0.0449276021947123));
#8242=CARTESIAN_POINT('Ctrl Pts',(194.227152484529,16.9220758259137,-0.116115642766826));
#8243=CARTESIAN_POINT('Ctrl Pts',(194.182395368854,15.1906669698192,-0.254740842734618));
#8244=CARTESIAN_POINT('Ctrl Pts',(194.155599329491,13.419878402611,-0.503690561219928));
#8245=CARTESIAN_POINT('Ctrl Pts',(194.15,12.2722912252754,-0.741465754514504));
#8246=CARTESIAN_POINT('Ctrl Pts',(194.15,11.7000000000417,-0.878658468650377));
#8247=CARTESIAN_POINT('',(194.15,11.7000000000396,-0.878658468641407));
#8248=CARTESIAN_POINT('Ctrl Pts',(222.618062214853,81.5424569281739,-0.0507143019119738));
#8249=CARTESIAN_POINT('Ctrl Pts',(221.500727877585,80.5105626250823,-0.0507143019120019));
#8250=CARTESIAN_POINT('Ctrl Pts',(218.681046417283,77.8088938450641,-0.0507104519204872));
#8251=CARTESIAN_POINT('Ctrl Pts',(212.835328974746,71.6063827919397,-0.0507300515646996));
#8252=CARTESIAN_POINT('Ctrl Pts',(207.349817774221,64.373592587517,-0.050679109234931));
#8253=CARTESIAN_POINT('Ctrl Pts',(203.006170282229,56.7635900432242,-0.0507587304874635));
#8254=CARTESIAN_POINT('Ctrl Pts',(200.334566542814,50.8872562936557,-0.0506004656554352));
#8255=CARTESIAN_POINT('Ctrl Pts',(198.215781924856,44.8068109331063,-0.0509513454022115));
#8256=CARTESIAN_POINT('Ctrl Pts',(196.605521546811,38.5255800366493,-0.0501614842862197));
#8257=CARTESIAN_POINT('Ctrl Pts',(195.446300013355,32.0585257712088,-0.0518407637723352));
#8258=CARTESIAN_POINT('Ctrl Pts',(194.800606419041,26.4865597694427,-0.0485661204320758));
#8259=CARTESIAN_POINT('Ctrl Pts',(194.458099746297,21.9993765753995,-0.0533206375123378));
#8260=CARTESIAN_POINT('Ctrl Pts',(194.309920259219,19.1847763804902,-0.0449276021947123));
#8261=CARTESIAN_POINT('Ctrl Pts',(194.227152484529,16.9220758259137,-0.116115642766826));
#8262=CARTESIAN_POINT('Ctrl Pts',(194.182395368854,15.1906669698192,-0.254740842734618));
#8263=CARTESIAN_POINT('Ctrl Pts',(194.155599329491,13.419878402611,-0.503690561219928));
#8264=CARTESIAN_POINT('Ctrl Pts',(194.15,12.2722912252754,-0.741465754514504));
#8265=CARTESIAN_POINT('Ctrl Pts',(194.15,11.7000000000417,-0.878658468650377));
#8266=CARTESIAN_POINT('Ctrl Pts',(194.15,11.7000000000417,-0.878658468650377));
#8267=CARTESIAN_POINT('Ctrl Pts',(194.15,11.8687216564705,-1.63873449034384));
#8268=CARTESIAN_POINT('Ctrl Pts',(193.957587837084,12.3341150254848,-3.99888563124361));
#8269=CARTESIAN_POINT('Ctrl Pts',(192.473390513928,12.7920765054752,-8.09524092915178));
#8270=CARTESIAN_POINT('Ctrl Pts',(188.91461720824,12.6009057968792,-12.1093838881946));
#8271=CARTESIAN_POINT('Ctrl Pts',(185.958019437027,12.0374433129008,-13.6214337801515));
#8272=CARTESIAN_POINT('Ctrl Pts',(184.510189923491,11.7000000000434,-14.084739224483));
#8273=CARTESIAN_POINT('Ctrl Pts',(194.15,11.7,-19.));
#8274=CARTESIAN_POINT('Ctrl Pts',(194.15,11.7,19.));
#8275=CARTESIAN_POINT('Ctrl Pts',(194.15,13.5209599019541,-19.));
#8276=CARTESIAN_POINT('Ctrl Pts',(194.15,13.5209599019541,19.));
#8277=CARTESIAN_POINT('Ctrl Pts',(194.197793473578,17.1387729654754,-19.));
#8278=CARTESIAN_POINT('Ctrl Pts',(194.197793473578,17.1387729654754,19.));
#8279=CARTESIAN_POINT('Ctrl Pts',(194.412867750061,22.4931728511749,-19.));
#8280=CARTESIAN_POINT('Ctrl Pts',(194.412867750061,22.4931728511749,19.));
#8281=CARTESIAN_POINT('Ctrl Pts',(195.004395794426,29.4843794050192,-19.));
#8282=CARTESIAN_POINT('Ctrl Pts',(195.004395794426,29.4843794050192,19.));
#8283=CARTESIAN_POINT('Ctrl Pts',(196.360176476946,37.9547872609856,-19.));
#8284=CARTESIAN_POINT('Ctrl Pts',(196.360176476946,37.9547872609856,19.));
#8285=CARTESIAN_POINT('Ctrl Pts',(198.47314244681,46.1270735774075,-19.));
#8286=CARTESIAN_POINT('Ctrl Pts',(198.47314244681,46.1270735774075,19.));
#8287=CARTESIAN_POINT('Ctrl Pts',(201.481456537976,53.9724769373982,-19.));
#8288=CARTESIAN_POINT('Ctrl Pts',(201.481456537976,53.9724769373982,19.));
#8289=CARTESIAN_POINT('Ctrl Pts',(205.470844160846,61.4766516157379,-19.));
#8290=CARTESIAN_POINT('Ctrl Pts',(205.470844160846,61.4766516157379,19.));
#8291=CARTESIAN_POINT('Ctrl Pts',(210.425365803523,68.6537959059457,-19.));
#8292=CARTESIAN_POINT('Ctrl Pts',(210.425365803523,68.6537959059457,19.));
#8293=CARTESIAN_POINT('Ctrl Pts',(216.286271548168,75.5285631285444,-19.));
#8294=CARTESIAN_POINT('Ctrl Pts',(216.286271548168,75.5285631285444,19.));
#8295=CARTESIAN_POINT('Ctrl Pts',(221.645795213323,80.8064416481759,-19.));
#8296=CARTESIAN_POINT('Ctrl Pts',(221.645795213323,80.8064416481759,19.));
#8297=CARTESIAN_POINT('Ctrl Pts',(226.019880339807,84.6479411456817,-19.));
#8298=CARTESIAN_POINT('Ctrl Pts',(226.019880339807,84.6479411456817,19.));
#8299=CARTESIAN_POINT('Ctrl Pts',(229.090885512779,87.1578322114751,-19.));
#8300=CARTESIAN_POINT('Ctrl Pts',(229.090885512779,87.1578322114751,19.));
#8301=CARTESIAN_POINT('Ctrl Pts',(230.665127063273,88.4,-19.));
#8302=CARTESIAN_POINT('Ctrl Pts',(230.665127063273,88.4,19.));
#8303=CARTESIAN_POINT('',(194.15,11.7000000000008,0.878658468473141));
#8304=CARTESIAN_POINT('Ctrl Pts',(194.15,11.6999999999677,0.878658468481145));
#8305=CARTESIAN_POINT('Ctrl Pts',(194.15,12.272291225463,0.741465754290122));
#8306=CARTESIAN_POINT('Ctrl Pts',(194.155599329492,13.4198784027815,0.503690561039613));
#8307=CARTESIAN_POINT('Ctrl Pts',(194.182395368855,15.1906669696854,0.254740842663423));
#8308=CARTESIAN_POINT('Ctrl Pts',(194.227152484516,16.9220758255036,0.116115642728626));
#8309=CARTESIAN_POINT('Ctrl Pts',(194.309920259186,19.1847763797505,0.0449276021992946));
#8310=CARTESIAN_POINT('Ctrl Pts',(194.458099746274,21.9993765750357,0.0533206375112182));
#8311=CARTESIAN_POINT('Ctrl Pts',(194.800606418992,26.4865597690169,0.0485661204327888));
#8312=CARTESIAN_POINT('Ctrl Pts',(195.446300013359,32.0585257712195,0.0518407637716912));
#8313=CARTESIAN_POINT('Ctrl Pts',(196.605521546804,38.5255800366397,0.0501614842865655));
#8314=CARTESIAN_POINT('Ctrl Pts',(198.215781924868,44.8068109331201,0.0509513454020813));
#8315=CARTESIAN_POINT('Ctrl Pts',(200.334566542785,50.8872562936254,0.0506004656555141));
#8316=CARTESIAN_POINT('Ctrl Pts',(203.00617028228,56.763590043278,0.0507587304874283));
#8317=CARTESIAN_POINT('Ctrl Pts',(207.349817774053,64.3735925873471,0.050679109235003));
#8318=CARTESIAN_POINT('Ctrl Pts',(212.835328975217,71.6063827923922,0.0507300515646348));
#8319=CARTESIAN_POINT('Ctrl Pts',(218.681046416004,77.808893843768,0.0507104519204765));
#8320=CARTESIAN_POINT('Ctrl Pts',(221.500727877949,80.5105626254183,0.0507143019119527));
#8321=CARTESIAN_POINT('Ctrl Pts',(222.618062214852,81.5424569281734,0.0507143019119627));
#8322=CARTESIAN_POINT('',(194.15,11.7,-19.));
#8323=CARTESIAN_POINT('Ctrl Pts',(184.51018992333,11.6999999999655,14.0847392245345));
#8324=CARTESIAN_POINT('Ctrl Pts',(184.379524269514,12.3040975427178,14.1265522337554));
#8325=CARTESIAN_POINT('Ctrl Pts',(184.158972002375,13.5185069160427,14.1990203411656));
#8326=CARTESIAN_POINT('Ctrl Pts',(183.950288409167,15.3995512527877,14.274894172596));
#8327=CARTESIAN_POINT('Ctrl Pts',(183.86586568412,17.2436062193383,14.3171437687011));
#8328=CARTESIAN_POINT('Ctrl Pts',(183.886310837405,19.6576046023398,14.3388401555145));
#8329=CARTESIAN_POINT('Ctrl Pts',(184.052696164545,22.667807853159,14.3362821620749));
#8330=CARTESIAN_POINT('Ctrl Pts',(184.41651963764,27.4959641235057,14.3377312234745));
#8331=CARTESIAN_POINT('Ctrl Pts',(185.120741986681,33.5581603105131,14.3367331916738));
#8332=CARTESIAN_POINT('Ctrl Pts',(186.400816760644,40.7213793421102,14.3372449953002));
#8333=CARTESIAN_POINT('Ctrl Pts',(188.215286517267,47.8064343998837,14.3370042648005));
#8334=CARTESIAN_POINT('Ctrl Pts',(190.637665946679,54.7643233865118,14.3371112044306));
#8335=CARTESIAN_POINT('Ctrl Pts',(193.71156274465,61.525502920786,14.3370629691506));
#8336=CARTESIAN_POINT('Ctrl Pts',(198.684510227868,70.2327312632534,14.3370872357761));
#8337=CARTESIAN_POINT('Ctrl Pts',(204.849713393371,78.3430813862016,14.33707170979));
#8338=CARTESIAN_POINT('Ctrl Pts',(211.266583787358,85.1484256076229,14.3370776832858));
#8339=CARTESIAN_POINT('Ctrl Pts',(214.332151411444,88.0854179240629,14.3370765099018));
#8340=CARTESIAN_POINT('Ctrl Pts',(215.542827076293,89.2035159541509,14.3370765099018));
#8341=CARTESIAN_POINT('Ctrl Pts',(185.958019436894,12.037443312811,13.621433780194));
#8342=CARTESIAN_POINT('Ctrl Pts',(185.854318068389,12.6112769888877,13.6549662982021));
#8343=CARTESIAN_POINT('Ctrl Pts',(185.68142139542,13.7601687317041,13.7127516661851));
#8344=CARTESIAN_POINT('Ctrl Pts',(185.521028759768,15.5316475119251,13.7733247367309));
#8345=CARTESIAN_POINT('Ctrl Pts',(185.461587962612,17.2773841559596,13.8072110262446));
#8346=CARTESIAN_POINT('Ctrl Pts',(185.490553522148,19.5888196988199,13.8251132235893));
#8347=CARTESIAN_POINT('Ctrl Pts',(185.653305153131,22.5632103452268,13.8230199896652));
#8348=CARTESIAN_POINT('Ctrl Pts',(186.014193137552,27.341820972978,13.8242332714375));
#8349=CARTESIAN_POINT('Ctrl Pts',(186.709255305232,33.3268131497439,13.8233802302049));
#8350=CARTESIAN_POINT('Ctrl Pts',(187.970823792246,40.3838678078238,13.8238145245704));
#8351=CARTESIAN_POINT('Ctrl Pts',(189.753834138324,47.34479589514,13.8236130422495));
#8352=CARTESIAN_POINT('Ctrl Pts',(192.129519280925,54.1679070931613,13.8236996199408));
#8353=CARTESIAN_POINT('Ctrl Pts',(195.141538839134,60.7928776787382,13.8236616947388));
#8354=CARTESIAN_POINT('Ctrl Pts',(200.017656269672,69.3313442833365,13.823679657288));
#8355=CARTESIAN_POINT('Ctrl Pts',(206.07820871353,77.306516096458,13.8236689599439));
#8356=CARTESIAN_POINT('Ctrl Pts',(212.40736509024,84.0193634695252,13.8236720130497));
#8357=CARTESIAN_POINT('Ctrl Pts',(215.434976083563,86.9199584323462,13.8236723910781));
#8358=CARTESIAN_POINT('Ctrl Pts',(216.631342309111,88.0248725188465,13.8236718607316));
#8359=CARTESIAN_POINT('Ctrl Pts',(188.914617208158,12.6009057967688,12.109383888211));
#8360=CARTESIAN_POINT('Ctrl Pts',(188.857033677281,13.1210764374602,12.1211417146797));
#8361=CARTESIAN_POINT('Ctrl Pts',(188.764146537587,14.1548474588701,12.1414109510357));
#8362=CARTESIAN_POINT('Ctrl Pts',(188.685153157154,15.7379484139866,12.1623356848242));
#8363=CARTESIAN_POINT('Ctrl Pts',(188.667937958592,17.3148269177261,12.174698030217));
#8364=CARTESIAN_POINT('Ctrl Pts',(188.713182647446,19.4493607929756,12.181337425751));
#8365=CARTESIAN_POINT('Ctrl Pts',(188.868988890675,22.3536210668098,12.1808009121636));
#8366=CARTESIAN_POINT('Ctrl Pts',(189.224015071789,27.0319404493041,12.1809986180266));
#8367=CARTESIAN_POINT('Ctrl Pts',(189.900502413909,32.8621598461397,12.1809192962423));
#8368=CARTESIAN_POINT('Ctrl Pts',(191.124972309703,39.7057650003267,12.1809696918439));
#8369=CARTESIAN_POINT('Ctrl Pts',(192.844738509258,46.4173883692809,12.1809372175936));
#8370=CARTESIAN_POINT('Ctrl Pts',(195.126655744282,52.9697360849833,12.1809608549421));
#8371=CARTESIAN_POINT('Ctrl Pts',(198.014292932896,59.3209911287464,12.1809466470477));
#8372=CARTESIAN_POINT('Ctrl Pts',(202.695933250401,67.5204626691987,12.1809573127194));
#8373=CARTESIAN_POINT('Ctrl Pts',(208.546423893708,75.2243523446768,12.1809479840087));
#8374=CARTESIAN_POINT('Ctrl Pts',(214.698994329326,81.7508415363122,12.1809549195811));
#8375=CARTESIAN_POINT('Ctrl Pts',(217.650653909168,84.5787482489736,12.18095047796));
#8376=CARTESIAN_POINT('Ctrl Pts',(218.818151157603,85.6569976229966,12.1809521481817));
#8377=CARTESIAN_POINT('Ctrl Pts',(192.473390513902,12.7920765053586,8.09524092910712));
#8378=CARTESIAN_POINT('Ctrl Pts',(192.457153920161,13.2851396235104,8.06248859934908));
#8379=CARTESIAN_POINT('Ctrl Pts',(192.435011029688,14.2618840746228,8.00667628886645));
#8380=CARTESIAN_POINT('Ctrl Pts',(192.428804578449,15.7523620821351,7.94792934305827));
#8381=CARTESIAN_POINT('Ctrl Pts',(192.451881845984,17.2433828487079,7.9146227376165));
#8382=CARTESIAN_POINT('Ctrl Pts',(192.516479078783,19.2790090102863,7.89595527389138));
#8383=CARTESIAN_POINT('Ctrl Pts',(192.66584293572,22.108754372138,7.89807662830211));
#8384=CARTESIAN_POINT('Ctrl Pts',(193.012892660896,26.6642395604948,7.89680236480374));
#8385=CARTESIAN_POINT('Ctrl Pts',(193.668203792994,32.3146297038116,7.89772718736335));
#8386=CARTESIAN_POINT('Ctrl Pts',(194.848483748507,38.9047132929068,7.89726150399015));
#8387=CARTESIAN_POINT('Ctrl Pts',(196.493785189194,45.3227941331155,7.89747291266107));
#8388=CARTESIAN_POINT('Ctrl Pts',(198.664892559077,51.5550801691745,7.89738697156365));
#8389=CARTESIAN_POINT('Ctrl Pts',(201.405776290872,57.5834459530196,7.89742266311679));
#8390=CARTESIAN_POINT('Ctrl Pts',(205.857768045477,65.3825686560413,7.89740775191431));
#8391=CARTESIAN_POINT('Ctrl Pts',(211.46018214181,72.7661130186166,7.89741512333113));
#8392=CARTESIAN_POINT('Ctrl Pts',(217.404491681612,79.0728617182355,7.89741518430634));
#8393=CARTESIAN_POINT('Ctrl Pts',(220.266312293169,81.8147242647752,7.89741250647133));
#8394=CARTESIAN_POINT('Ctrl Pts',(221.399798449421,82.8615919722244,7.89741395245502));
#8395=CARTESIAN_POINT('Ctrl Pts',(193.95758783708,12.3341150253869,3.99888563113275));
#8396=CARTESIAN_POINT('Ctrl Pts',(193.9568689599,12.8586896994507,3.91424550825723));
#8397=CARTESIAN_POINT('Ctrl Pts',(193.961219223904,13.9027801511764,3.76894835741249));
#8398=CARTESIAN_POINT('Ctrl Pts',(193.984343221852,15.5020320949302,3.61664713422262));
#8399=CARTESIAN_POINT('Ctrl Pts',(194.025185691936,17.0840364711702,3.53075168994387));
#8400=CARTESIAN_POINT('Ctrl Pts',(194.101889807867,19.2017670723042,3.48440887071492));
#8401=CARTESIAN_POINT('Ctrl Pts',(194.249394526825,22.0094061532769,3.48965356878517));
#8402=CARTESIAN_POINT('Ctrl Pts',(194.592785049706,26.5090639681196,3.48663324190958));
#8403=CARTESIAN_POINT('Ctrl Pts',(195.239414422024,32.0873136609644,3.48875105905401));
#8404=CARTESIAN_POINT('Ctrl Pts',(196.401184301765,38.5701732336269,3.48767213645462));
#8405=CARTESIAN_POINT('Ctrl Pts',(198.015472902598,44.8665859486055,3.48817335049975));
#8406=CARTESIAN_POINT('Ctrl Pts',(200.140360656974,50.9650477956067,3.48795722750632));
#8407=CARTESIAN_POINT('Ctrl Pts',(202.820030458344,56.8589124663272,3.48805219288861));
#8408=CARTESIAN_POINT('Ctrl Pts',(207.176271921617,64.4910015195626,3.48800691077824));
#8409=CARTESIAN_POINT('Ctrl Pts',(212.675319277341,71.7411615119249,3.48803410595358));
#8410=CARTESIAN_POINT('Ctrl Pts',(218.532621571547,77.9560043571164,3.48802601585662));
#8411=CARTESIAN_POINT('Ctrl Pts',(221.357109660849,80.6621935591369,3.48802542135029));
#8412=CARTESIAN_POINT('Ctrl Pts',(222.476360592176,81.6958913334101,3.48802660578314));
#8413=CARTESIAN_POINT('Ctrl Pts',(194.15,11.8687216563903,1.63873449018931));
#8414=CARTESIAN_POINT('Ctrl Pts',(194.150543949998,12.4282675628847,1.51512634077213));
#8415=CARTESIAN_POINT('Ctrl Pts',(194.157052483909,13.5481812340959,1.30143892440418));
#8416=CARTESIAN_POINT('Ctrl Pts',(194.184211459643,15.2726944142664,1.07759087837861));
#8417=CARTESIAN_POINT('Ctrl Pts',(194.228611255981,16.9636735395884,0.95268610603694));
#8418=CARTESIAN_POINT('Ctrl Pts',(194.310133363448,19.1867576902546,0.887722625291733));
#8419=CARTESIAN_POINT('Ctrl Pts',(194.458006736567,21.9984977025302,0.895353199106423));
#8420=CARTESIAN_POINT('Ctrl Pts',(194.800667173128,26.487135516489,0.890985490431736));
#8421=CARTESIAN_POINT('Ctrl Pts',(195.446266374747,32.0582067976049,0.894022269414592));
#8422=CARTESIAN_POINT('Ctrl Pts',(196.605538349274,38.5257393888041,0.892470147791985));
#8423=CARTESIAN_POINT('Ctrl Pts',(198.215773188267,44.8067280732735,0.893195620280205));
#8424=CARTESIAN_POINT('Ctrl Pts',(200.33457105551,50.8872990936869,0.892878145327232));
#8425=CARTESIAN_POINT('Ctrl Pts',(203.006168086372,56.7635692165657,0.893019495952906));
#8426=CARTESIAN_POINT('Ctrl Pts',(207.349819680119,64.3736106651042,0.892950216857757));
#8427=CARTESIAN_POINT('Ctrl Pts',(212.835327739353,71.6063710710558,0.892993237555066));
#8428=CARTESIAN_POINT('Ctrl Pts',(218.681047080397,77.8089001450917,0.892978428958792));
#8429=CARTESIAN_POINT('Ctrl Pts',(221.50072753286,80.5105593524804,0.892979733779599));
#8430=CARTESIAN_POINT('Ctrl Pts',(222.618062214852,81.5424569281734,0.892980603839973));
#8431=CARTESIAN_POINT('Ctrl Pts',(194.15,11.6999999999677,0.878658468481145));
#8432=CARTESIAN_POINT('Ctrl Pts',(194.15,12.272291225463,0.741465754290122));
#8433=CARTESIAN_POINT('Ctrl Pts',(194.155599329492,13.4198784027815,0.503690561039613));
#8434=CARTESIAN_POINT('Ctrl Pts',(194.182395368855,15.1906669696854,0.254740842663423));
#8435=CARTESIAN_POINT('Ctrl Pts',(194.227152484516,16.9220758255036,0.116115642728626));
#8436=CARTESIAN_POINT('Ctrl Pts',(194.309920259186,19.1847763797505,0.0449276021992946));
#8437=CARTESIAN_POINT('Ctrl Pts',(194.458099746274,21.9993765750357,0.0533206375112182));
#8438=CARTESIAN_POINT('Ctrl Pts',(194.800606418992,26.4865597690169,0.0485661204327888));
#8439=CARTESIAN_POINT('Ctrl Pts',(195.446300013359,32.0585257712195,0.0518407637716912));
#8440=CARTESIAN_POINT('Ctrl Pts',(196.605521546804,38.5255800366397,0.0501614842865655));
#8441=CARTESIAN_POINT('Ctrl Pts',(198.215781924868,44.8068109331201,0.0509513454020813));
#8442=CARTESIAN_POINT('Ctrl Pts',(200.334566542785,50.8872562936254,0.0506004656555141));
#8443=CARTESIAN_POINT('Ctrl Pts',(203.00617028228,56.763590043278,0.0507587304874283));
#8444=CARTESIAN_POINT('Ctrl Pts',(207.349817774053,64.3735925873471,0.050679109235003));
#8445=CARTESIAN_POINT('Ctrl Pts',(212.835328975217,71.6063827923922,0.0507300515646348));
#8446=CARTESIAN_POINT('Ctrl Pts',(218.681046416004,77.808893843768,0.0507104519204765));
#8447=CARTESIAN_POINT('Ctrl Pts',(221.500727877949,80.5105626254183,0.0507143019119527));
#8448=CARTESIAN_POINT('Ctrl Pts',(222.618062214852,81.5424569281734,0.0507143019119627));
#8449=CARTESIAN_POINT('',(184.510189923322,11.7000000000008,14.0847392245368));
#8450=CARTESIAN_POINT('Ctrl Pts',(204.639686237089,77.7601513502546,14.3370762007632));
#8451=CARTESIAN_POINT('Ctrl Pts',(202.054355302828,74.6357397885229,14.3370782390656));
#8452=CARTESIAN_POINT('Ctrl Pts',(198.176541950209,69.3433199434616,14.3370847570296));
#8453=CARTESIAN_POINT('Ctrl Pts',(193.71156274465,61.525502920786,14.3370629691506));
#8454=CARTESIAN_POINT('Ctrl Pts',(190.637665946679,54.7643233865118,14.3371112044306));
#8455=CARTESIAN_POINT('Ctrl Pts',(188.215286517267,47.8064343998837,14.3370042648005));
#8456=CARTESIAN_POINT('Ctrl Pts',(186.400816760644,40.7213793421102,14.3372449953002));
#8457=CARTESIAN_POINT('Ctrl Pts',(185.120741986681,33.5581603105131,14.3367331916738));
#8458=CARTESIAN_POINT('Ctrl Pts',(184.41651963764,27.4959641235057,14.3377312234745));
#8459=CARTESIAN_POINT('Ctrl Pts',(184.052696164545,22.667807853159,14.3362821620749));
#8460=CARTESIAN_POINT('Ctrl Pts',(183.886310837405,19.6576046023398,14.3388401555145));
#8461=CARTESIAN_POINT('Ctrl Pts',(183.86586568412,17.2436062193383,14.3171437687011));
#8462=CARTESIAN_POINT('Ctrl Pts',(183.950288409167,15.3995512527877,14.274894172596));
#8463=CARTESIAN_POINT('Ctrl Pts',(184.158972002375,13.5185069160427,14.1990203411656));
#8464=CARTESIAN_POINT('Ctrl Pts',(184.379524269514,12.3040975427178,14.1265522337554));
#8465=CARTESIAN_POINT('Ctrl Pts',(184.51018992333,11.6999999999655,14.0847392245345));
#8466=CARTESIAN_POINT('Ctrl Pts',(194.15,11.7000000000008,0.878658468473308));
#8467=CARTESIAN_POINT('Ctrl Pts',(194.15,11.8687216564227,1.63873449018225));
#8468=CARTESIAN_POINT('Ctrl Pts',(193.957569642533,12.3341125132296,3.99889923960853));
#8469=CARTESIAN_POINT('Ctrl Pts',(192.47336635863,12.7920741076186,8.0952632189418));
#8470=CARTESIAN_POINT('Ctrl Pts',(188.914578780152,12.600902291719,12.1094207426712));
#8471=CARTESIAN_POINT('Ctrl Pts',(185.958019436888,12.0374433128446,13.6214337801958));
#8472=CARTESIAN_POINT('Ctrl Pts',(184.510189923323,11.7000000000008,14.0847392245368));
#8473=CARTESIAN_POINT('Ctrl Pts',(173.610236200019,11.6999999999996,17.5727244159941));
#8474=CARTESIAN_POINT('Ctrl Pts',(173.610236200018,15.2704671814096,17.5727244159941));
#8475=CARTESIAN_POINT('Ctrl Pts',(173.907777365378,25.8668421436792,17.5727244159941));
#8476=CARTESIAN_POINT('Ctrl Pts',(175.599291753925,40.0722398317309,17.5727244159941));
#8477=CARTESIAN_POINT('Ctrl Pts',(179.610456007456,54.4704851130786,17.5727244159941));
#8478=CARTESIAN_POINT('Ctrl Pts',(184.030138065857,65.0721091040023,17.5727244159941));
#8479=CARTESIAN_POINT('Ctrl Pts',(189.804946591172,75.0842455424985,17.5727244159941));
#8480=CARTESIAN_POINT('Ctrl Pts',(194.399125791864,81.2457220588812,17.5727244159941));
#8481=CARTESIAN_POINT('Ctrl Pts',(196.849904628837,84.2070128804419,17.5727244159941));
#8482=CARTESIAN_POINT('Ctrl Pts',(177.243554107789,11.6999999999997,16.4100626855075));
#8483=CARTESIAN_POINT('Ctrl Pts',(177.243554107789,15.2035940697766,16.4100626855075));
#8484=CARTESIAN_POINT('Ctrl Pts',(177.535165803844,25.5960897075944,16.4100626855075));
#8485=CARTESIAN_POINT('Ctrl Pts',(179.188774583818,39.4195284213144,16.4100626855075));
#8486=CARTESIAN_POINT('Ctrl Pts',(183.054457178983,53.2837212828072,16.4100626855075));
#8487=CARTESIAN_POINT('Ctrl Pts',(187.294931273707,63.454893950168,16.4100626855075));
#8488=CARTESIAN_POINT('Ctrl Pts',(192.842136049913,73.0747539867254,16.4100626855075));
#8489=CARTESIAN_POINT('Ctrl Pts',(197.276507292893,79.0238389990172,16.4100626855075));
#8490=CARTESIAN_POINT('Ctrl Pts',(199.648966391806,81.890495609622,16.4100626855075));
#8491=CARTESIAN_POINT('Ctrl Pts',(180.876872015559,11.6999999999998,15.247400955021));
#8492=CARTESIAN_POINT('Ctrl Pts',(180.876872015559,15.1367209581436,15.247400955021));
#8493=CARTESIAN_POINT('Ctrl Pts',(181.16255424231,25.3253372715097,15.247400955021));
#8494=CARTESIAN_POINT('Ctrl Pts',(182.778257413712,38.7668170108979,15.247400955021));
#8495=CARTESIAN_POINT('Ctrl Pts',(186.498458350511,52.0969574525358,15.247400955021));
#8496=CARTESIAN_POINT('Ctrl Pts',(190.559724481557,61.8376787963337,15.247400955021));
#8497=CARTESIAN_POINT('Ctrl Pts',(195.879325508654,71.0652624309523,15.247400955021));
#8498=CARTESIAN_POINT('Ctrl Pts',(200.153888793923,76.8019559391532,15.247400955021));
#8499=CARTESIAN_POINT('Ctrl Pts',(202.448028154776,79.573978338802,15.247400955021));
#8500=CARTESIAN_POINT('Ctrl Pts',(184.51018992333,11.6999999999998,14.0847392245345));
#8501=CARTESIAN_POINT('Ctrl Pts',(184.510189923329,15.0698478465105,14.0847392245345));
#8502=CARTESIAN_POINT('Ctrl Pts',(184.789942680776,25.0545848354249,14.0847392245345));
#8503=CARTESIAN_POINT('Ctrl Pts',(186.367740243605,38.1141056004814,14.0847392245345));
#8504=CARTESIAN_POINT('Ctrl Pts',(189.942459522039,50.9101936222644,14.0847392245345));
#8505=CARTESIAN_POINT('Ctrl Pts',(193.824517689407,60.2204636424995,14.0847392245345));
#8506=CARTESIAN_POINT('Ctrl Pts',(198.916514967395,69.0557708751791,14.0847392245345));
#8507=CARTESIAN_POINT('Ctrl Pts',(203.031270294953,74.5800728792892,14.0847392245345));
#8508=CARTESIAN_POINT('Ctrl Pts',(205.247089917745,77.2574610679821,14.0847392245345));
#8509=CARTESIAN_POINT('',(173.610236200063,11.6999999999998,17.5727244159798));
#8510=CARTESIAN_POINT('Ctrl Pts',(173.610236200063,11.6999999999996,17.5727244159797));
#8511=CARTESIAN_POINT('Ctrl Pts',(173.610236200063,18.5385019130094,17.5727244159797));
#8512=CARTESIAN_POINT('Ctrl Pts',(174.298881272244,32.136521118747,17.5727244159797));
#8513=CARTESIAN_POINT('Ctrl Pts',(178.220421182275,51.6846758292696,17.5727244159797));
#8514=CARTESIAN_POINT('Ctrl Pts',(184.645154454997,66.6455063210468,17.5727244159797));
#8515=CARTESIAN_POINT('Ctrl Pts',(189.918922217019,74.9435947840982,17.5727244159797));
#8516=CARTESIAN_POINT('Ctrl Pts',(191.813321382099,77.6296138461339,17.5727244159797));
#8517=CARTESIAN_POINT('',(194.15,11.7,11.));
#8518=CARTESIAN_POINT('Origin',(98.3499999999997,-3.94351218347778E-12,
5.89033334089225));
#8519=CARTESIAN_POINT('',(92.1159048426161,-1.60000000000449,9.07405091138831));
#8520=CARTESIAN_POINT('',(96.2165699102733,-1.60000000000413,12.5573023712875));
#8521=CARTESIAN_POINT('Origin',(98.3499999999998,-1.60000000000394,5.89033334089225));
#8522=CARTESIAN_POINT('',(96.2165699102722,11.6999999999959,12.5573023712875));
#8523=CARTESIAN_POINT('',(96.2165699102732,-4.13299884004162E-12,12.5573023712875));
#8524=CARTESIAN_POINT('',(91.3499999999987,11.6999999999954,5.89033334089225));
#8525=CARTESIAN_POINT('Origin',(98.3499999999986,11.6999999999961,5.89033334089225));
#8526=CARTESIAN_POINT('',(91.3499999999998,-1.0386246933705,5.89033334089225));
#8527=CARTESIAN_POINT('',(91.3499999999997,-4.56523707726932E-12,5.89033334089225));
#8528=CARTESIAN_POINT('Origin',(98.3499999999998,-1.03862469336988,5.89033334089225));
#8529=CARTESIAN_POINT('Ctrl Pts',(86.8826855055852,33.9708854688385,4.92263745382638));
#8530=CARTESIAN_POINT('Ctrl Pts',(88.239183773128,31.1894820240702,5.23274447740608));
#8531=CARTESIAN_POINT('Ctrl Pts',(90.6166345783245,24.1545137339446,5.75027552935975));
#8532=CARTESIAN_POINT('Ctrl Pts',(91.3499999999983,16.2205080769412,5.89033334089232));
#8533=CARTESIAN_POINT('Ctrl Pts',(91.3499999999987,11.6999999999954,5.89033334089226));
#8534=CARTESIAN_POINT('Ctrl Pts',(86.8207031791358,34.0979758311532,6.61300131357907));
#8535=CARTESIAN_POINT('Ctrl Pts',(88.1999365653668,31.2985052857803,6.91962239745924));
#8536=CARTESIAN_POINT('Ctrl Pts',(90.6115140694887,24.2132630449117,7.43234702631194));
#8537=CARTESIAN_POINT('Ctrl Pts',(91.3499999999983,16.2378997462912,7.57179118389558));
#8538=CARTESIAN_POINT('Ctrl Pts',(91.3499999999987,11.6999999999954,7.57179118389551));
#8539=CARTESIAN_POINT('Ctrl Pts',(87.726870169848,34.8139662359245,9.55761483157415));
#8540=CARTESIAN_POINT('Ctrl Pts',(89.1824961228228,31.8887083330699,9.85848212758585));
#8541=CARTESIAN_POINT('Ctrl Pts',(91.7031063649124,24.5213520417781,10.3630195784452));
#8542=CARTESIAN_POINT('Ctrl Pts',(92.457892785568,16.3368624286727,10.5013537163888));
#8543=CARTESIAN_POINT('Ctrl Pts',(92.4578927855684,11.6999999999955,10.5013537163887));
#8544=CARTESIAN_POINT('Ctrl Pts',(89.99980452134,36.0768867959221,11.2166552451531));
#8545=CARTESIAN_POINT('Ctrl Pts',(91.5638425730331,32.922971569829,11.5223372638519));
#8546=CARTESIAN_POINT('Ctrl Pts',(94.2373533065719,25.0573220926751,12.0336976047927));
#8547=CARTESIAN_POINT('Ctrl Pts',(95.0154741211413,16.5098066366505,12.1729517187658));
#8548=CARTESIAN_POINT('Ctrl Pts',(95.0154741211417,11.6999999999957,12.1729517187658));
#8549=CARTESIAN_POINT('Ctrl Pts',(91.0789915082796,36.637919262343,11.5896064842216));
#8550=CARTESIAN_POINT('Ctrl Pts',(92.6894004589463,33.3822735981747,11.8997135078013));
#8551=CARTESIAN_POINT('Ctrl Pts',(95.4283839714384,25.2953089907942,12.417244559755));
#8552=CARTESIAN_POINT('Ctrl Pts',(96.2165699102718,16.5866446507462,12.5573023712876));
#8553=CARTESIAN_POINT('Ctrl Pts',(96.2165699102722,11.6999999999958,12.5573023712875));
#8554=CARTESIAN_POINT('',(91.0789915082804,36.6379192623413,11.5896064842218));
#8555=CARTESIAN_POINT('',(86.8826855055859,33.9708854688371,4.92263745382654));
#8556=CARTESIAN_POINT('Origin',(93.1743176543661,37.0393321287019,4.92263745382654));
#8557=CARTESIAN_POINT('Ctrl Pts',(86.8826855055852,33.9708854688385,4.92263745382638));
#8558=CARTESIAN_POINT('Ctrl Pts',(88.239183773128,31.1894820240702,5.23274447740608));
#8559=CARTESIAN_POINT('Ctrl Pts',(90.6166345783245,24.1545137339446,5.75027552935975));
#8560=CARTESIAN_POINT('Ctrl Pts',(91.3499999999983,16.2205080769412,5.89033334089232));
#8561=CARTESIAN_POINT('Ctrl Pts',(91.3499999999987,11.6999999999954,5.89033334089226));
#8562=CARTESIAN_POINT('Ctrl Pts',(96.2165699102722,11.6999999999958,12.5573023712875));
#8563=CARTESIAN_POINT('Ctrl Pts',(96.2165699102718,16.5866446507462,12.5573023712876));
#8564=CARTESIAN_POINT('Ctrl Pts',(95.4283839714384,25.2953089907942,12.417244559755));
#8565=CARTESIAN_POINT('Ctrl Pts',(92.6894004589463,33.3822735981747,11.8997135078013));
#8566=CARTESIAN_POINT('Ctrl Pts',(91.0789915082796,36.637919262343,11.5896064842216));
#8567=CARTESIAN_POINT('Ctrl Pts',(83.5968669699214,39.3543802105528,4.37484484627608));
#8568=CARTESIAN_POINT('Ctrl Pts',(84.357441010741,38.3466704547311,4.46957963843839));
#8569=CARTESIAN_POINT('Ctrl Pts',(85.0611156364039,37.2855459866912,4.57310485839173));
#8570=CARTESIAN_POINT('Ctrl Pts',(86.1228072651092,35.46089954416,4.7605723791197));
#8571=CARTESIAN_POINT('Ctrl Pts',(86.5155212893295,34.7237296414819,4.83870059596393));
#8572=CARTESIAN_POINT('Ctrl Pts',(86.8826855057713,33.970885468457,4.92263745386892));
#8573=CARTESIAN_POINT('Ctrl Pts',(83.5279622555726,39.4456743504324,6.24401998421027));
#8574=CARTESIAN_POINT('Ctrl Pts',(84.2892170982368,38.4448297072007,6.30526748214429));
#8575=CARTESIAN_POINT('Ctrl Pts',(84.994396769646,37.3902759801827,6.37471614828464));
#8576=CARTESIAN_POINT('Ctrl Pts',(86.0587675912608,35.577406524172,6.50211705177572));
#8577=CARTESIAN_POINT('Ctrl Pts',(86.4525755861618,34.8451649888114,6.55556339748014));
#8578=CARTESIAN_POINT('Ctrl Pts',(86.8207031793224,34.0979758307745,6.61300131360823));
#8579=CARTESIAN_POINT('Ctrl Pts',(84.5166650553759,40.4409194772185,9.49213405068906));
#8580=CARTESIAN_POINT('Ctrl Pts',(85.2720619829933,39.3757499375248,9.49686974556896));
#8581=CARTESIAN_POINT('Ctrl Pts',(85.9660870258041,38.2605008862016,9.50850041714754));
#8582=CARTESIAN_POINT('Ctrl Pts',(86.9998584369131,36.3568846718835,9.53365636612531));
#8583=CARTESIAN_POINT('Ctrl Pts',(87.3784777741365,35.5913624111523,9.54505167151552));
#8584=CARTESIAN_POINT('Ctrl Pts',(87.7274975332321,34.8142294019784,9.55715495058747));
#8585=CARTESIAN_POINT('Ctrl Pts',(86.908219033205,42.3641137226611,11.0333427199472));
#8586=CARTESIAN_POINT('Ctrl Pts',(87.6660129087108,41.1535255145737,11.0676233901329));
#8587=CARTESIAN_POINT('Ctrl Pts',(88.3481243721489,39.8982547032613,11.1053096582759));
#8588=CARTESIAN_POINT('Ctrl Pts',(89.3336095253535,37.7780483379467,11.1680398545629));
#8589=CARTESIAN_POINT('Ctrl Pts',(89.6858513277942,36.9309290628082,11.1928468234697));
#8590=CARTESIAN_POINT('Ctrl Pts',(89.9998045214993,36.0768867954893,11.2166552451653));
#8591=CARTESIAN_POINT('Ctrl Pts',(88.0052392666836,43.2098853972346,11.2653925115341));
#8592=CARTESIAN_POINT('Ctrl Pts',(88.7717474365289,41.9384873033543,11.3298306961414));
#8593=CARTESIAN_POINT('Ctrl Pts',(89.4559126502307,40.6234457806883,11.3962528895921));
#8594=CARTESIAN_POINT('Ctrl Pts',(90.431482334543,38.4091941016163,11.5052478371262));
#8595=CARTESIAN_POINT('Ctrl Pts',(90.7763957254377,37.5262050659753,11.5479882460592));
#8596=CARTESIAN_POINT('Ctrl Pts',(91.0789915084332,36.6379192618927,11.5896064842428));
#8597=CARTESIAN_POINT('',(88.0052392666836,43.2098853972345,11.2653925115342));
#8598=CARTESIAN_POINT('',(83.5968669699214,39.3543802105528,4.37484484627613));
#8599=CARTESIAN_POINT('Origin',(89.1840887109919,43.571364110938,4.37484484627613));
#8600=CARTESIAN_POINT('Ctrl Pts',(83.5968669699214,39.3543802105528,4.37484484627608));
#8601=CARTESIAN_POINT('Ctrl Pts',(84.357441010741,38.3466704547311,4.46957963843839));
#8602=CARTESIAN_POINT('Ctrl Pts',(85.0611156364039,37.2855459866912,4.57310485839173));
#8603=CARTESIAN_POINT('Ctrl Pts',(86.1228072651092,35.46089954416,4.7605723791197));
#8604=CARTESIAN_POINT('Ctrl Pts',(86.5155212893295,34.7237296414819,4.83870059596393));
#8605=CARTESIAN_POINT('Ctrl Pts',(86.8826855057713,33.970885468457,4.92263745386892));
#8606=CARTESIAN_POINT('Ctrl Pts',(91.0789915084332,36.6379192618927,11.5896064842428));
#8607=CARTESIAN_POINT('Ctrl Pts',(90.7763957254377,37.5262050659753,11.5479882460592));
#8608=CARTESIAN_POINT('Ctrl Pts',(90.431482334543,38.4091941016163,11.5052478371262));
#8609=CARTESIAN_POINT('Ctrl Pts',(89.4559126502307,40.6234457806883,11.3962528895921));
#8610=CARTESIAN_POINT('Ctrl Pts',(88.7717474365289,41.9384873033543,11.3298306961414));
#8611=CARTESIAN_POINT('Ctrl Pts',(88.0052392666836,43.2098853972346,11.2653925115341));
#8612=CARTESIAN_POINT('Ctrl Pts',(68.3868574742832,50.3416454272531,4.95582612790729));
#8613=CARTESIAN_POINT('Ctrl Pts',(72.012747096843,48.9594838361375,4.20332202061146));
#8614=CARTESIAN_POINT('Ctrl Pts',(75.4291593036405,47.1096972279988,3.9585522018292));
#8615=CARTESIAN_POINT('Ctrl Pts',(79.785361711534,43.6096862669476,4.02781144484304));
#8616=CARTESIAN_POINT('Ctrl Pts',(81.1524132059269,42.2945921988296,4.11662196221685));
#8617=CARTESIAN_POINT('Ctrl Pts',(82.8012090463712,40.3746740303741,4.28062404346162));
#8618=CARTESIAN_POINT('Ctrl Pts',(83.20726408701,39.8705779834652,4.32631709466009));
#8619=CARTESIAN_POINT('Ctrl Pts',(83.5968669699214,39.3543802105528,4.37484484627606));
#8620=CARTESIAN_POINT('Ctrl Pts',(68.5716162063005,50.2712168015639,6.13041204842473));
#8621=CARTESIAN_POINT('Ctrl Pts',(72.1010080177,48.9072695183868,5.34024120152487));
#8622=CARTESIAN_POINT('Ctrl Pts',(75.451336766289,47.0895673208765,5.04405571495739));
#8623=CARTESIAN_POINT('Ctrl Pts',(79.7625271034487,43.6290757563257,5.03805969320884));
#8624=CARTESIAN_POINT('Ctrl Pts',(81.1220652181776,42.3248759929397,5.10128919055865));
#8625=CARTESIAN_POINT('Ctrl Pts',(82.7674009713016,40.415740516242,5.23215567696599));
#8626=CARTESIAN_POINT('Ctrl Pts',(83.1728993465182,39.9140645888661,5.2693365763501));
#8627=CARTESIAN_POINT('Ctrl Pts',(83.5624146127469,39.4000272804926,5.30943241524317));
#8628=CARTESIAN_POINT('Ctrl Pts',(69.161747252715,50.7122992101304,8.4728263295396));
#8629=CARTESIAN_POINT('Ctrl Pts',(72.5285450322684,49.3140216726772,7.60812715343945));
#8630=CARTESIAN_POINT('Ctrl Pts',(75.7741999883758,47.48546385451,7.21060373559307));
#8631=CARTESIAN_POINT('Ctrl Pts',(80.0172108548548,43.9973843723377,7.05525010994263));
#8632=CARTESIAN_POINT('Ctrl Pts',(81.3666402453966,42.6803279771126,7.0676885447013));
#8633=CARTESIAN_POINT('Ctrl Pts',(83.0054596284556,40.7491161760978,7.13267960384829));
#8634=CARTESIAN_POINT('Ctrl Pts',(83.4098012173301,40.2414888189083,7.1529474149209));
#8635=CARTESIAN_POINT('Ctrl Pts',(83.7983671709022,39.7212346963214,7.17626888327213));
#8636=CARTESIAN_POINT('Ctrl Pts',(70.7075899304493,53.3162199953572,11.543809160646));
#8637=CARTESIAN_POINT('Ctrl Pts',(73.9831737100154,51.6395692430026,10.6712767014122));
#8638=CARTESIAN_POINT('Ctrl Pts',(77.1908618582889,49.5503435229193,10.2133078798946));
#8639=CARTESIAN_POINT('Ctrl Pts',(81.4277979439766,45.6724957460464,9.94345124527417));
#8640=CARTESIAN_POINT('Ctrl Pts',(82.7810665937703,44.2205234725045,9.91305543913019));
#8641=CARTESIAN_POINT('Ctrl Pts',(84.4180294841163,42.1124784788296,9.91841139145182));
#8642=CARTESIAN_POINT('Ctrl Pts',(84.8208844022769,41.5598868895183,9.92307332526641));
#8643=CARTESIAN_POINT('Ctrl Pts',(85.2068676756881,40.9954631791778,9.93053197730015));
#8644=CARTESIAN_POINT('Ctrl Pts',(71.9126045048742,56.225931706152,12.0758812237598));
#8645=CARTESIAN_POINT('Ctrl Pts',(75.3545146271296,54.2724998206568,11.3762286970643));
#8646=CARTESIAN_POINT('Ctrl Pts',(78.6988406196253,51.8710973085174,11.0566175553827));
#8647=CARTESIAN_POINT('Ctrl Pts',(83.0696598197025,47.5187652300914,10.935489523489));
#8648=CARTESIAN_POINT('Ctrl Pts',(84.4567310907666,45.9046481469179,10.9473681314386));
#8649=CARTESIAN_POINT('Ctrl Pts',(86.1147387494536,43.5862556154982,10.9994889315303));
#8650=CARTESIAN_POINT('Ctrl Pts',(86.521199792179,42.9806267518561,11.0154215966317));
#8651=CARTESIAN_POINT('Ctrl Pts',(86.9082190332051,42.3641137226611,11.0333427199472));
#8652=CARTESIAN_POINT('Ctrl Pts',(72.4748664835133,57.8792977313059,11.6984883242399));
#8653=CARTESIAN_POINT('Ctrl Pts',(76.0898761333968,55.8156988338459,11.1485814766006));
#8654=CARTESIAN_POINT('Ctrl Pts',(79.5764038445083,53.2568486985214,10.9697879783632));
#8655=CARTESIAN_POINT('Ctrl Pts',(84.0886389799055,48.6427062202394,11.0202245076351));
#8656=CARTESIAN_POINT('Ctrl Pts',(85.5122471972562,46.935649788012,11.0852754080722));
#8657=CARTESIAN_POINT('Ctrl Pts',(87.2008290633094,44.4942085131551,11.2006109663351));
#8658=CARTESIAN_POINT('Ctrl Pts',(87.6136273361383,43.8573083292242,11.2323585773553));
#8659=CARTESIAN_POINT('Ctrl Pts',(88.0052392666837,43.2098853972346,11.2653925115341));
#8660=CARTESIAN_POINT('',(75.8320970496777,52.6859808083576,11.));
#8661=CARTESIAN_POINT('',(68.3868574742833,50.341645427253,4.95582612790729));
#8662=CARTESIAN_POINT('Ctrl Pts',(75.8320970496612,52.6859808083609,11.));
#8663=CARTESIAN_POINT('Ctrl Pts',(75.1063092885395,52.8283134552824,11.));
#8664=CARTESIAN_POINT('Ctrl Pts',(74.4406124846038,52.8271921441862,10.9711426189138));
#8665=CARTESIAN_POINT('Ctrl Pts',(73.2322375573032,52.635578365511,10.7980036329397));
#8666=CARTESIAN_POINT('Ctrl Pts',(72.6847188509206,52.4533432327191,10.6585893410561));
#8667=CARTESIAN_POINT('Ctrl Pts',(71.5927342565441,51.9659387197888,10.1872418502312));
#8668=CARTESIAN_POINT('Ctrl Pts',(71.069408732969,51.6537256289643,9.83697828044885));
#8669=CARTESIAN_POINT('Ctrl Pts',(70.0762875953942,51.0287424555424,8.85131109347642));
#8670=CARTESIAN_POINT('Ctrl Pts',(69.6362979789159,50.7326363551014,8.21280541678574));
#8671=CARTESIAN_POINT('Ctrl Pts',(68.8812154988234,50.3388291184197,6.68390040388967));
#8672=CARTESIAN_POINT('Ctrl Pts',(68.596335761599,50.2634576148966,5.8345693643741));
#8673=CARTESIAN_POINT('Ctrl Pts',(68.3887278794357,50.3409361921279,4.96369384563475));
#8674=CARTESIAN_POINT('Ctrl Pts',(68.3877918292093,50.3412892582502,4.95976004742758));
#8675=CARTESIAN_POINT('Ctrl Pts',(68.3868574742835,50.3416454272529,4.9558261279073));
#8676=CARTESIAN_POINT('Ctrl Pts',(68.3868574742832,50.3416454272531,4.95582612790729));
#8677=CARTESIAN_POINT('Ctrl Pts',(72.012747096843,48.9594838361375,4.20332202061146));
#8678=CARTESIAN_POINT('Ctrl Pts',(75.4291593036405,47.1096972279988,3.9585522018292));
#8679=CARTESIAN_POINT('Ctrl Pts',(79.785361711534,43.6096862669476,4.02781144484304));
#8680=CARTESIAN_POINT('Ctrl Pts',(81.1524132059269,42.2945921988296,4.11662196221685));
#8681=CARTESIAN_POINT('Ctrl Pts',(82.8012090463712,40.3746740303741,4.28062404346162));
#8682=CARTESIAN_POINT('Ctrl Pts',(83.20726408701,39.8705779834652,4.32631709466009));
#8683=CARTESIAN_POINT('Ctrl Pts',(83.5968669699214,39.3543802105528,4.37484484627606));
#8684=CARTESIAN_POINT('',(81.8666554667413,50.8958328338902,11.));
#8685=CARTESIAN_POINT('Ctrl Pts',(88.0052392666837,43.2098853972346,11.2653925115341));
#8686=CARTESIAN_POINT('Ctrl Pts',(87.6136273361383,43.8573083292242,11.2323585773553));
#8687=CARTESIAN_POINT('Ctrl Pts',(87.2008290633094,44.4942085131551,11.2006109663351));
#8688=CARTESIAN_POINT('Ctrl Pts',(85.5122471972562,46.935649788012,11.0852754080722));
#8689=CARTESIAN_POINT('Ctrl Pts',(84.0886389799055,48.6427062202394,11.0202245076351));
#8690=CARTESIAN_POINT('Ctrl Pts',(82.3338423838524,50.4371343188719,11.0006098716005));
#8691=CARTESIAN_POINT('Ctrl Pts',(82.1019476432491,50.6683509044635,10.9992977702192));
#8692=CARTESIAN_POINT('Ctrl Pts',(81.8672807440365,50.8966579740451,10.9993043858726));
#8693=CARTESIAN_POINT('Ctrl Pts',(81.8666554667417,50.8958328338898,11.));
#8694=CARTESIAN_POINT('Ctrl Pts',(81.8581998024767,50.8993073558552,11.));
#8695=CARTESIAN_POINT('Ctrl Pts',(81.8497424825294,50.9027779835522,11.));
#8696=CARTESIAN_POINT('Ctrl Pts',(79.8847372875325,51.7080944686003,11.));
#8697=CARTESIAN_POINT('Ctrl Pts',(77.8851489481192,52.2833613008023,11.));
#8698=CARTESIAN_POINT('Ctrl Pts',(75.8320970496777,52.6859808083577,11.));
#8699=CARTESIAN_POINT('Origin',(37.0181129093256,51.5499999999957,11.));
#8700=CARTESIAN_POINT('',(-19.6066726630596,56.9999999999968,11.));
#8701=CARTESIAN_POINT('',(-19.6066726630596,71.4749999999937,11.));
#8702=CARTESIAN_POINT('',(8.83487294069135,56.9999999999968,11.));
#8703=CARTESIAN_POINT('Ctrl Pts',(8.83487294069134,56.9999999999968,11.));
#8704=CARTESIAN_POINT('Ctrl Pts',(3.4173805297247,56.9999999999968,11.));
#8705=CARTESIAN_POINT('Ctrl Pts',(-6.06589898065142,56.9999999999968,11.));
#8706=CARTESIAN_POINT('Ctrl Pts',(-15.5327462610651,56.9999999999968,11.));
#8707=CARTESIAN_POINT('Ctrl Pts',(-19.6066726630596,56.9999999999968,11.));
#8708=CARTESIAN_POINT('Ctrl Pts',(75.8320970496735,52.6859808083518,11.));
#8709=CARTESIAN_POINT('Ctrl Pts',(73.1995115248841,54.6437685745853,11.));
#8710=CARTESIAN_POINT('Ctrl Pts',(67.4067724519797,57.8515036790424,11.));
#8711=CARTESIAN_POINT('Ctrl Pts',(57.8264219738144,60.6528556132761,11.));
#8712=CARTESIAN_POINT('Ctrl Pts',(47.8308536872012,61.3669195470107,11.));
#8713=CARTESIAN_POINT('Ctrl Pts',(38.107386543997,60.0565302266189,11.));
#8714=CARTESIAN_POINT('Ctrl Pts',(28.6161131861204,58.0805298253904,11.));
#8715=CARTESIAN_POINT('Ctrl Pts',(18.7587805029861,56.9846954287061,11.));
#8716=CARTESIAN_POINT('Ctrl Pts',(12.1398620347384,57.0000000000144,11.));
#8717=CARTESIAN_POINT('Ctrl Pts',(8.83487294069134,56.9999999999968,11.));
#8718=CARTESIAN_POINT('Ctrl Pts',(63.964418679236,76.4000000000148,11.));
#8719=CARTESIAN_POINT('Ctrl Pts',(63.9819491658847,76.3825754957369,11.));
#8720=CARTESIAN_POINT('Ctrl Pts',(65.610553874114,74.7627413360403,11.));
#8721=CARTESIAN_POINT('Ctrl Pts',(70.1677539224489,69.9422430140261,11.));
#8722=CARTESIAN_POINT('Ctrl Pts',(75.1023472964659,63.5117038093855,11.));
#8723=CARTESIAN_POINT('Ctrl Pts',(78.376575583092,57.9937020239523,11.));
#8724=CARTESIAN_POINT('Ctrl Pts',(80.1775705075073,54.6208031321809,11.));
#8725=CARTESIAN_POINT('Ctrl Pts',(81.1738438199965,52.4970287447972,11.));
#8726=CARTESIAN_POINT('Ctrl Pts',(81.8665586054757,50.8957909595459,11.));
#8727=CARTESIAN_POINT('Ctrl Pts',(85.1468460173942,42.333396614032,11.));
#8728=CARTESIAN_POINT('Ctrl Pts',(84.9187499984824,42.990777410536,11.));
#8729=CARTESIAN_POINT('Ctrl Pts',(84.2884094225846,44.7792788206642,11.));
#8730=CARTESIAN_POINT('Ctrl Pts',(83.3188375894522,47.3801420026625,11.));
#8731=CARTESIAN_POINT('Ctrl Pts',(81.7752951278701,51.1971547362031,11.));
#8732=CARTESIAN_POINT('Ctrl Pts',(80.3200241366318,54.3540163237957,11.));
#8733=CARTESIAN_POINT('Ctrl Pts',(78.376575583092,57.9937020239523,11.));
#8734=CARTESIAN_POINT('Ctrl Pts',(75.1023472964659,63.5117038093855,11.));
#8735=CARTESIAN_POINT('Ctrl Pts',(70.1677539224489,69.9422430140261,11.));
#8736=CARTESIAN_POINT('Ctrl Pts',(65.610553874114,74.7627413360403,11.));
#8737=CARTESIAN_POINT('Ctrl Pts',(63.9819491658847,76.3825754957369,11.));
#8738=CARTESIAN_POINT('Ctrl Pts',(63.964418679236,76.4000000000148,11.));
#8739=CARTESIAN_POINT('Ctrl Pts',(86.7956290408011,42.9054864068711,11.));
#8740=CARTESIAN_POINT('Ctrl Pts',(86.5933283108043,43.5780562196509,11.));
#8741=CARTESIAN_POINT('Ctrl Pts',(86.0224953488312,45.4071038488179,10.9999999999999));
#8742=CARTESIAN_POINT('Ctrl Pts',(85.0981790318401,48.0669221393718,11.0000000000001));
#8743=CARTESIAN_POINT('Ctrl Pts',(83.5677540571815,51.9733055811036,10.9999999999999));
#8744=CARTESIAN_POINT('Ctrl Pts',(82.0749825896959,55.2147529562386,11.0000000000002));
#8745=CARTESIAN_POINT('Ctrl Pts',(80.0762304498584,58.9585796524423,10.9999999999998));
#8746=CARTESIAN_POINT('Ctrl Pts',(76.7110529042162,64.6289221914726,10.9999999999996));
#8747=CARTESIAN_POINT('Ctrl Pts',(71.659095087442,71.2095333714682,11.0000000000133));
#8748=CARTESIAN_POINT('Ctrl Pts',(67.0166927696504,76.1195161166709,10.999999999996));
#8749=CARTESIAN_POINT('Ctrl Pts',(65.3594761790712,77.7678790222343,11.0000000000001));
#8750=CARTESIAN_POINT('Ctrl Pts',(65.3416436052008,77.7856017245693,11.));
#8751=CARTESIAN_POINT('Ctrl Pts',(88.5040744252483,43.3780547644691,11.2767047759875));
#8752=CARTESIAN_POINT('Ctrl Pts',(88.3250579706959,44.073749482026,11.2811656973968));
#8753=CARTESIAN_POINT('Ctrl Pts',(87.8064579384441,45.965765824032,11.2917458860543));
#8754=CARTESIAN_POINT('Ctrl Pts',(86.916594061511,48.7162053184957,11.3012974183349));
#8755=CARTESIAN_POINT('Ctrl Pts',(85.386104780447,52.7490397009288,11.3083875257793));
#8756=CARTESIAN_POINT('Ctrl Pts',(83.8506652100568,56.08556840005,11.3085245688514));
#8757=CARTESIAN_POINT('Ctrl Pts',(81.795359822084,59.9348597006424,11.3085032385864));
#8758=CARTESIAN_POINT('Ctrl Pts',(78.3388941030103,65.7590861304542,11.3085355106846));
#8759=CARTESIAN_POINT('Ctrl Pts',(73.1680614403257,72.4911195082516,11.3085057247992));
#8760=CARTESIAN_POINT('Ctrl Pts',(68.4389753499498,77.4925566076918,11.3085358836516));
#8761=CARTESIAN_POINT('Ctrl Pts',(66.7531019582478,79.1693473043093,11.3085241146339));
#8762=CARTESIAN_POINT('Ctrl Pts',(66.7349534187324,79.1873861710102,11.3085245037537));
#8763=CARTESIAN_POINT('Ctrl Pts',(90.1326213069499,43.7124981418811,11.8075106451628));
#8764=CARTESIAN_POINT('Ctrl Pts',(89.9759470319835,44.4381955742146,11.8210992274483));
#8765=CARTESIAN_POINT('Ctrl Pts',(89.5061809344986,46.41329315098,11.8532842648983));
#8766=CARTESIAN_POINT('Ctrl Pts',(88.6441956039283,49.281324285527,11.8823779645119));
#8767=CARTESIAN_POINT('Ctrl Pts',(87.1026320770715,53.470026809283,11.9034781262441));
#8768=CARTESIAN_POINT('Ctrl Pts',(85.5217969648554,56.9059754016728,11.9038870013486));
#8769=CARTESIAN_POINT('Ctrl Pts',(83.4143098827729,60.8535426545499,11.9039467203038));
#8770=CARTESIAN_POINT('Ctrl Pts',(79.8708528980747,66.8235396374307,11.9039162181961));
#8771=CARTESIAN_POINT('Ctrl Pts',(74.5886192783506,73.6978082663111,11.9039511472925));
#8772=CARTESIAN_POINT('Ctrl Pts',(69.7781467285631,78.7849087472723,11.9039407748886));
#8773=CARTESIAN_POINT('Ctrl Pts',(68.0650942311133,80.4887396471916,11.9039412032128));
#8774=CARTESIAN_POINT('Ctrl Pts',(68.0466556943461,80.507066711877,11.9039412032128));
#8775=CARTESIAN_POINT('',(90.1326213070025,43.7124981419059,11.8075106451811));
#8776=CARTESIAN_POINT('Ctrl Pts',(90.1326213070025,43.7124981419059,11.8075106451811));
#8777=CARTESIAN_POINT('Ctrl Pts',(89.4344893568321,43.5691276255768,11.5799626754067));
#8778=CARTESIAN_POINT('Ctrl Pts',(88.7217649411865,43.4008890957895,11.3979973070998));
#8779=CARTESIAN_POINT('Ctrl Pts',(88.0052392666836,43.2098853972346,11.2653925115342));
#8780=CARTESIAN_POINT('Ctrl Pts',(90.1326213069499,43.7124981418811,11.8075106451628));
#8781=CARTESIAN_POINT('Ctrl Pts',(89.9759470319835,44.4381955742146,11.8210992274483));
#8782=CARTESIAN_POINT('Ctrl Pts',(89.5061809344986,46.41329315098,11.8532842648983));
#8783=CARTESIAN_POINT('Ctrl Pts',(88.6441956039283,49.281324285527,11.8823779645119));
#8784=CARTESIAN_POINT('Ctrl Pts',(87.1026320770715,53.470026809283,11.9034781262441));
#8785=CARTESIAN_POINT('Ctrl Pts',(85.5217969648554,56.9059754016728,11.9038870013486));
#8786=CARTESIAN_POINT('Ctrl Pts',(83.4143098827729,60.8535426545499,11.9039467203038));
#8787=CARTESIAN_POINT('Ctrl Pts',(79.8708528980747,66.8235396374307,11.9039162181961));
#8788=CARTESIAN_POINT('Ctrl Pts',(75.3354476463204,72.7258900986021,11.9039462088437));
#8789=CARTESIAN_POINT('Ctrl Pts',(71.4411885958539,76.9946989433261,11.9039432269843));
#8790=CARTESIAN_POINT('Ctrl Pts',(70.622268471697,77.8634292970757,11.9039425209822));
#8791=CARTESIAN_POINT('Ctrl Pts',(89.7252246356099,36.5138285365732,11.2369533657745));
#8792=CARTESIAN_POINT('Ctrl Pts',(89.5707266349703,37.3634324548033,11.2476869821682));
#8793=CARTESIAN_POINT('Ctrl Pts',(89.3906765465767,38.239457364919,11.2567481752237));
#8794=CARTESIAN_POINT('Ctrl Pts',(88.8655477015114,40.4514752370069,11.2715443379757));
#8795=CARTESIAN_POINT('Ctrl Pts',(88.4811832218911,41.8186001588814,11.2738310670146));
#8796=CARTESIAN_POINT('Ctrl Pts',(88.0052392666836,43.2098853972346,11.2653925115342));
#8797=CARTESIAN_POINT('Ctrl Pts',(90.1811508086943,36.5768374759443,11.3304699935405));
#8798=CARTESIAN_POINT('Ctrl Pts',(90.0599974928755,37.4363778720604,11.3470470828879));
#8799=CARTESIAN_POINT('Ctrl Pts',(89.9149135684579,38.3246941887062,11.3619415478052));
#8800=CARTESIAN_POINT('Ctrl Pts',(89.4773710111725,40.574704200105,11.3904191030693));
#8801=CARTESIAN_POINT('Ctrl Pts',(89.1466758241146,41.9713568648005,11.4002814834663));
#8802=CARTESIAN_POINT('Ctrl Pts',(88.7217649411865,43.4008890957895,11.3979973070998));
#8803=CARTESIAN_POINT('Ctrl Pts',(90.6345611125687,36.6182616506868,11.4487452559471));
#8804=CARTESIAN_POINT('Ctrl Pts',(90.5467331510456,37.4868200911731,11.473621725012));
#8805=CARTESIAN_POINT('Ctrl Pts',(90.4364296812671,38.3867175739963,11.4971105195929));
#8806=CARTESIAN_POINT('Ctrl Pts',(90.0862059488304,40.6739381480065,11.5470196061135));
#8807=CARTESIAN_POINT('Ctrl Pts',(89.8090155533412,42.1004772522593,11.5698861359723));
#8808=CARTESIAN_POINT('Ctrl Pts',(89.4344893568321,43.5691276255768,11.5799626754067));
#8809=CARTESIAN_POINT('Ctrl Pts',(91.078991508309,36.6379192618872,11.5896064842035));
#8810=CARTESIAN_POINT('Ctrl Pts',(91.0238311838651,37.5143978401127,11.62504251327));
#8811=CARTESIAN_POINT('Ctrl Pts',(90.9478058256704,38.4250977484715,11.6597428768534));
#8812=CARTESIAN_POINT('Ctrl Pts',(90.6831865196117,40.7481221117622,11.7383302874187));
#8813=CARTESIAN_POINT('Ctrl Pts',(90.4582651501056,42.2041528768985,11.7792670923793));
#8814=CARTESIAN_POINT('Ctrl Pts',(90.1326213070025,43.7124981419059,11.8075106451811));
#8815=CARTESIAN_POINT('Ctrl Pts',(91.078991508309,36.6379192618872,11.5896064842035));
#8816=CARTESIAN_POINT('Ctrl Pts',(91.0238311838651,37.5143978401127,11.62504251327));
#8817=CARTESIAN_POINT('Ctrl Pts',(90.9478058256704,38.4250977484715,11.6597428768534));
#8818=CARTESIAN_POINT('Ctrl Pts',(90.6831865196117,40.7481221117622,11.7383302874187));
#8819=CARTESIAN_POINT('Ctrl Pts',(90.4582651501056,42.2041528768985,11.7792670923793));
#8820=CARTESIAN_POINT('Ctrl Pts',(90.1326213070025,43.7124981419059,11.8075106451811));
#8821=CARTESIAN_POINT('Ctrl Pts',(111.88976380006,11.699999999997,17.5727244160196));
#8822=CARTESIAN_POINT('Ctrl Pts',(111.889763800059,15.6128607765045,17.5727244160196));
#8823=CARTESIAN_POINT('Ctrl Pts',(111.534188362874,27.2085479114455,17.5727244160196));
#8824=CARTESIAN_POINT('Ctrl Pts',(109.47144156424,42.8256457616058,17.5727244160196));
#8825=CARTESIAN_POINT('Ctrl Pts',(104.415289935807,58.5945516483883,17.5727244160196));
#8826=CARTESIAN_POINT('Ctrl Pts',(98.8971680991259,69.9906110227159,17.5727244160196));
#8827=CARTESIAN_POINT('Ctrl Pts',(91.8849309891227,80.5205752949286,17.5727244160196));
#8828=CARTESIAN_POINT('Ctrl Pts',(86.4149827399335,86.9359977985371,17.5727244160196));
#8829=CARTESIAN_POINT('Ctrl Pts',(83.5126323071816,90.0148450543713,17.5727244160196));
#8830=CARTESIAN_POINT('Ctrl Pts',(105.657349286894,11.6999999999965,15.5783517718066));
#8831=CARTESIAN_POINT('Ctrl Pts',(105.657349286894,15.4871496227131,15.5783517718066));
#8832=CARTESIAN_POINT('Ctrl Pts',(105.313855206404,26.7005075999475,15.5783517718066));
#8833=CARTESIAN_POINT('Ctrl Pts',(103.33267967086,41.5603269232262,15.5783517718066));
#8834=CARTESIAN_POINT('Ctrl Pts',(98.6075913686599,56.2754744445749,15.5783517718066));
#8835=CARTESIAN_POINT('Ctrl Pts',(93.4764378469144,66.8757700810395,15.5783517718066));
#8836=CARTESIAN_POINT('Ctrl Pts',(86.9124037158546,76.7391272776548,15.5783517718066));
#8837=CARTESIAN_POINT('Ctrl Pts',(81.7377099918935,82.8117889826659,15.5783517718066));
#8838=CARTESIAN_POINT('Ctrl Pts',(78.9775798539596,85.7397672877755,15.5783517718066));
#8839=CARTESIAN_POINT('Ctrl Pts',(99.4249347737286,11.699999999996,13.5839791275936));
#8840=CARTESIAN_POINT('Ctrl Pts',(99.4249347737282,15.3614384689217,13.5839791275936));
#8841=CARTESIAN_POINT('Ctrl Pts',(99.0935220499329,26.1924672884496,13.5839791275936));
#8842=CARTESIAN_POINT('Ctrl Pts',(97.1939177774807,40.2950080848466,13.5839791275936));
#8843=CARTESIAN_POINT('Ctrl Pts',(92.7998928015128,53.9563972407615,13.5839791275936));
#8844=CARTESIAN_POINT('Ctrl Pts',(88.0557075947029,63.7609291393631,13.5839791275936));
#8845=CARTESIAN_POINT('Ctrl Pts',(81.9398764425865,72.9576792603811,13.5839791275936));
#8846=CARTESIAN_POINT('Ctrl Pts',(77.0604372438535,78.6875801667947,13.5839791275936));
#8847=CARTESIAN_POINT('Ctrl Pts',(74.4425274007376,81.4646895211796,13.5839791275936));
#8848=CARTESIAN_POINT('Ctrl Pts',(93.1925202605631,11.6999999999956,11.5896064833806));
#8849=CARTESIAN_POINT('Ctrl Pts',(93.1925202605626,15.2357273151304,11.5896064833806));
#8850=CARTESIAN_POINT('Ctrl Pts',(92.8731888934622,25.6844269769516,11.5896064833806));
#8851=CARTESIAN_POINT('Ctrl Pts',(91.0551558841014,39.029689246467,11.5896064833806));
#8852=CARTESIAN_POINT('Ctrl Pts',(86.9921942343658,51.6373200369481,11.5896064833806));
#8853=CARTESIAN_POINT('Ctrl Pts',(82.6349773424914,60.6460881976867,11.5896064833806));
#8854=CARTESIAN_POINT('Ctrl Pts',(76.9673491693184,69.1762312431073,11.5896064833806));
#8855=CARTESIAN_POINT('Ctrl Pts',(72.3831644958134,74.5633713509235,11.5896064833806));
#8856=CARTESIAN_POINT('Ctrl Pts',(69.9074749475157,77.1896117545838,11.5896064833806));
#8857=CARTESIAN_POINT('',(111.889763799935,11.6999999999971,17.5727244159797));
#8858=CARTESIAN_POINT('',(91.3499999999987,11.6999999999954,11.));
#8859=CARTESIAN_POINT('Ctrl Pts',(93.6866786178907,77.6296138461342,17.5727244159797));
#8860=CARTESIAN_POINT('Ctrl Pts',(97.4754769480534,72.2575757220588,17.5727244159797));
#8861=CARTESIAN_POINT('Ctrl Pts',(103.922629065141,60.8800067279306,17.5727244159797));
#8862=CARTESIAN_POINT('Ctrl Pts',(108.714833050973,45.2125884374464,17.5727244159797));
#8863=CARTESIAN_POINT('Ctrl Pts',(111.368261058773,28.7311567381883,17.5727244159797));
#8864=CARTESIAN_POINT('Ctrl Pts',(111.889763799935,18.5385019130863,17.5727244159797));
#8865=CARTESIAN_POINT('Ctrl Pts',(111.889763799935,11.699999999997,17.5727244159797));
#8866=CARTESIAN_POINT('Origin',(103.85,-3.45501405264157E-12,15.));
#8867=CARTESIAN_POINT('',(111.889763799936,-1.60000000000274,17.5727244159797));
#8868=CARTESIAN_POINT('',(97.32047183039,-1.60000000000403,12.9105509857249));
#8869=CARTESIAN_POINT('',(111.889763799936,-3.60247264909204E-12,17.5727244159797));
#8870=CARTESIAN_POINT('Origin',(91.3499999999998,-1.60000000000456,9.07405091138831));
#8871=CARTESIAN_POINT('',(123.35,-1.60000000000172,9.07405091138831));
#8872=CARTESIAN_POINT('',(91.3499999999998,-1.60000000000456,9.07405091138831));
#8873=CARTESIAN_POINT('',(123.35,-1.60000000000172,12.));
#8874=CARTESIAN_POINT('',(123.35,-1.60000000000172,19.));
#8875=CARTESIAN_POINT('',(162.15,-1.6,12.));
#8876=CARTESIAN_POINT('',(114.867181415205,-1.60000000000001,12.));
#8877=CARTESIAN_POINT('',(162.15,-1.59999999999999,9.07405091138831));
#8878=CARTESIAN_POINT('',(162.15,-1.6,19.));
#8879=CARTESIAN_POINT('',(193.452245007226,-1.59999999999999,9.07405091138831));
#8880=CARTESIAN_POINT('',(194.15,-1.59999999999999,9.07405091138831));
#8881=CARTESIAN_POINT('',(189.283430089727,-1.6,12.5573023712875));
#8882=CARTESIAN_POINT('Ctrl Pts',(189.283430089725,-1.59999999999586,12.5573023712881));
#8883=CARTESIAN_POINT('Ctrl Pts',(190.212659871689,-1.59999999999578,12.2599488410596));
#8884=CARTESIAN_POINT('Ctrl Pts',(191.07577519601,-1.59999999973359,11.8080463574639));
#8885=CARTESIAN_POINT('Ctrl Pts',(192.229747205615,-1.59999999973349,10.8295618765789));
#8886=CARTESIAN_POINT('Ctrl Pts',(192.595137462499,-1.59999999999063,10.4333747755545));
#8887=CARTESIAN_POINT('Ctrl Pts',(193.115041358269,-1.59999999999059,9.70197687796142));
#8888=CARTESIAN_POINT('Ctrl Pts',(193.296608105586,-1.59999999999551,9.39472941606143));
#8889=CARTESIAN_POINT('Ctrl Pts',(193.452245007226,-1.5999999999955,9.07405091138805));
#8890=CARTESIAN_POINT('',(173.610236200063,-1.6,17.5727244159797));
#8891=CARTESIAN_POINT('',(188.17952816961,-1.6,12.9105509857249));
#8892=CARTESIAN_POINT('',(164.46696438695,-1.59999999999807,19.));
#8893=CARTESIAN_POINT('Origin',(164.46696438695,-1.60000000000456,-11.));
#8894=CARTESIAN_POINT('',(121.03303561305,-1.60000000000193,19.));
#8895=CARTESIAN_POINT('',(91.3499999999998,-1.60000000000457,19.));
#8896=CARTESIAN_POINT('Origin',(121.03303561305,-1.60000000000192,-11.));
#8897=CARTESIAN_POINT('Origin',(98.3499999999997,-3.94351218347778E-12,
-5.89033334089226));
#8898=CARTESIAN_POINT('',(92.1159048426162,-1.6000000000045,-9.07405091138835));
#8899=CARTESIAN_POINT('',(91.3499999999998,-1.0386246933705,-5.89033334089226));
#8900=CARTESIAN_POINT('Origin',(98.3499999999998,-1.03862469336988,-5.89033334089226));
#8901=CARTESIAN_POINT('',(91.3499999999987,11.6999999999954,-5.89033334089226));
#8902=CARTESIAN_POINT('',(91.3499999999997,-4.56523707726932E-12,-5.89033334089226));
#8903=CARTESIAN_POINT('',(96.2165699102722,11.6999999999959,-12.5573023712875));
#8904=CARTESIAN_POINT('Origin',(98.3499999999986,11.6999999999961,-5.89033334089226));
#8905=CARTESIAN_POINT('',(96.2165699102733,-1.60000000000413,-12.5573023712875));
#8906=CARTESIAN_POINT('',(96.2165699102732,-4.13299884004162E-12,-12.5573023712875));
#8907=CARTESIAN_POINT('Origin',(98.3499999999998,-1.60000000000394,-5.89033334089226));
#8908=CARTESIAN_POINT('Ctrl Pts',(91.078990725135,36.6379208455688,-11.5896063334161));
#8909=CARTESIAN_POINT('Ctrl Pts',(93.2262029950525,32.2970597544957,-12.0030824315058));
#8910=CARTESIAN_POINT('Ctrl Pts',(95.6260275590041,24.0382226853696,-12.4522908358943));
#8911=CARTESIAN_POINT('Ctrl Pts',(96.2165699102719,15.3649837426675,-12.5573023712876));
#8912=CARTESIAN_POINT('Ctrl Pts',(96.2165699102722,11.6999999999958,-12.5573023712875));
#8913=CARTESIAN_POINT('Ctrl Pts',(89.6400747726539,35.8898774909445,-11.0923380175099));
#8914=CARTESIAN_POINT('Ctrl Pts',(91.7046689747677,31.7306249186274,-11.4978467908287));
#8915=CARTESIAN_POINT('Ctrl Pts',(94.0354162213149,23.7567323228002,-11.9406954239175));
#8916=CARTESIAN_POINT('Ctrl Pts',(94.6151088580979,15.2878549878485,-12.0448348345919));
#8917=CARTESIAN_POINT('Ctrl Pts',(94.6151088580982,11.6999999999957,-12.0448348345919));
#8918=CARTESIAN_POINT('Ctrl Pts',(87.4712264197581,34.6514893474286,-9.15145643693645));
#8919=CARTESIAN_POINT('Ctrl Pts',(89.3919409106882,30.7900249594707,-9.55343778240059));
#8920=CARTESIAN_POINT('Ctrl Pts',(91.601704530941,23.2906425613697,-9.99307645270961));
#8921=CARTESIAN_POINT('Ctrl Pts',(92.1625815906933,15.160972046193,-10.0967914421731));
#8922=CARTESIAN_POINT('Ctrl Pts',(92.1625815906936,11.6999999999955,-10.0967914421731));
#8923=CARTESIAN_POINT('Ctrl Pts',(86.8361980927158,34.0662046000309,-6.19041019909031));
#8924=CARTESIAN_POINT('Ctrl Pts',(88.6677171049469,30.3390763329184,-6.60048349360847));
#8925=CARTESIAN_POINT('Ctrl Pts',(90.8005581927575,23.0664110837344,-7.04680420050369));
#8926=CARTESIAN_POINT('Ctrl Pts',(91.3499999999984,15.100365550049,-7.15142672314472));
#8927=CARTESIAN_POINT('Ctrl Pts',(91.3499999999987,11.6999999999954,-7.1514267231447));
#8928=CARTESIAN_POINT('Ctrl Pts',(86.8826848459178,33.9708868214396,-4.92263730302082));
#8929=CARTESIAN_POINT('Ctrl Pts',(88.6913494733834,30.2623487405547,-5.33611340111058));
#8930=CARTESIAN_POINT('Ctrl Pts',(90.8034559944761,23.0282216648122,-5.78532180549903));
#8931=CARTESIAN_POINT('Ctrl Pts',(91.3499999999984,15.0903812932402,-5.89033334089228));
#8932=CARTESIAN_POINT('Ctrl Pts',(91.3499999999987,11.6999999999954,-5.89033334089226));
#8933=CARTESIAN_POINT('',(86.8826848459185,33.9708868214382,-4.92263730302099));
#8934=CARTESIAN_POINT('',(91.0789907251358,36.6379208455671,-11.5896063334162));
#8935=CARTESIAN_POINT('Origin',(93.1743168641047,37.0393337490767,-4.92263730302099));
#8936=CARTESIAN_POINT('Ctrl Pts',(91.078990725135,36.6379208455688,-11.5896063334161));
#8937=CARTESIAN_POINT('Ctrl Pts',(93.2262029950525,32.2970597544957,-12.0030824315058));
#8938=CARTESIAN_POINT('Ctrl Pts',(95.6260275590041,24.0382226853696,-12.4522908358943));
#8939=CARTESIAN_POINT('Ctrl Pts',(96.2165699102719,15.3649837426675,-12.5573023712876));
#8940=CARTESIAN_POINT('Ctrl Pts',(96.2165699102722,11.6999999999958,-12.5573023712875));
#8941=CARTESIAN_POINT('Ctrl Pts',(91.3499999999987,11.6999999999954,-5.89033334089226));
#8942=CARTESIAN_POINT('Ctrl Pts',(91.3499999999984,15.0903812932402,-5.89033334089228));
#8943=CARTESIAN_POINT('Ctrl Pts',(90.8034559944761,23.0282216648122,-5.78532180549903));
#8944=CARTESIAN_POINT('Ctrl Pts',(88.6913494733834,30.2623487405547,-5.33611340111058));
#8945=CARTESIAN_POINT('Ctrl Pts',(86.8826848459178,33.9708868214396,-4.92263730302082));
#8946=CARTESIAN_POINT('Ctrl Pts',(88.0052384508157,43.2098867675177,-11.2653924676225));
#8947=CARTESIAN_POINT('Ctrl Pts',(89.2693583022672,41.1131062484957,-11.3716634518926));
#8948=CARTESIAN_POINT('Ctrl Pts',(90.3102842918106,38.8944992864725,-11.4838804817082));
#8949=CARTESIAN_POINT('Ctrl Pts',(91.0789907252886,36.6379208451186,-11.5896063334373));
#8950=CARTESIAN_POINT('Ctrl Pts',(87.2738916338836,42.6460389403403,-11.1106926291862));
#8951=CARTESIAN_POINT('Ctrl Pts',(88.5284176727792,40.6161549150143,-11.1837195975914));
#8952=CARTESIAN_POINT('Ctrl Pts',(89.571550644178,38.4624493737129,-11.2654829738035));
#8953=CARTESIAN_POINT('Ctrl Pts',(90.3595327490519,36.2638991678181,-11.3409721754782));
#8954=CARTESIAN_POINT('Ctrl Pts',(85.8776163697367,41.5396792627805,-10.4257157208239));
#8955=CARTESIAN_POINT('Ctrl Pts',(87.123996782821,39.6453732788145,-10.4573973039174));
#8956=CARTESIAN_POINT('Ctrl Pts',(88.1810942623357,37.6201622508559,-10.5029682808148));
#8957=CARTESIAN_POINT('Ctrl Pts',(89.0156391119842,35.5345309409853,-10.5464219763679));
#8958=CARTESIAN_POINT('Ctrl Pts',(84.0408589997667,39.9756572476792,-8.10757887877242));
#8959=CARTESIAN_POINT('Ctrl Pts',(85.2919806403237,38.2708043884573,-8.1542257731484));
#8960=CARTESIAN_POINT('Ctrl Pts',(86.3825323875552,36.4220707291159,-8.22077385942755));
#8961=CARTESIAN_POINT('Ctrl Pts',(87.2930759598126,34.4853551907151,-8.29993507682808));
#8962=CARTESIAN_POINT('Ctrl Pts',(83.5451876123586,39.422851898009,-5.77672614943108));
#8963=CARTESIAN_POINT('Ctrl Pts',(84.8006462678632,37.7700633032048,-5.89139223743499));
#8964=CARTESIAN_POINT('Ctrl Pts',(85.9012138792409,35.9674892766311,-6.02784140465973));
#8965=CARTESIAN_POINT('Ctrl Pts',(86.8361980929023,34.0662045996514,-6.19041019912283));
#8966=CARTESIAN_POINT('Ctrl Pts',(83.5968661472469,39.3543813005415,-4.37484476758989));
#8967=CARTESIAN_POINT('Ctrl Pts',(84.851199418676,37.6924737270405,-4.53108068604937));
#8968=CARTESIAN_POINT('Ctrl Pts',(85.9499501849288,35.8833928533575,-4.70940623611077));
#8969=CARTESIAN_POINT('Ctrl Pts',(86.882684846104,33.970886821058,-4.92263730306337));
#8970=CARTESIAN_POINT('',(83.5968661472468,39.3543813005416,-4.37484476758993));
#8971=CARTESIAN_POINT('',(88.0052384508157,43.209886767518,-11.2653924676226));
#8972=CARTESIAN_POINT('Origin',(89.1840877021922,43.5713654475301,-4.37484476758993));
#8973=CARTESIAN_POINT('Ctrl Pts',(88.0052384508157,43.2098867675177,-11.2653924676225));
#8974=CARTESIAN_POINT('Ctrl Pts',(89.2693583022672,41.1131062484957,-11.3716634518926));
#8975=CARTESIAN_POINT('Ctrl Pts',(90.3102842918106,38.8944992864725,-11.4838804817082));
#8976=CARTESIAN_POINT('Ctrl Pts',(91.0789907252886,36.6379208451186,-11.5896063334373));
#8977=CARTESIAN_POINT('Ctrl Pts',(86.882684846104,33.970886821058,-4.92263730306337));
#8978=CARTESIAN_POINT('Ctrl Pts',(85.9499501849288,35.8833928533575,-4.70940623611077));
#8979=CARTESIAN_POINT('Ctrl Pts',(84.851199418676,37.6924737270405,-4.53108068604937));
#8980=CARTESIAN_POINT('Ctrl Pts',(83.5968661472469,39.3543813005415,-4.37484476758989));
#8981=CARTESIAN_POINT('Ctrl Pts',(72.4748664809437,57.879297732773,-11.6984883246308));
#8982=CARTESIAN_POINT('Ctrl Pts',(76.0898761396769,55.8156988305204,-11.1485814754837));
#8983=CARTESIAN_POINT('Ctrl Pts',(79.5763817686958,53.2568282344571,-10.9699887549946));
#8984=CARTESIAN_POINT('Ctrl Pts',(83.1775158978832,49.5738541580206,-11.0101794149934));
#8985=CARTESIAN_POINT('Ctrl Pts',(84.6650115438958,47.9544749417951,-11.045766642506));
#8986=CARTESIAN_POINT('Ctrl Pts',(86.0188031418319,46.2025010744484,-11.1200614547194));
#8987=CARTESIAN_POINT('Ctrl Pts',(87.2009607810393,44.4942277703265,-11.2005636670498));
#8988=CARTESIAN_POINT('Ctrl Pts',(87.6136267792292,43.8573092025128,-11.2323585596406));
#8989=CARTESIAN_POINT('Ctrl Pts',(88.0052384508157,43.209886767518,-11.2653924676226));
#8990=CARTESIAN_POINT('Ctrl Pts',(72.1000251619329,56.7770537159511,-11.9500835910482));
#8991=CARTESIAN_POINT('Ctrl Pts',(75.5996315569113,54.7868864291334,-11.3003395990084));
#8992=CARTESIAN_POINT('Ctrl Pts',(78.9913377643751,52.3330098722638,-11.027868972622));
#8993=CARTESIAN_POINT('Ctrl Pts',(82.5172392771427,48.789354808606,-10.9768166641712));
#8994=CARTESIAN_POINT('Ctrl Pts',(83.975761951347,47.2301478651517,-10.9747485081574));
#8995=CARTESIAN_POINT('Ctrl Pts',(85.3090757854834,45.5398232738408,-11.0156244169572));
#8996=CARTESIAN_POINT('Ctrl Pts',(86.4768644415498,43.8889136304382,-11.0664033706915));
#8997=CARTESIAN_POINT('Ctrl Pts',(86.8853682466465,43.2728638418073,-11.0877915196821));
#8998=CARTESIAN_POINT('Ctrl Pts',(87.2738916338836,42.6460389403405,-11.1106926291862));
#8999=CARTESIAN_POINT('Ctrl Pts',(71.2107208137623,54.4902875344138,-11.8523532724827));
#9000=CARTESIAN_POINT('Ctrl Pts',(74.5422522300472,52.6957358435959,-11.0407330115505));
#9001=CARTESIAN_POINT('Ctrl Pts',(77.7967296362571,50.4782559328113,-10.6289966361872));
#9002=CARTESIAN_POINT('Ctrl Pts',(81.214761049202,47.2296420437621,-10.4511923569889));
#9003=CARTESIAN_POINT('Ctrl Pts',(82.6319099759278,45.7964197228149,-10.3977534693747));
#9004=CARTESIAN_POINT('Ctrl Pts',(83.937541342713,44.2327400170267,-10.3946562175515));
#9005=CARTESIAN_POINT('Ctrl Pts',(85.0875753464753,42.6985319662235,-10.4073261245913));
#9006=CARTESIAN_POINT('Ctrl Pts',(85.4915072022416,42.1247866218477,-10.4155183948956));
#9007=CARTESIAN_POINT('Ctrl Pts',(85.8773318110669,41.5394721273621,-10.4258153320924));
#9008=CARTESIAN_POINT('Ctrl Pts',(69.5509601236006,51.1835746692425,-9.63609221634353));
#9009=CARTESIAN_POINT('Ctrl Pts',(72.8486526264679,49.7340506885451,-8.73602451341335));
#9010=CARTESIAN_POINT('Ctrl Pts',(76.052490838919,47.8661659785515,-8.28951468496877));
#9011=CARTESIAN_POINT('Ctrl Pts',(79.4174133579243,45.0338455187529,-8.10708519523944));
#9012=CARTESIAN_POINT('Ctrl Pts',(80.8137559053665,43.7782504186062,-8.05436910740854));
#9013=CARTESIAN_POINT('Ctrl Pts',(82.1050653065192,42.390368686666,-8.05843613192755));
#9014=CARTESIAN_POINT('Ctrl Pts',(83.2495978172578,41.0185129190905,-8.08045305011259));
#9015=CARTESIAN_POINT('Ctrl Pts',(83.6530808990576,40.503266644923,-8.0927184302964));
#9016=CARTESIAN_POINT('Ctrl Pts',(84.0406287219833,39.9754875562885,-8.10763251404425));
#9017=CARTESIAN_POINT('Ctrl Pts',(68.6639955698343,50.2360024896817,-6.71770500925848));
#9018=CARTESIAN_POINT('Ctrl Pts',(72.1451260750844,48.8811183819653,-5.90870808591157));
#9019=CARTESIAN_POINT('Ctrl Pts',(75.4624111556853,47.0793455107007,-5.58712447323044));
#9020=CARTESIAN_POINT('Ctrl Pts',(78.8849611493403,44.3331591423254,-5.55214951897291));
#9021=CARTESIAN_POINT('Ctrl Pts',(80.3004045901991,43.1151948173731,-5.5625762372354));
#9022=CARTESIAN_POINT('Ctrl Pts',(81.6000436803949,41.7683858902918,-5.62823074125129));
#9023=CARTESIAN_POINT('Ctrl Pts',(82.7505404440004,40.4362595055892,-5.70781000430252));
#9024=CARTESIAN_POINT('Ctrl Pts',(83.1558120022269,39.9358387296972,-5.74088658733915));
#9025=CARTESIAN_POINT('Ctrl Pts',(83.5451876123586,39.4228518980091,-5.7767261494311));
#9026=CARTESIAN_POINT('Ctrl Pts',(68.3868574717058,50.3416454282355,-4.95582612844217));
#9027=CARTESIAN_POINT('Ctrl Pts',(72.0127471031764,48.959483833972,-4.2033220190829));
#9028=CARTESIAN_POINT('Ctrl Pts',(75.4291537824049,47.1094843912696,-3.95889102905451));
#9029=CARTESIAN_POINT('Ctrl Pts',(78.9055001133158,44.3160259557376,-4.01396153652965));
#9030=CARTESIAN_POINT('Ctrl Pts',(80.339578505593,43.0796133012624,-4.06285046880448));
#9031=CARTESIAN_POINT('Ctrl Pts',(81.6468663815143,41.7180315005732,-4.16604254414501));
#9032=CARTESIAN_POINT('Ctrl Pts',(82.8013832946515,40.3746996081323,-4.28056829408432));
#9033=CARTESIAN_POINT('Ctrl Pts',(83.2072635395181,39.8705786614729,-4.32631705757924));
#9034=CARTESIAN_POINT('Ctrl Pts',(83.5968661472468,39.3543813005415,-4.37484476758989));
#9035=CARTESIAN_POINT('',(75.8320970475404,52.6859808088003,-11.));
#9036=CARTESIAN_POINT('',(81.8666554271739,50.8958328638755,-11.));
#9037=CARTESIAN_POINT('Ctrl Pts',(75.8280757182835,52.6873851211578,-11.0010106717225));
#9038=CARTESIAN_POINT('Ctrl Pts',(76.1721417956539,52.6199363214755,-11.000968005794));
#9039=CARTESIAN_POINT('Ctrl Pts',(76.5152644761301,52.5475417990619,-11.000880357105));
#9040=CARTESIAN_POINT('Ctrl Pts',(76.8574243015805,52.4699057906602,-11.0007710512973));
#9041=CARTESIAN_POINT('Ctrl Pts',(77.2043299658449,52.3911929522082,-11.0006602293918));
#9042=CARTESIAN_POINT('Ctrl Pts',(77.5502457606012,52.30709214342,-11.0005272244724));
#9043=CARTESIAN_POINT('Ctrl Pts',(77.8951038748792,52.2173191171863,-11.0003924399676));
#9044=CARTESIAN_POINT('Ctrl Pts',(77.9625101738023,52.1997719950772,-11.0003660948585));
#9045=CARTESIAN_POINT('Ctrl Pts',(78.0298759233781,52.1820082403225,-11.0003396678414));
#9046=CARTESIAN_POINT('Ctrl Pts',(78.0972004144704,52.1640258386476,-11.0003132901714));
#9047=CARTESIAN_POINT('Ctrl Pts',(78.4725527720446,52.0637690561005,-11.0001662274832));
#9048=CARTESIAN_POINT('Ctrl Pts',(78.845425610925,51.9570287776638,-11.0000206731976));
#9049=CARTESIAN_POINT('Ctrl Pts',(79.215941753361,51.8435264921266,-10.9998956633626));
#9050=CARTESIAN_POINT('Ctrl Pts',(79.5857076219921,51.730254042167,-10.9997709066652));
#9051=CARTESIAN_POINT('Ctrl Pts',(79.9531262566897,51.6102473973992,-10.9996665871997));
#9052=CARTESIAN_POINT('Ctrl Pts',(80.318269232706,51.4832242588608,-10.9995921390207));
#9053=CARTESIAN_POINT('Ctrl Pts',(80.6764105989351,51.358636786646,-10.999519118384));
#9054=CARTESIAN_POINT('Ctrl Pts',(81.0323627113585,51.2272996630979,-10.9994748244449));
#9055=CARTESIAN_POINT('Ctrl Pts',(81.3861453899733,51.0889354268906,-10.9994593120231));
#9056=CARTESIAN_POINT('Ctrl Pts',(81.5387334945114,51.0292582922682,-10.9994526214439));
#9057=CARTESIAN_POINT('Ctrl Pts',(81.6909174250071,50.9682737770693,-10.9994511725696));
#9058=CARTESIAN_POINT('Ctrl Pts',(81.8426959272625,50.9059587388116,-10.9994544426558));
#9059=CARTESIAN_POINT('Ctrl Pts',(81.8511659267485,50.9024812480328,-10.9994546251429));
#9060=CARTESIAN_POINT('Ctrl Pts',(81.8596342819935,50.8989997749298,-10.9994548222373));
#9061=CARTESIAN_POINT('Ctrl Pts',(81.8681009978729,50.8955143147568,-10.9994550337992));
#9062=CARTESIAN_POINT('Ctrl Pts',(81.8671300196391,50.8964591455795,-10.9994550538535));
#9063=CARTESIAN_POINT('Ctrl Pts',(82.1015985144502,50.668312371142,-10.9994483951054));
#9064=CARTESIAN_POINT('Ctrl Pts',(82.3332944038206,50.4372615640937,-11.0007574335247));
#9065=CARTESIAN_POINT('Ctrl Pts',(83.1775158978832,49.5738541580206,-11.0101794149934));
#9066=CARTESIAN_POINT('Ctrl Pts',(84.6650115438958,47.9544749417951,-11.045766642506));
#9067=CARTESIAN_POINT('Ctrl Pts',(86.0188031418319,46.2025010744484,-11.1200614547194));
#9068=CARTESIAN_POINT('Ctrl Pts',(87.2009607810393,44.4942277703265,-11.2005636670498));
#9069=CARTESIAN_POINT('Ctrl Pts',(87.6136267792292,43.8573092025128,-11.2323585596406));
#9070=CARTESIAN_POINT('Ctrl Pts',(88.0052384508157,43.209886767518,-11.2653924676226));
#9071=CARTESIAN_POINT('',(68.3868574717059,50.3416454282355,-4.95582612844219));
#9072=CARTESIAN_POINT('Ctrl Pts',(83.5968661472468,39.3543813005415,-4.37484476758989));
#9073=CARTESIAN_POINT('Ctrl Pts',(83.2072635395181,39.8705786614729,-4.32631705757924));
#9074=CARTESIAN_POINT('Ctrl Pts',(82.8013832946515,40.3746996081323,-4.28056829408432));
#9075=CARTESIAN_POINT('Ctrl Pts',(81.6468663815143,41.7180315005732,-4.16604254414501));
#9076=CARTESIAN_POINT('Ctrl Pts',(80.339578505593,43.0796133012624,-4.06285046880448));
#9077=CARTESIAN_POINT('Ctrl Pts',(78.9055001133158,44.3160259557376,-4.01396153652965));
#9078=CARTESIAN_POINT('Ctrl Pts',(75.4291537824049,47.1094843912696,-3.95889102905451));
#9079=CARTESIAN_POINT('Ctrl Pts',(72.0127471031764,48.959483833972,-4.2033220190829));
#9080=CARTESIAN_POINT('Ctrl Pts',(68.3868574717058,50.3416454282355,-4.95582612844217));
#9081=CARTESIAN_POINT('Ctrl Pts',(68.3868574717059,50.3416454282355,-4.95582612844217));
#9082=CARTESIAN_POINT('Ctrl Pts',(68.3877918240396,50.3412892602209,-4.95976003705511));
#9083=CARTESIAN_POINT('Ctrl Pts',(68.3887278796409,50.3409361920705,-4.96369385709762));
#9084=CARTESIAN_POINT('Ctrl Pts',(68.5963355011211,50.2634577122262,-5.83456832543362));
#9085=CARTESIAN_POINT('Ctrl Pts',(68.8812154082131,50.3388290742458,-6.68390022647698));
#9086=CARTESIAN_POINT('Ctrl Pts',(69.636297973146,50.7326363550978,-8.21280541368224));
#9087=CARTESIAN_POINT('Ctrl Pts',(70.076287589063,51.0287424552038,-8.85131109055833));
#9088=CARTESIAN_POINT('Ctrl Pts',(71.0694087257038,51.6537256282635,-9.83697827818664));
#9089=CARTESIAN_POINT('Ctrl Pts',(71.5927342489489,51.9659387190576,-10.1872418483555));
#9090=CARTESIAN_POINT('Ctrl Pts',(72.6847188430633,52.4533432323046,-10.6585893399778));
#9091=CARTESIAN_POINT('Ctrl Pts',(73.2322375495406,52.6355783653569,-10.7980036321811));
#9092=CARTESIAN_POINT('Ctrl Pts',(74.44061247748,52.8271921446739,-10.9711426186717));
#9093=CARTESIAN_POINT('Ctrl Pts',(75.1063092830316,52.828313456287,-11.0000000000001));
#9094=CARTESIAN_POINT('Ctrl Pts',(75.8320970475347,52.6859808088014,-11.));
#9095=CARTESIAN_POINT('Ctrl Pts',(8.83487293671874,54.9999999999968,-11.));
#9096=CARTESIAN_POINT('Ctrl Pts',(8.83487293671874,54.9999999999968,11.));
#9097=CARTESIAN_POINT('Ctrl Pts',(10.9329400571142,54.9999999999968,-11.));
#9098=CARTESIAN_POINT('Ctrl Pts',(10.9329400571142,54.9999999999968,11.));
#9099=CARTESIAN_POINT('Ctrl Pts',(15.2498486840739,55.0147346862775,-11.));
#9100=CARTESIAN_POINT('Ctrl Pts',(15.2498486840739,55.0147346862775,11.));
#9101=CARTESIAN_POINT('Ctrl Pts',(22.0875239582496,55.0810471987952,-11.));
#9102=CARTESIAN_POINT('Ctrl Pts',(22.0875239582496,55.0810471987952,11.));
#9103=CARTESIAN_POINT('Ctrl Pts',(31.8199170193946,55.1874695060145,-11.));
#9104=CARTESIAN_POINT('Ctrl Pts',(31.8199170193946,55.1874695060145,11.));
#9105=CARTESIAN_POINT('Ctrl Pts',(44.3936594769924,54.9478056314861,-11.));
#9106=CARTESIAN_POINT('Ctrl Pts',(44.3936594769924,54.9478056314861,11.));
#9107=CARTESIAN_POINT('Ctrl Pts',(56.5785771220124,53.8145142285749,-11.));
#9108=CARTESIAN_POINT('Ctrl Pts',(56.5785771220124,53.8145142285749,11.));
#9109=CARTESIAN_POINT('Ctrl Pts',(67.5630873005716,51.2675245941267,-11.));
#9110=CARTESIAN_POINT('Ctrl Pts',(67.5630873005716,51.2675245941267,11.));
#9111=CARTESIAN_POINT('Ctrl Pts',(76.6600573156715,46.8920737936964,-11.));
#9112=CARTESIAN_POINT('Ctrl Pts',(76.6600573156715,46.8920737936964,11.));
#9113=CARTESIAN_POINT('Ctrl Pts',(83.5401686161621,40.5686842483131,-11.));
#9114=CARTESIAN_POINT('Ctrl Pts',(83.5401686161621,40.5686842483131,11.));
#9115=CARTESIAN_POINT('Ctrl Pts',(88.2364726553284,32.4697695278553,-11.));
#9116=CARTESIAN_POINT('Ctrl Pts',(88.2364726553284,32.4697695278553,11.));
#9117=CARTESIAN_POINT('Ctrl Pts',(90.3832008802298,24.7821730935326,-11.));
#9118=CARTESIAN_POINT('Ctrl Pts',(90.3832008802298,24.7821730935326,11.));
#9119=CARTESIAN_POINT('Ctrl Pts',(91.1742286912735,18.4485946785086,-11.));
#9120=CARTESIAN_POINT('Ctrl Pts',(91.1742286912735,18.4485946785086,11.));
#9121=CARTESIAN_POINT('Ctrl Pts',(91.3499999999985,13.9890516218846,-11.));
#9122=CARTESIAN_POINT('Ctrl Pts',(91.3499999999985,13.9890516218846,11.));
#9123=CARTESIAN_POINT('Ctrl Pts',(91.3499999999987,11.6999999999954,-11.));
#9124=CARTESIAN_POINT('Ctrl Pts',(91.3499999999987,11.6999999999954,11.));
#9125=CARTESIAN_POINT('',(8.83487294069133,54.9999999999968,9.));
#9126=CARTESIAN_POINT('Ctrl Pts',(8.83487294069133,54.9999999999968,9.));
#9127=CARTESIAN_POINT('Ctrl Pts',(12.1487361835425,55.0000000000145,9.));
#9128=CARTESIAN_POINT('Ctrl Pts',(18.7793416848548,55.0489612675467,9.06415081888608));
#9129=CARTESIAN_POINT('Ctrl Pts',(28.6327905891661,55.1336934457088,8.05315775087485));
#9130=CARTESIAN_POINT('Ctrl Pts',(38.0161697710186,55.0487757877244,5.99229015562647));
#9131=CARTESIAN_POINT('Ctrl Pts',(47.3597033372715,54.6169642501428,4.23823631441962));
#9132=CARTESIAN_POINT('Ctrl Pts',(56.6952645351827,53.5603296890129,3.83103705990309));
#9133=CARTESIAN_POINT('Ctrl Pts',(63.6342018431092,52.006915704088,4.34567520323687));
#9134=CARTESIAN_POINT('Ctrl Pts',(67.3972340338241,50.7186922676579,4.82015029416068));
#9135=CARTESIAN_POINT('Ctrl Pts',(68.3865348901131,50.341684185775,4.95824292691786));
#9136=CARTESIAN_POINT('',(8.83487294070199,54.9999999999968,-9.));
#9137=CARTESIAN_POINT('',(8.83487293671874,54.9999999999968,0.));
#9138=CARTESIAN_POINT('Ctrl Pts',(68.3865658423604,50.3417457706016,-4.95818879568389));
#9139=CARTESIAN_POINT('Ctrl Pts',(67.3973947556209,50.7187148127381,-4.82008505228308));
#9140=CARTESIAN_POINT('Ctrl Pts',(63.6346126014129,52.0068743330819,-4.3454699059242));
#9141=CARTESIAN_POINT('Ctrl Pts',(56.6949492143704,53.5602061400056,-3.82980875969128));
#9142=CARTESIAN_POINT('Ctrl Pts',(47.360870604311,54.6171346563382,-4.24111256723678));
#9143=CARTESIAN_POINT('Ctrl Pts',(38.0163647250215,55.0482723369973,-5.99149816895956));
#9144=CARTESIAN_POINT('Ctrl Pts',(28.6321320192901,55.1338223827387,-8.05246139461968));
#9145=CARTESIAN_POINT('Ctrl Pts',(18.7793638698069,55.0488797610436,-9.06400784390125));
#9146=CARTESIAN_POINT('Ctrl Pts',(12.1487361864052,55.0000000000341,-9.00000000002571));
#9147=CARTESIAN_POINT('Ctrl Pts',(8.83487294469594,54.9999999999968,-9.));
#9148=CARTESIAN_POINT('',(91.3499999999987,11.6999999999954,-19.));
#9149=CARTESIAN_POINT('Origin',(91.3499999999997,-4.56523707726932E-12,
19.));
#9150=CARTESIAN_POINT('',(91.3499999999998,-0.746687163972366,-4.23467333795249));
#9151=CARTESIAN_POINT('',(91.3499999999997,-4.56523707726932E-12,-1.05588949164132E-27));
#9152=CARTESIAN_POINT('',(91.3499999999998,-0.746687163972365,4.23467333795249));
#9153=CARTESIAN_POINT('Origin',(91.3499999999997,-4.56523707726932E-12,
-1.05588949164132E-27));
#9154=CARTESIAN_POINT('',(91.3499999999997,-4.56523707726932E-12,-1.05588949164132E-27));
#9155=CARTESIAN_POINT('Origin',(91.3499999999998,-1.60000000000457,-9.07405091138835));
#9156=CARTESIAN_POINT('',(123.35,-1.60000000000173,-9.07405091138835));
#9157=CARTESIAN_POINT('',(91.3499999999998,-1.60000000000457,-9.07405091138835));
#9158=CARTESIAN_POINT('',(123.35,-0.746687163969524,-4.23467333795249));
#9159=CARTESIAN_POINT('',(123.35,-1.72306613422228E-12,-8.81856714239713E-28));
#9160=CARTESIAN_POINT('',(122.35,-0.746687163969612,-4.23467333795249));
#9161=CARTESIAN_POINT('',(123.35,-0.746687163969524,-4.23467333795249));
#9162=CARTESIAN_POINT('',(122.35,-0.972429794936622,-5.51492341686837));
#9163=CARTESIAN_POINT('',(122.35,-1.8118839761925E-12,-8.87295238533513E-28));
#9164=CARTESIAN_POINT('',(120.85,-1.04188906600353,-5.90884651807325));
#9165=CARTESIAN_POINT('',(121.6,-1.00715943047007,-5.71188496747081));
#9166=CARTESIAN_POINT('',(117.05,-1.04188906600386,-5.90884651807325));
#9167=CARTESIAN_POINT('',(91.3499999999998,-1.04188906600615,-5.90884651807325));
#9168=CARTESIAN_POINT('',(117.05,-1.41217572549165,-8.00884651807328));
#9169=CARTESIAN_POINT('',(117.05,-0.139326243191747,-0.790158389996043));
#9170=CARTESIAN_POINT('',(113.65,-1.41217572549195,-8.00884651807328));
#9171=CARTESIAN_POINT('',(102.5,-1.41217572549294,-8.00884651807328));
#9172=CARTESIAN_POINT('',(113.65,-1.04188906600417,-5.90884651807325));
#9173=CARTESIAN_POINT('',(113.65,-0.327437322021167,-1.85698933142829));
#9174=CARTESIAN_POINT('',(101.05,-1.04188906600529,-5.90884651807325));
#9175=CARTESIAN_POINT('',(91.3499999999998,-1.04188906600615,-5.90884651807325));
#9176=CARTESIAN_POINT('',(101.05,-1.41217572549307,-8.00884651807328));
#9177=CARTESIAN_POINT('',(101.05,-0.327437322022286,-1.85698933142829));
#9178=CARTESIAN_POINT('',(97.6499999999998,-1.41217572549337,-8.00884651807328));
#9179=CARTESIAN_POINT('',(96.1999999999999,-1.4121757254935,-8.00884651807328));
#9180=CARTESIAN_POINT('',(97.6499999999998,-1.04188906600559,-5.90884651807325));
#9181=CARTESIAN_POINT('',(97.6499999999997,-0.13932624319347,-0.790158389996043));
#9182=CARTESIAN_POINT('',(92.3499999999998,-1.04188906600606,-5.90884651807325));
#9183=CARTESIAN_POINT('',(91.3499999999998,-1.04188906600615,-5.90884651807325));
#9184=CARTESIAN_POINT('',(92.3499999999998,-0.746687163972277,-4.23467333795249));
#9185=CARTESIAN_POINT('',(92.3499999999997,-4.4764192352991E-12,-1.05045096734752E-27));
#9186=CARTESIAN_POINT('',(91.3499999999998,-0.746687163972366,-4.23467333795249));
#9187=CARTESIAN_POINT('Origin',(91.3499999999998,-1.60000000000456,-19.));
#9188=CARTESIAN_POINT('',(111.889763799936,-1.60000000000274,-17.5727244159797));
#9189=CARTESIAN_POINT('',(98.7611030478953,-1.60000000000391,-13.3715529753266));
#9190=CARTESIAN_POINT('',(117.35,-1.60000000000225,-18.7730624671532));
#9191=CARTESIAN_POINT('Origin',(121.03303561305,-1.60000000000193,11.));
#9192=CARTESIAN_POINT('',(117.35,-1.60000000000225,-15.));
#9193=CARTESIAN_POINT('',(117.35,-1.60000000000225,-19.));
#9194=CARTESIAN_POINT('',(123.35,-1.60000000000172,-15.));
#9195=CARTESIAN_POINT('',(117.05,-1.60000000000228,-15.));
#9196=CARTESIAN_POINT('',(123.35,-1.60000000000173,-9.07405091138835));
#9197=CARTESIAN_POINT('Origin',(103.85,-3.45501405264157E-12,-15.));
#9198=CARTESIAN_POINT('',(116.349999999999,11.6999999999977,-19.));
#9199=CARTESIAN_POINT('',(111.889763799936,-5.02355812061556E-12,-17.5727244159797));
#9200=CARTESIAN_POINT('Ctrl Pts',(63.9644186793139,76.3999999999375,-11.));
#9201=CARTESIAN_POINT('Ctrl Pts',(63.9819491655811,76.3825754960389,-11.));
#9202=CARTESIAN_POINT('Ctrl Pts',(65.6105539200458,74.7627412870146,-11.));
#9203=CARTESIAN_POINT('Ctrl Pts',(70.1677537102301,69.9422433118699,-11.));
#9204=CARTESIAN_POINT('Ctrl Pts',(75.1023476537827,63.5117032471776,-11.));
#9205=CARTESIAN_POINT('Ctrl Pts',(78.3765754060799,57.9937023404139,-11.));
#9206=CARTESIAN_POINT('Ctrl Pts',(80.3200243274406,54.3540159841012,-11.));
#9207=CARTESIAN_POINT('Ctrl Pts',(81.775295750803,51.1971532843972,-11.));
#9208=CARTESIAN_POINT('Ctrl Pts',(83.318837737908,47.3801413834211,-11.));
#9209=CARTESIAN_POINT('Ctrl Pts',(84.2884096642332,44.7792774923873,-11.));
#9210=CARTESIAN_POINT('Ctrl Pts',(84.9187494813733,42.9907779474319,-11.));
#9211=CARTESIAN_POINT('Ctrl Pts',(85.1468452341247,42.3333979325642,-11.));
#9212=CARTESIAN_POINT('Ctrl Pts',(65.3416436052801,77.7856017244909,-11.));
#9213=CARTESIAN_POINT('Ctrl Pts',(65.3594761786928,77.7678790226695,-11.0000000000001));
#9214=CARTESIAN_POINT('Ctrl Pts',(67.0166928188585,76.1195160625419,-10.9999999999974));
#9215=CARTESIAN_POINT('Ctrl Pts',(71.6590948693911,71.209533679485,-11.0000000000045));
#9216=CARTESIAN_POINT('Ctrl Pts',(76.7110532695462,64.628921615257,-11.0000000000046));
#9217=CARTESIAN_POINT('Ctrl Pts',(80.0762302675864,58.9585799786454,-10.9999999999984));
#9218=CARTESIAN_POINT('Ctrl Pts',(82.0749827868159,55.214752604259,-11.0000000000016));
#9219=CARTESIAN_POINT('Ctrl Pts',(83.5677547061078,51.9733040793045,-10.9999999999992));
#9220=CARTESIAN_POINT('Ctrl Pts',(85.0981792385315,48.0669214828661,-11.0000000000005));
#9221=CARTESIAN_POINT('Ctrl Pts',(86.0224957301057,45.4071024195755,-10.9999999999996));
#9222=CARTESIAN_POINT('Ctrl Pts',(86.5933280209259,43.5780567882145,-11.0000000000002));
#9223=CARTESIAN_POINT('Ctrl Pts',(86.7956285046466,42.9054878238111,-11.));
#9224=CARTESIAN_POINT('Ctrl Pts',(66.734953418813,79.1873861709304,-11.3085245037538));
#9225=CARTESIAN_POINT('Ctrl Pts',(66.7531019579898,79.1693473045191,-11.3085241146333));
#9226=CARTESIAN_POINT('Ctrl Pts',(68.4389753955953,77.4925565601708,-11.3085358836647));
#9227=CARTESIAN_POINT('Ctrl Pts',(73.1680612179822,72.4911198195767,-11.30850572478));
#9228=CARTESIAN_POINT('Ctrl Pts',(78.338894481375,65.7590855353497,-11.3085355107018));
#9229=CARTESIAN_POINT('Ctrl Pts',(81.7953596346419,59.9348600356651,-11.3085032385504));
#9230=CARTESIAN_POINT('Ctrl Pts',(83.850665412093,56.0855680400138,-11.3085245688716));
#9231=CARTESIAN_POINT('Ctrl Pts',(85.3861054473959,52.7490381635154,-11.3083875261749));
#9232=CARTESIAN_POINT('Ctrl Pts',(86.9165943132329,48.7162046557711,-11.3012974246184));
#9233=CARTESIAN_POINT('Ctrl Pts',(87.8064584126225,45.9657643949006,-11.2917459000673));
#9234=CARTESIAN_POINT('Ctrl Pts',(88.3250578883878,44.0737501265079,-11.2811657317483));
#9235=CARTESIAN_POINT('Ctrl Pts',(88.50407413749,43.3780562855741,-11.276704817694));
#9236=CARTESIAN_POINT('Ctrl Pts',(68.046655694428,80.507066711796,-11.903941203213));
#9237=CARTESIAN_POINT('Ctrl Pts',(68.0650942307938,80.4887396475096,-11.903941203213));
#9238=CARTESIAN_POINT('Ctrl Pts',(69.7781467770327,78.7849086954623,-11.9039407748877));
#9239=CARTESIAN_POINT('Ctrl Pts',(74.5886190511742,73.6978085859349,-11.9039511472922));
#9240=CARTESIAN_POINT('Ctrl Pts',(79.8708532831643,66.8235390307338,-11.9039162181718));
#9241=CARTESIAN_POINT('Ctrl Pts',(83.4143096909991,60.8535429975437,-11.9039467203054));
#9242=CARTESIAN_POINT('Ctrl Pts',(85.5217971715039,56.9059750326112,-11.9038870012824));
#9243=CARTESIAN_POINT('Ctrl Pts',(87.1026327620492,53.4700252380427,-11.9034781276836));
#9244=CARTESIAN_POINT('Ctrl Pts',(88.6441958827842,49.2813236588381,-11.8823779834202));
#9245=CARTESIAN_POINT('Ctrl Pts',(89.5061814749687,46.4132918232893,-11.8532843096409));
#9246=CARTESIAN_POINT('Ctrl Pts',(89.9759471427162,44.4381963416411,-11.8210993316428));
#9247=CARTESIAN_POINT('Ctrl Pts',(90.132621256207,43.7124997665094,-11.8075107681111));
#9248=CARTESIAN_POINT('',(90.132621256207,43.7124997665094,-11.8075107681111));
#9249=CARTESIAN_POINT('Ctrl Pts',(70.6222684783826,77.8634293025712,-11.9039425209813));
#9250=CARTESIAN_POINT('Ctrl Pts',(71.4411885790416,76.994698979195,-11.9039432269831));
#9251=CARTESIAN_POINT('Ctrl Pts',(75.3354475017416,72.7258902924216,-11.9039462088401));
#9252=CARTESIAN_POINT('Ctrl Pts',(79.8708532831643,66.8235390307338,-11.9039162181718));
#9253=CARTESIAN_POINT('Ctrl Pts',(83.4143096909991,60.8535429975437,-11.9039467203054));
#9254=CARTESIAN_POINT('Ctrl Pts',(85.5217971715039,56.9059750326112,-11.9038870012824));
#9255=CARTESIAN_POINT('Ctrl Pts',(87.1026327620492,53.4700252380427,-11.9034781276836));
#9256=CARTESIAN_POINT('Ctrl Pts',(88.6441958827842,49.2813236588381,-11.8823779834202));
#9257=CARTESIAN_POINT('Ctrl Pts',(89.5061814749687,46.4132918232893,-11.8532843096409));
#9258=CARTESIAN_POINT('Ctrl Pts',(89.9759471427162,44.4381963416411,-11.8210993316428));
#9259=CARTESIAN_POINT('Ctrl Pts',(90.132621256207,43.7124997665094,-11.8075107681111));
#9260=CARTESIAN_POINT('Ctrl Pts',(90.132621256207,43.7124997665094,-11.8075107681111));
#9261=CARTESIAN_POINT('Ctrl Pts',(89.4344839645591,43.5691281297259,-11.5799610556369));
#9262=CARTESIAN_POINT('Ctrl Pts',(88.7216635065462,43.4003728910717,-11.3991081966158));
#9263=CARTESIAN_POINT('Ctrl Pts',(88.0051546284839,43.2092752771765,-11.2667329321007));
#9264=CARTESIAN_POINT('Ctrl Pts',(81.8665585636343,50.8957909885494,-11.));
#9265=CARTESIAN_POINT('Ctrl Pts',(81.1738438880566,52.4970285637295,-11.));
#9266=CARTESIAN_POINT('Ctrl Pts',(80.1775706444467,54.6208028909762,-11.));
#9267=CARTESIAN_POINT('Ctrl Pts',(78.3765754060799,57.9937023404139,-11.));
#9268=CARTESIAN_POINT('Ctrl Pts',(75.1023476537827,63.5117032471776,-11.));
#9269=CARTESIAN_POINT('Ctrl Pts',(70.1677537102301,69.9422433118699,-11.));
#9270=CARTESIAN_POINT('Ctrl Pts',(65.6105539200458,74.7627412870146,-11.));
#9271=CARTESIAN_POINT('Ctrl Pts',(63.9819491655811,76.3825754960389,-11.));
#9272=CARTESIAN_POINT('Ctrl Pts',(63.9644186799229,76.3999999993323,-11.));
#9273=CARTESIAN_POINT('Ctrl Pts',(88.0052384508156,43.2098867675179,-11.2653924676226));
#9274=CARTESIAN_POINT('Ctrl Pts',(88.4811814524024,41.8186046000038,-11.273831014486));
#9275=CARTESIAN_POINT('Ctrl Pts',(89.1303532941622,39.5084267966056,-11.2699293332202));
#9276=CARTESIAN_POINT('Ctrl Pts',(89.5707250150942,37.363438086814,-11.2476869049235));
#9277=CARTESIAN_POINT('Ctrl Pts',(89.7252236934502,36.5138302107061,-11.2369532147254));
#9278=CARTESIAN_POINT('Ctrl Pts',(88.7217643833566,43.4008905602053,-11.3979972906066));
#9279=CARTESIAN_POINT('Ctrl Pts',(89.1466555453166,41.9713308814055,-11.4002815280853));
#9280=CARTESIAN_POINT('Ctrl Pts',(89.7051910143615,39.611360781844,-11.3835761889119));
#9281=CARTESIAN_POINT('Ctrl Pts',(90.0600142529842,37.4364135904261,-11.3470469221846));
#9282=CARTESIAN_POINT('Ctrl Pts',(90.1811499186976,36.5768391766697,-11.3304698312754));
#9283=CARTESIAN_POINT('Ctrl Pts',(89.434489056657,43.5691291754549,-11.5799627153469));
#9284=CARTESIAN_POINT('Ctrl Pts',(89.8090362695967,42.1005135550529,-11.5698922563022));
#9285=CARTESIAN_POINT('Ctrl Pts',(90.2771072025393,39.6900568938019,-11.5312016147728));
#9286=CARTESIAN_POINT('Ctrl Pts',(90.5467110707673,37.4867949414671,-11.4736158894817));
#9287=CARTESIAN_POINT('Ctrl Pts',(90.6345602814223,36.6182633208046,-11.4487450956519));
#9288=CARTESIAN_POINT('Ctrl Pts',(90.132621256207,43.7124997665094,-11.8075107681111));
#9289=CARTESIAN_POINT('Ctrl Pts',(90.4582644551188,42.2041577124194,-11.7792672810507));
#9290=CARTESIAN_POINT('Ctrl Pts',(90.8380761728966,39.7439731216362,-11.7100585545362));
#9291=CARTESIAN_POINT('Ctrl Pts',(91.0238302991734,37.5144034710179,-11.6250425792));
#9292=CARTESIAN_POINT('Ctrl Pts',(91.0789907251643,36.6379208451131,-11.5896063333979));
#9293=CARTESIAN_POINT('Ctrl Pts',(90.132621256207,43.7124997665094,-11.8075107681111));
#9294=CARTESIAN_POINT('Ctrl Pts',(90.4582644551188,42.2041577124194,-11.7792672810507));
#9295=CARTESIAN_POINT('Ctrl Pts',(90.8380761728966,39.7439731216362,-11.7100585545362));
#9296=CARTESIAN_POINT('Ctrl Pts',(91.0238302991734,37.5144034710179,-11.6250425792));
#9297=CARTESIAN_POINT('Ctrl Pts',(91.0789907251643,36.6379208451131,-11.5896063333979));
#9298=CARTESIAN_POINT('Ctrl Pts',(93.1925197889306,11.6999999999956,-11.5896063324582));
#9299=CARTESIAN_POINT('Ctrl Pts',(93.1925197889303,15.235727305595,-11.5896063324582));
#9300=CARTESIAN_POINT('Ctrl Pts',(92.8731884227479,25.684426938419,-11.5896063324582));
#9301=CARTESIAN_POINT('Ctrl Pts',(91.0551554195844,39.029689150549,-11.5896063324582));
#9302=CARTESIAN_POINT('Ctrl Pts',(86.9921937949635,51.6373198612202,-11.5896063324582));
#9303=CARTESIAN_POINT('Ctrl Pts',(82.6349769324379,60.6460879616968,-11.5896063324582));
#9304=CARTESIAN_POINT('Ctrl Pts',(76.9673487932622,69.176230956635,-11.5896063324582));
#9305=CARTESIAN_POINT('Ctrl Pts',(72.3831641421606,74.563371038491,-11.5896063324582));
#9306=CARTESIAN_POINT('Ctrl Pts',(69.907474604657,77.1896114307238,-11.5896063324582));
#9307=CARTESIAN_POINT('Ctrl Pts',(99.4249344592656,11.6999999999961,-13.5839790269654));
#9308=CARTESIAN_POINT('Ctrl Pts',(99.4249344592652,15.3614384625559,-13.5839790269654));
#9309=CARTESIAN_POINT('Ctrl Pts',(99.0935217360834,26.1924672627258,-13.5839790269654));
#9310=CARTESIAN_POINT('Ctrl Pts',(97.1939174677728,40.2950080208266,-13.5839790269654));
#9311=CARTESIAN_POINT('Ctrl Pts',(92.7998925085771,53.9563971234957,-13.5839790269654));
#9312=CARTESIAN_POINT('Ctrl Pts',(88.0557073213632,63.7609289818996,-13.5839790269654));
#9313=CARTESIAN_POINT('Ctrl Pts',(81.9398761919448,72.957679069247,-13.5839790269654));
#9314=CARTESIAN_POINT('Ctrl Pts',(77.0604370081706,78.6875799583459,-13.5839790269654));
#9315=CARTESIAN_POINT('Ctrl Pts',(74.4425271722629,81.4646893051088,-13.5839790269654));
#9316=CARTESIAN_POINT('Ctrl Pts',(105.6573491296,11.6999999999967,-15.5783517214726));
#9317=CARTESIAN_POINT('Ctrl Pts',(105.6573491296,15.4871496195167,-15.5783517214726));
#9318=CARTESIAN_POINT('Ctrl Pts',(105.313855049419,26.7005075870325,-15.5783517214726));
#9319=CARTESIAN_POINT('Ctrl Pts',(103.332679515961,41.5603268911042,-15.5783517214726));
#9320=CARTESIAN_POINT('Ctrl Pts',(98.6075912221908,56.2754743857712,-15.5783517214726));
#9321=CARTESIAN_POINT('Ctrl Pts',(93.4764377102885,66.8757700021024,-15.5783517214726));
#9322=CARTESIAN_POINT('Ctrl Pts',(86.9124035906274,76.739127181859,-15.5783517214726));
#9323=CARTESIAN_POINT('Ctrl Pts',(81.7377098741807,82.8117888782008,-15.5783517214726));
#9324=CARTESIAN_POINT('Ctrl Pts',(78.9775797398689,85.7397671794938,-15.5783517214726));
#9325=CARTESIAN_POINT('Ctrl Pts',(111.889763799935,11.6999999999972,-17.5727244159798));
#9326=CARTESIAN_POINT('Ctrl Pts',(111.889763799935,15.6128607764776,-17.5727244159798));
#9327=CARTESIAN_POINT('Ctrl Pts',(111.534188362754,27.2085479113392,-17.5727244159798));
#9328=CARTESIAN_POINT('Ctrl Pts',(109.47144156415,42.8256457613819,-17.5727244159798));
#9329=CARTESIAN_POINT('Ctrl Pts',(104.415289935804,58.5945516480467,-17.5727244159798));
#9330=CARTESIAN_POINT('Ctrl Pts',(98.8971680992138,69.9906110223052,-17.5727244159798));
#9331=CARTESIAN_POINT('Ctrl Pts',(91.8849309893101,80.520575294471,-17.5727244159798));
#9332=CARTESIAN_POINT('Ctrl Pts',(86.4149827401907,86.9359977980558,-17.5727244159798));
#9333=CARTESIAN_POINT('Ctrl Pts',(83.5126323074748,90.0148450538789,-17.5727244159798));
#9334=CARTESIAN_POINT('Origin',(37.0181129093256,51.5499999999957,-11.));
#9335=CARTESIAN_POINT('',(8.83487294068066,56.9999999999968,-11.));
#9336=CARTESIAN_POINT('Ctrl Pts',(8.83487294466392,56.9999999999968,-11.));
#9337=CARTESIAN_POINT('Ctrl Pts',(12.1398620375744,57.0000000000083,-11.));
#9338=CARTESIAN_POINT('Ctrl Pts',(18.7587195474567,56.9847415258251,-11.));
#9339=CARTESIAN_POINT('Ctrl Pts',(28.6154706159591,58.0813940189372,-11.));
#9340=CARTESIAN_POINT('Ctrl Pts',(38.107047789171,60.056724011715,-11.));
#9341=CARTESIAN_POINT('Ctrl Pts',(47.8325311555513,61.3642838190676,-11.));
#9342=CARTESIAN_POINT('Ctrl Pts',(57.8257894960251,60.6539703360618,-11.));
#9343=CARTESIAN_POINT('Ctrl Pts',(67.4075154942046,57.8512881992677,-11.));
#9344=CARTESIAN_POINT('Ctrl Pts',(73.1995115076617,54.6437685831163,-11.));
#9345=CARTESIAN_POINT('Ctrl Pts',(75.8320970475389,52.6859808087982,-11.));
#9346=CARTESIAN_POINT('',(-19.6066726630596,56.9999999999968,-11.));
#9347=CARTESIAN_POINT('Ctrl Pts',(-19.6066697953521,56.9999999999968,-11.));
#9348=CARTESIAN_POINT('Ctrl Pts',(-15.5327448488629,56.9999999999968,-11.));
#9349=CARTESIAN_POINT('Ctrl Pts',(-6.06589859607138,56.9999999999968,-11.));
#9350=CARTESIAN_POINT('Ctrl Pts',(3.41737998437555,56.9999999999968,-11.));
#9351=CARTESIAN_POINT('Ctrl Pts',(8.83487294069132,56.9999999999968,-11.));
#9352=CARTESIAN_POINT('',(-19.6066726630596,71.4749999999937,-11.));
#9353=CARTESIAN_POINT('Ctrl Pts',(75.8320970475389,52.6859808087982,-11.));
#9354=CARTESIAN_POINT('Ctrl Pts',(73.1995115076617,54.6437685831163,-11.));
#9355=CARTESIAN_POINT('Ctrl Pts',(67.4075154942046,57.8512881992677,-11.));
#9356=CARTESIAN_POINT('Ctrl Pts',(57.8257894960251,60.6539703360618,-11.));
#9357=CARTESIAN_POINT('Ctrl Pts',(47.8325311555513,61.3642838190676,-11.));
#9358=CARTESIAN_POINT('Ctrl Pts',(38.107047789171,60.056724011715,-11.));
#9359=CARTESIAN_POINT('Ctrl Pts',(28.6154706159591,58.0813940189372,-11.));
#9360=CARTESIAN_POINT('Ctrl Pts',(18.7587195461368,56.9847415256783,-11.));
#9361=CARTESIAN_POINT('Ctrl Pts',(12.1398620349154,57.0000000000144,-11.));
#9362=CARTESIAN_POINT('Ctrl Pts',(8.83487294068066,56.9999999999968,-11.));
#9363=CARTESIAN_POINT('Ctrl Pts',(75.4111648200546,52.1199643539612,-11.0000000000002));
#9364=CARTESIAN_POINT('Ctrl Pts',(72.7891710736516,53.9885508504876,-11.));
#9365=CARTESIAN_POINT('Ctrl Pts',(67.0667044131848,57.0372545534167,-11.));
#9366=CARTESIAN_POINT('Ctrl Pts',(57.6458532658094,59.6958657729313,-11.));
#9367=CARTESIAN_POINT('Ctrl Pts',(47.8824972729018,60.4484303591845,-11.));
#9368=CARTESIAN_POINT('Ctrl Pts',(38.2495326049038,59.3975804570607,-11.));
#9369=CARTESIAN_POINT('Ctrl Pts',(28.6767590721875,57.6876377370577,-11.));
#9370=CARTESIAN_POINT('Ctrl Pts',(18.766906337823,56.7247288472934,-11.));
#9371=CARTESIAN_POINT('Ctrl Pts',(12.1400226137115,56.7286277307742,-11.));
#9372=CARTESIAN_POINT('Ctrl Pts',(8.83487294068282,56.7306259881162,-11.));
#9373=CARTESIAN_POINT('Ctrl Pts',(74.5198136327828,50.8516511040204,-10.7060378252421));
#9374=CARTESIAN_POINT('Ctrl Pts',(71.9261888909213,52.5315644203112,-10.681597860636));
#9375=CARTESIAN_POINT('Ctrl Pts',(66.352384075404,55.2349805809602,-10.6333947012679));
#9376=CARTESIAN_POINT('Ctrl Pts',(57.2639261929842,57.5999483418016,-10.5977374859448));
#9377=CARTESIAN_POINT('Ctrl Pts',(47.9438543352449,58.4408103590074,-10.6209500323556));
#9378=CARTESIAN_POINT('Ctrl Pts',(38.5002839539809,57.9292834059731,-10.7184313608042));
#9379=CARTESIAN_POINT('Ctrl Pts',(28.7872542669237,56.8222151952083,-10.8361651082964));
#9380=CARTESIAN_POINT('Ctrl Pts',(18.7822607595694,56.1519614767822,-10.8888591003706));
#9381=CARTESIAN_POINT('Ctrl Pts',(12.1411442991616,56.1396592200771,-10.8917259868935));
#9382=CARTESIAN_POINT('Ctrl Pts',(8.83487294068784,56.140291854782,-10.8877512102426));
#9383=CARTESIAN_POINT('Ctrl Pts',(73.4884323968805,49.0864197040755,-9.11113312622831));
#9384=CARTESIAN_POINT('Ctrl Pts',(70.9436174353921,50.5279305900127,-8.94681904298505));
#9385=CARTESIAN_POINT('Ctrl Pts',(65.5541537160623,52.812663139334,-8.65413020255255));
#9386=CARTESIAN_POINT('Ctrl Pts',(56.8079005139012,54.8475063078826,-8.42977381624915));
#9387=CARTESIAN_POINT('Ctrl Pts',(47.8315500229945,55.8078990438993,-8.56931017074768));
#9388=CARTESIAN_POINT('Ctrl Pts',(38.5650815966738,55.9588980491822,-9.17874597049628));
#9389=CARTESIAN_POINT('Ctrl Pts',(28.8317507602318,55.6723075496058,-9.93882474927255));
#9390=CARTESIAN_POINT('Ctrl Pts',(18.7934790711966,55.4023297225001,-10.3041106658849));
#9391=CARTESIAN_POINT('Ctrl Pts',(12.1440461918328,55.3600568731652,-10.2848173302564));
#9392=CARTESIAN_POINT('Ctrl Pts',(8.83487294069567,55.3634621518645,-10.2821826809365));
#9393=CARTESIAN_POINT('Ctrl Pts',(73.2137753147952,48.2648395695919,-7.20473525011418));
#9394=CARTESIAN_POINT('Ctrl Pts',(70.700903116794,49.6195498764271,-6.87127814789601));
#9395=CARTESIAN_POINT('Ctrl Pts',(65.3692728002811,51.7592264499313,-6.28366868836152));
#9396=CARTESIAN_POINT('Ctrl Pts',(56.665256836859,53.6989469832393,-5.82383002092517));
#9397=CARTESIAN_POINT('Ctrl Pts',(47.5861357988084,54.7282373765881,-6.11061406638586));
#9398=CARTESIAN_POINT('Ctrl Pts',(38.314590115883,55.1408846839632,-7.35199471026226));
#9399=CARTESIAN_POINT('Ctrl Pts',(28.7455112317655,55.1919596212009,-8.86545746066531));
#9400=CARTESIAN_POINT('Ctrl Pts',(18.7889739710661,55.088062219536,-9.60141620910142));
#9401=CARTESIAN_POINT('Ctrl Pts',(12.146902873732,55.0370365126594,-9.55615230097315));
#9402=CARTESIAN_POINT('Ctrl Pts',(8.8348729407002,55.0391977523036,-9.55508112215269));
#9403=CARTESIAN_POINT('Ctrl Pts',(73.2893588268743,48.1072373928725,-6.11197033657924));
#9404=CARTESIAN_POINT('Ctrl Pts',(70.7880186920324,49.4603004278528,-5.67975889800214));
#9405=CARTESIAN_POINT('Ctrl Pts',(65.4510399469536,51.602699371073,-4.91963528106714));
#9406=CARTESIAN_POINT('Ctrl Pts',(56.6813736054225,53.5601447907698,-4.31393728418425));
#9407=CARTESIAN_POINT('Ctrl Pts',(47.4172852979239,54.6116877435142,-4.69437837876659));
#9408=CARTESIAN_POINT('Ctrl Pts',(38.0935088062126,55.046907587558,-6.31970070210204));
#9409=CARTESIAN_POINT('Ctrl Pts',(28.6617110985794,55.1341788626239,-8.24969757349678));
#9410=CARTESIAN_POINT('Ctrl Pts',(18.7820641579398,55.0488335464753,-9.19397439785499));
#9411=CARTESIAN_POINT('Ctrl Pts',(12.1481765528654,55.0000241538753,-9.13571133747649));
#9412=CARTESIAN_POINT('Ctrl Pts',(8.83487294070164,54.9999999999968,-9.13468700594029));
#9413=CARTESIAN_POINT('Ctrl Pts',(73.3332378194875,48.0834142878484,-5.76283320665104));
#9414=CARTESIAN_POINT('Ctrl Pts',(70.8352307142418,49.439650656896,-5.29838594132026));
#9415=CARTESIAN_POINT('Ctrl Pts',(65.493045731247,51.5908940281867,-4.48356331254632));
#9416=CARTESIAN_POINT('Ctrl Pts',(56.6949492143704,53.5602061400056,-3.82980875969128));
#9417=CARTESIAN_POINT('Ctrl Pts',(47.360870604311,54.6171346563382,-4.24111256723678));
#9418=CARTESIAN_POINT('Ctrl Pts',(38.0163647250215,55.0482723369973,-5.99149816895956));
#9419=CARTESIAN_POINT('Ctrl Pts',(28.6321320192901,55.1338223827387,-8.05246139461968));
#9420=CARTESIAN_POINT('Ctrl Pts',(18.7793638684875,55.0488797610322,-9.06400784403671));
#9421=CARTESIAN_POINT('Ctrl Pts',(12.1487361837414,55.0000000000145,-9.));
#9422=CARTESIAN_POINT('Ctrl Pts',(8.834872940702,54.9999999999968,-9.));
#9423=CARTESIAN_POINT('Ctrl Pts',(8.834872940702,54.9999999999968,-9.));
#9424=CARTESIAN_POINT('Ctrl Pts',(8.83487294070164,54.9999999999968,-9.13468700594029));
#9425=CARTESIAN_POINT('Ctrl Pts',(8.8348729407002,55.0391977523036,-9.55508112215269));
#9426=CARTESIAN_POINT('Ctrl Pts',(8.83487294069567,55.3634621518645,-10.2821826809365));
#9427=CARTESIAN_POINT('Ctrl Pts',(8.83487294068784,56.140291854782,-10.8877512102426));
#9428=CARTESIAN_POINT('Ctrl Pts',(8.83487294068282,56.7306259881162,-11.));
#9429=CARTESIAN_POINT('Ctrl Pts',(8.83487294068066,56.9999999999968,-11.));
#9430=CARTESIAN_POINT('Ctrl Pts',(8.83487294069132,56.9999999999968,-11.));
#9431=CARTESIAN_POINT('Ctrl Pts',(3.41737998437555,56.9999999999968,-11.));
#9432=CARTESIAN_POINT('Ctrl Pts',(-6.06590050334146,56.9999999999968,-11.));
#9433=CARTESIAN_POINT('Ctrl Pts',(-15.5327486567933,56.9999999999968,-11.));
#9434=CARTESIAN_POINT('Ctrl Pts',(-19.6066755307674,56.9999999999968,-11.));
#9435=CARTESIAN_POINT('Ctrl Pts',(8.83487294069132,56.7306259881162,-11.));
#9436=CARTESIAN_POINT('Ctrl Pts',(3.41737998437555,56.7306259881162,-11.));
#9437=CARTESIAN_POINT('Ctrl Pts',(-6.06590050334147,56.7306259881162,-11.));
#9438=CARTESIAN_POINT('Ctrl Pts',(-15.5327486567933,56.7306259881162,-11.));
#9439=CARTESIAN_POINT('Ctrl Pts',(-19.6066755307674,56.7306259881162,-11.));
#9440=CARTESIAN_POINT('Ctrl Pts',(8.83487294069133,56.1399940516087,-10.8875461809055));
#9441=CARTESIAN_POINT('Ctrl Pts',(3.41737998437555,56.1399940516087,-10.8875461809055));
#9442=CARTESIAN_POINT('Ctrl Pts',(-6.06590050334145,56.1399940516087,-10.8875461809055));
#9443=CARTESIAN_POINT('Ctrl Pts',(-15.5327486567933,56.1399940516087,-10.8875461809055));
#9444=CARTESIAN_POINT('Ctrl Pts',(-19.6066755307674,56.1399940516087,-10.8875461809055));
#9445=CARTESIAN_POINT('Ctrl Pts',(8.83487294069133,55.4292990488881,-10.3329195554039));
#9446=CARTESIAN_POINT('Ctrl Pts',(3.41737998437556,55.4292990488881,-10.3329195554039));
#9447=CARTESIAN_POINT('Ctrl Pts',(-6.06590050334148,55.4292990488881,-10.3329195554039));
#9448=CARTESIAN_POINT('Ctrl Pts',(-15.5327486567933,55.4292990488881,-10.3329195554039));
#9449=CARTESIAN_POINT('Ctrl Pts',(-19.6066755307674,55.4292990488881,-10.3329195554039));
#9450=CARTESIAN_POINT('Ctrl Pts',(8.83487294069132,55.0622234698101,-9.63279094974914));
#9451=CARTESIAN_POINT('Ctrl Pts',(3.41737998437555,55.0622234698101,-9.63279094974914));
#9452=CARTESIAN_POINT('Ctrl Pts',(-6.06590050334145,55.0622234698101,-9.63279094974914));
#9453=CARTESIAN_POINT('Ctrl Pts',(-15.5327486567933,55.0622234698101,-9.63279094974914));
#9454=CARTESIAN_POINT('Ctrl Pts',(-19.6066755307674,55.0622234698101,-9.63279094974914));
#9455=CARTESIAN_POINT('Ctrl Pts',(8.83487294069132,54.9999999999968,-9.20203050891044));
#9456=CARTESIAN_POINT('Ctrl Pts',(3.41737998437555,54.9999999999968,-9.20203050891044));
#9457=CARTESIAN_POINT('Ctrl Pts',(-6.06590050334146,54.9999999999968,-9.20203050891044));
#9458=CARTESIAN_POINT('Ctrl Pts',(-15.5327486567933,54.9999999999968,-9.20203050891044));
#9459=CARTESIAN_POINT('Ctrl Pts',(-19.6066755307674,54.9999999999968,-9.20203050891044));
#9460=CARTESIAN_POINT('Ctrl Pts',(8.83487294069132,54.9999999999968,-9.));
#9461=CARTESIAN_POINT('Ctrl Pts',(3.41737998437555,54.9999999999968,-9.));
#9462=CARTESIAN_POINT('Ctrl Pts',(-6.06590050334146,54.9999999999968,-9.));
#9463=CARTESIAN_POINT('Ctrl Pts',(-15.5327486567933,54.9999999999968,-9.));
#9464=CARTESIAN_POINT('Ctrl Pts',(-19.6066755307674,54.9999999999968,-9.));
#9465=CARTESIAN_POINT('',(-19.6066726630596,54.9999999999968,-9.));
#9466=CARTESIAN_POINT('Ctrl Pts',(-19.6066755307674,54.9999999999968,-9.));
#9467=CARTESIAN_POINT('Ctrl Pts',(-19.6066755307674,54.9999999999968,-9.20203050891044));
#9468=CARTESIAN_POINT('Ctrl Pts',(-19.6066755307674,55.0622234698101,-9.63279094974914));
#9469=CARTESIAN_POINT('Ctrl Pts',(-19.6066755307674,55.4292990488881,-10.3329195554039));
#9470=CARTESIAN_POINT('Ctrl Pts',(-19.6066755307674,56.1399940516087,-10.8875461809055));
#9471=CARTESIAN_POINT('Ctrl Pts',(-19.6066755307674,56.7306259881162,-11.));
#9472=CARTESIAN_POINT('Ctrl Pts',(-19.6066755307674,56.9999999999968,-11.));
#9473=CARTESIAN_POINT('Ctrl Pts',(8.83487294069132,54.9999999999968,-9.));
#9474=CARTESIAN_POINT('Ctrl Pts',(3.41737998437555,54.9999999999968,-9.));
#9475=CARTESIAN_POINT('Ctrl Pts',(-6.06589859607138,54.9999999999968,-9.));
#9476=CARTESIAN_POINT('Ctrl Pts',(-15.5327448488629,54.9999999999968,-9.));
#9477=CARTESIAN_POINT('Ctrl Pts',(-19.6066697953521,54.9999999999968,-9.00000000000001));
#9478=CARTESIAN_POINT('Ctrl Pts',(-19.6066726630596,56.9999999999968,-11.));
#9479=CARTESIAN_POINT('Ctrl Pts',(-21.2519553355522,56.9999999999968,-11.));
#9480=CARTESIAN_POINT('Ctrl Pts',(-24.5403206191968,56.9999999999968,-10.2492736833375));
#9481=CARTESIAN_POINT('Ctrl Pts',(-28.5038533212009,56.9999999999968,-7.09266889278757));
#9482=CARTESIAN_POINT('Ctrl Pts',(-30.6963236221373,56.9999999999968,-2.53139633915163));
#9483=CARTESIAN_POINT('Ctrl Pts',(-30.6995422114895,56.9999999999968,2.53124736911524));
#9484=CARTESIAN_POINT('Ctrl Pts',(-28.5022334228013,56.9999999999968,7.092763160762));
#9485=CARTESIAN_POINT('Ctrl Pts',(-24.5404867593819,56.9999999999968,10.2493285499462));
#9486=CARTESIAN_POINT('Ctrl Pts',(-21.2519553355522,56.9999999999968,11.));
#9487=CARTESIAN_POINT('Ctrl Pts',(-19.6066726630596,56.9999999999968,11.));
#9488=CARTESIAN_POINT('Ctrl Pts',(-19.6066726630596,56.7306259881162,-11.));
#9489=CARTESIAN_POINT('Ctrl Pts',(-21.251908316301,56.7306259881162,-11.));
#9490=CARTESIAN_POINT('Ctrl Pts',(-24.5403193701041,56.7306259881162,-10.2492222846341));
#9491=CARTESIAN_POINT('Ctrl Pts',(-28.5037745527083,56.7306259881162,-7.09262755165967));
#9492=CARTESIAN_POINT('Ctrl Pts',(-30.6962640368118,56.7306259881162,-2.53138093789838));
#9493=CARTESIAN_POINT('Ctrl Pts',(-30.6994563947609,56.7306259881162,2.53121864423215));
#9494=CARTESIAN_POINT('Ctrl Pts',(-28.5021580731559,56.7306259881162,7.09274393189719));
#9495=CARTESIAN_POINT('Ctrl Pts',(-24.5404878906491,56.7306259881162,10.2492591189066));
#9496=CARTESIAN_POINT('Ctrl Pts',(-21.251908316301,56.7306259881162,11.));
#9497=CARTESIAN_POINT('Ctrl Pts',(-19.6066726630596,56.7306259881162,11.));
#9498=CARTESIAN_POINT('Ctrl Pts',(-19.6066726630596,56.1399903765004,-10.887544609342));
#9499=CARTESIAN_POINT('Ctrl Pts',(-21.235221183397,56.1399903765004,-10.887544609342));
#9500=CARTESIAN_POINT('Ctrl Pts',(-24.4898851466823,56.1399903765004,-10.144587064833));
#9501=CARTESIAN_POINT('Ctrl Pts',(-28.4130394632903,56.1399903765004,-7.02023455033614));
#9502=CARTESIAN_POINT('Ctrl Pts',(-30.583060605588,56.1399903765004,-2.50554547083015));
#9503=CARTESIAN_POINT('Ctrl Pts',(-30.5862942298847,56.1399903765004,2.50542237338811));
#9504=CARTESIAN_POINT('Ctrl Pts',(-28.4114298773392,56.1399903765004,7.0202874432532));
#9505=CARTESIAN_POINT('Ctrl Pts',(-24.4900452381459,56.1399903765004,10.1446743255805));
#9506=CARTESIAN_POINT('Ctrl Pts',(-21.2352211833971,56.1399903765004,10.8875446093421));
#9507=CARTESIAN_POINT('Ctrl Pts',(-19.6066726630596,56.1399903765004,10.8875446093421));
#9508=CARTESIAN_POINT('Ctrl Pts',(-19.6066726630596,55.4292977276513,-10.3329191673755));
#9509=CARTESIAN_POINT('Ctrl Pts',(-21.1521892192044,55.4292977276513,-10.3329191673754));
#9510=CARTESIAN_POINT('Ctrl Pts',(-24.2411261570124,55.4292977276513,-9.62773053869977));
#9511=CARTESIAN_POINT('Ctrl Pts',(-27.9643118982213,55.4292977276513,-6.66255185559371));
#9512=CARTESIAN_POINT('Ctrl Pts',(-30.0238186093036,55.4292977276514,-2.37788632180239));
#9513=CARTESIAN_POINT('Ctrl Pts',(-30.0268475525427,55.4292977276514,2.37774920033088));
#9514=CARTESIAN_POINT('Ctrl Pts',(-27.9627895142802,55.4292977276513,6.66263573583815));
#9515=CARTESIAN_POINT('Ctrl Pts',(-24.2412817190153,55.4292977276514,9.62778588712449));
#9516=CARTESIAN_POINT('Ctrl Pts',(-21.1521892192045,55.4292977276513,10.3329191673755));
#9517=CARTESIAN_POINT('Ctrl Pts',(-19.6066726630596,55.4292977276513,10.3329191673755));
#9518=CARTESIAN_POINT('Ctrl Pts',(-19.6066726630596,55.0622217785232,-9.63279091036725));
#9519=CARTESIAN_POINT('Ctrl Pts',(-21.0474241951063,55.0622217785232,-9.63279091036725));
#9520=CARTESIAN_POINT('Ctrl Pts',(-23.9271079937065,55.0622217785233,-8.97533420602115));
#9521=CARTESIAN_POINT('Ctrl Pts',(-27.3979468176555,55.0622217785232,-6.21107702522844));
#9522=CARTESIAN_POINT('Ctrl Pts',(-29.3179259090455,55.0622217785233,-2.21675286989265));
#9523=CARTESIAN_POINT('Ctrl Pts',(-29.3207243136233,55.0622217785233,2.21661218559224));
#9524=CARTESIAN_POINT('Ctrl Pts',(-27.3965308842621,55.0622217785233,6.21117655447645));
#9525=CARTESIAN_POINT('Ctrl Pts',(-23.9272553117024,55.0622217785233,8.97536840776654));
#9526=CARTESIAN_POINT('Ctrl Pts',(-21.0474241951063,55.0622217785233,9.6327909103674));
#9527=CARTESIAN_POINT('Ctrl Pts',(-19.6066726630596,55.0622217785233,9.6327909103674));
#9528=CARTESIAN_POINT('Ctrl Pts',(-19.6066726630596,54.9999999999968,-9.20203050891044));
#9529=CARTESIAN_POINT('Ctrl Pts',(-20.9830553725957,54.9999999999968,-9.20203050891044));
#9530=CARTESIAN_POINT('Ctrl Pts',(-23.7339077670875,54.9999999999968,-8.57403841723706));
#9531=CARTESIAN_POINT('Ctrl Pts',(-27.0496342620529,54.9999999999968,-5.93338105259772));
#9532=CARTESIAN_POINT('Ctrl Pts',(-28.883731450474,54.9999999999968,-2.11764311605572));
#9533=CARTESIAN_POINT('Ctrl Pts',(-28.8864375710055,54.9999999999968,2.11752541101614));
#9534=CARTESIAN_POINT('Ctrl Pts',(-27.048277364377,54.9999999999968,5.93344843501698));
#9535=CARTESIAN_POINT('Ctrl Pts',(-23.7340455158479,54.9999999999968,8.57409367541827));
#9536=CARTESIAN_POINT('Ctrl Pts',(-20.9830553725957,54.9999999999968,9.20203050891063));
#9537=CARTESIAN_POINT('Ctrl Pts',(-19.6066726630596,54.9999999999968,9.20203050891063));
#9538=CARTESIAN_POINT('Ctrl Pts',(-19.6066726630596,54.9999999999968,-9.));
#9539=CARTESIAN_POINT('Ctrl Pts',(-20.9528130314626,54.9999999999968,-9.));
#9540=CARTESIAN_POINT('Ctrl Pts',(-23.6432937180811,54.9999999999968,-8.38576937727634));
#9541=CARTESIAN_POINT('Ctrl Pts',(-26.88618411063,54.9999999999968,-5.80309273046266));
#9542=CARTESIAN_POINT('Ctrl Pts',(-28.68002344776,54.9999999999968,-2.07114245930598));
#9543=CARTESIAN_POINT('Ctrl Pts',(-28.682656839048,54.9999999999968,2.07102057473073));
#9544=CARTESIAN_POINT('Ctrl Pts',(-26.8848587392121,54.9999999999968,5.80316985880545));
#9545=CARTESIAN_POINT('Ctrl Pts',(-23.6434296509598,54.9999999999968,8.38581426813806));
#9546=CARTESIAN_POINT('Ctrl Pts',(-20.9528130314626,54.9999999999968,9.0000000000002));
#9547=CARTESIAN_POINT('Ctrl Pts',(-19.6066726630596,54.9999999999968,9.0000000000002));
#9548=CARTESIAN_POINT('',(-19.6066726630596,54.9999999999968,9.0000000000002));
#9549=CARTESIAN_POINT('Ctrl Pts',(-19.6066726630596,54.9999999999968,9.0000000000002));
#9550=CARTESIAN_POINT('Ctrl Pts',(-19.6066726630596,54.9999999999968,9.20203050891063));
#9551=CARTESIAN_POINT('Ctrl Pts',(-19.6066726630596,55.0622217785233,9.6327909103674));
#9552=CARTESIAN_POINT('Ctrl Pts',(-19.6066726630596,55.4292977276513,10.3329191673755));
#9553=CARTESIAN_POINT('Ctrl Pts',(-19.6066726630596,56.1399903765004,10.8875446093421));
#9554=CARTESIAN_POINT('Ctrl Pts',(-19.6066726630596,56.7306259881162,11.));
#9555=CARTESIAN_POINT('Ctrl Pts',(-19.6066726630596,56.9999999999968,11.));
#9556=CARTESIAN_POINT('Ctrl Pts',(-19.6066726630596,56.9999999999968,11.));
#9557=CARTESIAN_POINT('Ctrl Pts',(-21.2519553355522,56.9999999999968,11.));
#9558=CARTESIAN_POINT('Ctrl Pts',(-24.5404867593819,56.9999999999968,10.2493285499462));
#9559=CARTESIAN_POINT('Ctrl Pts',(-28.5022334228013,56.9999999999968,7.092763160762));
#9560=CARTESIAN_POINT('Ctrl Pts',(-30.6995422114895,56.9999999999968,2.53124736911524));
#9561=CARTESIAN_POINT('Ctrl Pts',(-30.6963236221373,56.9999999999968,-2.53139633915163));
#9562=CARTESIAN_POINT('Ctrl Pts',(-28.5038533212009,56.9999999999968,-7.09266889278757));
#9563=CARTESIAN_POINT('Ctrl Pts',(-24.5403206191968,56.9999999999968,-10.2492736833375));
#9564=CARTESIAN_POINT('Ctrl Pts',(-21.2519553355522,56.9999999999968,-11.));
#9565=CARTESIAN_POINT('Ctrl Pts',(-19.6066726630596,56.9999999999968,-11.));
#9566=CARTESIAN_POINT('Ctrl Pts',(-19.6066726630596,54.9999999999968,-9.));
#9567=CARTESIAN_POINT('Ctrl Pts',(-20.9528130314626,54.9999999999968,-9.));
#9568=CARTESIAN_POINT('Ctrl Pts',(-23.6432937180811,54.9999999999968,-8.38576937727634));
#9569=CARTESIAN_POINT('Ctrl Pts',(-26.88618411063,54.9999999999968,-5.80309273046266));
#9570=CARTESIAN_POINT('Ctrl Pts',(-28.68002344776,54.9999999999968,-2.07114245930598));
#9571=CARTESIAN_POINT('Ctrl Pts',(-28.682656839048,54.9999999999968,2.07102057473073));
#9572=CARTESIAN_POINT('Ctrl Pts',(-26.8848587392121,54.9999999999968,5.80316985880545));
#9573=CARTESIAN_POINT('Ctrl Pts',(-23.6434296509598,54.9999999999968,8.38581426813806));
#9574=CARTESIAN_POINT('Ctrl Pts',(-20.9528130314626,54.9999999999968,9.0000000000002));
#9575=CARTESIAN_POINT('Ctrl Pts',(-19.6066726630596,54.9999999999968,9.0000000000002));
#9576=CARTESIAN_POINT('Ctrl Pts',(-19.6066726630596,56.9999999999968,11.));
#9577=CARTESIAN_POINT('Ctrl Pts',(-15.5327462610651,56.9999999999968,11.));
#9578=CARTESIAN_POINT('Ctrl Pts',(-6.06589897932915,56.9999999999968,11.));
#9579=CARTESIAN_POINT('Ctrl Pts',(3.41738053237383,56.9999999999968,11.));
#9580=CARTESIAN_POINT('Ctrl Pts',(8.83487294466392,56.9999999999968,11.));
#9581=CARTESIAN_POINT('Ctrl Pts',(-19.6066726630596,56.7306259881162,11.));
#9582=CARTESIAN_POINT('Ctrl Pts',(-15.5327462610651,56.7306259881162,11.));
#9583=CARTESIAN_POINT('Ctrl Pts',(-6.06589897932915,56.7306259881162,11.));
#9584=CARTESIAN_POINT('Ctrl Pts',(3.41738053237382,56.7306259881162,11.));
#9585=CARTESIAN_POINT('Ctrl Pts',(8.83487294466392,56.7306259881162,11.));
#9586=CARTESIAN_POINT('Ctrl Pts',(-19.6066726630596,56.1399940516112,10.8875461809066));
#9587=CARTESIAN_POINT('Ctrl Pts',(-15.5327462610651,56.1399940516112,10.8875461809066));
#9588=CARTESIAN_POINT('Ctrl Pts',(-6.06589897932916,56.1399940516112,10.8875461809066));
#9589=CARTESIAN_POINT('Ctrl Pts',(3.41738053237384,56.1399940516112,10.8875461809066));
#9590=CARTESIAN_POINT('Ctrl Pts',(8.83487294466392,56.1399940516112,10.8875461809066));
#9591=CARTESIAN_POINT('Ctrl Pts',(-19.6066726630596,55.429299048889,10.3329195554042));
#9592=CARTESIAN_POINT('Ctrl Pts',(-15.5327462610651,55.429299048889,10.3329195554042));
#9593=CARTESIAN_POINT('Ctrl Pts',(-6.06589897932914,55.429299048889,10.3329195554042));
#9594=CARTESIAN_POINT('Ctrl Pts',(3.41738053237383,55.429299048889,10.3329195554042));
#9595=CARTESIAN_POINT('Ctrl Pts',(8.83487294466392,55.429299048889,10.3329195554042));
#9596=CARTESIAN_POINT('Ctrl Pts',(-19.6066726630596,55.0622234698112,9.63279094974917));
#9597=CARTESIAN_POINT('Ctrl Pts',(-15.5327462610651,55.0622234698112,9.63279094974917));
#9598=CARTESIAN_POINT('Ctrl Pts',(-6.06589897932916,55.0622234698112,9.63279094974916));
#9599=CARTESIAN_POINT('Ctrl Pts',(3.41738053237383,55.0622234698112,9.63279094974916));
#9600=CARTESIAN_POINT('Ctrl Pts',(8.83487294466392,55.0622234698112,9.63279094974916));
#9601=CARTESIAN_POINT('Ctrl Pts',(-19.6066726630596,54.9999999999968,9.20203050891045));
#9602=CARTESIAN_POINT('Ctrl Pts',(-15.5327462610651,54.9999999999968,9.20203050891045));
#9603=CARTESIAN_POINT('Ctrl Pts',(-6.06589897932915,54.9999999999968,9.20203050891044));
#9604=CARTESIAN_POINT('Ctrl Pts',(3.41738053237383,54.9999999999968,9.20203050891044));
#9605=CARTESIAN_POINT('Ctrl Pts',(8.83487294466392,54.9999999999968,9.20203050891044));
#9606=CARTESIAN_POINT('Ctrl Pts',(-19.6066726630596,54.9999999999968,9.00000000000001));
#9607=CARTESIAN_POINT('Ctrl Pts',(-15.5327462610651,54.9999999999968,9.00000000000001));
#9608=CARTESIAN_POINT('Ctrl Pts',(-6.06589897932915,54.9999999999968,9.));
#9609=CARTESIAN_POINT('Ctrl Pts',(3.41738053237383,54.9999999999968,9.));
#9610=CARTESIAN_POINT('Ctrl Pts',(8.83487294466392,54.9999999999968,9.));
#9611=CARTESIAN_POINT('Ctrl Pts',(8.83487294466392,54.9999999999968,9.));
#9612=CARTESIAN_POINT('Ctrl Pts',(8.83487294466392,54.9999999999968,9.20203050891044));
#9613=CARTESIAN_POINT('Ctrl Pts',(8.83487294466392,55.0622234698112,9.63279094974916));
#9614=CARTESIAN_POINT('Ctrl Pts',(8.83487294466392,55.429299048889,10.3329195554042));
#9615=CARTESIAN_POINT('Ctrl Pts',(8.83487294466392,56.1399940516112,10.8875461809066));
#9616=CARTESIAN_POINT('Ctrl Pts',(8.83487294466392,56.7306259881162,11.));
#9617=CARTESIAN_POINT('Ctrl Pts',(8.83487294466392,56.9999999999968,11.));
#9618=CARTESIAN_POINT('Ctrl Pts',(-19.6066726630596,54.9999999999968,9.00000000000001));
#9619=CARTESIAN_POINT('Ctrl Pts',(-15.5327462610651,54.9999999999968,9.00000000000001));
#9620=CARTESIAN_POINT('Ctrl Pts',(-6.06589898065142,54.9999999999968,9.));
#9621=CARTESIAN_POINT('Ctrl Pts',(3.4173805297247,54.9999999999968,9.));
#9622=CARTESIAN_POINT('Ctrl Pts',(8.83487294069134,54.9999999999968,9.));
#9623=CARTESIAN_POINT('Ctrl Pts',(8.83487294069134,56.9999999999968,11.));
#9624=CARTESIAN_POINT('Ctrl Pts',(12.1398620347384,57.0000000000144,11.));
#9625=CARTESIAN_POINT('Ctrl Pts',(18.7587805029861,56.9846954287061,11.));
#9626=CARTESIAN_POINT('Ctrl Pts',(28.6161131861204,58.0805298253904,11.));
#9627=CARTESIAN_POINT('Ctrl Pts',(38.107386543997,60.0565302266189,11.));
#9628=CARTESIAN_POINT('Ctrl Pts',(47.8308536872012,61.3669195470107,11.));
#9629=CARTESIAN_POINT('Ctrl Pts',(57.8264219738144,60.6528556132761,11.));
#9630=CARTESIAN_POINT('Ctrl Pts',(67.4067724519797,57.8515036790424,11.));
#9631=CARTESIAN_POINT('Ctrl Pts',(73.1995115248841,54.6437685745853,11.));
#9632=CARTESIAN_POINT('Ctrl Pts',(75.8320970496735,52.6859808083518,11.));
#9633=CARTESIAN_POINT('Ctrl Pts',(8.83487294069206,56.7306259881162,11.));
#9634=CARTESIAN_POINT('Ctrl Pts',(12.1399209030724,56.728713273594,11.));
#9635=CARTESIAN_POINT('Ctrl Pts',(18.7671418475919,56.7245122198678,11.));
#9636=CARTESIAN_POINT('Ctrl Pts',(28.6772121079662,57.6870287407967,11.));
#9637=CARTESIAN_POINT('Ctrl Pts',(38.2492839593019,59.3971206920093,11.0000000000001));
#9638=CARTESIAN_POINT('Ctrl Pts',(47.882047521056,60.4514070706639,11.));
#9639=CARTESIAN_POINT('Ctrl Pts',(57.6455905435029,59.694344289582,11.));
#9640=CARTESIAN_POINT('Ctrl Pts',(67.0662134755326,57.0374679499216,11.));
#9641=CARTESIAN_POINT('Ctrl Pts',(72.7891498653267,53.9886377500196,11.0000000000001));
#9642=CARTESIAN_POINT('Ctrl Pts',(75.4111648217048,52.1199643537698,11.0000000000001));
#9643=CARTESIAN_POINT('Ctrl Pts',(8.83487294069333,56.1402915332297,10.8877511050242));
#9644=CARTESIAN_POINT('Ctrl Pts',(12.1409284287457,56.1396805894307,10.8915409849603));
#9645=CARTESIAN_POINT('Ctrl Pts',(18.7826428806859,56.151896011593,10.8892649022469));
#9646=CARTESIAN_POINT('Ctrl Pts',(28.7873482660152,56.8217365284779,10.835873134546));
#9647=CARTESIAN_POINT('Ctrl Pts',(38.4990139434359,57.92885557214,10.7187663352983));
#9648=CARTESIAN_POINT('Ctrl Pts',(47.9452980866674,58.4429089107294,10.6200213079654));
#9649=CARTESIAN_POINT('Ctrl Pts',(57.26243551593,57.5988774642797,10.5984396707358));
#9650=CARTESIAN_POINT('Ctrl Pts',(66.352480035865,55.2352189071663,10.6334454108433));
#9651=CARTESIAN_POINT('Ctrl Pts',(71.9261309829288,52.5316183498272,10.68146061009));
#9652=CARTESIAN_POINT('Ctrl Pts',(74.5198131344399,50.851650367592,10.706037548925));
#9653=CARTESIAN_POINT('Ctrl Pts',(8.83487294069379,55.3634619553289,10.2821826102986));
#9654=CARTESIAN_POINT('Ctrl Pts',(12.1437580270393,55.3602250704298,10.2847088133775));
#9655=CARTESIAN_POINT('Ctrl Pts',(18.7939697367166,55.4020172044476,10.3044072183889));
#9656=CARTESIAN_POINT('Ctrl Pts',(28.8317281867345,55.6723713214597,9.93887945578874));
#9657=CARTESIAN_POINT('Ctrl Pts',(38.5633010349429,55.9587535018777,9.17944342006514));
#9658=CARTESIAN_POINT('Ctrl Pts',(47.8339039044898,55.8091063633439,8.56741258812937));
#9659=CARTESIAN_POINT('Ctrl Pts',(56.8057320476721,54.8467133123162,8.43089817046882));
#9660=CARTESIAN_POINT('Ctrl Pts',(65.5543898948712,52.8127450225244,8.65408282597435));
#9661=CARTESIAN_POINT('Ctrl Pts',(70.9435531881273,50.5280687250556,8.94671264863358));
#9662=CARTESIAN_POINT('Ctrl Pts',(73.4884320946484,49.0864192528798,9.1111329376494));
#9663=CARTESIAN_POINT('Ctrl Pts',(8.83487294069271,55.0391976072041,9.55508108890433));
#9664=CARTESIAN_POINT('Ctrl Pts',(12.1467468001179,55.0371449559369,9.55612071152468));
#9665=CARTESIAN_POINT('Ctrl Pts',(18.789222270101,55.0879041156192,9.60160286359348));
#9666=CARTESIAN_POINT('Ctrl Pts',(28.7457821829727,55.1920257776028,8.8659024177476));
#9667=CARTESIAN_POINT('Ctrl Pts',(38.3134833416394,55.1411148732399,7.35292781024823));
#9668=CARTESIAN_POINT('Ctrl Pts',(47.5869365245767,54.7285651077566,6.1078732594242));
#9669=CARTESIAN_POINT('Ctrl Pts',(56.6641976958991,53.6986889471619,5.82522496391543));
#9670=CARTESIAN_POINT('Ctrl Pts',(65.3691141479257,51.7592642957246,6.28355595114714));
#9671=CARTESIAN_POINT('Ctrl Pts',(70.7008674930893,49.6196309314259,6.87122177225323));
#9672=CARTESIAN_POINT('Ctrl Pts',(73.2137750861734,48.2648392400173,7.20473516206772));
#9673=CARTESIAN_POINT('Ctrl Pts',(8.83487294069169,54.9999999999968,9.1346870059403));
#9674=CARTESIAN_POINT('Ctrl Pts',(12.1481314117863,55.0000255323412,9.13566952087325));
#9675=CARTESIAN_POINT('Ctrl Pts',(18.7821190730846,55.0489122267548,9.1942006007462));
#9676=CARTESIAN_POINT('Ctrl Pts',(28.6622870191039,55.1340545110362,8.25026986716538));
#9677=CARTESIAN_POINT('Ctrl Pts',(38.0930444395567,55.0473865333862,6.3206018018081));
#9678=CARTESIAN_POINT('Ctrl Pts',(47.4166835575193,54.6115298191188,4.69134410893655));
#9679=CARTESIAN_POINT('Ctrl Pts',(56.681280108236,53.5602606909978,4.31536427600297));
#9680=CARTESIAN_POINT('Ctrl Pts',(65.4504553571803,51.6027412311446,4.91956122494826));
#9681=CARTESIAN_POINT('Ctrl Pts',(70.7880064075789,49.4603024860614,5.67971658421833));
#9682=CARTESIAN_POINT('Ctrl Pts',(73.2893588282578,48.1072373921242,6.11197033595784));
#9683=CARTESIAN_POINT('Ctrl Pts',(8.83487294069133,54.9999999999968,9.));
#9684=CARTESIAN_POINT('Ctrl Pts',(12.1487361835425,55.0000000000145,9.));
#9685=CARTESIAN_POINT('Ctrl Pts',(18.7793416848548,55.0489612675467,9.06415081888608));
#9686=CARTESIAN_POINT('Ctrl Pts',(28.6327905891661,55.1336934457088,8.05315775087485));
#9687=CARTESIAN_POINT('Ctrl Pts',(38.0161697710186,55.0487757877244,5.99229015562647));
#9688=CARTESIAN_POINT('Ctrl Pts',(47.3597033372715,54.6169642501428,4.23823631441962));
#9689=CARTESIAN_POINT('Ctrl Pts',(56.6952645351827,53.5603296890129,3.83103705990309));
#9690=CARTESIAN_POINT('Ctrl Pts',(65.4923416227344,51.5909355342833,4.48348731535217));
#9691=CARTESIAN_POINT('Ctrl Pts',(70.8352307291227,49.4396506489781,5.29838594076084));
#9692=CARTESIAN_POINT('Ctrl Pts',(73.3332378210951,48.0834142869756,5.76283320602363));
#9693=CARTESIAN_POINT('Origin',(-30.6066726630596,54.9999999999968,0.));
#9694=CARTESIAN_POINT('Origin',(59.1940580137062,91.4,18.));
#9695=CARTESIAN_POINT('',(-19.6066726630596,91.4,18.));
#9696=CARTESIAN_POINT('Ctrl Pts',(59.1940580137062,91.3999999999926,18.));
#9697=CARTESIAN_POINT('Ctrl Pts',(59.1940580137063,90.0666666666592,18.));
#9698=CARTESIAN_POINT('Ctrl Pts',(59.1940580137064,88.7333333333259,18.));
#9699=CARTESIAN_POINT('Ctrl Pts',(59.1940580137067,86.0666666666592,18.));
#9700=CARTESIAN_POINT('Ctrl Pts',(59.1940580137068,84.7333333333259,18.));
#9701=CARTESIAN_POINT('Ctrl Pts',(59.1940580137069,83.3999999999926,18.));
#9702=CARTESIAN_POINT('Origin',(-19.6066726630596,91.4,-17.9999999999999));
#9703=CARTESIAN_POINT('Ctrl Pts',(59.192527743407,83.3999999999926,-17.9999999999999));
#9704=CARTESIAN_POINT('Ctrl Pts',(59.1925277434069,84.7333333333259,-17.9999999999999));
#9705=CARTESIAN_POINT('Ctrl Pts',(59.1925277434068,86.0666666666592,-17.9999999999999));
#9706=CARTESIAN_POINT('Ctrl Pts',(59.1925277434065,88.7333333333259,-17.9999999999999));
#9707=CARTESIAN_POINT('Ctrl Pts',(59.1925277434064,90.0666666666592,-17.9999999999999));
#9708=CARTESIAN_POINT('Ctrl Pts',(59.1925277434063,91.3999999999926,-17.9999999999999));
#9709=CARTESIAN_POINT('',(-19.6066726630596,91.4,-18.));
#9710=CARTESIAN_POINT('Origin',(-19.6066726630596,91.4,-1.11022302462516E-15));
#9711=CARTESIAN_POINT('Origin',(142.75,83.4,-12.));
#9712=CARTESIAN_POINT('',(115.372575516545,70.2586754241967,-12.));
#9713=CARTESIAN_POINT('Ctrl Pts',(115.372575516545,70.2586754242184,-12.));
#9714=CARTESIAN_POINT('Ctrl Pts',(115.322819414839,70.9714623666166,-12.));
#9715=CARTESIAN_POINT('Ctrl Pts',(115.27675501658,71.6951519879755,-12.));
#9716=CARTESIAN_POINT('Ctrl Pts',(115.234288624765,72.4308752217353,-12.));
#9717=CARTESIAN_POINT('Ctrl Pts',(115.196072238556,73.0929678093568,-12.));
#9718=CARTESIAN_POINT('Ctrl Pts',(115.160769199077,73.7648066611675,-12.));
#9719=CARTESIAN_POINT('Ctrl Pts',(115.128304116824,74.447174801461,-12.));
#9720=CARTESIAN_POINT('Ctrl Pts',(115.098074428639,75.0825582558567,-12.));
#9721=CARTESIAN_POINT('Ctrl Pts',(115.070305068271,75.7270713843616,-12.));
#9722=CARTESIAN_POINT('Ctrl Pts',(115.04493384602,76.3813005517127,-12.));
#9723=CARTESIAN_POINT('Ctrl Pts',(115.021417958789,76.9876875507551,-12.));
#9724=CARTESIAN_POINT('Ctrl Pts',(114.999962150752,77.6024216627622,-12.));
#9725=CARTESIAN_POINT('Ctrl Pts',(114.980518415954,78.2259251607123,-12.));
#9726=CARTESIAN_POINT('Ctrl Pts',(114.961705283308,78.8292070987947,-12.));
#9727=CARTESIAN_POINT('Ctrl Pts',(114.94477571719,79.4406991381922,-12.));
#9728=CARTESIAN_POINT('Ctrl Pts',(114.929689501435,80.0607367941978,-12.));
#9729=CARTESIAN_POINT('Ctrl Pts',(114.915263363325,80.6536455133088,-12.));
#9730=CARTESIAN_POINT('Ctrl Pts',(114.902522725166,81.2543685178866,-12.));
#9731=CARTESIAN_POINT('Ctrl Pts',(114.891436748921,81.8631526673246,-12.));
#9732=CARTESIAN_POINT('Ctrl Pts',(114.882210431628,82.3698140205549,-12.));
#9733=CARTESIAN_POINT('Ctrl Pts',(114.874130250761,82.8820581933767,-12.));
#9734=CARTESIAN_POINT('Ctrl Pts',(114.867181415205,83.3999999999975,-12.));
#9735=CARTESIAN_POINT('',(170.127424483448,70.2586754241966,-12.));
#9736=CARTESIAN_POINT('',(156.439243463286,70.2586754241751,-12.));
#9737=CARTESIAN_POINT('Ctrl Pts',(170.632818584787,83.4,-12.));
#9738=CARTESIAN_POINT('Ctrl Pts',(170.624453492585,82.7764953950976,-12.));
#9739=CARTESIAN_POINT('Ctrl Pts',(170.61444905583,82.161249009828,-12.));
#9740=CARTESIAN_POINT('Ctrl Pts',(170.602778947144,81.5540559048995,-12.));
#9741=CARTESIAN_POINT('Ctrl Pts',(170.590738262413,80.9275818124454,-12.));
#9742=CARTESIAN_POINT('Ctrl Pts',(170.576924362412,80.3096803359409,-12.));
#9743=CARTESIAN_POINT('Ctrl Pts',(170.561302189844,79.700068894015,-12.));
#9744=CARTESIAN_POINT('Ctrl Pts',(170.545118224139,79.0685350516016,-12.));
#9745=CARTESIAN_POINT('Ctrl Pts',(170.526993489491,78.4458979514269,-12.));
#9746=CARTESIAN_POINT('Ctrl Pts',(170.506883926322,77.8317863585011,-12.));
#9747=CARTESIAN_POINT('Ctrl Pts',(170.484995445582,77.1633496718937,-12.));
#9748=CARTESIAN_POINT('Ctrl Pts',(170.460755311752,76.5050136212766,-12.));
#9749=CARTESIAN_POINT('Ctrl Pts',(170.434102592706,75.8562339081216,-12.));
#9750=CARTESIAN_POINT('Ctrl Pts',(170.40631989944,75.179948395326,-12.));
#9751=CARTESIAN_POINT('Ctrl Pts',(170.375915478685,74.5140460422681,-12.));
#9752=CARTESIAN_POINT('Ctrl Pts',(170.342818992889,73.8578473930651,-12.));
#9753=CARTESIAN_POINT('Ctrl Pts',(170.305552149162,73.1189637344119,-12.));
#9754=CARTESIAN_POINT('Ctrl Pts',(170.264871551132,72.3923829253283,-12.));
#9755=CARTESIAN_POINT('Ctrl Pts',(170.220681074753,71.6770639828973,-12.));
#9756=CARTESIAN_POINT('Ctrl Pts',(170.191169439922,71.1993540067716,-12.));
#9757=CARTESIAN_POINT('Ctrl Pts',(170.160092517788,70.7266652287382,-12.));
#9758=CARTESIAN_POINT('Ctrl Pts',(170.127424483448,70.2586754242184,-12.));
#9759=CARTESIAN_POINT('Ctrl Pts',(48.8348729367188,91.3999999999917,15.9274090373258));
#9760=CARTESIAN_POINT('Ctrl Pts',(48.8348729367195,83.3999999999917,15.9274090373258));
#9761=CARTESIAN_POINT('Ctrl Pts',(50.4459955427431,91.3999999999918,16.2467687015737));
#9762=CARTESIAN_POINT('Ctrl Pts',(50.4459955427438,83.3999999999918,16.2467687015737));
#9763=CARTESIAN_POINT('Ctrl Pts',(52.0571181487674,91.399999999992,16.5661283658216));
#9764=CARTESIAN_POINT('Ctrl Pts',(52.0571181487681,83.3999999999919,16.5661283658216));
#9765=CARTESIAN_POINT('Ctrl Pts',(53.6682407547917,91.3999999999921,16.8854880300696));
#9766=CARTESIAN_POINT('Ctrl Pts',(53.6682407547924,83.3999999999921,16.8854880300696));
#9767=CARTESIAN_POINT('Ctrl Pts',(55.7158814945661,91.3999999999923,17.2913751157014));
#9768=CARTESIAN_POINT('Ctrl Pts',(55.7158814945668,83.3999999999923,17.2913751157014));
#9769=CARTESIAN_POINT('Ctrl Pts',(60.9902009205207,91.3999999999927,18.3368136468106));
#9770=CARTESIAN_POINT('Ctrl Pts',(60.9902009205214,83.3999999999927,18.3368136468106));
#9771=CARTESIAN_POINT('Ctrl Pts',(68.3430498088524,91.3999999999934,19.9375053204017));
#9772=CARTESIAN_POINT('Ctrl Pts',(68.3430498088531,83.3999999999934,19.9375053204017));
#9773=CARTESIAN_POINT('Ctrl Pts',(69.8553234317498,91.3999999999935,20.2667224487729));
#9774=CARTESIAN_POINT('Ctrl Pts',(69.8553234317505,83.3999999999935,20.2667224487729));
#9775=CARTESIAN_POINT('Ctrl Pts',(71.4547814421863,91.3999999999937,20.6192807310416));
#9776=CARTESIAN_POINT('Ctrl Pts',(71.454781442187,83.3999999999937,20.6192807310416));
#9777=CARTESIAN_POINT('Ctrl Pts',(73.1308523985289,91.3999999999938,20.9943283656661));
#9778=CARTESIAN_POINT('Ctrl Pts',(73.1308523985296,83.3999999999938,20.9943283656661));
#9779=CARTESIAN_POINT('Ctrl Pts',(78.61615092372,91.3999999999943,22.2217514823887));
#9780=CARTESIAN_POINT('Ctrl Pts',(78.6161509237208,83.3999999999943,22.2217514823887));
#9781=CARTESIAN_POINT('Ctrl Pts',(84.0663711335166,91.3999999999948,23.4985701910492));
#9782=CARTESIAN_POINT('Ctrl Pts',(84.0663711335173,83.3999999999948,23.4985701910492));
#9783=CARTESIAN_POINT('Ctrl Pts',(89.5331708093811,91.3999999999953,24.8296763088496));
#9784=CARTESIAN_POINT('Ctrl Pts',(89.5331708093818,83.3999999999953,24.8296763088496));
#9785=CARTESIAN_POINT('Ctrl Pts',(89.7663416756056,91.3999999999953,24.8864508725664));
#9786=CARTESIAN_POINT('Ctrl Pts',(89.7663416756063,83.3999999999953,24.8864508725664));
#9787=CARTESIAN_POINT('Ctrl Pts',(89.9995125418301,91.3999999999953,24.9432254362832));
#9788=CARTESIAN_POINT('Ctrl Pts',(89.9995125418308,83.3999999999953,24.9432254362832));
#9789=CARTESIAN_POINT('Ctrl Pts',(90.2326834080546,91.3999999999953,25.));
#9790=CARTESIAN_POINT('Ctrl Pts',(90.2326834080554,83.3999999999953,25.));
#9791=CARTESIAN_POINT('',(90.2326834080549,88.3999999999953,25.));
#9792=CARTESIAN_POINT('Origin',(-19.6066726630596,71.4749999999937,0.));
#9793=CARTESIAN_POINT('Origin',(91.3499999999987,11.6999999999954,0.));
#9794=CARTESIAN_POINT('',(101.049999999999,11.6999999999963,1.8170367497809));
#9795=CARTESIAN_POINT('',(101.049999999999,11.6999999999963,-1.81703674978093));
#9796=CARTESIAN_POINT('',(101.049999999999,11.6999999999963,2.90442325903662));
#9797=CARTESIAN_POINT('',(97.6499999999986,11.699999999996,1.8170367497809));
#9798=CARTESIAN_POINT('',(99.3499999999986,11.6999999999961,1.81703674978089));
#9799=CARTESIAN_POINT('',(97.6499999999986,11.699999999996,-1.81703674978092));
#9800=CARTESIAN_POINT('',(97.6499999999987,11.699999999996,4.00442325903662));
#9801=CARTESIAN_POINT('',(99.3499999999986,11.6999999999961,-1.81703674978092));
#9802=CARTESIAN_POINT('Origin',(97.6499999999998,-1.600000000004,8.00884651807325));
#9803=CARTESIAN_POINT('',(97.6499999999993,3.899999999996,8.00884651807325));
#9804=CARTESIAN_POINT('Origin',(97.6499999999993,3.899999999996,-1.43010762969156E-14));
#9805=CARTESIAN_POINT('',(97.6499999999998,-1.41217572549336,8.00884651807325));
#9806=CARTESIAN_POINT('',(97.6499999999998,-1.600000000004,8.00884651807325));
#9807=CARTESIAN_POINT('',(97.6499999999998,-1.04188906600559,5.90884651807325));
#9808=CARTESIAN_POINT('',(97.6499999999998,-1.22986419318661,6.97490643939529));
#9809=CARTESIAN_POINT('',(97.6499999999995,2.55689813196392,5.42791598523217));
#9810=CARTESIAN_POINT('Origin',(97.6499999999997,-4.00568467285694E-12,
-1.02162678859038E-27));
#9811=CARTESIAN_POINT('',(97.6499999999994,2.64212806969618,5.80884651807325));
#9812=CARTESIAN_POINT('Origin',(97.6499999999994,2.64212806969618,5.60884651807325));
#9813=CARTESIAN_POINT('',(97.6499999999993,3.899999999996,5.80884651807325));
#9814=CARTESIAN_POINT('',(97.6499999999998,-1.600000000004,5.80884651807325));
#9815=CARTESIAN_POINT('',(97.6499999999993,3.899999999996,-5.80884651807327));
#9816=CARTESIAN_POINT('Origin',(97.6499999999993,3.899999999996,-1.47409776595927E-14));
#9817=CARTESIAN_POINT('',(97.6499999999994,2.64212806969612,-5.80884651807328));
#9818=CARTESIAN_POINT('',(97.6499999999993,3.899999999996,-5.80884651807327));
#9819=CARTESIAN_POINT('',(97.6499999999995,2.55689813196386,-5.4279159852322));
#9820=CARTESIAN_POINT('Origin',(97.6499999999994,2.64212806969612,-5.60884651807327));
#9821=CARTESIAN_POINT('Origin',(97.6499999999997,-4.00568467285694E-12,
-1.02162678859038E-27));
#9822=CARTESIAN_POINT('',(97.6499999999993,3.899999999996,-8.00884651807328));
#9823=CARTESIAN_POINT('',(97.6499999999993,3.899999999996,-8.00884651807328));
#9824=CARTESIAN_POINT('Origin',(97.6499999999993,3.899999999996,-1.43010762969156E-14));
#9825=CARTESIAN_POINT('Origin',(99.3499999999993,3.89999999999615,-1.4432899320128E-14));
#9826=CARTESIAN_POINT('',(101.049999999999,3.8999999999963,8.00884651807325));
#9827=CARTESIAN_POINT('Origin',(101.049999999999,3.89999999999631,-1.43010762969156E-14));
#9828=CARTESIAN_POINT('',(101.049999999999,3.8999999999963,8.00884651807325));
#9829=CARTESIAN_POINT('Ctrl Pts',(189.665243690074,-2.48107240963278,12.4351220191762));
#9830=CARTESIAN_POINT('Ctrl Pts',(189.54098479125,-2.18313206875777,12.4748848667999));
#9831=CARTESIAN_POINT('Ctrl Pts',(188.952606551436,-0.8563032717611,12.6631659035406));
#9832=CARTESIAN_POINT('Ctrl Pts',(187.896836759077,1.49709034375131,13.0010122370954));
#9833=CARTESIAN_POINT('Ctrl Pts',(186.629314292018,4.75298154524074,13.4066194265541));
#9834=CARTESIAN_POINT('Ctrl Pts',(185.422430776643,8.08183457038256,13.7928221514742));
#9835=CARTESIAN_POINT('Ctrl Pts',(184.771431374163,10.4643431222657,14.0011419602679));
#9836=CARTESIAN_POINT('Ctrl Pts',(184.510189923323,11.7000000000008,14.0847392245368));
#9837=CARTESIAN_POINT('Ctrl Pts',(190.297276880611,-2.190484674365,12.2328713982046));
#9838=CARTESIAN_POINT('Ctrl Pts',(190.186844752882,-1.87674742974749,12.2682096790778));
#9839=CARTESIAN_POINT('Ctrl Pts',(189.670053499619,-0.482883128945949,12.4335828801219));
#9840=CARTESIAN_POINT('Ctrl Pts',(188.781840373691,1.89347965384184,12.717811080419));
#9841=CARTESIAN_POINT('Ctrl Pts',(187.702205729975,5.20815178219402,13.0632941664081));
#9842=CARTESIAN_POINT('Ctrl Pts',(186.692270747292,8.54427397086322,13.3864733608667));
#9843=CARTESIAN_POINT('Ctrl Pts',(186.167696699563,10.8519629824731,13.55433705614));
#9844=CARTESIAN_POINT('Ctrl Pts',(185.958019436888,12.0374433128446,13.6214337801958));
#9845=CARTESIAN_POINT('Ctrl Pts',(191.643186342803,-1.68729485616586,11.5381560050264));
#9846=CARTESIAN_POINT('Ctrl Pts',(191.567688738127,-1.34462618579892,11.5543280718633));
#9847=CARTESIAN_POINT('Ctrl Pts',(191.217348533847,0.171018869608946,11.6336081952899));
#9848=CARTESIAN_POINT('Ctrl Pts',(190.661659698465,2.57794480336408,11.7477838391605));
#9849=CARTESIAN_POINT('Ctrl Pts',(189.96873204639,5.99117445131175,11.8957027686772));
#9850=CARTESIAN_POINT('Ctrl Pts',(189.341033542982,9.32980308360799,12.0256859672789));
#9851=CARTESIAN_POINT('Ctrl Pts',(189.035957988001,11.5019654773776,12.0855099875845));
#9852=CARTESIAN_POINT('Ctrl Pts',(188.914578780152,12.600902291719,12.1094207426712));
#9853=CARTESIAN_POINT('Ctrl Pts',(193.349461824621,-1.51102197187852,9.60318788964674));
#9854=CARTESIAN_POINT('Ctrl Pts',(193.325028279149,-1.15776985947495,9.56042354836416));
#9855=CARTESIAN_POINT('Ctrl Pts',(193.215389062085,0.402504996273249,9.36389149782845));
#9856=CARTESIAN_POINT('Ctrl Pts',(193.035484087838,2.81704672046563,9.05677421098164));
#9857=CARTESIAN_POINT('Ctrl Pts',(192.814265958727,6.2638037528204,8.67216936100614));
#9858=CARTESIAN_POINT('Ctrl Pts',(192.612163022366,9.60032578301889,8.32627399512803));
#9859=CARTESIAN_POINT('Ctrl Pts',(192.512805944565,11.723160510275,8.16096275625812));
#9860=CARTESIAN_POINT('Ctrl Pts',(192.47336635863,12.7920741076186,8.0952632189418));
#9861=CARTESIAN_POINT('Ctrl Pts',(194.061376016249,-1.92875553056798,7.67393625512307));
#9862=CARTESIAN_POINT('Ctrl Pts',(194.058664224567,-1.60023807156377,7.57603738230537));
#9863=CARTESIAN_POINT('Ctrl Pts',(194.048391260177,-0.144124161621584,7.11902110280237));
#9864=CARTESIAN_POINT('Ctrl Pts',(194.026118903356,2.24987081856837,6.36907873063216));
#9865=CARTESIAN_POINT('Ctrl Pts',(194.001224099291,5.61637888504421,5.44400103733622));
#9866=CARTESIAN_POINT('Ctrl Pts',(193.976625828088,8.95554704157508,4.59411742438921));
#9867=CARTESIAN_POINT('Ctrl Pts',(193.962952279158,11.1937792200938,4.16855986097662));
#9868=CARTESIAN_POINT('Ctrl Pts',(193.957569642533,12.3341125132296,3.99889923960853));
#9869=CARTESIAN_POINT('Ctrl Pts',(194.15,-2.33577854199889,6.62302181552626));
#9870=CARTESIAN_POINT('Ctrl Pts',(194.15,-2.02993974925263,6.49981461459428));
#9871=CARTESIAN_POINT('Ctrl Pts',(194.15,-0.669593200353524,5.91962694488462));
#9872=CARTESIAN_POINT('Ctrl Pts',(194.15,1.69528499879658,4.89908219914115));
#9873=CARTESIAN_POINT('Ctrl Pts',(194.15,4.98056666371738,3.66688060194492));
#9874=CARTESIAN_POINT('Ctrl Pts',(194.15,8.31305427062289,2.50310367305393));
#9875=CARTESIAN_POINT('Ctrl Pts',(194.15,10.6581530523694,1.88595560217288));
#9876=CARTESIAN_POINT('Ctrl Pts',(194.15,11.8687216564227,1.63873449018225));
#9877=CARTESIAN_POINT('Ctrl Pts',(194.15,-2.48107240963278,6.29121943924519));
#9878=CARTESIAN_POINT('Ctrl Pts',(194.15,-2.18313206875777,6.16075351270456));
#9879=CARTESIAN_POINT('Ctrl Pts',(194.15,-0.8563032717611,5.54298437954589));
#9880=CARTESIAN_POINT('Ctrl Pts',(194.15,1.49709034375131,4.43447637346144));
#9881=CARTESIAN_POINT('Ctrl Pts',(194.15,4.75298154524074,3.10363814263133));
#9882=CARTESIAN_POINT('Ctrl Pts',(194.15,8.08183457038256,1.83646792343399));
#9883=CARTESIAN_POINT('Ctrl Pts',(194.15,10.4643431222657,1.15294955150445));
#9884=CARTESIAN_POINT('Ctrl Pts',(194.15,11.7000000000008,0.878658468473308));
#9885=CARTESIAN_POINT('',(194.15,-0.987730988998374,5.60170080068397));
#9886=CARTESIAN_POINT('Ctrl Pts',(193.452245007226,-1.59999999999999,9.07405091138829));
#9887=CARTESIAN_POINT('Ctrl Pts',(193.649493905598,-1.52446284217176,8.6456584014915));
#9888=CARTESIAN_POINT('Ctrl Pts',(193.800760945747,-1.44554349460439,8.19808454041677));
#9889=CARTESIAN_POINT('Ctrl Pts',(194.078478278161,-1.24123686186447,7.03940404853153));
#9890=CARTESIAN_POINT('Ctrl Pts',(194.15,-1.11409756827721,6.31836128425087));
#9891=CARTESIAN_POINT('Ctrl Pts',(194.15,-0.98773098902069,5.6017008007061));
#9892=CARTESIAN_POINT('Ctrl Pts',(194.15,-0.987277111185781,5.60267266237519));
#9893=CARTESIAN_POINT('Ctrl Pts',(194.15,-0.157162717941974,5.21499367251921));
#9894=CARTESIAN_POINT('Ctrl Pts',(194.15,1.71176097696124,4.34673023330123));
#9895=CARTESIAN_POINT('Ctrl Pts',(194.15,4.75298154524074,3.10363814263133));
#9896=CARTESIAN_POINT('Ctrl Pts',(194.15,8.08183457038256,1.83646792343399));
#9897=CARTESIAN_POINT('Ctrl Pts',(194.15,10.4643431222657,1.15294955150445));
#9898=CARTESIAN_POINT('Ctrl Pts',(194.15,11.7000000000008,0.878658468473308));
#9899=CARTESIAN_POINT('Ctrl Pts',(184.510189923323,11.7000000000008,14.0847392245368));
#9900=CARTESIAN_POINT('Ctrl Pts',(184.771431374163,10.4643431222657,14.0011419602679));
#9901=CARTESIAN_POINT('Ctrl Pts',(185.422430776643,8.08183457038256,13.7928221514742));
#9902=CARTESIAN_POINT('Ctrl Pts',(186.629314292018,4.75298154524074,13.4066194265541));
#9903=CARTESIAN_POINT('Ctrl Pts',(187.896744500354,1.49732732918606,13.0010417598866));
#9904=CARTESIAN_POINT('Ctrl Pts',(188.822330724829,-0.565908240170792,12.7048541680548));
#9905=CARTESIAN_POINT('Ctrl Pts',(189.282310838634,-1.60054968624506,12.5576605316372));
#9906=CARTESIAN_POINT('Origin',(194.15,0.,19.));
#9907=CARTESIAN_POINT('',(194.15,-0.7466871639678,4.23467333795249));
#9908=CARTESIAN_POINT('',(194.15,0.,0.));
#9909=CARTESIAN_POINT('',(194.15,-0.746687163967801,-4.23467333795249));
#9910=CARTESIAN_POINT('Origin',(194.15,0.,0.));
#9911=CARTESIAN_POINT('',(194.15,-0.98773098868245,-5.60170079889235));
#9912=CARTESIAN_POINT('',(194.15,0.,0.));
#9913=CARTESIAN_POINT('Ctrl Pts',(194.15,11.7000000000458,-0.878658468650332));
#9914=CARTESIAN_POINT('Ctrl Pts',(194.15,10.4643431223241,-1.15294955169542));
#9915=CARTESIAN_POINT('Ctrl Pts',(194.15,8.08181867272392,-1.83645668508198));
#9916=CARTESIAN_POINT('Ctrl Pts',(194.15,4.75298256709732,-3.10363903846246));
#9917=CARTESIAN_POINT('Ctrl Pts',(194.15,1.71172175006763,-4.34669995140087));
#9918=CARTESIAN_POINT('Ctrl Pts',(194.15,-0.157158017465407,-5.21499239247523));
#9919=CARTESIAN_POINT('Ctrl Pts',(194.15,-0.987282185647696,-5.6026618292702));
#9920=CARTESIAN_POINT('Origin',(194.15,-1.04188906600158,5.90884651807325));
#9921=CARTESIAN_POINT('',(162.15,-0.7466871639678,4.23467333795249));
#9922=CARTESIAN_POINT('',(162.15,0.,0.));
#9923=CARTESIAN_POINT('',(163.15,-0.7466871639678,4.23467333795249));
#9924=CARTESIAN_POINT('',(162.15,-0.7466871639678,4.23467333795249));
#9925=CARTESIAN_POINT('',(163.15,-0.97242979493481,5.51492341686837));
#9926=CARTESIAN_POINT('',(163.15,0.,0.));
#9927=CARTESIAN_POINT('',(164.65,-1.04188906600158,5.90884651807325));
#9928=CARTESIAN_POINT('',(163.9,-1.0071594304682,5.71188496747081));
#9929=CARTESIAN_POINT('',(168.45,-1.04188906600158,5.90884651807325));
#9930=CARTESIAN_POINT('',(194.15,-1.04188906600158,5.90884651807325));
#9931=CARTESIAN_POINT('',(168.45,-1.41217572548936,8.00884651807325));
#9932=CARTESIAN_POINT('',(168.45,-1.2298641931826,6.97490643939529));
#9933=CARTESIAN_POINT('',(171.85,-1.41217572548936,8.00884651807325));
#9934=CARTESIAN_POINT('',(183.,-1.41217572548936,8.00884651807325));
#9935=CARTESIAN_POINT('',(171.85,-1.04188906600158,5.90884651807325));
#9936=CARTESIAN_POINT('',(171.85,-1.04175311435348,5.90807549796304));
#9937=CARTESIAN_POINT('',(184.45,-1.04188906600158,5.90884651807325));
#9938=CARTESIAN_POINT('',(194.15,-1.04188906600158,5.90884651807325));
#9939=CARTESIAN_POINT('',(184.45,-1.41217572548936,8.00884651807325));
#9940=CARTESIAN_POINT('',(184.45,-1.04175311435348,5.90807549796304));
#9941=CARTESIAN_POINT('',(187.85,-1.41217572548936,8.00884651807325));
#9942=CARTESIAN_POINT('',(189.3,-1.41217572548936,8.00884651807325));
#9943=CARTESIAN_POINT('',(187.85,-1.04188906600158,5.90884651807325));
#9944=CARTESIAN_POINT('',(187.85,-1.2298641931826,6.97490643939529));
#9945=CARTESIAN_POINT('',(193.15,-1.04188906600158,5.90884651807325));
#9946=CARTESIAN_POINT('',(194.15,-1.04188906600158,5.90884651807325));
#9947=CARTESIAN_POINT('',(193.15,-0.7466871639678,4.23467333795249));
#9948=CARTESIAN_POINT('',(193.15,0.,0.));
#9949=CARTESIAN_POINT('',(194.15,-0.7466871639678,4.23467333795249));
#9950=CARTESIAN_POINT('Ctrl Pts',(184.510189923491,11.7000000000458,-14.0847392244828));
#9951=CARTESIAN_POINT('Ctrl Pts',(184.771431374345,10.4643431223241,-14.0011419602097));
#9952=CARTESIAN_POINT('Ctrl Pts',(185.422420072965,8.08181867272392,-13.7928255766512));
#9953=CARTESIAN_POINT('Ctrl Pts',(186.62931514523,4.75298256709732,-13.4066191535265));
#9954=CARTESIAN_POINT('Ctrl Pts',(187.896806752109,1.49704588609789,-13.001021839325));
#9955=CARTESIAN_POINT('Ctrl Pts',(188.954882043007,-0.861328474152398,-12.6624377462378));
#9956=CARTESIAN_POINT('Ctrl Pts',(189.545439421999,-2.19331145156307,-12.4734593849604));
#9957=CARTESIAN_POINT('Ctrl Pts',(189.671724596252,-2.49662509625871,-12.4330481291994));
#9958=CARTESIAN_POINT('Ctrl Pts',(185.958019437027,12.0374433129035,-13.6214337801513));
#9959=CARTESIAN_POINT('Ctrl Pts',(186.167695474348,10.851962511152,-13.5543374482087));
#9960=CARTESIAN_POINT('Ctrl Pts',(186.692262139008,8.54425887916206,-13.3864761155166));
#9961=CARTESIAN_POINT('Ctrl Pts',(187.702203979412,5.20815180279716,-13.0632947265886));
#9962=CARTESIAN_POINT('Ctrl Pts',(188.78181498328,1.89343696931824,-12.7178192053502));
#9963=CARTESIAN_POINT('Ctrl Pts',(189.67196206086,-0.4879605548365,-12.4329721405251));
#9964=CARTESIAN_POINT('Ctrl Pts',(190.190762722974,-1.88743574995038,-12.2669559286484));
#9965=CARTESIAN_POINT('Ctrl Pts',(190.303016719492,-2.20687072579255,-12.2310346497627));
#9966=CARTESIAN_POINT('Ctrl Pts',(188.914578780237,12.6009022918021,-12.109420742654));
#9967=CARTESIAN_POINT('Ctrl Pts',(189.03595719981,11.5019645811705,-12.0855082778535));
#9968=CARTESIAN_POINT('Ctrl Pts',(189.341028224645,9.32978893680687,-12.0256876216562));
#9969=CARTESIAN_POINT('Ctrl Pts',(189.968730911031,5.99117355065003,-11.8956992386637));
#9970=CARTESIAN_POINT('Ctrl Pts',(190.661643974834,2.57790433180747,-11.7477867225745));
#9971=CARTESIAN_POINT('Ctrl Pts',(191.218542439568,0.165872962252483,-11.6333540912317));
#9972=CARTESIAN_POINT('Ctrl Pts',(191.570346743098,-1.35624151148435,-11.5537316575283));
#9973=CARTESIAN_POINT('Ctrl Pts',(191.6471118765,-1.70519997582639,-11.5372835821035));
#9974=CARTESIAN_POINT('Ctrl Pts',(192.473366358657,12.7920741077102,-8.09526321898818));
#9975=CARTESIAN_POINT('Ctrl Pts',(192.512804128279,11.7231594411509,-8.16096169567274));
#9976=CARTESIAN_POINT('Ctrl Pts',(192.612161781355,9.60031190563653,-8.32627126644387));
#9977=CARTESIAN_POINT('Ctrl Pts',(192.814262450323,6.263802485928,-8.67216747448333));
#9978=CARTESIAN_POINT('Ctrl Pts',(193.035478742662,2.81700682660626,-9.05676546971866));
#9979=CARTESIAN_POINT('Ctrl Pts',(193.21576823667,0.397341693402056,-9.36454837884942));
#9980=CARTESIAN_POINT('Ctrl Pts',(193.325864513817,-1.16972518851756,-9.56191670156771));
#9981=CARTESIAN_POINT('Ctrl Pts',(193.350706089934,-1.52948308228475,-9.60540124304516));
#9982=CARTESIAN_POINT('Ctrl Pts',(193.957569642537,12.3341125133011,-3.99889923972414));
#9983=CARTESIAN_POINT('Ctrl Pts',(193.962951232569,11.1937785078488,-4.16855925450792));
#9984=CARTESIAN_POINT('Ctrl Pts',(193.976625920694,8.95553249612539,-4.59411006018156));
#9985=CARTESIAN_POINT('Ctrl Pts',(194.001222013189,5.61637838295605,-5.44400042275142));
#9986=CARTESIAN_POINT('Ctrl Pts',(194.026118088016,2.24982941784362,-6.36905745991742));
#9987=CARTESIAN_POINT('Ctrl Pts',(194.048434342405,-0.149241075704192,-7.12063454859741));
#9988=CARTESIAN_POINT('Ctrl Pts',(194.058744932147,-1.61139997464002,-7.57950232871392));
#9989=CARTESIAN_POINT('Ctrl Pts',(194.06149991968,-1.94591801801932,-7.67903316238206));
#9990=CARTESIAN_POINT('Ctrl Pts',(194.15,11.8687216564747,-1.63873449034378));
#9991=CARTESIAN_POINT('Ctrl Pts',(194.15,10.6581528167381,-1.88595495906));
#9992=CARTESIAN_POINT('Ctrl Pts',(194.15,8.31303877594299,-2.50309353473392));
#9993=CARTESIAN_POINT('Ctrl Pts',(194.15,4.98056718494724,-3.66688013085682));
#9994=CARTESIAN_POINT('Ctrl Pts',(194.15,1.69524142770807,-4.89905311683642));
#9995=CARTESIAN_POINT('Ctrl Pts',(194.15,-0.674644514494449,-5.9218234729884));
#9996=CARTESIAN_POINT('Ctrl Pts',(194.15,-2.04037360075672,-6.50421003068332));
#9997=CARTESIAN_POINT('Ctrl Pts',(194.15,-2.35174791102563,-6.62943741570522));
#9998=CARTESIAN_POINT('Ctrl Pts',(194.15,11.7000000000458,-0.878658468650332));
#9999=CARTESIAN_POINT('Ctrl Pts',(194.15,10.4643431223241,-1.15294955169542));
#10000=CARTESIAN_POINT('Ctrl Pts',(194.15,8.08181867272392,-1.83645668508198));
#10001=CARTESIAN_POINT('Ctrl Pts',(194.15,4.75298256709732,-3.10363903846246));
#10002=CARTESIAN_POINT('Ctrl Pts',(194.15,1.49704588609789,-4.43444486757439));
#10003=CARTESIAN_POINT('Ctrl Pts',(194.15,-0.861328474152398,-5.54537353733659));
#10004=CARTESIAN_POINT('Ctrl Pts',(194.15,-2.19331145156307,-6.16543066286051));
#10005=CARTESIAN_POINT('Ctrl Pts',(194.15,-2.49662509625871,-6.29802408211014));
#10006=CARTESIAN_POINT('',(193.452245008718,-1.6,-9.07405091138835));
#10007=CARTESIAN_POINT('',(189.283430089727,-1.59999999999999,-12.5573023712875));
#10008=CARTESIAN_POINT('Ctrl Pts',(193.452245008718,-1.59999999999551,-9.0740509113881));
#10009=CARTESIAN_POINT('Ctrl Pts',(193.158618183104,-1.59999999999554,-9.67904760875283));
#10010=CARTESIAN_POINT('Ctrl Pts',(192.774673897785,-1.59999999996677,-10.2322203917259));
#10011=CARTESIAN_POINT('Ctrl Pts',(191.895673021296,-1.59999999996685,-11.1474001684499));
#10012=CARTESIAN_POINT('Ctrl Pts',(191.43158914304,-1.59999999996996,-11.5134949375979));
#10013=CARTESIAN_POINT('Ctrl Pts',(190.408850065069,-1.59999999997005,-12.130196543219));
#10014=CARTESIAN_POINT('Ctrl Pts',(189.857117276764,-1.59999999999584,-12.3737224714356));
#10015=CARTESIAN_POINT('Ctrl Pts',(189.283430089725,-1.59999999999589,-12.5573023712881));
#10016=CARTESIAN_POINT('Ctrl Pts',(189.28228661004,-1.6005615833077,-12.5576682847872));
#10017=CARTESIAN_POINT('Ctrl Pts',(188.822333895776,-0.565888103890756,
-12.7048531533517));
#10018=CARTESIAN_POINT('Ctrl Pts',(187.896712512854,1.49728796821135,-13.0010519958866));
#10019=CARTESIAN_POINT('Ctrl Pts',(186.62931514523,4.75298256709732,-13.4066191535265));
#10020=CARTESIAN_POINT('Ctrl Pts',(185.422420072965,8.08181867272392,-13.7928255766512));
#10021=CARTESIAN_POINT('Ctrl Pts',(184.771431374345,10.4643431223241,-14.0011419602097));
#10022=CARTESIAN_POINT('Ctrl Pts',(184.510189923491,11.7000000000458,-14.0847392244828));
#10023=CARTESIAN_POINT('Ctrl Pts',(194.15,-0.987730988704795,-5.60170079891456));
#10024=CARTESIAN_POINT('Ctrl Pts',(194.15,-1.11400172134241,-6.31781770927209));
#10025=CARTESIAN_POINT('Ctrl Pts',(194.078586732598,-1.24104405179712,-7.038310568302));
#10026=CARTESIAN_POINT('Ctrl Pts',(193.801109661856,-1.44536140288616,-8.19705184696572));
#10027=CARTESIAN_POINT('Ctrl Pts',(193.649721950116,-1.5243755121604,-8.64516312838577));
#10028=CARTESIAN_POINT('Ctrl Pts',(193.452245008718,-1.59999999999999,-9.07405091138834));
#10029=CARTESIAN_POINT('Origin',(194.15,-1.6,-9.07405091138835));
#10030=CARTESIAN_POINT('',(193.15,-0.746687163967801,-4.23467333795249));
#10031=CARTESIAN_POINT('',(194.15,-0.746687163967801,-4.23467333795249));
#10032=CARTESIAN_POINT('',(193.15,-1.04188906600158,-5.90884651807325));
#10033=CARTESIAN_POINT('',(193.15,0.,0.));
#10034=CARTESIAN_POINT('',(187.85,-1.04188906600158,-5.90884651807325));
#10035=CARTESIAN_POINT('',(194.15,-1.04188906600158,-5.90884651807325));
#10036=CARTESIAN_POINT('',(187.85,-1.41217572548937,-8.00884651807328));
#10037=CARTESIAN_POINT('',(187.85,-0.139326243189464,-0.790158389996043));
#10038=CARTESIAN_POINT('',(184.45,-1.41217572548937,-8.00884651807328));
#10039=CARTESIAN_POINT('',(189.3,-1.41217572548936,-8.00884651807328));
#10040=CARTESIAN_POINT('',(184.45,-1.04188906600158,-5.90884651807325));
#10041=CARTESIAN_POINT('',(184.45,-0.327437322018582,-1.85698933142829));
#10042=CARTESIAN_POINT('',(171.85,-1.04188906600158,-5.90884651807325));
#10043=CARTESIAN_POINT('',(194.15,-1.04188906600158,-5.90884651807325));
#10044=CARTESIAN_POINT('',(171.85,-1.41217572548937,-8.00884651807328));
#10045=CARTESIAN_POINT('',(171.85,-0.327437322018582,-1.85698933142829));
#10046=CARTESIAN_POINT('',(168.45,-1.41217572548937,-8.00884651807328));
#10047=CARTESIAN_POINT('',(183.,-1.41217572548936,-8.00884651807328));
#10048=CARTESIAN_POINT('',(168.45,-1.04188906600158,-5.90884651807325));
#10049=CARTESIAN_POINT('',(168.45,-0.139326243189464,-0.790158389996043));
#10050=CARTESIAN_POINT('',(164.65,-1.04188906600158,-5.90884651807325));
#10051=CARTESIAN_POINT('',(194.15,-1.04188906600158,-5.90884651807325));
#10052=CARTESIAN_POINT('',(163.15,-0.97242979493481,-5.51492341686837));
#10053=CARTESIAN_POINT('',(163.9,-1.0071594304682,-5.71188496747081));
#10054=CARTESIAN_POINT('',(163.15,-0.746687163967801,-4.23467333795249));
#10055=CARTESIAN_POINT('',(163.15,0.,0.));
#10056=CARTESIAN_POINT('',(162.15,-0.746687163967801,-4.23467333795249));
#10057=CARTESIAN_POINT('',(162.15,-0.746687163967801,-4.23467333795249));
#10058=CARTESIAN_POINT('',(162.15,-1.6,-9.07405091138835));
#10059=CARTESIAN_POINT('',(162.15,0.,0.));
#10060=CARTESIAN_POINT('',(194.15,-1.6,-9.07405091138835));
#10061=CARTESIAN_POINT('Origin',(120.36136243425,12.4000000000009,-15.));
#10062=CARTESIAN_POINT('',(121.86136243425,12.4000000000009,-15.));
#10063=CARTESIAN_POINT('Origin',(120.36136243425,12.4000000000009,-15.));
#10064=CARTESIAN_POINT('',(121.86136243425,12.4000000000009,-5.00000000000001));
#10065=CARTESIAN_POINT('',(121.86136243425,12.4000000000009,-15.));
#10066=CARTESIAN_POINT('Origin',(120.36136243425,12.4000000000009,-5.00000000000001));
#10067=CARTESIAN_POINT('Origin',(120.36136243425,12.4000000000009,-5.00000000000001));
#10068=CARTESIAN_POINT('Origin',(113.98369623579,56.2586754241751,-15.));
#10069=CARTESIAN_POINT('',(115.48369623579,56.2586754241751,-15.));
#10070=CARTESIAN_POINT('Origin',(113.98369623579,56.2586754241751,-15.));
#10071=CARTESIAN_POINT('',(115.48369623579,56.2586754241751,-5.00000000000001));
#10072=CARTESIAN_POINT('',(115.48369623579,56.2586754241751,-15.));
#10073=CARTESIAN_POINT('Origin',(113.98369623579,56.2586754241751,-5.00000000000001));
#10074=CARTESIAN_POINT('Origin',(113.98369623579,56.2586754241751,-5.00000000000001));
#10075=CARTESIAN_POINT('Origin',(165.150790758473,12.4000000000009,-15.));
#10076=CARTESIAN_POINT('',(166.650790758473,12.4000000000009,-15.));
#10077=CARTESIAN_POINT('Origin',(165.150790758473,12.4000000000009,-15.));
#10078=CARTESIAN_POINT('',(166.650790758473,12.4000000000009,-5.00000000000001));
#10079=CARTESIAN_POINT('',(166.650790758473,12.4000000000009,-15.));
#10080=CARTESIAN_POINT('Origin',(165.150790758473,12.4000000000009,-5.00000000000001));
#10081=CARTESIAN_POINT('Origin',(165.150790758473,12.4000000000009,-5.00000000000001));
#10082=CARTESIAN_POINT('Origin',(171.528456956934,56.2586754241751,-15.));
#10083=CARTESIAN_POINT('',(173.028456956934,56.2586754241751,-15.));
#10084=CARTESIAN_POINT('Origin',(171.528456956934,56.2586754241751,-15.));
#10085=CARTESIAN_POINT('',(173.028456956934,56.2586754241751,-5.00000000000001));
#10086=CARTESIAN_POINT('',(173.028456956934,56.2586754241751,-15.));
#10087=CARTESIAN_POINT('Origin',(171.528456956934,56.2586754241751,-5.00000000000001));
#10088=CARTESIAN_POINT('Origin',(171.528456956934,56.2586754241751,-5.00000000000001));
#10089=CARTESIAN_POINT('Origin',(142.756076596362,34.3293377120864,-15.));
#10090=CARTESIAN_POINT('',(168.15,-1.6,-15.));
#10091=CARTESIAN_POINT('',(168.15,11.5151073488106,-15.));
#10092=CARTESIAN_POINT('',(168.15,11.5151073488106,-15.));
#10093=CARTESIAN_POINT('',(162.15,-1.59999999999827,-15.));
#10094=CARTESIAN_POINT('',(117.05,-1.60000000000228,-15.));
#10095=CARTESIAN_POINT('',(162.15,11.7,-15.));
#10096=CARTESIAN_POINT('',(162.15,16.3646688560432,-15.));
#10097=CARTESIAN_POINT('',(162.600055924144,25.,-15.));
#10098=CARTESIAN_POINT('Ctrl Pts',(162.15,11.7,-15.));
#10099=CARTESIAN_POINT('Ctrl Pts',(162.15,14.033478263688,-15.));
#10100=CARTESIAN_POINT('Ctrl Pts',(162.175518095241,16.544058697313,-15.));
#10101=CARTESIAN_POINT('Ctrl Pts',(162.252113060765,18.9129219073556,-15.));
#10102=CARTESIAN_POINT('Ctrl Pts',(162.317334508896,20.9300347544737,-15.));
#10103=CARTESIAN_POINT('Ctrl Pts',(162.422812235868,22.9666904434474,-15.));
#10104=CARTESIAN_POINT('Ctrl Pts',(162.600055924144,25.,-15.));
#10105=CARTESIAN_POINT('',(164.555356564333,37.4,-15.));
#10106=CARTESIAN_POINT('Ctrl Pts',(162.600055924144,25.0000000000002,-15.));
#10107=CARTESIAN_POINT('Ctrl Pts',(162.973237734205,29.2810784863935,-15.));
#10108=CARTESIAN_POINT('Ctrl Pts',(163.605639875032,32.9272833303081,-15.));
#10109=CARTESIAN_POINT('Ctrl Pts',(164.555356564333,37.4,-15.));
#10110=CARTESIAN_POINT('',(170.121481444082,70.1586754241751,-15.));
#10111=CARTESIAN_POINT('Ctrl Pts',(164.555356564333,37.4,-15.));
#10112=CARTESIAN_POINT('Ctrl Pts',(165.857993764376,43.5348054475894,-15.));
#10113=CARTESIAN_POINT('Ctrl Pts',(167.504636235528,50.0117885116497,-15.));
#10114=CARTESIAN_POINT('Ctrl Pts',(168.701147277108,57.5699417147627,-15.));
#10115=CARTESIAN_POINT('Ctrl Pts',(169.322014450079,61.4918522103823,-15.));
#10116=CARTESIAN_POINT('Ctrl Pts',(169.795189592606,65.5204506468351,-15.));
#10117=CARTESIAN_POINT('Ctrl Pts',(170.121481444082,70.1586754241751,-15.));
#10118=CARTESIAN_POINT('',(170.128486926573,70.2586754241751,-15.));
#10119=CARTESIAN_POINT('Ctrl Pts',(170.121481444086,70.1586754242196,-15.));
#10120=CARTESIAN_POINT('Ctrl Pts',(170.122653351683,70.175334040823,-15.));
#10121=CARTESIAN_POINT('Ctrl Pts',(170.123822823228,70.1919928264225,-15.));
#10122=CARTESIAN_POINT('Ctrl Pts',(170.126157985248,70.2253261615763,-15.));
#10123=CARTESIAN_POINT('Ctrl Pts',(170.127323670908,70.2420007069874,-15.));
#10124=CARTESIAN_POINT('Ctrl Pts',(170.128486926573,70.2586754241751,-15.));
#10125=CARTESIAN_POINT('',(176.154211130212,70.2586754241751,-15.));
#10126=CARTESIAN_POINT('',(109.357942062511,70.2586754241751,-15.));
#10127=CARTESIAN_POINT('',(176.147530651152,70.1586754241751,-15.));
#10128=CARTESIAN_POINT('Ctrl Pts',(176.147530651152,70.1586754241751,-15.));
#10129=CARTESIAN_POINT('Ctrl Pts',(176.149764745977,70.1919800148568,-15.));
#10130=CARTESIAN_POINT('Ctrl Pts',(176.151991572419,70.2253132985863,-15.));
#10131=CARTESIAN_POINT('Ctrl Pts',(176.154211130209,70.2586754241751,-15.));
#10132=CARTESIAN_POINT('',(170.424505991093,35.9688783696296,-15.));
#10133=CARTESIAN_POINT('Ctrl Pts',(170.424505991093,35.9688783696293,-15.));
#10134=CARTESIAN_POINT('Ctrl Pts',(171.691980613437,41.9380843776797,-15.));
#10135=CARTESIAN_POINT('Ctrl Pts',(173.380682171583,48.5719145343025,-15.));
#10136=CARTESIAN_POINT('Ctrl Pts',(174.627348271421,56.4468880058623,-15.));
#10137=CARTESIAN_POINT('Ctrl Pts',(175.301146419386,60.7031540109236,-15.));
#10138=CARTESIAN_POINT('Ctrl Pts',(175.80818557981,65.099915799686,-15.));
#10139=CARTESIAN_POINT('Ctrl Pts',(176.147530651152,70.1586754241751,-15.));
#10140=CARTESIAN_POINT('',(168.577389168712,24.2940629328688,-15.));
#10141=CARTESIAN_POINT('Ctrl Pts',(168.577389168712,24.2940629328688,-15.));
#10142=CARTESIAN_POINT('Ctrl Pts',(168.925240196801,28.2845504397023,-15.));
#10143=CARTESIAN_POINT('Ctrl Pts',(169.499995627955,31.6148718324548,-15.));
#10144=CARTESIAN_POINT('Ctrl Pts',(170.424505991093,35.9688783696296,-15.));
#10145=CARTESIAN_POINT('Ctrl Pts',(168.15,11.5151073488106,-15.));
#10146=CARTESIAN_POINT('Ctrl Pts',(168.15,13.8048430233549,-15.));
#10147=CARTESIAN_POINT('Ctrl Pts',(168.175418222241,16.2591004199227,-15.));
#10148=CARTESIAN_POINT('Ctrl Pts',(168.248979043655,18.5341262307549,-15.));
#10149=CARTESIAN_POINT('Ctrl Pts',(168.311663776124,20.4727857178466,-15.));
#10150=CARTESIAN_POINT('Ctrl Pts',(168.412362702829,22.4009072813071,-15.));
#10151=CARTESIAN_POINT('Ctrl Pts',(168.577389168712,24.2940629328688,-15.));
#10152=CARTESIAN_POINT('Origin',(142.756076596362,34.3293377120864,-15.));
#10153=CARTESIAN_POINT('',(117.349999999999,11.6999999999977,-15.));
#10154=CARTESIAN_POINT('',(117.35,-1.60000000000225,-15.));
#10155=CARTESIAN_POINT('',(116.922610831285,24.4789555840565,-15.));
#10156=CARTESIAN_POINT('Ctrl Pts',(116.922610831285,24.4789555840562,-15.));
#10157=CARTESIAN_POINT('Ctrl Pts',(117.087637297169,22.5857999324912,-15.));
#10158=CARTESIAN_POINT('Ctrl Pts',(117.188336223874,20.6576783690501,-15.));
#10159=CARTESIAN_POINT('Ctrl Pts',(117.251020956343,18.7190188819415,-15.));
#10160=CARTESIAN_POINT('Ctrl Pts',(117.324581777758,16.4439930710813,-15.));
#10161=CARTESIAN_POINT('Ctrl Pts',(117.349999999998,13.9897356744821,-15.));
#10162=CARTESIAN_POINT('Ctrl Pts',(117.349999999999,11.6999999999977,-15.));
#10163=CARTESIAN_POINT('',(115.075494145904,36.1537710424943,-15.));
#10164=CARTESIAN_POINT('Ctrl Pts',(115.075494145904,36.1537710424941,-15.));
#10165=CARTESIAN_POINT('Ctrl Pts',(116.000004457952,31.7997644944584,-15.));
#10166=CARTESIAN_POINT('Ctrl Pts',(116.574759850024,28.4694430949691,-15.));
#10167=CARTESIAN_POINT('Ctrl Pts',(116.922610831285,24.4789555840565,-15.));
#10168=CARTESIAN_POINT('',(109.364719873932,70.1586754241751,-15.));
#10169=CARTESIAN_POINT('Ctrl Pts',(109.364719873932,70.1586754241751,-15.));
#10170=CARTESIAN_POINT('Ctrl Pts',(109.665032615267,65.7459547378765,-15.));
#10171=CARTESIAN_POINT('Ctrl Pts',(110.093768385011,61.8359138074866,-15.));
#10172=CARTESIAN_POINT('Ctrl Pts',(110.651343935961,58.0753106340621,-15.));
#10173=CARTESIAN_POINT('Ctrl Pts',(110.72304153948,57.591741663251,-15.));
#10174=CARTESIAN_POINT('Ctrl Pts',(110.796819921682,57.1107994015614,-15.));
#10175=CARTESIAN_POINT('Ctrl Pts',(110.87265208872,56.631780724524,-15.));
#10176=CARTESIAN_POINT('Ctrl Pts',(112.119318102745,48.75680723939,-15.));
#10177=CARTESIAN_POINT('Ctrl Pts',(113.808019588605,42.1229770643567,-15.));
#10178=CARTESIAN_POINT('Ctrl Pts',(115.075494145904,36.1537710424943,-15.));
#10179=CARTESIAN_POINT('',(109.357942062511,70.2586754241751,-15.));
#10180=CARTESIAN_POINT('Ctrl Pts',(109.357942062512,70.2586754241751,-15.));
#10181=CARTESIAN_POINT('Ctrl Pts',(109.360194017677,70.2253133551872,-15.));
#10182=CARTESIAN_POINT('Ctrl Pts',(109.362453288091,70.1919800724767,-15.));
#10183=CARTESIAN_POINT('Ctrl Pts',(109.364719873932,70.1586754241751,-15.));
#10184=CARTESIAN_POINT('',(115.371513073421,70.2586754241751,-15.));
#10185=CARTESIAN_POINT('',(109.357942062511,70.2586754241751,-15.));
#10186=CARTESIAN_POINT('',(115.378518555911,70.1586754241751,-15.));
#10187=CARTESIAN_POINT('Ctrl Pts',(115.371513073421,70.258675424175,-15.));
#10188=CARTESIAN_POINT('Ctrl Pts',(115.372676329102,70.2420007067632,-15.));
#10189=CARTESIAN_POINT('Ctrl Pts',(115.373842014754,70.2253261614643,-15.));
#10190=CARTESIAN_POINT('Ctrl Pts',(115.376177176751,70.1919928266209,-15.));
#10191=CARTESIAN_POINT('Ctrl Pts',(115.377346648304,70.1753340409221,-15.));
#10192=CARTESIAN_POINT('Ctrl Pts',(115.378518555908,70.1586754242196,-15.));
#10193=CARTESIAN_POINT('',(120.944643435663,37.4,-15.));
#10194=CARTESIAN_POINT('Ctrl Pts',(115.378518555911,70.1586754241751,-15.));
#10195=CARTESIAN_POINT('Ctrl Pts',(115.704810407385,65.5204506468806,-15.));
#10196=CARTESIAN_POINT('Ctrl Pts',(116.17798554991,61.4918522104157,-15.));
#10197=CARTESIAN_POINT('Ctrl Pts',(116.798852722887,57.5699417147616,-15.));
#10198=CARTESIAN_POINT('Ctrl Pts',(117.995363764465,50.0117885116599,-15.));
#10199=CARTESIAN_POINT('Ctrl Pts',(119.642006235619,43.5348054475899,-15.));
#10200=CARTESIAN_POINT('Ctrl Pts',(120.944643435663,37.4,-15.));
#10201=CARTESIAN_POINT('',(122.899944075853,24.9999999999984,-15.));
#10202=CARTESIAN_POINT('Ctrl Pts',(120.944643435663,37.4,-15.));
#10203=CARTESIAN_POINT('Ctrl Pts',(121.894360124968,32.9272833302957,-15.));
#10204=CARTESIAN_POINT('Ctrl Pts',(122.526762265793,29.2810784863878,-15.));
#10205=CARTESIAN_POINT('Ctrl Pts',(122.899944075853,24.9999999999984,-15.));
#10206=CARTESIAN_POINT('',(123.349999999999,11.6999999999983,-15.));
#10207=CARTESIAN_POINT('Ctrl Pts',(122.899944075853,24.9999999999982,-15.));
#10208=CARTESIAN_POINT('Ctrl Pts',(123.07718776413,22.9666904434441,-15.));
#10209=CARTESIAN_POINT('Ctrl Pts',(123.182665491101,20.9300347544876,-15.));
#10210=CARTESIAN_POINT('Ctrl Pts',(123.247886939233,18.9129219073539,-15.));
#10211=CARTESIAN_POINT('Ctrl Pts',(123.324481904758,16.5440586972802,-15.));
#10212=CARTESIAN_POINT('Ctrl Pts',(123.349999999998,14.0334782636252,-15.));
#10213=CARTESIAN_POINT('Ctrl Pts',(123.349999999999,11.6999999999983,-15.));
#10214=CARTESIAN_POINT('',(123.349999999998,23.0146688560415,-15.));
#10215=CARTESIAN_POINT('Ctrl Pts',(93.6866786178907,77.6296138461342,17.5727244159797));
#10216=CARTESIAN_POINT('Ctrl Pts',(97.4754769480534,72.2575757220588,17.5727244159797));
#10217=CARTESIAN_POINT('Ctrl Pts',(103.922629065141,60.8800067279306,17.5727244159797));
#10218=CARTESIAN_POINT('Ctrl Pts',(108.714833050973,45.2125884374464,17.5727244159797));
#10219=CARTESIAN_POINT('Ctrl Pts',(111.368261058773,28.7311567381883,17.5727244159797));
#10220=CARTESIAN_POINT('Ctrl Pts',(111.889763799935,18.5385019130863,17.5727244159797));
#10221=CARTESIAN_POINT('Ctrl Pts',(111.889763799935,11.699999999997,17.5727244159797));
#10222=CARTESIAN_POINT('Ctrl Pts',(96.0971593139889,79.3296809389823,18.5166238170708));
#10223=CARTESIAN_POINT('Ctrl Pts',(99.9954539703633,73.8023908358894,18.5166238170708));
#10224=CARTESIAN_POINT('Ctrl Pts',(106.656655146144,62.0511747038,18.5166238170708));
#10225=CARTESIAN_POINT('Ctrl Pts',(111.59685479156,45.88452230093,18.5166238170708));
#10226=CARTESIAN_POINT('Ctrl Pts',(114.311113588985,29.005694696142,18.5166238170708));
#10227=CARTESIAN_POINT('Ctrl Pts',(114.839449428344,18.6424791383902,18.5166238170708));
#10228=CARTESIAN_POINT('Ctrl Pts',(114.839449428345,11.6999999999973,18.5166238170708));
#10229=CARTESIAN_POINT('Ctrl Pts',(98.6276629624165,81.1143979823453,19.));
#10230=CARTESIAN_POINT('Ctrl Pts',(102.640913180851,75.4241153924147,19.));
#10231=CARTESIAN_POINT('Ctrl Pts',(109.52681203686,63.2806629945037,19.));
#10232=CARTESIAN_POINT('Ctrl Pts',(114.622381041926,46.5899143246336,19.));
#10233=CARTESIAN_POINT('Ctrl Pts',(117.400497809283,29.2938952028092,19.));
#10234=CARTESIAN_POINT('Ctrl Pts',(117.936006167624,18.7516404298212,19.));
#10235=CARTESIAN_POINT('Ctrl Pts',(117.936006167624,11.6999999999976,19.));
#10236=CARTESIAN_POINT('Ctrl Pts',(101.158552905922,82.8993874724241,19.));
#10237=CARTESIAN_POINT('Ctrl Pts',(105.286778727454,77.0460839799913,19.));
#10238=CARTESIAN_POINT('Ctrl Pts',(112.397406324833,64.5103408385902,19.));
#10239=CARTESIAN_POINT('Ctrl Pts',(117.648370032507,47.2954144281217,19.));
#10240=CARTESIAN_POINT('Ctrl Pts',(120.490353923213,29.58213717841,19.));
#10241=CARTESIAN_POINT('Ctrl Pts',(121.033035613048,18.8608207521332,19.));
#10242=CARTESIAN_POINT('Ctrl Pts',(121.033035613049,11.6999999999979,19.));
#10243=CARTESIAN_POINT('',(121.033035613049,11.6999999999979,19.));
#10244=CARTESIAN_POINT('Origin',(121.033035613049,11.6999999999979,-11.));
#10245=CARTESIAN_POINT('Ctrl Pts',(121.033035613049,11.6999999999979,19.));
#10246=CARTESIAN_POINT('Ctrl Pts',(121.033035613048,18.8608207521332,19.));
#10247=CARTESIAN_POINT('Ctrl Pts',(120.490353923213,29.58213717841,19.));
#10248=CARTESIAN_POINT('Ctrl Pts',(117.648370032507,47.2954144281217,19.));
#10249=CARTESIAN_POINT('Ctrl Pts',(113.156146814225,62.0228618886889,19.));
#10250=CARTESIAN_POINT('Ctrl Pts',(107.760483226407,72.4773596994116,19.));
#10251=CARTESIAN_POINT('Ctrl Pts',(105.400808339619,76.3987473964334,19.));
#10252=CARTESIAN_POINT('Origin',(121.03303561305,-2.79038697810416E-12,
-11.));
#10253=CARTESIAN_POINT('',(121.03303561305,-2.79038697810416E-12,19.));
#10254=CARTESIAN_POINT('Origin',(162.15,0.,19.));
#10255=CARTESIAN_POINT('',(164.46696438695,11.6999999999995,19.));
#10256=CARTESIAN_POINT('',(164.46696438695,0.,19.));
#10257=CARTESIAN_POINT('Ctrl Pts',(180.094993088766,76.4012747651898,19.));
#10258=CARTESIAN_POINT('Ctrl Pts',(179.582022563934,75.5499419127065,19.));
#10259=CARTESIAN_POINT('Ctrl Pts',(175.473064716502,68.5020551288872,19.));
#10260=CARTESIAN_POINT('Ctrl Pts',(169.402181827864,54.3503893969849,19.));
#10261=CARTESIAN_POINT('Ctrl Pts',(165.180664553906,33.1559456153555,19.));
#10262=CARTESIAN_POINT('Ctrl Pts',(164.46696438695,18.8608207521305,19.));
#10263=CARTESIAN_POINT('Ctrl Pts',(164.46696438695,11.6999999999995,19.));
#10264=CARTESIAN_POINT('Ctrl Pts',(184.341447094067,82.8993874724227,19.));
#10265=CARTESIAN_POINT('Ctrl Pts',(182.277334183303,79.9727357262077,19.));
#10266=CARTESIAN_POINT('Ctrl Pts',(176.498509733049,70.892441398368,19.));
#10267=CARTESIAN_POINT('Ctrl Pts',(169.402181827864,54.3503893969849,19.));
#10268=CARTESIAN_POINT('Ctrl Pts',(165.180664553906,33.1559456153555,19.));
#10269=CARTESIAN_POINT('Ctrl Pts',(164.46696438695,18.8608207521305,19.));
#10270=CARTESIAN_POINT('Ctrl Pts',(164.46696438695,11.6999999999995,19.));
#10271=CARTESIAN_POINT('Ctrl Pts',(186.872337037573,81.1143979823443,19.));
#10272=CARTESIAN_POINT('Ctrl Pts',(184.865711928357,78.2692566873806,19.));
#10273=CARTESIAN_POINT('Ctrl Pts',(179.257959840907,69.4539089973024,19.));
#10274=CARTESIAN_POINT('Ctrl Pts',(172.389117466259,53.4474530692738,19.));
#10275=CARTESIAN_POINT('Ctrl Pts',(168.269208247542,32.8106480476474,19.));
#10276=CARTESIAN_POINT('Ctrl Pts',(167.563993832374,18.7516404297933,19.));
#10277=CARTESIAN_POINT('Ctrl Pts',(167.563993832374,11.6999999999996,19.));
#10278=CARTESIAN_POINT('Ctrl Pts',(189.402840686,79.3296809389816,18.5166238170708));
#10279=CARTESIAN_POINT('Ctrl Pts',(187.453693357815,76.566035887437,18.5166238170708));
#10280=CARTESIAN_POINT('Ctrl Pts',(182.016988506485,68.0155968338645,18.5166238170708));
#10281=CARTESIAN_POINT('Ctrl Pts',(175.375595999979,52.544654480414,18.5166238170708));
#10282=CARTESIAN_POINT('Ctrl Pts',(171.357279923214,32.4654005600966,18.5166238170708));
#10283=CARTESIAN_POINT('Ctrl Pts',(170.660550571654,18.6424791383373,18.5166238170708));
#10284=CARTESIAN_POINT('Ctrl Pts',(170.660550571654,11.6999999999996,18.5166238170708));
#10285=CARTESIAN_POINT('Ctrl Pts',(191.813321382099,77.6296138461339,17.5727244159797));
#10286=CARTESIAN_POINT('Ctrl Pts',(189.918922217019,74.9435947840982,17.5727244159797));
#10287=CARTESIAN_POINT('Ctrl Pts',(184.645154454997,66.6455063210468,17.5727244159797));
#10288=CARTESIAN_POINT('Ctrl Pts',(178.220421182275,51.6846758292696,17.5727244159797));
#10289=CARTESIAN_POINT('Ctrl Pts',(174.298881272244,32.136521118747,17.5727244159797));
#10290=CARTESIAN_POINT('Ctrl Pts',(173.610236200063,18.5385019130094,17.5727244159797));
#10291=CARTESIAN_POINT('Ctrl Pts',(173.610236200063,11.6999999999996,17.5727244159797));
#10292=CARTESIAN_POINT('Origin',(164.46696438695,11.6999999999995,-11.));
#10293=CARTESIAN_POINT('Origin',(164.46696438695,0.,-11.));
#10294=CARTESIAN_POINT('',(173.610236200063,0.,17.5727244159797));
#10295=CARTESIAN_POINT('Origin',(181.65,0.,15.));
#10296=CARTESIAN_POINT('Origin',(123.35,-1.72306613422228E-12,-19.));
#10297=CARTESIAN_POINT('',(123.349999999999,11.6999999999983,-12.));
#10298=CARTESIAN_POINT('',(123.349999999999,11.6999999999983,12.));
#10299=CARTESIAN_POINT('',(123.349999999999,11.6999999999983,-19.));
#10300=CARTESIAN_POINT('',(123.349999999998,18.6999999999992,12.));
#10301=CARTESIAN_POINT('',(123.35,-0.746687163969523,4.23467333795249));
#10302=CARTESIAN_POINT('',(123.35,-1.72306613422228E-12,-8.81856714239713E-28));
#10303=CARTESIAN_POINT('Origin',(123.35,-1.72306613422228E-12,-8.81856714239713E-28));
#10304=CARTESIAN_POINT('',(123.349999999999,11.6999999999983,-19.));
#10305=CARTESIAN_POINT('Ctrl Pts',(123.349999999999,11.6999999999983,-19.));
#10306=CARTESIAN_POINT('Ctrl Pts',(123.349999999999,11.6999999999983,19.));
#10307=CARTESIAN_POINT('Ctrl Pts',(123.349999999999,12.8637396877094,-19.));
#10308=CARTESIAN_POINT('Ctrl Pts',(123.349999999999,12.8637396877094,19.));
#10309=CARTESIAN_POINT('Ctrl Pts',(123.33942205815,15.1129663796256,-19.));
#10310=CARTESIAN_POINT('Ctrl Pts',(123.33942205815,15.1129663796256,19.));
#10311=CARTESIAN_POINT('Ctrl Pts',(123.296279596255,17.9576761412434,-19.));
#10312=CARTESIAN_POINT('Ctrl Pts',(123.296279596255,17.9576761412434,19.));
#10313=CARTESIAN_POINT('Ctrl Pts',(123.20967356168,20.5386692732994,-19.));
#10314=CARTESIAN_POINT('Ctrl Pts',(123.20967356168,20.5386692732994,19.));
#10315=CARTESIAN_POINT('Ctrl Pts',(123.067595137409,22.9333241830032,-19.));
#10316=CARTESIAN_POINT('Ctrl Pts',(123.067595137409,22.9333241830032,19.));
#10317=CARTESIAN_POINT('Ctrl Pts',(122.952614386547,24.39577512112,-19.));
#10318=CARTESIAN_POINT('Ctrl Pts',(122.952614386547,24.39577512112,19.));
#10319=CARTESIAN_POINT('Ctrl Pts',(122.899944075853,24.9999999999982,-19.));
#10320=CARTESIAN_POINT('Ctrl Pts',(122.899944075853,24.9999999999982,19.));
#10321=CARTESIAN_POINT('',(123.247886939233,18.9129219073539,-12.));
#10322=CARTESIAN_POINT('Ctrl Pts',(123.349999999999,11.6999999999983,-12.));
#10323=CARTESIAN_POINT('Ctrl Pts',(123.349999999999,12.0879516787907,-12.));
#10324=CARTESIAN_POINT('Ctrl Pts',(123.349295418319,12.4706810375707,-12.));
#10325=CARTESIAN_POINT('Ctrl Pts',(123.347881596793,12.8482152652091,-12.));
#10326=CARTESIAN_POINT('Ctrl Pts',(123.346441272898,13.2328264479186,-12.));
#10327=CARTESIAN_POINT('Ctrl Pts',(123.344264832921,13.6120460371599,-12.));
#10328=CARTESIAN_POINT('Ctrl Pts',(123.341338284267,13.9859569469148,-12.));
#10329=CARTESIAN_POINT('Ctrl Pts',(123.338351271733,14.3675930328513,-12.));
#10330=CARTESIAN_POINT('Ctrl Pts',(123.334582792707,14.7436989599372,-12.));
#10331=CARTESIAN_POINT('Ctrl Pts',(123.330009217898,15.1144166971757,-12.));
#10332=CARTESIAN_POINT('Ctrl Pts',(123.325271398442,15.4984475224448,-12.));
#10333=CARTESIAN_POINT('Ctrl Pts',(123.31966958679,15.8766962718852,-12.));
#10334=CARTESIAN_POINT('Ctrl Pts',(123.313168776149,16.2493765141222,-12.));
#10335=CARTESIAN_POINT('Ctrl Pts',(123.30651478547,16.6308383032888,-12.));
#10336=CARTESIAN_POINT('Ctrl Pts',(123.298918865495,17.0064662960547,-12.));
#10337=CARTESIAN_POINT('Ctrl Pts',(123.290335262164,17.3765445302472,-12.));
#10338=CARTESIAN_POINT('Ctrl Pts',(123.281399883606,17.7617893966081,-12.));
#10339=CARTESIAN_POINT('Ctrl Pts',(123.271394136775,18.1410204581843,-12.));
#10340=CARTESIAN_POINT('Ctrl Pts',(123.26025861376,18.5146143003152,-12.));
#10341=CARTESIAN_POINT('Ctrl Pts',(123.256279980317,18.6480963965061,-12.));
#10342=CARTESIAN_POINT('Ctrl Pts',(123.252157057872,18.7808593510388,-12.));
#10343=CARTESIAN_POINT('Ctrl Pts',(123.247886939233,18.9129219073539,-12.));
#10344=CARTESIAN_POINT('',(122.899944075853,24.9999999999984,-12.));
#10345=CARTESIAN_POINT('Ctrl Pts',(123.247886939233,18.9129219073539,-12.));
#10346=CARTESIAN_POINT('Ctrl Pts',(123.235114447158,19.3079385558982,-12.));
#10347=CARTESIAN_POINT('Ctrl Pts',(123.221025423993,19.6966847923306,-12.));
#10348=CARTESIAN_POINT('Ctrl Pts',(123.205537835292,20.0797006874984,-12.));
#10349=CARTESIAN_POINT('Ctrl Pts',(123.189162907088,20.4846609369986,-12.));
#10350=CARTESIAN_POINT('Ctrl Pts',(123.17122438506,20.8832158339844,-12.));
#10351=CARTESIAN_POINT('Ctrl Pts',(123.151620347059,21.2760621588865,-12.));
#10352=CARTESIAN_POINT('Ctrl Pts',(123.129625866554,21.7168106839368,-12.));
#10353=CARTESIAN_POINT('Ctrl Pts',(123.105534607409,22.1503739272096,-12.));
#10354=CARTESIAN_POINT('Ctrl Pts',(123.079200566146,22.5778023288018,-12.));
#10355=CARTESIAN_POINT('Ctrl Pts',(123.049503831036,23.0598106880029,-12.));
#10356=CARTESIAN_POINT('Ctrl Pts',(123.016954272774,23.5340185412459,-12.));
#10357=CARTESIAN_POINT('Ctrl Pts',(122.98134842539,24.0020006462726,-12.));
#10358=CARTESIAN_POINT('Ctrl Pts',(122.955809347634,24.3376711118394,-12.));
#10359=CARTESIAN_POINT('Ctrl Pts',(122.928697968914,24.6701402113853,-12.));
#10360=CARTESIAN_POINT('Ctrl Pts',(122.899944075853,24.9999999999982,-12.));
#10361=CARTESIAN_POINT('',(122.899944075853,24.9999999999984,12.));
#10362=CARTESIAN_POINT('',(122.899944075853,24.9999999999984,-19.));
#10363=CARTESIAN_POINT('Ctrl Pts',(122.899944075853,24.9999999999982,12.));
#10364=CARTESIAN_POINT('Ctrl Pts',(123.07718776413,22.9666904434441,12.));
#10365=CARTESIAN_POINT('Ctrl Pts',(123.182665491101,20.9300347544876,12.));
#10366=CARTESIAN_POINT('Ctrl Pts',(123.324481904758,16.5440586972802,12.));
#10367=CARTESIAN_POINT('Ctrl Pts',(123.349999999998,14.0334782636252,12.));
#10368=CARTESIAN_POINT('Ctrl Pts',(123.349999999999,11.6999999999983,12.));
#10369=CARTESIAN_POINT('Ctrl Pts',(114.834872936719,88.3999999999975,-19.));
#10370=CARTESIAN_POINT('Ctrl Pts',(114.834872936719,88.3999999999975,19.));
#10371=CARTESIAN_POINT('Ctrl Pts',(114.834872936719,86.8700155414761,-19.));
#10372=CARTESIAN_POINT('Ctrl Pts',(114.834872936719,86.8700155414761,19.));
#10373=CARTESIAN_POINT('Ctrl Pts',(114.848975715711,83.8845271911677,-19.));
#10374=CARTESIAN_POINT('Ctrl Pts',(114.848975715711,83.8845271911677,19.));
#10375=CARTESIAN_POINT('Ctrl Pts',(114.912437480443,79.6297345190813,-19.));
#10376=CARTESIAN_POINT('Ctrl Pts',(114.912437480443,79.6297345190813,19.));
#10377=CARTESIAN_POINT('Ctrl Pts',(115.084447867426,74.3836028766444,-19.));
#10378=CARTESIAN_POINT('Ctrl Pts',(115.084447867426,74.3836028766444,19.));
#10379=CARTESIAN_POINT('Ctrl Pts',(115.458684896264,68.4237555925103,-19.));
#10380=CARTESIAN_POINT('Ctrl Pts',(115.458684896264,68.4237555925103,19.));
#10381=CARTESIAN_POINT('Ctrl Pts',(116.005011828346,62.9165627240366,-19.));
#10382=CARTESIAN_POINT('Ctrl Pts',(116.005011828346,62.9165627240366,19.));
#10383=CARTESIAN_POINT('Ctrl Pts',(116.727534383351,57.7165375382042,-19.));
#10384=CARTESIAN_POINT('Ctrl Pts',(116.727534383351,57.7165375382042,19.));
#10385=CARTESIAN_POINT('Ctrl Pts',(117.613660264684,52.7058781637317,-19.));
#10386=CARTESIAN_POINT('Ctrl Pts',(117.613660264684,52.7058781637317,19.));
#10387=CARTESIAN_POINT('Ctrl Pts',(118.623644182001,47.8269872157421,-19.));
#10388=CARTESIAN_POINT('Ctrl Pts',(118.623644182001,47.8269872157421,19.));
#10389=CARTESIAN_POINT('Ctrl Pts',(119.684014160357,43.1026160710672,-19.));
#10390=CARTESIAN_POINT('Ctrl Pts',(119.684014160357,43.1026160710672,19.));
#10391=CARTESIAN_POINT('Ctrl Pts',(120.707385502303,38.5839928182435,-19.));
#10392=CARTESIAN_POINT('Ctrl Pts',(120.707385502303,38.5839928182435,19.));
#10393=CARTESIAN_POINT('Ctrl Pts',(121.609848715778,34.3039253645804,-19.));
#10394=CARTESIAN_POINT('Ctrl Pts',(121.609848715778,34.3039253645804,19.));
#10395=CARTESIAN_POINT('Ctrl Pts',(122.223875596981,30.8196015998258,-19.));
#10396=CARTESIAN_POINT('Ctrl Pts',(122.223875596981,30.8196015998258,19.));
#10397=CARTESIAN_POINT('Ctrl Pts',(122.582886050305,28.1802926838594,-19.));
#10398=CARTESIAN_POINT('Ctrl Pts',(122.582886050305,28.1802926838594,19.));
#10399=CARTESIAN_POINT('Ctrl Pts',(122.782207298003,26.3087965348934,-19.));
#10400=CARTESIAN_POINT('Ctrl Pts',(122.782207298003,26.3087965348934,19.));
#10401=CARTESIAN_POINT('Ctrl Pts',(122.879323592995,25.2365546850381,-19.));
#10402=CARTESIAN_POINT('Ctrl Pts',(122.879323592995,25.2365546850381,19.));
#10403=CARTESIAN_POINT('Ctrl Pts',(122.899944075853,24.9999999999984,-19.));
#10404=CARTESIAN_POINT('Ctrl Pts',(122.899944075853,24.9999999999984,19.));
#10405=CARTESIAN_POINT('',(120.944643435663,37.4,-12.));
#10406=CARTESIAN_POINT('Ctrl Pts',(122.899944075853,24.9999999999984,-12.));
#10407=CARTESIAN_POINT('Ctrl Pts',(122.856713578625,25.4959329384463,-12.));
#10408=CARTESIAN_POINT('Ctrl Pts',(122.809768190723,25.985970469272,-12.));
#10409=CARTESIAN_POINT('Ctrl Pts',(122.75889717547,26.4721194574895,-12.));
#10410=CARTESIAN_POINT('Ctrl Pts',(122.717613221352,26.8666496712841,-12.));
#10411=CARTESIAN_POINT('Ctrl Pts',(122.673744097595,27.2586201855558,-12.));
#10412=CARTESIAN_POINT('Ctrl Pts',(122.627200256434,27.6490729290066,-12.));
#10413=CARTESIAN_POINT('Ctrl Pts',(122.585330068634,28.0003187498831,-12.));
#10414=CARTESIAN_POINT('Ctrl Pts',(122.541295362826,28.3503369108002,-12.));
#10415=CARTESIAN_POINT('Ctrl Pts',(122.495050630193,28.6998465763714,-12.));
#10416=CARTESIAN_POINT('Ctrl Pts',(122.451854962996,29.026311934396,-12.));
#10417=CARTESIAN_POINT('Ctrl Pts',(122.406731066977,29.352334029923,-12.));
#10418=CARTESIAN_POINT('Ctrl Pts',(122.359660168048,29.6784559750135,-12.));
#10419=CARTESIAN_POINT('Ctrl Pts',(122.314414401397,29.9919328314772,-12.));
#10420=CARTESIAN_POINT('Ctrl Pts',(122.267369630322,30.305502320689,-12.));
#10421=CARTESIAN_POINT('Ctrl Pts',(122.218527409405,30.6196000432005,-12.));
#10422=CARTESIAN_POINT('Ctrl Pts',(122.1709690934,30.9254411467213,-12.));
#10423=CARTESIAN_POINT('Ctrl Pts',(122.121706633593,31.2317830344499,-12.));
#10424=CARTESIAN_POINT('Ctrl Pts',(122.07075927063,31.5389799660345,-12.));
#10425=CARTESIAN_POINT('Ctrl Pts',(122.020166533982,31.8440386099947,-12.));
#10426=CARTESIAN_POINT('Ctrl Pts',(121.967912275449,32.1499404917632,-12.));
#10427=CARTESIAN_POINT('Ctrl Pts',(121.914032738206,32.4569845500051,-12.));
#10428=CARTESIAN_POINT('Ctrl Pts',(121.860516083264,32.7619606458918,-12.));
#10429=CARTESIAN_POINT('Ctrl Pts',(121.805395974984,33.0680636383173,-12.));
#10430=CARTESIAN_POINT('Ctrl Pts',(121.748725059451,33.375538154488,-12.));
#10431=CARTESIAN_POINT('Ctrl Pts',(121.692423817654,33.6810069636403,-12.));
#10432=CARTESIAN_POINT('Ctrl Pts',(121.634591940862,33.9878295129414,-12.));
#10433=CARTESIAN_POINT('Ctrl Pts',(121.575297925955,34.2961970456908,-12.));
#10434=CARTESIAN_POINT('Ctrl Pts',(121.514864352142,34.6104910276545,-12.));
#10435=CARTESIAN_POINT('Ctrl Pts',(121.452911897706,34.9263900023704,-12.));
#10436=CARTESIAN_POINT('Ctrl Pts',(121.389530969257,35.2440439350732,-12.));
#10437=CARTESIAN_POINT('Ctrl Pts',(121.324523678178,35.5698489078111,-12.));
#10438=CARTESIAN_POINT('Ctrl Pts',(121.258013752729,35.8974998183291,-12.));
#10439=CARTESIAN_POINT('Ctrl Pts',(121.190116486567,36.227105880054,-12.));
#10440=CARTESIAN_POINT('Ctrl Pts',(121.119354536581,36.5706184980642,-12.));
#10441=CARTESIAN_POINT('Ctrl Pts',(121.047085785051,36.9162545358724,-12.));
#10442=CARTESIAN_POINT('Ctrl Pts',(120.973458551214,37.2640843830771,-12.));
#10443=CARTESIAN_POINT('Ctrl Pts',(120.963876383782,37.309352467456,-12.));
#10444=CARTESIAN_POINT('Ctrl Pts',(120.954271229684,37.3546576412792,-12.));
#10445=CARTESIAN_POINT('Ctrl Pts',(120.944643435663,37.4,-12.));
#10446=CARTESIAN_POINT('',(120.73009044131,38.4,-12.));
#10447=CARTESIAN_POINT('Ctrl Pts',(120.944643435663,37.4,-12.));
#10448=CARTESIAN_POINT('Ctrl Pts',(120.87428837561,37.7313390755799,-12.));
#10449=CARTESIAN_POINT('Ctrl Pts',(120.802723455707,38.0646665527267,-12.));
#10450=CARTESIAN_POINT('Ctrl Pts',(120.73009044131,38.4,-12.));
#10451=CARTESIAN_POINT('',(116.798852722932,57.5699417144746,-12.));
#10452=CARTESIAN_POINT('Ctrl Pts',(120.73009044131,38.4,-12.));
#10453=CARTESIAN_POINT('Ctrl Pts',(119.457165274795,44.2768645051224,-12.));
#10454=CARTESIAN_POINT('Ctrl Pts',(117.93109656372,50.4177532979401,-12.));
#10455=CARTESIAN_POINT('Ctrl Pts',(116.798852722932,57.5699417144746,-12.));
#10456=CARTESIAN_POINT('Ctrl Pts',(116.798852722932,57.5699417144746,-12.));
#10457=CARTESIAN_POINT('Ctrl Pts',(116.767826132256,57.7659313188747,-12.));
#10458=CARTESIAN_POINT('Ctrl Pts',(116.737097386533,57.962680654041,-12.));
#10459=CARTESIAN_POINT('Ctrl Pts',(116.127572278901,61.9205998004568,-12.));
#10460=CARTESIAN_POINT('Ctrl Pts',(115.683483622621,65.8047244374233,-12.));
#10461=CARTESIAN_POINT('Ctrl Pts',(115.372575516545,70.2586754242183,-12.));
#10462=CARTESIAN_POINT('',(120.944643435663,37.4,12.));
#10463=CARTESIAN_POINT('Ctrl Pts',(114.867181415205,83.3999999999975,12.));
#10464=CARTESIAN_POINT('Ctrl Pts',(114.875785520589,82.7586801916399,12.));
#10465=CARTESIAN_POINT('Ctrl Pts',(114.886123958673,82.126097542091,12.));
#10466=CARTESIAN_POINT('Ctrl Pts',(114.898225473512,81.5020281923257,12.));
#10467=CARTESIAN_POINT('Ctrl Pts',(114.910445981336,80.8718224310586,12.));
#10468=CARTESIAN_POINT('Ctrl Pts',(114.924464516724,80.2502977434124,12.));
#10469=CARTESIAN_POINT('Ctrl Pts',(114.940317017437,79.6371640976811,12.));
#10470=CARTESIAN_POINT('Ctrl Pts',(114.956830344293,78.998471409293,12.));
#10471=CARTESIAN_POINT('Ctrl Pts',(114.975333828377,78.3688837018754,12.));
#10472=CARTESIAN_POINT('Ctrl Pts',(114.995873339228,77.7480137203059,12.));
#10473=CARTESIAN_POINT('Ctrl Pts',(115.017483644161,77.0947756893581,12.));
#10474=CARTESIAN_POINT('Ctrl Pts',(115.041347945044,76.4511877668844,12.));
#10475=CARTESIAN_POINT('Ctrl Pts',(115.067523409656,75.8167382165584,12.));
#10476=CARTESIAN_POINT('Ctrl Pts',(115.095493156842,75.1387982530064,12.));
#10477=CARTESIAN_POINT('Ctrl Pts',(115.126102007895,74.4712920453076,12.));
#10478=CARTESIAN_POINT('Ctrl Pts',(115.159420931321,73.8135327345342,12.));
#10479=CARTESIAN_POINT('Ctrl Pts',(115.195935908027,73.0926791341821,12.));
#10480=CARTESIAN_POINT('Ctrl Pts',(115.235706268046,72.3835314008395,12.));
#10481=CARTESIAN_POINT('Ctrl Pts',(115.278821393846,71.6851204877574,12.));
#10482=CARTESIAN_POINT('Ctrl Pts',(115.328541015044,70.879725040209,12.));
#10483=CARTESIAN_POINT('Ctrl Pts',(115.382709785393,70.0886062734365,12.));
#10484=CARTESIAN_POINT('Ctrl Pts',(115.441446190044,69.3102109983202,12.));
#10485=CARTESIAN_POINT('Ctrl Pts',(115.500045764401,68.5336290458805,12.));
#10486=CARTESIAN_POINT('Ctrl Pts',(115.563192635308,67.7697078148536,12.));
#10487=CARTESIAN_POINT('Ctrl Pts',(115.63097128574,67.0168853138,12.));
#10488=CARTESIAN_POINT('Ctrl Pts',(115.694513770519,66.3111142190623,12.));
#10489=CARTESIAN_POINT('Ctrl Pts',(115.76212747332,65.6150955461436,12.));
#10490=CARTESIAN_POINT('Ctrl Pts',(115.833844719431,64.9275661939997,12.));
#10491=CARTESIAN_POINT('Ctrl Pts',(115.896231870955,64.3294813511681,12.));
#10492=CARTESIAN_POINT('Ctrl Pts',(115.961724019262,63.7378200999088,12.));
#10493=CARTESIAN_POINT('Ctrl Pts',(116.030314225271,63.1517864300435,12.));
#10494=CARTESIAN_POINT('Ctrl Pts',(116.093932801862,62.6082302857941,12.));
#10495=CARTESIAN_POINT('Ctrl Pts',(116.16021656737,62.0695150427512,12.));
#10496=CARTESIAN_POINT('Ctrl Pts',(116.229135778425,61.53504489099,12.));
#10497=CARTESIAN_POINT('Ctrl Pts',(116.294085639228,61.0313571466167,12.));
#10498=CARTESIAN_POINT('Ctrl Pts',(116.361376129504,60.5314392590473,12.));
#10499=CARTESIAN_POINT('Ctrl Pts',(116.430959946491,60.0348343887624,12.));
#10500=CARTESIAN_POINT('Ctrl Pts',(116.49744040639,59.5603775165446,12.));
#10501=CARTESIAN_POINT('Ctrl Pts',(116.566014218233,59.0889444868831,12.));
#10502=CARTESIAN_POINT('Ctrl Pts',(116.636618735119,58.6201803965858,12.));
#10503=CARTESIAN_POINT('Ctrl Pts',(116.704701749832,58.168157298563,12.));
#10504=CARTESIAN_POINT('Ctrl Pts',(116.774673040993,57.7186157065812,12.));
#10505=CARTESIAN_POINT('Ctrl Pts',(116.846455684763,57.2712821121255,12.));
#10506=CARTESIAN_POINT('Ctrl Pts',(116.917773861172,56.8268429757602,12.));
#10507=CARTESIAN_POINT('Ctrl Pts',(116.990880099117,56.3845831095554,12.));
#10508=CARTESIAN_POINT('Ctrl Pts',(117.06567717325,55.9442829791163,12.));
#10509=CARTESIAN_POINT('Ctrl Pts',(117.137407070613,55.5220380780773,12.));
#10510=CARTESIAN_POINT('Ctrl Pts',(117.210691911886,55.1015955705871,12.));
#10511=CARTESIAN_POINT('Ctrl Pts',(117.285426018411,54.6828073636962,12.));
#10512=CARTESIAN_POINT('Ctrl Pts',(117.359050400473,54.2702377300879,12.));
#10513=CARTESIAN_POINT('Ctrl Pts',(117.434081347091,53.8592735351169,12.));
#10514=CARTESIAN_POINT('Ctrl Pts',(117.510398254661,53.4498186885503,12.));
#10515=CARTESIAN_POINT('Ctrl Pts',(117.587050263453,53.038565959652,12.));
#10516=CARTESIAN_POINT('Ctrl Pts',(117.664999626523,52.6288356397767,12.));
#10517=CARTESIAN_POINT('Ctrl Pts',(117.744103420532,52.2205793239976,12.));
#10518=CARTESIAN_POINT('Ctrl Pts',(117.82636143703,51.7960440007653,12.));
#10519=CARTESIAN_POINT('Ctrl Pts',(117.909867719869,51.3731027790511,12.));
#10520=CARTESIAN_POINT('Ctrl Pts',(117.994438679383,50.9517553328539,12.));
#10521=CARTESIAN_POINT('Ctrl Pts',(118.083614971174,50.5074633084651,12.));
#10522=CARTESIAN_POINT('Ctrl Pts',(118.1739749496,50.0649436918432,12.));
#10523=CARTESIAN_POINT('Ctrl Pts',(118.265279748707,49.6242508418336,12.));
#10524=CARTESIAN_POINT('Ctrl Pts',(118.363359536477,49.1508577494305,12.));
#10525=CARTESIAN_POINT('Ctrl Pts',(118.462529422523,48.6795730537064,12.));
#10526=CARTESIAN_POINT('Ctrl Pts',(118.56246855844,48.210519605016,12.));
#10527=CARTESIAN_POINT('Ctrl Pts',(118.675007828335,47.6823287999539,12.));
#10528=CARTESIAN_POINT('Ctrl Pts',(118.788522376915,47.1569680664335,12.));
#10529=CARTESIAN_POINT('Ctrl Pts',(118.902525943468,46.6346716408142,12.));
#10530=CARTESIAN_POINT('Ctrl Pts',(119.063066094244,45.8991723099226,12.));
#10531=CARTESIAN_POINT('Ctrl Pts',(119.224576173255,45.1697519870388,12.));
#10532=CARTESIAN_POINT('Ctrl Pts',(119.385640657007,44.447160498273,12.));
#10533=CARTESIAN_POINT('Ctrl Pts',(119.521307875149,43.8385100071754,12.));
#10534=CARTESIAN_POINT('Ctrl Pts',(119.656656412029,43.2347101814177,12.));
#10535=CARTESIAN_POINT('Ctrl Pts',(119.790832894704,42.6361907167729,12.));
#10536=CARTESIAN_POINT('Ctrl Pts',(119.895057805378,42.1712758785335,12.));
#10537=CARTESIAN_POINT('Ctrl Pts',(119.998575199037,41.7095472471215,12.));
#10538=CARTESIAN_POINT('Ctrl Pts',(120.100992914041,41.2511707008366,12.));
#10539=CARTESIAN_POINT('Ctrl Pts',(120.197334941854,40.8199862522313,12.));
#10540=CARTESIAN_POINT('Ctrl Pts',(120.292703643463,40.3917685213155,12.));
#10541=CARTESIAN_POINT('Ctrl Pts',(120.386784055921,39.9666148000961,12.));
#10542=CARTESIAN_POINT('Ctrl Pts',(120.476591238289,39.5607720026543,12.));
#10543=CARTESIAN_POINT('Ctrl Pts',(120.565224327206,39.1577215929032,12.));
#10544=CARTESIAN_POINT('Ctrl Pts',(120.652423123823,38.7575032203174,12.));
#10545=CARTESIAN_POINT('Ctrl Pts',(120.734433138783,38.3810999212269,12.));
#10546=CARTESIAN_POINT('Ctrl Pts',(120.815174378329,38.0072018550371,12.));
#10547=CARTESIAN_POINT('Ctrl Pts',(120.894444595094,37.6357976259122,12.));
#10548=CARTESIAN_POINT('Ctrl Pts',(120.911244162682,37.5570867215592,12.));
#10549=CARTESIAN_POINT('Ctrl Pts',(120.927977718889,37.4784876480157,12.));
#10550=CARTESIAN_POINT('Ctrl Pts',(120.944643435646,37.400000000079,12.));
#10551=CARTESIAN_POINT('Ctrl Pts',(120.944643435663,37.4,12.));
#10552=CARTESIAN_POINT('Ctrl Pts',(121.894360124967,32.9272833302957,12.));
#10553=CARTESIAN_POINT('Ctrl Pts',(122.526762265793,29.2810784863878,12.));
#10554=CARTESIAN_POINT('Ctrl Pts',(122.899944075853,24.9999999999984,12.));
#10555=CARTESIAN_POINT('Ctrl Pts',(170.665127063273,88.4,-19.));
#10556=CARTESIAN_POINT('Ctrl Pts',(170.665127063273,88.4,19.));
#10557=CARTESIAN_POINT('Ctrl Pts',(170.665127063273,86.8700155414785,-19.));
#10558=CARTESIAN_POINT('Ctrl Pts',(170.665127063273,86.8700155414785,19.));
#10559=CARTESIAN_POINT('Ctrl Pts',(170.651024284281,83.8845271911701,-19.));
#10560=CARTESIAN_POINT('Ctrl Pts',(170.651024284281,83.8845271911701,19.));
#10561=CARTESIAN_POINT('Ctrl Pts',(170.587562519549,79.6297345190838,-19.));
#10562=CARTESIAN_POINT('Ctrl Pts',(170.587562519549,79.6297345190838,19.));
#10563=CARTESIAN_POINT('Ctrl Pts',(170.415552132567,74.3836028766469,-19.));
#10564=CARTESIAN_POINT('Ctrl Pts',(170.415552132567,74.3836028766469,19.));
#10565=CARTESIAN_POINT('Ctrl Pts',(170.04131510373,68.4237555925127,-19.));
#10566=CARTESIAN_POINT('Ctrl Pts',(170.04131510373,68.4237555925127,19.));
#10567=CARTESIAN_POINT('Ctrl Pts',(169.494988171648,62.9165627240389,-19.));
#10568=CARTESIAN_POINT('Ctrl Pts',(169.494988171648,62.9165627240389,19.));
#10569=CARTESIAN_POINT('Ctrl Pts',(168.772465616644,57.7165375382066,-19.));
#10570=CARTESIAN_POINT('Ctrl Pts',(168.772465616644,57.7165375382066,19.));
#10571=CARTESIAN_POINT('Ctrl Pts',(167.886339735311,52.7058781637339,-19.));
#10572=CARTESIAN_POINT('Ctrl Pts',(167.886339735311,52.7058781637339,19.));
#10573=CARTESIAN_POINT('Ctrl Pts',(166.876355817995,47.8269872157442,-19.));
#10574=CARTESIAN_POINT('Ctrl Pts',(166.876355817995,47.8269872157442,19.));
#10575=CARTESIAN_POINT('Ctrl Pts',(165.815985839639,43.1026160710693,-19.));
#10576=CARTESIAN_POINT('Ctrl Pts',(165.815985839639,43.1026160710693,19.));
#10577=CARTESIAN_POINT('Ctrl Pts',(164.792614497693,38.5839928182454,-19.));
#10578=CARTESIAN_POINT('Ctrl Pts',(164.792614497693,38.5839928182454,19.));
#10579=CARTESIAN_POINT('Ctrl Pts',(163.890151284219,34.3039253645823,-19.));
#10580=CARTESIAN_POINT('Ctrl Pts',(163.890151284219,34.3039253645823,19.));
#10581=CARTESIAN_POINT('Ctrl Pts',(163.276124403016,30.8196015998276,-19.));
#10582=CARTESIAN_POINT('Ctrl Pts',(163.276124403016,30.8196015998276,19.));
#10583=CARTESIAN_POINT('Ctrl Pts',(162.917113949692,28.1802926838612,-19.));
#10584=CARTESIAN_POINT('Ctrl Pts',(162.917113949692,28.1802926838612,19.));
#10585=CARTESIAN_POINT('Ctrl Pts',(162.717792701995,26.3087965348952,-19.));
#10586=CARTESIAN_POINT('Ctrl Pts',(162.717792701995,26.3087965348952,19.));
#10587=CARTESIAN_POINT('Ctrl Pts',(162.620676407002,25.2365546850398,-19.));
#10588=CARTESIAN_POINT('Ctrl Pts',(162.620676407002,25.2365546850398,19.));
#10589=CARTESIAN_POINT('Ctrl Pts',(162.600055924144,25.0000000000002,-19.));
#10590=CARTESIAN_POINT('Ctrl Pts',(162.600055924144,25.0000000000002,19.));
#10591=CARTESIAN_POINT('',(164.769909558686,38.4,-12.));
#10592=CARTESIAN_POINT('',(164.555356564333,37.4,-12.));
#10593=CARTESIAN_POINT('Ctrl Pts',(164.769909558686,38.4,-12.));
#10594=CARTESIAN_POINT('Ctrl Pts',(164.697276544289,38.0646665527266,-12.));
#10595=CARTESIAN_POINT('Ctrl Pts',(164.625711624386,37.7313390755799,-12.));
#10596=CARTESIAN_POINT('Ctrl Pts',(164.555356564333,37.4,-12.));
#10597=CARTESIAN_POINT('',(162.600055924144,25.0000000000002,-12.));
#10598=CARTESIAN_POINT('Ctrl Pts',(164.555356564333,37.4,-12.));
#10599=CARTESIAN_POINT('Ctrl Pts',(164.482064409259,37.0548285952524,-12.));
#10600=CARTESIAN_POINT('Ctrl Pts',(164.410085518664,36.7118158847912,-12.));
#10601=CARTESIAN_POINT('Ctrl Pts',(164.339566281055,36.3708999029729,-12.));
#10602=CARTESIAN_POINT('Ctrl Pts',(164.271623068188,36.0424373740604,-12.));
#10603=CARTESIAN_POINT('Ctrl Pts',(164.205034896164,35.7159213956226,-12.));
#10604=CARTESIAN_POINT('Ctrl Pts',(164.139917681108,35.3912516102414,-12.));
#10605=CARTESIAN_POINT('Ctrl Pts',(164.076772877674,35.0764161283951,-12.));
#10606=CARTESIAN_POINT('Ctrl Pts',(164.015011338139,34.7633168696116,-12.));
#10607=CARTESIAN_POINT('Ctrl Pts',(163.954723294741,34.4518164340837,-12.));
#10608=CARTESIAN_POINT('Ctrl Pts',(163.894930475187,34.1428747553891,-12.));
#10609=CARTESIAN_POINT('Ctrl Pts',(163.836587103064,33.8355058790915,-12.));
#10610=CARTESIAN_POINT('Ctrl Pts',(163.779764554787,33.52952676544,-12.));
#10611=CARTESIAN_POINT('Ctrl Pts',(163.722545500213,33.2214125373114,-12.));
#10612=CARTESIAN_POINT('Ctrl Pts',(163.666868575293,32.9147074864998,-12.));
#10613=CARTESIAN_POINT('Ctrl Pts',(163.612789383933,32.609174751329,-12.));
#10614=CARTESIAN_POINT('Ctrl Pts',(163.556386665979,32.29051472232,-12.));
#10615=CARTESIAN_POINT('Ctrl Pts',(163.501722046551,31.9731301722897,-12.));
#10616=CARTESIAN_POINT('Ctrl Pts',(163.448838743597,31.6566961612542,-12.));
#10617=CARTESIAN_POINT('Ctrl Pts',(163.397168955352,31.3475233707735,-12.));
#10618=CARTESIAN_POINT('Ctrl Pts',(163.347199582689,31.0392576734333,-12.));
#10619=CARTESIAN_POINT('Ctrl Pts',(163.298952450314,30.7315448620674,-12.));
#10620=CARTESIAN_POINT('Ctrl Pts',(163.249810409697,30.4181244631689,-12.));
#10621=CARTESIAN_POINT('Ctrl Pts',(163.202455127101,30.1052776569172,-12.));
#10622=CARTESIAN_POINT('Ctrl Pts',(163.156890434457,29.7925782639107,-12.));
#10623=CARTESIAN_POINT('Ctrl Pts',(163.109274672707,29.4658028829513,-12.));
#10624=CARTESIAN_POINT('Ctrl Pts',(163.063614292055,29.1391881470428,-12.));
#10625=CARTESIAN_POINT('Ctrl Pts',(163.019892686102,28.812193466766,-12.));
#10626=CARTESIAN_POINT('Ctrl Pts',(162.971660197701,28.4514618152285,-12.));
#10627=CARTESIAN_POINT('Ctrl Pts',(162.925787271983,28.0902675707211,-12.));
#10628=CARTESIAN_POINT('Ctrl Pts',(162.882225967353,27.7278241044872,-12.));
#10629=CARTESIAN_POINT('Ctrl Pts',(162.834768014413,27.3329593246098,-12.));
#10630=CARTESIAN_POINT('Ctrl Pts',(162.790053657199,26.9366108463073,-12.));
#10631=CARTESIAN_POINT('Ctrl Pts',(162.747991733929,26.5377021890843,-12.));
#10632=CARTESIAN_POINT('Ctrl Pts',(162.694463216239,26.030046155916,-12.));
#10633=CARTESIAN_POINT('Ctrl Pts',(162.645231084202,25.5182417808965,-12.));
#10634=CARTESIAN_POINT('Ctrl Pts',(162.600055924144,25.0000000000002,-12.));
#10635=CARTESIAN_POINT('',(162.600055924144,25.0000000000002,12.));
#10636=CARTESIAN_POINT('',(162.600055924144,25.0000000000002,-19.));
#10637=CARTESIAN_POINT('',(164.555356564333,37.4,12.));
#10638=CARTESIAN_POINT('Ctrl Pts',(162.600055924144,25.0000000000002,12.));
#10639=CARTESIAN_POINT('Ctrl Pts',(162.973237734205,29.2810784863935,12.));
#10640=CARTESIAN_POINT('Ctrl Pts',(163.605639875032,32.9272833303081,12.));
#10641=CARTESIAN_POINT('Ctrl Pts',(164.555356564333,37.4,12.));
#10642=CARTESIAN_POINT('Ctrl Pts',(164.555356564333,37.4,12.));
#10643=CARTESIAN_POINT('Ctrl Pts',(165.857993764376,43.5348054475895,12.));
#10644=CARTESIAN_POINT('Ctrl Pts',(167.504636235528,50.0117885116497,12.));
#10645=CARTESIAN_POINT('Ctrl Pts',(169.842319682805,64.7785303309066,12.));
#10646=CARTESIAN_POINT('Ctrl Pts',(170.48453615886,72.3475485554725,12.));
#10647=CARTESIAN_POINT('Ctrl Pts',(170.632818584787,83.4,12.));
#10648=CARTESIAN_POINT('',(168.701147277108,57.5699417147627,-12.));
#10649=CARTESIAN_POINT('Ctrl Pts',(170.127424483448,70.2586754242182,-12.));
#10650=CARTESIAN_POINT('Ctrl Pts',(169.816516377371,65.8047244374015,-12.));
#10651=CARTESIAN_POINT('Ctrl Pts',(169.37242772109,61.9205998004443,-12.0000000000003));
#10652=CARTESIAN_POINT('Ctrl Pts',(168.762902613477,57.9626806541385,-12.0000000000003));
#10653=CARTESIAN_POINT('Ctrl Pts',(168.732173867769,57.7659313190679,-12.));
#10654=CARTESIAN_POINT('Ctrl Pts',(168.701147277108,57.5699417147627,-12.));
#10655=CARTESIAN_POINT('Ctrl Pts',(168.701147277108,57.5699417147628,-12.));
#10656=CARTESIAN_POINT('Ctrl Pts',(167.568903436314,50.4177532980932,-12.));
#10657=CARTESIAN_POINT('Ctrl Pts',(166.042834725229,44.2768645052561,-12.));
#10658=CARTESIAN_POINT('Ctrl Pts',(164.769909558686,38.4,-12.));
#10659=CARTESIAN_POINT('Ctrl Pts',(162.15,11.7,-19.));
#10660=CARTESIAN_POINT('Ctrl Pts',(162.15,11.7,19.));
#10661=CARTESIAN_POINT('Ctrl Pts',(162.15,12.8637396877111,-19.));
#10662=CARTESIAN_POINT('Ctrl Pts',(162.15,12.8637396877111,19.));
#10663=CARTESIAN_POINT('Ctrl Pts',(162.160577941849,15.1129663796273,-19.));
#10664=CARTESIAN_POINT('Ctrl Pts',(162.160577941849,15.1129663796273,19.));
#10665=CARTESIAN_POINT('Ctrl Pts',(162.203720403743,17.9576761412451,-19.));
#10666=CARTESIAN_POINT('Ctrl Pts',(162.203720403743,17.9576761412451,19.));
#10667=CARTESIAN_POINT('Ctrl Pts',(162.290326438318,20.5386692733011,-19.));
#10668=CARTESIAN_POINT('Ctrl Pts',(162.290326438318,20.5386692733011,19.));
#10669=CARTESIAN_POINT('Ctrl Pts',(162.432404862589,22.933324183005,-19.));
#10670=CARTESIAN_POINT('Ctrl Pts',(162.432404862589,22.933324183005,19.));
#10671=CARTESIAN_POINT('Ctrl Pts',(162.54738561345,24.3957751211218,-19.));
#10672=CARTESIAN_POINT('Ctrl Pts',(162.54738561345,24.3957751211218,19.));
#10673=CARTESIAN_POINT('Ctrl Pts',(162.600055924144,25.,-19.));
#10674=CARTESIAN_POINT('Ctrl Pts',(162.600055924144,25.,19.));
#10675=CARTESIAN_POINT('',(162.252113060767,18.9129219074071,-12.));
#10676=CARTESIAN_POINT('Ctrl Pts',(162.600055924144,25.,-12.));
#10677=CARTESIAN_POINT('Ctrl Pts',(162.558545112103,24.5237949986013,-12.));
#10678=CARTESIAN_POINT('Ctrl Pts',(162.520458452767,24.042150658829,-12.));
#10679=CARTESIAN_POINT('Ctrl Pts',(162.485581469379,23.5532896033653,-12.));
#10680=CARTESIAN_POINT('Ctrl Pts',(162.455151640166,23.1267630812374,-12.));
#10681=CARTESIAN_POINT('Ctrl Pts',(162.427164398252,22.6947415265706,-12.));
#10682=CARTESIAN_POINT('Ctrl Pts',(162.401467734315,22.2560750808155,-12.));
#10683=CARTESIAN_POINT('Ctrl Pts',(162.377832347819,21.8525965976339,-12.));
#10684=CARTESIAN_POINT('Ctrl Pts',(162.356134452591,21.4434957893306,-12.));
#10685=CARTESIAN_POINT('Ctrl Pts',(162.336253864393,21.0279190517187,-12.));
#10686=CARTESIAN_POINT('Ctrl Pts',(162.318131362061,20.6490927151066,-12.));
#10687=CARTESIAN_POINT('Ctrl Pts',(162.30151876538,20.2648848893959,-12.));
#10688=CARTESIAN_POINT('Ctrl Pts',(162.286326958274,19.8746911719175,-12.));
#10689=CARTESIAN_POINT('Ctrl Pts',(162.274002335963,19.5581396147166,-12.));
#10690=CARTESIAN_POINT('Ctrl Pts',(162.26261280565,19.2376489857151,-12.));
#10691=CARTESIAN_POINT('Ctrl Pts',(162.252113060765,18.9129219073556,-12.));
#10692=CARTESIAN_POINT('',(162.15,11.7,-12.));
#10693=CARTESIAN_POINT('Ctrl Pts',(162.252113060765,18.9129219073556,-12.));
#10694=CARTESIAN_POINT('Ctrl Pts',(162.240191823218,18.5442321266221,-12.));
#10695=CARTESIAN_POINT('Ctrl Pts',(162.22941739643,18.1700798401109,-12.));
#10696=CARTESIAN_POINT('Ctrl Pts',(162.219728458725,17.7900729029397,-12.));
#10697=CARTESIAN_POINT('Ctrl Pts',(162.210356215258,17.4224869360589,-12.));
#10698=CARTESIAN_POINT('Ctrl Pts',(162.20199957944,17.0494225725737,-12.));
#10699=CARTESIAN_POINT('Ctrl Pts',(162.194609438157,16.6705727378551,-12.));
#10700=CARTESIAN_POINT('Ctrl Pts',(162.187424575866,16.3022463707656,-12.));
#10701=CARTESIAN_POINT('Ctrl Pts',(162.181153201513,15.9284512923458,-12.));
#10702=CARTESIAN_POINT('Ctrl Pts',(162.175757332204,15.5489543134944,-12.));
#10703=CARTESIAN_POINT('Ctrl Pts',(162.170548005665,15.1825770775439,-12.));
#10704=CARTESIAN_POINT('Ctrl Pts',(162.166154661784,14.8108853026586,-12.));
#10705=CARTESIAN_POINT('Ctrl Pts',(162.162550527507,14.4337172059664,-12.));
#10706=CARTESIAN_POINT('Ctrl Pts',(162.159010503207,14.0632581372337,-12.));
#10707=CARTESIAN_POINT('Ctrl Pts',(162.156231815705,13.6875156697861,-12.));
#10708=CARTESIAN_POINT('Ctrl Pts',(162.154196976317,13.3063856105052,-12.));
#10709=CARTESIAN_POINT('Ctrl Pts',(162.152209742352,12.9341721556275,-12.));
#10710=CARTESIAN_POINT('Ctrl Pts',(162.150931928833,12.55682015929,-12.));
#10711=CARTESIAN_POINT('Ctrl Pts',(162.150355368892,12.1742816252963,-12.));
#10712=CARTESIAN_POINT('Ctrl Pts',(162.150118410583,12.0170634803004,-12.));
#10713=CARTESIAN_POINT('Ctrl Pts',(162.15,11.8589698687776,-12.));
#10714=CARTESIAN_POINT('Ctrl Pts',(162.15,11.7,-12.));
#10715=CARTESIAN_POINT('',(162.15,11.7,12.));
#10716=CARTESIAN_POINT('',(162.15,11.7,-19.));
#10717=CARTESIAN_POINT('Ctrl Pts',(162.15,11.7,12.));
#10718=CARTESIAN_POINT('Ctrl Pts',(162.15,12.0879516787923,12.));
#10719=CARTESIAN_POINT('Ctrl Pts',(162.15070458168,12.4706810375721,12.));
#10720=CARTESIAN_POINT('Ctrl Pts',(162.152118403206,12.8482152652102,12.));
#10721=CARTESIAN_POINT('Ctrl Pts',(162.153560717155,13.2333578543068,12.));
#10722=CARTESIAN_POINT('Ctrl Pts',(162.155741180757,13.6130939288144,12.));
#10723=CARTESIAN_POINT('Ctrl Pts',(162.15867385062,13.9875067829059,12.));
#10724=CARTESIAN_POINT('Ctrl Pts',(162.161672159657,14.3702997655187,12.));
#10725=CARTESIAN_POINT('Ctrl Pts',(162.165456764211,14.7475287053507,12.));
#10726=CARTESIAN_POINT('Ctrl Pts',(162.170051535914,15.1193370336606,12.));
#10727=CARTESIAN_POINT('Ctrl Pts',(162.174761919245,15.5005006397438,12.));
#10728=CARTESIAN_POINT('Ctrl Pts',(162.180323800094,15.8759675723866,12.));
#10729=CARTESIAN_POINT('Ctrl Pts',(162.186771425525,16.2459467665908,12.));
#10730=CARTESIAN_POINT('Ctrl Pts',(162.193404295819,16.6265557260431,12.));
#10731=CARTESIAN_POINT('Ctrl Pts',(162.200974594415,17.0013572601203,12.));
#10732=CARTESIAN_POINT('Ctrl Pts',(162.209527725571,17.3706332129682,12.));
#10733=CARTESIAN_POINT('Ctrl Pts',(162.218537486076,17.7596238451147,12.));
#10734=CARTESIAN_POINT('Ctrl Pts',(162.228637880122,18.142483206609,12.));
#10735=CARTESIAN_POINT('Ctrl Pts',(162.239890032758,18.519598766706,12.));
#10736=CARTESIAN_POINT('Ctrl Pts',(162.251612181067,18.9124662178011,12.));
#10737=CARTESIAN_POINT('Ctrl Pts',(162.264584426497,19.2991003032207,12.));
#10738=CARTESIAN_POINT('Ctrl Pts',(162.278883029776,19.6799976844394,12.));
#10739=CARTESIAN_POINT('Ctrl Pts',(162.293930486467,20.0808436087516,12.));
#10740=CARTESIAN_POINT('Ctrl Pts',(162.310447025316,20.4753365805202,12.));
#10741=CARTESIAN_POINT('Ctrl Pts',(162.328527188171,20.8641139683309,12.));
#10742=CARTESIAN_POINT('Ctrl Pts',(162.348695185222,21.2977860139661,12.));
#10743=CARTESIAN_POINT('Ctrl Pts',(162.370809042533,21.7243464386385,12.));
#10744=CARTESIAN_POINT('Ctrl Pts',(162.395003566218,22.1447470917614,12.));
#10745=CARTESIAN_POINT('Ctrl Pts',(162.421523403174,22.6055520624294,12.));
#10746=CARTESIAN_POINT('Ctrl Pts',(162.450543574841,23.058957360992,12.));
#10747=CARTESIAN_POINT('Ctrl Pts',(162.482239286445,23.5062825249301,12.));
#10748=CARTESIAN_POINT('Ctrl Pts',(162.518021722486,24.0112840932214,12.));
#10749=CARTESIAN_POINT('Ctrl Pts',(162.55721523354,24.5085388570766,12.));
#10750=CARTESIAN_POINT('Ctrl Pts',(162.600055924144,25.,12.));
#10751=CARTESIAN_POINT('Origin',(142.75,85.1586754241751,12.));
#10752=CARTESIAN_POINT('',(162.15,18.7,12.));
#10753=CARTESIAN_POINT('Origin',(91.3499999999995,2.64212806969556,-5.60884651807327));
#10754=CARTESIAN_POINT('',(117.05,2.55689813196558,-5.4279159852322));
#10755=CARTESIAN_POINT('',(117.049999999999,2.64212806969784,-5.80884651807328));
#10756=CARTESIAN_POINT('Origin',(117.049999999999,2.64212806969784,-5.60884651807327));
#10757=CARTESIAN_POINT('',(113.649999999999,2.55689813196528,-5.4279159852322));
#10758=CARTESIAN_POINT('',(91.3499999999995,2.5568981319633,-5.4279159852322));
#10759=CARTESIAN_POINT('',(113.649999999999,2.64212806969754,-5.80884651807328));
#10760=CARTESIAN_POINT('Origin',(113.649999999999,2.64212806969754,-5.60884651807327));
#10761=CARTESIAN_POINT('',(91.3499999999995,2.64212806969556,-5.80884651807327));
#10762=CARTESIAN_POINT('Origin',(117.049999999999,3.89999999999773,-5.80884651807327));
#10763=CARTESIAN_POINT('',(113.649999999999,3.89999999999742,-5.80884651807327));
#10764=CARTESIAN_POINT('',(113.649999999999,3.89999999999742,-5.80884651807327));
#10765=CARTESIAN_POINT('',(117.049999999999,3.89999999999773,-5.80884651807327));
#10766=CARTESIAN_POINT('',(117.049999999999,3.89999999999773,-5.80884651807327));
#10767=CARTESIAN_POINT('',(117.049999999999,3.89999999999773,-5.80884651807327));
#10768=CARTESIAN_POINT('Origin',(91.3499999999995,2.64212806969562,5.60884651807325));
#10769=CARTESIAN_POINT('',(113.649999999999,2.55689813196534,5.42791598523217));
#10770=CARTESIAN_POINT('',(113.649999999999,2.6421280696976,5.80884651807325));
#10771=CARTESIAN_POINT('Origin',(113.649999999999,2.6421280696976,5.60884651807325));
#10772=CARTESIAN_POINT('',(117.05,2.55689813196564,5.42791598523217));
#10773=CARTESIAN_POINT('',(91.3499999999995,2.55689813196336,5.42791598523217));
#10774=CARTESIAN_POINT('',(117.049999999999,2.6421280696979,5.80884651807325));
#10775=CARTESIAN_POINT('Origin',(117.049999999999,2.6421280696979,5.60884651807325));
#10776=CARTESIAN_POINT('',(91.3499999999995,2.64212806969562,5.80884651807325));
#10777=CARTESIAN_POINT('Origin',(117.05,-1.60000000000228,5.80884651807325));
#10778=CARTESIAN_POINT('',(117.049999999999,3.89999999999772,5.80884651807325));
#10779=CARTESIAN_POINT('',(117.05,-1.60000000000228,5.80884651807325));
#10780=CARTESIAN_POINT('',(113.649999999999,3.89999999999742,5.80884651807325));
#10781=CARTESIAN_POINT('',(117.049999999999,3.89999999999772,5.80884651807325));
#10782=CARTESIAN_POINT('',(113.65,-1.60000000000258,5.80884651807325));
#10783=CARTESIAN_POINT('Origin',(113.649999999999,3.89999999999743,-8.00884651807327));
#10784=CARTESIAN_POINT('',(117.049999999999,3.89999999999773,-8.00884651807328));
#10785=CARTESIAN_POINT('',(117.049999999999,3.89999999999773,-8.00884651807328));
#10786=CARTESIAN_POINT('',(113.649999999999,3.89999999999743,-8.00884651807328));
#10787=CARTESIAN_POINT('',(113.649999999999,3.89999999999743,-8.00884651807327));
#10788=CARTESIAN_POINT('',(113.649999999999,3.89999999999743,-8.00884651807328));
#10789=CARTESIAN_POINT('Origin',(117.05,-1.60000000000228,8.00884651807325));
#10790=CARTESIAN_POINT('Origin',(117.05,-2.28261853863466E-12,-9.16119417290654E-28));
#10791=CARTESIAN_POINT('Origin',(117.049999999999,3.89999999999773,-1.47409776595925E-14));
#10792=CARTESIAN_POINT('',(117.05,-1.04188906600386,5.90884651807325));
#10793=CARTESIAN_POINT('Origin',(117.05,-2.28261853863466E-12,-9.16119417290654E-28));
#10794=CARTESIAN_POINT('',(117.05,-1.41217572549164,8.00884651807325));
#10795=CARTESIAN_POINT('',(117.05,-1.22986419318488,6.97490643939529));
#10796=CARTESIAN_POINT('',(117.049999999999,3.89999999999772,8.00884651807325));
#10797=CARTESIAN_POINT('',(117.05,-1.60000000000228,8.00884651807325));
#10798=CARTESIAN_POINT('Origin',(117.049999999999,3.89999999999773,-1.43010762969155E-14));
#10799=CARTESIAN_POINT('Origin',(115.349999999999,3.89999999999757,-1.4432899320128E-14));
#10800=CARTESIAN_POINT('',(113.649999999999,3.89999999999742,8.00884651807325));
#10801=CARTESIAN_POINT('',(113.649999999999,3.89999999999742,8.00884651807325));
#10802=CARTESIAN_POINT('Origin',(113.649999999999,3.89999999999742,-1.43010762969155E-14));
#10803=CARTESIAN_POINT('Origin',(115.349999999999,3.89999999999757,-1.4432899320128E-14));
#10804=CARTESIAN_POINT('Origin',(113.649999999999,3.89999999999742,-1.47409776595926E-14));
#10805=CARTESIAN_POINT('Origin',(113.65,-1.60000000000258,8.00884651807325));
#10806=CARTESIAN_POINT('',(113.65,-1.41217572549194,8.00884651807325));
#10807=CARTESIAN_POINT('',(102.5,-1.41217572549293,8.00884651807325));
#10808=CARTESIAN_POINT('',(113.65,-1.60000000000258,8.00884651807325));
#10809=CARTESIAN_POINT('Origin',(113.65,-1.60000000000258,5.80884651807325));
#10810=CARTESIAN_POINT('',(113.65,-1.04188906600417,5.90884651807325));
#10811=CARTESIAN_POINT('',(113.65,-1.04175311435607,5.90807549796304));
#10812=CARTESIAN_POINT('Origin',(113.65,-2.58459920133341E-12,-9.34610399889575E-28));
#10813=CARTESIAN_POINT('Origin',(113.65,-2.58459920133341E-12,-9.34610399889575E-28));
#10814=CARTESIAN_POINT('Origin',(91.3499999999995,2.64212806969556,-5.60884651807327));
#10815=CARTESIAN_POINT('',(101.049999999999,2.55689813196416,-5.4279159852322));
#10816=CARTESIAN_POINT('',(101.049999999999,2.64212806969642,-5.80884651807328));
#10817=CARTESIAN_POINT('Origin',(101.049999999999,2.64212806969642,-5.60884651807327));
#10818=CARTESIAN_POINT('',(91.3499999999995,2.5568981319633,-5.4279159852322));
#10819=CARTESIAN_POINT('',(91.3499999999995,2.64212806969556,-5.80884651807327));
#10820=CARTESIAN_POINT('Origin',(97.6499999999993,3.899999999996,-5.80884651807327));
#10821=CARTESIAN_POINT('',(101.049999999999,3.89999999999631,-5.80884651807327));
#10822=CARTESIAN_POINT('',(97.6499999999993,3.899999999996,-5.80884651807327));
#10823=CARTESIAN_POINT('',(101.049999999999,3.89999999999631,-5.80884651807327));
#10824=CARTESIAN_POINT('Origin',(91.3499999999995,2.64212806969562,5.60884651807325));
#10825=CARTESIAN_POINT('',(101.049999999999,2.55689813196422,5.42791598523217));
#10826=CARTESIAN_POINT('',(91.3499999999995,2.55689813196336,5.42791598523217));
#10827=CARTESIAN_POINT('',(101.049999999999,2.64212806969648,5.80884651807325));
#10828=CARTESIAN_POINT('Origin',(101.049999999999,2.64212806969648,5.60884651807325));
#10829=CARTESIAN_POINT('',(91.3499999999995,2.64212806969562,5.80884651807325));
#10830=CARTESIAN_POINT('Origin',(97.6499999999998,-1.600000000004,5.80884651807325));
#10831=CARTESIAN_POINT('',(101.049999999999,3.8999999999963,5.80884651807325));
#10832=CARTESIAN_POINT('',(101.05,-1.6000000000037,5.80884651807325));
#10833=CARTESIAN_POINT('',(97.6499999999993,3.899999999996,5.80884651807325));
#10834=CARTESIAN_POINT('Origin',(101.049999999999,3.89999999999631,-8.00884651807327));
#10835=CARTESIAN_POINT('',(101.049999999999,3.89999999999631,-8.00884651807328));
#10836=CARTESIAN_POINT('',(101.049999999999,3.89999999999631,-8.00884651807328));
#10837=CARTESIAN_POINT('',(101.049999999999,3.89999999999631,-8.00884651807327));
#10838=CARTESIAN_POINT('Origin',(101.05,-1.6000000000037,5.80884651807325));
#10839=CARTESIAN_POINT('Origin',(101.049999999999,3.89999999999631,-1.43010762969156E-14));
#10840=CARTESIAN_POINT('Origin',(101.05,-3.70370401015818E-12,-1.00313580599146E-27));
#10841=CARTESIAN_POINT('Origin',(101.049999999999,3.8999999999963,-1.47409776595926E-14));
#10842=CARTESIAN_POINT('',(101.05,-1.04188906600529,5.90884651807325));
#10843=CARTESIAN_POINT('Origin',(101.05,-3.70370401015818E-12,-1.00313580599146E-27));
#10844=CARTESIAN_POINT('',(101.05,-1.41217572549306,8.00884651807325));
#10845=CARTESIAN_POINT('',(101.05,-1.04175311435719,5.90807549796304));
#10846=CARTESIAN_POINT('',(101.05,-1.6000000000037,8.00884651807325));
#10847=CARTESIAN_POINT('Origin',(101.05,-1.6000000000037,8.00884651807325));
#10848=CARTESIAN_POINT('',(96.1999999999999,-1.41217572549349,8.00884651807325));
#10849=CARTESIAN_POINT('Origin',(99.3499999999993,3.89999999999615,-1.4432899320128E-14));
#10850=CARTESIAN_POINT('Origin',(99.3499999999993,3.89999999999615,-1.4432899320128E-14));
#10851=CARTESIAN_POINT('Origin',(91.3499999999998,-1.04188906600615,5.90884651807325));
#10852=CARTESIAN_POINT('',(92.3499999999998,-0.746687163972277,4.23467333795249));
#10853=CARTESIAN_POINT('',(91.3499999999998,-0.746687163972365,4.23467333795249));
#10854=CARTESIAN_POINT('',(92.3499999999998,-1.04188906600606,5.90884651807325));
#10855=CARTESIAN_POINT('',(92.3499999999997,-4.4764192352991E-12,-1.05045096734752E-27));
#10856=CARTESIAN_POINT('',(91.3499999999998,-1.04188906600615,5.90884651807325));
#10857=CARTESIAN_POINT('',(91.3499999999998,-1.04188906600615,5.90884651807325));
#10858=CARTESIAN_POINT('',(120.85,-1.04188906600353,5.90884651807325));
#10859=CARTESIAN_POINT('',(91.3499999999998,-1.04188906600615,5.90884651807325));
#10860=CARTESIAN_POINT('',(122.35,-0.972429794936621,5.51492341686837));
#10861=CARTESIAN_POINT('',(121.6,-1.00715943047007,5.71188496747081));
#10862=CARTESIAN_POINT('',(122.35,-0.746687163969612,4.23467333795249));
#10863=CARTESIAN_POINT('',(122.35,-1.8118839761925E-12,-8.87295238533513E-28));
#10864=CARTESIAN_POINT('',(123.35,-0.746687163969523,4.23467333795249));
#10865=CARTESIAN_POINT('Origin',(121.6,-1.87849735767017E-12,-8.91374131753863E-28));
#10866=CARTESIAN_POINT('Origin',(120.85,-1.94511073914783E-12,-8.95453024974214E-28));
#10867=CARTESIAN_POINT('Origin',(122.35,-1.8118839761925E-12,-8.87295238533513E-28));
#10868=CARTESIAN_POINT('Origin',(122.349999999999,2.4790554669974,-8.87295238533514E-28));
#10869=CARTESIAN_POINT('Origin',(122.35,-1.8118839761925E-12,-8.87295238533513E-28));
#10870=CARTESIAN_POINT('Origin',(123.35,-1.72306613422228E-12,-8.81856714239713E-28));
#10871=CARTESIAN_POINT('Origin',(91.3499999999997,-4.56523707726932E-12,
-1.05588949164132E-27));
#10872=CARTESIAN_POINT('Origin',(92.3499999999997,-4.4764192352991E-12,
-1.05045096734752E-27));
#10873=CARTESIAN_POINT('Origin',(92.3499999999995,2.47905546699473,-1.05045096734752E-27));
#10874=CARTESIAN_POINT('Origin',(92.3499999999997,-4.4764192352991E-12,
-1.05045096734752E-27));
#10875=CARTESIAN_POINT('Origin',(91.3499999999997,-4.56523707726932E-12,
-1.05588949164132E-27));
#10876=CARTESIAN_POINT('Ctrl Pts',(236.665127063273,88.4,10.1789618878237));
#10877=CARTESIAN_POINT('Ctrl Pts',(236.665127063273,89.4,10.1789618878237));
#10878=CARTESIAN_POINT('Ctrl Pts',(236.665127063273,90.4,10.1789618878237));
#10879=CARTESIAN_POINT('Ctrl Pts',(236.665127063273,91.4,10.1789618878237));
#10880=CARTESIAN_POINT('Ctrl Pts',(236.665127063273,88.4,12.0116218760975));
#10881=CARTESIAN_POINT('Ctrl Pts',(236.665127063273,89.4,12.0116218760975));
#10882=CARTESIAN_POINT('Ctrl Pts',(236.665127063273,90.4,12.0116218760975));
#10883=CARTESIAN_POINT('Ctrl Pts',(236.665127063273,91.4,12.0116218760975));
#10884=CARTESIAN_POINT('Ctrl Pts',(235.338300051773,88.4,15.1984589239826));
#10885=CARTESIAN_POINT('Ctrl Pts',(235.338300051773,89.4,15.1984589239826));
#10886=CARTESIAN_POINT('Ctrl Pts',(235.338300051773,90.4,15.1984589239826));
#10887=CARTESIAN_POINT('Ctrl Pts',(235.338300051773,91.4,15.1984589239826));
#10888=CARTESIAN_POINT('Ctrl Pts',(232.378525742803,88.4,16.7764389879561));
#10889=CARTESIAN_POINT('Ctrl Pts',(232.378525742803,89.4,16.7764389879561));
#10890=CARTESIAN_POINT('Ctrl Pts',(232.378525742803,90.4,16.7764389879561));
#10891=CARTESIAN_POINT('Ctrl Pts',(232.378525742803,91.4,16.7764389879561));
#10892=CARTESIAN_POINT('Ctrl Pts',(231.030428362735,88.4,17.044524673327));
#10893=CARTESIAN_POINT('Ctrl Pts',(231.030428362735,89.4,17.044524673327));
#10894=CARTESIAN_POINT('Ctrl Pts',(231.030428362735,90.4,17.044524673327));
#10895=CARTESIAN_POINT('Ctrl Pts',(231.030428362735,91.4,17.044524673327));
#10896=CARTESIAN_POINT('Ctrl Pts',(236.665127063273,88.4,10.1789618878237));
#10897=CARTESIAN_POINT('Ctrl Pts',(236.665127063273,89.4,10.1789618878237));
#10898=CARTESIAN_POINT('Ctrl Pts',(236.665127063273,90.4,10.1789618878237));
#10899=CARTESIAN_POINT('Ctrl Pts',(236.665127063273,91.4,10.1789618878237));
#10900=CARTESIAN_POINT('Ctrl Pts',(231.030428362735,91.4,17.044524673327));
#10901=CARTESIAN_POINT('Ctrl Pts',(231.030428362735,90.4,17.044524673327));
#10902=CARTESIAN_POINT('Ctrl Pts',(231.030428362735,89.4,17.044524673327));
#10903=CARTESIAN_POINT('Ctrl Pts',(231.030428362735,88.4,17.044524673327));
#10904=CARTESIAN_POINT('Origin',(236.665127063273,88.4,-15.9274090373258));
#10905=CARTESIAN_POINT('Ctrl Pts',(236.665127063273,91.4,-10.1789792245454));
#10906=CARTESIAN_POINT('Ctrl Pts',(236.665127063273,90.4,-10.1789792245454));
#10907=CARTESIAN_POINT('Ctrl Pts',(236.665127063273,89.4,-10.1789792245454));
#10908=CARTESIAN_POINT('Ctrl Pts',(236.665127063273,88.4,-10.1789792245454));
#10909=CARTESIAN_POINT('Origin',(195.267316591937,88.4,25.));
#10910=CARTESIAN_POINT('',(195.267316591937,88.4,25.));
#10911=CARTESIAN_POINT('Ctrl Pts',(236.665127063273,91.4,15.9274090373258));
#10912=CARTESIAN_POINT('Ctrl Pts',(236.665127063273,83.4,15.9274090373258));
#10913=CARTESIAN_POINT('Ctrl Pts',(235.054004457249,91.4,16.2467687015737));
#10914=CARTESIAN_POINT('Ctrl Pts',(235.054004457249,83.4,16.2467687015737));
#10915=CARTESIAN_POINT('Ctrl Pts',(233.442881851224,91.4,16.5661283658216));
#10916=CARTESIAN_POINT('Ctrl Pts',(233.442881851224,83.4,16.5661283658216));
#10917=CARTESIAN_POINT('Ctrl Pts',(231.8317592452,91.4,16.8854880300696));
#10918=CARTESIAN_POINT('Ctrl Pts',(231.8317592452,83.4,16.8854880300696));
#10919=CARTESIAN_POINT('Ctrl Pts',(229.784118505426,91.4,17.2913751157014));
#10920=CARTESIAN_POINT('Ctrl Pts',(229.784118505426,83.4,17.2913751157014));
#10921=CARTESIAN_POINT('Ctrl Pts',(224.509799079471,91.4,18.3368136468106));
#10922=CARTESIAN_POINT('Ctrl Pts',(224.509799079471,83.4,18.3368136468106));
#10923=CARTESIAN_POINT('Ctrl Pts',(217.156950191139,91.4,19.9375053204017));
#10924=CARTESIAN_POINT('Ctrl Pts',(217.156950191139,83.4,19.9375053204017));
#10925=CARTESIAN_POINT('Ctrl Pts',(215.644676568242,91.4,20.2667224487729));
#10926=CARTESIAN_POINT('Ctrl Pts',(215.644676568242,83.4,20.2667224487729));
#10927=CARTESIAN_POINT('Ctrl Pts',(214.045218557805,91.4,20.6192807310416));
#10928=CARTESIAN_POINT('Ctrl Pts',(214.045218557805,83.4,20.6192807310416));
#10929=CARTESIAN_POINT('Ctrl Pts',(212.369147601463,91.4,20.9943283656661));
#10930=CARTESIAN_POINT('Ctrl Pts',(212.369147601463,83.4,20.9943283656661));
#10931=CARTESIAN_POINT('Ctrl Pts',(206.883849076272,91.4,22.2217514823887));
#10932=CARTESIAN_POINT('Ctrl Pts',(206.883849076272,83.4,22.2217514823887));
#10933=CARTESIAN_POINT('Ctrl Pts',(201.433628866475,91.4,23.4985701910492));
#10934=CARTESIAN_POINT('Ctrl Pts',(201.433628866475,83.4,23.4985701910492));
#10935=CARTESIAN_POINT('Ctrl Pts',(195.966829190611,91.4,24.8296763088496));
#10936=CARTESIAN_POINT('Ctrl Pts',(195.966829190611,83.4,24.8296763088496));
#10937=CARTESIAN_POINT('Ctrl Pts',(195.733658324386,91.4,24.8864508725664));
#10938=CARTESIAN_POINT('Ctrl Pts',(195.733658324386,83.4,24.8864508725664));
#10939=CARTESIAN_POINT('Ctrl Pts',(195.500487458162,91.4,24.9432254362832));
#10940=CARTESIAN_POINT('Ctrl Pts',(195.500487458162,83.4,24.9432254362832));
#10941=CARTESIAN_POINT('Ctrl Pts',(195.267316591937,91.4,25.));
#10942=CARTESIAN_POINT('Ctrl Pts',(195.267316591937,83.4,25.));
#10943=CARTESIAN_POINT('Origin',(194.15,2.64212806970012,-5.60884651807327));
#10944=CARTESIAN_POINT('',(168.45,2.55689813196786,-5.4279159852322));
#10945=CARTESIAN_POINT('',(168.45,2.64212806970012,-5.80884651807328));
#10946=CARTESIAN_POINT('Origin',(168.45,2.64212806970012,-5.60884651807327));
#10947=CARTESIAN_POINT('',(171.85,2.64212806970012,-5.80884651807328));
#10948=CARTESIAN_POINT('',(194.15,2.64212806970012,-5.80884651807327));
#10949=CARTESIAN_POINT('',(171.85,2.55689813196786,-5.4279159852322));
#10950=CARTESIAN_POINT('Origin',(171.85,2.64212806970012,-5.60884651807327));
#10951=CARTESIAN_POINT('',(194.15,2.55689813196786,-5.4279159852322));
#10952=CARTESIAN_POINT('Origin',(168.45,3.90000000000001,-5.80884651807327));
#10953=CARTESIAN_POINT('',(168.45,3.90000000000001,-5.80884651807327));
#10954=CARTESIAN_POINT('',(168.45,3.90000000000001,-5.80884651807327));
#10955=CARTESIAN_POINT('',(171.85,3.90000000000001,-5.80884651807327));
#10956=CARTESIAN_POINT('',(168.45,3.90000000000001,-5.80884651807327));
#10957=CARTESIAN_POINT('',(171.85,3.90000000000001,-5.80884651807327));
#10958=CARTESIAN_POINT('Origin',(194.15,2.64212806970019,5.60884651807325));
#10959=CARTESIAN_POINT('',(171.85,2.55689813196792,5.42791598523217));
#10960=CARTESIAN_POINT('',(171.85,2.64212806970019,5.80884651807325));
#10961=CARTESIAN_POINT('Origin',(171.85,2.64212806970019,5.60884651807325));
#10962=CARTESIAN_POINT('',(168.45,2.64212806970019,5.80884651807325));
#10963=CARTESIAN_POINT('',(194.15,2.64212806970019,5.80884651807325));
#10964=CARTESIAN_POINT('',(168.45,2.55689813196792,5.42791598523217));
#10965=CARTESIAN_POINT('Origin',(168.45,2.64212806970019,5.60884651807325));
#10966=CARTESIAN_POINT('',(194.15,2.55689813196792,5.42791598523217));
#10967=CARTESIAN_POINT('Origin',(168.45,-1.59999999999999,5.80884651807325));
#10968=CARTESIAN_POINT('',(171.85,3.90000000000001,5.80884651807325));
#10969=CARTESIAN_POINT('',(171.85,-1.59999999999999,5.80884651807325));
#10970=CARTESIAN_POINT('',(168.45,3.90000000000001,5.80884651807325));
#10971=CARTESIAN_POINT('',(168.45,3.90000000000001,5.80884651807325));
#10972=CARTESIAN_POINT('',(168.45,-1.59999999999999,5.80884651807325));
#10973=CARTESIAN_POINT('Origin',(171.85,3.90000000000001,-8.00884651807327));
#10974=CARTESIAN_POINT('',(171.85,3.90000000000001,-8.00884651807328));
#10975=CARTESIAN_POINT('',(171.85,3.90000000000001,-8.00884651807328));
#10976=CARTESIAN_POINT('',(168.45,3.90000000000001,-8.00884651807328));
#10977=CARTESIAN_POINT('',(171.85,3.90000000000001,-8.00884651807327));
#10978=CARTESIAN_POINT('',(168.45,3.90000000000001,-8.00884651807328));
#10979=CARTESIAN_POINT('Origin',(168.45,-1.59999999999999,8.00884651807325));
#10980=CARTESIAN_POINT('',(168.45,3.90000000000001,8.00884651807325));
#10981=CARTESIAN_POINT('Origin',(168.45,3.90000000000001,-1.43010762969146E-14));
#10982=CARTESIAN_POINT('',(168.45,-1.59999999999999,8.00884651807325));
#10983=CARTESIAN_POINT('Origin',(168.45,0.,0.));
#10984=CARTESIAN_POINT('Origin',(168.45,3.90000000000001,-1.47409776595916E-14));
#10985=CARTESIAN_POINT('Origin',(168.45,0.,0.));
#10986=CARTESIAN_POINT('Origin',(170.15,3.90000000000001,-1.4432899320127E-14));
#10987=CARTESIAN_POINT('',(171.85,3.90000000000001,8.00884651807325));
#10988=CARTESIAN_POINT('',(171.85,3.90000000000001,8.00884651807325));
#10989=CARTESIAN_POINT('Origin',(171.85,3.90000000000001,-1.43010762969146E-14));
#10990=CARTESIAN_POINT('Origin',(170.15,3.90000000000001,-1.4432899320127E-14));
#10991=CARTESIAN_POINT('Origin',(171.85,3.90000000000001,-1.47409776595916E-14));
#10992=CARTESIAN_POINT('Origin',(171.85,-1.59999999999999,8.00884651807325));
#10993=CARTESIAN_POINT('',(171.85,-1.59999999999999,8.00884651807325));
#10994=CARTESIAN_POINT('Origin',(171.85,-1.59999999999999,5.80884651807325));
#10995=CARTESIAN_POINT('Origin',(171.85,0.,0.));
#10996=CARTESIAN_POINT('Origin',(171.85,0.,0.));
#10997=CARTESIAN_POINT('Origin',(194.15,2.64212806970012,-5.60884651807327));
#10998=CARTESIAN_POINT('',(184.45,2.55689813196786,-5.4279159852322));
#10999=CARTESIAN_POINT('',(184.45,2.64212806970012,-5.80884651807328));
#11000=CARTESIAN_POINT('Origin',(184.45,2.64212806970012,-5.60884651807327));
#11001=CARTESIAN_POINT('',(187.85,2.64212806970012,-5.80884651807328));
#11002=CARTESIAN_POINT('',(194.15,2.64212806970012,-5.80884651807327));
#11003=CARTESIAN_POINT('',(187.85,2.55689813196786,-5.4279159852322));
#11004=CARTESIAN_POINT('Origin',(187.85,2.64212806970012,-5.60884651807327));
#11005=CARTESIAN_POINT('',(194.15,2.55689813196786,-5.4279159852322));
#11006=CARTESIAN_POINT('Origin',(187.85,3.90000000000001,-5.80884651807327));
#11007=CARTESIAN_POINT('',(184.45,3.90000000000001,-5.80884651807327));
#11008=CARTESIAN_POINT('',(184.45,3.90000000000001,-5.80884651807327));
#11009=CARTESIAN_POINT('',(187.85,3.90000000000001,-5.80884651807327));
#11010=CARTESIAN_POINT('',(187.85,3.90000000000001,-5.80884651807327));
#11011=CARTESIAN_POINT('',(187.85,3.90000000000001,-5.80884651807327));
#11012=CARTESIAN_POINT('Origin',(194.15,2.64212806970019,5.60884651807325));
#11013=CARTESIAN_POINT('',(187.85,2.55689813196792,5.42791598523217));
#11014=CARTESIAN_POINT('',(187.85,2.64212806970019,5.80884651807325));
#11015=CARTESIAN_POINT('Origin',(187.85,2.64212806970019,5.60884651807325));
#11016=CARTESIAN_POINT('',(184.45,2.64212806970019,5.80884651807325));
#11017=CARTESIAN_POINT('',(194.15,2.64212806970019,5.80884651807325));
#11018=CARTESIAN_POINT('',(184.45,2.55689813196792,5.42791598523217));
#11019=CARTESIAN_POINT('Origin',(184.45,2.64212806970019,5.60884651807325));
#11020=CARTESIAN_POINT('',(194.15,2.55689813196792,5.42791598523217));
#11021=CARTESIAN_POINT('Origin',(187.85,-1.59999999999999,5.80884651807325));
#11022=CARTESIAN_POINT('',(187.85,3.90000000000001,5.80884651807325));
#11023=CARTESIAN_POINT('',(187.85,-1.59999999999999,5.80884651807325));
#11024=CARTESIAN_POINT('',(184.45,3.90000000000001,5.80884651807325));
#11025=CARTESIAN_POINT('',(187.85,3.90000000000001,5.80884651807325));
#11026=CARTESIAN_POINT('',(184.45,-1.59999999999999,5.80884651807325));
#11027=CARTESIAN_POINT('Origin',(184.45,3.90000000000001,-8.00884651807327));
#11028=CARTESIAN_POINT('',(187.85,3.90000000000001,-8.00884651807328));
#11029=CARTESIAN_POINT('',(187.85,3.90000000000001,-8.00884651807328));
#11030=CARTESIAN_POINT('',(184.45,3.90000000000001,-8.00884651807328));
#11031=CARTESIAN_POINT('',(184.45,3.90000000000001,-8.00884651807327));
#11032=CARTESIAN_POINT('',(184.45,3.90000000000001,-8.00884651807328));
#11033=CARTESIAN_POINT('Origin',(184.45,-1.59999999999999,5.80884651807325));
#11034=CARTESIAN_POINT('',(184.45,3.90000000000001,8.00884651807325));
#11035=CARTESIAN_POINT('Origin',(184.45,3.90000000000001,-1.43010762969146E-14));
#11036=CARTESIAN_POINT('',(184.45,-1.59999999999999,8.00884651807325));
#11037=CARTESIAN_POINT('Origin',(184.45,0.,0.));
#11038=CARTESIAN_POINT('Origin',(184.45,3.90000000000001,-1.47409776595916E-14));
#11039=CARTESIAN_POINT('Origin',(184.45,0.,0.));
#11040=CARTESIAN_POINT('Origin',(184.45,-1.59999999999999,8.00884651807325));
#11041=CARTESIAN_POINT('',(187.85,3.90000000000001,8.00884651807325));
#11042=CARTESIAN_POINT('',(184.45,3.90000000000001,8.00884651807325));
#11043=CARTESIAN_POINT('',(187.85,-1.59999999999999,8.00884651807325));
#11044=CARTESIAN_POINT('Origin',(186.15,3.90000000000001,-1.4432899320127E-14));
#11045=CARTESIAN_POINT('Origin',(187.85,3.90000000000001,-1.43010762969146E-14));
#11046=CARTESIAN_POINT('Origin',(186.15,3.90000000000001,-1.4432899320127E-14));
#11047=CARTESIAN_POINT('Origin',(187.85,3.90000000000001,-1.47409776595916E-14));
#11048=CARTESIAN_POINT('Origin',(187.85,-1.59999999999999,8.00884651807325));
#11049=CARTESIAN_POINT('Origin',(187.85,0.,0.));
#11050=CARTESIAN_POINT('Origin',(187.85,0.,0.));
#11051=CARTESIAN_POINT('Origin',(163.9,0.,0.));
#11052=CARTESIAN_POINT('Origin',(163.15,0.,0.));
#11053=CARTESIAN_POINT('Origin',(164.65,0.,0.));
#11054=CARTESIAN_POINT('Origin',(163.15,2.47905546699921,0.));
#11055=CARTESIAN_POINT('Origin',(163.15,0.,0.));
#11056=CARTESIAN_POINT('Origin',(162.15,0.,0.));
#11057=CARTESIAN_POINT('Origin',(162.15,0.,0.));
#11058=CARTESIAN_POINT('Origin',(194.15,0.,0.));
#11059=CARTESIAN_POINT('Origin',(193.15,0.,0.));
#11060=CARTESIAN_POINT('Origin',(193.15,2.47905546699921,0.));
#11061=CARTESIAN_POINT('Origin',(193.15,0.,0.));
#11062=CARTESIAN_POINT('Origin',(162.15,0.,-19.));
#11063=CARTESIAN_POINT('',(162.15,-1.6,-9.07405091138835));
#11064=CARTESIAN_POINT('',(162.15,11.7,-19.));
#11065=CARTESIAN_POINT('Origin',(194.15,0.,0.));
#11066=CARTESIAN_POINT('Origin',(142.75,83.4,-12.));
#11067=CARTESIAN_POINT('Ctrl Pts',(122.899944075853,24.9999999999984,-12.));
#11068=CARTESIAN_POINT('Ctrl Pts',(122.526762265793,29.2810784863878,-12.));
#11069=CARTESIAN_POINT('Ctrl Pts',(121.894360124968,32.9272833302957,-12.));
#11070=CARTESIAN_POINT('Ctrl Pts',(120.944643435663,37.4,-12.));
#11071=CARTESIAN_POINT('Origin',(142.75,83.4,-12.));
#11072=CARTESIAN_POINT('Ctrl Pts',(164.555356564333,37.4,-12.));
#11073=CARTESIAN_POINT('Ctrl Pts',(163.605639875032,32.9272833303081,-12.));
#11074=CARTESIAN_POINT('Ctrl Pts',(162.973237734205,29.2810784863935,-12.));
#11075=CARTESIAN_POINT('Ctrl Pts',(162.600055924144,25.0000000000002,-12.));
#11076=CARTESIAN_POINT('Ctrl Pts',(162.15,11.7,-19.));
#11077=CARTESIAN_POINT('Ctrl Pts',(162.15,11.7,-12.));
#11078=CARTESIAN_POINT('Ctrl Pts',(162.15,14.033478263688,-19.));
#11079=CARTESIAN_POINT('Ctrl Pts',(162.15,14.033478263688,-12.));
#11080=CARTESIAN_POINT('Ctrl Pts',(162.175518095241,16.544058697313,-19.));
#11081=CARTESIAN_POINT('Ctrl Pts',(162.175518095241,16.544058697313,-12.));
#11082=CARTESIAN_POINT('Ctrl Pts',(162.317334508896,20.9300347544737,-19.));
#11083=CARTESIAN_POINT('Ctrl Pts',(162.317334508896,20.9300347544737,-12.));
#11084=CARTESIAN_POINT('Ctrl Pts',(162.422812235868,22.9666904434474,-19.));
#11085=CARTESIAN_POINT('Ctrl Pts',(162.422812235868,22.9666904434474,-12.));
#11086=CARTESIAN_POINT('Ctrl Pts',(162.600055924144,25.,-19.));
#11087=CARTESIAN_POINT('Ctrl Pts',(162.600055924144,25.,-12.));
#11088=CARTESIAN_POINT('',(162.600055924144,25.,-19.));
#11089=CARTESIAN_POINT('Ctrl Pts',(162.600055924144,25.0000000000002,-19.));
#11090=CARTESIAN_POINT('Ctrl Pts',(162.600055924144,25.0000000000002,-12.));
#11091=CARTESIAN_POINT('Ctrl Pts',(162.973237734205,29.2810784863935,-19.));
#11092=CARTESIAN_POINT('Ctrl Pts',(162.973237734205,29.2810784863935,-12.));
#11093=CARTESIAN_POINT('Ctrl Pts',(163.605639875032,32.9272833303081,-19.));
#11094=CARTESIAN_POINT('Ctrl Pts',(163.605639875032,32.9272833303081,-12.));
#11095=CARTESIAN_POINT('Ctrl Pts',(164.555356564333,37.4,-19.));
#11096=CARTESIAN_POINT('Ctrl Pts',(164.555356564333,37.4,-12.));
#11097=CARTESIAN_POINT('',(164.555356564333,37.4,-19.));
#11098=CARTESIAN_POINT('Ctrl Pts',(164.555356564333,37.4,-19.));
#11099=CARTESIAN_POINT('Ctrl Pts',(164.555356564333,37.4,-12.));
#11100=CARTESIAN_POINT('Ctrl Pts',(165.857993764376,43.5348054475894,-19.));
#11101=CARTESIAN_POINT('Ctrl Pts',(165.857993764376,43.5348054475894,-12.));
#11102=CARTESIAN_POINT('Ctrl Pts',(167.504636235528,50.0117885116497,-19.));
#11103=CARTESIAN_POINT('Ctrl Pts',(167.504636235528,50.0117885116497,-12.));
#11104=CARTESIAN_POINT('Ctrl Pts',(169.322014450079,61.4918522103823,-19.));
#11105=CARTESIAN_POINT('Ctrl Pts',(169.322014450079,61.4918522103823,-12.));
#11106=CARTESIAN_POINT('Ctrl Pts',(169.795189592606,65.5204506468351,-19.));
#11107=CARTESIAN_POINT('Ctrl Pts',(169.795189592606,65.5204506468351,-12.));
#11108=CARTESIAN_POINT('Ctrl Pts',(170.121481444082,70.1586754241751,-19.));
#11109=CARTESIAN_POINT('Ctrl Pts',(170.121481444082,70.1586754241751,-12.));
#11110=CARTESIAN_POINT('Ctrl Pts',(164.555356564333,37.4,-12.));
#11111=CARTESIAN_POINT('Ctrl Pts',(165.857993764376,43.5348054475894,-12.));
#11112=CARTESIAN_POINT('Ctrl Pts',(167.504636235528,50.0117885116497,-12.));
#11113=CARTESIAN_POINT('Ctrl Pts',(168.701147277108,57.5699417147627,-12.));
#11114=CARTESIAN_POINT('',(170.121481444082,70.1586754241751,-12.));
#11115=CARTESIAN_POINT('Ctrl Pts',(168.701147277108,57.5699417147627,-12.));
#11116=CARTESIAN_POINT('Ctrl Pts',(169.322014450079,61.4918522103823,-12.));
#11117=CARTESIAN_POINT('Ctrl Pts',(169.795189592606,65.5204506468351,-12.));
#11118=CARTESIAN_POINT('Ctrl Pts',(170.121481444082,70.1586754241751,-12.));
#11119=CARTESIAN_POINT('',(170.121481444082,70.1586754241751,-19.));
#11120=CARTESIAN_POINT('Ctrl Pts',(170.121481444086,70.1586754242196,-19.));
#11121=CARTESIAN_POINT('Ctrl Pts',(170.121481444086,70.1586754242196,-12.));
#11122=CARTESIAN_POINT('Ctrl Pts',(170.123824176724,70.1919772689367,-19.));
#11123=CARTESIAN_POINT('Ctrl Pts',(170.123824176724,70.1919772689367,-12.));
#11124=CARTESIAN_POINT('Ctrl Pts',(170.126159337453,70.225310540205,-19.));
#11125=CARTESIAN_POINT('Ctrl Pts',(170.126159337453,70.225310540205,-12.));
#11126=CARTESIAN_POINT('Ctrl Pts',(170.128486926573,70.2586754241751,-19.));
#11127=CARTESIAN_POINT('Ctrl Pts',(170.128486926573,70.2586754241751,-12.));
#11128=CARTESIAN_POINT('',(170.128486926573,70.2586754241751,-12.));
#11129=CARTESIAN_POINT('Ctrl Pts',(170.121481444085,70.1586754242196,-12.));
#11130=CARTESIAN_POINT('Ctrl Pts',(170.123824176724,70.1919772689367,-12.));
#11131=CARTESIAN_POINT('Ctrl Pts',(170.126159337453,70.225310540205,-12.));
#11132=CARTESIAN_POINT('Ctrl Pts',(170.128486926573,70.2586754241751,-12.));
#11133=CARTESIAN_POINT('',(170.128486926573,70.2586754241751,-19.));
#11134=CARTESIAN_POINT('Ctrl Pts',(115.371513073421,70.258675424175,-19.));
#11135=CARTESIAN_POINT('Ctrl Pts',(115.371513073421,70.258675424175,-12.));
#11136=CARTESIAN_POINT('Ctrl Pts',(115.37384066254,70.225310540205,-19.));
#11137=CARTESIAN_POINT('Ctrl Pts',(115.37384066254,70.225310540205,-12.));
#11138=CARTESIAN_POINT('Ctrl Pts',(115.37617582327,70.1919772689367,-19.));
#11139=CARTESIAN_POINT('Ctrl Pts',(115.37617582327,70.1919772689367,-12.));
#11140=CARTESIAN_POINT('Ctrl Pts',(115.378518555908,70.1586754242196,-19.));
#11141=CARTESIAN_POINT('Ctrl Pts',(115.378518555908,70.1586754242196,-12.));
#11142=CARTESIAN_POINT('',(115.371513073421,70.2586754241751,-12.));
#11143=CARTESIAN_POINT('',(115.371513073421,70.2586754241751,-19.));
#11144=CARTESIAN_POINT('',(115.378518555911,70.1586754241751,-12.));
#11145=CARTESIAN_POINT('Ctrl Pts',(115.371513073421,70.2586754241751,-12.));
#11146=CARTESIAN_POINT('Ctrl Pts',(115.37384066254,70.225310540205,-12.));
#11147=CARTESIAN_POINT('Ctrl Pts',(115.37617582327,70.1919772689367,-12.));
#11148=CARTESIAN_POINT('Ctrl Pts',(115.378518555908,70.1586754242196,-12.));
#11149=CARTESIAN_POINT('',(115.378518555911,70.1586754241751,-19.));
#11150=CARTESIAN_POINT('Ctrl Pts',(115.378518555911,70.1586754241751,-19.));
#11151=CARTESIAN_POINT('Ctrl Pts',(115.378518555911,70.1586754241751,-12.));
#11152=CARTESIAN_POINT('Ctrl Pts',(115.704810407385,65.5204506468806,-19.));
#11153=CARTESIAN_POINT('Ctrl Pts',(115.704810407385,65.5204506468806,-12.));
#11154=CARTESIAN_POINT('Ctrl Pts',(116.17798554991,61.4918522104157,-19.));
#11155=CARTESIAN_POINT('Ctrl Pts',(116.17798554991,61.4918522104157,-12.));
#11156=CARTESIAN_POINT('Ctrl Pts',(117.995363764465,50.0117885116599,-19.));
#11157=CARTESIAN_POINT('Ctrl Pts',(117.995363764465,50.0117885116599,-12.));
#11158=CARTESIAN_POINT('Ctrl Pts',(119.642006235619,43.5348054475899,-19.));
#11159=CARTESIAN_POINT('Ctrl Pts',(119.642006235619,43.5348054475899,-12.));
#11160=CARTESIAN_POINT('Ctrl Pts',(120.944643435663,37.4,-19.));
#11161=CARTESIAN_POINT('Ctrl Pts',(120.944643435663,37.4,-12.));
#11162=CARTESIAN_POINT('Ctrl Pts',(115.378518555911,70.1586754241751,-12.));
#11163=CARTESIAN_POINT('Ctrl Pts',(115.704810407385,65.5204506468806,-12.));
#11164=CARTESIAN_POINT('Ctrl Pts',(116.17798554991,61.4918522104157,-12.));
#11165=CARTESIAN_POINT('Ctrl Pts',(116.798852722887,57.5699417147616,-12.));
#11166=CARTESIAN_POINT('Ctrl Pts',(116.798852722887,57.5699417147616,-12.));
#11167=CARTESIAN_POINT('Ctrl Pts',(117.995363764465,50.0117885116599,-12.));
#11168=CARTESIAN_POINT('Ctrl Pts',(119.642006235619,43.5348054475899,-12.));
#11169=CARTESIAN_POINT('Ctrl Pts',(120.944643435663,37.4,-12.));
#11170=CARTESIAN_POINT('',(120.944643435663,37.4,-19.));
#11171=CARTESIAN_POINT('Ctrl Pts',(120.944643435663,37.4,-19.));
#11172=CARTESIAN_POINT('Ctrl Pts',(120.944643435663,37.4,-12.));
#11173=CARTESIAN_POINT('Ctrl Pts',(121.894360124968,32.9272833302957,-19.));
#11174=CARTESIAN_POINT('Ctrl Pts',(121.894360124968,32.9272833302957,-12.));
#11175=CARTESIAN_POINT('Ctrl Pts',(122.526762265793,29.2810784863878,-19.));
#11176=CARTESIAN_POINT('Ctrl Pts',(122.526762265793,29.2810784863878,-12.));
#11177=CARTESIAN_POINT('Ctrl Pts',(122.899944075853,24.9999999999984,-19.));
#11178=CARTESIAN_POINT('Ctrl Pts',(122.899944075853,24.9999999999984,-12.));
#11179=CARTESIAN_POINT('',(122.899944075853,24.9999999999984,-19.));
#11180=CARTESIAN_POINT('Ctrl Pts',(122.899944075853,24.9999999999982,-19.));
#11181=CARTESIAN_POINT('Ctrl Pts',(122.899944075853,24.9999999999982,-12.));
#11182=CARTESIAN_POINT('Ctrl Pts',(123.07718776413,22.9666904434441,-19.));
#11183=CARTESIAN_POINT('Ctrl Pts',(123.07718776413,22.9666904434441,-12.));
#11184=CARTESIAN_POINT('Ctrl Pts',(123.182665491101,20.9300347544876,-19.));
#11185=CARTESIAN_POINT('Ctrl Pts',(123.182665491101,20.9300347544876,-12.));
#11186=CARTESIAN_POINT('Ctrl Pts',(123.324481904758,16.5440586972802,-19.));
#11187=CARTESIAN_POINT('Ctrl Pts',(123.324481904758,16.5440586972802,-12.));
#11188=CARTESIAN_POINT('Ctrl Pts',(123.349999999998,14.0334782636252,-19.));
#11189=CARTESIAN_POINT('Ctrl Pts',(123.349999999998,14.0334782636252,-12.));
#11190=CARTESIAN_POINT('Ctrl Pts',(123.349999999999,11.6999999999983,-19.));
#11191=CARTESIAN_POINT('Ctrl Pts',(123.349999999999,11.6999999999983,-12.));
#11192=CARTESIAN_POINT('Origin',(142.749999999997,34.3293377120867,-12.));
#11193=CARTESIAN_POINT('Origin',(142.749999999997,34.3293377120867,-12.));
#11194=CARTESIAN_POINT('',(109.357942062511,70.2586754241751,-12.));
#11195=CARTESIAN_POINT('Origin',(142.749999999997,34.3293377120867,-12.));
#11196=CARTESIAN_POINT('',(109.357942062511,70.2586754241751,-12.));
#11197=CARTESIAN_POINT('Origin',(142.749999999997,34.3293377120867,-12.));
#11198=CARTESIAN_POINT('Origin',(91.3499999999998,-1.60000000000456,-19.));
#11199=CARTESIAN_POINT('',(168.15,-1.6,-18.7730624671532));
#11200=CARTESIAN_POINT('',(168.15,-1.59999999999774,-19.));
#11201=CARTESIAN_POINT('',(173.610236200063,-1.6,-17.5727244159797));
#11202=CARTESIAN_POINT('Origin',(164.46696438695,-1.60000000000456,11.));
#11203=CARTESIAN_POINT('',(186.738896952105,-1.6,-13.3715529753266));
#11204=CARTESIAN_POINT('Ctrl Pts',(231.030734027405,88.4,-17.0444812178095));
#11205=CARTESIAN_POINT('Ctrl Pts',(231.030734027405,89.4,-17.0444812178095));
#11206=CARTESIAN_POINT('Ctrl Pts',(231.030734027405,90.4,-17.0444812178095));
#11207=CARTESIAN_POINT('Ctrl Pts',(231.030734027405,91.4,-17.0444812178095));
#11208=CARTESIAN_POINT('Ctrl Pts',(232.828123063316,88.4,-16.686965192455));
#11209=CARTESIAN_POINT('Ctrl Pts',(232.828123063316,89.4,-16.686965192455));
#11210=CARTESIAN_POINT('Ctrl Pts',(232.828123063316,90.4,-16.686965192455));
#11211=CARTESIAN_POINT('Ctrl Pts',(232.828123063316,91.4,-16.686965192455));
#11212=CARTESIAN_POINT('Ctrl Pts',(235.694800810961,88.4,-14.7640302863986));
#11213=CARTESIAN_POINT('Ctrl Pts',(235.694800810961,89.4,-14.7640302863986));
#11214=CARTESIAN_POINT('Ctrl Pts',(235.694800810961,90.4,-14.7640302863986));
#11215=CARTESIAN_POINT('Ctrl Pts',(235.694800810961,91.4,-14.7640302863986));
#11216=CARTESIAN_POINT('Ctrl Pts',(236.665127063273,88.4,-11.553429694124));
#11217=CARTESIAN_POINT('Ctrl Pts',(236.665127063273,89.4,-11.553429694124));
#11218=CARTESIAN_POINT('Ctrl Pts',(236.665127063273,90.4,-11.553429694124));
#11219=CARTESIAN_POINT('Ctrl Pts',(236.665127063273,91.4,-11.553429694124));
#11220=CARTESIAN_POINT('Ctrl Pts',(236.665127063273,88.4,-10.1789792245454));
#11221=CARTESIAN_POINT('Ctrl Pts',(236.665127063273,89.4,-10.1789792245454));
#11222=CARTESIAN_POINT('Ctrl Pts',(236.665127063273,90.4,-10.1789792245454));
#11223=CARTESIAN_POINT('Ctrl Pts',(236.665127063273,91.4,-10.1789792245454));
#11224=CARTESIAN_POINT('Ctrl Pts',(231.030734027405,88.4,-17.0444812178095));
#11225=CARTESIAN_POINT('Ctrl Pts',(231.030734027405,89.4,-17.0444812178095));
#11226=CARTESIAN_POINT('Ctrl Pts',(231.030734027405,90.4,-17.0444812178095));
#11227=CARTESIAN_POINT('Ctrl Pts',(231.030734027405,91.4,-17.0444812178095));
#11228=CARTESIAN_POINT('Ctrl Pts',(168.15,11.5151073488106,-19.));
#11229=CARTESIAN_POINT('Ctrl Pts',(168.15,11.5151073488106,-15.));
#11230=CARTESIAN_POINT('Ctrl Pts',(168.15,13.8048430233549,-19.));
#11231=CARTESIAN_POINT('Ctrl Pts',(168.15,13.8048430233549,-15.));
#11232=CARTESIAN_POINT('Ctrl Pts',(168.175418222241,16.2591004199227,-19.));
#11233=CARTESIAN_POINT('Ctrl Pts',(168.175418222241,16.2591004199227,-15.));
#11234=CARTESIAN_POINT('Ctrl Pts',(168.248979043655,18.5341262307549,-19.));
#11235=CARTESIAN_POINT('Ctrl Pts',(168.248979043655,18.5341262307549,-15.));
#11236=CARTESIAN_POINT('Ctrl Pts',(168.311663776124,20.4727857178466,-19.));
#11237=CARTESIAN_POINT('Ctrl Pts',(168.311663776124,20.4727857178466,-15.));
#11238=CARTESIAN_POINT('Ctrl Pts',(168.412362702829,22.4009072813071,-19.));
#11239=CARTESIAN_POINT('Ctrl Pts',(168.412362702829,22.4009072813071,-15.));
#11240=CARTESIAN_POINT('Ctrl Pts',(168.577389168712,24.2940629328688,-19.));
#11241=CARTESIAN_POINT('Ctrl Pts',(168.577389168712,24.2940629328688,-15.));
#11242=CARTESIAN_POINT('',(168.15,11.5151073488106,-18.7730624671532));
#11243=CARTESIAN_POINT('Ctrl Pts',(168.15,11.5151073488106,-18.7730624671532));
#11244=CARTESIAN_POINT('Ctrl Pts',(168.15,11.5767375422185,-18.7730624671532));
#11245=CARTESIAN_POINT('Ctrl Pts',(168.15001841457,11.6383698144468,-18.7730601892218));
#11246=CARTESIAN_POINT('Ctrl Pts',(168.150055476866,11.7,-18.7730556044116));
#11247=CARTESIAN_POINT('',(168.15,11.5151073488106,-19.));
#11248=CARTESIAN_POINT('',(168.577389168712,24.2940629328688,-19.));
#11249=CARTESIAN_POINT('Ctrl Pts',(168.577389168712,24.2940629328688,-19.));
#11250=CARTESIAN_POINT('Ctrl Pts',(168.577389168712,24.2940629328688,-15.));
#11251=CARTESIAN_POINT('Ctrl Pts',(168.925240196801,28.2845504397023,-19.));
#11252=CARTESIAN_POINT('Ctrl Pts',(168.925240196801,28.2845504397023,-15.));
#11253=CARTESIAN_POINT('Ctrl Pts',(169.499995627955,31.6148718324548,-19.));
#11254=CARTESIAN_POINT('Ctrl Pts',(169.499995627955,31.6148718324548,-15.));
#11255=CARTESIAN_POINT('Ctrl Pts',(170.424505991093,35.9688783696296,-19.));
#11256=CARTESIAN_POINT('Ctrl Pts',(170.424505991093,35.9688783696296,-15.));
#11257=CARTESIAN_POINT('',(170.424505991093,35.9688783696296,-19.));
#11258=CARTESIAN_POINT('Ctrl Pts',(170.424505991093,35.9688783696293,-19.));
#11259=CARTESIAN_POINT('Ctrl Pts',(170.424505991093,35.9688783696293,-15.));
#11260=CARTESIAN_POINT('Ctrl Pts',(171.691980613437,41.9380843776797,-19.));
#11261=CARTESIAN_POINT('Ctrl Pts',(171.691980613437,41.9380843776797,-15.));
#11262=CARTESIAN_POINT('Ctrl Pts',(173.380682171583,48.5719145343025,-19.));
#11263=CARTESIAN_POINT('Ctrl Pts',(173.380682171583,48.5719145343025,-15.));
#11264=CARTESIAN_POINT('Ctrl Pts',(174.627348271421,56.4468880058623,-19.));
#11265=CARTESIAN_POINT('Ctrl Pts',(174.627348271421,56.4468880058623,-15.));
#11266=CARTESIAN_POINT('Ctrl Pts',(175.301146419386,60.7031540109236,-19.));
#11267=CARTESIAN_POINT('Ctrl Pts',(175.301146419386,60.7031540109236,-15.));
#11268=CARTESIAN_POINT('Ctrl Pts',(175.80818557981,65.099915799686,-19.));
#11269=CARTESIAN_POINT('Ctrl Pts',(175.80818557981,65.099915799686,-15.));
#11270=CARTESIAN_POINT('Ctrl Pts',(176.147530651152,70.1586754241751,-19.));
#11271=CARTESIAN_POINT('Ctrl Pts',(176.147530651152,70.1586754241751,-15.));
#11272=CARTESIAN_POINT('',(176.147530651152,70.1586754241751,-19.));
#11273=CARTESIAN_POINT('Origin',(117.349999999999,11.6999999999977,-19.));
#11274=CARTESIAN_POINT('',(117.35,-4.53894857757303E-12,-18.7730624671532));
#11275=CARTESIAN_POINT('',(117.349999999999,11.6999999999977,-19.));
#11276=CARTESIAN_POINT('Origin',(176.154211130212,70.2586754241751,-19.));
#11277=CARTESIAN_POINT('',(176.154211130212,70.2586754241751,-19.));
#11278=CARTESIAN_POINT('',(109.357942062511,70.2586754241751,-19.));
#11279=CARTESIAN_POINT('Ctrl Pts',(176.147530651152,70.1586754241751,-19.));
#11280=CARTESIAN_POINT('Ctrl Pts',(176.147530651152,70.1586754241751,-15.));
#11281=CARTESIAN_POINT('Ctrl Pts',(176.149764745977,70.1919800148568,-19.));
#11282=CARTESIAN_POINT('Ctrl Pts',(176.149764745977,70.1919800148568,-15.));
#11283=CARTESIAN_POINT('Ctrl Pts',(176.151991572419,70.2253132985863,-19.));
#11284=CARTESIAN_POINT('Ctrl Pts',(176.151991572419,70.2253132985863,-15.));
#11285=CARTESIAN_POINT('Ctrl Pts',(176.154211130209,70.2586754241751,-19.));
#11286=CARTESIAN_POINT('Ctrl Pts',(176.154211130209,70.2586754241751,-15.));
#11287=CARTESIAN_POINT('Origin',(168.15,-1.6,-19.));
#11288=CARTESIAN_POINT('',(168.15,0.,-18.7730624671532));
#11289=CARTESIAN_POINT('Ctrl Pts',(116.922610831285,24.4789555840562,-19.));
#11290=CARTESIAN_POINT('Ctrl Pts',(116.922610831285,24.4789555840562,-15.));
#11291=CARTESIAN_POINT('Ctrl Pts',(117.087637297169,22.5857999324912,-19.));
#11292=CARTESIAN_POINT('Ctrl Pts',(117.087637297169,22.5857999324912,-15.));
#11293=CARTESIAN_POINT('Ctrl Pts',(117.188336223874,20.6576783690501,-19.));
#11294=CARTESIAN_POINT('Ctrl Pts',(117.188336223874,20.6576783690501,-15.));
#11295=CARTESIAN_POINT('Ctrl Pts',(117.251020956343,18.7190188819415,-19.));
#11296=CARTESIAN_POINT('Ctrl Pts',(117.251020956343,18.7190188819415,-15.));
#11297=CARTESIAN_POINT('Ctrl Pts',(117.324581777758,16.4439930710813,-19.));
#11298=CARTESIAN_POINT('Ctrl Pts',(117.324581777758,16.4439930710813,-15.));
#11299=CARTESIAN_POINT('Ctrl Pts',(117.349999999998,13.9897356744821,-19.));
#11300=CARTESIAN_POINT('Ctrl Pts',(117.349999999998,13.9897356744821,-15.));
#11301=CARTESIAN_POINT('Ctrl Pts',(117.349999999999,11.6999999999977,-19.));
#11302=CARTESIAN_POINT('Ctrl Pts',(117.349999999999,11.6999999999977,-15.));
#11303=CARTESIAN_POINT('',(116.922610831285,24.4789555840565,-19.));
#11304=CARTESIAN_POINT('Ctrl Pts',(115.075494145904,36.1537710424941,-19.));
#11305=CARTESIAN_POINT('Ctrl Pts',(115.075494145904,36.1537710424941,-15.));
#11306=CARTESIAN_POINT('Ctrl Pts',(116.000004457952,31.7997644944584,-19.));
#11307=CARTESIAN_POINT('Ctrl Pts',(116.000004457952,31.7997644944584,-15.));
#11308=CARTESIAN_POINT('Ctrl Pts',(116.574759850024,28.4694430949691,-19.));
#11309=CARTESIAN_POINT('Ctrl Pts',(116.574759850024,28.4694430949691,-15.));
#11310=CARTESIAN_POINT('Ctrl Pts',(116.922610831285,24.4789555840565,-19.));
#11311=CARTESIAN_POINT('Ctrl Pts',(116.922610831285,24.4789555840565,-15.));
#11312=CARTESIAN_POINT('',(115.075494145904,36.1537710424943,-19.));
#11313=CARTESIAN_POINT('Ctrl Pts',(109.364719873932,70.1586754241751,-19.));
#11314=CARTESIAN_POINT('Ctrl Pts',(109.364719873932,70.1586754241751,-15.));
#11315=CARTESIAN_POINT('Ctrl Pts',(109.665032615267,65.7459547378765,-19.));
#11316=CARTESIAN_POINT('Ctrl Pts',(109.665032615267,65.7459547378765,-15.));
#11317=CARTESIAN_POINT('Ctrl Pts',(110.093768385011,61.8359138074866,-19.));
#11318=CARTESIAN_POINT('Ctrl Pts',(110.093768385011,61.8359138074866,-15.));
#11319=CARTESIAN_POINT('Ctrl Pts',(110.651343935961,58.0753106340621,-19.));
#11320=CARTESIAN_POINT('Ctrl Pts',(110.651343935961,58.0753106340621,-15.));
#11321=CARTESIAN_POINT('Ctrl Pts',(110.72304153948,57.591741663251,-19.));
#11322=CARTESIAN_POINT('Ctrl Pts',(110.72304153948,57.591741663251,-15.));
#11323=CARTESIAN_POINT('Ctrl Pts',(110.796819921682,57.1107994015614,-19.));
#11324=CARTESIAN_POINT('Ctrl Pts',(110.796819921682,57.1107994015614,-15.));
#11325=CARTESIAN_POINT('Ctrl Pts',(110.87265208872,56.631780724524,-19.));
#11326=CARTESIAN_POINT('Ctrl Pts',(110.87265208872,56.631780724524,-15.));
#11327=CARTESIAN_POINT('Ctrl Pts',(112.119318102745,48.75680723939,-19.));
#11328=CARTESIAN_POINT('Ctrl Pts',(112.119318102745,48.75680723939,-15.));
#11329=CARTESIAN_POINT('Ctrl Pts',(113.808019588605,42.1229770643567,-19.));
#11330=CARTESIAN_POINT('Ctrl Pts',(113.808019588605,42.1229770643567,-15.));
#11331=CARTESIAN_POINT('Ctrl Pts',(115.075494145904,36.1537710424943,-19.));
#11332=CARTESIAN_POINT('Ctrl Pts',(115.075494145904,36.1537710424943,-15.));
#11333=CARTESIAN_POINT('',(109.364719873932,70.1586754241751,-19.));
#11334=CARTESIAN_POINT('Ctrl Pts',(109.357942062512,70.2586754241751,-19.));
#11335=CARTESIAN_POINT('Ctrl Pts',(109.357942062512,70.2586754241751,-15.));
#11336=CARTESIAN_POINT('Ctrl Pts',(109.360194017677,70.2253133551872,-19.));
#11337=CARTESIAN_POINT('Ctrl Pts',(109.360194017677,70.2253133551872,-15.));
#11338=CARTESIAN_POINT('Ctrl Pts',(109.362453288091,70.1919800724767,-19.));
#11339=CARTESIAN_POINT('Ctrl Pts',(109.362453288091,70.1919800724767,-15.));
#11340=CARTESIAN_POINT('Ctrl Pts',(109.364719873932,70.1586754241751,-19.));
#11341=CARTESIAN_POINT('Ctrl Pts',(109.364719873932,70.1586754241751,-15.));
#11342=CARTESIAN_POINT('Origin',(164.46696438695,0.,11.));
#11343=CARTESIAN_POINT('',(173.610236200063,0.,-17.5727244159797));
#11344=CARTESIAN_POINT('Origin',(121.03303561305,-4.21147244962768E-12,
11.));
#11345=CARTESIAN_POINT('Ctrl Pts',(90.2326834080546,91.3999999999953,-25.));
#11346=CARTESIAN_POINT('Ctrl Pts',(90.2326834080553,83.3999999999953,-25.));
#11347=CARTESIAN_POINT('Ctrl Pts',(89.9995125418301,91.3999999999953,-24.9432254362832));
#11348=CARTESIAN_POINT('Ctrl Pts',(89.9995125418308,83.3999999999953,-24.9432254362832));
#11349=CARTESIAN_POINT('Ctrl Pts',(89.7663416756056,91.3999999999953,-24.8864508725664));
#11350=CARTESIAN_POINT('Ctrl Pts',(89.7663416756063,83.3999999999953,-24.8864508725664));
#11351=CARTESIAN_POINT('Ctrl Pts',(89.5331708093811,91.3999999999953,-24.8296763088496));
#11352=CARTESIAN_POINT('Ctrl Pts',(89.5331708093818,83.3999999999953,-24.8296763088496));
#11353=CARTESIAN_POINT('Ctrl Pts',(83.4110251210492,91.3999999999947,-23.3390005821018));
#11354=CARTESIAN_POINT('Ctrl Pts',(83.4110251210499,83.3999999999947,-23.3390005821018));
#11355=CARTESIAN_POINT('Ctrl Pts',(77.3139042691715,91.3999999999942,-21.9174367415661));
#11356=CARTESIAN_POINT('Ctrl Pts',(77.3139042691722,83.3999999999942,-21.9174367415661));
#11357=CARTESIAN_POINT('Ctrl Pts',(71.1689102347402,91.3999999999936,-20.5577616963671));
#11358=CARTESIAN_POINT('Ctrl Pts',(71.1689102347409,83.3999999999936,-20.5577616963671));
#11359=CARTESIAN_POINT('Ctrl Pts',(63.2387480103797,91.399999999993,-18.8030905574813));
#11360=CARTESIAN_POINT('Ctrl Pts',(63.2387480103804,83.3999999999929,-18.8030905574813));
#11361=CARTESIAN_POINT('Ctrl Pts',(57.2025740913953,91.3999999999924,-17.5881484678756));
#11362=CARTESIAN_POINT('Ctrl Pts',(57.202574091396,83.3999999999924,-17.5881484678756));
#11363=CARTESIAN_POINT('Ctrl Pts',(54.4660924193298,91.3999999999922,-17.0438499773961));
#11364=CARTESIAN_POINT('Ctrl Pts',(54.4660924193305,83.3999999999922,-17.0438499773961));
#11365=CARTESIAN_POINT('Ctrl Pts',(54.1582788588541,91.3999999999921,-16.9826244782355));
#11366=CARTESIAN_POINT('Ctrl Pts',(54.1582788588549,83.3999999999921,-16.9826244782355));
#11367=CARTESIAN_POINT('Ctrl Pts',(53.8920014877722,91.3999999999921,-16.9298422910608));
#11368=CARTESIAN_POINT('Ctrl Pts',(53.8920014877729,83.3999999999921,-16.9298422910608));
#11369=CARTESIAN_POINT('Ctrl Pts',(53.6682407547917,91.3999999999921,-16.8854880300696));
#11370=CARTESIAN_POINT('Ctrl Pts',(53.6682407547924,83.3999999999921,-16.8854880300696));
#11371=CARTESIAN_POINT('Ctrl Pts',(52.0571181487673,91.399999999992,-16.5661283658216));
#11372=CARTESIAN_POINT('Ctrl Pts',(52.057118148768,83.3999999999919,-16.5661283658216));
#11373=CARTESIAN_POINT('Ctrl Pts',(50.445995542743,91.3999999999918,-16.2467687015737));
#11374=CARTESIAN_POINT('Ctrl Pts',(50.4459955427437,83.3999999999918,-16.2467687015737));
#11375=CARTESIAN_POINT('Ctrl Pts',(48.8348729367186,91.3999999999917,-15.9274090373258));
#11376=CARTESIAN_POINT('Ctrl Pts',(48.8348729367193,83.3999999999917,-15.9274090373258));
#11377=CARTESIAN_POINT('',(90.2326834080548,88.3999999999953,-25.));
#11378=CARTESIAN_POINT('Ctrl Pts',(195.267316591937,91.4,-25.));
#11379=CARTESIAN_POINT('Ctrl Pts',(195.267316591937,83.4,-25.));
#11380=CARTESIAN_POINT('Ctrl Pts',(195.500487458162,91.4,-24.9432254362832));
#11381=CARTESIAN_POINT('Ctrl Pts',(195.500487458162,83.4,-24.9432254362832));
#11382=CARTESIAN_POINT('Ctrl Pts',(195.733658324386,91.4,-24.8864508725664));
#11383=CARTESIAN_POINT('Ctrl Pts',(195.733658324386,83.4,-24.8864508725664));
#11384=CARTESIAN_POINT('Ctrl Pts',(195.966829190611,91.4,-24.8296763088496));
#11385=CARTESIAN_POINT('Ctrl Pts',(195.966829190611,83.4,-24.8296763088496));
#11386=CARTESIAN_POINT('Ctrl Pts',(202.088974878942,91.4,-23.3390005821018));
#11387=CARTESIAN_POINT('Ctrl Pts',(202.088974878942,83.4,-23.3390005821018));
#11388=CARTESIAN_POINT('Ctrl Pts',(208.18609573082,91.4,-21.9174367415661));
#11389=CARTESIAN_POINT('Ctrl Pts',(208.18609573082,83.4,-21.9174367415661));
#11390=CARTESIAN_POINT('Ctrl Pts',(214.331089765251,91.4,-20.5577616963671));
#11391=CARTESIAN_POINT('Ctrl Pts',(214.331089765251,83.4,-20.5577616963671));
#11392=CARTESIAN_POINT('Ctrl Pts',(222.261251989612,91.4,-18.8030905574813));
#11393=CARTESIAN_POINT('Ctrl Pts',(222.261251989612,83.4,-18.8030905574813));
#11394=CARTESIAN_POINT('Ctrl Pts',(228.297425908596,91.4,-17.5881484678756));
#11395=CARTESIAN_POINT('Ctrl Pts',(228.297425908596,83.4,-17.5881484678756));
#11396=CARTESIAN_POINT('Ctrl Pts',(231.033907580662,91.4,-17.0438499773961));
#11397=CARTESIAN_POINT('Ctrl Pts',(231.033907580662,83.4,-17.0438499773961));
#11398=CARTESIAN_POINT('Ctrl Pts',(231.341721141137,91.4,-16.9826244782355));
#11399=CARTESIAN_POINT('Ctrl Pts',(231.341721141137,83.4,-16.9826244782355));
#11400=CARTESIAN_POINT('Ctrl Pts',(231.607998512219,91.4,-16.9298422910608));
#11401=CARTESIAN_POINT('Ctrl Pts',(231.607998512219,83.4,-16.9298422910608));
#11402=CARTESIAN_POINT('Ctrl Pts',(231.8317592452,91.4,-16.8854880300696));
#11403=CARTESIAN_POINT('Ctrl Pts',(231.8317592452,83.4,-16.8854880300696));
#11404=CARTESIAN_POINT('Ctrl Pts',(233.442881851224,91.4,-16.5661283658216));
#11405=CARTESIAN_POINT('Ctrl Pts',(233.442881851224,83.4,-16.5661283658216));
#11406=CARTESIAN_POINT('Ctrl Pts',(235.054004457249,91.4,-16.2467687015737));
#11407=CARTESIAN_POINT('Ctrl Pts',(235.054004457249,83.4,-16.2467687015737));
#11408=CARTESIAN_POINT('Ctrl Pts',(236.665127063273,91.4,-15.9274090373258));
#11409=CARTESIAN_POINT('Ctrl Pts',(236.665127063273,83.4,-15.9274090373258));
#11410=CARTESIAN_POINT('',(195.267316591937,88.4,-25.));
#11411=CARTESIAN_POINT('Origin',(176.665127063273,88.4,-25.));
#11412=CARTESIAN_POINT('Origin',(181.65,0.,-15.));
#11413=UNCERTAINTY_MEASURE_WITH_UNIT(LENGTH_MEASURE(0.01),#11417,
'DISTANCE_ACCURACY_VALUE',
'Maximum model space distance between geometric entities at asserted c
onnectivities');
#11414=UNCERTAINTY_MEASURE_WITH_UNIT(LENGTH_MEASURE(0.01),#11417,
'DISTANCE_ACCURACY_VALUE',
'Maximum model space distance between geometric entities at asserted c
onnectivities');
#11415=(
GEOMETRIC_REPRESENTATION_CONTEXT(3)
GLOBAL_UNCERTAINTY_ASSIGNED_CONTEXT((#11413))
GLOBAL_UNIT_ASSIGNED_CONTEXT((#11417,#11419,#11420))
REPRESENTATION_CONTEXT('','3D')
);
#11416=(
GEOMETRIC_REPRESENTATION_CONTEXT(3)
GLOBAL_UNCERTAINTY_ASSIGNED_CONTEXT((#11414))
GLOBAL_UNIT_ASSIGNED_CONTEXT((#11417,#11419,#11420))
REPRESENTATION_CONTEXT('','3D')
);
#11417=(
LENGTH_UNIT()
NAMED_UNIT(*)
SI_UNIT(.MILLI.,.METRE.)
);
#11418=(
LENGTH_UNIT()
NAMED_UNIT(*)
SI_UNIT($,.METRE.)
);
#11419=(
NAMED_UNIT(*)
PLANE_ANGLE_UNIT()
SI_UNIT($,.RADIAN.)
);
#11420=(
NAMED_UNIT(*)
SI_UNIT($,.STERADIAN.)
SOLID_ANGLE_UNIT()
);
#11421=SHAPE_DEFINITION_REPRESENTATION(#11422,#11423);
#11422=PRODUCT_DEFINITION_SHAPE('',$,#11425);
#11423=SHAPE_REPRESENTATION('',(#4570),#11415);
#11424=PRODUCT_DEFINITION_CONTEXT('part definition',#11429,'design');
#11425=PRODUCT_DEFINITION('Base Towers','Base Towers',#11426,#11424);
#11426=PRODUCT_DEFINITION_FORMATION('',$,#11431);
#11427=PRODUCT_RELATED_PRODUCT_CATEGORY('Base Towers','Base Towers',(#11431));
#11428=APPLICATION_PROTOCOL_DEFINITION('international standard',
'automotive_design',2009,#11429);
#11429=APPLICATION_CONTEXT(
'Core Data for Automotive Mechanical Design Process');
#11430=PRODUCT_CONTEXT('part definition',#11429,'mechanical');
#11431=PRODUCT('Base Towers','Base Towers',$,(#11430));
#11432=PRESENTATION_STYLE_ASSIGNMENT((#11433));
#11433=SURFACE_STYLE_USAGE(.BOTH.,#11434);
#11434=SURFACE_SIDE_STYLE('',(#11435));
#11435=SURFACE_STYLE_FILL_AREA(#11436);
#11436=FILL_AREA_STYLE('Steel - Satin',(#11437));
#11437=FILL_AREA_STYLE_COLOUR('Steel - Satin',#11438);
#11438=COLOUR_RGB('Steel - Satin',0.627450980392157,0.627450980392157,0.627450980392157);
ENDSEC;
END-ISO-10303-21;
