ISO-10303-21;
HEADER;
/* Generated by software containing ST-Developer
 * from STEP Tools, Inc. (www.steptools.com) 
 */

FILE_DESCRIPTION(
/* description */ (''),
/* implementation_level */ '2;1');

FILE_NAME(
/* name */ 'Base Cover.step',
/* time_stamp */ '2025-05-01T08:19:06+01:00',
/* author */ (''),
/* organization */ (''),
/* preprocessor_version */ 'ST-DEVELOPER v20.1',
/* originating_system */ 'Autodesk Translation Framework v14.4.0.0',
/* authorisation */ '');

FILE_SCHEMA (('AUTOMOTIVE_DESIGN { 1 0 10303 214 3 1 1 }'));
ENDSEC;

DATA;
#10=MECHANICAL_DESIGN_GEOMETRIC_PRESENTATION_REPRESENTATION('',(#13),#2114);
#11=SHAPE_REPRESENTATION_RELATIONSHIP('SRR','None',#2121,#12);
#12=ADVANCED_BREP_SHAPE_REPRESENTATION('',(#14),#2113);
#13=STYLED_ITEM('',(#2130),#14);
#14=MANIFOLD_SOLID_BREP('Base Cover',#883);
#15=B_SPLINE_SURFACE_WITH_KNOTS('',3,3,((#1670,#1671,#1672,#1673,#1674,
#1675),(#1676,#1677,#1678,#1679,#1680,#1681),(#1682,#1683,#1684,#1685,#1686,
#1687),(#1688,#1689,#1690,#1691,#1692,#1693)),.UNSPECIFIED.,.F.,.F.,.F.,
(4,4),(4,1,1,4),(0.516964032036428,1.),(2.44545326582457E-15,2.51736565345012,
4.19560942241687,5.87385319138361),.UNSPECIFIED.);
#16=B_SPLINE_SURFACE_WITH_KNOTS('',3,1,((#1842,#1843),(#1844,#1845),(#1846,
#1847),(#1848,#1849),(#1850,#1851),(#1852,#1853),(#1854,#1855)),
 .UNSPECIFIED.,.F.,.F.,.F.,(4,3,4),(2,2),(0.,0.700043479088086,1.2961381329355),
(0.,0.4),.UNSPECIFIED.);
#17=B_SPLINE_SURFACE_WITH_KNOTS('',3,1,((#1857,#1858),(#1859,#1860),(#1861,
#1862),(#1863,#1864)),.UNSPECIFIED.,.F.,.F.,.F.,(4,4),(2,2),(0.,1.28919385287813),
(0.,0.4),.UNSPECIFIED.);
#18=B_SPLINE_SURFACE_WITH_KNOTS('',3,1,((#1872,#1873),(#1874,#1875),(#1876,
#1877),(#1878,#1879),(#1880,#1881),(#1882,#1883),(#1884,#1885)),
 .UNSPECIFIED.,.F.,.F.,.F.,(4,3,4),(2,2),(0.,0.612306032145838,1.33138787970325),
(0.,0.4),.UNSPECIFIED.);
#19=B_SPLINE_SURFACE_WITH_KNOTS('',3,1,((#1892,#1893),(#1894,#1895),(#1896,
#1897),(#1898,#1899)),.UNSPECIFIED.,.F.,.F.,.F.,(4,4),(2,2),(0.0515006252706583,
1.44324031315974),(0.,0.4),.UNSPECIFIED.);
#20=B_SPLINE_SURFACE_WITH_KNOTS('',3,1,((#1951,#1952),(#1953,#1954),(#1955,
#1956),(#1957,#1958),(#1959,#1960),(#1961,#1962),(#1963,#1964)),
 .UNSPECIFIED.,.F.,.F.,.F.,(4,3,4),(2,2),(1.45943439692774,3.31603382899403,
6.79287139607515),(0.,0.4),.UNSPECIFIED.);
#21=B_SPLINE_SURFACE_WITH_KNOTS('',3,1,((#1977,#1978),(#1979,#1980),(#1981,
#1982),(#1983,#1984),(#1985,#1986),(#1987,#1988),(#1989,#1990),(#1991,#1992),
(#1993,#1994),(#1995,#1996)),.UNSPECIFIED.,.F.,.F.,.F.,(4,3,3,4),(2,2),
(0.051014058066476,1.92598652619888,2.03306238209069,2.92718416538308),
(0.,0.4),.UNSPECIFIED.);
#22=B_SPLINE_SURFACE_WITH_KNOTS('',3,3,((#2000,#2001,#2002,#2003,#2004,
#2005,#2006),(#2007,#2008,#2009,#2010,#2011,#2012,#2013),(#2014,#2015,#2016,
#2017,#2018,#2019,#2020),(#2021,#2022,#2023,#2024,#2025,#2026,#2027)),
 .UNSPECIFIED.,.F.,.F.,.F.,(4,4),(4,1,1,1,4),(0.,0.482529986544661),(1.04345226683947E-13,
1.25866570790049,2.51733141580087,4.19555235966805,5.87377330353522),
 .UNSPECIFIED.);
#23=B_SPLINE_SURFACE_WITH_KNOTS('',3,1,((#2031,#2032),(#2033,#2034),(#2035,
#2036),(#2037,#2038),(#2039,#2040),(#2041,#2042),(#2043,#2044)),
 .UNSPECIFIED.,.F.,.F.,.F.,(4,3,4),(2,2),(0.,0.700043479088086,1.2961381329355),
(0.,0.7),.UNSPECIFIED.);
#24=B_SPLINE_SURFACE_WITH_KNOTS('',3,1,((#2046,#2047),(#2048,#2049),(#2050,
#2051),(#2052,#2053)),.UNSPECIFIED.,.F.,.F.,.F.,(4,4),(2,2),(0.,1.28919385287813),
(0.,0.7),.UNSPECIFIED.);
#25=B_SPLINE_SURFACE_WITH_KNOTS('',3,1,((#2055,#2056),(#2057,#2058),(#2059,
#2060),(#2061,#2062),(#2063,#2064),(#2065,#2066),(#2067,#2068)),
 .UNSPECIFIED.,.F.,.F.,.F.,(4,3,4),(2,2),(0.051014058066476,1.92598652619888,
2.89840323534959),(0.,0.7),.UNSPECIFIED.);
#26=B_SPLINE_SURFACE_WITH_KNOTS('',3,1,((#2069,#2070),(#2071,#2072),(#2073,
#2074),(#2075,#2076),(#2077,#2078),(#2079,#2080),(#2081,#2082)),
 .UNSPECIFIED.,.F.,.F.,.F.,(4,3,4),(2,2),(1.5128420474286,3.31603382899403,
6.79287139607515),(0.,0.7),.UNSPECIFIED.);
#27=B_SPLINE_SURFACE_WITH_KNOTS('',3,1,((#2084,#2085),(#2086,#2087),(#2088,
#2089),(#2090,#2091)),.UNSPECIFIED.,.F.,.F.,.F.,(4,4),(2,2),(0.0515006252706583,
1.44324031315974),(0.,0.7),.UNSPECIFIED.);
#28=B_SPLINE_SURFACE_WITH_KNOTS('',3,1,((#2093,#2094),(#2095,#2096),(#2097,
#2098),(#2099,#2100),(#2101,#2102),(#2103,#2104),(#2105,#2106)),
 .UNSPECIFIED.,.F.,.F.,.F.,(4,3,4),(2,2),(0.,0.612306032145838,1.33138787970325),
(0.,0.7),.UNSPECIFIED.);
#29=FACE_BOUND('',#152,.T.);
#30=FACE_BOUND('',#155,.T.);
#31=FACE_BOUND('',#158,.T.);
#32=FACE_BOUND('',#161,.T.);
#33=FACE_BOUND('',#169,.T.);
#34=FACE_BOUND('',#170,.T.);
#35=FACE_BOUND('',#172,.T.);
#36=FACE_BOUND('',#173,.T.);
#37=B_SPLINE_CURVE_WITH_KNOTS('',3,(#1183,#1184,#1185,#1186,#1187,#1188,
#1189),.UNSPECIFIED.,.F.,.F.,(4,3,4),(-2.89840323534959,-1.92598652619888,
-0.051014058066476),.UNSPECIFIED.);
#38=B_SPLINE_CURVE_WITH_KNOTS('',3,(#1191,#1192,#1193,#1194),
 .UNSPECIFIED.,.F.,.F.,(4,4),(-1.28919385287813,0.),.UNSPECIFIED.);
#39=B_SPLINE_CURVE_WITH_KNOTS('',3,(#1196,#1197,#1198,#1199,#1200,#1201,
#1202),.UNSPECIFIED.,.F.,.F.,(4,3,4),(-1.2961381329355,-0.700043479088086,
0.),.UNSPECIFIED.);
#40=B_SPLINE_CURVE_WITH_KNOTS('',3,(#1210,#1211,#1212,#1213,#1214,#1215,
#1216),.UNSPECIFIED.,.F.,.F.,(4,3,4),(-1.33138787970325,-0.612306032145838,
0.),.UNSPECIFIED.);
#41=B_SPLINE_CURVE_WITH_KNOTS('',3,(#1218,#1219,#1220,#1221),
 .UNSPECIFIED.,.F.,.F.,(4,4),(-1.44324031315974,-0.0515006252706583),
 .UNSPECIFIED.);
#42=B_SPLINE_CURVE_WITH_KNOTS('',3,(#1222,#1223,#1224,#1225,#1226,#1227,
#1228),.UNSPECIFIED.,.F.,.F.,(4,3,4),(-6.79287139607515,-3.31603382899403,
-1.5128420474286),.UNSPECIFIED.);
#43=B_SPLINE_CURVE_WITH_KNOTS('',3,(#1263,#1264,#1265,#1266),
 .UNSPECIFIED.,.F.,.F.,(4,4),(1.45943439692774,1.63394759007512),
 .UNSPECIFIED.);
#44=B_SPLINE_CURVE_WITH_KNOTS('',3,(#1268,#1269,#1270,#1271),
 .UNSPECIFIED.,.F.,.F.,(4,4),(4.6774405790552,5.87377330353522),
 .UNSPECIFIED.);
#45=B_SPLINE_CURVE_WITH_KNOTS('',3,(#1275,#1276,#1277,#1278,#1279,#1280,
#1281),.UNSPECIFIED.,.F.,.F.,(4,1,1,1,4),(0.204102257763401,1.25866570790049,
2.51733141580087,4.19555235966805,4.40959567454744),.UNSPECIFIED.);
#46=B_SPLINE_CURVE_WITH_KNOTS('',3,(#1295,#1296,#1297,#1298,#1299,#1300),
 .UNSPECIFIED.,.F.,.F.,(4,1,1,4),(-4.40848642914348,-4.19560942241687,-2.51736565345012,
-0.204656582767909),.UNSPECIFIED.);
#47=B_SPLINE_CURVE_WITH_KNOTS('',3,(#1306,#1307,#1308,#1309),
 .UNSPECIFIED.,.F.,.F.,(4,4),(-5.87385319138361,-4.67750187742952),
 .UNSPECIFIED.);
#48=B_SPLINE_CURVE_WITH_KNOTS('',3,(#1310,#1311,#1312,#1313),
 .UNSPECIFIED.,.F.,.F.,(4,4),(2.83310595826535,2.92718416538308),
 .UNSPECIFIED.);
#49=B_SPLINE_CURVE_WITH_KNOTS('',3,(#1320,#1321,#1322,#1323,#1324,#1325,
#1326,#1327,#1328,#1329,#1330,#1331,#1332,#1333,#1334,#1335,#1336,#1337,
#1338),.UNSPECIFIED.,.F.,.F.,(4,3,3,3,3,3,4),(-0.379193314884948,-0.348339196260635,
-0.34625009531796,-0.324590851720324,-0.314661075361297,-0.309150865249644,
-0.306308397943914),.UNSPECIFIED.);
#50=B_SPLINE_CURVE_WITH_KNOTS('',3,(#1339,#1340,#1341,#1342,#1343,#1344,
#1345,#1346,#1347,#1348,#1349,#1350),.UNSPECIFIED.,.F.,.F.,(4,2,2,2,2,4),
(0.158114834679607,0.169523243941027,0.226026791312102,0.28258043069293,
0.339134070073758,0.382522138783426),.UNSPECIFIED.);
#51=B_SPLINE_CURVE_WITH_KNOTS('',3,(#1351,#1352,#1353,#1354,#1355,#1356,
#1357,#1358,#1359,#1360,#1361,#1362,#1363,#1364,#1365,#1366,#1367,#1368,
#1369,#1370,#1371,#1372,#1373,#1374,#1375,#1376,#1377,#1378,#1379,#1380,
#1381,#1382,#1383,#1384,#1385,#1386,#1387,#1388,#1389,#1390,#1391,#1392,
#1393),.UNSPECIFIED.,.F.,.F.,(4,3,3,3,3,3,3,3,3,3,3,3,3,3,4),(-0.306308397943914,
-0.304504693411599,-0.298993567373895,-0.289059668965826,-0.259431013936787,
-0.250913895931548,-0.222647162908212,-0.183640830949077,-0.164533321067641,
-0.132685905364365,-0.113432452447697,-0.0840647607927771,-0.0546970691378572,
-0.0243664926477844,0.),.UNSPECIFIED.);
#52=B_SPLINE_CURVE_WITH_KNOTS('',3,(#1402,#1403,#1404,#1405,#1406,#1407,
#1408,#1409,#1410,#1411,#1412,#1413),.UNSPECIFIED.,.F.,.F.,(4,2,2,2,2,4),
(0.0696414963781576,0.113029729203461,0.169582376891659,0.226135024579857,
0.282638471948401,0.292761775289831),.UNSPECIFIED.);
#53=B_SPLINE_CURVE_WITH_KNOTS('',3,(#1414,#1415,#1416,#1417,#1418,#1419,
#1420,#1421,#1422,#1423,#1424,#1425,#1426,#1427,#1428,#1429,#1430,#1431,
#1432,#1433,#1434,#1435,#1436,#1437,#1438,#1439,#1440,#1441,#1442,#1443,
#1444,#1445,#1446,#1447,#1448,#1449,#1450,#1451,#1452,#1453,#1454,#1455,
#1456,#1457,#1458,#1459,#1460,#1461,#1462,#1463,#1464,#1465,#1466,#1467,
#1468,#1469,#1470,#1471,#1472,#1473,#1474),.UNSPECIFIED.,.F.,.F.,(4,3,3,
3,3,3,3,3,3,3,3,3,3,3,3,3,3,3,3,3,4),(-0.377739285415446,-0.347012018179235,
-0.339916980161597,-0.310807677571035,-0.304113847496176,-0.27457491673155,
-0.248410192721674,-0.214332307843939,-0.196685623400041,-0.159307599827388,
-0.149836090852281,-0.118719720719882,-0.111573190522969,-0.0883168848904532,
-0.0794273472073691,-0.074146905300071,-0.0694822550973687,-0.0636785913971107,
-0.0524078009969919,-0.022190669830725,0.),.UNSPECIFIED.);
#54=B_SPLINE_CURVE_WITH_KNOTS('',3,(#1483,#1484,#1485,#1486,#1487,#1488,
#1489,#1490,#1491,#1492,#1493,#1494,#1495,#1496,#1497,#1498,#1499,#1500,
#1501,#1502,#1503,#1504,#1505,#1506,#1507,#1508,#1509,#1510,#1511,#1512,
#1513,#1514,#1515,#1516,#1517,#1518,#1519,#1520,#1521,#1522,#1523,#1524,
#1525,#1526,#1527,#1528,#1529,#1530,#1531,#1532,#1533,#1534,#1535,#1536,
#1537,#1538,#1539,#1540),.UNSPECIFIED.,.F.,.F.,(4,3,3,3,3,3,3,3,3,3,3,3,
3,3,3,3,3,3,3,4),(-0.612809993119729,-0.582667441231042,-0.57305882586134,
-0.544203238043696,-0.535542210865504,-0.506386842851645,-0.479947783047147,
-0.448171104206326,-0.42837540442407,-0.395763403003038,-0.381772575799274,
-0.351868078548958,-0.344805801407837,-0.323333470086448,-0.313918592121055,
-0.308513856894676,-0.303851718174324,-0.298193129277812,-0.287629059244734,
-0.25777763068243),.UNSPECIFIED.);
#55=B_SPLINE_CURVE_WITH_KNOTS('',3,(#1541,#1542,#1543,#1544,#1545,#1546,
#1547,#1548,#1549,#1550,#1551,#1552,#1553,#1554,#1555,#1556,#1557,#1558,
#1559,#1560,#1561,#1562,#1563,#1564,#1565,#1566,#1567,#1568,#1569,#1570,
#1571),.UNSPECIFIED.,.F.,.F.,(4,3,3,3,3,3,3,3,3,3,4),(-0.25777763068243,
-0.243331203900675,-0.211469307540599,-0.196155706671039,-0.164040043007601,
-0.138078756095779,-0.108304870722082,-0.0785309853483845,-0.0494581597292595,
-0.0222721213207529,0.),.UNSPECIFIED.);
#56=B_SPLINE_CURVE_WITH_KNOTS('',3,(#1579,#1580,#1581,#1582,#1583,#1584,
#1585,#1586,#1587,#1588,#1589,#1590,#1591,#1592,#1593,#1594,#1595,#1596,
#1597,#1598,#1599,#1600,#1601,#1602,#1603,#1604,#1605,#1606,#1607,#1608,
#1609,#1610,#1611,#1612,#1613,#1614,#1615,#1616,#1617,#1618,#1619,#1620,
#1621,#1622,#1623,#1624,#1625,#1626,#1627,#1628,#1629,#1630,#1631,#1632,
#1633,#1634,#1635,#1636,#1637,#1638,#1639,#1640,#1641,#1642,#1643,#1644,
#1645,#1646,#1647,#1648,#1649,#1650,#1651,#1652,#1653,#1654,#1655,#1656,
#1657,#1658,#1659,#1660,#1661,#1662,#1663,#1664,#1665,#1666),
 .UNSPECIFIED.,.F.,.F.,(4,3,3,3,3,3,3,3,3,3,3,3,3,3,3,3,3,3,3,3,3,3,3,3,
3,3,3,3,3,4),(-0.610203608829512,-0.580148870185479,-0.571572280327109,
-0.54272226802318,-0.535040848272238,-0.505942667158418,-0.479393086440695,
-0.447849360149591,-0.427761501801778,-0.395214112516548,-0.381078416884603,
-0.351110307460441,-0.343754301257344,-0.322255590026745,-0.312720116285388,
-0.307285203599985,-0.302619892673358,-0.296985699794062,-0.286548619386766,
-0.257422205223343,-0.24364766743391,-0.211861244081541,-0.196192250915035,
-0.163777996831781,-0.138202328046447,-0.10843351003794,-0.0786646920294338,
-0.0496175346902965,-0.0223084878804934,0.),.UNSPECIFIED.);
#57=B_SPLINE_CURVE_WITH_KNOTS('',3,(#1697,#1698,#1699,#1700),
 .UNSPECIFIED.,.F.,.F.,(4,4),(-1.03730569053484,0.),.UNSPECIFIED.);
#58=B_SPLINE_CURVE_WITH_KNOTS('',3,(#1702,#1703,#1704,#1705,#1706,#1707),
 .UNSPECIFIED.,.F.,.F.,(4,2,4),(-1.21649199927672,-0.279939609560212,0.),
 .UNSPECIFIED.);
#59=B_SPLINE_CURVE_WITH_KNOTS('',3,(#1708,#1709,#1710,#1711,#1712,#1713,
#1714,#1715,#1716,#1717,#1718,#1719),.UNSPECIFIED.,.F.,.F.,(4,2,2,2,2,4),
(-3.22357745232177,-2.74829590808894,-2.30857246686845,-1.93407920322256,
-1.42398346532414,0.),.UNSPECIFIED.);
#60=B_SPLINE_CURVE_WITH_KNOTS('',3,(#1742,#1743,#1744,#1745,#1746,#1747,
#1748),.UNSPECIFIED.,.F.,.F.,(4,3,4),(0.,2.03957346446825,3.09735716534832),
 .UNSPECIFIED.);
#61=B_SPLINE_CURVE_WITH_KNOTS('',3,(#1750,#1751,#1752,#1753,#1754,#1755,
#1756,#1757,#1758,#1759),.UNSPECIFIED.,.F.,.F.,(4,3,3,4),(0.051014058066476,
1.92598652619888,2.03306238209069,2.92718416538308),.UNSPECIFIED.);
#62=B_SPLINE_CURVE_WITH_KNOTS('',3,(#1761,#1762,#1763,#1764),
 .UNSPECIFIED.,.F.,.F.,(4,4),(0.,1.28919385287813),.UNSPECIFIED.);
#63=B_SPLINE_CURVE_WITH_KNOTS('',3,(#1766,#1767,#1768,#1769,#1770,#1771,
#1772),.UNSPECIFIED.,.F.,.F.,(4,3,4),(0.,0.700043479088086,1.2961381329355),
 .UNSPECIFIED.);
#64=B_SPLINE_CURVE_WITH_KNOTS('',3,(#1780,#1781,#1782,#1783,#1784,#1785,
#1786),.UNSPECIFIED.,.F.,.F.,(4,3,4),(0.,0.711869815368257,1.31803472348102),
 .UNSPECIFIED.);
#65=B_SPLINE_CURVE_WITH_KNOTS('',3,(#1787,#1788,#1789,#1790),
 .UNSPECIFIED.,.F.,.F.,(4,4),(0.,1.26730697888599),.UNSPECIFIED.);
#66=B_SPLINE_CURVE_WITH_KNOTS('',3,(#1793,#1794,#1795,#1796,#1797,#1798,
#1799),.UNSPECIFIED.,.F.,.F.,(4,3,4),(0.,1.17765495978553,3.448359078505),
 .UNSPECIFIED.);
#67=B_SPLINE_CURVE_WITH_KNOTS('',3,(#1801,#1802,#1803,#1804),
 .UNSPECIFIED.,.F.,.F.,(4,4),(0.,1.24970225684833),.UNSPECIFIED.);
#68=B_SPLINE_CURVE_WITH_KNOTS('',3,(#1806,#1807,#1808,#1809,#1810,#1811,
#1812),.UNSPECIFIED.,.F.,.F.,(4,3,4),(0.,0.608265697572506,1.32260264454555),
 .UNSPECIFIED.);
#69=B_SPLINE_CURVE_WITH_KNOTS('',3,(#1820,#1821,#1822,#1823,#1824,#1825,
#1826),.UNSPECIFIED.,.F.,.F.,(4,3,4),(0.,0.612306032145838,1.33138787970325),
 .UNSPECIFIED.);
#70=B_SPLINE_CURVE_WITH_KNOTS('',3,(#1828,#1829,#1830,#1831),
 .UNSPECIFIED.,.F.,.F.,(4,4),(0.0515006252706583,1.44324031315974),
 .UNSPECIFIED.);
#71=B_SPLINE_CURVE_WITH_KNOTS('',3,(#1832,#1833,#1834,#1835,#1836,#1837,
#1838),.UNSPECIFIED.,.F.,.F.,(4,3,4),(1.45943439692774,3.31603382899403,
6.79287139607515),.UNSPECIFIED.);
#72=B_SPLINE_CURVE_WITH_KNOTS('',3,(#1887,#1888,#1889,#1890),
 .UNSPECIFIED.,.F.,.F.,(4,4),(-1.56544563327569,0.),.UNSPECIFIED.);
#73=B_SPLINE_CURVE_WITH_KNOTS('',3,(#1901,#1902,#1903,#1904,#1905,#1906,
#1907,#1908,#1909,#1910,#1911,#1912,#1913,#1914,#1915,#1916,#1917,#1918,
#1919,#1920,#1921,#1922,#1923,#1924,#1925,#1926,#1927,#1928,#1929,#1930,
#1931,#1932,#1933,#1934,#1935,#1936,#1937,#1938,#1939,#1940,#1941,#1942,
#1943,#1944,#1945,#1946,#1947,#1948,#1949),.UNSPECIFIED.,.F.,.F.,(4,3,3,
3,3,3,3,3,3,3,3,3,3,3,3,3,4),(-1.19417481434124,-1.13161480374627,-1.0681506041126,
-1.00390119768797,-0.938005997548468,-0.911322473367757,-0.838858250823061,
-0.765307204507871,-0.689391049384833,-0.625252781447111,-0.531614678235734,
-0.435599919691977,-0.336916199055742,-0.233578464089707,-0.126975702798137,
-0.0148510077197798,0.),.UNSPECIFIED.);
#74=B_SPLINE_CURVE_WITH_KNOTS('',3,(#1965,#1966,#1967,#1968,#1969,#1970,
#1971,#1972,#1973,#1974,#1975,#1976),.UNSPECIFIED.,.F.,.F.,(4,2,2,2,2,4),
(-3.07314624648221,-2.20530629361757,-1.47226071991384,-1.06961093014923,
-0.699820235549307,0.),.UNSPECIFIED.);
#75=PLANE('',#900);
#76=PLANE('',#901);
#77=PLANE('',#907);
#78=PLANE('',#910);
#79=PLANE('',#913);
#80=PLANE('',#914);
#81=PLANE('',#915);
#82=PLANE('',#924);
#83=PLANE('',#928);
#84=PLANE('',#932);
#85=PLANE('',#936);
#86=PLANE('',#949);
#87=PLANE('',#950);
#88=PLANE('',#951);
#89=PLANE('',#952);
#90=PLANE('',#956);
#91=PLANE('',#957);
#92=PLANE('',#958);
#93=FACE_OUTER_BOUND('',#139,.T.);
#94=FACE_OUTER_BOUND('',#140,.T.);
#95=FACE_OUTER_BOUND('',#141,.T.);
#96=FACE_OUTER_BOUND('',#142,.T.);
#97=FACE_OUTER_BOUND('',#143,.T.);
#98=FACE_OUTER_BOUND('',#144,.T.);
#99=FACE_OUTER_BOUND('',#145,.T.);
#100=FACE_OUTER_BOUND('',#146,.T.);
#101=FACE_OUTER_BOUND('',#147,.T.);
#102=FACE_OUTER_BOUND('',#148,.T.);
#103=FACE_OUTER_BOUND('',#149,.T.);
#104=FACE_OUTER_BOUND('',#150,.T.);
#105=FACE_OUTER_BOUND('',#151,.T.);
#106=FACE_OUTER_BOUND('',#153,.T.);
#107=FACE_OUTER_BOUND('',#154,.T.);
#108=FACE_OUTER_BOUND('',#156,.T.);
#109=FACE_OUTER_BOUND('',#157,.T.);
#110=FACE_OUTER_BOUND('',#159,.T.);
#111=FACE_OUTER_BOUND('',#160,.T.);
#112=FACE_OUTER_BOUND('',#162,.T.);
#113=FACE_OUTER_BOUND('',#163,.T.);
#114=FACE_OUTER_BOUND('',#164,.T.);
#115=FACE_OUTER_BOUND('',#165,.T.);
#116=FACE_OUTER_BOUND('',#166,.T.);
#117=FACE_OUTER_BOUND('',#167,.T.);
#118=FACE_OUTER_BOUND('',#168,.T.);
#119=FACE_OUTER_BOUND('',#171,.T.);
#120=FACE_OUTER_BOUND('',#174,.T.);
#121=FACE_OUTER_BOUND('',#175,.T.);
#122=FACE_OUTER_BOUND('',#176,.T.);
#123=FACE_OUTER_BOUND('',#177,.T.);
#124=FACE_OUTER_BOUND('',#178,.T.);
#125=FACE_OUTER_BOUND('',#179,.T.);
#126=FACE_OUTER_BOUND('',#180,.T.);
#127=FACE_OUTER_BOUND('',#181,.T.);
#128=FACE_OUTER_BOUND('',#182,.T.);
#129=FACE_OUTER_BOUND('',#183,.T.);
#130=FACE_OUTER_BOUND('',#184,.T.);
#131=FACE_OUTER_BOUND('',#185,.T.);
#132=FACE_OUTER_BOUND('',#186,.T.);
#133=FACE_OUTER_BOUND('',#187,.T.);
#134=FACE_OUTER_BOUND('',#188,.T.);
#135=FACE_OUTER_BOUND('',#189,.T.);
#136=FACE_OUTER_BOUND('',#190,.T.);
#137=FACE_OUTER_BOUND('',#191,.T.);
#138=FACE_OUTER_BOUND('',#192,.T.);
#139=EDGE_LOOP('',(#563,#564,#565,#566));
#140=EDGE_LOOP('',(#567,#568,#569,#570,#571,#572));
#141=EDGE_LOOP('',(#573,#574,#575,#576,#577,#578,#579,#580,#581,#582,#583,
#584,#585,#586,#587,#588,#589,#590));
#142=EDGE_LOOP('',(#591,#592,#593,#594));
#143=EDGE_LOOP('',(#595,#596,#597,#598,#599,#600));
#144=EDGE_LOOP('',(#601,#602,#603,#604));
#145=EDGE_LOOP('',(#605,#606,#607,#608));
#146=EDGE_LOOP('',(#609,#610,#611,#612));
#147=EDGE_LOOP('',(#613,#614,#615,#616));
#148=EDGE_LOOP('',(#617,#618,#619,#620));
#149=EDGE_LOOP('',(#621,#622,#623,#624,#625,#626,#627,#628,#629,#630,#631,
#632,#633,#634,#635,#636,#637,#638,#639,#640,#641,#642,#643,#644));
#150=EDGE_LOOP('',(#645,#646,#647,#648,#649,#650,#651));
#151=EDGE_LOOP('',(#652));
#152=EDGE_LOOP('',(#653));
#153=EDGE_LOOP('',(#654,#655,#656,#657,#658,#659,#660));
#154=EDGE_LOOP('',(#661));
#155=EDGE_LOOP('',(#662));
#156=EDGE_LOOP('',(#663,#664,#665,#666,#667,#668));
#157=EDGE_LOOP('',(#669));
#158=EDGE_LOOP('',(#670));
#159=EDGE_LOOP('',(#671,#672,#673,#674,#675,#676));
#160=EDGE_LOOP('',(#677));
#161=EDGE_LOOP('',(#678));
#162=EDGE_LOOP('',(#679,#680,#681,#682,#683,#684,#685,#686));
#163=EDGE_LOOP('',(#687,#688,#689,#690));
#164=EDGE_LOOP('',(#691,#692,#693,#694));
#165=EDGE_LOOP('',(#695,#696,#697,#698));
#166=EDGE_LOOP('',(#699,#700,#701,#702));
#167=EDGE_LOOP('',(#703,#704,#705,#706,#707));
#168=EDGE_LOOP('',(#708,#709,#710,#711,#712,#713,#714,#715,#716,#717));
#169=EDGE_LOOP('',(#718));
#170=EDGE_LOOP('',(#719));
#171=EDGE_LOOP('',(#720,#721,#722,#723,#724,#725,#726,#727,#728,#729));
#172=EDGE_LOOP('',(#730));
#173=EDGE_LOOP('',(#731));
#174=EDGE_LOOP('',(#732,#733,#734,#735));
#175=EDGE_LOOP('',(#736,#737,#738,#739));
#176=EDGE_LOOP('',(#740,#741,#742,#743));
#177=EDGE_LOOP('',(#744,#745,#746,#747));
#178=EDGE_LOOP('',(#748,#749,#750,#751));
#179=EDGE_LOOP('',(#752,#753,#754,#755));
#180=EDGE_LOOP('',(#756,#757,#758,#759,#760));
#181=EDGE_LOOP('',(#761,#762,#763,#764,#765));
#182=EDGE_LOOP('',(#766,#767,#768,#769,#770));
#183=EDGE_LOOP('',(#771,#772,#773,#774,#775,#776,#777,#778,#779,#780));
#184=EDGE_LOOP('',(#781,#782,#783,#784));
#185=EDGE_LOOP('',(#785,#786,#787,#788));
#186=EDGE_LOOP('',(#789,#790,#791,#792));
#187=EDGE_LOOP('',(#793,#794,#795,#796));
#188=EDGE_LOOP('',(#797,#798,#799,#800));
#189=EDGE_LOOP('',(#801,#802,#803,#804));
#190=EDGE_LOOP('',(#805,#806,#807,#808));
#191=EDGE_LOOP('',(#809,#810,#811,#812));
#192=EDGE_LOOP('',(#813,#814,#815,#816,#817,#818,#819,#820,#821,#822));
#193=LINE('',#1153,#255);
#194=LINE('',#1156,#256);
#195=LINE('',#1159,#257);
#196=LINE('',#1161,#258);
#197=LINE('',#1163,#259);
#198=LINE('',#1165,#260);
#199=LINE('',#1166,#261);
#200=LINE('',#1169,#262);
#201=LINE('',#1173,#263);
#202=LINE('',#1177,#264);
#203=LINE('',#1181,#265);
#204=LINE('',#1204,#266);
#205=LINE('',#1206,#267);
#206=LINE('',#1208,#268);
#207=LINE('',#1233,#269);
#208=LINE('',#1234,#270);
#209=LINE('',#1237,#271);
#210=LINE('',#1239,#272);
#211=LINE('',#1241,#273);
#212=LINE('',#1242,#274);
#213=LINE('',#1247,#275);
#214=LINE('',#1248,#276);
#215=LINE('',#1251,#277);
#216=LINE('',#1252,#278);
#217=LINE('',#1256,#279);
#218=LINE('',#1258,#280);
#219=LINE('',#1260,#281);
#220=LINE('',#1285,#282);
#221=LINE('',#1287,#283);
#222=LINE('',#1289,#284);
#223=LINE('',#1318,#285);
#224=LINE('',#1400,#286);
#225=LINE('',#1482,#287);
#226=LINE('',#1578,#288);
#227=LINE('',#1723,#289);
#228=LINE('',#1727,#290);
#229=LINE('',#1731,#291);
#230=LINE('',#1735,#292);
#231=LINE('',#1739,#293);
#232=LINE('',#1774,#294);
#233=LINE('',#1776,#295);
#234=LINE('',#1778,#296);
#235=LINE('',#1814,#297);
#236=LINE('',#1816,#298);
#237=LINE('',#1818,#299);
#238=LINE('',#1840,#300);
#239=LINE('',#1841,#301);
#240=LINE('',#1856,#302);
#241=LINE('',#1865,#303);
#242=LINE('',#1869,#304);
#243=LINE('',#1870,#305);
#244=LINE('',#1871,#306);
#245=LINE('',#1891,#307);
#246=LINE('',#1950,#308);
#247=LINE('',#2029,#309);
#248=LINE('',#2030,#310);
#249=LINE('',#2045,#311);
#250=LINE('',#2054,#312);
#251=LINE('',#2083,#313);
#252=LINE('',#2092,#314);
#253=LINE('',#2107,#315);
#254=LINE('',#2109,#316);
#255=VECTOR('',#965,10.);
#256=VECTOR('',#968,10.);
#257=VECTOR('',#971,10.);
#258=VECTOR('',#972,10.);
#259=VECTOR('',#973,10.);
#260=VECTOR('',#974,10.);
#261=VECTOR('',#975,10.);
#262=VECTOR('',#978,10.);
#263=VECTOR('',#981,10.);
#264=VECTOR('',#984,10.);
#265=VECTOR('',#987,10.);
#266=VECTOR('',#988,10.);
#267=VECTOR('',#989,10.);
#268=VECTOR('',#990,10.);
#269=VECTOR('',#995,10.);
#270=VECTOR('',#996,10.);
#271=VECTOR('',#999,10.);
#272=VECTOR('',#1000,10.);
#273=VECTOR('',#1001,10.);
#274=VECTOR('',#1002,10.);
#275=VECTOR('',#1007,10.);
#276=VECTOR('',#1008,10.);
#277=VECTOR('',#1011,10.);
#278=VECTOR('',#1012,10.);
#279=VECTOR('',#1017,10.);
#280=VECTOR('',#1020,10.);
#281=VECTOR('',#1023,10.);
#282=VECTOR('',#1030,10.);
#283=VECTOR('',#1031,10.);
#284=VECTOR('',#1032,10.);
#285=VECTOR('',#1045,1.50000000000002);
#286=VECTOR('',#1054,1.5);
#287=VECTOR('',#1063,1.50000000000002);
#288=VECTOR('',#1072,1.5);
#289=VECTOR('',#1083,1.00000000000001);
#290=VECTOR('',#1088,1.00000000000001);
#291=VECTOR('',#1093,1.00000000000001);
#292=VECTOR('',#1098,1.00000000000001);
#293=VECTOR('',#1103,10.);
#294=VECTOR('',#1106,10.);
#295=VECTOR('',#1107,10.);
#296=VECTOR('',#1108,10.);
#297=VECTOR('',#1111,10.);
#298=VECTOR('',#1112,10.);
#299=VECTOR('',#1113,10.);
#300=VECTOR('',#1116,10.);
#301=VECTOR('',#1117,10.);
#302=VECTOR('',#1118,10.);
#303=VECTOR('',#1119,10.);
#304=VECTOR('',#1122,10.);
#305=VECTOR('',#1123,10.);
#306=VECTOR('',#1124,10.);
#307=VECTOR('',#1125,10.);
#308=VECTOR('',#1126,10.);
#309=VECTOR('',#1135,10.);
#310=VECTOR('',#1136,10.);
#311=VECTOR('',#1137,10.);
#312=VECTOR('',#1138,10.);
#313=VECTOR('',#1139,10.);
#314=VECTOR('',#1140,10.);
#315=VECTOR('',#1141,10.);
#316=VECTOR('',#1144,10.);
#317=CIRCLE('',#898,1.);
#318=CIRCLE('',#899,1.);
#319=CIRCLE('',#902,1.);
#320=CIRCLE('',#903,1.);
#321=CIRCLE('',#904,1.);
#322=CIRCLE('',#906,1.);
#323=CIRCLE('',#909,1.);
#324=CIRCLE('',#912,1.);
#325=CIRCLE('',#916,1.50000000000002);
#326=CIRCLE('',#917,1.50000000000002);
#327=CIRCLE('',#918,1.5);
#328=CIRCLE('',#919,1.5);
#329=CIRCLE('',#920,1.5);
#330=CIRCLE('',#921,1.5);
#331=CIRCLE('',#923,1.50000000000002);
#332=CIRCLE('',#925,1.00000000000001);
#333=CIRCLE('',#927,1.5);
#334=CIRCLE('',#929,1.00000000000001);
#335=CIRCLE('',#931,1.50000000000002);
#336=CIRCLE('',#933,1.00000000000001);
#337=CIRCLE('',#935,1.5);
#338=CIRCLE('',#937,1.00000000000001);
#339=CIRCLE('',#938,30.);
#340=CIRCLE('',#940,1.00000000000001);
#341=CIRCLE('',#942,1.00000000000001);
#342=CIRCLE('',#944,1.00000000000001);
#343=CIRCLE('',#946,1.00000000000001);
#344=CIRCLE('',#948,30.);
#345=CIRCLE('',#954,30.);
#346=CIRCLE('',#955,30.);
#347=VERTEX_POINT('',#1149);
#348=VERTEX_POINT('',#1150);
#349=VERTEX_POINT('',#1152);
#350=VERTEX_POINT('',#1154);
#351=VERTEX_POINT('',#1158);
#352=VERTEX_POINT('',#1160);
#353=VERTEX_POINT('',#1162);
#354=VERTEX_POINT('',#1164);
#355=VERTEX_POINT('',#1168);
#356=VERTEX_POINT('',#1170);
#357=VERTEX_POINT('',#1172);
#358=VERTEX_POINT('',#1174);
#359=VERTEX_POINT('',#1176);
#360=VERTEX_POINT('',#1178);
#361=VERTEX_POINT('',#1180);
#362=VERTEX_POINT('',#1182);
#363=VERTEX_POINT('',#1190);
#364=VERTEX_POINT('',#1195);
#365=VERTEX_POINT('',#1203);
#366=VERTEX_POINT('',#1205);
#367=VERTEX_POINT('',#1207);
#368=VERTEX_POINT('',#1209);
#369=VERTEX_POINT('',#1217);
#370=VERTEX_POINT('',#1230);
#371=VERTEX_POINT('',#1231);
#372=VERTEX_POINT('',#1236);
#373=VERTEX_POINT('',#1238);
#374=VERTEX_POINT('',#1240);
#375=VERTEX_POINT('',#1244);
#376=VERTEX_POINT('',#1245);
#377=VERTEX_POINT('',#1250);
#378=VERTEX_POINT('',#1254);
#379=VERTEX_POINT('',#1262);
#380=VERTEX_POINT('',#1267);
#381=VERTEX_POINT('',#1272);
#382=VERTEX_POINT('',#1274);
#383=VERTEX_POINT('',#1282);
#384=VERTEX_POINT('',#1284);
#385=VERTEX_POINT('',#1286);
#386=VERTEX_POINT('',#1288);
#387=VERTEX_POINT('',#1290);
#388=VERTEX_POINT('',#1292);
#389=VERTEX_POINT('',#1294);
#390=VERTEX_POINT('',#1301);
#391=VERTEX_POINT('',#1303);
#392=VERTEX_POINT('',#1305);
#393=VERTEX_POINT('',#1315);
#394=VERTEX_POINT('',#1317);
#395=VERTEX_POINT('',#1319);
#396=VERTEX_POINT('',#1395);
#397=VERTEX_POINT('',#1398);
#398=VERTEX_POINT('',#1401);
#399=VERTEX_POINT('',#1476);
#400=VERTEX_POINT('',#1479);
#401=VERTEX_POINT('',#1481);
#402=VERTEX_POINT('',#1573);
#403=VERTEX_POINT('',#1576);
#404=VERTEX_POINT('',#1668);
#405=VERTEX_POINT('',#1694);
#406=VERTEX_POINT('',#1696);
#407=VERTEX_POINT('',#1701);
#408=VERTEX_POINT('',#1721);
#409=VERTEX_POINT('',#1725);
#410=VERTEX_POINT('',#1729);
#411=VERTEX_POINT('',#1733);
#412=VERTEX_POINT('',#1737);
#413=VERTEX_POINT('',#1741);
#414=VERTEX_POINT('',#1749);
#415=VERTEX_POINT('',#1760);
#416=VERTEX_POINT('',#1765);
#417=VERTEX_POINT('',#1773);
#418=VERTEX_POINT('',#1775);
#419=VERTEX_POINT('',#1777);
#420=VERTEX_POINT('',#1779);
#421=VERTEX_POINT('',#1792);
#422=VERTEX_POINT('',#1800);
#423=VERTEX_POINT('',#1805);
#424=VERTEX_POINT('',#1813);
#425=VERTEX_POINT('',#1815);
#426=VERTEX_POINT('',#1817);
#427=VERTEX_POINT('',#1819);
#428=VERTEX_POINT('',#1827);
#429=VERTEX_POINT('',#1867);
#430=VERTEX_POINT('',#1868);
#431=VERTEX_POINT('',#1886);
#432=VERTEX_POINT('',#1900);
#433=EDGE_CURVE('',#347,#348,#317,.T.);
#434=EDGE_CURVE('',#348,#349,#193,.T.);
#435=EDGE_CURVE('',#349,#350,#318,.T.);
#436=EDGE_CURVE('',#350,#347,#194,.T.);
#437=EDGE_CURVE('',#351,#348,#195,.T.);
#438=EDGE_CURVE('',#352,#351,#196,.T.);
#439=EDGE_CURVE('',#352,#353,#197,.T.);
#440=EDGE_CURVE('',#354,#353,#198,.T.);
#441=EDGE_CURVE('',#349,#354,#199,.T.);
#442=EDGE_CURVE('',#347,#355,#200,.T.);
#443=EDGE_CURVE('',#356,#355,#319,.T.);
#444=EDGE_CURVE('',#356,#357,#201,.T.);
#445=EDGE_CURVE('',#358,#357,#320,.T.);
#446=EDGE_CURVE('',#358,#359,#202,.T.);
#447=EDGE_CURVE('',#360,#359,#321,.T.);
#448=EDGE_CURVE('',#360,#361,#203,.T.);
#449=EDGE_CURVE('',#361,#362,#37,.T.);
#450=EDGE_CURVE('',#362,#363,#38,.T.);
#451=EDGE_CURVE('',#363,#364,#39,.T.);
#452=EDGE_CURVE('',#364,#365,#204,.T.);
#453=EDGE_CURVE('',#366,#365,#205,.T.);
#454=EDGE_CURVE('',#366,#367,#206,.T.);
#455=EDGE_CURVE('',#367,#368,#40,.T.);
#456=EDGE_CURVE('',#368,#369,#41,.T.);
#457=EDGE_CURVE('',#369,#351,#42,.T.);
#458=EDGE_CURVE('',#370,#371,#322,.T.);
#459=EDGE_CURVE('',#371,#360,#207,.T.);
#460=EDGE_CURVE('',#359,#370,#208,.T.);
#461=EDGE_CURVE('',#372,#371,#209,.T.);
#462=EDGE_CURVE('',#372,#373,#210,.T.);
#463=EDGE_CURVE('',#373,#374,#211,.T.);
#464=EDGE_CURVE('',#374,#361,#212,.T.);
#465=EDGE_CURVE('',#375,#376,#323,.T.);
#466=EDGE_CURVE('',#376,#356,#213,.T.);
#467=EDGE_CURVE('',#355,#375,#214,.T.);
#468=EDGE_CURVE('',#377,#376,#215,.T.);
#469=EDGE_CURVE('',#357,#377,#216,.T.);
#470=EDGE_CURVE('',#377,#378,#324,.T.);
#471=EDGE_CURVE('',#378,#358,#217,.T.);
#472=EDGE_CURVE('',#375,#350,#218,.T.);
#473=EDGE_CURVE('',#370,#378,#219,.T.);
#474=EDGE_CURVE('',#354,#379,#43,.T.);
#475=EDGE_CURVE('',#380,#379,#44,.T.);
#476=EDGE_CURVE('',#380,#381,#325,.T.);
#477=EDGE_CURVE('',#382,#381,#45,.T.);
#478=EDGE_CURVE('',#382,#383,#326,.T.);
#479=EDGE_CURVE('',#384,#383,#220,.T.);
#480=EDGE_CURVE('',#385,#384,#221,.T.);
#481=EDGE_CURVE('',#386,#385,#222,.T.);
#482=EDGE_CURVE('',#386,#387,#327,.T.);
#483=EDGE_CURVE('',#387,#388,#328,.T.);
#484=EDGE_CURVE('',#389,#388,#46,.T.);
#485=EDGE_CURVE('',#389,#390,#329,.T.);
#486=EDGE_CURVE('',#390,#391,#330,.T.);
#487=EDGE_CURVE('',#392,#391,#47,.T.);
#488=EDGE_CURVE('',#392,#372,#48,.T.);
#489=EDGE_CURVE('',#393,#393,#331,.T.);
#490=EDGE_CURVE('',#393,#394,#223,.T.);
#491=EDGE_CURVE('',#395,#394,#49,.T.);
#492=EDGE_CURVE('',#383,#395,#50,.T.);
#493=EDGE_CURVE('',#394,#382,#51,.T.);
#494=EDGE_CURVE('',#396,#396,#332,.T.);
#495=EDGE_CURVE('',#397,#397,#333,.T.);
#496=EDGE_CURVE('',#397,#387,#224,.T.);
#497=EDGE_CURVE('',#398,#386,#52,.T.);
#498=EDGE_CURVE('',#388,#398,#53,.T.);
#499=EDGE_CURVE('',#399,#399,#334,.T.);
#500=EDGE_CURVE('',#400,#400,#335,.T.);
#501=EDGE_CURVE('',#400,#401,#225,.T.);
#502=EDGE_CURVE('',#381,#401,#54,.T.);
#503=EDGE_CURVE('',#401,#380,#55,.T.);
#504=EDGE_CURVE('',#402,#402,#336,.T.);
#505=EDGE_CURVE('',#403,#403,#337,.T.);
#506=EDGE_CURVE('',#403,#390,#226,.T.);
#507=EDGE_CURVE('',#391,#389,#56,.T.);
#508=EDGE_CURVE('',#404,#404,#338,.T.);
#509=EDGE_CURVE('',#405,#398,#339,.T.);
#510=EDGE_CURVE('',#405,#406,#57,.T.);
#511=EDGE_CURVE('',#406,#407,#58,.T.);
#512=EDGE_CURVE('',#407,#392,#59,.T.);
#513=EDGE_CURVE('',#408,#408,#340,.T.);
#514=EDGE_CURVE('',#408,#399,#227,.T.);
#515=EDGE_CURVE('',#409,#409,#341,.T.);
#516=EDGE_CURVE('',#409,#396,#228,.T.);
#517=EDGE_CURVE('',#410,#410,#342,.T.);
#518=EDGE_CURVE('',#410,#404,#229,.T.);
#519=EDGE_CURVE('',#411,#411,#343,.T.);
#520=EDGE_CURVE('',#411,#402,#230,.T.);
#521=EDGE_CURVE('',#385,#412,#344,.T.);
#522=EDGE_CURVE('',#412,#405,#231,.T.);
#523=EDGE_CURVE('',#413,#374,#60,.T.);
#524=EDGE_CURVE('',#414,#373,#61,.T.);
#525=EDGE_CURVE('',#415,#414,#62,.T.);
#526=EDGE_CURVE('',#416,#415,#63,.T.);
#527=EDGE_CURVE('',#417,#416,#232,.T.);
#528=EDGE_CURVE('',#418,#417,#233,.T.);
#529=EDGE_CURVE('',#418,#419,#234,.T.);
#530=EDGE_CURVE('',#419,#420,#64,.T.);
#531=EDGE_CURVE('',#420,#413,#65,.T.);
#532=EDGE_CURVE('',#352,#421,#66,.T.);
#533=EDGE_CURVE('',#421,#422,#67,.T.);
#534=EDGE_CURVE('',#422,#423,#68,.T.);
#535=EDGE_CURVE('',#423,#424,#235,.T.);
#536=EDGE_CURVE('',#425,#424,#236,.T.);
#537=EDGE_CURVE('',#426,#425,#237,.T.);
#538=EDGE_CURVE('',#427,#426,#69,.T.);
#539=EDGE_CURVE('',#428,#427,#70,.T.);
#540=EDGE_CURVE('',#353,#428,#71,.T.);
#541=EDGE_CURVE('',#417,#412,#238,.T.);
#542=EDGE_CURVE('',#405,#416,#239,.T.);
#543=EDGE_CURVE('',#406,#415,#240,.T.);
#544=EDGE_CURVE('',#407,#414,#241,.T.);
#545=EDGE_CURVE('',#429,#430,#242,.T.);
#546=EDGE_CURVE('',#429,#426,#243,.T.);
#547=EDGE_CURVE('',#430,#425,#244,.T.);
#548=EDGE_CURVE('',#431,#429,#72,.T.);
#549=EDGE_CURVE('',#431,#427,#245,.T.);
#550=EDGE_CURVE('',#432,#431,#73,.T.);
#551=EDGE_CURVE('',#432,#428,#246,.T.);
#552=EDGE_CURVE('',#379,#432,#74,.T.);
#553=EDGE_CURVE('',#395,#429,#345,.T.);
#554=EDGE_CURVE('',#430,#384,#346,.T.);
#555=EDGE_CURVE('',#365,#418,#247,.T.);
#556=EDGE_CURVE('',#419,#364,#248,.T.);
#557=EDGE_CURVE('',#420,#363,#249,.T.);
#558=EDGE_CURVE('',#413,#362,#250,.T.);
#559=EDGE_CURVE('',#421,#369,#251,.T.);
#560=EDGE_CURVE('',#422,#368,#252,.T.);
#561=EDGE_CURVE('',#423,#367,#253,.T.);
#562=EDGE_CURVE('',#424,#366,#254,.T.);
#563=ORIENTED_EDGE('',*,*,#433,.T.);
#564=ORIENTED_EDGE('',*,*,#434,.T.);
#565=ORIENTED_EDGE('',*,*,#435,.T.);
#566=ORIENTED_EDGE('',*,*,#436,.T.);
#567=ORIENTED_EDGE('',*,*,#434,.F.);
#568=ORIENTED_EDGE('',*,*,#437,.F.);
#569=ORIENTED_EDGE('',*,*,#438,.F.);
#570=ORIENTED_EDGE('',*,*,#439,.T.);
#571=ORIENTED_EDGE('',*,*,#440,.F.);
#572=ORIENTED_EDGE('',*,*,#441,.F.);
#573=ORIENTED_EDGE('',*,*,#433,.F.);
#574=ORIENTED_EDGE('',*,*,#442,.T.);
#575=ORIENTED_EDGE('',*,*,#443,.F.);
#576=ORIENTED_EDGE('',*,*,#444,.T.);
#577=ORIENTED_EDGE('',*,*,#445,.F.);
#578=ORIENTED_EDGE('',*,*,#446,.T.);
#579=ORIENTED_EDGE('',*,*,#447,.F.);
#580=ORIENTED_EDGE('',*,*,#448,.T.);
#581=ORIENTED_EDGE('',*,*,#449,.T.);
#582=ORIENTED_EDGE('',*,*,#450,.T.);
#583=ORIENTED_EDGE('',*,*,#451,.T.);
#584=ORIENTED_EDGE('',*,*,#452,.T.);
#585=ORIENTED_EDGE('',*,*,#453,.F.);
#586=ORIENTED_EDGE('',*,*,#454,.T.);
#587=ORIENTED_EDGE('',*,*,#455,.T.);
#588=ORIENTED_EDGE('',*,*,#456,.T.);
#589=ORIENTED_EDGE('',*,*,#457,.T.);
#590=ORIENTED_EDGE('',*,*,#437,.T.);
#591=ORIENTED_EDGE('',*,*,#458,.T.);
#592=ORIENTED_EDGE('',*,*,#459,.T.);
#593=ORIENTED_EDGE('',*,*,#447,.T.);
#594=ORIENTED_EDGE('',*,*,#460,.T.);
#595=ORIENTED_EDGE('',*,*,#459,.F.);
#596=ORIENTED_EDGE('',*,*,#461,.F.);
#597=ORIENTED_EDGE('',*,*,#462,.T.);
#598=ORIENTED_EDGE('',*,*,#463,.T.);
#599=ORIENTED_EDGE('',*,*,#464,.T.);
#600=ORIENTED_EDGE('',*,*,#448,.F.);
#601=ORIENTED_EDGE('',*,*,#465,.T.);
#602=ORIENTED_EDGE('',*,*,#466,.T.);
#603=ORIENTED_EDGE('',*,*,#443,.T.);
#604=ORIENTED_EDGE('',*,*,#467,.T.);
#605=ORIENTED_EDGE('',*,*,#466,.F.);
#606=ORIENTED_EDGE('',*,*,#468,.F.);
#607=ORIENTED_EDGE('',*,*,#469,.F.);
#608=ORIENTED_EDGE('',*,*,#444,.F.);
#609=ORIENTED_EDGE('',*,*,#445,.T.);
#610=ORIENTED_EDGE('',*,*,#469,.T.);
#611=ORIENTED_EDGE('',*,*,#470,.T.);
#612=ORIENTED_EDGE('',*,*,#471,.T.);
#613=ORIENTED_EDGE('',*,*,#436,.F.);
#614=ORIENTED_EDGE('',*,*,#472,.F.);
#615=ORIENTED_EDGE('',*,*,#467,.F.);
#616=ORIENTED_EDGE('',*,*,#442,.F.);
#617=ORIENTED_EDGE('',*,*,#460,.F.);
#618=ORIENTED_EDGE('',*,*,#446,.F.);
#619=ORIENTED_EDGE('',*,*,#471,.F.);
#620=ORIENTED_EDGE('',*,*,#473,.F.);
#621=ORIENTED_EDGE('',*,*,#435,.F.);
#622=ORIENTED_EDGE('',*,*,#441,.T.);
#623=ORIENTED_EDGE('',*,*,#474,.T.);
#624=ORIENTED_EDGE('',*,*,#475,.F.);
#625=ORIENTED_EDGE('',*,*,#476,.T.);
#626=ORIENTED_EDGE('',*,*,#477,.F.);
#627=ORIENTED_EDGE('',*,*,#478,.T.);
#628=ORIENTED_EDGE('',*,*,#479,.F.);
#629=ORIENTED_EDGE('',*,*,#480,.F.);
#630=ORIENTED_EDGE('',*,*,#481,.F.);
#631=ORIENTED_EDGE('',*,*,#482,.T.);
#632=ORIENTED_EDGE('',*,*,#483,.T.);
#633=ORIENTED_EDGE('',*,*,#484,.F.);
#634=ORIENTED_EDGE('',*,*,#485,.T.);
#635=ORIENTED_EDGE('',*,*,#486,.T.);
#636=ORIENTED_EDGE('',*,*,#487,.F.);
#637=ORIENTED_EDGE('',*,*,#488,.T.);
#638=ORIENTED_EDGE('',*,*,#461,.T.);
#639=ORIENTED_EDGE('',*,*,#458,.F.);
#640=ORIENTED_EDGE('',*,*,#473,.T.);
#641=ORIENTED_EDGE('',*,*,#470,.F.);
#642=ORIENTED_EDGE('',*,*,#468,.T.);
#643=ORIENTED_EDGE('',*,*,#465,.F.);
#644=ORIENTED_EDGE('',*,*,#472,.T.);
#645=ORIENTED_EDGE('',*,*,#489,.F.);
#646=ORIENTED_EDGE('',*,*,#490,.T.);
#647=ORIENTED_EDGE('',*,*,#491,.F.);
#648=ORIENTED_EDGE('',*,*,#492,.F.);
#649=ORIENTED_EDGE('',*,*,#478,.F.);
#650=ORIENTED_EDGE('',*,*,#493,.F.);
#651=ORIENTED_EDGE('',*,*,#490,.F.);
#652=ORIENTED_EDGE('',*,*,#489,.T.);
#653=ORIENTED_EDGE('',*,*,#494,.F.);
#654=ORIENTED_EDGE('',*,*,#495,.F.);
#655=ORIENTED_EDGE('',*,*,#496,.T.);
#656=ORIENTED_EDGE('',*,*,#482,.F.);
#657=ORIENTED_EDGE('',*,*,#497,.F.);
#658=ORIENTED_EDGE('',*,*,#498,.F.);
#659=ORIENTED_EDGE('',*,*,#483,.F.);
#660=ORIENTED_EDGE('',*,*,#496,.F.);
#661=ORIENTED_EDGE('',*,*,#495,.T.);
#662=ORIENTED_EDGE('',*,*,#499,.F.);
#663=ORIENTED_EDGE('',*,*,#500,.F.);
#664=ORIENTED_EDGE('',*,*,#501,.T.);
#665=ORIENTED_EDGE('',*,*,#502,.F.);
#666=ORIENTED_EDGE('',*,*,#476,.F.);
#667=ORIENTED_EDGE('',*,*,#503,.F.);
#668=ORIENTED_EDGE('',*,*,#501,.F.);
#669=ORIENTED_EDGE('',*,*,#500,.T.);
#670=ORIENTED_EDGE('',*,*,#504,.F.);
#671=ORIENTED_EDGE('',*,*,#505,.F.);
#672=ORIENTED_EDGE('',*,*,#506,.T.);
#673=ORIENTED_EDGE('',*,*,#485,.F.);
#674=ORIENTED_EDGE('',*,*,#507,.F.);
#675=ORIENTED_EDGE('',*,*,#486,.F.);
#676=ORIENTED_EDGE('',*,*,#506,.F.);
#677=ORIENTED_EDGE('',*,*,#505,.T.);
#678=ORIENTED_EDGE('',*,*,#508,.F.);
#679=ORIENTED_EDGE('',*,*,#498,.T.);
#680=ORIENTED_EDGE('',*,*,#509,.F.);
#681=ORIENTED_EDGE('',*,*,#510,.T.);
#682=ORIENTED_EDGE('',*,*,#511,.T.);
#683=ORIENTED_EDGE('',*,*,#512,.T.);
#684=ORIENTED_EDGE('',*,*,#487,.T.);
#685=ORIENTED_EDGE('',*,*,#507,.T.);
#686=ORIENTED_EDGE('',*,*,#484,.T.);
#687=ORIENTED_EDGE('',*,*,#513,.F.);
#688=ORIENTED_EDGE('',*,*,#514,.T.);
#689=ORIENTED_EDGE('',*,*,#499,.T.);
#690=ORIENTED_EDGE('',*,*,#514,.F.);
#691=ORIENTED_EDGE('',*,*,#515,.F.);
#692=ORIENTED_EDGE('',*,*,#516,.T.);
#693=ORIENTED_EDGE('',*,*,#494,.T.);
#694=ORIENTED_EDGE('',*,*,#516,.F.);
#695=ORIENTED_EDGE('',*,*,#517,.F.);
#696=ORIENTED_EDGE('',*,*,#518,.T.);
#697=ORIENTED_EDGE('',*,*,#508,.T.);
#698=ORIENTED_EDGE('',*,*,#518,.F.);
#699=ORIENTED_EDGE('',*,*,#519,.F.);
#700=ORIENTED_EDGE('',*,*,#520,.T.);
#701=ORIENTED_EDGE('',*,*,#504,.T.);
#702=ORIENTED_EDGE('',*,*,#520,.F.);
#703=ORIENTED_EDGE('',*,*,#497,.T.);
#704=ORIENTED_EDGE('',*,*,#481,.T.);
#705=ORIENTED_EDGE('',*,*,#521,.T.);
#706=ORIENTED_EDGE('',*,*,#522,.T.);
#707=ORIENTED_EDGE('',*,*,#509,.T.);
#708=ORIENTED_EDGE('',*,*,#523,.T.);
#709=ORIENTED_EDGE('',*,*,#463,.F.);
#710=ORIENTED_EDGE('',*,*,#524,.F.);
#711=ORIENTED_EDGE('',*,*,#525,.F.);
#712=ORIENTED_EDGE('',*,*,#526,.F.);
#713=ORIENTED_EDGE('',*,*,#527,.F.);
#714=ORIENTED_EDGE('',*,*,#528,.F.);
#715=ORIENTED_EDGE('',*,*,#529,.T.);
#716=ORIENTED_EDGE('',*,*,#530,.T.);
#717=ORIENTED_EDGE('',*,*,#531,.T.);
#718=ORIENTED_EDGE('',*,*,#513,.T.);
#719=ORIENTED_EDGE('',*,*,#517,.T.);
#720=ORIENTED_EDGE('',*,*,#532,.T.);
#721=ORIENTED_EDGE('',*,*,#533,.T.);
#722=ORIENTED_EDGE('',*,*,#534,.T.);
#723=ORIENTED_EDGE('',*,*,#535,.T.);
#724=ORIENTED_EDGE('',*,*,#536,.F.);
#725=ORIENTED_EDGE('',*,*,#537,.F.);
#726=ORIENTED_EDGE('',*,*,#538,.F.);
#727=ORIENTED_EDGE('',*,*,#539,.F.);
#728=ORIENTED_EDGE('',*,*,#540,.F.);
#729=ORIENTED_EDGE('',*,*,#439,.F.);
#730=ORIENTED_EDGE('',*,*,#515,.T.);
#731=ORIENTED_EDGE('',*,*,#519,.T.);
#732=ORIENTED_EDGE('',*,*,#522,.F.);
#733=ORIENTED_EDGE('',*,*,#541,.F.);
#734=ORIENTED_EDGE('',*,*,#527,.T.);
#735=ORIENTED_EDGE('',*,*,#542,.F.);
#736=ORIENTED_EDGE('',*,*,#510,.F.);
#737=ORIENTED_EDGE('',*,*,#542,.T.);
#738=ORIENTED_EDGE('',*,*,#526,.T.);
#739=ORIENTED_EDGE('',*,*,#543,.F.);
#740=ORIENTED_EDGE('',*,*,#511,.F.);
#741=ORIENTED_EDGE('',*,*,#543,.T.);
#742=ORIENTED_EDGE('',*,*,#525,.T.);
#743=ORIENTED_EDGE('',*,*,#544,.F.);
#744=ORIENTED_EDGE('',*,*,#545,.F.);
#745=ORIENTED_EDGE('',*,*,#546,.T.);
#746=ORIENTED_EDGE('',*,*,#537,.T.);
#747=ORIENTED_EDGE('',*,*,#547,.F.);
#748=ORIENTED_EDGE('',*,*,#548,.F.);
#749=ORIENTED_EDGE('',*,*,#549,.T.);
#750=ORIENTED_EDGE('',*,*,#538,.T.);
#751=ORIENTED_EDGE('',*,*,#546,.F.);
#752=ORIENTED_EDGE('',*,*,#550,.F.);
#753=ORIENTED_EDGE('',*,*,#551,.T.);
#754=ORIENTED_EDGE('',*,*,#539,.T.);
#755=ORIENTED_EDGE('',*,*,#549,.F.);
#756=ORIENTED_EDGE('',*,*,#552,.F.);
#757=ORIENTED_EDGE('',*,*,#474,.F.);
#758=ORIENTED_EDGE('',*,*,#440,.T.);
#759=ORIENTED_EDGE('',*,*,#540,.T.);
#760=ORIENTED_EDGE('',*,*,#551,.F.);
#761=ORIENTED_EDGE('',*,*,#512,.F.);
#762=ORIENTED_EDGE('',*,*,#544,.T.);
#763=ORIENTED_EDGE('',*,*,#524,.T.);
#764=ORIENTED_EDGE('',*,*,#462,.F.);
#765=ORIENTED_EDGE('',*,*,#488,.F.);
#766=ORIENTED_EDGE('',*,*,#492,.T.);
#767=ORIENTED_EDGE('',*,*,#553,.T.);
#768=ORIENTED_EDGE('',*,*,#545,.T.);
#769=ORIENTED_EDGE('',*,*,#554,.T.);
#770=ORIENTED_EDGE('',*,*,#479,.T.);
#771=ORIENTED_EDGE('',*,*,#491,.T.);
#772=ORIENTED_EDGE('',*,*,#493,.T.);
#773=ORIENTED_EDGE('',*,*,#477,.T.);
#774=ORIENTED_EDGE('',*,*,#502,.T.);
#775=ORIENTED_EDGE('',*,*,#503,.T.);
#776=ORIENTED_EDGE('',*,*,#475,.T.);
#777=ORIENTED_EDGE('',*,*,#552,.T.);
#778=ORIENTED_EDGE('',*,*,#550,.T.);
#779=ORIENTED_EDGE('',*,*,#548,.T.);
#780=ORIENTED_EDGE('',*,*,#553,.F.);
#781=ORIENTED_EDGE('',*,*,#529,.F.);
#782=ORIENTED_EDGE('',*,*,#555,.F.);
#783=ORIENTED_EDGE('',*,*,#452,.F.);
#784=ORIENTED_EDGE('',*,*,#556,.F.);
#785=ORIENTED_EDGE('',*,*,#530,.F.);
#786=ORIENTED_EDGE('',*,*,#556,.T.);
#787=ORIENTED_EDGE('',*,*,#451,.F.);
#788=ORIENTED_EDGE('',*,*,#557,.F.);
#789=ORIENTED_EDGE('',*,*,#531,.F.);
#790=ORIENTED_EDGE('',*,*,#557,.T.);
#791=ORIENTED_EDGE('',*,*,#450,.F.);
#792=ORIENTED_EDGE('',*,*,#558,.F.);
#793=ORIENTED_EDGE('',*,*,#523,.F.);
#794=ORIENTED_EDGE('',*,*,#558,.T.);
#795=ORIENTED_EDGE('',*,*,#449,.F.);
#796=ORIENTED_EDGE('',*,*,#464,.F.);
#797=ORIENTED_EDGE('',*,*,#532,.F.);
#798=ORIENTED_EDGE('',*,*,#438,.T.);
#799=ORIENTED_EDGE('',*,*,#457,.F.);
#800=ORIENTED_EDGE('',*,*,#559,.F.);
#801=ORIENTED_EDGE('',*,*,#533,.F.);
#802=ORIENTED_EDGE('',*,*,#559,.T.);
#803=ORIENTED_EDGE('',*,*,#456,.F.);
#804=ORIENTED_EDGE('',*,*,#560,.F.);
#805=ORIENTED_EDGE('',*,*,#534,.F.);
#806=ORIENTED_EDGE('',*,*,#560,.T.);
#807=ORIENTED_EDGE('',*,*,#455,.F.);
#808=ORIENTED_EDGE('',*,*,#561,.F.);
#809=ORIENTED_EDGE('',*,*,#535,.F.);
#810=ORIENTED_EDGE('',*,*,#561,.T.);
#811=ORIENTED_EDGE('',*,*,#454,.F.);
#812=ORIENTED_EDGE('',*,*,#562,.F.);
#813=ORIENTED_EDGE('',*,*,#555,.T.);
#814=ORIENTED_EDGE('',*,*,#528,.T.);
#815=ORIENTED_EDGE('',*,*,#541,.T.);
#816=ORIENTED_EDGE('',*,*,#521,.F.);
#817=ORIENTED_EDGE('',*,*,#480,.T.);
#818=ORIENTED_EDGE('',*,*,#554,.F.);
#819=ORIENTED_EDGE('',*,*,#547,.T.);
#820=ORIENTED_EDGE('',*,*,#536,.T.);
#821=ORIENTED_EDGE('',*,*,#562,.T.);
#822=ORIENTED_EDGE('',*,*,#453,.T.);
#823=CYLINDRICAL_SURFACE('',#897,1.);
#824=CYLINDRICAL_SURFACE('',#905,1.);
#825=CYLINDRICAL_SURFACE('',#908,1.);
#826=CYLINDRICAL_SURFACE('',#911,1.);
#827=CYLINDRICAL_SURFACE('',#922,1.50000000000002);
#828=CYLINDRICAL_SURFACE('',#926,1.5);
#829=CYLINDRICAL_SURFACE('',#930,1.50000000000002);
#830=CYLINDRICAL_SURFACE('',#934,1.5);
#831=CYLINDRICAL_SURFACE('',#939,1.00000000000001);
#832=CYLINDRICAL_SURFACE('',#941,1.00000000000001);
#833=CYLINDRICAL_SURFACE('',#943,1.00000000000001);
#834=CYLINDRICAL_SURFACE('',#945,1.00000000000001);
#835=CYLINDRICAL_SURFACE('',#947,30.);
#836=CYLINDRICAL_SURFACE('',#953,30.);
#837=ADVANCED_FACE('',(#93),#823,.T.);
#838=ADVANCED_FACE('',(#94),#75,.F.);
#839=ADVANCED_FACE('',(#95),#76,.F.);
#840=ADVANCED_FACE('',(#96),#824,.T.);
#841=ADVANCED_FACE('',(#97),#77,.F.);
#842=ADVANCED_FACE('',(#98),#825,.F.);
#843=ADVANCED_FACE('',(#99),#78,.F.);
#844=ADVANCED_FACE('',(#100),#826,.F.);
#845=ADVANCED_FACE('',(#101),#79,.F.);
#846=ADVANCED_FACE('',(#102),#80,.F.);
#847=ADVANCED_FACE('',(#103),#81,.T.);
#848=ADVANCED_FACE('',(#104),#827,.F.);
#849=ADVANCED_FACE('',(#105,#29),#82,.T.);
#850=ADVANCED_FACE('',(#106),#828,.F.);
#851=ADVANCED_FACE('',(#107,#30),#83,.T.);
#852=ADVANCED_FACE('',(#108),#829,.F.);
#853=ADVANCED_FACE('',(#109,#31),#84,.T.);
#854=ADVANCED_FACE('',(#110),#830,.F.);
#855=ADVANCED_FACE('',(#111,#32),#85,.T.);
#856=ADVANCED_FACE('',(#112),#15,.F.);
#857=ADVANCED_FACE('',(#113),#831,.F.);
#858=ADVANCED_FACE('',(#114),#832,.F.);
#859=ADVANCED_FACE('',(#115),#833,.F.);
#860=ADVANCED_FACE('',(#116),#834,.F.);
#861=ADVANCED_FACE('',(#117),#835,.T.);
#862=ADVANCED_FACE('',(#118,#33,#34),#86,.F.);
#863=ADVANCED_FACE('',(#119,#35,#36),#87,.F.);
#864=ADVANCED_FACE('',(#120),#88,.F.);
#865=ADVANCED_FACE('',(#121),#16,.F.);
#866=ADVANCED_FACE('',(#122),#17,.F.);
#867=ADVANCED_FACE('',(#123),#89,.F.);
#868=ADVANCED_FACE('',(#124),#18,.F.);
#869=ADVANCED_FACE('',(#125),#19,.F.);
#870=ADVANCED_FACE('',(#126),#20,.F.);
#871=ADVANCED_FACE('',(#127),#21,.F.);
#872=ADVANCED_FACE('',(#128),#836,.T.);
#873=ADVANCED_FACE('',(#129),#22,.F.);
#874=ADVANCED_FACE('',(#130),#90,.F.);
#875=ADVANCED_FACE('',(#131),#23,.F.);
#876=ADVANCED_FACE('',(#132),#24,.F.);
#877=ADVANCED_FACE('',(#133),#25,.F.);
#878=ADVANCED_FACE('',(#134),#26,.F.);
#879=ADVANCED_FACE('',(#135),#27,.F.);
#880=ADVANCED_FACE('',(#136),#28,.F.);
#881=ADVANCED_FACE('',(#137),#91,.F.);
#882=ADVANCED_FACE('',(#138),#92,.F.);
#883=CLOSED_SHELL('',(#837,#838,#839,#840,#841,#842,#843,#844,#845,#846,
#847,#848,#849,#850,#851,#852,#853,#854,#855,#856,#857,#858,#859,#860,#861,
#862,#863,#864,#865,#866,#867,#868,#869,#870,#871,#872,#873,#874,#875,#876,
#877,#878,#879,#880,#881,#882));
#884=DERIVED_UNIT_ELEMENT(#886,1.);
#885=DERIVED_UNIT_ELEMENT(#2116,-3.);
#886=(
MASS_UNIT()
NAMED_UNIT(*)
SI_UNIT(.KILO.,.GRAM.)
);
#887=DERIVED_UNIT((#884,#885));
#888=MEASURE_REPRESENTATION_ITEM('density measure',
POSITIVE_RATIO_MEASURE(7850.),#887);
#889=PROPERTY_DEFINITION_REPRESENTATION(#894,#891);
#890=PROPERTY_DEFINITION_REPRESENTATION(#895,#892);
#891=REPRESENTATION('material name',(#893),#2113);
#892=REPRESENTATION('density',(#888),#2113);
#893=DESCRIPTIVE_REPRESENTATION_ITEM('Steel','Steel');
#894=PROPERTY_DEFINITION('material property','material name',#2123);
#895=PROPERTY_DEFINITION('material property','density of part',#2123);
#896=AXIS2_PLACEMENT_3D('',#1147,#959,#960);
#897=AXIS2_PLACEMENT_3D('',#1148,#961,#962);
#898=AXIS2_PLACEMENT_3D('',#1151,#963,#964);
#899=AXIS2_PLACEMENT_3D('',#1155,#966,#967);
#900=AXIS2_PLACEMENT_3D('',#1157,#969,#970);
#901=AXIS2_PLACEMENT_3D('',#1167,#976,#977);
#902=AXIS2_PLACEMENT_3D('',#1171,#979,#980);
#903=AXIS2_PLACEMENT_3D('',#1175,#982,#983);
#904=AXIS2_PLACEMENT_3D('',#1179,#985,#986);
#905=AXIS2_PLACEMENT_3D('',#1229,#991,#992);
#906=AXIS2_PLACEMENT_3D('',#1232,#993,#994);
#907=AXIS2_PLACEMENT_3D('',#1235,#997,#998);
#908=AXIS2_PLACEMENT_3D('',#1243,#1003,#1004);
#909=AXIS2_PLACEMENT_3D('',#1246,#1005,#1006);
#910=AXIS2_PLACEMENT_3D('',#1249,#1009,#1010);
#911=AXIS2_PLACEMENT_3D('',#1253,#1013,#1014);
#912=AXIS2_PLACEMENT_3D('',#1255,#1015,#1016);
#913=AXIS2_PLACEMENT_3D('',#1257,#1018,#1019);
#914=AXIS2_PLACEMENT_3D('',#1259,#1021,#1022);
#915=AXIS2_PLACEMENT_3D('',#1261,#1024,#1025);
#916=AXIS2_PLACEMENT_3D('',#1273,#1026,#1027);
#917=AXIS2_PLACEMENT_3D('',#1283,#1028,#1029);
#918=AXIS2_PLACEMENT_3D('',#1291,#1033,#1034);
#919=AXIS2_PLACEMENT_3D('',#1293,#1035,#1036);
#920=AXIS2_PLACEMENT_3D('',#1302,#1037,#1038);
#921=AXIS2_PLACEMENT_3D('',#1304,#1039,#1040);
#922=AXIS2_PLACEMENT_3D('',#1314,#1041,#1042);
#923=AXIS2_PLACEMENT_3D('',#1316,#1043,#1044);
#924=AXIS2_PLACEMENT_3D('',#1394,#1046,#1047);
#925=AXIS2_PLACEMENT_3D('',#1396,#1048,#1049);
#926=AXIS2_PLACEMENT_3D('',#1397,#1050,#1051);
#927=AXIS2_PLACEMENT_3D('',#1399,#1052,#1053);
#928=AXIS2_PLACEMENT_3D('',#1475,#1055,#1056);
#929=AXIS2_PLACEMENT_3D('',#1477,#1057,#1058);
#930=AXIS2_PLACEMENT_3D('',#1478,#1059,#1060);
#931=AXIS2_PLACEMENT_3D('',#1480,#1061,#1062);
#932=AXIS2_PLACEMENT_3D('',#1572,#1064,#1065);
#933=AXIS2_PLACEMENT_3D('',#1574,#1066,#1067);
#934=AXIS2_PLACEMENT_3D('',#1575,#1068,#1069);
#935=AXIS2_PLACEMENT_3D('',#1577,#1070,#1071);
#936=AXIS2_PLACEMENT_3D('',#1667,#1073,#1074);
#937=AXIS2_PLACEMENT_3D('',#1669,#1075,#1076);
#938=AXIS2_PLACEMENT_3D('',#1695,#1077,#1078);
#939=AXIS2_PLACEMENT_3D('',#1720,#1079,#1080);
#940=AXIS2_PLACEMENT_3D('',#1722,#1081,#1082);
#941=AXIS2_PLACEMENT_3D('',#1724,#1084,#1085);
#942=AXIS2_PLACEMENT_3D('',#1726,#1086,#1087);
#943=AXIS2_PLACEMENT_3D('',#1728,#1089,#1090);
#944=AXIS2_PLACEMENT_3D('',#1730,#1091,#1092);
#945=AXIS2_PLACEMENT_3D('',#1732,#1094,#1095);
#946=AXIS2_PLACEMENT_3D('',#1734,#1096,#1097);
#947=AXIS2_PLACEMENT_3D('',#1736,#1099,#1100);
#948=AXIS2_PLACEMENT_3D('',#1738,#1101,#1102);
#949=AXIS2_PLACEMENT_3D('',#1740,#1104,#1105);
#950=AXIS2_PLACEMENT_3D('',#1791,#1109,#1110);
#951=AXIS2_PLACEMENT_3D('',#1839,#1114,#1115);
#952=AXIS2_PLACEMENT_3D('',#1866,#1120,#1121);
#953=AXIS2_PLACEMENT_3D('',#1997,#1127,#1128);
#954=AXIS2_PLACEMENT_3D('',#1998,#1129,#1130);
#955=AXIS2_PLACEMENT_3D('',#1999,#1131,#1132);
#956=AXIS2_PLACEMENT_3D('',#2028,#1133,#1134);
#957=AXIS2_PLACEMENT_3D('',#2108,#1142,#1143);
#958=AXIS2_PLACEMENT_3D('',#2110,#1145,#1146);
#959=DIRECTION('axis',(0.,0.,1.));
#960=DIRECTION('refdir',(1.,0.,0.));
#961=DIRECTION('center_axis',(0.,0.,1.));
#962=DIRECTION('ref_axis',(-0.707106781186541,0.707106781186554,0.));
#963=DIRECTION('center_axis',(0.,0.,-1.));
#964=DIRECTION('ref_axis',(-0.707106781186541,0.707106781186554,0.));
#965=DIRECTION('',(0.,0.,-1.));
#966=DIRECTION('center_axis',(0.,0.,1.));
#967=DIRECTION('ref_axis',(-0.707106781186541,0.707106781186554,0.));
#968=DIRECTION('',(0.,0.,1.));
#969=DIRECTION('center_axis',(0.,-1.,0.));
#970=DIRECTION('ref_axis',(1.,0.,0.));
#971=DIRECTION('',(-1.,0.,0.));
#972=DIRECTION('',(0.,0.,1.));
#973=DIRECTION('',(1.,0.,0.));
#974=DIRECTION('',(0.,0.,1.));
#975=DIRECTION('',(1.,0.,0.));
#976=DIRECTION('center_axis',(0.,0.,-1.));
#977=DIRECTION('ref_axis',(0.,1.,0.));
#978=DIRECTION('',(0.,-1.,0.));
#979=DIRECTION('center_axis',(0.,0.,1.));
#980=DIRECTION('ref_axis',(0.707106781186554,-0.707106781186541,0.));
#981=DIRECTION('',(-1.,0.,0.));
#982=DIRECTION('center_axis',(0.,0.,1.));
#983=DIRECTION('ref_axis',(-0.707106781186554,-0.707106781186541,0.));
#984=DIRECTION('',(0.,1.,0.));
#985=DIRECTION('center_axis',(0.,0.,-1.));
#986=DIRECTION('ref_axis',(0.707106781186541,0.707106781186554,0.));
#987=DIRECTION('',(-1.,0.,0.));
#988=DIRECTION('',(9.0163566848346E-14,-1.,0.));
#989=DIRECTION('',(-1.,0.,1.19452381176852E-16));
#990=DIRECTION('',(0.,1.,0.));
#991=DIRECTION('center_axis',(0.,0.,-1.));
#992=DIRECTION('ref_axis',(0.707106781186541,0.707106781186554,0.));
#993=DIRECTION('center_axis',(0.,0.,1.));
#994=DIRECTION('ref_axis',(0.707106781186541,0.707106781186554,0.));
#995=DIRECTION('',(0.,0.,1.));
#996=DIRECTION('',(0.,0.,-1.));
#997=DIRECTION('center_axis',(0.,-1.,0.));
#998=DIRECTION('ref_axis',(1.,0.,0.));
#999=DIRECTION('',(1.,0.,0.));
#1000=DIRECTION('',(0.,0.,1.));
#1001=DIRECTION('',(1.,0.,0.));
#1002=DIRECTION('',(0.,0.,1.));
#1003=DIRECTION('center_axis',(0.,0.,1.));
#1004=DIRECTION('ref_axis',(0.707106781186554,-0.707106781186541,0.));
#1005=DIRECTION('center_axis',(0.,0.,-1.));
#1006=DIRECTION('ref_axis',(0.707106781186554,-0.707106781186541,0.));
#1007=DIRECTION('',(0.,0.,1.));
#1008=DIRECTION('',(0.,0.,-1.));
#1009=DIRECTION('center_axis',(0.,-1.,0.));
#1010=DIRECTION('ref_axis',(0.,0.,-1.));
#1011=DIRECTION('',(1.,0.,0.));
#1012=DIRECTION('',(0.,0.,-1.));
#1013=DIRECTION('center_axis',(0.,0.,-1.));
#1014=DIRECTION('ref_axis',(-0.707106781186554,-0.707106781186541,0.));
#1015=DIRECTION('center_axis',(0.,0.,-1.));
#1016=DIRECTION('ref_axis',(-0.707106781186554,-0.707106781186541,0.));
#1017=DIRECTION('',(0.,0.,1.));
#1018=DIRECTION('center_axis',(1.,0.,0.));
#1019=DIRECTION('ref_axis',(0.,0.,1.));
#1020=DIRECTION('',(0.,1.,0.));
#1021=DIRECTION('center_axis',(-1.,0.,0.));
#1022=DIRECTION('ref_axis',(0.,0.,-1.));
#1023=DIRECTION('',(0.,-1.,0.));
#1024=DIRECTION('center_axis',(0.,0.,-1.));
#1025=DIRECTION('ref_axis',(-1.,0.,0.));
#1026=DIRECTION('center_axis',(0.,0.,1.));
#1027=DIRECTION('ref_axis',(-1.,0.,0.));
#1028=DIRECTION('center_axis',(0.,0.,1.));
#1029=DIRECTION('ref_axis',(-1.,0.,0.));
#1030=DIRECTION('',(0.,1.,0.));
#1031=DIRECTION('',(1.,8.88178419702199E-14,5.43852429380026E-30));
#1032=DIRECTION('',(8.88178419702199E-14,-1.,0.));
#1033=DIRECTION('center_axis',(0.,0.,1.));
#1034=DIRECTION('ref_axis',(-1.,0.,0.));
#1035=DIRECTION('center_axis',(0.,0.,1.));
#1036=DIRECTION('ref_axis',(-1.,0.,0.));
#1037=DIRECTION('center_axis',(0.,0.,1.));
#1038=DIRECTION('ref_axis',(-1.,0.,0.));
#1039=DIRECTION('center_axis',(0.,0.,1.));
#1040=DIRECTION('ref_axis',(-1.,0.,0.));
#1041=DIRECTION('center_axis',(0.,0.,-1.));
#1042=DIRECTION('ref_axis',(-1.,0.,0.));
#1043=DIRECTION('center_axis',(0.,0.,-1.));
#1044=DIRECTION('ref_axis',(-1.,0.,0.));
#1045=DIRECTION('',(0.,0.,-1.));
#1046=DIRECTION('center_axis',(0.,0.,-1.));
#1047=DIRECTION('ref_axis',(-1.,0.,0.));
#1048=DIRECTION('center_axis',(0.,0.,-1.));
#1049=DIRECTION('ref_axis',(-1.,0.,0.));
#1050=DIRECTION('center_axis',(0.,0.,-1.));
#1051=DIRECTION('ref_axis',(-1.,0.,0.));
#1052=DIRECTION('center_axis',(0.,0.,-1.));
#1053=DIRECTION('ref_axis',(-1.,0.,0.));
#1054=DIRECTION('',(0.,0.,-1.));
#1055=DIRECTION('center_axis',(0.,0.,-1.));
#1056=DIRECTION('ref_axis',(-1.,0.,0.));
#1057=DIRECTION('center_axis',(0.,0.,-1.));
#1058=DIRECTION('ref_axis',(-1.,0.,0.));
#1059=DIRECTION('center_axis',(0.,0.,-1.));
#1060=DIRECTION('ref_axis',(-1.,0.,0.));
#1061=DIRECTION('center_axis',(0.,0.,-1.));
#1062=DIRECTION('ref_axis',(-1.,0.,0.));
#1063=DIRECTION('',(0.,0.,-1.));
#1064=DIRECTION('center_axis',(0.,0.,-1.));
#1065=DIRECTION('ref_axis',(-1.,0.,0.));
#1066=DIRECTION('center_axis',(0.,0.,-1.));
#1067=DIRECTION('ref_axis',(-1.,0.,0.));
#1068=DIRECTION('center_axis',(0.,0.,-1.));
#1069=DIRECTION('ref_axis',(-1.,0.,0.));
#1070=DIRECTION('center_axis',(0.,0.,-1.));
#1071=DIRECTION('ref_axis',(-1.,0.,0.));
#1072=DIRECTION('',(0.,0.,-1.));
#1073=DIRECTION('center_axis',(0.,0.,-1.));
#1074=DIRECTION('ref_axis',(-1.,0.,0.));
#1075=DIRECTION('center_axis',(0.,0.,-1.));
#1076=DIRECTION('ref_axis',(-1.,0.,0.));
#1077=DIRECTION('center_axis',(8.86403493784335E-14,-1.,0.));
#1078=DIRECTION('ref_axis',(-0.304775727103783,-2.70154269325455E-14,-0.952424147199324));
#1079=DIRECTION('center_axis',(0.,0.,-1.));
#1080=DIRECTION('ref_axis',(-1.,0.,0.));
#1081=DIRECTION('center_axis',(-7.02343531195055E-17,4.03717463500051E-16,
-1.));
#1082=DIRECTION('ref_axis',(-1.,0.,0.));
#1083=DIRECTION('',(0.,0.,-1.));
#1084=DIRECTION('center_axis',(0.,0.,-1.));
#1085=DIRECTION('ref_axis',(-1.,0.,0.));
#1086=DIRECTION('center_axis',(-7.02343531195055E-17,4.03717463500051E-16,
-1.));
#1087=DIRECTION('ref_axis',(-1.,0.,0.));
#1088=DIRECTION('',(0.,0.,-1.));
#1089=DIRECTION('center_axis',(0.,0.,-1.));
#1090=DIRECTION('ref_axis',(-1.,0.,0.));
#1091=DIRECTION('center_axis',(-7.02343531195055E-17,4.03717463500051E-16,
-1.));
#1092=DIRECTION('ref_axis',(-1.,0.,0.));
#1093=DIRECTION('',(0.,0.,-1.));
#1094=DIRECTION('center_axis',(0.,0.,-1.));
#1095=DIRECTION('ref_axis',(-1.,0.,0.));
#1096=DIRECTION('center_axis',(-7.02343531195055E-17,4.03717463500051E-16,
-1.));
#1097=DIRECTION('ref_axis',(-1.,0.,0.));
#1098=DIRECTION('',(0.,0.,-1.));
#1099=DIRECTION('center_axis',(-8.88178419702199E-14,1.,0.));
#1100=DIRECTION('ref_axis',(-0.154233350480167,-1.3698673349485E-14,-0.988034449601663));
#1101=DIRECTION('center_axis',(-8.88178419702199E-14,1.,4.75364905918218E-16));
#1102=DIRECTION('ref_axis',(-0.154233350480167,-1.3698673349485E-14,-0.988034449601663));
#1103=DIRECTION('',(-8.88178419702199E-14,1.,0.));
#1104=DIRECTION('center_axis',(-7.02343531195055E-17,4.03717463500051E-16,
-1.));
#1105=DIRECTION('ref_axis',(-1.,0.,7.02343531195055E-17));
#1106=DIRECTION('',(-8.78926561161595E-14,1.,0.));
#1107=DIRECTION('',(-1.,-8.88178419702199E-14,7.02343531194697E-17));
#1108=DIRECTION('',(-9.0163566848346E-14,1.,0.));
#1109=DIRECTION('center_axis',(-7.02343531195055E-17,4.03717463500051E-16,
-1.));
#1110=DIRECTION('ref_axis',(-1.,0.,7.02343531195055E-17));
#1111=DIRECTION('',(0.,-1.,0.));
#1112=DIRECTION('',(-1.,-8.88178419702199E-14,7.02343531194697E-17));
#1113=DIRECTION('',(0.,-1.,0.));
#1114=DIRECTION('center_axis',(1.,8.78926561161595E-14,0.));
#1115=DIRECTION('ref_axis',(-8.78926561161595E-14,1.,0.));
#1116=DIRECTION('',(-4.17810842055604E-29,4.75364905918218E-16,-1.));
#1117=DIRECTION('',(0.,0.,1.));
#1118=DIRECTION('',(0.,0.,1.));
#1119=DIRECTION('',(0.,0.,1.));
#1120=DIRECTION('center_axis',(-1.,0.,0.));
#1121=DIRECTION('ref_axis',(0.,-1.,0.));
#1122=DIRECTION('',(0.,-1.,0.));
#1123=DIRECTION('',(0.,0.,1.));
#1124=DIRECTION('',(0.,-4.75364905918218E-16,1.));
#1125=DIRECTION('',(0.,0.,1.));
#1126=DIRECTION('',(0.,0.,1.));
#1127=DIRECTION('center_axis',(0.,1.,0.));
#1128=DIRECTION('ref_axis',(0.154233350480166,0.,-0.988034449601664));
#1129=DIRECTION('center_axis',(0.,-1.,0.));
#1130=DIRECTION('ref_axis',(0.,0.,-1.));
#1131=DIRECTION('center_axis',(-8.88178419702199E-14,1.,4.75364905918218E-16));
#1132=DIRECTION('ref_axis',(0.154233350480166,0.,-0.988034449601664));
#1133=DIRECTION('center_axis',(1.,9.0163566848346E-14,0.));
#1134=DIRECTION('ref_axis',(-9.0163566848346E-14,1.,-1.2647790209901E-18));
#1135=DIRECTION('',(-4.2860595472115E-29,4.75364905918218E-16,-1.));
#1136=DIRECTION('',(0.,0.,1.));
#1137=DIRECTION('',(0.,0.,1.));
#1138=DIRECTION('',(0.,0.,1.));
#1139=DIRECTION('',(0.,0.,1.));
#1140=DIRECTION('',(0.,0.,1.));
#1141=DIRECTION('',(0.,0.,1.));
#1142=DIRECTION('center_axis',(-1.,0.,0.));
#1143=DIRECTION('ref_axis',(0.,-1.,0.));
#1144=DIRECTION('',(0.,-4.75364905918218E-16,1.));
#1145=DIRECTION('center_axis',(-8.88178419702199E-14,1.,4.75364905918218E-16));
#1146=DIRECTION('ref_axis',(3.67823607982325E-29,-4.75364905918218E-16,
1.));
#1147=CARTESIAN_POINT('',(0.,0.,0.));
#1148=CARTESIAN_POINT('Origin',(123.964965465248,69.1586754241751,-19.));
#1149=CARTESIAN_POINT('',(122.964965465248,69.1586754241751,-12.));
#1150=CARTESIAN_POINT('',(123.964965465248,70.1586754241751,-12.));
#1151=CARTESIAN_POINT('Origin',(123.964965465248,69.1586754241751,-12.));
#1152=CARTESIAN_POINT('',(123.964965465248,70.1586754241751,-19.));
#1153=CARTESIAN_POINT('',(123.964965465248,70.1586754241751,-19.));
#1154=CARTESIAN_POINT('',(122.964965465248,69.1586754241751,-19.));
#1155=CARTESIAN_POINT('Origin',(123.964965465248,69.1586754241751,-19.));
#1156=CARTESIAN_POINT('',(122.964965465248,69.1586754241751,-19.));
#1157=CARTESIAN_POINT('Origin',(115.478733591676,70.1586754241751,-19.));
#1158=CARTESIAN_POINT('',(170.021266408317,70.1586754241751,-12.));
#1159=CARTESIAN_POINT('',(129.114366795838,70.1586754241751,-12.));
#1160=CARTESIAN_POINT('',(170.021266408317,70.1586754241751,-15.));
#1161=CARTESIAN_POINT('',(170.021266408317,70.1586754241751,-19.));
#1162=CARTESIAN_POINT('',(176.034799319761,70.1586754241751,-15.));
#1163=CARTESIAN_POINT('',(176.147530651152,70.1586754241751,-15.));
#1164=CARTESIAN_POINT('',(176.034799319761,70.1586754241751,-19.));
#1165=CARTESIAN_POINT('',(176.034799319761,70.1586754241751,-19.));
#1166=CARTESIAN_POINT('',(151.807482732624,70.1586754241751,-19.));
#1167=CARTESIAN_POINT('Origin',(142.75,83.4,-12.));
#1168=CARTESIAN_POINT('',(122.964965465248,58.1586754241751,-12.));
#1169=CARTESIAN_POINT('',(122.964965465248,76.7793377120875,-12.));
#1170=CARTESIAN_POINT('',(121.964965465248,57.1586754241751,-12.));
#1171=CARTESIAN_POINT('Origin',(121.964965465248,58.1586754241751,-12.));
#1172=CARTESIAN_POINT('',(121.464965465248,57.1586754241751,-12.));
#1173=CARTESIAN_POINT('',(132.232482732624,57.1586754241751,-12.));
#1174=CARTESIAN_POINT('',(120.464965465248,58.1586754241751,-12.));
#1175=CARTESIAN_POINT('Origin',(121.464965465248,58.1586754241751,-12.));
#1176=CARTESIAN_POINT('',(120.464965465248,69.1586754241751,-12.));
#1177=CARTESIAN_POINT('',(120.464965465248,76.7793377120875,-12.));
#1178=CARTESIAN_POINT('',(119.464965465248,70.1586754241751,-12.));
#1179=CARTESIAN_POINT('Origin',(119.464965465248,69.1586754241751,-12.));
#1180=CARTESIAN_POINT('',(115.478733591676,70.1586754241751,-12.));
#1181=CARTESIAN_POINT('',(129.114366795838,70.1586754241751,-12.));
#1182=CARTESIAN_POINT('',(121.042462590492,37.4207704826251,-12.));
#1183=CARTESIAN_POINT('Ctrl Pts',(115.478733591676,70.1586754241751,-12.));
#1184=CARTESIAN_POINT('Ctrl Pts',(115.804806748447,65.5262021891903,-12.));
#1185=CARTESIAN_POINT('Ctrl Pts',(116.277502903638,61.502767389509,-12.));
#1186=CARTESIAN_POINT('Ctrl Pts',(116.897622733456,57.5855777312655,-12.));
#1187=CARTESIAN_POINT('Ctrl Pts',(118.093297858827,50.0327048661977,-12.));
#1188=CARTESIAN_POINT('Ctrl Pts',(119.739239346403,43.5583359206438,-12.));
#1189=CARTESIAN_POINT('Ctrl Pts',(121.042462590492,37.4207704826251,-12.));
#1190=CARTESIAN_POINT('',(122.999566296596,25.0086840735973,-12.));
#1191=CARTESIAN_POINT('Ctrl Pts',(121.042462590492,37.4207704826251,-12.));
#1192=CARTESIAN_POINT('Ctrl Pts',(121.992599386084,32.946075310893,-12.));
#1193=CARTESIAN_POINT('Ctrl Pts',(122.625962306056,29.2946057429114,-12.));
#1194=CARTESIAN_POINT('Ctrl Pts',(122.999566296596,25.0086840735974,-12.));
#1195=CARTESIAN_POINT('',(123.449999999999,11.6999999999983,-12.));
#1196=CARTESIAN_POINT('Ctrl Pts',(122.999566296596,25.0086840735973,-12.));
#1197=CARTESIAN_POINT('Ctrl Pts',(123.177013605246,22.9730386186266,-12.));
#1198=CARTESIAN_POINT('Ctrl Pts',(123.282570978888,20.9345740275782,-12.));
#1199=CARTESIAN_POINT('Ctrl Pts',(123.347834705614,18.9161536244441,-12.));
#1200=CARTESIAN_POINT('Ctrl Pts',(123.424480240208,16.5457264577169,-12.));
#1201=CARTESIAN_POINT('Ctrl Pts',(123.449999999998,14.0342073067776,-12.));
#1202=CARTESIAN_POINT('Ctrl Pts',(123.449999999999,11.6999999999983,-12.));
#1203=CARTESIAN_POINT('',(123.45,-1.60000000000172,-12.));
#1204=CARTESIAN_POINT('',(123.449999999996,40.8999999999983,-12.));
#1205=CARTESIAN_POINT('',(162.05,-1.6,-12.));
#1206=CARTESIAN_POINT('',(170.632818584787,-1.6,-12.));
#1207=CARTESIAN_POINT('',(162.05,11.7,-12.));
#1208=CARTESIAN_POINT('',(162.05,47.55,-12.));
#1209=CARTESIAN_POINT('',(162.500433703402,25.0086840735992,-12.));
#1210=CARTESIAN_POINT('Ctrl Pts',(162.05,11.7,-12.));
#1211=CARTESIAN_POINT('Ctrl Pts',(162.05,14.0342073068404,-12.));
#1212=CARTESIAN_POINT('Ctrl Pts',(162.075519759791,16.5457264577496,-12.));
#1213=CARTESIAN_POINT('Ctrl Pts',(162.152165294384,18.9161536244458,-12.));
#1214=CARTESIAN_POINT('Ctrl Pts',(162.217429021109,20.9345740275643,-12.));
#1215=CARTESIAN_POINT('Ctrl Pts',(162.322986394752,22.9730386186299,-12.));
#1216=CARTESIAN_POINT('Ctrl Pts',(162.500433703402,25.008684073599,-12.));
#1217=CARTESIAN_POINT('',(164.457537409504,37.4207704826251,-12.));
#1218=CARTESIAN_POINT('Ctrl Pts',(162.500433703402,25.0086840735992,-12.));
#1219=CARTESIAN_POINT('Ctrl Pts',(162.874037693942,29.2946057429171,-12.));
#1220=CARTESIAN_POINT('Ctrl Pts',(163.507400613915,32.9460753109053,-12.));
#1221=CARTESIAN_POINT('Ctrl Pts',(164.457537409504,37.4207704826251,-12.));
#1222=CARTESIAN_POINT('Ctrl Pts',(164.457537409504,37.4207704826251,-12.));
#1223=CARTESIAN_POINT('Ctrl Pts',(165.760760653593,43.5583359206433,-12.));
#1224=CARTESIAN_POINT('Ctrl Pts',(167.406702141166,50.0327048661875,-12.));
#1225=CARTESIAN_POINT('Ctrl Pts',(168.602377266538,57.5855777312667,-12.));
#1226=CARTESIAN_POINT('Ctrl Pts',(169.222497096351,61.5027673894757,-12.));
#1227=CARTESIAN_POINT('Ctrl Pts',(169.695193251544,65.526202189145,-12.));
#1228=CARTESIAN_POINT('Ctrl Pts',(170.021266408317,70.1586754241751,-12.));
#1229=CARTESIAN_POINT('Origin',(119.464965465248,69.1586754241751,-15.5));
#1230=CARTESIAN_POINT('',(120.464965465248,69.1586754241751,-19.));
#1231=CARTESIAN_POINT('',(119.464965465248,70.1586754241751,-19.));
#1232=CARTESIAN_POINT('Origin',(119.464965465248,69.1586754241751,-19.));
#1233=CARTESIAN_POINT('',(119.464965465248,70.1586754241751,-15.5));
#1234=CARTESIAN_POINT('',(120.464965465248,69.1586754241751,-15.5));
#1235=CARTESIAN_POINT('Origin',(115.478733591676,70.1586754241751,-19.));
#1236=CARTESIAN_POINT('',(109.464965465248,70.1586754241751,-19.));
#1237=CARTESIAN_POINT('',(151.807482732624,70.1586754241751,-19.));
#1238=CARTESIAN_POINT('',(109.464965465248,70.1586754241751,-15.));
#1239=CARTESIAN_POINT('',(109.464965465248,70.1586754241751,-19.));
#1240=CARTESIAN_POINT('',(115.478733591676,70.1586754241751,-15.));
#1241=CARTESIAN_POINT('',(176.147530651152,70.1586754241751,-15.));
#1242=CARTESIAN_POINT('',(115.478733591676,70.1586754241751,-19.));
#1243=CARTESIAN_POINT('Origin',(121.964965465248,58.1586754241751,-17.25));
#1244=CARTESIAN_POINT('',(122.964965465248,58.1586754241751,-19.));
#1245=CARTESIAN_POINT('',(121.964965465248,57.1586754241751,-19.));
#1246=CARTESIAN_POINT('Origin',(121.964965465248,58.1586754241751,-19.));
#1247=CARTESIAN_POINT('',(121.964965465248,57.1586754241751,-17.25));
#1248=CARTESIAN_POINT('',(122.964965465248,58.1586754241751,-17.25));
#1249=CARTESIAN_POINT('Origin',(121.714965465248,57.1586754241751,-15.5));
#1250=CARTESIAN_POINT('',(121.464965465248,57.1586754241751,-19.));
#1251=CARTESIAN_POINT('',(157.932482732624,57.1586754241751,-19.));
#1252=CARTESIAN_POINT('',(121.464965465248,57.1586754241751,-13.75));
#1253=CARTESIAN_POINT('Origin',(121.464965465248,58.1586754241751,-13.75));
#1254=CARTESIAN_POINT('',(120.464965465248,58.1586754241751,-19.));
#1255=CARTESIAN_POINT('Origin',(121.464965465248,58.1586754241751,-19.));
#1256=CARTESIAN_POINT('',(120.464965465248,58.1586754241751,-13.75));
#1257=CARTESIAN_POINT('Origin',(122.964965465248,70.1586754241751,-19.));
#1258=CARTESIAN_POINT('',(122.964965465248,35.0793377120875,-19.));
#1259=CARTESIAN_POINT('Origin',(120.464965465248,70.1586754241751,-12.));
#1260=CARTESIAN_POINT('',(120.464965465248,35.0793377120875,-19.));
#1261=CARTESIAN_POINT('Origin',(194.15,0.,-19.));
#1262=CARTESIAN_POINT('',(175.934866656614,68.7721722399446,-19.));
#1263=CARTESIAN_POINT('Ctrl Pts',(176.034799319761,70.1586754241751,-19.));
#1264=CARTESIAN_POINT('Ctrl Pts',(176.002931093806,69.6909976980277,-19.));
#1265=CARTESIAN_POINT('Ctrl Pts',(175.969619978702,69.2289691990311,-19.));
#1266=CARTESIAN_POINT('Ctrl Pts',(175.934866656614,68.7721722399446,-19.));
#1267=CARTESIAN_POINT('',(171.316320986378,57.7429701706815,-19.));
#1268=CARTESIAN_POINT('Ctrl Pts',(171.316594999997,57.7430825105324,-19.));
#1269=CARTESIAN_POINT('Ctrl Pts',(172.637720943789,61.5063922382501,-19.));
#1270=CARTESIAN_POINT('Ctrl Pts',(174.176832849512,65.1921638396745,-19.));
#1271=CARTESIAN_POINT('Ctrl Pts',(175.934866656614,68.7721722399447,-19.));
#1272=CARTESIAN_POINT('',(170.461917624726,55.2037669392337,-19.));
#1273=CARTESIAN_POINT('Origin',(171.528456956934,56.2586754241751,-19.));
#1274=CARTESIAN_POINT('',(164.477121043082,13.7404423585834,-19.));
#1275=CARTESIAN_POINT('Ctrl Pts',(164.477118512662,13.7402838228215,-19.));
#1276=CARTESIAN_POINT('Ctrl Pts',(164.512271096056,17.2529886565062,-19.));
#1277=CARTESIAN_POINT('Ctrl Pts',(164.791577518453,24.9446954850912,-19.));
#1278=CARTESIAN_POINT('Ctrl Pts',(166.155913859439,38.1906074532318,-19.));
#1279=CARTESIAN_POINT('Ctrl Pts',(168.369388882815,48.4994415319283,-19.));
#1280=CARTESIAN_POINT('Ctrl Pts',(170.243095427685,54.5247802502392,-19.));
#1281=CARTESIAN_POINT('Ctrl Pts',(170.462010831236,55.2040561525638,-19.));
#1282=CARTESIAN_POINT('',(164.46696438695,11.0649413894487,-19.));
#1283=CARTESIAN_POINT('Origin',(165.150790758473,12.4000000000009,-19.));
#1284=CARTESIAN_POINT('',(164.46696438695,-1.59999999999807,-19.));
#1285=CARTESIAN_POINT('',(164.46696438695,0.,-19.));
#1286=CARTESIAN_POINT('',(121.03303561305,-1.60000000000193,-19.));
#1287=CARTESIAN_POINT('',(91.3499999999998,-1.60000000000456,-19.));
#1288=CARTESIAN_POINT('',(121.033035613049,11.0587859451676,-19.));
#1289=CARTESIAN_POINT('',(121.03303561305,-4.21147244962768E-12,-19.));
#1290=CARTESIAN_POINT('',(121.86136243425,12.4000000000009,-19.));
#1291=CARTESIAN_POINT('Origin',(120.36136243425,12.4000000000009,-19.));
#1292=CARTESIAN_POINT('',(121.023214312943,13.7470470171708,-19.));
#1293=CARTESIAN_POINT('Origin',(120.36136243425,12.4000000000009,-19.));
#1294=CARTESIAN_POINT('',(115.042446361051,55.1964412914632,-19.));
#1295=CARTESIAN_POINT('Ctrl Pts',(115.042839316696,55.1954488623821,-19.));
#1296=CARTESIAN_POINT('Ctrl Pts',(115.260481092699,54.5198365023597,-19.));
#1297=CARTESIAN_POINT('Ctrl Pts',(117.132379221395,48.497517083443,-19.));
#1298=CARTESIAN_POINT('Ctrl Pts',(120.077254451973,34.7325415518844,-19.));
#1299=CARTESIAN_POINT('Ctrl Pts',(120.948718260433,21.4536592084095,-19.));
#1300=CARTESIAN_POINT('Ctrl Pts',(121.023220986563,13.7463567506668,-19.));
#1301=CARTESIAN_POINT('',(115.48369623579,56.2586754241751,-19.));
#1302=CARTESIAN_POINT('Origin',(113.98369623579,56.2586754241751,-19.));
#1303=CARTESIAN_POINT('',(114.184202536821,57.7464473197473,-19.));
#1304=CARTESIAN_POINT('Origin',(113.98369623579,56.2586754241751,-19.));
#1305=CARTESIAN_POINT('',(109.564781150317,68.7728894283079,-19.));
#1306=CARTESIAN_POINT('Ctrl Pts',(109.564781150317,68.7728894283079,-19.));
#1307=CARTESIAN_POINT('Ctrl Pts',(111.322870934096,65.1928393387029,-19.));
#1308=CARTESIAN_POINT('Ctrl Pts',(112.863038412628,61.5083889097052,-19.));
#1309=CARTESIAN_POINT('Ctrl Pts',(114.184543189094,57.7454773468222,-19.));
#1310=CARTESIAN_POINT('Ctrl Pts',(109.564781150317,68.7728894283079,-19.));
#1311=CARTESIAN_POINT('Ctrl Pts',(109.530067296356,69.2294489336606,-19.));
#1312=CARTESIAN_POINT('Ctrl Pts',(109.49679555572,69.6912371917628,-19.));
#1313=CARTESIAN_POINT('Ctrl Pts',(109.464965465248,70.158675424175,-19.));
#1314=CARTESIAN_POINT('Origin',(165.150790758473,12.4000000000009,-16.8));
#1315=CARTESIAN_POINT('',(166.650790758473,12.4000000000009,-16.8));
#1316=CARTESIAN_POINT('Origin',(165.150790758473,12.4000000000009,-16.8));
#1317=CARTESIAN_POINT('',(166.650767141753,12.4000230793576,-18.920459773271));
#1318=CARTESIAN_POINT('',(166.650790758473,12.4000000000009,-16.8));
#1319=CARTESIAN_POINT('',(166.477440674615,11.7,-18.9325572762625));
#1320=CARTESIAN_POINT('Ctrl Pts',(166.477437885899,11.7,-18.9325192416196));
#1321=CARTESIAN_POINT('Ctrl Pts',(166.525409498478,11.7909165499366,-18.9292967989618));
#1322=CARTESIAN_POINT('Ctrl Pts',(166.563905190404,11.8865214783839,-18.9266032174978));
#1323=CARTESIAN_POINT('Ctrl Pts',(166.592320550979,11.985307960291,-18.9245949321281));
#1324=CARTESIAN_POINT('Ctrl Pts',(166.594244526099,11.9919966923526,-18.9244589531714));
#1325=CARTESIAN_POINT('Ctrl Pts',(166.596122284141,11.9987000157754,-18.9243260969946));
#1326=CARTESIAN_POINT('Ctrl Pts',(166.597953635789,12.00541746515,-18.9241964036406));
#1327=CARTESIAN_POINT('Ctrl Pts',(166.616940603174,12.0750621957552,-18.9228517773997));
#1328=CARTESIAN_POINT('Ctrl Pts',(166.630876197414,12.1459914860245,-18.9218528673745));
#1329=CARTESIAN_POINT('Ctrl Pts',(166.639650008706,12.2176542970664,-18.921229144381));
#1330=CARTESIAN_POINT('Ctrl Pts',(166.643672401435,12.2505084308544,-18.9209431958063));
#1331=CARTESIAN_POINT('Ctrl Pts',(166.646606267618,12.2834872777655,-18.9207361486044));
#1332=CARTESIAN_POINT('Ctrl Pts',(166.648446712577,12.3165368724369,-18.9206093022302));
#1333=CARTESIAN_POINT('Ctrl Pts',(166.64946800833,12.3348766823339,-18.9205389129134));
#1334=CARTESIAN_POINT('Ctrl Pts',(166.650152352677,12.3532338040845,-18.9204932244265));
#1335=CARTESIAN_POINT('Ctrl Pts',(166.650499394897,12.3715989838126,-18.920472325319));
#1336=CARTESIAN_POINT('Ctrl Pts',(166.650678418227,12.3810727464949,-18.920461544418));
#1337=CARTESIAN_POINT('Ctrl Pts',(166.650767668482,12.3905478687672,-18.9204573598772));
#1338=CARTESIAN_POINT('Ctrl Pts',(166.650767141753,12.4000230793576,-18.920459773271));
#1339=CARTESIAN_POINT('Ctrl Pts',(164.46696438695,11.0649413894487,-19.));
#1340=CARTESIAN_POINT('Ctrl Pts',(164.502838118643,11.046566612804,-19.));
#1341=CARTESIAN_POINT('Ctrl Pts',(164.539527732797,11.0296029241006,-18.9999354410889));
#1342=CARTESIAN_POINT('Ctrl Pts',(164.761614972834,10.9376245505215,-18.9991220678586));
#1343=CARTESIAN_POINT('Ctrl Pts',(164.96249453675,10.9000000000008,-18.996498525147));
#1344=CARTESIAN_POINT('Ctrl Pts',(165.339253910179,10.9000000000008,-18.9879083600591));
#1345=CARTESIAN_POINT('Ctrl Pts',(165.540210532933,10.9376842206774,-18.9813667800523));
#1346=CARTESIAN_POINT('Ctrl Pts',(165.909811011107,11.0908386453454,-18.965853982649));
#1347=CARTESIAN_POINT('Ctrl Pts',(166.078460349137,11.2063058270616,-18.9569837179387));
#1348=CARTESIAN_POINT('Ctrl Pts',(166.313787290712,11.441709550496,-18.9432750035007));
#1349=CARTESIAN_POINT('Ctrl Pts',(166.405985540288,11.564577217196,-18.9373566942298));
#1350=CARTESIAN_POINT('Ctrl Pts',(166.477440674615,11.7,-18.9325572762625));
#1351=CARTESIAN_POINT('Ctrl Pts',(166.650767141753,12.4000230793576,-18.920459773271));
#1352=CARTESIAN_POINT('Ctrl Pts',(166.650766807475,12.4060356305896,-18.9204613047074));
#1353=CARTESIAN_POINT('Ctrl Pts',(166.650730323448,12.4120482173854,-18.9204654927788));
#1354=CARTESIAN_POINT('Ctrl Pts',(166.65065768854,12.4180605149388,-18.9204723368543));
#1355=CARTESIAN_POINT('Ctrl Pts',(166.650435756331,12.4364307795695,-18.9204932485735));
#1356=CARTESIAN_POINT('Ctrl Pts',(166.649876364087,12.454795393459,-18.9205389579711));
#1357=CARTESIAN_POINT('Ctrl Pts',(166.64897980187,12.4731450955663,-18.920609376578));
#1358=CARTESIAN_POINT('Ctrl Pts',(166.647363733227,12.5062207456793,-18.9207363073147));
#1359=CARTESIAN_POINT('Ctrl Pts',(166.644652890568,12.5392333960297,-18.9209435060329));
#1360=CARTESIAN_POINT('Ctrl Pts',(166.640851819676,12.572128978903,-18.9212296721252));
#1361=CARTESIAN_POINT('Ctrl Pts',(166.629514818473,12.6702427140042,-18.9220831856283));
#1362=CARTESIAN_POINT('Ctrl Pts',(166.608525297975,12.7669158440321,-18.9236395899935));
#1363=CARTESIAN_POINT('Ctrl Pts',(166.57823553065,12.8607566751136,-18.9258110641372));
#1364=CARTESIAN_POINT('Ctrl Pts',(166.569528367857,12.8877323657499,-18.9264352808459));
#1365=CARTESIAN_POINT('Ctrl Pts',(166.560052613762,12.9144739658336,-18.9271100009941));
#1366=CARTESIAN_POINT('Ctrl Pts',(166.549816474599,12.9409482939292,-18.9278323825635));
#1367=CARTESIAN_POINT('Ctrl Pts',(166.515844629574,13.0288116725733,-18.9302298328455));
#1368=CARTESIAN_POINT('Ctrl Pts',(166.473678062445,13.1132677523586,-18.9331416354963));
#1369=CARTESIAN_POINT('Ctrl Pts',(166.423881786831,13.1932019441288,-18.9364263976881));
#1370=CARTESIAN_POINT('Ctrl Pts',(166.355166026317,13.303506152843,-18.9409591650353));
#1371=CARTESIAN_POINT('Ctrl Pts',(166.272559699464,13.4041707954643,-18.9461579956786));
#1372=CARTESIAN_POINT('Ctrl Pts',(166.178296097807,13.4928245757287,-18.951564958318));
#1373=CARTESIAN_POINT('Ctrl Pts',(166.132120448633,13.5362522167641,-18.9542135947539));
#1374=CARTESIAN_POINT('Ctrl Pts',(166.083147506583,13.5767969614633,-18.9569117842574));
#1375=CARTESIAN_POINT('Ctrl Pts',(166.031640192431,13.6141755450151,-18.9596055624808));
#1376=CARTESIAN_POINT('Ctrl Pts',(165.945790447712,13.6764762475222,-18.964095413614));
#1377=CARTESIAN_POINT('Ctrl Pts',(165.853716552126,13.729392718405,-18.9685271713336));
#1378=CARTESIAN_POINT('Ctrl Pts',(165.757009414007,13.7721378524684,-18.9726763053728));
#1379=CARTESIAN_POINT('Ctrl Pts',(165.698544816822,13.7979795544694,-18.9751846770917));
#1380=CARTESIAN_POINT('Ctrl Pts',(165.638387040754,13.8201033923971,-18.9775905007914));
#1381=CARTESIAN_POINT('Ctrl Pts',(165.576889689707,13.8383322257426,-18.9798527972199));
#1382=CARTESIAN_POINT('Ctrl Pts',(165.483086502768,13.8661370438829,-18.9833035249533));
#1383=CARTESIAN_POINT('Ctrl Pts',(165.387008226204,13.8846329675571,-18.9863865065525));
#1384=CARTESIAN_POINT('Ctrl Pts',(165.29003588086,13.8936856005702,-18.9890148805606));
#1385=CARTESIAN_POINT('Ctrl Pts',(165.193063535516,13.9027382335833,-18.9916432545686));
#1386=CARTESIAN_POINT('Ctrl Pts',(165.095197179594,13.9023473055922,-18.9938168705403));
#1387=CARTESIAN_POINT('Ctrl Pts',(164.997827698902,13.8923752750927,-18.9955020935823));
#1388=CARTESIAN_POINT('Ctrl Pts',(164.897265744062,13.8820762894801,-18.9972425703954));
#1389=CARTESIAN_POINT('Ctrl Pts',(164.798209662265,13.8616598350607,-18.9984454638921));
#1390=CARTESIAN_POINT('Ctrl Pts',(164.702133747673,13.8315507109174,-18.999161808894));
#1391=CARTESIAN_POINT('Ctrl Pts',(164.624949818535,13.8073621251083,-18.9997372946658));
#1392=CARTESIAN_POINT('Ctrl Pts',(164.549689472222,13.7769180212976,-19.));
#1393=CARTESIAN_POINT('Ctrl Pts',(164.477120109954,13.7404434296459,-19.));
#1394=CARTESIAN_POINT('Origin',(165.150790758473,12.4000000000009,-16.8));
#1395=CARTESIAN_POINT('',(166.150790758473,12.4000000000009,-16.8));
#1396=CARTESIAN_POINT('Origin',(165.150790758473,12.4000000000009,-16.8));
#1397=CARTESIAN_POINT('Origin',(120.36136243425,12.4000000000009,-16.8));
#1398=CARTESIAN_POINT('',(121.86136243425,12.4000000000009,-16.8));
#1399=CARTESIAN_POINT('Origin',(120.36136243425,12.4000000000009,-16.8));
#1400=CARTESIAN_POINT('',(121.86136243425,12.4000000000009,-16.8));
#1401=CARTESIAN_POINT('',(119.034715310223,11.6999999999979,-18.9333329992819));
#1402=CARTESIAN_POINT('Ctrl Pts',(119.034712518109,11.6999999999979,-18.933371089943));
#1403=CARTESIAN_POINT('Ctrl Pts',(119.106168370303,11.5645758566836,-18.9381414139829));
#1404=CARTESIAN_POINT('Ctrl Pts',(119.198367946235,11.4417067302292,-18.9440222287789));
#1405=CARTESIAN_POINT('Ctrl Pts',(119.433696607057,11.2063030730309,-18.9576351962072));
#1406=CARTESIAN_POINT('Ctrl Pts',(119.602345734535,11.0908367013656,-18.9664368319801));
#1407=CARTESIAN_POINT('Ctrl Pts',(119.971945144697,10.9376836627205,-18.9817994281717));
#1408=CARTESIAN_POINT('Ctrl Pts',(120.172900861649,10.9000000000008,-18.9882594324308));
#1409=CARTESIAN_POINT('Ctrl Pts',(120.549660046895,10.9000000000009,-18.9966968487363));
#1410=CARTESIAN_POINT('Ctrl Pts',(120.750540076362,10.9376250543469,-18.9992389891317));
#1411=CARTESIAN_POINT('Ctrl Pts',(120.968424603763,11.0278631691677,-18.9999486899979));
#1412=CARTESIAN_POINT('Ctrl Pts',(121.001042832343,11.0427641232686,-19.));
#1413=CARTESIAN_POINT('Ctrl Pts',(121.033035613049,11.0587859451676,-19.));
#1414=CARTESIAN_POINT('Ctrl Pts',(121.023214312943,13.7470470171708,-19.));
#1415=CARTESIAN_POINT('Ctrl Pts',(120.931300401646,13.7922301650703,-19.));
#1416=CARTESIAN_POINT('Ctrl Pts',(120.835057508356,13.8278441584054,-18.9995768692313));
#1417=CARTESIAN_POINT('Ctrl Pts',(120.736003824824,13.8533672717282,-18.998633178525));
#1418=CARTESIAN_POINT('Ctrl Pts',(120.713131968207,13.859260651636,-18.9984152769008));
#1419=CARTESIAN_POINT('Ctrl Pts',(120.690110226572,13.8646160749494,-18.9981698308035));
#1420=CARTESIAN_POINT('Ctrl Pts',(120.666957243723,13.8694272094678,-18.9978960335799));
#1421=CARTESIAN_POINT('Ctrl Pts',(120.571965901614,13.8891661834028,-18.9967727067974));
#1422=CARTESIAN_POINT('Ctrl Pts',(120.475341115756,13.8996226958543,-18.9951749327502));
#1423=CARTESIAN_POINT('Ctrl Pts',(120.378441685515,13.9006847643041,-18.9930949958251));
#1424=CARTESIAN_POINT('Ctrl Pts',(120.35615917571,13.9009289922689,-18.992616703901));
#1425=CARTESIAN_POINT('Ctrl Pts',(120.333862109885,13.9006764618849,-18.9921131300977));
#1426=CARTESIAN_POINT('Ctrl Pts',(120.311566949255,13.8999258295784,-18.9915845677885));
#1427=CARTESIAN_POINT('Ctrl Pts',(120.21318154077,13.8966133947716,-18.9892520966499));
#1428=CARTESIAN_POINT('Ctrl Pts',(120.115580026446,13.8836249052245,-18.9864464892639));
#1429=CARTESIAN_POINT('Ctrl Pts',(120.020150478231,13.8612788785364,-18.983247779724));
#1430=CARTESIAN_POINT('Ctrl Pts',(119.935621765552,13.8414854193326,-18.9804144560344));
#1431=CARTESIAN_POINT('Ctrl Pts',(119.852797018668,13.8143501996533,-18.9772736707667));
#1432=CARTESIAN_POINT('Ctrl Pts',(119.772634275246,13.7800898790851,-18.9739142244025));
#1433=CARTESIAN_POINT('Ctrl Pts',(119.668227412756,13.735467995829,-18.9695387596963));
#1434=CARTESIAN_POINT('Ctrl Pts',(119.569392116819,13.6792087214563,-18.9648363888831));
#1435=CARTESIAN_POINT('Ctrl Pts',(119.477961188767,13.6125117081,-18.9600841602003));
#1436=CARTESIAN_POINT('Ctrl Pts',(119.430615153603,13.5779737327453,-18.9576232950301));
#1437=CARTESIAN_POINT('Ctrl Pts',(119.385254394293,13.5406364250817,-18.9551499243627));
#1438=CARTESIAN_POINT('Ctrl Pts',(119.342132235336,13.5006634146247,-18.9527067596224));
#1439=CARTESIAN_POINT('Ctrl Pts',(119.250793770079,13.4159952645322,-18.9475318119122));
#1440=CARTESIAN_POINT('Ctrl Pts',(119.170419293156,13.3203570140623,-18.9425469441529));
#1441=CARTESIAN_POINT('Ctrl Pts',(119.102804239601,13.2160123058377,-18.9381509554849));
#1442=CARTESIAN_POINT('Ctrl Pts',(119.085670733723,13.1895715862385,-18.9370370216237));
#1443=CARTESIAN_POINT('Ctrl Pts',(119.069356526046,13.162571606369,-18.935960764727));
#1444=CARTESIAN_POINT('Ctrl Pts',(119.053890874126,13.1350487687105,-18.9349282998852));
#1445=CARTESIAN_POINT('Ctrl Pts',(119.003082185588,13.0446290894466,-18.9315363843782));
#1446=CARTESIAN_POINT('Ctrl Pts',(118.961804800954,12.9492329908485,-18.9286457116725));
#1447=CARTESIAN_POINT('Ctrl Pts',(118.930692121538,12.8504024988034,-18.9264254017642));
#1448=CARTESIAN_POINT('Ctrl Pts',(118.923546438992,12.8277039933938,-18.9259154607994));
#1449=CARTESIAN_POINT('Ctrl Pts',(118.916936972781,12.8048242669806,-18.9254406785533));
#1450=CARTESIAN_POINT('Ctrl Pts',(118.910871473787,12.7817818982868,-18.9250027227948));
#1451=CARTESIAN_POINT('Ctrl Pts',(118.89113307004,12.706797205845,-18.9235775230555));
#1452=CARTESIAN_POINT('Ctrl Pts',(118.877234504881,12.6303945981549,-18.9225496126395));
#1453=CARTESIAN_POINT('Ctrl Pts',(118.869303073901,12.5532585195848,-18.9219540498251));
#1454=CARTESIAN_POINT('Ctrl Pts',(118.866271347551,12.5237738676367,-18.9217264006806));
#1455=CARTESIAN_POINT('Ctrl Pts',(118.864113963402,12.4942061345158,-18.9215618930133));
#1456=CARTESIAN_POINT('Ctrl Pts',(118.862833825218,12.464594112188,-18.9214613575389));
#1457=CARTESIAN_POINT('Ctrl Pts',(118.862073414997,12.4470043826391,-18.9214016388279));
#1458=CARTESIAN_POINT('Ctrl Pts',(118.861622699069,12.4294027990804,-18.9213644962058));
#1459=CARTESIAN_POINT('Ctrl Pts',(118.861481893025,12.4117975114905,-18.9213499959279));
#1460=CARTESIAN_POINT('Ctrl Pts',(118.861357507425,12.3962453077609,-18.9213371866355));
#1461=CARTESIAN_POINT('Ctrl Pts',(118.861474981172,12.380692282978,-18.9213420474947));
#1462=CARTESIAN_POINT('Ctrl Pts',(118.861834272381,12.3651440568132,-18.9213645716847));
#1463=CARTESIAN_POINT('Ctrl Pts',(118.862281295257,12.3457992674132,-18.9213925958276));
#1464=CARTESIAN_POINT('Ctrl Pts',(118.8631025695,12.3264652771516,-18.9214479601578));
#1465=CARTESIAN_POINT('Ctrl Pts',(118.864297628326,12.3071528985388,-18.9215305451952));
#1466=CARTESIAN_POINT('Ctrl Pts',(118.866618448111,12.2696480080569,-18.9216909264119));
#1467=CARTESIAN_POINT('Ctrl Pts',(118.870347679848,12.2322453088294,-18.921953953208));
#1468=CARTESIAN_POINT('Ctrl Pts',(118.875477307071,12.1950236391065,-18.9223174922842));
#1469=CARTESIAN_POINT('Ctrl Pts',(118.889229902333,12.0952318732838,-18.9232921451313));
#1470=CARTESIAN_POINT('Ctrl Pts',(118.912974031438,11.9972896536286,-18.924987875404));
#1471=CARTESIAN_POINT('Ctrl Pts',(118.946232853606,11.9026364874164,-18.9273007670219));
#1472=CARTESIAN_POINT('Ctrl Pts',(118.970657261656,11.8331256808382,-18.9289992940582));
#1473=CARTESIAN_POINT('Ctrl Pts',(119.000213257764,11.7653888312455,-18.9310294156638));
#1474=CARTESIAN_POINT('Ctrl Pts',(119.034715310223,11.6999999999979,-18.9333329992819));
#1475=CARTESIAN_POINT('Origin',(120.36136243425,12.4000000000009,-16.8));
#1476=CARTESIAN_POINT('',(121.36136243425,12.4000000000009,-16.8));
#1477=CARTESIAN_POINT('Origin',(120.36136243425,12.4000000000009,-16.8));
#1478=CARTESIAN_POINT('Origin',(171.528456956934,56.2586754241751,-16.8));
#1479=CARTESIAN_POINT('',(173.028456956934,56.2586754241751,-16.8));
#1480=CARTESIAN_POINT('Origin',(171.528456956934,56.2586754241751,-16.8));
#1481=CARTESIAN_POINT('',(173.029132916517,56.2582465961964,-18.926062795035));
#1482=CARTESIAN_POINT('',(173.028456956934,56.2586754241751,-16.8));
#1483=CARTESIAN_POINT('Ctrl Pts',(170.461917624726,55.2037669392337,-19.));
#1484=CARTESIAN_POINT('Ctrl Pts',(170.532537779982,55.1323206311908,-19.));
#1485=CARTESIAN_POINT('Ctrl Pts',(170.610102317647,55.0682098670987,-18.9995984338796));
#1486=CARTESIAN_POINT('Ctrl Pts',(170.693412309454,55.0123643560626,-18.9987005495489));
#1487=CARTESIAN_POINT('Ctrl Pts',(170.719969240356,54.9945623452159,-18.9984143287534));
#1488=CARTESIAN_POINT('Ctrl Pts',(170.747110026831,54.9776000199298,-18.998078012701));
#1489=CARTESIAN_POINT('Ctrl Pts',(170.774795937949,54.9615069736191,-18.9976895317488));
#1490=CARTESIAN_POINT('Ctrl Pts',(170.85793936797,54.9131780216107,-18.9965228864206));
#1491=CARTESIAN_POINT('Ctrl Pts',(170.945475185952,54.8729955898092,-18.994889437815));
#1492=CARTESIAN_POINT('Ctrl Pts',(171.036178435966,54.8414753450478,-18.9927823194342));
#1493=CARTESIAN_POINT('Ctrl Pts',(171.063403087166,54.8320145190106,-18.9921498662096));
#1494=CARTESIAN_POINT('Ctrl Pts',(171.090913175101,54.8233339987006,-18.9914750777767));
#1495=CARTESIAN_POINT('Ctrl Pts',(171.118675802008,54.8154475597178,-18.9907586453603));
#1496=CARTESIAN_POINT('Ctrl Pts',(171.21213233873,54.7888996657863,-18.9883469394127));
#1497=CARTESIAN_POINT('Ctrl Pts',(171.307739880329,54.7715551145792,-18.9854778262239));
#1498=CARTESIAN_POINT('Ctrl Pts',(171.404130884825,54.7635297742202,-18.9822323419001));
#1499=CARTESIAN_POINT('Ctrl Pts',(171.491541461542,54.7562521280042,-18.9792892285053));
#1500=CARTESIAN_POINT('Ctrl Pts',(171.579596479838,54.7566378712485,-18.9760374568246));
#1501=CARTESIAN_POINT('Ctrl Pts',(171.667290040316,54.764777939777,-18.9725715354715));
#1502=CARTESIAN_POINT('Ctrl Pts',(171.772687513915,54.7745613566338,-18.9684059005911));
#1503=CARTESIAN_POINT('Ctrl Pts',(171.876572318456,54.795457423047,-18.9639704679595));
#1504=CARTESIAN_POINT('Ctrl Pts',(171.977229603892,54.8269922230078,-18.9594931746324));
#1505=CARTESIAN_POINT('Ctrl Pts',(172.039935382975,54.8466372411622,-18.9567039859011));
#1506=CARTESIAN_POINT('Ctrl Pts',(172.10138916095,54.870411546129,-18.953899411372));
#1507=CARTESIAN_POINT('Ctrl Pts',(172.16118121926,54.8982071641851,-18.9511404757922));
#1508=CARTESIAN_POINT('Ctrl Pts',(172.25968436449,54.9439984595428,-18.9465953264901));
#1509=CARTESIAN_POINT('Ctrl Pts',(172.3528135666,55.0003011806031,-18.9422155887307));
#1510=CARTESIAN_POINT('Ctrl Pts',(172.438971581661,55.0660475657267,-18.9382694431287));
#1511=CARTESIAN_POINT('Ctrl Pts',(172.475934106143,55.0942533265955,-18.9365765129548));
#1512=CARTESIAN_POINT('Ctrl Pts',(172.511613762214,55.1241977699001,-18.9349632207312));
#1513=CARTESIAN_POINT('Ctrl Pts',(172.545885002027,55.1557992587893,-18.9334495269466));
#1514=CARTESIAN_POINT('Ctrl Pts',(172.61913758258,55.2233454176997,-18.9302141034109));
#1515=CARTESIAN_POINT('Ctrl Pts',(172.685446432563,55.2979889197635,-18.9274591619464));
#1516=CARTESIAN_POINT('Ctrl Pts',(172.743850701387,55.3786050547731,-18.92533489449));
#1517=CARTESIAN_POINT('Ctrl Pts',(172.757643514194,55.3976434449764,-18.9248332252804));
#1518=CARTESIAN_POINT('Ctrl Pts',(172.770995447438,55.4170150689759,-18.924366543855));
#1519=CARTESIAN_POINT('Ctrl Pts',(172.78389378918,55.4367053428879,-18.9239364648394));
#1520=CARTESIAN_POINT('Ctrl Pts',(172.823110243285,55.4965721644245,-18.9226288414013));
#1521=CARTESIAN_POINT('Ctrl Pts',(172.857994622154,55.5591701933867,-18.9216653161837));
#1522=CARTESIAN_POINT('Ctrl Pts',(172.888278607629,55.6240221954283,-18.921074188731));
#1523=CARTESIAN_POINT('Ctrl Pts',(172.901557092544,55.6524575653886,-18.9208149996963));
#1524=CARTESIAN_POINT('Ctrl Pts',(172.913940082674,55.6813026146578,-18.9206274230274));
#1525=CARTESIAN_POINT('Ctrl Pts',(172.925409286401,55.7105149452809,-18.9205125311438));
#1526=CARTESIAN_POINT('Ctrl Pts',(172.931993334503,55.7272846700658,-18.9204465759384));
#1527=CARTESIAN_POINT('Ctrl Pts',(172.938274731677,55.7441715781488,-18.9204045779791));
#1528=CARTESIAN_POINT('Ctrl Pts',(172.944250426255,55.7611674838235,-18.9203866166505));
#1529=CARTESIAN_POINT('Ctrl Pts',(172.949405076003,55.775828196442,-18.9203711231614));
#1530=CARTESIAN_POINT('Ctrl Pts',(172.954331562918,55.7905680368803,-18.920373515966));
#1531=CARTESIAN_POINT('Ctrl Pts',(172.959028109595,55.8053816871119,-18.9203937917952));
#1532=CARTESIAN_POINT('Ctrl Pts',(172.964728460543,55.8233614946091,-18.9204184012263));
#1533=CARTESIAN_POINT('Ctrl Pts',(172.970089120254,55.8414470200812,-18.9204693529687));
#1534=CARTESIAN_POINT('Ctrl Pts',(172.975107246992,55.8596286492161,-18.9205465418153));
#1535=CARTESIAN_POINT('Ctrl Pts',(172.984475632513,55.8935720946599,-18.9206906463609));
#1536=CARTESIAN_POINT('Ctrl Pts',(172.992645569117,55.9278338056722,-18.9209261820214));
#1537=CARTESIAN_POINT('Ctrl Pts',(172.999602049819,55.962350306219,-18.9212514567657));
#1538=CARTESIAN_POINT('Ctrl Pts',(173.019259395571,56.0598856569926,-18.9221706051665));
#1539=CARTESIAN_POINT('Ctrl Pts',(173.029134606862,56.1589985749568,-18.9238059935722));
#1540=CARTESIAN_POINT('Ctrl Pts',(173.029163983159,56.2582268875542,-18.9260611006508));
#1541=CARTESIAN_POINT('Ctrl Pts',(173.029163983159,56.2582268875542,-18.9260611006508));
#1542=CARTESIAN_POINT('Ctrl Pts',(173.029177573539,56.30624747585,-18.9271524797091));
#1543=CARTESIAN_POINT('Ctrl Pts',(173.026884540077,56.3542948807396,-18.9283882217667));
#1544=CARTESIAN_POINT('Ctrl Pts',(173.022277165142,56.4022024919281,-18.9297531110553));
#1545=CARTESIAN_POINT('Ctrl Pts',(173.012115462082,56.5078641596082,-18.9327634151563));
#1546=CARTESIAN_POINT('Ctrl Pts',(172.99077643129,56.611982481983,-18.9363795110235));
#1547=CARTESIAN_POINT('Ctrl Pts',(172.958720848173,56.7128415914229,-18.940375694507));
#1548=CARTESIAN_POINT('Ctrl Pts',(172.943314156746,56.7613169278739,-18.9422963573005));
#1549=CARTESIAN_POINT('Ctrl Pts',(172.925431589984,56.8090388690154,-18.9443042989916));
#1550=CARTESIAN_POINT('Ctrl Pts',(172.905122537299,56.855813787526,-18.9463722463464));
#1551=CARTESIAN_POINT('Ctrl Pts',(172.862530418638,56.9539100852921,-18.9507091428272));
#1552=CARTESIAN_POINT('Ctrl Pts',(172.80966209726,57.0469323894965,-18.9552681272317));
#1553=CARTESIAN_POINT('Ctrl Pts',(172.747552231497,57.1333966133625,-18.9597868902367));
#1554=CARTESIAN_POINT('Ctrl Pts',(172.697344580115,57.2032915576774,-18.9634397153531));
#1555=CARTESIAN_POINT('Ctrl Pts',(172.641097637802,57.2689001503567,-18.9670660815795));
#1556=CARTESIAN_POINT('Ctrl Pts',(172.579356193273,57.329416595498,-18.9705396494488));
#1557=CARTESIAN_POINT('Ctrl Pts',(172.508547581262,57.3988203083024,-18.9745233353088));
#1558=CARTESIAN_POINT('Ctrl Pts',(172.431197863603,57.4608618257004,-18.978265358769));
#1559=CARTESIAN_POINT('Ctrl Pts',(172.348512877582,57.5147531323891,-18.9816242926521));
#1560=CARTESIAN_POINT('Ctrl Pts',(172.26582789156,57.5686444390778,-18.9849832265352));
#1561=CARTESIAN_POINT('Ctrl Pts',(172.177807413882,57.6143850683992,-18.9879586251241));
#1562=CARTESIAN_POINT('Ctrl Pts',(172.085669281015,57.6511666594499,-18.9904602041517));
#1563=CARTESIAN_POINT('Ctrl Pts',(171.995700644538,57.6870821864021,-18.9929028806759));
#1564=CARTESIAN_POINT('Ctrl Pts',(171.902659366805,57.7141210375254,-18.9948707769135));
#1565=CARTESIAN_POINT('Ctrl Pts',(171.807863692577,57.7320184724653,-18.9963576892196));
#1566=CARTESIAN_POINT('Ctrl Pts',(171.71922012988,57.7487543879923,-18.9977481029205));
#1567=CARTESIAN_POINT('Ctrl Pts',(171.62904264881,57.7574965581414,-18.998718573749));
#1568=CARTESIAN_POINT('Ctrl Pts',(171.538422456837,57.7580318659223,-18.9993029726878));
#1569=CARTESIAN_POINT('Ctrl Pts',(171.464182000048,57.7584704160214,-18.9997817406447));
#1570=CARTESIAN_POINT('Ctrl Pts',(171.390009204575,57.7533974709379,-19.));
#1571=CARTESIAN_POINT('Ctrl Pts',(171.316514963762,57.742854521467,-19.));
#1572=CARTESIAN_POINT('Origin',(171.528456956934,56.2586754241751,-16.8));
#1573=CARTESIAN_POINT('',(172.528456956934,56.2586754241751,-16.8));
#1574=CARTESIAN_POINT('Origin',(171.528456956934,56.2586754241751,-16.8));
#1575=CARTESIAN_POINT('Origin',(113.98369623579,56.2586754241751,-16.8));
#1576=CARTESIAN_POINT('',(115.48369623579,56.2586754241751,-16.8));
#1577=CARTESIAN_POINT('Origin',(113.98369623579,56.2586754241751,-16.8));
#1578=CARTESIAN_POINT('',(115.48369623579,56.2586754241751,-16.8));
#1579=CARTESIAN_POINT('Ctrl Pts',(114.184202536821,57.7464473197473,-19.));
#1580=CARTESIAN_POINT('Ctrl Pts',(114.084901340371,57.7598081209575,-19.));
#1581=CARTESIAN_POINT('Ctrl Pts',(113.984587431627,57.7631810286948,-18.9995972641598));
#1582=CARTESIAN_POINT('Ctrl Pts',(113.884764807711,57.7565572640255,-18.9986994335203));
#1583=CARTESIAN_POINT('Ctrl Pts',(113.856278860319,57.7546670691527,-18.9984432235014));
#1584=CARTESIAN_POINT('Ctrl Pts',(113.827832804173,57.7519629239208,-18.9981469744618));
#1585=CARTESIAN_POINT('Ctrl Pts',(113.799461306738,57.7484448713136,-18.997809237101));
#1586=CARTESIAN_POINT('Ctrl Pts',(113.704025001214,57.7366108134095,-18.9966731530426));
#1587=CARTESIAN_POINT('Ctrl Pts',(113.610018617539,57.7156379036861,-18.9950708067256));
#1588=CARTESIAN_POINT('Ctrl Pts',(113.518729709209,57.6858523238815,-18.9929949591796));
#1589=CARTESIAN_POINT('Ctrl Pts',(113.494423708362,57.6779218059117,-18.9924422572891));
#1590=CARTESIAN_POINT('Ctrl Pts',(113.470310262495,57.6693665569449,-18.991856259852));
#1591=CARTESIAN_POINT('Ctrl Pts',(113.446413480398,57.660192731284,-18.9912374257453));
#1592=CARTESIAN_POINT('Ctrl Pts',(113.355889473634,57.6254411294649,-18.9888932045595));
#1593=CARTESIAN_POINT('Ctrl Pts',(113.26915668938,57.5820716096467,-18.9860914836661));
#1594=CARTESIAN_POINT('Ctrl Pts',(113.187371651336,57.5308079398857,-18.9829105456855));
#1595=CARTESIAN_POINT('Ctrl Pts',(113.112749857605,57.4840342624218,-18.9800082141155));
#1596=CARTESIAN_POINT('Ctrl Pts',(113.042246785338,57.4306888263482,-18.9767910028162));
#1597=CARTESIAN_POINT('Ctrl Pts',(112.976732456199,57.3713087608819,-18.9733530866148));
#1598=CARTESIAN_POINT('Ctrl Pts',(112.898894463635,57.3007589261357,-18.9692684764349));
#1599=CARTESIAN_POINT('Ctrl Pts',(112.828827913589,57.2223472088875,-18.9649109254357));
#1600=CARTESIAN_POINT('Ctrl Pts',(112.767595256831,57.1374518480266,-18.9605017205468));
#1601=CARTESIAN_POINT('Ctrl Pts',(112.728600721948,57.0833882929595,-18.9576938251696));
#1602=CARTESIAN_POINT('Ctrl Pts',(112.69318866293,57.0266945118,-18.954865854811));
#1603=CARTESIAN_POINT('Ctrl Pts',(112.661633662419,56.9677175813734,-18.9520813035788));
#1604=CARTESIAN_POINT('Ctrl Pts',(112.610506615037,56.8721601018149,-18.947569629344));
#1605=CARTESIAN_POINT('Ctrl Pts',(112.569952892395,56.7714474953443,-18.9432131509058));
#1606=CARTESIAN_POINT('Ctrl Pts',(112.540603021979,56.667381988774,-18.9392785112773));
#1607=CARTESIAN_POINT('Ctrl Pts',(112.527856044598,56.6221851739459,-18.9375696532266));
#1608=CARTESIAN_POINT('Ctrl Pts',(112.517222639082,56.5763553243823,-18.9359402103961));
#1609=CARTESIAN_POINT('Ctrl Pts',(112.508755678818,56.530037497564,-18.934410814975));
#1610=CARTESIAN_POINT('Ctrl Pts',(112.490805462691,56.4318422803973,-18.9311684496521));
#1611=CARTESIAN_POINT('Ctrl Pts',(112.482715873438,56.3321441386399,-18.9284014140467));
#1612=CARTESIAN_POINT('Ctrl Pts',(112.484576781796,56.2324285503073,-18.926261646013));
#1613=CARTESIAN_POINT('Ctrl Pts',(112.485033562477,56.2079522486515,-18.9257364161192));
#1614=CARTESIAN_POINT('Ctrl Pts',(112.486089977562,56.183474804361,-18.9252487794842));
#1615=CARTESIAN_POINT('Ctrl Pts',(112.487747565478,56.1590180232295,-18.9248005706381));
#1616=CARTESIAN_POINT('Ctrl Pts',(112.492592042626,56.0875404767649,-18.9234906325699));
#1617=CARTESIAN_POINT('Ctrl Pts',(112.502552815211,56.0164964299426,-18.9225232462318));
#1618=CARTESIAN_POINT('Ctrl Pts',(112.517555585034,55.946430248126,-18.9219269843149));
#1619=CARTESIAN_POINT('Ctrl Pts',(112.524209868454,55.9153533045035,-18.9216625200971));
#1620=CARTESIAN_POINT('Ctrl Pts',(112.531850420654,55.8844950368767,-18.9214710875102));
#1621=CARTESIAN_POINT('Ctrl Pts',(112.54046579164,55.8539020265804,-18.9213538118471));
#1622=CARTESIAN_POINT('Ctrl Pts',(112.545376275411,55.8364649967846,-18.9212869684991));
#1623=CARTESIAN_POINT('Ctrl Pts',(112.550602296759,55.819118209153,-18.921244220041));
#1624=CARTESIAN_POINT('Ctrl Pts',(112.55614129876,55.8018701704685,-18.9212256481949));
#1625=CARTESIAN_POINT('Ctrl Pts',(112.560895959608,55.7870645115748,-18.9212097061841));
#1626=CARTESIAN_POINT('Ctrl Pts',(112.565880595661,55.7723336177706,-18.9212115796491));
#1627=CARTESIAN_POINT('Ctrl Pts',(112.571093405537,55.7576828109964,-18.9212312658544));
#1628=CARTESIAN_POINT('Ctrl Pts',(112.577388800795,55.7399893555116,-18.9212550404495));
#1629=CARTESIAN_POINT('Ctrl Pts',(112.584015935703,55.7224156526624,-18.9213047927584));
#1630=CARTESIAN_POINT('Ctrl Pts',(112.590971310588,55.7049709594948,-18.9213804202383));
#1631=CARTESIAN_POINT('Ctrl Pts',(112.603855819247,55.6726554763064,-18.9215205166294));
#1632=CARTESIAN_POINT('Ctrl Pts',(112.6178605089,55.6407982453858,-18.9217493919398));
#1633=CARTESIAN_POINT('Ctrl Pts',(112.632959951548,55.6094568041378,-18.9220654332477));
#1634=CARTESIAN_POINT('Ctrl Pts',(112.675097465397,55.5219932834362,-18.9229473992446));
#1635=CARTESIAN_POINT('Ctrl Pts',(112.725574561262,55.4389359894725,-18.9245079424715));
#1636=CARTESIAN_POINT('Ctrl Pts',(112.783623174337,55.3614074356535,-18.9266589845387));
#1637=CARTESIAN_POINT('Ctrl Pts',(112.81107567192,55.3247424349999,-18.9276762608183));
#1638=CARTESIAN_POINT('Ctrl Pts',(112.840221752605,55.2893142609531,-18.9288249041786));
#1639=CARTESIAN_POINT('Ctrl Pts',(112.870980928072,55.2552433820219,-18.9300920536715));
#1640=CARTESIAN_POINT('Ctrl Pts',(112.94196147118,55.1766206798849,-18.9330161554343));
#1641=CARTESIAN_POINT('Ctrl Pts',(113.020959281173,55.1058578641207,-18.9365498591492));
#1642=CARTESIAN_POINT('Ctrl Pts',(113.10659068122,55.0440494890179,-18.9404721224388));
#1643=CARTESIAN_POINT('Ctrl Pts',(113.148802345216,55.0135812920653,-18.9424055867988));
#1644=CARTESIAN_POINT('Ctrl Pts',(113.192625919801,54.9852896281451,-18.9444329084397));
#1645=CARTESIAN_POINT('Ctrl Pts',(113.237895182477,54.9593094049783,-18.9465250918152));
#1646=CARTESIAN_POINT('Ctrl Pts',(113.331543151234,54.9055644357948,-18.9508531659168));
#1647=CARTESIAN_POINT('Ctrl Pts',(113.430498124725,54.8622139469839,-18.9554165618595));
#1648=CARTESIAN_POINT('Ctrl Pts',(113.532996386529,54.8298476448822,-18.959945898588));
#1649=CARTESIAN_POINT('Ctrl Pts',(113.613870115361,54.8043098114268,-18.9635196601711));
#1650=CARTESIAN_POINT('Ctrl Pts',(113.696949428212,54.7856112517169,-18.9670720712438));
#1651=CARTESIAN_POINT('Ctrl Pts',(113.781356994805,54.7740587016396,-18.9704818636992));
#1652=CARTESIAN_POINT('Ctrl Pts',(113.879603242422,54.7606121026994,-18.974450694071));
#1653=CARTESIAN_POINT('Ctrl Pts',(113.97870247191,54.7569712824277,-18.9781857268045));
#1654=CARTESIAN_POINT('Ctrl Pts',(114.07721721637,54.7630495889789,-18.9815434307069));
#1655=CARTESIAN_POINT('Ctrl Pts',(114.175731960831,54.7691278955301,-18.9849011346092));
#1656=CARTESIAN_POINT('Ctrl Pts',(114.273662128569,54.7849258076946,-18.9878810480141));
#1657=CARTESIAN_POINT('Ctrl Pts',(114.369548705213,54.8103652106087,-18.9903902452568));
#1658=CARTESIAN_POINT('Ctrl Pts',(114.463110783415,54.8351879072588,-18.99283861412));
#1659=CARTESIAN_POINT('Ctrl Pts',(114.553843626193,54.8689502697269,-18.9948157190113));
#1660=CARTESIAN_POINT('Ctrl Pts',(114.640534477448,54.9110792795901,-18.9963126271629));
#1661=CARTESIAN_POINT('Ctrl Pts',(114.722037961154,54.9506873930096,-18.9977199640084));
#1662=CARTESIAN_POINT('Ctrl Pts',(114.799968381505,54.9976910239781,-18.998703451099));
#1663=CARTESIAN_POINT('Ctrl Pts',(114.873308992938,55.0516035769283,-18.9992954507402));
#1664=CARTESIAN_POINT('Ctrl Pts',(114.933220206709,55.0956442035556,-18.9997790493407));
#1665=CARTESIAN_POINT('Ctrl Pts',(114.989772504345,55.1440789254477,-19.));
#1666=CARTESIAN_POINT('Ctrl Pts',(115.042498221188,55.1965076852953,-19.));
#1667=CARTESIAN_POINT('Origin',(113.98369623579,56.2586754241751,-16.8));
#1668=CARTESIAN_POINT('',(114.98369623579,56.2586754241751,-16.8));
#1669=CARTESIAN_POINT('Origin',(113.98369623579,56.2586754241751,-16.8));
#1670=CARTESIAN_POINT('Ctrl Pts',(116.561826618632,11.6999999999977,-18.6649336781367));
#1671=CARTESIAN_POINT('Ctrl Pts',(116.561826618631,19.9065169823968,-18.6649336781367));
#1672=CARTESIAN_POINT('Ctrl Pts',(115.762667210378,33.5336654809521,-18.6649336781367));
#1673=CARTESIAN_POINT('Ctrl Pts',(111.798111478338,52.0247481440445,-18.6649336781367));
#1674=CARTESIAN_POINT('Ctrl Pts',(107.90736775195,62.0044539654408,-18.6649336781367));
#1675=CARTESIAN_POINT('Ctrl Pts',(105.551392492142,66.8019958872487,-18.6649336781367));
#1676=CARTESIAN_POINT('Ctrl Pts',(118.041094855204,11.6999999999978,-18.8878944814973));
#1677=CARTESIAN_POINT('Ctrl Pts',(118.041094855203,19.9676241423467,-18.8878944814973));
#1678=CARTESIAN_POINT('Ctrl Pts',(117.237549944163,33.7085992564796,-18.8878944814973));
#1679=CARTESIAN_POINT('Ctrl Pts',(113.223299166554,52.445232986782,-18.8878944814973));
#1680=CARTESIAN_POINT('Ctrl Pts',(109.271653359257,62.5822168115395,-18.8878944814973));
#1681=CARTESIAN_POINT('Ctrl Pts',(106.879194071194,67.4540522363468,-18.8878944814973));
#1682=CARTESIAN_POINT('Ctrl Pts',(119.537058997066,11.699999999998,-19.));
#1683=CARTESIAN_POINT('Ctrl Pts',(119.537058997066,20.0294211995035,-19.));
#1684=CARTESIAN_POINT('Ctrl Pts',(118.729079180538,33.8855070684601,-19.));
#1685=CARTESIAN_POINT('Ctrl Pts',(114.664572369065,52.8704638629557,-19.));
#1686=CARTESIAN_POINT('Ctrl Pts',(110.651337231754,63.1665003847935,-19.));
#1687=CARTESIAN_POINT('Ctrl Pts',(108.221982012326,68.1134680830527,-19.));
#1688=CARTESIAN_POINT('Ctrl Pts',(121.033035613049,11.6999999999981,-19.));
#1689=CARTESIAN_POINT('Ctrl Pts',(121.033035613048,20.0912188448318,-19.));
#1690=CARTESIAN_POINT('Ctrl Pts',(120.220620887674,34.062416224,-19.));
#1691=CARTESIAN_POINT('Ctrl Pts',(116.105857587662,53.2956983524555,-19.));
#1692=CARTESIAN_POINT('Ctrl Pts',(112.031032652277,63.7507887415034,-19.));
#1693=CARTESIAN_POINT('Ctrl Pts',(109.564781150317,68.7728894283079,-19.));
#1694=CARTESIAN_POINT('',(117.449999999999,11.6999999999977,-18.785262392593));
#1695=CARTESIAN_POINT('Origin',(121.033035613049,11.6999999999981,11.));
#1696=CARTESIAN_POINT('',(117.022233052028,24.4876396576555,-18.785498477743));
#1697=CARTESIAN_POINT('Ctrl Pts',(117.449999999999,11.6999999999978,-18.785262392593));
#1698=CARTESIAN_POINT('Ctrl Pts',(117.449999999998,16.9181521108604,-18.785262392593));
#1699=CARTESIAN_POINT('Ctrl Pts',(117.322500341379,21.0430241969019,-18.7928356279545));
#1700=CARTESIAN_POINT('Ctrl Pts',(117.022233052028,24.4876396576552,-18.785498477743));
#1701=CARTESIAN_POINT('',(115.173313300734,36.1745415251192,-18.7097913893867));
#1702=CARTESIAN_POINT('Ctrl Pts',(117.022233052028,24.4876396576555,-18.785498477743));
#1703=CARTESIAN_POINT('Ctrl Pts',(116.749157415929,27.6203170801438,-18.7788257663548));
#1704=CARTESIAN_POINT('Ctrl Pts',(116.336168445049,30.3396459185343,-18.7607491070492));
#1705=CARTESIAN_POINT('Ctrl Pts',(115.557999924977,34.3354444724915,-18.7259725739548));
#1706=CARTESIAN_POINT('Ctrl Pts',(115.367122527883,35.2617916800599,-18.7176075721451));
#1707=CARTESIAN_POINT('Ctrl Pts',(115.173313300734,36.1745415251192,-18.7097913893867));
#1708=CARTESIAN_POINT('Ctrl Pts',(115.173313300734,36.1745415251194,-18.7097913893867));
#1709=CARTESIAN_POINT('Ctrl Pts',(114.834427047069,37.7705355862616,-18.6961243574711));
#1710=CARTESIAN_POINT('Ctrl Pts',(114.471804168408,39.3856557913654,-18.6833090561259));
#1711=CARTESIAN_POINT('Ctrl Pts',(113.771434448341,42.5015621090528,-18.6680643787541));
#1712=CARTESIAN_POINT('Ctrl Pts',(113.434929565044,43.9967354989667,-18.6649423444888));
#1713=CARTESIAN_POINT('Ctrl Pts',(112.821745426886,46.8111458141588,-18.6712384507544));
#1714=CARTESIAN_POINT('Ctrl Pts',(112.55113781547,48.0883390091208,-18.678762455126));
#1715=CARTESIAN_POINT('Ctrl Pts',(111.932623659986,51.1471381670962,-18.7085780725202));
#1716=CARTESIAN_POINT('Ctrl Pts',(111.603606267726,52.8876226197029,-18.7348834610838));
#1717=CARTESIAN_POINT('Ctrl Pts',(110.453322776057,59.5891651998714,-18.860049450714));
#1718=CARTESIAN_POINT('Ctrl Pts',(109.924644317985,64.0399390041637,-19.));
#1719=CARTESIAN_POINT('Ctrl Pts',(109.564781150317,68.7728894283078,-19.));
#1720=CARTESIAN_POINT('Origin',(120.36136243425,12.4000000000009,-15.));
#1721=CARTESIAN_POINT('',(121.36136243425,12.4000000000009,-15.));
#1722=CARTESIAN_POINT('Origin',(120.36136243425,12.4000000000009,-15.));
#1723=CARTESIAN_POINT('',(121.36136243425,12.4000000000009,-15.));
#1724=CARTESIAN_POINT('Origin',(165.150790758473,12.4000000000009,-15.));
#1725=CARTESIAN_POINT('',(166.150790758473,12.4000000000009,-15.));
#1726=CARTESIAN_POINT('Origin',(165.150790758473,12.4000000000009,-15.));
#1727=CARTESIAN_POINT('',(166.150790758473,12.4000000000009,-15.));
#1728=CARTESIAN_POINT('Origin',(113.98369623579,56.2586754241751,-15.));
#1729=CARTESIAN_POINT('',(114.98369623579,56.2586754241751,-15.));
#1730=CARTESIAN_POINT('Origin',(113.98369623579,56.2586754241751,-15.));
#1731=CARTESIAN_POINT('',(114.98369623579,56.2586754241751,-15.));
#1732=CARTESIAN_POINT('Origin',(171.528456956934,56.2586754241751,-15.));
#1733=CARTESIAN_POINT('',(172.528456956934,56.2586754241751,-15.));
#1734=CARTESIAN_POINT('Origin',(171.528456956934,56.2586754241751,-15.));
#1735=CARTESIAN_POINT('',(172.528456956934,56.2586754241751,-15.));
#1736=CARTESIAN_POINT('Origin',(121.03303561305,-4.21147244962768E-12,11.));
#1737=CARTESIAN_POINT('',(117.45,-1.60000000000224,-18.785262392593));
#1738=CARTESIAN_POINT('Origin',(121.03303561305,-1.60000000000193,11.));
#1739=CARTESIAN_POINT('',(117.45,-4.52965045974179E-12,-18.785262392593));
#1740=CARTESIAN_POINT('Origin',(142.749999999996,50.2671892619666,-15.));
#1741=CARTESIAN_POINT('',(121.042462590492,37.4207704826251,-15.));
#1742=CARTESIAN_POINT('Ctrl Pts',(121.042462590492,37.4207704826251,-15.));
#1743=CARTESIAN_POINT('Ctrl Pts',(119.739239346403,43.5583359206438,-15.));
#1744=CARTESIAN_POINT('Ctrl Pts',(118.093297858827,50.0327048661977,-15.));
#1745=CARTESIAN_POINT('Ctrl Pts',(116.897622733456,57.5855777312655,-15.));
#1746=CARTESIAN_POINT('Ctrl Pts',(116.277502903638,61.5027673895089,-15.));
#1747=CARTESIAN_POINT('Ctrl Pts',(115.804806748447,65.5262021891903,-15.));
#1748=CARTESIAN_POINT('Ctrl Pts',(115.478733591676,70.1586754241751,-15.));
#1749=CARTESIAN_POINT('',(115.173313300734,36.1745415251192,-15.));
#1750=CARTESIAN_POINT('Ctrl Pts',(115.173313300734,36.1745415251194,-15.));
#1751=CARTESIAN_POINT('Ctrl Pts',(113.905252699388,42.1465075374106,-15.));
#1752=CARTESIAN_POINT('Ctrl Pts',(112.217252197107,48.7777235939278,-15.));
#1753=CARTESIAN_POINT('Ctrl Pts',(110.971422099289,56.6474167410279,-15.));
#1754=CARTESIAN_POINT('Ctrl Pts',(110.900320801536,57.0965513354338,-15.));
#1755=CARTESIAN_POINT('Ctrl Pts',(110.831027069718,57.5473724897007,-15.));
#1756=CARTESIAN_POINT('Ctrl Pts',(110.763562885714,58.0004625684304,-15.));
#1757=CARTESIAN_POINT('Ctrl Pts',(110.200212763436,61.7839271581995,-15.));
#1758=CARTESIAN_POINT('Ctrl Pts',(109.767479491894,65.7161300276571,-15.));
#1759=CARTESIAN_POINT('Ctrl Pts',(109.464965465248,70.1586754241751,-15.));
#1760=CARTESIAN_POINT('',(117.022233052028,24.4876396576555,-15.));
#1761=CARTESIAN_POINT('Ctrl Pts',(117.022233052028,24.4876396576555,-15.));
#1762=CARTESIAN_POINT('Ctrl Pts',(116.673959890287,28.4829703514928,-15.));
#1763=CARTESIAN_POINT('Ctrl Pts',(116.098243719069,31.8185564750557,-15.));
#1764=CARTESIAN_POINT('Ctrl Pts',(115.173313300734,36.1745415251192,-15.));
#1765=CARTESIAN_POINT('',(117.449999999999,11.6999999999977,-15.));
#1766=CARTESIAN_POINT('Ctrl Pts',(117.449999999999,11.6999999999977,-15.));
#1767=CARTESIAN_POINT('Ctrl Pts',(117.449999999998,13.9904647176344,-15.));
#1768=CARTESIAN_POINT('Ctrl Pts',(117.424580113208,16.4456608315179,-15.));
#1769=CARTESIAN_POINT('Ctrl Pts',(117.350968722725,18.7222505990317,-15.));
#1770=CARTESIAN_POINT('Ctrl Pts',(117.288241711661,20.6622176421408,-15.));
#1771=CARTESIAN_POINT('Ctrl Pts',(117.187463138285,22.5921481076738,-15.));
#1772=CARTESIAN_POINT('Ctrl Pts',(117.022233052028,24.4876396576552,-15.));
#1773=CARTESIAN_POINT('',(117.45,-1.60000000000224,-15.));
#1774=CARTESIAN_POINT('',(117.45,-7.50000000000198,-15.));
#1775=CARTESIAN_POINT('',(123.45,-1.60000000000171,-15.));
#1776=CARTESIAN_POINT('',(117.05,-1.60000000000228,-15.));
#1777=CARTESIAN_POINT('',(123.449999999999,11.6999999999983,-15.));
#1778=CARTESIAN_POINT('',(123.449999999998,16.3646688560415,-15.));
#1779=CARTESIAN_POINT('',(122.999566296596,25.0086840735973,-15.));
#1780=CARTESIAN_POINT('Ctrl Pts',(123.449999999999,11.6999999999983,-15.));
#1781=CARTESIAN_POINT('Ctrl Pts',(123.449999999998,14.0342073067776,-15.));
#1782=CARTESIAN_POINT('Ctrl Pts',(123.424480240208,16.5457264577169,-15.));
#1783=CARTESIAN_POINT('Ctrl Pts',(123.347834705614,18.9161536244441,-15.));
#1784=CARTESIAN_POINT('Ctrl Pts',(123.282570978888,20.9345740275782,-15.));
#1785=CARTESIAN_POINT('Ctrl Pts',(123.177013605246,22.9730386186266,-15.));
#1786=CARTESIAN_POINT('Ctrl Pts',(122.999566296596,25.0086840735973,-15.));
#1787=CARTESIAN_POINT('Ctrl Pts',(122.999566296596,25.0086840735974,-15.));
#1788=CARTESIAN_POINT('Ctrl Pts',(122.625962306056,29.2946057429114,-15.));
#1789=CARTESIAN_POINT('Ctrl Pts',(121.992599386084,32.946075310893,-15.));
#1790=CARTESIAN_POINT('Ctrl Pts',(121.042462590492,37.4207704826251,-15.));
#1791=CARTESIAN_POINT('Origin',(142.749999999996,50.2671892619666,-15.));
#1792=CARTESIAN_POINT('',(164.457537409504,37.4207704826251,-15.));
#1793=CARTESIAN_POINT('Ctrl Pts',(170.021266408317,70.1586754241751,-15.));
#1794=CARTESIAN_POINT('Ctrl Pts',(169.695193251544,65.526202189145,-15.));
#1795=CARTESIAN_POINT('Ctrl Pts',(169.222497096351,61.5027673894757,-15.));
#1796=CARTESIAN_POINT('Ctrl Pts',(168.602377266538,57.5855777312667,-15.));
#1797=CARTESIAN_POINT('Ctrl Pts',(167.406702141166,50.0327048661875,-15.));
#1798=CARTESIAN_POINT('Ctrl Pts',(165.760760653593,43.5583359206433,-15.));
#1799=CARTESIAN_POINT('Ctrl Pts',(164.457537409504,37.4207704826251,-15.));
#1800=CARTESIAN_POINT('',(162.500433703402,25.0086840735992,-15.));
#1801=CARTESIAN_POINT('Ctrl Pts',(164.457537409504,37.4207704826251,-15.));
#1802=CARTESIAN_POINT('Ctrl Pts',(163.507400613915,32.9460753109053,-15.));
#1803=CARTESIAN_POINT('Ctrl Pts',(162.874037693942,29.2946057429171,-15.));
#1804=CARTESIAN_POINT('Ctrl Pts',(162.500433703402,25.0086840735992,-15.));
#1805=CARTESIAN_POINT('',(162.05,11.7,-15.));
#1806=CARTESIAN_POINT('Ctrl Pts',(162.500433703402,25.008684073599,-15.));
#1807=CARTESIAN_POINT('Ctrl Pts',(162.322986394752,22.9730386186299,-15.));
#1808=CARTESIAN_POINT('Ctrl Pts',(162.217429021109,20.9345740275643,-15.));
#1809=CARTESIAN_POINT('Ctrl Pts',(162.152165294384,18.9161536244458,-15.));
#1810=CARTESIAN_POINT('Ctrl Pts',(162.075519759791,16.5457264577496,-15.));
#1811=CARTESIAN_POINT('Ctrl Pts',(162.05,14.0342073068404,-15.));
#1812=CARTESIAN_POINT('Ctrl Pts',(162.05,11.7,-15.));
#1813=CARTESIAN_POINT('',(162.05,-1.6,-15.));
#1814=CARTESIAN_POINT('',(162.05,23.0146688560432,-15.));
#1815=CARTESIAN_POINT('',(168.05,-1.6,-15.));
#1816=CARTESIAN_POINT('',(117.05,-1.60000000000228,-15.));
#1817=CARTESIAN_POINT('',(168.05,11.7,-15.));
#1818=CARTESIAN_POINT('',(168.05,11.7,-15.));
#1819=CARTESIAN_POINT('',(168.477766947969,24.4876396576577,-15.));
#1820=CARTESIAN_POINT('Ctrl Pts',(168.477766947969,24.4876396576572,-15.));
#1821=CARTESIAN_POINT('Ctrl Pts',(168.312536861713,22.592148107679,-15.));
#1822=CARTESIAN_POINT('Ctrl Pts',(168.211758288337,20.6622176421267,-15.));
#1823=CARTESIAN_POINT('Ctrl Pts',(168.149031277273,18.7222505990345,-15.));
#1824=CARTESIAN_POINT('Ctrl Pts',(168.075419886791,16.4456608315488,-15.));
#1825=CARTESIAN_POINT('Ctrl Pts',(168.05,13.9904647176967,-15.));
#1826=CARTESIAN_POINT('Ctrl Pts',(168.05,11.7,-15.));
#1827=CARTESIAN_POINT('',(170.326686699263,36.1745415251198,-15.));
#1828=CARTESIAN_POINT('Ctrl Pts',(170.326686699263,36.17454152512,-15.));
#1829=CARTESIAN_POINT('Ctrl Pts',(169.40175628093,31.8185564750685,-15.));
#1830=CARTESIAN_POINT('Ctrl Pts',(168.82604010971,28.4829703514978,-15.));
#1831=CARTESIAN_POINT('Ctrl Pts',(168.477766947969,24.4876396576577,-15.));
#1832=CARTESIAN_POINT('Ctrl Pts',(176.034799319761,70.1586754241751,-15.));
#1833=CARTESIAN_POINT('Ctrl Pts',(175.695761742473,65.1831765229427,-15.));
#1834=CARTESIAN_POINT('Ctrl Pts',(175.193414133254,60.8470721775118,-15.));
#1835=CARTESIAN_POINT('Ctrl Pts',(174.528577900705,56.6474167410294,-15.));
#1836=CARTESIAN_POINT('Ctrl Pts',(173.282747802886,48.7777235939187,-15.));
#1837=CARTESIAN_POINT('Ctrl Pts',(171.594747300607,42.1465075374104,-15.));
#1838=CARTESIAN_POINT('Ctrl Pts',(170.326686699263,36.1745415251198,-15.));
#1839=CARTESIAN_POINT('Origin',(117.45,-1.60000000000224,-19.));
#1840=CARTESIAN_POINT('',(117.45,-1.60000000000224,-19.));
#1841=CARTESIAN_POINT('',(117.449999999999,11.6999999999977,-19.));
#1842=CARTESIAN_POINT('Ctrl Pts',(117.449999999999,11.6999999999977,-19.));
#1843=CARTESIAN_POINT('Ctrl Pts',(117.449999999999,11.6999999999977,-15.));
#1844=CARTESIAN_POINT('Ctrl Pts',(117.449999999998,13.9904647176344,-19.));
#1845=CARTESIAN_POINT('Ctrl Pts',(117.449999999998,13.9904647176344,-15.));
#1846=CARTESIAN_POINT('Ctrl Pts',(117.424580113208,16.4456608315179,-19.));
#1847=CARTESIAN_POINT('Ctrl Pts',(117.424580113208,16.4456608315179,-15.));
#1848=CARTESIAN_POINT('Ctrl Pts',(117.350968722725,18.7222505990317,-19.));
#1849=CARTESIAN_POINT('Ctrl Pts',(117.350968722725,18.7222505990317,-15.));
#1850=CARTESIAN_POINT('Ctrl Pts',(117.288241711661,20.6622176421408,-19.));
#1851=CARTESIAN_POINT('Ctrl Pts',(117.288241711661,20.6622176421408,-15.));
#1852=CARTESIAN_POINT('Ctrl Pts',(117.187463138285,22.5921481076738,-19.));
#1853=CARTESIAN_POINT('Ctrl Pts',(117.187463138285,22.5921481076738,-15.));
#1854=CARTESIAN_POINT('Ctrl Pts',(117.022233052028,24.4876396576552,-19.));
#1855=CARTESIAN_POINT('Ctrl Pts',(117.022233052028,24.4876396576552,-15.));
#1856=CARTESIAN_POINT('',(117.022233052028,24.4876396576555,-19.));
#1857=CARTESIAN_POINT('Ctrl Pts',(117.022233052028,24.4876396576555,-19.));
#1858=CARTESIAN_POINT('Ctrl Pts',(117.022233052028,24.4876396576555,-15.));
#1859=CARTESIAN_POINT('Ctrl Pts',(116.673959890287,28.4829703514928,-19.));
#1860=CARTESIAN_POINT('Ctrl Pts',(116.673959890287,28.4829703514928,-15.));
#1861=CARTESIAN_POINT('Ctrl Pts',(116.098243719069,31.8185564750557,-19.));
#1862=CARTESIAN_POINT('Ctrl Pts',(116.098243719069,31.8185564750557,-15.));
#1863=CARTESIAN_POINT('Ctrl Pts',(115.173313300734,36.1745415251192,-19.));
#1864=CARTESIAN_POINT('Ctrl Pts',(115.173313300734,36.1745415251192,-15.));
#1865=CARTESIAN_POINT('',(115.173313300734,36.1745415251192,-19.));
#1866=CARTESIAN_POINT('Origin',(168.05,11.7,-19.));
#1867=CARTESIAN_POINT('',(168.05,11.7,-18.785262392593));
#1868=CARTESIAN_POINT('',(168.05,-1.6,-18.785262392593));
#1869=CARTESIAN_POINT('',(168.05,0.,-18.785262392593));
#1870=CARTESIAN_POINT('',(168.05,11.7,-19.));
#1871=CARTESIAN_POINT('',(168.05,-1.59999999999775,-19.));
#1872=CARTESIAN_POINT('Ctrl Pts',(168.477766947969,24.4876396576572,-19.));
#1873=CARTESIAN_POINT('Ctrl Pts',(168.477766947969,24.4876396576572,-15.));
#1874=CARTESIAN_POINT('Ctrl Pts',(168.312536861713,22.592148107679,-19.));
#1875=CARTESIAN_POINT('Ctrl Pts',(168.312536861713,22.592148107679,-15.));
#1876=CARTESIAN_POINT('Ctrl Pts',(168.211758288337,20.6622176421267,-19.));
#1877=CARTESIAN_POINT('Ctrl Pts',(168.211758288337,20.6622176421267,-15.));
#1878=CARTESIAN_POINT('Ctrl Pts',(168.149031277273,18.7222505990345,-19.));
#1879=CARTESIAN_POINT('Ctrl Pts',(168.149031277273,18.7222505990345,-15.));
#1880=CARTESIAN_POINT('Ctrl Pts',(168.075419886791,16.4456608315488,-19.));
#1881=CARTESIAN_POINT('Ctrl Pts',(168.075419886791,16.4456608315488,-15.));
#1882=CARTESIAN_POINT('Ctrl Pts',(168.05,13.9904647176967,-19.));
#1883=CARTESIAN_POINT('Ctrl Pts',(168.05,13.9904647176967,-15.));
#1884=CARTESIAN_POINT('Ctrl Pts',(168.05,11.7,-19.));
#1885=CARTESIAN_POINT('Ctrl Pts',(168.05,11.7,-15.));
#1886=CARTESIAN_POINT('',(168.477766947969,24.4876396576577,-18.785498477743));
#1887=CARTESIAN_POINT('Ctrl Pts',(168.477766947969,24.4876396576572,-18.785498477743));
#1888=CARTESIAN_POINT('Ctrl Pts',(168.177499658621,21.0430241969332,-18.7928356279545));
#1889=CARTESIAN_POINT('Ctrl Pts',(168.05,16.918152110919,-18.785262392593));
#1890=CARTESIAN_POINT('Ctrl Pts',(168.05,11.7,-18.785262392593));
#1891=CARTESIAN_POINT('',(168.477766947969,24.4876396576577,-19.));
#1892=CARTESIAN_POINT('Ctrl Pts',(170.326686699263,36.17454152512,-19.));
#1893=CARTESIAN_POINT('Ctrl Pts',(170.326686699263,36.17454152512,-15.));
#1894=CARTESIAN_POINT('Ctrl Pts',(169.40175628093,31.8185564750685,-19.));
#1895=CARTESIAN_POINT('Ctrl Pts',(169.40175628093,31.8185564750685,-15.));
#1896=CARTESIAN_POINT('Ctrl Pts',(168.82604010971,28.4829703514978,-19.));
#1897=CARTESIAN_POINT('Ctrl Pts',(168.82604010971,28.4829703514978,-15.));
#1898=CARTESIAN_POINT('Ctrl Pts',(168.477766947969,24.4876396576577,-19.));
#1899=CARTESIAN_POINT('Ctrl Pts',(168.477766947969,24.4876396576577,-15.));
#1900=CARTESIAN_POINT('',(170.326686699263,36.1745415251198,-18.7097913893867));
#1901=CARTESIAN_POINT('Ctrl Pts',(170.326686699263,36.17454152512,-18.7097913893867));
#1902=CARTESIAN_POINT('Ctrl Pts',(170.28341898324,35.9707710355695,-18.7115363443661));
#1903=CARTESIAN_POINT('Ctrl Pts',(170.240279834162,35.766240465255,-18.7133086982709));
#1904=CARTESIAN_POINT('Ctrl Pts',(170.197385769089,35.561261823119,-18.7150983180875));
#1905=CARTESIAN_POINT('Ctrl Pts',(170.153871749782,35.353320594506,-18.7169138035427));
#1906=CARTESIAN_POINT('Ctrl Pts',(170.110609998704,35.1449182287626,-18.7187470576102));
#1907=CARTESIAN_POINT('Ctrl Pts',(170.067711649276,34.936327522497,-18.7205875015338));
#1908=CARTESIAN_POINT('Ctrl Pts',(170.024282542736,34.7251560409275,-18.7224507162333));
#1909=CARTESIAN_POINT('Ctrl Pts',(169.981225924518,34.5137914091239,-18.7243212998018));
#1910=CARTESIAN_POINT('Ctrl Pts',(169.938645749153,34.3024638900021,-18.7261882759501));
#1911=CARTESIAN_POINT('Ctrl Pts',(169.894974852661,34.0857230679084,-18.728103076005));
#1912=CARTESIAN_POINT('Ctrl Pts',(169.851805180269,33.8690211789962,-18.7300140814595));
#1913=CARTESIAN_POINT('Ctrl Pts',(169.809236215147,33.6525530016746,-18.7319094507371));
#1914=CARTESIAN_POINT('Ctrl Pts',(169.791998388905,33.5648966347209,-18.7326769593242));
#1915=CARTESIAN_POINT('Ctrl Pts',(169.774858916838,33.4772779989313,-18.7334419039622));
#1916=CARTESIAN_POINT('Ctrl Pts',(169.75782380436,33.3897077035442,-18.7342034983704));
#1917=CARTESIAN_POINT('Ctrl Pts',(169.711561692452,33.1518937877263,-18.736271753909));
#1918=CARTESIAN_POINT('Ctrl Pts',(169.665994354257,32.9140521902548,-18.7383179875081));
#1919=CARTESIAN_POINT('Ctrl Pts',(169.621197469039,32.6761334281037,-18.7403323112248));
#1920=CARTESIAN_POINT('Ctrl Pts',(169.575728716824,32.4346463427571,-18.7423768459176));
#1921=CARTESIAN_POINT('Ctrl Pts',(169.531053727017,32.1930796204082,-18.7443885063765));
#1922=CARTESIAN_POINT('Ctrl Pts',(169.487241653061,31.95132756487,-18.7463569530526));
#1923=CARTESIAN_POINT('Ctrl Pts',(169.442020757244,31.7018017257554,-18.7483886971364));
#1924=CARTESIAN_POINT('Ctrl Pts',(169.397719218502,31.4520783657298,-18.7503744035874));
#1925=CARTESIAN_POINT('Ctrl Pts',(169.354401873182,31.2019856469003,-18.752302703003));
#1926=CARTESIAN_POINT('Ctrl Pts',(169.317804926248,30.9906931521267,-18.7539318395732));
#1927=CARTESIAN_POINT('Ctrl Pts',(169.281910281531,30.7791359095721,-18.7555199999919));
#1928=CARTESIAN_POINT('Ctrl Pts',(169.246750771658,30.5671820818227,-18.7570603280081));
#1929=CARTESIAN_POINT('Ctrl Pts',(169.195419952785,30.257741945115,-18.7593091164209));
#1930=CARTESIAN_POINT('Ctrl Pts',(169.146301624329,29.9513498443709,-18.7614229712395));
#1931=CARTESIAN_POINT('Ctrl Pts',(169.099263612391,29.6469804496076,-18.7634067264723));
#1932=CARTESIAN_POINT('Ctrl Pts',(169.051031715294,29.33488576866,-18.765440831961));
#1933=CARTESIAN_POINT('Ctrl Pts',(169.004987078256,29.0249179645246,-18.7673381498634));
#1934=CARTESIAN_POINT('Ctrl Pts',(168.960995736446,28.7160268032898,-18.7691038916893));
#1935=CARTESIAN_POINT('Ctrl Pts',(168.91578154905,28.3985492662463,-18.7709187165736));
#1936=CARTESIAN_POINT('Ctrl Pts',(168.872736395547,28.0822092700928,-18.7725945487636));
#1937=CARTESIAN_POINT('Ctrl Pts',(168.831723725724,27.7659210308099,-18.7741370465614));
#1938=CARTESIAN_POINT('Ctrl Pts',(168.788776860961,27.4347163494992,-18.775752289963));
#1939=CARTESIAN_POINT('Ctrl Pts',(168.748058679974,27.1035685300539,-18.7772213260733));
#1940=CARTESIAN_POINT('Ctrl Pts',(168.709422277038,26.7712874980945,-18.7785506520947));
#1941=CARTESIAN_POINT('Ctrl Pts',(168.669565130558,26.4285078199514,-18.7799219790797));
#1942=CARTESIAN_POINT('Ctrl Pts',(168.631923389776,26.0845225153904,-18.7811446280337));
#1943=CARTESIAN_POINT('Ctrl Pts',(168.596346257931,25.7380804725135,-18.7822257316728));
#1944=CARTESIAN_POINT('Ctrl Pts',(168.558926260441,25.3736930218578,-18.7833628355754));
#1945=CARTESIAN_POINT('Ctrl Pts',(168.523790267751,25.0065879977548,-18.7843433505178));
#1946=CARTESIAN_POINT('Ctrl Pts',(168.490774550976,24.6353655010205,-18.7851755760283));
#1947=CARTESIAN_POINT('Ctrl Pts',(168.486401592241,24.586196777209,-18.7852858049789));
#1948=CARTESIAN_POINT('Ctrl Pts',(168.482065846426,24.5369558922702,-18.7853934324555));
#1949=CARTESIAN_POINT('Ctrl Pts',(168.477766947969,24.4876396576577,-18.785498477743));
#1950=CARTESIAN_POINT('',(170.326686699263,36.1745415251198,-19.));
#1951=CARTESIAN_POINT('Ctrl Pts',(176.034799319761,70.1586754241751,-19.));
#1952=CARTESIAN_POINT('Ctrl Pts',(176.034799319761,70.1586754241751,-15.));
#1953=CARTESIAN_POINT('Ctrl Pts',(175.695761742473,65.1831765229427,-19.));
#1954=CARTESIAN_POINT('Ctrl Pts',(175.695761742473,65.1831765229427,-15.));
#1955=CARTESIAN_POINT('Ctrl Pts',(175.193414133254,60.8470721775118,-19.));
#1956=CARTESIAN_POINT('Ctrl Pts',(175.193414133254,60.8470721775118,-15.));
#1957=CARTESIAN_POINT('Ctrl Pts',(174.528577900705,56.6474167410294,-19.));
#1958=CARTESIAN_POINT('Ctrl Pts',(174.528577900705,56.6474167410294,-15.));
#1959=CARTESIAN_POINT('Ctrl Pts',(173.282747802886,48.7777235939187,-19.));
#1960=CARTESIAN_POINT('Ctrl Pts',(173.282747802886,48.7777235939187,-15.));
#1961=CARTESIAN_POINT('Ctrl Pts',(171.594747300607,42.1465075374104,-19.));
#1962=CARTESIAN_POINT('Ctrl Pts',(171.594747300607,42.1465075374104,-15.));
#1963=CARTESIAN_POINT('Ctrl Pts',(170.326686699263,36.1745415251198,-19.));
#1964=CARTESIAN_POINT('Ctrl Pts',(170.326686699263,36.1745415251198,-15.));
#1965=CARTESIAN_POINT('Ctrl Pts',(175.934866656614,68.7721722399447,-19.));
#1966=CARTESIAN_POINT('Ctrl Pts',(175.697995597044,65.6587438478838,-19.));
#1967=CARTESIAN_POINT('Ctrl Pts',(175.380278289424,62.5992204241764,-18.9350693538213));
#1968=CARTESIAN_POINT('Ctrl Pts',(174.579715023524,56.8131644457434,-18.810331451469));
#1969=CARTESIAN_POINT('Ctrl Pts',(174.147580339555,54.2343193758634,-18.7543999440332));
#1970=CARTESIAN_POINT('Ctrl Pts',(173.372390644949,50.1617448962472,-18.697648673701));
#1971=CARTESIAN_POINT('Ctrl Pts',(173.083478317636,48.7373043035264,-18.6834527043131));
#1972=CARTESIAN_POINT('Ctrl Pts',(172.49830785662,45.9714954312433,-18.6678534845212));
#1973=CARTESIAN_POINT('Ctrl Pts',(172.213163978818,44.6732815154906,-18.6656371046684));
#1974=CARTESIAN_POINT('Ctrl Pts',(171.356979628514,40.8341657285781,-18.6715580677724));
#1975=CARTESIAN_POINT('Ctrl Pts',(170.811189836236,38.456322272655,-18.6902517362889));
#1976=CARTESIAN_POINT('Ctrl Pts',(170.326686699263,36.1745415251197,-18.7097913893867));
#1977=CARTESIAN_POINT('Ctrl Pts',(115.173313300734,36.1745415251194,-19.));
#1978=CARTESIAN_POINT('Ctrl Pts',(115.173313300734,36.1745415251194,-15.));
#1979=CARTESIAN_POINT('Ctrl Pts',(113.905252699388,42.1465075374106,-19.));
#1980=CARTESIAN_POINT('Ctrl Pts',(113.905252699388,42.1465075374106,-15.));
#1981=CARTESIAN_POINT('Ctrl Pts',(112.217252197107,48.7777235939278,-19.));
#1982=CARTESIAN_POINT('Ctrl Pts',(112.217252197107,48.7777235939278,-15.));
#1983=CARTESIAN_POINT('Ctrl Pts',(110.971422099289,56.6474167410279,-19.));
#1984=CARTESIAN_POINT('Ctrl Pts',(110.971422099289,56.6474167410279,-15.));
#1985=CARTESIAN_POINT('Ctrl Pts',(110.900320801536,57.0965513354338,-19.));
#1986=CARTESIAN_POINT('Ctrl Pts',(110.900320801536,57.0965513354338,-15.));
#1987=CARTESIAN_POINT('Ctrl Pts',(110.831027069718,57.5473724897007,-19.));
#1988=CARTESIAN_POINT('Ctrl Pts',(110.831027069718,57.5473724897007,-15.));
#1989=CARTESIAN_POINT('Ctrl Pts',(110.763562885714,58.0004625684304,-19.));
#1990=CARTESIAN_POINT('Ctrl Pts',(110.763562885714,58.0004625684304,-15.));
#1991=CARTESIAN_POINT('Ctrl Pts',(110.200212763436,61.7839271581995,-19.));
#1992=CARTESIAN_POINT('Ctrl Pts',(110.200212763436,61.7839271581995,-15.));
#1993=CARTESIAN_POINT('Ctrl Pts',(109.767479491894,65.7161300276571,-19.));
#1994=CARTESIAN_POINT('Ctrl Pts',(109.767479491894,65.7161300276571,-15.));
#1995=CARTESIAN_POINT('Ctrl Pts',(109.464965465248,70.1586754241751,-19.));
#1996=CARTESIAN_POINT('Ctrl Pts',(109.464965465248,70.1586754241751,-15.));
#1997=CARTESIAN_POINT('Origin',(164.46696438695,0.,11.));
#1998=CARTESIAN_POINT('Origin',(164.46696438695,11.7,11.));
#1999=CARTESIAN_POINT('Origin',(164.46696438695,-1.60000000000456,11.));
#2000=CARTESIAN_POINT('Ctrl Pts',(164.46696438695,11.7,-19.));
#2001=CARTESIAN_POINT('Ctrl Pts',(164.46696438695,15.8955523596679,-19.));
#2002=CARTESIAN_POINT('Ctrl Pts',(164.72181236533,24.2673675792403,-19.));
#2003=CARTESIAN_POINT('Ctrl Pts',(166.155913859439,38.1906074532318,-19.));
#2004=CARTESIAN_POINT('Ctrl Pts',(169.397948909808,53.2897619766053,-19.));
#2005=CARTESIAN_POINT('Ctrl Pts',(173.468688899596,63.7501203027086,-19.));
#2006=CARTESIAN_POINT('Ctrl Pts',(175.934866656614,68.7721722399447,-19.));
#2007=CARTESIAN_POINT('Ctrl Pts',(165.961373963579,11.7,-19.));
#2008=CARTESIAN_POINT('Ctrl Pts',(165.961373963579,15.8646863236451,-19.));
#2009=CARTESIAN_POINT('Ctrl Pts',(166.214443584338,24.1722503382081,-19.));
#2010=CARTESIAN_POINT('Ctrl Pts',(167.635342467463,37.9601875558513,-19.));
#2011=CARTESIAN_POINT('Ctrl Pts',(170.837570378975,52.8653753209772,-19.));
#2012=CARTESIAN_POINT('Ctrl Pts',(174.846943309128,63.1664541058177,-19.));
#2013=CARTESIAN_POINT('Ctrl Pts',(177.276264472502,68.11345235847,-19.));
#2014=CARTESIAN_POINT('Ctrl Pts',(167.455771131257,11.7,-18.8881296542274));
#2015=CARTESIAN_POINT('Ctrl Pts',(167.455771131257,15.8338205801675,-18.8881296542274));
#2016=CARTESIAN_POINT('Ctrl Pts',(167.707062403094,24.0771338487441,-18.8881296542274));
#2017=CARTESIAN_POINT('Ctrl Pts',(169.114758780785,37.7297696028652,-18.8881296542274));
#2018=CARTESIAN_POINT('Ctrl Pts',(172.277179895539,52.4409922162379,-18.8881296542274));
#2019=CARTESIAN_POINT('Ctrl Pts',(176.22518623093,62.5827926673093,-18.8881296542274));
#2020=CARTESIAN_POINT('Ctrl Pts',(178.617651149985,67.4547379467292,-18.8881296542274));
#2021=CARTESIAN_POINT('Ctrl Pts',(168.933524714639,11.7,-18.665633969951));
#2022=CARTESIAN_POINT('Ctrl Pts',(168.933524714639,15.8032986994172,-18.665633969951));
#2023=CARTESIAN_POINT('Ctrl Pts',(169.183057426701,23.9830765958347,-18.665633969951));
#2024=CARTESIAN_POINT('Ctrl Pts',(170.577698328166,37.5019179756854,-18.665633969951));
#2025=CARTESIAN_POINT('Ctrl Pts',(173.700756019516,52.0213356784078,-18.665633969951));
#2026=CARTESIAN_POINT('Ctrl Pts',(177.588079095257,62.0056314093937,-18.665633969951));
#2027=CARTESIAN_POINT('Ctrl Pts',(179.94409837046,66.8033598503106,-18.665633969951));
#2028=CARTESIAN_POINT('Origin',(123.45,-1.60000000000172,-19.));
#2029=CARTESIAN_POINT('',(123.45,-1.60000000000171,-19.));
#2030=CARTESIAN_POINT('',(123.449999999999,11.6999999999983,-19.));
#2031=CARTESIAN_POINT('Ctrl Pts',(123.449999999999,11.6999999999983,-19.));
#2032=CARTESIAN_POINT('Ctrl Pts',(123.449999999999,11.6999999999983,-12.));
#2033=CARTESIAN_POINT('Ctrl Pts',(123.449999999998,14.0342073067776,-19.));
#2034=CARTESIAN_POINT('Ctrl Pts',(123.449999999998,14.0342073067776,-12.));
#2035=CARTESIAN_POINT('Ctrl Pts',(123.424480240208,16.5457264577169,-19.));
#2036=CARTESIAN_POINT('Ctrl Pts',(123.424480240208,16.5457264577169,-12.));
#2037=CARTESIAN_POINT('Ctrl Pts',(123.347834705614,18.9161536244441,-19.));
#2038=CARTESIAN_POINT('Ctrl Pts',(123.347834705614,18.9161536244441,-12.));
#2039=CARTESIAN_POINT('Ctrl Pts',(123.282570978888,20.9345740275782,-19.));
#2040=CARTESIAN_POINT('Ctrl Pts',(123.282570978888,20.9345740275782,-12.));
#2041=CARTESIAN_POINT('Ctrl Pts',(123.177013605246,22.9730386186266,-19.));
#2042=CARTESIAN_POINT('Ctrl Pts',(123.177013605246,22.9730386186266,-12.));
#2043=CARTESIAN_POINT('Ctrl Pts',(122.999566296596,25.0086840735973,-19.));
#2044=CARTESIAN_POINT('Ctrl Pts',(122.999566296596,25.0086840735973,-12.));
#2045=CARTESIAN_POINT('',(122.999566296596,25.0086840735973,-19.));
#2046=CARTESIAN_POINT('Ctrl Pts',(122.999566296596,25.0086840735974,-19.));
#2047=CARTESIAN_POINT('Ctrl Pts',(122.999566296596,25.0086840735974,-12.));
#2048=CARTESIAN_POINT('Ctrl Pts',(122.625962306056,29.2946057429114,-19.));
#2049=CARTESIAN_POINT('Ctrl Pts',(122.625962306056,29.2946057429114,-12.));
#2050=CARTESIAN_POINT('Ctrl Pts',(121.992599386084,32.946075310893,-19.));
#2051=CARTESIAN_POINT('Ctrl Pts',(121.992599386084,32.946075310893,-12.));
#2052=CARTESIAN_POINT('Ctrl Pts',(121.042462590492,37.4207704826251,-19.));
#2053=CARTESIAN_POINT('Ctrl Pts',(121.042462590492,37.4207704826251,-12.));
#2054=CARTESIAN_POINT('',(121.042462590492,37.4207704826251,-19.));
#2055=CARTESIAN_POINT('Ctrl Pts',(121.042462590492,37.4207704826251,-19.));
#2056=CARTESIAN_POINT('Ctrl Pts',(121.042462590492,37.4207704826251,-12.));
#2057=CARTESIAN_POINT('Ctrl Pts',(119.739239346403,43.5583359206438,-19.));
#2058=CARTESIAN_POINT('Ctrl Pts',(119.739239346403,43.5583359206438,-12.));
#2059=CARTESIAN_POINT('Ctrl Pts',(118.093297858827,50.0327048661977,-19.));
#2060=CARTESIAN_POINT('Ctrl Pts',(118.093297858827,50.0327048661977,-12.));
#2061=CARTESIAN_POINT('Ctrl Pts',(116.897622733456,57.5855777312655,-19.));
#2062=CARTESIAN_POINT('Ctrl Pts',(116.897622733456,57.5855777312655,-12.));
#2063=CARTESIAN_POINT('Ctrl Pts',(116.277502903638,61.5027673895089,-19.));
#2064=CARTESIAN_POINT('Ctrl Pts',(116.277502903638,61.5027673895089,-12.));
#2065=CARTESIAN_POINT('Ctrl Pts',(115.804806748447,65.5262021891903,-19.));
#2066=CARTESIAN_POINT('Ctrl Pts',(115.804806748447,65.5262021891903,-12.));
#2067=CARTESIAN_POINT('Ctrl Pts',(115.478733591676,70.1586754241751,-19.));
#2068=CARTESIAN_POINT('Ctrl Pts',(115.478733591676,70.1586754241751,-12.));
#2069=CARTESIAN_POINT('Ctrl Pts',(170.021266408317,70.1586754241751,-19.));
#2070=CARTESIAN_POINT('Ctrl Pts',(170.021266408317,70.1586754241751,-12.));
#2071=CARTESIAN_POINT('Ctrl Pts',(169.695193251544,65.526202189145,-19.));
#2072=CARTESIAN_POINT('Ctrl Pts',(169.695193251544,65.526202189145,-12.));
#2073=CARTESIAN_POINT('Ctrl Pts',(169.222497096351,61.5027673894757,-19.));
#2074=CARTESIAN_POINT('Ctrl Pts',(169.222497096351,61.5027673894757,-12.));
#2075=CARTESIAN_POINT('Ctrl Pts',(168.602377266538,57.5855777312667,-19.));
#2076=CARTESIAN_POINT('Ctrl Pts',(168.602377266538,57.5855777312667,-12.));
#2077=CARTESIAN_POINT('Ctrl Pts',(167.406702141166,50.0327048661875,-19.));
#2078=CARTESIAN_POINT('Ctrl Pts',(167.406702141166,50.0327048661875,-12.));
#2079=CARTESIAN_POINT('Ctrl Pts',(165.760760653593,43.5583359206433,-19.));
#2080=CARTESIAN_POINT('Ctrl Pts',(165.760760653593,43.5583359206433,-12.));
#2081=CARTESIAN_POINT('Ctrl Pts',(164.457537409504,37.4207704826251,-19.));
#2082=CARTESIAN_POINT('Ctrl Pts',(164.457537409504,37.4207704826251,-12.));
#2083=CARTESIAN_POINT('',(164.457537409504,37.4207704826251,-19.));
#2084=CARTESIAN_POINT('Ctrl Pts',(164.457537409504,37.4207704826251,-19.));
#2085=CARTESIAN_POINT('Ctrl Pts',(164.457537409504,37.4207704826251,-12.));
#2086=CARTESIAN_POINT('Ctrl Pts',(163.507400613915,32.9460753109053,-19.));
#2087=CARTESIAN_POINT('Ctrl Pts',(163.507400613915,32.9460753109053,-12.));
#2088=CARTESIAN_POINT('Ctrl Pts',(162.874037693942,29.2946057429171,-19.));
#2089=CARTESIAN_POINT('Ctrl Pts',(162.874037693942,29.2946057429171,-12.));
#2090=CARTESIAN_POINT('Ctrl Pts',(162.500433703402,25.0086840735992,-19.));
#2091=CARTESIAN_POINT('Ctrl Pts',(162.500433703402,25.0086840735992,-12.));
#2092=CARTESIAN_POINT('',(162.500433703402,25.0086840735992,-19.));
#2093=CARTESIAN_POINT('Ctrl Pts',(162.500433703402,25.008684073599,-19.));
#2094=CARTESIAN_POINT('Ctrl Pts',(162.500433703402,25.008684073599,-12.));
#2095=CARTESIAN_POINT('Ctrl Pts',(162.322986394752,22.9730386186299,-19.));
#2096=CARTESIAN_POINT('Ctrl Pts',(162.322986394752,22.9730386186299,-12.));
#2097=CARTESIAN_POINT('Ctrl Pts',(162.217429021109,20.9345740275643,-19.));
#2098=CARTESIAN_POINT('Ctrl Pts',(162.217429021109,20.9345740275643,-12.));
#2099=CARTESIAN_POINT('Ctrl Pts',(162.152165294384,18.9161536244458,-19.));
#2100=CARTESIAN_POINT('Ctrl Pts',(162.152165294384,18.9161536244458,-12.));
#2101=CARTESIAN_POINT('Ctrl Pts',(162.075519759791,16.5457264577496,-19.));
#2102=CARTESIAN_POINT('Ctrl Pts',(162.075519759791,16.5457264577496,-12.));
#2103=CARTESIAN_POINT('Ctrl Pts',(162.05,14.0342073068404,-19.));
#2104=CARTESIAN_POINT('Ctrl Pts',(162.05,14.0342073068404,-12.));
#2105=CARTESIAN_POINT('Ctrl Pts',(162.05,11.7,-19.));
#2106=CARTESIAN_POINT('Ctrl Pts',(162.05,11.7,-12.));
#2107=CARTESIAN_POINT('',(162.05,11.7,-19.));
#2108=CARTESIAN_POINT('Origin',(162.05,11.7,-19.));
#2109=CARTESIAN_POINT('',(162.05,-1.59999999999828,-19.));
#2110=CARTESIAN_POINT('Origin',(91.3499999999998,-1.60000000000456,-19.));
#2111=UNCERTAINTY_MEASURE_WITH_UNIT(LENGTH_MEASURE(0.01),#2115,
'DISTANCE_ACCURACY_VALUE',
'Maximum model space distance between geometric entities at asserted c
onnectivities');
#2112=UNCERTAINTY_MEASURE_WITH_UNIT(LENGTH_MEASURE(0.01),#2115,
'DISTANCE_ACCURACY_VALUE',
'Maximum model space distance between geometric entities at asserted c
onnectivities');
#2113=(
GEOMETRIC_REPRESENTATION_CONTEXT(3)
GLOBAL_UNCERTAINTY_ASSIGNED_CONTEXT((#2111))
GLOBAL_UNIT_ASSIGNED_CONTEXT((#2115,#2117,#2118))
REPRESENTATION_CONTEXT('','3D')
);
#2114=(
GEOMETRIC_REPRESENTATION_CONTEXT(3)
GLOBAL_UNCERTAINTY_ASSIGNED_CONTEXT((#2112))
GLOBAL_UNIT_ASSIGNED_CONTEXT((#2115,#2117,#2118))
REPRESENTATION_CONTEXT('','3D')
);
#2115=(
LENGTH_UNIT()
NAMED_UNIT(*)
SI_UNIT(.MILLI.,.METRE.)
);
#2116=(
LENGTH_UNIT()
NAMED_UNIT(*)
SI_UNIT($,.METRE.)
);
#2117=(
NAMED_UNIT(*)
PLANE_ANGLE_UNIT()
SI_UNIT($,.RADIAN.)
);
#2118=(
NAMED_UNIT(*)
SI_UNIT($,.STERADIAN.)
SOLID_ANGLE_UNIT()
);
#2119=SHAPE_DEFINITION_REPRESENTATION(#2120,#2121);
#2120=PRODUCT_DEFINITION_SHAPE('',$,#2123);
#2121=SHAPE_REPRESENTATION('',(#896),#2113);
#2122=PRODUCT_DEFINITION_CONTEXT('part definition',#2127,'design');
#2123=PRODUCT_DEFINITION('Base Cover','Base Cover',#2124,#2122);
#2124=PRODUCT_DEFINITION_FORMATION('',$,#2129);
#2125=PRODUCT_RELATED_PRODUCT_CATEGORY('Base Cover','Base Cover',(#2129));
#2126=APPLICATION_PROTOCOL_DEFINITION('international standard',
'automotive_design',2009,#2127);
#2127=APPLICATION_CONTEXT(
'Core Data for Automotive Mechanical Design Process');
#2128=PRODUCT_CONTEXT('part definition',#2127,'mechanical');
#2129=PRODUCT('Base Cover','Base Cover',$,(#2128));
#2130=PRESENTATION_STYLE_ASSIGNMENT((#2131));
#2131=SURFACE_STYLE_USAGE(.BOTH.,#2132);
#2132=SURFACE_SIDE_STYLE('',(#2133));
#2133=SURFACE_STYLE_FILL_AREA(#2134);
#2134=FILL_AREA_STYLE('Steel - Satin',(#2135));
#2135=FILL_AREA_STYLE_COLOUR('Steel - Satin',#2136);
#2136=COLOUR_RGB('Steel - Satin',0.627450980392157,0.627450980392157,0.627450980392157);
ENDSEC;
END-ISO-10303-21;
